stain_label,calcium_label,overlap_px,frac_stain,stain_area,calcium_area,calcium AUC,calcium response time,calcium_auc_w1,calcium_auc_w2,calcium_auc_w3,calcium_auc_norm_w1,calcium_auc_norm_w2,calcium_auc_norm_w3,calcium_active_time_w1,calcium_active_time_w2,calcium_active_time_w3,calcium_response_time_w1,calcium_response_time_w2,calcium_response_time_w3,calcium_auc_w2_w3,calcium_auc_norm_w2_w3,calcium_AUC_norm,calcium_baseline_F0,calcium_baseline_mean_dff,calcium_baseline_sd_dff,cell_area,O4_prop,O4_mfi_norm,PDGFRa_prop,PDGFRa_mfi_norm,MBP_prop,MBP_mfi_norm
470,362,5650,0.9612112963593059,5878,8052,42.998350582201965,0.16981132075471697,0.990273229428567,3.449345414759591,39.549005167442374,0.014562841609243633,0.06633356566845368,0.5492917384366997,68.0,52.0,72.0,0.0,0.16981132075471697,0.4383561643835616,42.998350582201965,0.34676089179195135,0.34676089179195135,951.108642578125,0.0029021394439041615,0.0319264680147171,5458,0.0,1.4434788819888207,0.0,0.8279770064364999,1.0,2.9202848179122443
431,334,5561,0.8583114678191078,6479,6272,31.376950034871697,0.46296296296296297,0.8340591699816287,6.76234504301101,24.614604991860688,0.012265576029141597,0.12759141590586812,0.3418695137758429,68.0,53.0,72.0,0.0,0.46296296296296297,0.6986301369863014,31.376950034871697,0.25101560027897357,0.25101560027897357,2185.077880859375,-0.0007043317309580743,0.01944791153073311,30,1.0,1.5084858728026913,0.0,0.8480368072247201,0.0,1.152139405370181
571,421,4551,1.0,4551,7127,152.16291761398315,0.9622641509433962,3.9244921933859587,26.205596804618835,125.95732080936432,0.05771312049096998,0.5039537847042084,1.7494072334633932,68.0,52.0,72.0,0.0,0.9622641509433962,1.0,152.16291761398315,1.2271203033385738,1.2271203033385738,952.6903076171875,-0.0019108543638139963,0.02550273761153221,5763,0.9167100468505986,1.6364590815239333,0.4023945861530453,1.5433740617429887,0.11417664410897102,1.4156740298128114
276,216,4527,0.8923713778829095,5073,8586,247.2531281709671,1.0,3.0816191844642162,83.63542354106903,163.61770462989807,0.0453179291832973,1.5780268592654534,2.2724681198596954,68.0,53.0,72.0,0.0,1.0,1.0,247.2531281709671,1.9780250253677367,1.9780250253677367,1477.36083984375,-0.0050482056103646755,0.02606048434972763,4915,0.7953204476093592,1.6268703491739198,0.19552390640895217,1.2215301221822148,0.45717192268565615,1.9653534297890778
362,293,4240,0.9120240912024091,4649,5510,160.01495176553726,0.6851851851851852,0.950572028523311,57.28884673118591,102.72610503435135,0.013979000419460456,1.08092163643747,1.4267514588104353,68.0,53.0,72.0,0.0,0.6851851851851852,0.8356164383561644,160.01495176553726,1.280119614124298,1.280119614124298,1667.753173828125,-0.03750722110271454,0.17266705632209778,6276,0.8881453154875717,1.5698786265461058,0.25334608030592737,1.3135244128418813,0.7989165073295093,2.6248006141276896
577,431,3963,0.9222713521061205,4297,5818,97.75241491221823,0.3018867924528302,3.2464191805338487,5.22913333796896,92.52328157424927,0.04774145853726248,0.10056025649940309,1.2850455774201288,68.0,52.0,72.0,0.014492753623188406,0.3018867924528302,1.0,97.75241491221823,0.7883259267114373,0.7883259267114373,1177.4384765625,0.0035129543393850327,0.0307843629270792,3,0.0,1.2528981793207525,1.0,1.5695716469724015,0.0,1.1336308239017296
283,218,3940,0.7850169356445507,5019,5247,153.2386909723282,1.0,0.18611612607492134,50.77165800333023,102.46703296899796,0.0027370018540429607,0.9579558113835892,1.4231532356805272,68.0,53.0,72.0,0.0,1.0,1.0,153.2386909723282,1.2259095277786254,1.2259095277786254,1987.932373046875,0.0006070495001040399,0.02530554123222828,3733,0.9560675060273238,1.5534116242844596,0.0,0.7332938178681118,0.18965979105277256,1.5420370902150862
234,171,3938,0.8687403485550408,4533,9791,102.22782906889915,1.0,0.03635072527686134,28.008573323488235,74.21925574541092,0.000542548138460617,0.5284636476129856,1.0308229964640405,67.0,53.0,72.0,0.0,1.0,1.0,102.22782906889915,0.8178226325511933,0.8178226325511933,1723.850341796875,-0.0029220145661383867,0.01688622310757637,5244,0.5688405797101449,1.3382641920141107,0.7360793287566743,1.9697928831589406,0.0,1.1049411965806
232,175,3920,1.0,3920,7894,157.81599032878876,1.0,0.03374359000008553,50.816190004348755,106.99980032444,0.0005036356716430677,0.958796037817901,1.4861083378394444,67.0,53.0,72.0,0.0,1.0,1.0,157.81599032878876,1.26252792263031,1.26252792263031,1414.237060546875,0.009710989892482758,0.04626573622226715,3726,1.0,1.832677899363184,0.0,0.8718992780756495,0.0,1.1576942438293107
525,405,3520,0.9086215797625193,3874,4744,7.153342877107207,0.0,0.0254425969615113,0.6416423299233429,6.511700547183864,0.0003741558376692838,0.012339275575448902,0.09044028537755366,68.0,52.0,72.0,0.0,0.0,0.0547945205479452,7.153342877107207,0.057688249008929084,0.057688249008929084,2166.3349609375,0.0006054043769836426,0.035520829260349274,0,0.0,,0.0,,0.0,
136,95,3440,0.9489655172413793,3625,7316,233.9694585800171,1.0,0.04017787981138099,72.38407230377197,161.58538627624512,0.0005908511736967793,1.3920013904571533,2.24424147605896,68.0,52.0,72.0,0.0,1.0,1.0,233.9694585800171,1.8868504724194926,1.8868504724194926,1058.736328125,-0.0018790359608829021,0.029917322099208832,4389,1.0,1.6580221386316314,0.0,1.0040691892893439,0.0,1.405015695725447
191,154,3286,0.8268746854554605,3974,6661,155.2963451743126,1.0,0.13276014756411314,56.05959361791611,99.23675155639648,0.0019814947397628828,1.0780691080368483,1.3782882160610623,67.0,52.0,72.0,0.0,1.0,1.0,155.2963451743126,1.2523898804380047,1.2523898804380047,1245.68359375,8.425364649156108e-05,0.03442588075995445,6288,0.8652989821882952,1.7320288750833446,0.44179389312977096,1.732279979575401,0.2274173027989822,1.5581679139099276
474,361,3228,0.807,4000,5341,261.7354460954666,1.0,0.4546868480392732,98.39025557041168,163.34519052505493,0.006686571294695194,1.8921202994309938,2.268683201736874,68.0,52.0,72.0,0.0,1.0,1.0,261.7354460954666,2.110769726576344,2.110769726576344,1173.152587890625,-0.002356181154027581,0.022522374987602234,4642,0.9155536406721241,1.730096249161672,0.35458853942266266,2.166868686583263,0.0008616975441619991,1.1837787635094887
415,319,3157,0.9171993027309704,3442,6542,25.475054882466793,0.5,2.7101562882307917,6.440283961594105,19.03477092087269,0.03985523953280576,0.12151479172819066,0.264371818345454,68.0,53.0,72.0,0.014492753623188406,0.5,1.0,25.475054882466793,0.20380043905973436,0.20380043905973436,2973.87841796875,-0.0022817160934209824,0.025094162672758102,0,0.0,,0.0,,0.0,
508,402,3149,0.7600772387159064,4143,3616,73.69903829693794,0.9433962264150944,0.29328135575633496,13.40933445096016,60.28970384597778,0.0043129611140637495,0.2578718163646184,0.8373569978608025,68.0,52.0,72.0,0.0,0.9433962264150944,1.0,73.69903829693794,0.5943470830398221,0.5943470830398221,1848.193359375,-0.001063668169081211,0.020605823025107384,4549,0.7542316992745658,1.51445765755178,0.0,0.7799484098808912,0.6827874258078699,2.537852642614223
38,16,3100,0.9974259974259975,3108,9816,68.50921772420406,0.9811320754716981,0.15648299467284232,27.538946762681007,40.970270961523056,0.0023012205098947402,0.5295951300515578,0.5770460698806065,68.0,52.0,71.0,0.0,0.9811320754716981,1.0,68.50921772420406,0.5569855099528785,0.5569855099528785,1829.01953125,0.0032235938124358654,0.020863443613052368,4904,0.8955954323001631,1.554529967035549,0.0,0.792017272447303,0.4176182707993475,2.006753968020464
112,74,3070,1.0,3070,6988,206.5561037659645,1.0,0.8451526862918399,63.17586416006088,143.38023960590363,0.01242871597488,1.2149204646165555,1.9913922167486615,68.0,52.0,72.0,0.014492753623188406,1.0,1.0,206.5561037659645,1.6657750303706815,1.6657750303706815,2049.269287109375,-0.004473542794585228,0.014953277073800564,5315,0.9952963311382879,2.0378942919827154,0.1213546566321731,1.1402337681493402,0.0,1.2963173507192531
229,180,3068,0.956359102244389,3208,3906,112.49862229824066,0.9814814814814815,0.16275035368744284,40.67166215181351,71.82696014642715,0.0024291097565289975,0.7673898519210096,0.9975966687003771,67.0,53.0,72.0,0.0,0.9814814814814815,1.0,112.49862229824066,0.8999889783859253,0.8999889783859253,2129.32763671875,0.006086327135562897,0.02989828772842884,4766,0.8950902224087285,1.961321560767482,0.5174150230801511,2.2330075120504773,0.4911875786823332,2.144488128930615
78,55,3062,0.7875514403292181,3888,3882,196.66007016599178,0.9811320754716981,0.15966894256416708,65.81655083596706,130.84351933002472,0.0023480726847671628,1.2657029006916742,1.817271101805899,68.0,52.0,72.0,0.0,0.9811320754716981,1.0,196.66007016599178,1.5859683077902562,1.5859683077902562,1642.6146240234375,0.0014665002236142755,0.021370086818933487,983,1.0,1.5992276452665752,0.0,1.1774354703249534,0.0,1.2174923297378104
528,407,3042,0.9790794979079498,3107,4180,174.43434989452362,1.0,1.923790356668178,54.025507748126984,120.40884214639664,0.02829103465688497,1.038952072079365,1.6723450298110645,68.0,52.0,72.0,0.0,1.0,1.0,174.43434989452362,1.406728628181642,1.406728628181642,1409.6978759765625,0.0007372903055511415,0.03277262672781944,510,0.0,1.184353639849608,0.8392156862745098,2.694413104721582,0.1607843137254902,1.4222098124516893
354,291,3024,0.9521410579345088,3176,4555,207.62656301259995,1.0,0.46800713962875307,65.54145604372025,142.0851069688797,0.006882457935716957,1.2366312461079292,1.9734042634566624,68.0,53.0,72.0,0.0,1.0,1.0,207.62656301259995,1.6610125041007995,1.6610125041007995,1120.7105712890625,0.00335040595382452,0.019400082528591156,4084,0.7850146914789422,1.4937134877859441,0.0,0.9855810478235003,0.3785504407443683,1.936113919261515
109,79,3001,0.9986688851913478,3005,5096,172.5672305226326,1.0,1.378596862195991,62.999139070510864,109.56809145212173,0.020273483267588103,1.211521905202132,1.5217790479461353,68.0,52.0,72.0,0.0,1.0,1.0,172.5672305226326,1.3916712138921983,1.3916712138921983,1395.8289794921875,0.0016568141290917993,0.0307733453810215,1932,1.0,1.7091038060037222,0.0,0.9874450893858311,0.0,1.4489806552935587
238,183,2987,0.9861340376361836,3029,4754,157.53864160180092,1.0,0.05819913372397423,63.58976557850838,93.94887602329254,0.0008686437869249885,1.1998068977077052,1.3048455003235075,67.0,53.0,72.0,0.0,1.0,1.0,157.53864160180092,1.2603091328144074,1.2603091328144074,1660.1116943359375,-0.0019529201090335846,0.025951026007533073,0,0.0,,0.0,,0.0,
128,91,2985,0.9479199745951096,3149,5913,77.56369901733706,0.8867924528301887,0.5498954267241061,37.736560210585594,39.827138806751464,0.00808669745182509,0.7257030809727999,0.5531547056493259,68.0,52.0,72.0,0.0,0.8867924528301887,0.6027397260273972,77.56369901733706,0.6255137017527183,0.6255137017527183,1011.4041748046875,-0.0003197818296030164,0.026347046718001366,4432,0.8693592057761733,1.6103279522061906,0.11755415162454874,1.0477101832735416,0.4891696750902527,2.4055281113536844
437,337,2961,1.0,2961,5250,126.60524573922157,0.9814814814814815,2.4509806054411456,30.126357585191727,96.47888815402985,0.03604383243295802,0.5684218412300326,1.339984557694859,68.0,53.0,72.0,0.014492753623188406,0.9814814814814815,1.0,126.60524573922157,1.0128419659137726,1.0128419659137726,1729.1226806640625,-0.0011801227228716016,0.022034091874957085,2010,0.0,1.3117888038294168,1.0,3.180203682780211,0.0,1.3224359364135994
489,374,2945,0.9889187374076561,2978,6505,119.05087965726852,1.0,0.35422258308244636,41.8798623085022,77.17101734876633,0.005209155633565388,0.8053819674711961,1.0718196853995323,68.0,52.0,72.0,0.0,1.0,1.0,119.05087965726852,0.9600877391715203,0.9600877391715203,1341.06005859375,-0.0024731506127864122,0.024602225050330162,1980,0.1787878787878788,1.3547740632286538,0.8646464646464647,2.2739906667167644,0.0,1.2956448428101366
350,284,2944,0.8545718432510885,3445,3384,221.51727199554443,1.0,0.44339342921739444,78.76562488079071,142.75164711475372,0.006520491606138153,1.4861438656752963,1.9826617654826906,68.0,53.0,72.0,0.0,1.0,1.0,221.51727199554443,1.7721381759643555,1.7721381759643555,1964.586181640625,0.0010228969622403383,0.02193894051015377,4938,0.841028756581612,1.4092212144244152,0.3576346699068449,1.5843385136865349,0.0,1.1495863947579041
96,56,2923,0.8660740740740741,3375,8823,130.9906648993492,1.0,0.4129881168482825,47.88724738359451,83.1034175157547,0.006073354659533566,0.9209086035306637,1.1542141321632597,68.0,52.0,72.0,0.0,1.0,1.0,130.9906648993492,1.0563763298334614,1.0563763298334614,1093.514404296875,-0.0005198101280257106,0.02391253039240837,3313,0.2873528523996378,1.2265464116450724,0.8210081497132509,2.2658309690248575,0.557802595834591,2.300763166790684
51,22,2913,1.0,2913,10702,208.8404494524002,1.0,3.8908445679116994,72.95874750614166,135.88170194625854,0.057218302469289696,1.4030528366565704,1.887245860364702,68.0,52.0,72.0,0.14492753623188406,1.0,0.9863013698630136,208.8404494524002,1.6841971730032275,1.6841971730032275,987.1861572265625,-0.001996413804590702,0.018352096900343895,4437,0.9594320486815415,1.7771028950548233,0.1663286004056795,1.148689742867005,0.0,1.3582220719595928
120,75,2911,0.9908100748808714,2938,7955,155.5000554919243,1.0,1.0517455345834605,56.58172827959061,98.91832721233368,0.015466846096815597,1.0881101592228963,1.3738656557268567,68.0,52.0,72.0,0.0,1.0,1.0,155.5000554919243,1.2540327055800347,1.2540327055800347,994.5224609375,0.0023165459278970957,0.029386501759290695,4596,0.8261531766753699,1.9910763344904348,0.4355961705831157,1.711175726773373,0.0,1.0994574836912068
76,39,2904,0.9887640449438202,2937,8978,192.50400453805923,1.0,0.039107722230255604,63.00304454565048,129.50095999240875,0.0005751135622096412,1.2115970104932785,1.7986244443390105,68.0,52.0,72.0,0.0,1.0,1.0,192.50400453805923,1.5524516495004776,1.5524516495004776,1310.567138671875,0.002529824385419488,0.026990266516804695,4643,1.0,1.6966156627550826,0.0,1.2936692605524822,0.0,1.2246306182847535
125,100,2821,0.8108651911468813,3479,3325,186.8581888973713,1.0,1.5544400288490579,86.18171006441116,100.67647883296013,0.022859412188956735,1.6573405781617532,1.3982844282355573,68.0,52.0,72.0,0.0,1.0,1.0,186.8581888973713,1.5069208782046073,1.5069208782046073,1498.537841796875,0.008510655723512173,0.033847227692604065,4433,0.8278817956237311,1.634798840075948,0.036769681930972256,1.286710804468978,0.49447326866681707,2.11448795533034
259,204,2816,0.9643835616438357,2920,3971,1.6351504104677588,0.0,0.3930663976352662,0.21020861738361418,1.4249417930841446,0.00578038820051862,0.00396620032799272,0.019790858237279788,68.0,53.0,72.0,0.0,0.0,0.0958904109589041,1.6351504104677588,0.01308120328374207,0.01308120328374207,1453.1630859375,-0.006947673857212067,0.026253076270222664,623,0.0,1.234170568901293,1.0,1.869670178966597,0.0,1.4129693902085685
604,457,2767,0.9974765681326604,2774,4549,108.77929749526083,0.24528301886792453,0.0644140993244946,3.626801872625947,105.15249562263489,0.0009472661665366853,0.06974618985819128,1.4604513280921512,68.0,52.0,72.0,0.0,0.24528301886792453,1.0,108.77929749526083,0.8772523991553293,0.8772523991553293,1620.8270263671875,-0.0012343942653387785,0.022129284217953682,1220,0.018032786885245903,1.6756760370226857,0.9819672131147541,2.8375566700743864,0.0,1.3089357763862268
133,89,2743,1.0,2743,9922,118.64991772174835,1.0,1.0385865320567973,38.829280853271484,79.82063686847687,0.015273331353776431,0.74671693948599,1.1086199565066233,68.0,52.0,72.0,0.0,1.0,1.0,118.64991772174835,0.95685417517539,0.95685417517539,1464.9248046875,0.004350254312157631,0.020041540265083313,3136,0.8252551020408163,1.482731970321132,0.6619897959183674,1.8291823245977272,0.08131377551020408,1.3383422072190316
653,501,2732,0.8734015345268542,3128,3609,212.50066578388214,1.0,0.3452724495436996,54.490846991539,158.00981879234314,0.005077536022701465,1.0479009036834424,2.1945808165603213,68.0,52.0,72.0,0.0,1.0,1.0,212.50066578388214,1.7137150466442108,1.7137150466442108,1902.0194091796875,0.005555920768529177,0.018426183611154556,4090,0.8679706601466992,1.6196004315457664,0.3078239608801956,1.376636278659609,0.11809290953545232,1.4171383076922652
68,45,2719,0.9700321084552266,2803,4885,196.04557180404663,1.0,1.5012622826134248,64.98717308044434,131.0583987236023,0.02207738650902095,1.2497533284700835,1.8202555378278096,68.0,52.0,72.0,0.0,1.0,1.0,196.04557180404663,1.5810126758390857,1.5810126758390857,1252.243896484375,0.002814917592331767,0.028256477788090706,3056,1.0,1.5851180036713204,0.0,1.2822318274732758,0.0,1.0997240561859507
139,106,2714,0.8811688311688312,3080,4385,0.3069125168258324,0.0,0.06832372676581144,0.17879286454990506,0.12811965227592736,0.0010047606877325213,0.003438324318267405,0.0017794396149434356,68.0,52.0,72.0,0.0,0.0,0.0,0.3069125168258324,0.00247510094214381,0.00247510094214381,2919.049072265625,1.0125339031219482e-05,0.024454135447740555,4449,0.9665093279388627,1.962036833709025,0.14430209035738367,1.0459867136518084,0.3331085637221848,1.7679693172708608
634,473,2690,0.9771158735924446,2753,5815,298.07694935798645,1.0,2.1433494836091995,80.5182785987854,217.55867075920105,0.03151984534719411,1.548428434592027,3.0216482049889035,68.0,52.0,72.0,0.0,1.0,1.0,298.07694935798645,2.4038463657902134,2.4038463657902134,1248.92431640625,-8.079080726020038e-05,0.030538836494088173,2951,0.7949847509318875,2.2237261259568015,0.5177905794645883,1.9852591305878666,0.0,1.2089163727811414
46,25,2665,0.9173838209982789,2905,5874,114.67244148254395,1.0,0.033645158633589745,45.22469174861908,69.44774973392487,0.0004947817446116139,0.8697056105503669,0.9645520796378454,68.0,52.0,72.0,0.0,1.0,0.9863013698630136,114.67244148254395,0.9247777538914834,0.9247777538914834,1615.218994140625,-0.008126744069159031,0.027559099718928337,4714,0.8975392448027153,1.5161461049453726,0.00615188799321171,1.1393069880717006,0.5536699193890539,2.35899679182942
627,477,2665,0.9977536503182328,2671,5645,156.0584675371647,1.0,0.8122352322970983,47.467974573373795,108.5904929637909,0.011944635769074974,0.912845664872573,1.5082012911637623,68.0,52.0,72.0,0.0,1.0,1.0,156.0584675371647,1.2585360285255216,1.2585360285255216,2548.10107421875,0.0025743935257196426,0.01906500570476055,2634,0.04290053151100987,1.1580932484883613,0.7289293849658315,2.1515377866700005,0.5250569476082004,1.9728824920226642
457,353,2658,1.0,2658,7434,137.34035378694534,1.0,0.8633317914791405,31.336078703403473,106.00427508354187,0.012696055757046184,0.6026168981423745,1.472281598382526,68.0,52.0,72.0,0.0,1.0,1.0,137.34035378694534,1.1075834982818173,1.1075834982818173,733.2842407226562,0.0007951518055051565,0.02548942156136036,2681,0.0,1.013321568104819,1.0,3.8523022164911085,0.0,1.1315334607737138
219,168,2642,1.0,2642,4802,219.01932001113892,1.0,0.23472935403697193,79.37033021450043,139.6489897966385,0.0035034231945816705,1.5263525041250081,1.93956930273109,67.0,52.0,72.0,0.0,1.0,1.0,219.01932001113892,1.7662848387995074,1.7662848387995074,1658.398681640625,0.0029581929557025433,0.02874423936009407,3651,0.93700356066831,1.5839601017807337,0.3289509723363462,1.2873387080006247,0.0,1.176004597124509
514,386,2630,1.0,2630,7950,211.14620620012283,1.0,1.1081367785809562,69.6921209692955,141.45408523082733,0.01629612909677877,1.340233095563375,1.9646400726503797,68.0,52.0,72.0,0.0,1.0,1.0,211.14620620012283,1.7027919854848617,1.7027919854848617,1482.59228515625,0.0023657139390707016,0.01507581677287817,2373,0.26000842815002106,1.1789950349213831,0.3080488832701222,1.6189485600624485,0.584070796460177,1.8983240186091186
271,214,2628,0.9935727788279773,2645,6195,233.57617342472076,1.0,0.2623439579620026,79.34847617149353,154.22769725322723,0.003857999381794156,1.4971410598395005,2.1420513507392673,68.0,53.0,72.0,0.0,1.0,1.0,233.57617342472076,1.868609387397766,1.868609387397766,1114.65234375,-0.0020669533405452967,0.021993320435285568,1743,0.13138267355134825,1.3500811337323668,0.9047619047619048,2.85007068121857,0.0,1.1578483814921658
22,9,2626,0.7957575757575758,3300,3576,240.5086898803711,1.0,0.16161216178443283,92.15477657318115,148.35391330718994,0.0023766494380063653,1.7722072417919452,2.089491736720985,68.0,52.0,71.0,0.0,1.0,1.0,240.5086898803711,1.9553552022794398,1.9553552022794398,1704.773193359375,0.003352662082761526,0.030941272154450417,5118,0.9269245799140289,1.63563797258377,0.0,0.7441936035830572,0.35971082454083625,2.1677406468093396
449,350,2620,0.8244178728760226,3178,4212,127.08835345506668,1.0,0.011319329438265413,42.75411516427994,84.33423829078674,0.0001664607270333149,0.8221945223899988,1.1713088651498158,68.0,52.0,72.0,0.0,1.0,1.0,127.08835345506668,1.0249060762505378,1.0249060762505378,2164.38525390625,-0.0014899726957082748,0.031781621277332306,4475,0.2111731843575419,1.264469343350905,0.9535195530726257,3.954974469283106,0.0,1.2565294111329315
537,411,2593,0.8143844221105527,3184,3825,145.15483075380325,1.0,1.4146374888950959,35.80731397867203,109.34751677513123,0.02080349248375141,0.688602191897539,1.5187155107657115,68.0,52.0,72.0,0.0,1.0,1.0,145.15483075380325,1.170603473820994,1.170603473820994,1910.3482666015625,-0.0028778156265616417,0.021022077649831772,3225,0.6604651162790698,1.5434942280048742,0.5708527131782946,2.603052095545699,0.0,1.263121082434686
342,272,2584,0.9934640522875817,2601,6217,137.40799668431282,1.0,0.06854592057061382,44.31800201535225,93.08999466896057,0.0010080282436854974,0.8361887172707971,1.2929165926244524,68.0,53.0,72.0,0.0,1.0,1.0,137.40799668431282,1.0992639734745027,1.0992639734745027,935.55322265625,-0.0032610248308628798,0.030361467972397804,3348,0.6813022700119474,1.54693616874066,0.0,0.8649051130388928,0.5277777777777778,2.0203694054243875
467,354,2584,1.0,2584,9117,163.06652569770813,1.0,1.970518558518961,53.92202532291412,109.144500374794,0.028978214095867073,1.0369620254406562,1.5158958385388057,68.0,52.0,72.0,0.13043478260869565,1.0,1.0,163.06652569770813,1.3150526265944205,1.3150526265944205,1877.3314208984375,-0.003339834976941347,0.01263866014778614,1483,1.0,2.6206676249440544,0.0,1.4995944700548711,0.0,1.2541597310850776
268,212,2558,0.8838977194194886,2894,5094,28.454053949564695,0.5185185185185185,1.3730684091569856,12.126353722065687,16.327700227499008,0.02019218248760273,0.22879912683142806,0.22677361427081955,68.0,53.0,72.0,0.0,0.5185185185185185,0.4520547945205479,28.454053949564695,0.22763243159651755,0.22763243159651755,3963.6181640625,0.005598484072834253,0.01898576319217682,4806,0.8976279650436954,1.6571658489089693,0.0,0.9947831102856934,0.6444028297960882,3.106319258374225
131,105,2549,0.7360669939358937,3463,3458,179.93642604351044,1.0,0.47587449819548056,77.77596944570541,102.16045659780502,0.006998154385227655,1.4956917201097195,1.4188952305250697,68.0,52.0,72.0,0.0,1.0,1.0,179.93642604351044,1.45110021002831,1.45110021002831,2136.501953125,0.007560277823358774,0.034775182604789734,5976,0.9159973226238286,2.0117008873098383,0.3234605087014726,1.809665867571251,0.4646921017402945,2.0105184748453135
325,261,2534,0.9302496328928047,2724,4250,58.98679482936859,1.0,14.846835725009441,26.288476705551147,32.698318123817444,0.21833581948543296,0.49600899444436125,0.45414330727524227,68.0,53.0,72.0,0.7681159420289855,1.0,1.0,58.98679482936859,0.4718943586349487,0.4718943586349487,4082.29296875,0.00042615566053427756,0.02482675202190876,4201,0.9835753392049512,1.59094715252354,0.41847179243037375,1.4905012724600657,0.0,1.2829776838666542
58,36,2532,0.998422712933754,2536,8612,23.76034021936357,0.7924528301886793,0.027891452657058835,8.315924962982535,15.444415256381035,0.0004101684214273358,0.1599216339035103,0.2145057674497366,68.0,52.0,72.0,0.0,0.7924528301886793,1.0,23.76034021936357,0.19161564693035138,0.19161564693035138,2940.22265625,0.0007346452912315726,0.01069894339889288,2320,0.9849137931034483,1.5329857376355136,0.15948275862068967,1.1617632485431904,0.0,1.1772787362415122
290,227,2518,0.97900466562986,2572,9555,222.38163405656815,1.0,2.370331343729049,72.34008949995041,150.04154455661774,0.034857813878368366,1.364907349055668,2.083910341064135,68.0,53.0,72.0,0.0,1.0,1.0,222.38163405656815,1.779053072452545,1.779053072452545,1175.072021484375,0.001418624073266983,0.018394649028778076,4192,0.9928435114503816,1.855689003527901,0.17915076335877864,1.3344793324029074,0.0,1.0695421646044287
116,81,2512,0.8807854137447405,2852,3505,30.286169612780213,0.4528301886792453,0.0,12.74602527730167,17.540144335478544,0.0,0.24511587071733978,0.24361311577053535,68.0,52.0,72.0,0.0,0.4528301886792453,0.6164383561643836,30.286169612780213,0.2442433033288727,0.2442433033288727,2798.820556640625,-0.0010290065547451377,0.024029552936553955,3839,0.3524355300859599,1.2582167130294586,0.8921594165147174,3.7550941335983796,0.0,1.3673447366178717
188,156,2479,0.9461832061068702,2620,6004,161.6623604297638,1.0,0.02802659699227661,55.699572801589966,105.96278762817383,0.00041830741779517327,1.071145630799807,1.4717053837246366,67.0,52.0,72.0,0.0,1.0,1.0,161.6623604297638,1.3037287131432564,1.3037287131432564,1925.8046875,0.00201672432012856,0.02259078435599804,2248,0.0,1.5001558228518646,0.03558718861209965,1.2881618411051852,0.9968861209964412,3.0408955855069713
464,359,2466,0.9647887323943662,2556,4327,104.41008466482162,1.0,0.06494867394212633,33.56975319981575,70.84033146500587,0.0009551275579724461,0.6455721769195336,0.9838934925695261,68.0,52.0,72.0,0.0,1.0,1.0,104.41008466482162,0.8420168118130776,0.8420168118130776,1483.6864013671875,-0.00011209201329620555,0.020147986710071564,2907,0.7650498796009632,1.4336472165703102,0.0,1.0606127561663863,0.39903680770553834,1.8902531430972291
251,199,2453,1.0,2453,5323,258.16050386428833,1.0,1.205120635451749,77.35934591293335,180.80115795135498,0.017722362286055133,1.4596103002440255,2.5111271937688193,68.0,53.0,72.0,0.0,1.0,1.0,258.16050386428833,2.065284030914307,2.065284030914307,1555.9501953125,0.006095795426517725,0.02968941442668438,698,1.0,1.6329327704015246,0.0,0.7436546907512773,0.0,1.2546677264620631
41,19,2424,0.9547065773926743,2539,5413,162.54348361492157,0.9811320754716981,0.0,57.057248711586,105.48623490333557,0.0,1.0972547829151154,1.4857216183568391,68.0,52.0,71.0,0.0,0.9811320754716981,1.0,162.54348361492157,1.3214917367066794,1.3214917367066794,1835.68359375,0.006183498539030552,0.02172800712287426,3495,0.9974248927038627,1.4816726404415543,0.002575107296137339,1.2534931145220383,0.0,1.1493480022115352
267,217,2415,1.0,2415,4608,85.33040302991867,0.7407407407407407,0.014049451798200607,29.753255605697632,55.57714742422104,0.000206609585267656,0.561382181239578,0.7719048253364034,68.0,53.0,72.0,0.0,0.7407407407407407,0.958904109589041,85.33040302991867,0.6826432242393493,0.6826432242393493,1584.85595703125,0.0007232882780954242,0.041890308260917664,1909,0.5678365636458879,1.3351940239881246,0.0,0.7957632183070142,0.7207962283918282,2.4277083318813126
156,124,2388,0.8744049798608569,2731,5035,1.5174470146885142,0.0,0.8567803597543389,0.5157155095366761,1.001731505151838,0.012599711172857924,0.009917605952628387,0.013912937571553307,68.0,52.0,72.0,0.0,0.0,0.0,1.5174470146885142,0.012237475924907372,0.012237475924907372,3476.822265625,0.0047851065173745155,0.021033257246017456,1797,0.0,1.0466394517326911,1.0,2.9836537382693122,0.0,1.1359774664564997
207,166,2380,0.8342096039256922,2853,6982,93.57743546366692,0.9814814814814815,0.2207873851948534,32.89143040776253,60.68600505590439,0.003295334107385872,0.6205930265615571,0.8428611813320054,67.0,53.0,72.0,0.0,0.9814814814814815,1.0,93.57743546366692,0.7486194837093353,0.7486194837093353,2933.55810546875,-0.0015700091607868671,0.01906154677271843,0,0.0,,0.0,,0.0,
359,290,2361,0.9244322631166797,2554,3111,291.48890233039856,1.0,0.17165876179933548,99.11723160743713,192.37167072296143,0.0025243935558725804,1.8701364454233422,2.671828760041131,68.0,53.0,72.0,0.0,1.0,1.0,291.48890233039856,2.3319112186431883,2.3319112186431883,1896.968994140625,0.002002101857215166,0.037864651530981064,4307,0.5906663570931042,1.4474103875499018,0.724634316229394,1.94511788761127,0.0,1.1165985447228384
204,164,2345,0.7574289405684754,3096,2452,58.446355912834406,0.7358490566037735,0.03383572748862207,21.21275383606553,37.233602076768875,0.0005050108580391354,0.407937573770491,0.5171333621773455,67.0,52.0,72.0,0.0,0.7358490566037735,0.9726027397260274,58.446355912834406,0.47134157994221293,0.47134157994221293,2671.71484375,-0.004675876349210739,0.03199280425906181,4315,0.0,1.417334445152292,1.0,3.7941425235040698,0.0,1.2469744408973107
565,422,2342,1.0,2342,5696,199.44159507751465,1.0,0.4089651097165188,50.73062443733215,148.7109706401825,0.006014192789948806,0.9755889314871568,2.0654301477803125,68.0,52.0,72.0,0.0,1.0,1.0,199.44159507751465,1.6083999603025374,1.6083999603025374,1621.02294921875,0.0015919635770842433,0.014796246774494648,3178,0.7407174323473883,1.4640216516493925,0.5471994965387036,2.4987853167227323,0.003775959723096287,1.261702622849735
122,85,2321,0.9784991568296796,2372,5066,187.06062668561935,1.0,0.06448623724281788,74.90589213371277,112.15473455190659,0.0009483270182767335,1.4404979256483226,1.557704646554258,68.0,52.0,72.0,0.0,1.0,1.0,187.06062668561935,1.5085534410130592,1.5085534410130592,1450.61083984375,-0.0007312109228223562,0.03200500085949898,3594,0.843906510851419,1.671692632832543,0.0,1.0056483393650328,0.6672231496939344,2.128256314809242
481,364,2316,0.8492849284928493,2727,5591,155.2104588150978,1.0,0.5627515203232178,37.732342302799225,117.47811651229858,0.008275757651812028,0.7256219673615235,1.6316405071152582,68.0,52.0,72.0,0.0,1.0,1.0,155.2104588150978,1.2516972485088533,1.2516972485088533,1143.212890625,0.002832150086760521,0.02176596038043499,2337,0.7792041078305519,1.6150101538271036,0.44330338040222506,1.4802506730899698,0.0,2.1061491605040525
377,300,2312,0.9270248596631917,2494,3475,119.42399445176125,0.5,0.04312173629296012,43.535951763391495,75.88804268836975,0.0006341431807788253,0.8214330521394622,1.0540005928940244,68.0,53.0,72.0,0.0,0.5,0.6027397260273972,119.42399445176125,0.95539195561409,0.95539195561409,2375.08349609375,-0.037938036024570465,0.1811785101890564,3256,0.6987100737100738,1.47400719839696,0.0,1.0166242972234165,0.48955773955773957,2.1524268316430484
153,116,2306,0.9987007362494587,2309,4748,103.86816401127726,1.0,0.002050168113783002,53.514215528964996,50.35394848231226,3.0149531085044146e-05,1.029119529403173,0.6993603955876703,68.0,52.0,72.0,0.0,1.0,0.6986301369863014,103.86816401127726,0.8376464839619133,0.8376464839619133,1111.10595703125,0.0033633331768214703,0.026457469910383224,2753,0.5096258626952416,1.5037860181624196,0.7450054486015256,2.6439887797719597,0.0,1.3053552633059906
242,189,2295,0.9161676646706587,2505,4290,138.01910257339478,1.0,0.0,42.347837924957275,95.6712646484375,0.0,0.7990158099048542,1.328767564561632,67.0,53.0,72.0,0.0,1.0,1.0,138.01910257339478,1.1041528205871582,1.1041528205871582,2701.30517578125,0.0003139860928058624,0.019451892003417015,0,0.0,,0.0,,0.0,
658,502,2287,1.0,2287,5025,227.8499602675438,1.0,0.6256742605473846,62.6382377743721,165.2117224931717,0.009201092066873303,1.204581495661002,2.294607256849607,68.0,52.0,72.0,0.0,1.0,1.0,227.8499602675438,1.837499679576966,1.837499679576966,1380.5201416015625,-0.0015864514280110598,0.018480494618415833,2791,0.53099247581512,1.5321138310128075,0.6248656395557148,2.7776463385270276,0.0,1.26658455494526
130,103,2261,0.7594894188780652,2977,6392,126.55870717763901,1.0,0.22744985330791678,41.016853630542755,85.54185354709625,0.003344850783939953,0.7887856467412069,1.1880812992652257,68.0,52.0,72.0,0.0,1.0,1.0,126.55870717763901,1.0206347353035403,1.0206347353035403,1370.74853515625,-0.004745071288198233,0.02058304473757744,2919,0.0,1.2146696933131111,1.0,2.9819237840109563,0.0,1.1994758814657611
93,60,2243,0.8016440314510365,2798,4607,9.74725895235315,0.18867924528301888,0.4587172591709532,3.4056381904520094,6.34162076190114,0.006745842046631665,0.06549304212407711,0.08807806613751584,68.0,52.0,72.0,0.0,0.18867924528301888,0.2054794520547945,9.74725895235315,0.07860692703510605,0.07860692703510605,1434.791259765625,0.0028753604274243116,0.024851569905877113,0,0.0,,0.0,,0.0,
426,330,2237,0.9555745407945323,2341,4696,83.64974483847618,0.9629629629629629,0.15360737743321806,27.2846961915493,56.36504864692688,0.0022589320210767362,0.5148055885197982,0.7828478978739845,68.0,53.0,72.0,0.0,0.9629629629629629,1.0,83.64974483847618,0.6691979587078094,0.6691979587078094,1545.66650390625,-0.01083538681268692,0.025643181055784225,2597,0.8652291105121294,1.3791566104307602,0.7824412783981517,2.5994426015935748,0.0,1.1966293727223958
370,289,2227,1.0,2227,8321,180.4296357035637,1.0,0.1571270760614425,52.95460397005081,127.47503173351288,0.0023106922950212132,0.9991434711330341,1.7704865518543456,68.0,53.0,72.0,0.0,1.0,1.0,180.4296357035637,1.4434370856285095,1.4434370856285095,1078.9163818359375,-0.007076760288327932,0.0662170872092247,2980,0.5268456375838926,1.6523475178267721,0.738255033557047,2.3117535937187297,0.0,1.0071871651560134
297,241,2217,0.757172131147541,2928,2495,188.492717564106,1.0,0.14238405188370962,75.11525791883469,113.3774596452713,0.0020938831159369063,1.4172690173365035,1.574686939517657,68.0,53.0,72.0,0.0,1.0,1.0,188.492717564106,1.507941740512848,1.507941740512848,1849.3194580078125,0.0047272490337491035,0.036984194070100784,1846,0.0,1.1866097975270598,1.0,2.457355519445758,0.0,1.2071425547964234
175,113,2207,1.0,2207,15926,274.5239211320877,1.0,0.07619784446433187,100.1314731836319,174.3924479484558,0.0011205565362401744,1.9256052535313826,2.4221173326174417,68.0,52.0,72.0,0.0,1.0,1.0,274.5239211320877,2.213902589774901,2.213902589774901,1379.990234375,0.002028907649219036,0.018453415483236313,3159,0.9949351060462172,1.7154680184841595,0.3333333333333333,1.2954637450061044,0.0,1.2157122584342972
75,42,2203,1.0,2203,5383,62.64188589900732,0.9056603773584906,0.05332567170262337,17.726364634931087,44.91552126407623,0.0007842010544503436,0.3408916275948286,0.623826684223281,68.0,52.0,72.0,0.0,0.9056603773584906,1.0,62.64188589900732,0.5051764991855429,0.5051764991855429,1178.189697265625,0.0027837210800498724,0.022555889561772346,726,0.209366391184573,1.3871130684661461,0.790633608815427,1.5453439306462828,0.0,1.419925077729703
623,480,2198,0.9665787159190853,2274,4933,202.90298408269882,1.0,0.7247623056755401,47.375665724277496,155.52731835842133,0.010658269201110885,0.9110704946976441,2.160101643866963,68.0,52.0,72.0,0.0,1.0,1.0,202.90298408269882,1.6363143877637,1.6363143877637,1597.107421875,-0.004839946981519461,0.022427700459957123,3052,0.9397116644823067,1.6861820349704715,0.35517693315858456,1.3925411907474108,0.2572083879423329,1.764202698069014
486,367,2181,0.9072379367720466,2404,5293,185.21522730588913,1.0,0.6521495462366147,52.69243961572647,132.52278769016266,0.009590434503479628,1.0133161464562783,1.8405942734744813,68.0,52.0,72.0,0.0,1.0,1.0,185.21522730588913,1.4936711879507187,1.4936711879507187,1979.822021484375,-0.0030320477671921253,0.02024388313293457,3724,0.8335123523093448,1.805388158902954,0.0,0.9296140010538093,0.20381310418904403,1.5255904123454487
469,363,2178,0.7497418244406197,2905,2453,167.5200062096119,1.0,0.03119048848748207,42.41205790638924,125.10794830322266,0.0004586836542276775,0.815616498199793,1.7376103931003146,68.0,52.0,72.0,0.0,1.0,1.0,167.5200062096119,1.3509677920129992,1.3509677920129992,2390.544677734375,-0.0005042998818680644,0.024681545794010162,3280,0.9292682926829269,1.4589578355499293,0.12896341463414634,1.2839099220444383,0.054878048780487805,1.4150999491482097
212,165,2165,0.9695476936856248,2233,5801,162.59948033094406,1.0,0.23703715502051637,57.484315156936646,105.11516517400742,0.0035378679853808413,1.1054675991718586,1.4599328496389918,67.0,52.0,72.0,0.0,1.0,1.0,162.59948033094406,1.3112861317011617,1.3112861317011617,1559.572509765625,-0.0014634752878919244,0.026517583057284355,3984,0.9354919678714859,1.6482025021678754,0.5594879518072289,2.1699860395635735,0.12299196787148595,1.5069905395943919
123,83,2158,0.9574090505767524,2254,4790,0.0,0.0,0.0,0.0,0.0,0.0,0.0,0.0,68.0,52.0,72.0,0.0,0.0,0.0,0.0,0.0,0.0,1783.078857421875,0.000851617194712162,0.026010746136307716,1392,0.09482758620689655,1.1118154567701486,0.9051724137931034,1.811078149146326,0.0,1.268417537475459
254,201,2153,0.9676404494382023,2225,6394,259.46638560295105,1.0,0.3849017267348245,78.60984659194946,180.8565390110016,0.005660319510806242,1.4832046526782918,2.5118963751527996,68.0,53.0,72.0,0.0,1.0,1.0,259.46638560295105,2.0757310848236084,2.0757310848236084,1172.814208984375,-0.0024690045975148678,0.02505522407591343,2562,0.03278688524590164,1.1955860801681664,0.9824355971896955,3.2946736632646956,0.0,1.2731360637346811
318,253,2153,0.7730700179533213,2785,5148,178.89717680215836,1.0,0.7313420545542613,66.37538105249405,112.5217957496643,0.010755030214033253,1.2523656802357368,1.5628027187453375,68.0,53.0,72.0,0.0,1.0,1.0,178.89717680215836,1.4311774144172669,1.4311774144172669,1435.09912109375,-0.0010162279941141605,0.03133381903171539,2323,0.8747309513560052,1.4619768174346477,0.5467068445975032,1.5041906682963555,0.0,1.16648592837726
515,399,2149,1.0,2149,3468,5.06015855044825,0.0,0.6051505382783944,1.343560669803992,3.716597880644258,0.008899272621741094,0.025837705188538306,0.05161941500894803,68.0,52.0,72.0,0.0,0.0,0.0,5.06015855044825,0.04080773024555041,0.04080773024555041,912.0294189453125,0.0034272039774805307,0.03221793472766876,3506,1.0,1.6454647099659656,0.0,0.8652168866125307,0.0,1.125993288476546
253,198,2133,1.0,2133,6050,220.97272127866745,1.0,3.4419675236567855,55.40717452764511,165.56554675102234,0.05061716946554096,1.0454183873140588,2.299521482653088,68.0,53.0,72.0,0.0,1.0,1.0,220.97272127866745,1.7677817702293397,1.7677817702293397,1047.645263671875,0.0029880288057029247,0.03041052632033825,2929,0.17138955274837828,1.4041001216610958,0.9658586548310003,3.183152840828996,0.0,1.0279335839767245
472,358,2127,1.0,2127,5195,251.34074240922928,1.0,0.10253414884209633,73.64757710695267,177.6931653022766,0.0015078551300308283,1.4162995597490897,2.467960629198286,68.0,52.0,72.0,0.0,1.0,1.0,251.34074240922928,2.026941471042172,2.026941471042172,1122.720458984375,0.008598413318395615,0.02493215911090374,1398,0.0,1.1974308751750387,1.0,2.7429583734480194,0.0,1.421166618240748
351,286,2117,0.8616198616198616,2457,7683,149.1438271999359,1.0,2.71667052898556,43.79194939136505,105.35187780857086,0.039951037190964114,0.8262631960634915,1.4632205251190398,68.0,53.0,72.0,0.0,1.0,1.0,149.1438271999359,1.1931506175994873,1.1931506175994873,1395.46337890625,0.010938961058855057,0.029001131653785706,810,0.2111111111111111,1.2638609883819718,0.7888888888888889,2.0349289880412056,0.0,1.0522216231795896
419,325,2109,1.0,2109,3983,113.79594287276268,1.0,0.48386084791081885,34.724592328071594,79.07135054469109,0.007115600704570866,0.6551809873221055,1.0982132020095985,68.0,53.0,72.0,0.0,1.0,1.0,113.79594287276268,0.9103675429821014,0.9103675429821014,1901.1297607421875,0.0006590676493942738,0.02031785063445568,2749,0.03528555838486722,1.1186136935841557,0.9989086940705711,3.0224668982675,0.0,1.196965092184882
31,11,2102,1.0,2102,4073,50.77644958393648,0.8679245283018868,0.1292313765734434,28.302291251718998,22.474158332217485,0.0019004614201976972,0.5442748317638268,0.3165374412988378,68.0,52.0,71.0,0.0,0.8679245283018868,0.4861111111111111,50.77644958393648,0.41281666328403643,0.41281666328403643,1568.9140625,0.0037935851141810417,0.02580973692238331,3600,0.0,0.989665260364025,1.0,3.64598798189442,0.0,1.1482241437449632
71,48,2097,0.8889359898261976,2359,4800,0.0,0.0,0.0,0.0,0.0,0.0,0.0,0.0,68.0,52.0,72.0,0.0,0.0,0.0,0.0,0.0,0.0,3585.43359375,-0.0007761394372209907,0.01323755457997322,2977,0.0329190460194827,1.1255756198055826,1.0,2.932588866738732,0.033254954652334565,1.525869310993064
521,400,2093,0.9794103883949462,2137,6363,90.32522772066295,0.20754716981132076,3.3234616853296757,3.990708691999316,86.33451902866364,0.04887443654896582,0.07674439792306377,1.1990905420647726,68.0,52.0,72.0,0.028985507246376812,0.20754716981132076,1.0,90.32522772066295,0.728429255811798,0.728429255811798,2869.2109375,0.0017859749495983124,0.018490314483642578,2417,0.0,1.4131231146337717,0.961936284650393,2.6101357348624834,0.04757964418700869,1.5801338369127576
205,160,2090,0.8763102725366876,2385,4017,130.8915936946869,1.0,0.25378097454085946,47.11235308647156,83.77924060821533,0.003787775739415813,0.9060067901244531,1.1636005640029907,67.0,52.0,72.0,0.0,1.0,1.0,130.8915936946869,1.0555773685055394,1.0555773685055394,1569.796142578125,-0.002945646643638611,0.03329412266612053,3519,0.9394714407502132,1.7170164428011234,0.005967604433077579,1.380868750714964,0.1844273941460642,1.555012961138559
554,423,2089,0.7036039070394072,2969,2782,211.13796591758728,1.0,0.09145745437126607,69.59971308708191,141.53825283050537,0.0013449625642833246,1.3384560209054213,1.9658090670903523,68.0,52.0,72.0,0.0,1.0,1.0,211.13796591758728,1.7027255315934458,1.7027255315934458,2989.00537109375,0.0013776459963992238,0.017749672755599022,4810,0.8068607068607069,1.6467411519730604,0.4282744282744283,1.9983902909540845,0.43742203742203745,2.071278910675723
363,287,2087,0.9153508771929825,2280,3574,91.25888900458813,0.9814814814814815,0.7996764964191243,31.73327998816967,59.52560901641846,0.011759948476751828,0.598741131852258,0.8267445696724786,68.0,53.0,72.0,0.0,0.9814814814814815,1.0,91.25888900458813,0.730071112036705,0.730071112036705,2703.42138671875,0.007936528883874416,0.02305382676422596,3794,0.5751186083289405,1.3699556443981307,0.4304164470216131,1.6389084749742748,0.8434370057986295,3.5804585786397483
355,279,2076,0.9985569985569985,2079,6053,262.857936501503,1.0,0.41396278933098074,87.38568246364594,175.47225403785706,0.006087688078396776,1.6487864615782253,2.4371146394146814,68.0,53.0,72.0,0.0,1.0,1.0,262.857936501503,2.1028634920120237,2.1028634920120237,1181.480712890625,-0.0031155331525951624,0.025210633873939514,2013,0.9841033283656234,1.4506934059532035,0.11574764033780427,1.3241037037085899,0.0,1.1815910934014744
505,388,2076,0.9292748433303492,2234,5185,231.5048828125,1.0,1.3441887344233692,73.13923108577728,158.36565172672272,0.019767481388578957,1.4065236747264862,2.1995229406489267,68.0,52.0,72.0,0.0,1.0,1.0,231.5048828125,1.866974861391129,1.866974861391129,1784.2926025390625,-0.001623206422664225,0.022949103266000748,1261,0.11736716891356067,1.1915672868346279,0.5971451229183188,1.8145193886428819,0.49008723235527357,1.9325681195385658
170,123,2075,1.0,2075,9960,0.017247680574655533,0.0,0.07501494226744398,0.0,0.017247680574655533,0.0011031609156977058,0.0,0.00023955111909243796,68.0,52.0,72.0,0.0,0.0,0.0,0.017247680574655533,0.0001390941981827059,0.0001390941981827059,1276.524658203125,0.0023112529888749123,0.03284098207950592,2491,0.06864712966680048,1.0455948454648256,0.9803291850662385,2.5207279528256246,0.0,1.1422081704632787
513,396,2073,0.9732394366197183,2130,3605,316.9789649248123,1.0,0.8076428659405792,111.30363476276398,205.67533016204834,0.0118771009697144,2.140454514668538,2.8566018078062267,68.0,52.0,72.0,0.0,1.0,1.0,316.9789649248123,2.556281975200099,2.556281975200099,1160.539794921875,-0.0060157389380037785,0.04623562470078468,1730,0.0,1.2632611634229536,0.007514450867052023,0.9746278301055193,0.992485549132948,3.323027057905579
602,454,2073,0.9242086491306286,2243,3563,135.6207296550274,1.0,0.03575638346228516,39.942423552274704,95.67830610275269,0.0005258291685630171,0.7681235298514366,1.3288653625382318,68.0,52.0,72.0,0.0,1.0,1.0,135.6207296550274,1.093715561734092,1.093715561734092,2986.470947265625,0.0011520050466060638,0.026125360280275345,2911,0.7554105118515974,1.6936591650084716,0.314668498797664,1.6333842170081327,0.2913088285812436,1.717117376561723
387,305,2070,0.9078947368421053,2280,3556,62.81614741520025,0.1111111111111111,0.024470314849168062,13.215520618716255,49.60062679648399,0.00035985757131129503,0.24934944563615574,0.688897594395611,68.0,53.0,72.0,0.0,0.1111111111111111,0.4383561643835616,62.81614741520025,0.502529179321602,0.502529179321602,1790.005615234375,-0.035452231764793396,0.14750955998897552,1835,0.5743869209809265,1.2539776529358193,0.7547683923705722,2.767550414095573,0.0,1.388211428153097
35,10,2064,0.788689338937715,2617,4063,147.41249018907547,0.9811320754716981,0.8233722053701058,57.70540702342987,89.7070831656456,0.012108414784854497,1.1097193658351898,1.2634800445865577,68.0,52.0,71.0,0.0,0.9811320754716981,1.0,147.41249018907547,1.1984755299924834,1.1984755299924834,1622.416015625,0.0005639889859594405,0.030195973813533783,4031,0.5770280327462168,1.3206276512983237,0.7695360952617216,2.9021667480338627,0.0,1.2213530048499315
599,453,2061,0.9342701722574795,2206,12508,131.92864894866943,1.0,35.354758873581886,55.96807825565338,75.96057069301605,0.5199229246114984,1.0763091972241035,1.0550079262918897,68.0,52.0,72.0,0.9565217391304348,1.0,1.0,131.92864894866943,1.0639407173279793,1.0639407173279793,4127.9658203125,-0.00036844765418209136,0.02442978322505951,2272,0.005721830985915493,1.2476270378973904,0.8785211267605634,3.826413279549328,0.13996478873239437,1.5290326854791878
549,410,2053,0.8807378807378807,2331,7559,53.87057793489657,0.5660377358490566,0.3397633412387222,15.140020709251985,38.73055722564459,0.004996519724098856,0.29115424440869203,0.5379244059117304,68.0,52.0,72.0,0.0,0.5660377358490566,0.9726027397260274,53.87057793489657,0.4344401446362627,0.4344401446362627,1563.4117431640625,-0.0012015689862892032,0.022120647132396698,2,0.0,2.5115408953207328,1.0,1.583718444053666,0.0,1.2699910958410265
538,408,2052,1.0,2052,5854,148.60393106937408,1.0,0.2579914462112356,43.850897550582886,104.7530335187912,0.0037939918560475822,0.8432864913573632,1.4549032433165445,68.0,52.0,72.0,0.0,1.0,1.0,148.60393106937408,1.1984187989465651,1.1984187989465651,1356.919921875,0.0057080877013504505,0.02304978109896183,736,0.2391304347826087,1.4422109225844761,0.561141304347826,1.7503995675349058,0.30434782608695654,1.7399367841284834
358,288,2031,0.9144529491220171,2221,2810,67.76232579257339,0.3333333333333333,0.1306285503669642,10.58999431040138,57.17233148217201,0.0019210080936318263,0.19981121340379962,0.7940601594746113,68.0,53.0,72.0,0.0,0.3333333333333333,1.0,67.76232579257339,0.5420986063405872,0.5420986063405872,1932.44970703125,0.005744395777583122,0.027564072981476784,2653,0.7474557105163966,1.4035917334557522,0.837165473049378,3.6876107646293272,0.0,1.2379284905696812
228,174,2019,0.9985163204747775,2022,7241,191.77107071876526,0.9814814814814815,0.0,73.30536234378815,118.46570837497711,0.0,1.3831200442224179,1.645357060763571,67.0,53.0,72.0,0.0,0.9814814814814815,1.0,191.77107071876526,1.534168565750122,1.534168565750122,2354.5849609375,0.00412636948749423,0.026277199387550354,2834,0.9827099505998589,1.7557684732998802,0.21559633027522937,1.3185470884082577,0.0,1.2585197224770173
662,497,2015,0.7025801952580195,2868,4142,132.64973824843764,0.9622641509433962,0.7824401351972483,27.870707627385855,104.77903062105179,0.011506472576430123,0.5359751466804972,1.4552643141812749,68.0,52.0,72.0,0.0,0.9622641509433962,1.0,132.64973824843764,1.0697559536164325,1.0697559536164325,1356.61376953125,0.0039634364657104015,0.025694983080029488,4982,0.8841830590124448,1.5436892053260731,0.0,1.5760404632884655,0.4269369731031714,2.1331029245822957
149,109,2013,0.9975222993062438,2018,5947,139.4671043753624,1.0,0.3163586009759456,35.806394040584564,103.66071033477783,0.004652332367293318,0.6885845007804724,1.4397320879830255,68.0,52.0,72.0,0.0,1.0,1.0,139.4671043753624,1.1247347127045355,1.1247347127045355,1687.002685546875,-0.0038366583175957203,0.022809498012065887,2647,0.8247072157159048,1.5505282043281603,0.6547034378541745,2.3171338615611266,0.0,1.2848682014910815
119,82,2009,0.9074074074074074,2214,5166,221.64212584495544,1.0,0.0,79.07933962345123,142.5627862215042,0.0,1.520756531220216,1.980038697520892,68.0,52.0,72.0,0.0,1.0,1.0,221.64212584495544,1.7874364987496407,1.7874364987496407,1318.1396484375,0.001075539505109191,0.021144524216651917,0,0.0,,0.0,,0.0,
77,46,2008,0.9383177570093458,2140,4374,271.638716340065,1.0,0.04611224285326898,97.4425619840622,174.1961543560028,0.0006781212184304262,1.8738954227704268,2.4193910327222614,68.0,52.0,72.0,0.0,1.0,1.0,271.638716340065,2.1906348091940724,2.1906348091940724,1716.529296875,0.0023899248335510492,0.034883394837379456,2889,0.9428868120456906,1.631007192269417,0.01903772931810315,1.070500205165545,0.2827968155070959,1.7454100011190044
197,163,2006,0.921875,2176,2577,72.45199789572507,0.660377358490566,0.014482115395367146,26.395771478302777,46.056226417422295,0.00021615097605025591,0.5076109899673611,0.6396698113530874,67.0,52.0,72.0,0.0,0.660377358490566,0.9726027397260274,72.45199789572507,0.5842903056106861,0.5842903056106861,2223.361328125,0.003542879829183221,0.022294428199529648,2317,0.9369874838152784,1.5595098287544298,0.4298662063012516,1.5271638340647604,0.26931376780319377,1.6678995145803828
138,96,2004,0.9312267657992565,2152,4760,13.732238609343767,1.0,4.220932320225984,7.058952555060387,6.6732860542833805,0.06207253412097035,0.13574908759731513,0.09268452853171362,68.0,52.0,72.0,0.4057971014492754,1.0,0.6712328767123288,13.732238609343767,0.11074385975277232,0.11074385975277232,4149.80859375,-0.0024696371983736753,0.016659816727042198,1990,0.08743718592964825,1.1408146522572222,0.9165829145728643,2.362521339382768,0.0,1.179814480935048
295,237,1995,1.0,1995,5987,0.1711334418214392,0.0,1.7863711808458902,0.16441346329520456,0.006719978526234627,0.026270164424204268,0.003102140816890652,9.333303508659203e-05,68.0,53.0,72.0,0.0,0.0,0.0,0.1711334418214392,0.0013690675345715134,0.0013690675345715134,3496.435546875,0.002227036515250802,0.025639180094003677,2563,0.047990635973468594,1.068872664890335,0.9765899336714787,3.762037892080178,0.0,1.4053016318197933
321,246,1993,1.0,1993,6190,100.33076664805412,1.0,0.3466207890305668,31.47627130150795,68.85449534654617,0.005097364544567159,0.5938919113492066,0.9563124353686968,68.0,53.0,72.0,0.0,1.0,1.0,100.33076664805412,0.802646133184433,0.802646133184433,1142.173095703125,-0.00306999241001904,0.025778096169233322,1967,0.0,1.0970575624835304,1.0,2.88155051884367,0.0,1.1284036145763818
296,228,1990,0.9994977398292315,1991,5450,202.4413468837738,1.0,0.01806341065093875,66.2902854681015,136.1510614156723,0.00026563839192556986,1.2507601031717264,1.8909869641065598,68.0,53.0,72.0,0.0,1.0,1.0,202.4413468837738,1.6195307750701904,1.6195307750701904,1961.007568359375,0.0013086008839309216,0.027278995141386986,1609,0.0,1.137274170747746,1.0,2.7551368164261216,0.0,1.2014923720833914
85,51,1987,0.8684440559440559,2288,4799,280.5899111032486,1.0,0.20826140232384205,97.41648709774017,183.17342400550842,0.0030626676812329713,1.8733939826488495,2.544075333409839,68.0,52.0,72.0,0.0,1.0,1.0,280.5899111032486,2.262821863735876,2.262821863735876,1383.62890625,0.0038217632099986076,0.026304401457309723,3961,0.8008078767987882,1.6702898875186298,0.5304216107043676,1.9116811320944898,0.0,1.2736391327959988
462,356,1983,0.9831432821021319,2017,7425,302.5950731039047,1.0,2.389127559727058,108.6120947599411,193.98297834396362,0.035134228819515556,2.0886941299988675,2.6942080325550504,68.0,52.0,72.0,0.014492753623188406,1.0,1.0,302.5950731039047,2.440282847612135,2.440282847612135,918.1571655273438,0.007330410648137331,0.024011744186282158,1968,0.9522357723577236,2.0216956484520154,0.09095528455284553,1.2485394243339891,0.0,1.113882502667546
405,318,1982,0.8840321141837645,2242,2177,9.224921925924718,0.0,0.2722218333510682,2.8365600733086467,6.388361852616072,0.004003262255162767,0.05352000138318201,0.08872724795300099,68.0,53.0,72.0,0.0,0.0,0.0821917808219178,9.224921925924718,0.07379937540739774,0.07379937540739774,3575.197509765625,-0.005898943170905113,0.026497740298509598,2902,0.9479669193659546,1.761760138865916,0.46485182632667127,2.838324147489466,0.0,1.2419969344315336
252,200,1977,1.0,1977,6555,0.15202106931246817,0.0,1.7802916606888175,0.13919595326296985,0.01282511604949832,0.026180759716012022,0.002626338740810752,0.00017812661179858778,68.0,53.0,72.0,0.0,0.0,0.0,0.15202106931246817,0.0012161685544997453,0.0012161685544997453,2883.67919921875,-0.004173701629042625,0.022788356989622116,752,0.0,0.9816643015738786,1.0,1.8474329551828037,0.0,1.1230037718281107
595,450,1971,1.0,1971,4887,240.31716775894165,1.0,1.6394615317112766,68.2897207736969,172.02744698524475,0.024109728407518773,1.3132638610326326,2.389270097017288,68.0,52.0,72.0,0.0,1.0,1.0,240.31716775894165,1.9380416754753358,1.9380416754753358,1061.3055419921875,0.002220019232481718,0.035023659467697144,707,0.0,0.9999806443234059,1.0,2.211733907924931,0.0,1.0875966947637274
613,464,1958,0.9964376590330789,1965,4800,161.53767707943916,1.0,1.1107480535283685,36.78985074162483,124.74782633781433,0.016334530198946595,0.7074971296466314,1.73260869913631,68.0,52.0,72.0,0.0,1.0,1.0,161.53767707943916,1.3027232022535415,1.3027232022535415,1361.9539794921875,-0.00032040203223004937,0.0252361036837101,3290,0.9844984802431611,1.9174820204701715,0.0,1.7496277664743916,0.018541033434650456,1.4062061773354457
507,385,1940,1.0,1940,5750,205.7730313539505,1.0,0.021681268699467182,59.833985805511475,145.93904554843903,0.00031884218675687034,1.150653573182913,2.0269311881727643,68.0,52.0,72.0,0.0,1.0,1.0,205.7730313539505,1.6594599302737945,1.6594599302737945,1524.945068359375,0.0011615203693509102,0.025402167811989784,2295,0.0,1.0826862193376,1.0,5.004277106472472,0.0,1.220683774104684
237,182,1937,1.0,1937,5947,136.63221836090088,1.0,1.4188486154889688,48.00911545753479,88.62310290336609,0.02117684500729804,0.905832367123298,1.230876429213418,67.0,53.0,72.0,0.0,1.0,1.0,136.63221836090088,1.0930577468872071,1.0930577468872071,1981.56884765625,-0.004163159057497978,0.02048899419605732,2890,0.9221453287197232,1.762188689561436,0.6761245674740485,2.226271305629024,0.0,1.3080217792125903
491,366,1937,1.0,1937,8894,148.12108898162842,1.0,1.2685083001852036,47.07134556770325,101.04974341392517,0.018654533826252994,0.9052181839942932,1.4034686585267384,68.0,52.0,72.0,0.0,1.0,1.0,148.12108898162842,1.1945249111421647,1.1945249111421647,1201.8411865234375,0.0005844546249136329,0.01915094442665577,1058,0.0,1.2071437563291039,1.0,2.3907659577297693,0.0,1.5702370493609967
518,392,1931,1.0,1931,6819,86.36924187839031,0.8490566037735849,0.0,18.50518910586834,67.86405277252197,0.0,0.35586902126669884,0.9425562885072496,68.0,52.0,72.0,0.0,0.8490566037735849,1.0,86.36924187839031,0.696526144180567,0.696526144180567,2101.393310546875,0.0012554038548842072,0.014124037697911263,2757,0.269133115705477,1.1452207198748443,0.8803046789989118,2.790771753648767,0.0917664127675009,1.5044907249441046
562,420,1927,0.9892197125256673,1948,3403,199.8785977959633,1.0,0.053163730510277674,49.473059356212616,150.40553843975067,0.0007818195663276128,0.9514049876194733,2.0889658116632037,68.0,52.0,72.0,0.0,1.0,1.0,199.8785977959633,1.6119241757738976,1.6119241757738976,3046.859619140625,0.0017894180491566658,0.01931433007121086,3068,0.8125814863102999,1.5464129313184212,0.666883963494133,2.3650215212851897,0.0,1.1753412038346631
34,17,1922,0.85650623885918,2244,4848,248.08845019340515,1.0,0.0190140251070261,93.52917790412903,154.55927228927612,0.0002796180162797956,1.798638036617866,2.176891159003889,68.0,52.0,71.0,0.0,1.0,1.0,248.08845019340515,2.0169792698650824,2.0169792698650824,1454.2745361328125,-0.0015151125844568014,0.025902003049850464,1996,1.0,1.5283624538112797,0.0,1.0028498756886381,0.0,1.1600487302790585
463,352,1916,0.9745676500508647,1966,7890,150.59377199411392,1.0,0.20513762161135674,47.20569485425949,103.38807713985443,0.0030167297295787755,0.9078018241203748,1.4359455158313115,68.0,52.0,72.0,0.0,1.0,1.0,150.59377199411392,1.214465903178338,1.214465903178338,1770.9835205078125,-0.0011500754626467824,0.016687382012605667,2716,1.0,1.6797280360334121,0.0,1.4823445975898564,0.0,1.2151783360724353
40,20,1914,0.9273255813953488,2064,3333,206.48651665449142,0.9811320754716981,0.017699409741908312,79.86231952905655,126.62419712543488,0.0002602854373810046,1.5358138370972414,1.7834393961328856,68.0,52.0,71.0,0.0,0.9811320754716981,1.0,206.48651665449142,1.6787521679226944,1.6787521679226944,1749.498291015625,0.003178800456225872,0.026626408100128174,2134,0.43580131208997186,1.4139395760708025,0.6358950328022493,1.774395017690941,0.0,1.1408705239277457
146,108,1913,1.0,1913,5132,185.24957835674286,1.0,0.21911030128831044,62.80025935173035,122.44931900501251,0.0032222103130633887,1.2076972952255836,1.7006849861807294,68.0,52.0,72.0,0.0,1.0,1.0,185.24957835674286,1.493948212554378,1.493948212554378,1605.218505859375,-0.0012623454676941037,0.028940586373209953,20,1.0,1.3194906160561057,0.0,1.0247650674048758,0.0,1.227313695200983
174,130,1913,0.7172853393325834,2667,2898,134.49585750699043,1.0,0.3589268512196213,54.617330729961395,79.87852677702904,0.005357117182382408,1.0503332832684884,1.1094239830142922,67.0,52.0,72.0,0.0,1.0,1.0,134.49585750699043,1.0846440121531487,1.0846440121531487,2487.29736328125,0.0060705202631652355,0.02820531092584133,3707,0.9317507418397626,1.6602484633791739,0.4415969786889668,1.668038239443614,0.032101429727542485,1.6078518408387343
269,210,1909,1.0,1909,5574,120.84076571464539,1.0,2.6510782769182697,37.28842914104462,83.55233657360077,0.03898644524879808,0.7035552668121626,1.1604491190777884,68.0,53.0,72.0,0.0,1.0,1.0,120.84076571464539,0.9667261257171631,0.9667261257171631,1683.6612548828125,0.004631782416254282,0.01641443558037281,2932,0.9536152796725784,1.6752146647543298,0.5794679399727148,1.8709946000890545,0.0,1.1820676820500613
86,58,1908,0.892422825070159,2138,2432,228.189084649086,1.0,0.0,77.92019033432007,150.26889431476593,0.0,1.4984651987369244,2.0870679765939713,68.0,52.0,72.0,0.0,1.0,1.0,228.189084649086,1.8402345536216613,1.8402345536216613,3118.1474609375,0.0049724397249519825,0.017557751387357712,2999,0.6698899633211071,1.5215509082111776,0.0,1.3593422603398635,0.5275091697232411,1.9281145835253182
94,53,1904,1.0,1904,6985,198.91061848402023,1.0,0.34792868938166066,64.63630574941635,134.27431273460388,0.005116598373259716,1.2430058797964683,1.8649210102028317,68.0,52.0,72.0,0.0,1.0,1.0,198.91061848402023,1.6041178910001632,1.6041178910001632,1295.17431640625,-0.003390972502529621,0.01928567886352539,1758,0.0,1.142735658067846,1.0,2.249568756590969,0.0,1.4972502002557047
121,86,1891,0.87708719851577,2156,3349,196.46986705064774,1.0,0.5563650168478489,55.040834963321686,141.42903208732605,0.008181838483056602,1.058477595448494,1.964292112323973,68.0,52.0,72.0,0.014492753623188406,1.0,1.0,196.46986705064774,1.584434411698772,1.584434411698772,2672.22509765625,-0.0010129137663170695,0.021015958860516548,3427,0.6851473592063029,1.788701718369816,0.6644295302013423,2.3278608096031483,0.0,1.3056281019240754
98,64,1882,0.960204081632653,1960,4257,220.74951326847076,1.0,1.3405562824918889,77.43516385555267,143.3143494129181,0.019714062977821894,1.489137766452936,1.9904770751794179,68.0,52.0,72.0,0.0,1.0,1.0,220.74951326847076,1.780238010229603,1.780238010229603,1671.02587890625,0.002784643555060029,0.021290307864546776,1051,1.0,1.4112382344169485,0.0,1.0112542459152067,0.0,1.2032908439007477
172,126,1877,1.0,1877,6118,0.021931055933237076,0.0,0.5705455597089895,0.0,0.021931055933237076,0.008515605368790887,0.0,0.0003045979990727372,67.0,52.0,72.0,0.0,0.0,0.0,0.021931055933237076,0.000176863354300299,0.000176863354300299,2813.78271484375,0.0037556844763457775,0.034948017448186874,2248,1.0,1.6335308704175813,0.0,0.996411390604147,0.0,1.3799518095309615
520,393,1877,1.0,1877,6557,230.05047297477722,1.0,0.11360738676739857,63.95787048339844,166.09260249137878,0.0016706968642264495,1.2299590477576623,2.30684170126915,68.0,52.0,72.0,0.0,1.0,1.0,230.05047297477722,1.8552457497965904,1.8552457497965904,1296.18798828125,0.002157116075977683,0.018761245533823967,2923,0.3010605542251112,1.216163117734541,0.9674991447143346,5.018645991563222,0.0,1.3162997347317011
62,35,1870,0.9790575916230366,1910,3751,239.7723987698555,1.0,0.08851071074604988,83.34585779905319,156.4265409708023,0.001301628099206616,1.6028049576741,2.1725908468166986,68.0,52.0,72.0,0.0,1.0,1.0,239.7723987698555,1.933648377176254,1.933648377176254,1288.3837890625,0.0014505957951769233,0.036537185311317444,2474,1.0,1.6018668453120533,0.0,1.1570821009390657,0.0,1.248502537183186
270,220,1868,0.943911066195048,1979,3084,284.2959897518158,1.0,3.7460235640755855,93.44906568527222,190.84692406654358,0.055088581824640964,1.763189918590042,2.6506517231464386,68.0,53.0,72.0,0.14492753623188406,1.0,1.0,284.2959897518158,2.2743679180145264,2.2743679180145264,2243.37109375,0.0019321609288454056,0.01821863278746605,1532,0.014360313315926894,1.2143255211352746,0.9856396866840731,2.077531469857034,0.0,1.2420866582709744
497,376,1866,1.0,1866,9079,231.21031725406647,1.0,1.1593977640732192,67.34399473667145,163.86632251739502,0.01704996711872381,1.2950768218590663,2.2759211460749307,68.0,52.0,72.0,0.0,1.0,1.0,231.21031725406647,1.8645993326940844,1.8645993326940844,1239.613525390625,0.003424218622967601,0.018583277240395546,2087,0.5079060852898898,1.4745403353943636,0.6842357450886439,2.40272798901321,0.0,1.3308438525805235
241,186,1856,1.0,1856,3402,31.76050990074873,0.7407407407407407,2.9190835203044116,8.601482100784779,23.15902779996395,0.043568410750812116,0.16229211510914676,0.3216531638883882,67.0,53.0,72.0,0.0,0.7407407407407407,1.0,31.76050990074873,0.25408407920598985,0.25408407920598985,4891.55615234375,-0.005037068855017424,0.027903592213988304,0,0.0,,0.0,,0.0,
635,486,1856,0.8478757423481041,2189,2465,228.9007682800293,1.0,0.43889675673563033,76.57231676578522,152.32845151424408,0.006454364069641623,1.4725445531881773,2.1156729376978345,68.0,52.0,72.0,0.0,1.0,1.0,228.9007682800293,1.8459739377421718,1.8459739377421718,1915.2442626953125,-0.007793788332492113,0.030290918424725533,2626,0.7753236862147753,1.6506925642938401,0.05597867479055598,1.0195464791875302,0.8351104341203351,3.4301515285136484
340,273,1854,0.8631284916201117,2148,3415,107.610611140728,1.0,0.0590177197009325,39.861574828624725,67.74903631210327,0.000867907642660772,0.7521051854457496,0.940958837668101,68.0,53.0,72.0,0.0,1.0,1.0,107.610611140728,0.860884889125824,0.860884889125824,2064.22216796875,-0.001591552747413516,0.02971065044403076,3262,0.3243408951563458,1.2880085880994374,0.2326793378295524,1.3113139513486531,0.8126916002452483,3.090255132849596
536,412,1853,1.0,1853,3693,72.23129444941878,0.7547169811320755,0.2148482040502131,17.738721545785666,54.49257290363312,0.0031595324125031337,0.34112926049587816,0.7568412903282378,68.0,52.0,72.0,0.0,0.7547169811320755,1.0,72.23129444941878,0.582510439108216,0.582510439108216,1104.1373291015625,0.0029119213577359915,0.040775202214717865,1726,0.17555040556199306,1.120203256439564,0.8568945538818077,3.244565535458609,0.0,1.2586744272861852
111,77,1848,0.9565217391304348,1932,2820,160.40807247161865,1.0,0.2947881540749222,56.711201190948486,103.69687128067017,0.004335119912866503,1.0906000229028554,1.4402343233426411,68.0,52.0,72.0,0.0,1.0,1.0,160.40807247161865,1.293613487674344,1.293613487674344,2259.242919921875,-0.0014280530158430338,0.027743462473154068,1630,0.0,1.0532080718501893,1.0,2.6234591863017123,0.0,1.1760004556428516
177,132,1848,0.9989189189189189,1850,4788,154.65693432092667,1.0,0.04347468470223248,45.4288073182106,109.22812700271606,0.0006488758910780968,0.8736309099655885,1.5170573194821675,67.0,52.0,72.0,0.0,1.0,1.0,154.65693432092667,1.2472333412977956,1.2472333412977956,1637.7166748046875,0.001230608206242323,0.01776580512523651,2640,0.9143939393939394,1.594214044133499,0.6943181818181818,2.125959136957481,0.0,1.201147600163448
221,169,1845,1.0,1845,8333,195.10451671481133,0.9814814814814815,5.474518071860075,73.6989857852459,121.40553092956543,0.08170922495313544,1.390546901608413,1.6861879295772977,67.0,53.0,72.0,0.29411764705882354,0.9814814814814815,1.0,195.10451671481133,1.5608361337184906,1.5608361337184906,1701.94287109375,-0.0015258259372785687,0.023956671357154846,2852,0.7678821879382889,1.4612240385338997,0.8257363253856943,2.9083053537082395,0.0,1.4170738928310642
650,498,1843,0.9694897422409259,1901,4506,154.85954505205154,1.0,0.46506078236052417,39.14800888299942,115.71153616905212,0.0068391291523606495,0.7528463246730658,1.607104669014613,68.0,52.0,72.0,0.0,1.0,1.0,154.85954505205154,1.2488672988068672,1.2488672988068672,2184.125732421875,-0.0026003674138337374,0.012585918419063091,2611,0.9996170049789352,1.6932917850433196,0.002297970126388357,2.110057941744949,0.0,1.346266707450881
199,161,1837,0.8021834061135371,2290,2337,58.68624589685351,0.6415094339622641,0.0,14.155188315548003,44.531057581305504,0.0,0.27221515991438466,0.6184869108514653,67.0,52.0,72.0,0.0,0.6415094339622641,0.9726027397260274,58.68624589685351,0.4732761765875283,0.4732761765875283,2206.858642578125,-0.002597370184957981,0.026590803638100624,2414,0.0,1.2469718110256933,1.0,3.2370119858010846,0.0,1.324929779271841
127,87,1835,0.8964338055691256,2047,4280,0.2612970049958676,0.0,0.6952924195793457,0.0864936572033912,0.17480334779247642,0.010224888523225673,0.0016633395616036768,0.002427824274895506,68.0,52.0,72.0,0.0,0.0,0.0,0.2612970049958676,0.002107233911256997,0.002107233911256997,1360.49365234375,0.005378287751227617,0.030497172847390175,2562,0.5429352068696331,1.3806883925350488,0.7728337236533958,1.7390349552867728,0.0,1.2520292662112391
346,280,1813,0.9369509043927648,1935,3625,79.96170622110367,1.0,0.7308318343420979,21.63948541879654,58.32222080230713,0.010747526975619086,0.40829217771314225,0.8100308444764879,68.0,53.0,72.0,0.0,1.0,1.0,79.96170622110367,0.6396936497688294,0.6396936497688294,1751.603271484375,0.0065841758623719215,0.025569772347807884,1445,0.0,1.6550740535826858,1.0,2.399549614361746,0.0,1.1883478337851128
441,343,1806,0.9148936170212766,1974,2581,50.762962703593075,0.5849056603773585,0.12876009102910757,17.761815425008535,33.00114727858454,0.0018935307504280524,0.34157337355785644,0.45834926775811863,68.0,52.0,72.0,0.0,0.5849056603773585,0.7671232876712328,50.762962703593075,0.40937873148058934,0.40937873148058934,2096.871826171875,3.3189048735948745e-06,0.030071645975112915,2837,0.0,0.9153871406387413,1.0,3.336842844048895,0.0,1.2397152399982176
294,233,1800,0.9463722397476341,1902,2607,42.966662041217205,0.0,0.9828624905203469,2.4066920348705025,40.5599700063467,0.014453860154710984,0.045409283676801936,0.5633329167548153,68.0,53.0,72.0,0.0,0.0,0.7534246575342466,42.966662041217205,0.34373329632973765,0.34373329632973765,1338.40283203125,-0.0011396942427381873,0.04970044270157814,2855,0.3043782837127846,1.2828329189403858,0.9239929947460596,3.110077066601275,0.0,1.112545844033097
151,115,1794,0.9125127161749745,1966,3338,109.06156831979752,1.0,0.9833250720985234,34.28992295265198,74.77164536714554,0.014460662824978284,0.6594215952433072,1.038495074543688,68.0,52.0,72.0,0.0,1.0,1.0,109.06156831979752,0.8795287767725606,0.8795287767725606,2603.466064453125,-0.002144514350220561,0.027302278205752373,2120,0.0,1.106977776419684,1.0,4.026716187379693,0.0,1.2101851094084601
233,179,1792,0.9889624724061811,1812,4891,0.0,0.0,0.07985066412948072,0.0,0.0,0.0011918009571564286,0.0,0.0,67.0,53.0,72.0,0.0,0.0,0.0,0.0,0.0,0.0,2186.89013671875,0.008212706074118614,0.029902532696723938,1285,0.05603112840466926,1.0693763088689843,0.9439688715953307,2.335102172498284,0.0,1.118306674822877
643,492,1788,0.7541121889498102,2371,3285,45.05345680844039,0.49056603773584906,0.39545234202523716,7.916328887455165,37.13712792098522,0.0058154756180181936,0.1522370939895224,0.5157934433470169,68.0,52.0,72.0,0.0,0.49056603773584906,1.0,45.05345680844039,0.3633343291003257,0.3633343291003257,5253.98681640625,-0.0010184079874306917,0.014432867988944054,2898,0.045548654244306416,1.0586307591938495,1.0,4.02975597921071,0.033126293995859216,1.2634125210590024
326,258,1785,1.0,1785,6612,155.8647632598877,1.0,0.3414688082411885,43.166214883327484,112.69854837656021,0.005021600121193949,0.8144568845910846,1.565257616341114,68.0,53.0,72.0,0.0,1.0,1.0,155.8647632598877,1.2469181060791015,1.2469181060791015,1441.040283203125,0.0013870915863662958,0.03665641322731972,0,0.0,,0.0,,0.0,
104,68,1778,1.0,1778,4720,266.552352309227,1.0,0.20947939343750477,83.62433207035065,182.92802023887634,0.003080579315257423,1.6081602321221278,2.5406669477621713,68.0,52.0,72.0,0.0,1.0,1.0,266.552352309227,2.14961574442925,2.14961574442925,1621.225830078125,0.0041867573745548725,0.02083132043480873,1949,0.9610056439199589,1.5187124797244576,0.0,0.9826022471778822,0.11544381734222678,1.3942293399850902
612,472,1773,0.7359900373599004,2409,2522,136.67615735530853,1.0,0.391730664705392,36.69719922542572,99.97895812988281,0.005760745069196941,0.7057153697197254,1.3885966406928167,68.0,52.0,72.0,0.0,1.0,1.0,136.67615735530853,1.1022270754460366,1.1022270754460366,2764.22119140625,0.001697022933512926,0.026874620467424393,703,1.0,1.5751508260112062,0.08819345661450925,1.0635310898954857,0.0,1.1209473285279006
84,52,1762,1.0,1762,4702,3.0179568349849433,0.0,0.1342731211334467,0.3638936006464064,2.654063234338537,0.001974604722550687,0.006997953858584738,0.03686198936581301,68.0,52.0,72.0,0.0,0.0,0.0,3.0179568349849433,0.024338361572459218,0.024338361572459218,922.09423828125,0.007154224440455437,0.034696515649557114,1674,0.014336917562724014,1.0913255840418525,0.9970131421744325,2.9139943208956893,0.0,1.4903790201615505
412,327,1762,0.890798786653185,1978,3399,2.387622102163732,0.0,1.2203245577547932,1.743520065676421,0.6441020364873111,0.01794594937874696,0.03289660501276266,0.008945861617879322,68.0,53.0,72.0,0.0,0.0,0.0,2.387622102163732,0.019100976817309857,0.019100976817309857,1407.677001953125,0.00974650215357542,0.031595565378665924,3075,0.7466666666666667,1.451579009919925,0.8705691056910569,2.9042686167123275,0.0,1.0585019472692148
166,127,1758,0.9680616740088106,1816,2646,154.7993540763855,1.0,0.1912293212953955,63.94071435928345,90.85863971710205,0.002812195901402875,1.2296291222939124,1.2619255516264174,68.0,52.0,72.0,0.0,1.0,1.0,154.7993540763855,1.2483818877127864,1.2483818877127864,1615.888427734375,-0.002166364574804902,0.033084213733673096,2344,0.0,1.0363200473527745,1.0,3.185150869448014,0.0,1.146937664618103
588,440,1756,1.0,1756,4736,46.77288671489805,0.0,0.2488997923574061,0.13616938795894384,46.636717326939106,0.0036602910640795017,0.0026186420761335353,0.6477321850963764,68.0,52.0,72.0,0.0,0.0,0.9041095890410958,46.77288671489805,0.37720069931369393,0.37720069931369393,1328.3428955078125,0.003428540425375104,0.023104367777705193,704,0.0,1.9537655489614978,1.0,2.5211693414089718,0.0,1.5907226809079844
142,98,1753,0.880462079357107,1991,5218,181.74540656805038,1.0,5.291687354911119,64.42646116018295,117.31894540786743,0.07781893168986939,1.2389704069265952,1.6294297973314922,68.0,52.0,72.0,0.07246376811594203,1.0,1.0,181.74540656805038,1.4656887626455677,1.4656887626455677,1413.8280029296875,0.005389734636992216,0.027625398710370064,1833,1.0,1.4554054120934374,0.0,1.2669110520952886,0.0,1.338251270537538
24,1,1752,0.9063631660631143,1933,2083,150.8229143023491,1.0,0.5992893617367372,51.46558755636215,99.35732674598694,0.008813078849069664,0.989722837622349,1.3993989682533372,68.0,52.0,71.0,0.0,1.0,1.0,150.8229143023491,1.226202555303651,1.226202555303651,3680.6953125,-0.00024302593374159187,0.029193121939897537,3590,0.15097493036211698,1.1044747950235927,1.0,4.3089808703625865,0.0,1.1327560929700113
182,144,1751,1.0,1751,3990,132.06007307767868,1.0,1.592817455995828,49.0792493224144,82.98082375526428,0.023773394865609372,0.9438317177387384,1.1525114410453372,67.0,52.0,72.0,0.014705882352941176,1.0,1.0,132.06007307767868,1.0650005893361183,1.0650005893361183,1491.47509765625,0.0035391615238040686,0.025746917352080345,2490,0.0,1.1126601434843002,1.0,3.475723518527474,0.0,1.2097753993194227
79,50,1747,0.9694783573806881,1802,3316,73.44805359840393,1.0,0.0,28.379049822688103,45.06900377571583,0.0,0.5457509581286174,0.6259583857738309,68.0,52.0,72.0,0.0,1.0,1.0,73.44805359840393,0.5923230128903543,0.5923230128903543,2027.8231201171875,-0.0033587287180125713,0.030327828601002693,3044,0.9773324572930355,1.7791260176112862,0.6517739816031537,2.95317180925658,0.0,1.1757198402760807
302,245,1736,1.0,1736,4550,173.50108581781387,1.0,0.5673788548447192,61.12514019012451,112.37594562768936,0.00834380668889293,1.1533045318891417,1.5607770226067967,68.0,53.0,72.0,0.0,1.0,1.0,173.50108581781387,1.388008686542511,1.388008686542511,1250.3505859375,0.005611836910247803,0.039194729179143906,2477,0.14412595882115461,1.2012637720669401,0.9636657246669358,3.187533861833307,0.0,1.0848113356340503
330,264,1734,0.9622641509433962,1802,3913,206.3777173757553,1.0,0.10238355095498264,69.80091762542725,136.57679975032806,0.001505640455220333,1.3169984457627781,1.8968999965323343,68.0,53.0,72.0,0.0,1.0,1.0,206.3777173757553,1.6510217390060424,1.6510217390060424,2252.02734375,0.0012040415313094854,0.03251258283853531,150,1.0,1.4766346263535588,0.0,0.8576043101850809,0.0,0.8957361789093686
55,30,1733,0.9665365309537088,1793,4658,138.0187679156661,0.9622641509433962,0.0759642138145864,46.08357050269842,91.93519741296768,0.0011171207913909765,0.8862225096672773,1.2768777418467734,68.0,52.0,72.0,0.0,0.9622641509433962,0.9863013698630136,138.0187679156661,1.1130545799650493,1.1130545799650493,1171.164794921875,-0.00026357959723100066,0.035436347126960754,0,0.0,,0.0,,0.0,
82,49,1704,1.0,1704,4544,158.21005243062973,1.0,0.8137734449373966,53.9371263384819,104.27292609214783,0.011967256543197009,1.0372524295861905,1.4482350846131642,68.0,52.0,72.0,0.0,1.0,1.0,158.21005243062973,1.2758875196018526,1.2758875196018526,2056.830078125,0.003666405100375414,0.021013353019952774,2153,0.6734788666976312,1.427715800228608,0.5299581978634463,1.572852123465105,0.0,1.2505503002721559
409,321,1700,0.8045433033601515,2113,3201,0.16702657606219873,0.0,0.20299108485050965,0.006387768080458045,0.16063880798174068,0.002985163012507495,0.00012052392604637821,0.002231094555301954,68.0,53.0,72.0,0.0,0.0,0.0,0.16702657606219873,0.0013362126084975898,0.0013362126084975898,2504.19482421875,-0.003758256556466222,0.03184463456273079,2804,0.23680456490727533,1.0840045144542156,0.9996433666191156,3.1733093769651854,0.0,1.0330108567922496
48,31,1693,0.8717816683831102,1942,2171,125.90284519642591,0.9811320754716981,0.0,56.667764991521835,69.23508020490408,0.0,1.0897647113754199,0.9751419747169588,68.0,52.0,71.0,0.0,0.9811320754716981,0.9861111111111112,125.90284519642591,1.023600367450617,1.023600367450617,2981.8564453125,-0.0022389639634639025,0.0219370536506176,2267,0.03352448169386855,1.0623888814596207,0.9717688575209528,2.558445603428467,0.0,1.31110584407994
273,208,1687,1.0,1687,9885,76.81749364733696,1.0,0.1674498467182275,26.38854941725731,50.42894423007965,0.0024624977458562866,0.49789715881617563,0.7004020031955507,68.0,53.0,72.0,0.0,1.0,1.0,76.81749364733696,0.6145399491786957,0.6145399491786957,1947.876220703125,7.476326572941616e-05,0.029075579717755318,1980,0.3328282828282828,1.2297044450967667,0.046464646464646465,1.1021816230051258,0.697979797979798,2.419937054148751
451,344,1682,0.9842012873025161,1709,5106,169.70819813013077,1.0,0.9589004343142733,56.25464183092117,113.4535562992096,0.0141014769752099,1.0818200352100225,1.5757438374890222,68.0,52.0,72.0,0.0,1.0,1.0,169.70819813013077,1.3686145010494417,1.3686145010494417,1988.4659423828125,0.003895021043717861,0.022243216633796692,2513,0.17349781138081974,1.0777508566005318,1.0,3.8962009332906318,0.0,1.1995635150960164
101,59,1678,0.9970291146761735,1683,5629,263.88146698474884,1.0,0.018876705318689346,91.2882616519928,172.59320533275604,0.0002775986076277845,1.7555434933075538,2.397127851843834,68.0,52.0,72.0,0.0,1.0,1.0,263.88146698474884,2.1280763466512003,2.1280763466512003,1138.0096435546875,-0.004490802064538002,0.03133431822061539,1563,1.0,1.632325029597932,0.0,0.926927271980481,0.0,1.4537293723574052
144,110,1670,0.9257206208425721,1804,2426,0.04406783729791641,0.0,0.014082041569054127,0.04406783729791641,0.0,0.00020708884660373717,0.0008474584095753157,0.0,68.0,52.0,72.0,0.0,0.0,0.0,0.04406783729791641,0.0003553857846606162,0.0003553857846606162,2437.4375,-0.0003732012410182506,0.029498910531401634,2071,0.0024142926122646064,1.0123004627353709,0.9975857073877354,3.5137760611364226,0.0,1.2285736553639788
176,136,1665,0.9519725557461407,1749,3210,168.7473732829094,1.0,2.236875647911802,53.58455139398575,115.16282188892365,0.03338620370017615,1.0304721421920335,1.5994836373461618,67.0,52.0,72.0,0.14705882352941177,1.0,1.0,168.7473732829094,1.36086591357185,1.36086591357185,2387.58203125,4.107210043002851e-05,0.019996464252471924,2046,0.8778103616813294,1.3948884626827494,0.2878787878787879,1.2905801252195694,0.0,1.1743268917812284
593,451,1664,0.9379932356257046,1774,3697,181.5530042052269,1.0,0.39908955921418965,51.188285648822784,130.3647185564041,0.005868964106091024,0.9843901086312074,1.8106210910611682,68.0,52.0,72.0,0.0,1.0,1.0,181.5530042052269,1.4641371306873137,1.4641371306873137,1344.706787109375,0.008730515837669373,0.034338630735874176,1910,0.7366492146596859,1.3860495834812319,0.46910994764397906,1.5599181758322769,0.14450261780104712,1.5357793872607997
501,382,1663,1.0,1663,5482,38.39178628101945,0.8301886792452831,0.054431694792583585,18.531377531588078,19.86040874943137,0.000800466099890935,0.3563726448382323,0.27583901040876907,68.0,52.0,72.0,0.0,0.8301886792452831,0.6438356164383562,38.39178628101945,0.3096111796856407,0.3096111796856407,1446.6328125,-0.0032565342262387276,0.03044235147535801,2417,0.29954489035995036,1.252544474358188,0.9085643359536616,4.728319548037259,0.0,1.1706720210394221
196,145,1656,0.9144119271120927,1811,3736,60.81631416082382,0.7735849056603774,0.05905491625890136,27.498749159276485,33.31756500154734,0.0008814166605806173,0.5288220992168555,0.4627439583548241,67.0,52.0,72.0,0.0,0.7735849056603774,0.7123287671232876,60.81631416082382,0.49045414645825663,0.49045414645825663,1747.649169921875,-0.0032448330894112587,0.03036661073565483,0,0.0,,0.0,,0.0,
240,185,1654,0.975811209439528,1695,2454,0.0,0.0,0.0,0.0,0.0,0.0,0.0,0.0,67.0,53.0,72.0,0.0,0.0,0.0,0.0,0.0,0.0,1702.414306640625,0.001978964079171419,0.03667362779378891,293,0.0,1.1892462797690704,0.0,1.161316672923092,1.0,2.1494772603809857
56,28,1653,1.0,1653,4615,148.22703105211258,1.0,0.06016848282888532,44.189710438251495,104.03732061386108,0.0008848306298365488,0.8498021238125287,1.444962786303626,68.0,52.0,72.0,0.0,1.0,0.9863013698630136,148.22703105211258,1.1953792826783272,1.1953792826783272,1894.3570556640625,-0.002420819364488125,0.02113782986998558,2297,0.5171963430561602,1.2667600170006166,0.7757945145842403,2.0126631111185067,0.0,1.2654762053958688
483,370,1649,0.900600764609503,1831,2835,147.25887849926949,1.0,1.8449084851890802,46.09909614920616,101.15978235006332,0.02713100713513353,0.8865210797924262,1.4049969770842128,68.0,52.0,72.0,0.0,1.0,1.0,147.25887849926949,1.1875716008005603,1.1875716008005603,1943.5728759765625,0.0019395818235352635,0.03442718833684921,962,0.030145530145530147,1.27202060551268,0.9698544698544699,2.33275331886633,0.0,1.37939317214535
91,63,1640,0.9409064830751578,1743,3093,91.3641194999218,1.0,0.0,28.798483967781067,62.56563553214073,0.0,0.5538169993804052,0.8689671601686213,68.0,52.0,72.0,0.0,1.0,1.0,91.3641194999218,0.73680741532195,0.73680741532195,3309.91455078125,-0.005138083826750517,0.02037082612514496,3028,0.6677675033025099,1.3468246521291851,0.8916776750330251,3.973462072620456,0.0,1.2854323430937278
275,215,1638,1.0,1638,6919,44.821365132927895,0.5370370370370371,1.2849025563918985,15.014257989823818,29.807107143104076,0.018895625829292627,0.2832878866004494,0.41398759920977884,68.0,53.0,72.0,0.0,0.5370370370370371,0.7945205479452054,44.821365132927895,0.35857092106342314,0.35857092106342314,1727.2200927734375,0.006250329781323671,0.033820990473032,882,0.0,1.186171506333793,1.0,2.3047494342563604,0.0,1.489075226167596
303,249,1623,0.9866261398176291,1645,4005,126.52901980280876,1.0,0.006279392167925835,37.6523594558239,88.87666034698486,9.234400246949757e-05,0.7104218765249792,1.2343980603747897,68.0,53.0,72.0,0.0,1.0,1.0,126.52901980280876,1.01223215842247,1.01223215842247,2651.320556640625,0.00022691737103741616,0.032068196684122086,1462,0.010259917920656635,1.346241208009777,0.9924760601915185,2.1550404328989115,0.0,1.4116332744221545
306,250,1622,0.8951434878587197,1812,3255,172.22036361694336,1.0,0.051133888598997146,53.37442350387573,118.84594011306763,0.0007519689499852521,1.0070645944127496,1.6506380571259394,68.0,53.0,72.0,0.0,1.0,1.0,172.22036361694336,1.377762908935547,1.377762908935547,2658.519287109375,-0.0027496726252138615,0.03459465131163597,1341,0.9947800149142431,1.6582430739036986,0.008948545861297539,0.8082616353738917,0.019388516032811335,1.546596616624704
661,507,1616,0.8893780957622455,1817,2563,258.24154341220856,1.0,1.1530407504178584,83.91183269023895,174.3297107219696,0.016956481623792034,1.613689090196903,2.421245982249578,68.0,52.0,72.0,0.014492753623188406,1.0,1.0,258.24154341220856,2.08259309203394,2.08259309203394,3929.707275390625,-0.002364224987104535,0.01940344087779522,2978,0.7871054398925453,1.5262163910501014,0.5664875755540631,2.137047998500184,0.0,1.4241701364384975
132,94,1615,1.0,1615,4555,215.08579057455063,1.0,0.054312155582010746,68.16645222902298,146.91933834552765,0.0007987081703236874,1.3108933120965958,2.040546365910106,68.0,52.0,72.0,0.0,1.0,1.0,215.08579057455063,1.734562827214118,1.734562827214118,1605.716064453125,-0.005466488189995289,0.02205788716673851,2818,0.7558552164655784,1.5475158341713704,0.8353442157558553,3.4414583534339003,0.0,1.201832099343759
499,380,1613,0.7178460169114375,2247,3413,34.538819700013846,0.2641509433962264,0.02514222078025341,5.94497326342389,28.593846436589956,0.00036973854088607957,0.11432640891199788,0.3971367560637494,68.0,52.0,72.0,0.0,0.2641509433962264,0.7397260273972602,34.538819700013846,0.27853886854849874,0.27853886854849874,1318.29150390625,-0.007608774118125439,0.02215754985809326,2322,0.5198105081826012,1.4674339590040566,0.6223083548664944,2.524413788167244,0.0,1.2255628170971362
644,491,1612,0.9107344632768362,1770,3777,237.53463304042816,1.0,2.217516917269677,75.10776269435883,162.42687034606934,0.032610542901024664,1.4443800518145928,2.2559287548065186,68.0,52.0,72.0,0.0,1.0,1.0,237.53463304042816,1.9156018793582916,1.9156018793582916,2353.177490234375,0.001914321444928646,0.023564033210277557,1306,1.0,2.159695411065447,0.0,0.8931538850885529,0.0,1.410166947115073
349,281,1599,1.0,1599,3661,193.8405439555645,1.0,1.0906477065291256,71.25381168723106,122.58673226833344,0.016038936860722434,1.3444115412685107,1.7025935037268534,68.0,53.0,72.0,0.0,1.0,1.0,193.8405439555645,1.550724351644516,1.550724351644516,890.9541015625,0.00030860138940624893,0.03007780946791172,1495,0.0,1.1964069346998458,1.0,2.7128730804198615,0.0,1.1277115684683938
134,97,1589,0.890695067264574,1784,2523,131.8769212961197,1.0,0.16182940546423197,49.80882340669632,82.06809788942337,0.0023798441980034113,0.9578619885903138,1.139834692908658,68.0,52.0,72.0,0.0,1.0,1.0,131.8769212961197,1.063523558839675,1.063523558839675,2698.2880859375,0.006166853941977024,0.019930552691221237,3100,0.6058064516129033,1.4932792432012025,0.7158064516129032,2.272082869754953,0.0,1.36098289631169
140,101,1589,0.9736519607843137,1632,2685,180.8752921819687,1.0,0.0017594816163182259,71.07157731056213,109.80371487140656,2.5874729651738616e-05,1.366761102126195,1.525051595436202,68.0,52.0,72.0,0.0,1.0,1.0,180.8752921819687,1.4586717111449088,1.4586717111449088,2127.42431640625,0.00884818285703659,0.031232135370373726,2305,0.558351409978308,1.3149643531353867,0.8976138828633405,3.247597487154697,0.0,1.276896048346814
256,197,1587,0.9736196319018405,1630,6567,1.7171985425520688,0.0,0.15801517572253942,0.06646450236439705,1.6507340401876718,0.0023237525841549914,0.001254047214422586,0.02292686166927322,68.0,53.0,72.0,0.0,0.0,0.0,1.7171985425520688,0.013737588340416551,0.013737588340416551,2497.66015625,-0.0005938663380220532,0.03539486229419708,1020,0.0,1.0464656977371454,1.0,2.2608254163853814,0.0,1.2733956205508299
37,15,1586,0.8996029495178672,1763,4268,162.39445012807846,1.0,0.1120637015264947,53.762188613414764,108.6322615146637,0.0016479956106837455,1.0338882425656686,1.530031852319207,68.0,52.0,71.0,0.0,1.0,1.0,162.39445012807846,1.3202800823421013,1.3202800823421013,2371.67724609375,-0.006547709461301565,0.02929545007646084,2460,0.7849593495934959,1.3920849380077647,0.5849593495934959,1.7056535759267248,0.0,1.3342426619172092
53,32,1586,0.991869918699187,1599,3065,0.29741969308815897,0.0,0.0,0.028110760496929288,0.2693089325912297,0.0,0.0005405915480178709,0.003793083557622953,68.0,52.0,71.0,0.0,0.0,0.0,0.29741969308815897,0.002418046285269585,0.002418046285269585,2506.859375,0.004716210067272186,0.02733943611383438,504,1.0,1.4638865712649327,0.0,0.8679132128353696,0.0,1.3199121117008683
581,409,1583,0.8402335456475584,1884,6585,93.44852122664452,1.0,2.0136424051597714,34.43415609002113,59.01436513662338,0.029612388311173108,0.6621953094234834,0.8196439602308803,68.0,52.0,72.0,0.028985507246376812,1.0,1.0,93.44852122664452,0.7536171066664881,0.7536171066664881,2844.4150390625,0.0011041576508432627,0.012180779129266739,2518,0.21564733915806195,1.3122015324473757,0.897537728355838,3.2967532438902696,0.15369340746624305,1.5286522037193502
171,129,1579,0.8297425118234367,1903,3136,110.96803277730942,1.0,1.7163069889211329,32.92512089014053,78.04291188716888,0.025616522222703476,0.6331754017334718,1.0839293317662344,67.0,52.0,72.0,0.0,1.0,1.0,110.96803277730942,0.894903490139592,0.894903490139592,3721.676025390625,-0.007523484528064728,0.020238948985934258,1887,0.8139904610492846,1.406675787931246,0.7270800211976682,2.160920559081708,0.0,1.321918570999901
371,301,1576,0.9276044732195409,1699,7446,99.37689161300659,0.3888888888888889,0.45952260263220523,33.47856813669205,65.89832347631454,0.006757685332826548,0.6316710969187179,0.9152544927265909,68.0,53.0,72.0,0.0,0.3888888888888889,0.6575342465753424,99.37689161300659,0.7950151329040527,0.7950151329040527,2785.16455078125,-0.03571873530745506,0.15600362420082092,2638,0.7831690674753601,1.5723597916717875,0.6065200909780136,1.7779074502937335,0.0,1.6059241343908506
99,65,1556,0.989821882951654,1572,3116,184.5592823624611,1.0,0.0,64.11937767267227,120.43990468978882,0.0,1.2330649552436976,1.6727764540248447,68.0,52.0,72.0,0.0,1.0,1.0,184.5592823624611,1.4883813093746863,1.4883813093746863,2461.9580078125,-0.002983727492392063,0.023303113877773285,2243,0.1912617030762372,1.1175928897103728,0.8930004458314758,2.4664969323263555,0.16406598305840392,1.5738252560315904
60,34,1552,1.0,1552,6533,2.656974825586076,0.0,1.6024673512292793,1.1054190620052395,1.5515557635808364,0.02356569634160705,0.021258058884716144,0.021549385605289392,68.0,52.0,72.0,0.0,0.0,0.0,2.656974825586076,0.02142721633537158,0.02142721633537158,2493.415283203125,0.0006264110561460257,0.014681942760944366,0,0.0,,0.0,,0.0,
103,67,1550,0.9292565947242206,1668,2381,66.2341896891594,1.0,2.0785521709767636,17.085254967212677,49.148934721946716,0.03056694369083476,0.32856259552332073,0.6826240933603711,68.0,52.0,72.0,0.0,1.0,1.0,66.2341896891594,0.5341466910416081,0.5341466910416081,4019.79833984375,0.0013721215073019266,0.02592691034078598,2695,0.9654916512059369,1.8215060344454768,0.40037105751391466,1.5566586594947929,0.0,1.2071525654875128
186,141,1549,1.0,1549,6102,243.55918323993683,1.0,0.018426116555929184,84.74273180961609,158.81645143032074,0.0002750166650138684,1.629667919415694,2.2057840476433435,67.0,52.0,72.0,0.0,1.0,1.0,243.55918323993683,1.9641869616123937,1.9641869616123937,772.0537719726562,-0.0027681970968842506,0.025352099910378456,2245,0.09888641425389755,1.1120293196335231,0.999554565701559,3.122623142994938,0.0,1.1676937706672263
25,2,1545,0.9443765281173594,1636,3892,143.27977705188096,0.9622641509433962,0.0,44.61452061124146,98.6652564406395,0.0,0.8579715502161819,1.3896514991639366,68.0,52.0,71.0,0.0,0.9622641509433962,1.0,143.27977705188096,1.164876236194154,1.164876236194154,2122.001953125,0.000331337156239897,0.01810959354043007,2274,1.0,1.497400418470414,0.0,1.0880965713386346,0.0,1.1717616323665423
402,312,1538,0.9343863912515188,1646,3814,7.207725148764439,0.24074074074074073,0.08285984769463539,3.0053232294740155,4.202401919290423,0.0012185271719799323,0.056704211876868214,0.0583666933234781,68.0,53.0,72.0,0.0,0.24074074074074073,0.2602739726027397,7.207725148764439,0.05766180119011551,0.05766180119011551,6203.658203125,-0.0035974967759102583,0.016307543963193893,824,0.0,1.3787635234630733,1.0,1.879649769221289,0.0,1.4242571679432372
87,57,1535,0.9839743589743589,1560,3079,241.39972531795502,1.0,0.6374260182492435,93.3180980682373,148.0816272497177,0.00937391203307711,1.7945788090045636,2.0566892673571906,68.0,52.0,72.0,0.0,1.0,1.0,241.39972531795502,1.946771978370605,1.946771978370605,1624.9892578125,0.005271423142403364,0.029203949496150017,2191,1.0,1.6799573447445575,0.03240529438612506,1.2600657405737445,0.0,1.2760972326514144
407,324,1526,1.0,1526,4480,94.00711725652218,1.0,0.08392192935571074,35.24967458844185,58.75744266808033,0.0012341460199369228,0.6650881997819217,0.8160755926122268,68.0,53.0,72.0,0.0,1.0,0.9726027397260274,94.00711725652218,0.7520569380521774,0.7520569380521774,1081.1185302734375,0.006183445453643799,0.028144823387265205,2414,0.9991714995857498,1.6367727883091685,0.035211267605633804,1.2619012464731068,0.0,1.1548409824767731
224,176,1507,0.8509316770186336,1771,4122,5.309784141485579,0.2037037037037037,11.931988175958395,4.636486683040857,0.673297458444722,0.17808937576057307,0.08748088081209164,0.009351353589510027,67.0,53.0,72.0,0.9558823529411765,0.2037037037037037,0.0136986301369863,5.309784141485579,0.04247827313188463,0.04247827313188463,3545.95458984375,-0.0003290515742264688,0.02263273298740387,1662,0.9795427196149218,1.4828616835526933,0.0,0.874441477728376,0.02045728038507822,1.3381025704737646
178,137,1503,0.99800796812749,1506,2229,162.77644580602646,1.0,0.0,63.61671024560928,99.15973556041718,0.0,1.2233982739540248,1.3772185494502385,67.0,52.0,72.0,0.0,1.0,1.0,162.77644580602646,1.3127132726292456,1.3127132726292456,2175.853515625,0.009016058407723904,0.042342908680438995,1510,0.7052980132450332,1.2772934873362842,0.9278145695364238,2.3722293331879096,0.0,1.225474465273677
395,304,1502,0.9772283669486012,1537,7846,0.37123152893036604,0.0,2.991269546560943,0.35423394944518805,0.016997579485177994,0.043989258037660926,0.006683659423494114,0.00023607749284969436,68.0,53.0,72.0,0.0,0.0,0.0,0.37123152893036604,0.0029698522314429284,0.0029698522314429284,2400.287109375,-0.04956278204917908,0.22852623462677002,1549,0.040025823111684955,1.018831915959468,0.959974176888315,2.841601445798684,0.0,1.1904716644500708
444,340,1498,0.9973368841544608,1502,4215,56.18393967486918,0.2830188679245283,0.18943850754294544,8.998357200995088,47.18558247387409,0.0027858604050433155,0.17304533078836706,0.6553553121371402,68.0,52.0,72.0,0.0,0.2830188679245283,0.9726027397260274,56.18393967486918,0.4530962877005579,0.4530962877005579,1173.7091064453125,-0.0074719893746078014,0.03493645787239075,2214,0.0,0.9988943349553341,1.0,3.706897387097237,0.0,1.1743102626449218
183,146,1494,1.0,1494,4642,176.06940865516663,1.0,0.0,65.79335367679596,110.27605497837067,0.0,1.2652568014768453,1.5316118746995926,67.0,52.0,72.0,0.0,1.0,1.0,176.06940865516663,1.4199145859287632,1.4199145859287632,2275.583984375,0.0016444954089820385,0.01866922900080681,1377,1.0,1.379820959061996,0.0,2.121203220555056,0.0,1.3883307411090053
512,390,1492,1.0,1492,5027,196.9332589507103,1.0,2.4973828077781945,52.12209588289261,144.8111630678177,0.03672621776144404,1.0023479977479348,2.0112661537196903,68.0,52.0,72.0,0.0,1.0,1.0,196.9332589507103,1.5881714431508895,1.5881714431508895,1661.712158203125,0.0026499212253838778,0.020481854677200317,1848,0.0367965367965368,1.1188226444188618,0.9707792207792207,2.980752093634813,0.0,1.2975606584089505
383,307,1489,0.9828382838283828,1515,3497,81.52347999811172,0.05555555555555555,0.0971081597963348,28.408065527677536,53.11541447043419,0.0014280611734755117,0.5360012363712743,0.7377140898671415,68.0,53.0,72.0,0.0,0.05555555555555555,0.2602739726027397,81.52347999811172,0.6521878399848938,0.6521878399848938,3151.384521484375,-0.043949924409389496,0.19632947444915771,1463,0.13875598086124402,1.136649062209621,0.885850991114149,2.73232316330543,0.0,1.0987706165764406
455,339,1486,1.0,1486,5949,203.975951731205,1.0,0.21136855662916787,67.38800710439682,136.58794462680817,0.0031083611268995274,1.2959232135460927,1.8970547864834468,68.0,52.0,72.0,0.0,1.0,1.0,203.975951731205,1.644967352671008,1.644967352671008,1187.7103271484375,0.004189709201455116,0.03174111992120743,1597,0.08578584846587352,1.146518874759089,1.0,3.277469457490269,0.0,1.031665299118541
638,487,1484,0.8514056224899599,1743,2331,319.6287887096405,1.0,2.25643366179429,113.86607646942139,205.76271224021912,0.03318284796756309,2.189732239796565,2.857815447780821,68.0,52.0,72.0,0.0,1.0,1.0,319.6287887096405,2.5776515218519394,2.5776515218519394,1815.53369140625,-0.0010123895481228828,0.036543283611536026,2321,0.5868160275743214,1.4331957421030674,0.5290822921154674,1.9365236634238057,0.4187850064627316,1.7913526517802114
659,505,1473,0.7530674846625767,1956,2064,191.26380616426468,1.0,7.642092915251851,57.91330772638321,133.35049843788147,0.11238371934193898,1.1137174562766001,1.852090256081687,68.0,52.0,72.0,0.463768115942029,1.0,1.0,191.26380616426468,1.5424500497118119,1.5424500497118119,3030.040283203125,-0.0003156253369525075,0.02411133423447609,2510,0.8697211155378486,1.5824108828612249,0.49083665338645416,2.090416340750564,0.034661354581673305,1.3545714445158665
292,230,1471,1.0,1471,2214,140.14032915234566,1.0,1.9852304374799132,62.44277489185333,77.69755426049232,0.029194565257057548,1.1781655639972326,1.0791326980623934,68.0,53.0,72.0,0.0,1.0,1.0,140.14032915234566,1.1211226332187652,1.1211226332187652,2263.260009765625,0.0063703712075948715,0.04166415333747864,1776,0.01295045045045045,0.9315023661291615,0.9870495495495496,2.8826432897830467,0.0,1.0511455095978541
519,401,1471,0.9165109034267913,1605,4541,0.3570896512210311,0.0,0.06155302980914712,0.031357843428850174,0.3257318077921809,0.0009051916148403988,0.000603035450554811,0.0045240528860025124,68.0,52.0,72.0,0.0,0.0,0.0,0.3570896512210311,0.002879755251782509,0.002879755251782509,2383.96044921875,0.001657897955738008,0.02399243786931038,1780,0.8584269662921349,1.5650434926993346,0.7792134831460674,2.365439727629201,0.0,1.3606614593925
129,93,1469,0.7731578947368422,1900,2081,246.83300578594208,1.0,2.5478788670152426,95.41305577754974,151.41995000839233,0.03746880686787121,1.834866457260572,2.103054861227671,68.0,52.0,72.0,0.0,1.0,1.0,246.83300578594208,1.9905887563382425,1.9905887563382425,1615.8856201171875,0.001635239808820188,0.03790546581149101,1856,0.0,1.1718161202025343,1.0,3.030828763148924,0.0,1.146557572605444
403,314,1469,1.0,1469,6155,182.62759506702423,1.0,0.28996392857516184,63.519285798072815,119.10830926895142,0.004264175420222969,1.1984770905296758,1.6542820731798809,68.0,53.0,72.0,0.0,1.0,1.0,182.62759506702423,1.4610207605361938,1.4610207605361938,2316.923828125,0.0019624808337539434,0.01767180860042572,2322,1.0,1.5317453913133068,0.08311800172265288,1.2773726070715294,0.0,1.4512786671373867
334,265,1462,1.0,1462,2793,280.8356144428253,1.0,0.024059248622506857,103.59020912647247,177.24540531635284,0.0003538124797427479,1.954532247669292,2.4617417405049005,68.0,53.0,72.0,0.0,1.0,1.0,280.8356144428253,2.2466849155426027,2.2466849155426027,1668.361572265625,-0.0005210842937231064,0.03885219991207123,1501,0.0,0.9499319880423517,1.0,2.730492335415245,0.0,1.0536878873760696
616,471,1458,0.7115666178623719,2049,4572,153.12460720539093,1.0,3.6750458157621324,59.34351223707199,93.78109496831894,0.05404479140826665,1.1412213891744614,1.3025152078933186,68.0,52.0,72.0,0.17391304347826086,1.0,1.0,153.12460720539093,1.2348758645596043,1.2348758645596043,2944.82666015625,0.0002254527062177658,0.02159544825553894,3118,0.5965362411802437,1.5633890593755517,0.6074406670942912,2.401528871544581,0.5192431045542014,2.0180881010315574
621,468,1454,1.0,1454,2218,175.25791773200035,1.0,0.24257718259468675,66.32184627652168,108.93607145547867,0.003567311508745393,1.2754201207023401,1.5130009924372037,68.0,52.0,72.0,0.0,1.0,1.0,175.25791773200035,1.4133703042903254,1.4133703042903254,1953.031982421875,-0.00907096266746521,0.026384444907307625,1973,0.45970603142422706,1.2494477394564236,0.6842372022301064,2.327365397747407,0.40902179422199697,1.7876922862562172
155,117,1452,0.9622266401590457,1509,5269,104.34280294179916,1.0,0.0,43.35679951310158,60.986003428697586,0.0,0.8337846060211842,0.8470278253985776,68.0,52.0,72.0,0.0,1.0,1.0,104.34280294179916,0.8414742172725739,0.8414742172725739,1956.302734375,0.005804574117064476,0.0315711535513401,2077,0.6557534906114588,1.4205032261446902,0.7592681752527685,2.1549818395199862,0.0,1.3384338132813702
511,384,1449,1.0,1449,7147,210.29072773456573,1.0,0.998085722225369,68.83527851104736,141.45544922351837,0.014677731209196602,1.3237553559816801,1.9646590169933107,68.0,52.0,72.0,0.0,1.0,1.0,210.29072773456573,1.6958929656013366,1.6958929656013366,999.5164184570312,0.005879577249288559,0.021586313843727112,0,0.0,,0.0,,0.0,
320,252,1448,1.0,1448,5589,111.90142372250557,1.0,2.3037081896327436,40.627931386232376,71.2734923362732,0.03387806161224623,0.76656474313646,0.9899096157815721,68.0,53.0,72.0,0.0,1.0,1.0,111.90142372250557,0.8952113897800446,0.8952113897800446,1121.631591796875,-0.00025526186800561845,0.027660179883241653,1234,0.0,1.1337203497928214,0.0,0.8263387031668388,1.0,2.5139617522321207
361,299,1441,0.8010005558643691,1799,2374,0.0,0.0,0.0,0.0,0.0,0.0,0.0,0.0,68.0,53.0,72.0,0.0,0.0,0.0,0.0,0.0,0.0,3253.8896484375,-0.002623495878651738,0.03745175525546074,2202,0.0,1.5966359011926325,0.810172570390554,1.87404858826247,0.4645776566757493,1.9030228008809231
597,444,1441,0.7215823735603405,1997,2718,280.01560378074646,1.0,0.004824629984796047,93.80954194068909,186.20606184005737,7.095044095288304e-05,1.8040296527055593,2.5861953033341303,68.0,52.0,72.0,0.0,1.0,1.0,280.01560378074646,2.258190353070536,2.258190353070536,2292.97265625,0.006169683299958706,0.03446211665868759,3102,0.9097356544165055,1.8857410088665458,0.0,0.9977002892815818,0.4574468085106383,2.0560497450772814
63,37,1437,0.9924033149171271,1448,5178,291.1677311658859,1.0,0.6333979233168066,106.90951979160309,184.25821137428284,0.009314675342894214,2.0559523036846747,2.559141824642817,68.0,52.0,72.0,0.0,1.0,1.0,291.1677311658859,2.3481268642410154,2.3481268642410154,1226.3548583984375,-0.000495661050081253,0.028293171897530556,2207,0.4281830539193475,1.2925611306995215,0.8513819664703217,2.920104242383254,0.06887177163570457,1.4781163544402356
632,484,1433,0.8245109321058688,1738,1672,180.79548767209053,1.0,2.0458102062693797,72.00364652276039,108.79184114933014,0.03008544420984382,1.3846855100530844,1.5109977937406964,68.0,52.0,72.0,0.014492753623188406,1.0,1.0,180.79548767209053,1.4580281263878268,1.4580281263878268,2340.75244140625,0.0047095469199121,0.021444007754325867,2453,0.3440684875662454,1.2794849233206846,0.08479412963717896,1.3975372390668928,0.8548715858132898,2.6172052035966646
586,439,1430,0.9986033519553073,1432,4129,161.29687994718552,1.0,0.344271184047102,50.204921305179596,111.09195864200592,0.005062811530104441,0.9654792558688384,1.54294387002786,68.0,52.0,72.0,0.0,1.0,1.0,161.29687994718552,1.3007812898966573,1.3007812898966573,2071.45556640625,0.002715523587539792,0.01852748729288578,1721,1.0,1.5168817169856328,0.0,1.386539355882104,0.0,1.1755480875741768
448,346,1429,0.9451058201058201,1512,4117,307.54195535182953,1.0,0.0,108.35528290271759,199.18667244911194,0.0,2.0837554404368768,2.7664815617932215,68.0,52.0,72.0,0.0,1.0,1.0,307.54195535182953,2.480177059288948,2.480177059288948,1417.80810546875,-0.002590194810181856,0.02667536586523056,1265,0.8782608695652174,1.755196228159074,0.4379446640316206,1.7596723397739855,0.0,1.31890150098902
522,394,1409,1.0,1409,4375,196.89965212345123,1.0,0.0,70.92578780651093,125.97386431694031,0.0,1.3639574578175178,1.7496370044019487,68.0,52.0,72.0,0.0,1.0,1.0,196.89965212345123,1.5879004203504132,1.5879004203504132,1249.0458984375,0.006898665335029364,0.025734873488545418,826,0.0,1.1169726764555068,1.0,2.716988127427743,0.0,1.5608633307368456
32,8,1407,0.7904494382022472,1780,2337,30.693572212941945,0.4339622641509434,1.2563636405393481,12.895492310635746,17.7980799023062,0.018475935890284532,0.2479902367429951,0.25067718172262254,68.0,52.0,71.0,0.0,0.4339622641509434,0.375,30.693572212941945,0.24954123750359306,0.24954123750359306,2538.77783203125,0.00581034179776907,0.03153827413916588,2093,0.1433349259436216,1.0840047051004003,0.9092212135690396,2.376741736107924,0.0,1.2223082657878004
169,131,1402,0.8778960551033187,1597,1585,131.96752830594778,1.0,0.0,79.35629713535309,52.61123117059469,0.0,1.5260826372183287,0.7307115440360374,67.0,52.0,72.0,0.0,1.0,0.5616438356164384,131.96752830594778,1.064254260531837,1.064254260531837,2107.5107421875,0.0017126115271821618,0.017950113862752914,1882,0.0,1.1608766467726102,1.0,4.050653877639445,0.0,1.3387551411295524
445,338,1402,0.9736111111111111,1440,4213,44.900082803098485,0.7037037037037037,0.6052374015562236,10.113682127324864,34.78640067577362,0.008900550022885641,0.1908241910816012,0.48314445383018917,68.0,53.0,72.0,0.0,0.7037037037037037,1.0,44.900082803098485,0.3592006624247879,0.3592006624247879,4442.6201171875,0.0010212495690211654,0.011111332103610039,44,0.0,1.0626187709015844,1.0,1.6795261487725675,0.0,1.1843318723678782
73,41,1401,0.9936170212765958,1410,3980,0.4442009621998295,0.0,0.0,0.0521009610965848,0.3921000011032447,0.0,0.0010019415595497077,0.005445833348656177,68.0,52.0,72.0,0.0,0.0,0.0,0.4442009621998295,0.0035822658241921736,0.0035822658241921736,1423.85009765625,0.004106869921088219,0.03194901719689369,1513,0.5941837409120951,1.2516793137755813,0.634500991407799,1.5326331784649234,0.0,1.0743042682966195
143,107,1393,0.9935805991440799,1402,2594,235.13364279270172,1.0,0.006227198522537947,95.08122169971466,140.05242109298706,9.157644886085215e-05,1.8284850326868205,1.9451725151803758,68.0,52.0,72.0,0.0,1.0,1.0,235.13364279270172,1.8962390547798527,1.8962390547798527,1708.73388671875,-0.011100726202130318,0.03509041294455528,0,0.0,,0.0,,0.0,
44,26,1392,1.0,1392,5209,10.992432343773544,0.0,0.3575494723627344,3.4063034085556865,7.586128935217857,0.005258080475922564,0.06550583477991705,0.10684688641151911,68.0,52.0,71.0,0.0,0.0,0.2361111111111111,10.992432343773544,0.0893693686485654,0.0893693686485654,1361.033935546875,0.0018069520592689514,0.026594705879688263,1691,0.309284447072738,1.144564417685216,0.9852158486102898,3.2661296470569465,0.0,1.325284080751761
308,251,1391,0.9392302498311952,1481,2250,150.1260666847229,1.0,0.8620306621469354,48.73213475942612,101.39393192529678,0.012676921502160814,0.919474240743889,1.4082490545180109,68.0,53.0,72.0,0.0,1.0,1.0,150.1260666847229,1.2010085334777831,1.2010085334777831,2253.16943359375,-0.005080156493932009,0.03198963403701782,255,1.0,1.8932467949853775,0.0,1.0173059575655488,0.0,1.1751799023735534
310,247,1377,0.9418604651162791,1462,2841,211.1294602751732,1.0,1.7890138025977649,54.3703972697258,156.7590630054474,0.02630902650879066,1.0258565522589773,2.1772092084089913,68.0,53.0,72.0,0.0,1.0,1.0,211.1294602751732,1.6890356822013854,1.6890356822013854,2119.8486328125,0.0015413633082062006,0.033861905336380005,1879,0.35497605109100583,1.1548264482426496,0.8994145822245876,3.234524524379587,0.0,1.181986351070831
118,73,1376,0.8883150419625565,1549,4244,97.96355655789375,1.0,0.0,31.796498209238052,66.1670583486557,0.0,0.6114711194084241,0.918986921509107,68.0,52.0,72.0,0.0,1.0,1.0,97.96355655789375,0.790028681918498,0.790028681918498,3898.5830078125,0.0023239748552441597,0.01872388646006584,2415,0.7358178053830228,1.3938521597369733,0.8211180124223603,4.213405625051465,0.0,1.1101703027287801
385,310,1367,0.8646426312460468,1581,2708,0.0,0.0,0.6678458915557712,0.0,0.0,0.009821263111114283,0.0,0.0,68.0,53.0,72.0,0.0,0.0,0.0,0.0,0.0,0.0,1748.963134765625,-0.04764263704419136,0.20588578283786774,760,0.0,1.050635446092615,1.0,1.7648634795730427,0.0,1.1735375829763364
344,278,1365,1.0,1365,3008,188.36817890405655,1.0,0.0,69.72652125358582,118.64165765047073,0.0,1.3155947406336945,1.6478008007009823,68.0,53.0,72.0,0.0,1.0,1.0,188.36817890405655,1.5069454312324524,1.5069454312324524,1784.6434326171875,0.0018798820674419403,0.027996854856610298,1611,0.08379888268156424,1.2284437829544321,0.8119180633147114,2.0974954218403554,0.260707635009311,1.670930091182383
293,231,1359,1.0,1359,4618,95.78449156880379,1.0,0.00020103639690205455,33.47423478960991,62.31025677919388,2.9564176015008023e-06,0.6315893356530171,0.8654202330443594,68.0,53.0,72.0,0.0,1.0,1.0,95.78449156880379,0.7662759325504302,0.7662759325504302,1932.12646484375,0.0007589723099954426,0.020453626289963722,1526,0.005897771952817824,0.9711898225416324,0.9941022280471822,2.2977750188900843,0.0,1.101381543199337
218,170,1346,1.0,1346,2890,128.63081675767899,1.0,0.08363236207515001,52.57696586847305,76.05385088920593,0.0012482442100768658,1.0110954974706357,1.0563034845723047,67.0,52.0,72.0,0.0,1.0,1.0,128.63081675767899,1.037345296432895,1.037345296432895,1341.5372314453125,0.004494227934628725,0.038094718009233475,0,0.0,,0.0,,0.0,
245,191,1345,0.8583280153158902,1567,4141,0.05171093624085188,0.0,0.10044880234636366,0.05171093624085188,0.0,0.0014992358559158755,0.0009756780422802241,0.0,67.0,53.0,72.0,0.0,0.0,0.0,0.05171093624085188,0.00041368748992681503,0.00041368748992681503,5166.330078125,0.003434899030253291,0.01353252213448286,1257,0.9912490055688147,1.3879500418597626,0.011933174224343675,1.368806228038144,0.0,1.3791734979642887
261,203,1344,1.0,1344,4524,266.5401917695999,1.0,0.34111209120601416,100.01876676082611,166.5214250087738,0.005016354282441384,1.8871465426570964,2.312797569566303,68.0,53.0,72.0,0.0,1.0,1.0,266.5401917695999,2.1323215341567994,2.1323215341567994,1311.3304443359375,0.00988426711410284,0.03375519812107086,1533,0.0,0.9263857362464294,1.0,2.840610518809663,0.0,1.0741701712932172
331,266,1341,0.8585147247119078,1562,1541,145.02385783195496,1.0,0.04619093518704176,59.8036704659462,85.22018736600876,0.0006792784586329671,1.1283711408669095,1.1836137134167883,68.0,53.0,72.0,0.0,1.0,1.0,145.02385783195496,1.1601908626556396,1.1601908626556396,2770.71533203125,0.0035706066992133856,0.04187583923339844,1585,0.0,1.0715802869832807,1.0,3.129238418642802,0.0,1.165291594681075
168,119,1339,1.0,1339,5166,45.463354617357254,1.0,0.0,17.574757367372513,27.88859724998474,0.0,0.3379761032187022,0.3873416284720103,68.0,52.0,72.0,0.0,1.0,1.0,45.463354617357254,0.36663995659159077,0.36663995659159077,3530.2236328125,-0.001812442671507597,0.019623050466179848,1733,0.15464512406231967,1.0916943445585938,0.9342181188690133,2.460962212329183,0.0,1.2520753502639925
401,313,1339,0.9370188943317005,1429,3400,20.08017920702696,0.8148148148148148,3.6406503450125456,5.9175494983792305,14.162629708647728,0.0535389756619492,0.11165187732791002,0.1967031903978851,68.0,53.0,72.0,0.11594202898550725,0.8148148148148148,1.0,20.08017920702696,0.16064143365621567,0.16064143365621567,5565.38134765625,0.007273021154105663,0.01769843138754368,2023,0.9510627780523975,1.5226941593712444,0.5160652496292635,1.7341184911512715,0.0,1.0370148949022806
201,159,1337,0.9536376604850214,1402,4761,106.06771840155125,1.0,0.27191234624478966,50.791841208934784,55.27587719261646,0.004058393227534174,0.9767661770948997,0.7677205165641175,67.0,52.0,72.0,0.0,1.0,0.9863013698630136,106.06771840155125,0.8553848258189617,0.8553848258189617,777.013427734375,0.004757889546453953,0.029061175882816315,0,0.0,,0.0,,0.0,
550,417,1337,0.8268398268398268,1617,2300,97.33428552746773,1.0,0.021855275612324476,26.830688923597336,70.50359660387039,0.0003214011119459482,0.5159747869922564,0.9792166194981999,68.0,52.0,72.0,0.0,1.0,1.0,97.33428552746773,0.7849539155440945,0.7849539155440945,3163.957763671875,0.0010693204822018743,0.027212761342525482,2148,0.0,1.095633293197305,1.0,4.284393714430488,0.0,1.2452472087251134
288,224,1336,1.0,1336,3158,105.97792080044746,1.0,0.014458786696195602,42.263928294181824,63.71399250626564,0.00021262921612052356,0.7974326093241854,0.8849165625870228,68.0,53.0,72.0,0.0,1.0,1.0,105.97792080044746,0.8478233664035797,0.8478233664035797,2317.5634765625,0.009534677490592003,0.0296244528144598,474,1.0,1.3904295844067183,0.0,0.9080693499678322,0.0,1.3349558139599265
36,18,1331,0.9873887240356083,1348,1850,102.28444844484329,1.0,0.0,39.07169109582901,63.21275734901428,0.0,0.7513786749197886,0.8903205260424547,68.0,52.0,71.0,0.0,1.0,1.0,102.28444844484329,0.8315808816653926,0.8315808816653926,2743.205078125,0.0013201709371060133,0.020862502977252007,2348,0.3415672913117547,1.1490740787198928,1.0,3.1548458710455494,0.0,1.2312038586170504
179,140,1331,1.0,1331,4204,110.38381963968277,1.0,0.6223732068901882,42.7212940454483,67.66252559423447,0.0092891523416446,0.8215633470278519,0.9397572999199232,67.0,52.0,72.0,0.0,1.0,1.0,110.38381963968277,0.8901920938684095,0.8901920938684095,1475.637451171875,-0.0093312319368124,0.03296475484967232,1970,0.4619289340101523,1.2678520688931267,0.9060913705583756,3.9950086350406666,0.0,1.259749744521786
665,503,1316,0.9676470588235294,1360,2913,133.3438232243061,1.0,0.0005140037392266095,45.70197758078575,87.64184564352036,7.558878518038375e-06,0.8788841842458799,1.2172478561600049,68.0,52.0,72.0,0.0,1.0,1.0,133.3438232243061,1.0753534130992428,1.0753534130992428,2362.5419921875,0.0017864728579297662,0.025235189124941826,1201,0.0,1.1399776038782443,0.0,0.9426364863952018,1.0,2.568488409449319
50,24,1311,0.9479392624728851,1383,4845,0.0,0.0,0.005063856951892376,0.0,0.0,7.446848458665259e-05,0.0,0.0,68.0,52.0,72.0,0.0,0.0,0.0,0.0,0.0,0.0,2399.19287109375,0.0044061290100216866,0.017941361293196678,0,0.0,,0.0,,0.0,
266,213,1310,0.896032831737346,1462,2071,117.27557483315468,0.8518518518518519,0.6504028378258226,52.74253508448601,64.53303974866867,0.009564747615085627,0.9951421714053964,0.8962922187315093,68.0,53.0,72.0,0.0,0.8518518518518519,0.5616438356164384,117.27557483315468,0.9382045986652374,0.9382045986652374,2334.13671875,-0.01027986966073513,0.06530777364969254,1529,0.0,1.1333350183407889,1.0,2.4117499482882594,0.0,1.268733193330435
307,239,1308,0.8916155419222904,1467,2851,20.4230058924295,0.0,0.4366058995947242,0.06522415624931455,20.357781736180186,0.0064206749940400615,0.0012306444575342368,0.28274696855805814,68.0,53.0,72.0,0.0,0.0,0.4657534246575342,20.4230058924295,0.163384047139436,0.163384047139436,2112.494140625,0.0003972299164161086,0.031850602477788925,1174,0.0,1.153803980617202,1.0,2.8748397706939457,0.0,1.023708550523579
72,43,1305,1.0,1305,5092,53.117944800294936,0.6792452830188679,0.03520648181438446,22.90224873367697,30.215696066617966,0.0005177423796233009,0.44042786026301867,0.419662445369694,68.0,52.0,72.0,0.0,0.6792452830188679,0.6027397260273972,53.117944800294936,0.42837052258302366,0.42837052258302366,1444.82275390625,-0.01084768958389759,0.021178891882300377,1637,0.44777031154551006,1.2722031985793758,0.0,0.867997898439586,0.9670128283445327,2.6886201387061925
633,481,1305,0.9760658189977561,1337,2351,144.63513153791428,1.0,0.002603056374937296,43.15600687265396,101.47912466526031,3.828024080790141e-05,0.8299232090894992,1.4094322870175044,68.0,52.0,72.0,0.0,1.0,1.0,144.63513153791428,1.166412351112212,1.166412351112212,2121.482666015625,0.005886094644665718,0.027803529053926468,1511,0.27332892124420916,1.202604116823275,0.8894771674387822,3.1067140542622202,0.0,1.2010899032243292
81,47,1302,0.9833836858006042,1324,4493,181.5328221321106,1.0,1.028688194033748,67.35463333129883,114.17818880081177,0.015127767559319823,1.2952814102172852,1.5858081777890523,68.0,52.0,72.0,0.0,1.0,1.0,181.5328221321106,1.46397437203315,1.46397437203315,1291.2010498046875,0.0029402354266494513,0.037722524255514145,2242,0.504014272970562,1.2704215193014279,0.983942908117752,4.267126083359342,0.0,1.1454038273730094
345,263,1297,1.0,1297,7079,10.624717827886343,0.07407407407407407,6.117886978201568,5.868003413081169,4.756714414805174,0.08996892615002305,0.11071704552983339,0.06606547798340519,68.0,53.0,72.0,0.057971014492753624,0.07407407407407407,0.0547945205479452,10.624717827886343,0.08499774262309075,0.08499774262309075,2215.332275390625,0.01086979266256094,0.02951689623296261,1027,0.0,0.8717204254009515,1.0,2.4132254564083153,0.0,1.0224817172751646
194,147,1291,1.0,1291,6082,2.396091351085488,0.0,0.19759300746954978,0.7578819416812621,1.6382094094042259,0.0029491493652171606,0.014574652724639656,0.02275290846394758,67.0,52.0,72.0,0.0,0.0,0.0136986301369863,2.396091351085488,0.019323317347463613,0.019323317347463613,2140.621337890625,0.0026759759057313204,0.031980231404304504,1742,0.39150401836969,1.2849802557261887,0.8828932261768083,2.731457633738207,0.0,1.3280348332509906
410,315,1291,1.0,1291,4861,49.78602893650532,0.9814814814814815,3.360928600654006,18.257847145199776,31.528181791305542,0.04942542059785303,0.34448768198490143,0.4378914137681325,68.0,53.0,72.0,0.0,0.9814814814814815,1.0,49.78602893650532,0.39828823149204257,0.39828823149204257,1487.7447509765625,-0.0041254498064517975,0.030964599922299385,1168,0.0,1.0942058579948055,1.0,3.012394300937288,0.0,1.1332230742367464
113,80,1289,0.9900153609831029,1302,2755,127.4565976858139,1.0,0.0,48.81197416782379,78.64462351799011,0.0,0.9386918109196883,1.0922864377498627,68.0,52.0,72.0,0.0,1.0,1.0,127.4565976858139,1.0278757877888218,1.0278757877888218,2626.91796875,-0.0064406427554786205,0.024899091571569443,1386,0.3528138528138528,1.2266323390620402,0.8881673881673882,1.9505722901397753,0.002886002886002886,1.4672880684487268
478,365,1289,1.0,1289,2370,96.215137347579,0.9811320754716981,0.6491469314787537,35.44583298265934,60.76930436491966,0.009546278404099318,0.6816506342819104,0.8440181161794398,68.0,52.0,72.0,0.0,0.9811320754716981,1.0,96.215137347579,0.7759285269966049,0.7759285269966049,1559.6396484375,0.002233053557574749,0.03901534527540207,1998,0.02052052052052052,1.065560022578894,0.995995995995996,4.81723480705265,0.0,1.1355280299325121
663,510,1284,0.9080622347949081,1414,2410,172.24930000305176,1.0,0.04726992663927376,28.396742463111877,143.85255753993988,0.00069514597998932,0.5460912012136899,1.9979521880547206,68.0,52.0,72.0,0.0,1.0,1.0,172.24930000305176,1.389107258089127,1.389107258089127,2150.919921875,0.0014047441072762012,0.03361348435282707,1749,0.1841052029731275,1.0769868920810077,0.8387650085763293,4.000737688961176,0.0,1.0588265280901321
637,483,1283,1.0,1283,4268,186.36061024665833,1.0,0.5512813767854823,52.1649614572525,134.19564878940582,0.008107079070374739,1.0031723357163942,1.8638284554084141,68.0,52.0,72.0,0.0,1.0,1.0,186.36061024665833,1.5029081471504704,1.5029081471504704,2094.8896484375,-0.003165848320350051,0.01843443512916565,1421,0.14567206192821958,1.2378002030765727,0.9035890218156228,3.2417122053718663,0.0,1.389691406023744
135,102,1271,0.9257101238164603,1373,1708,176.20811760425568,1.0,0.0,76.87130045890808,99.3368171453476,0.0,1.478294239594386,1.3796780159076054,68.0,52.0,72.0,0.0,1.0,1.0,176.20811760425568,1.4210332064859328,1.4210332064859328,2152.852783203125,0.005517079960554838,0.033449944108724594,1773,0.164692611393119,1.0347245858550427,0.8956570783981952,2.6660414025265005,0.0,1.1216830629142052
198,155,1270,0.9097421203438395,1396,3431,0.025660065952251898,0.0,0.06861889129504561,0.025660065952251898,0.0,0.0010241625566424718,0.0004934628067740749,0.0,67.0,52.0,72.0,0.0,0.0,0.0,0.025660065952251898,0.00020693601574396693,0.00020693601574396693,3094.1748046875,0.00023646448971703649,0.02370220422744751,1182,1.0,1.3293569182413159,0.0,0.969934194668402,0.0,1.366450820966998
646,482,1267,1.0,1267,4181,0.0,0.0,1.3232620902126655,0.0,0.0,0.019459736620774493,0.0,0.0,68.0,52.0,72.0,0.0,0.0,0.0,0.0,0.0,0.0,1887.0401611328125,-0.0027174234855920076,0.021887870505452156,2142,0.015406162464985995,1.0808231129791483,0.9883286647992531,4.550074742491676,0.026143790849673203,1.41128981457932
126,88,1262,0.9968404423380727,1266,2980,188.0544764995575,1.0,0.020786831039004028,69.09096610546112,118.96351039409637,0.00030568869175005923,1.3286724251050215,1.652270977695783,68.0,52.0,72.0,0.0,1.0,1.0,188.0544764995575,1.516568358867399,1.516568358867399,2206.53857421875,-0.00037939281901344657,0.018511351197957993,0,0.0,,0.0,,0.0,
54,33,1257,0.988985051140834,1271,2650,2.2081442781491205,0.0,0.9123341741069453,2.1155971948755905,0.09254708327353,0.01341667903098449,0.0406845614399152,0.0013034800461060563,68.0,52.0,71.0,0.0,0.0,0.0,2.2081442781491205,0.0179523925052774,0.0179523925052774,1461.5924072265625,-0.0015970629174262285,0.04250320792198181,0,0.0,,0.0,,0.0,
304,240,1244,1.0,1244,4891,146.325044631958,1.0,0.16026482125744224,47.75053358078003,98.57451105117798,0.0023568356067270916,0.9009534637883024,1.3690904312663608,68.0,53.0,72.0,0.0,1.0,1.0,146.325044631958,1.170600357055664,1.170600357055664,1892.11669921875,-0.003544856794178486,0.026405831798911095,903,1.0,1.3583707893063244,0.0,1.1553680748408994,0.0,1.2172308107867749
381,294,1235,0.9935639581657281,1243,4501,2.8392671505571343,0.0,1.8449746982660145,1.200881251366809,1.6383858991903253,0.027131980856853154,0.022658136818241678,0.02275535971097674,68.0,53.0,72.0,0.0,0.0,0.0,2.8392671505571343,0.022714137204457075,0.022714137204457075,2297.19921875,-0.0059388019144535065,0.036836035549640656,1231,0.0,0.9079352159157122,1.0,3.1626299952486105,0.0,1.0665741470291192
578,429,1219,0.9179216867469879,1328,2512,18.287057280540466,0.0,0.32072868943214417,0.0,18.287057280540466,0.00471659837400212,0.0,0.2539869066741731,68.0,52.0,72.0,0.0,0.0,0.589041095890411,18.287057280540466,0.14747626839145536,0.14747626839145536,1943.371826171875,0.0001902293151943013,0.024049049243330956,1048,0.0,1.0591634268248138,1.0,3.047289024129046,0.0,1.2110274663358778
223,172,1217,0.9806607574536664,1241,2113,2.7743769286898896,0.0,0.2083884347230196,0.9143125273985788,1.8600644012913108,0.0031102751451196954,0.01758293321920344,0.02583422779571265,67.0,52.0,72.0,0.0,0.0,0.0,2.7743769286898896,0.022374007489434595,0.022374007489434595,1138.1351318359375,-0.01064618956297636,0.04373972490429878,1953,0.0,1.0244772940531741,1.0,5.216819506784849,0.0,0.917129847857514
338,277,1211,0.7330508474576272,1652,3117,140.72809582948685,1.0,2.061414968688041,52.01952475309372,88.70857107639313,0.03031492601011825,0.9815004670395041,1.2320634871721268,68.0,53.0,72.0,0.028985507246376812,1.0,1.0,140.72809582948685,1.1258247666358947,1.1258247666358947,3843.155029296875,-0.0034430399537086487,0.016747767105698586,2683,1.0,1.6413613207582212,0.0018635855385762206,1.1896705420602698,0.0,1.287608603948789
421,329,1207,0.8689704823614111,1389,1996,121.64894285798073,1.0,0.10450179933104664,38.031547009944916,83.61739584803581,0.0015367911666330388,0.7175763586782059,1.1613527201116085,68.0,53.0,72.0,0.0,1.0,1.0,121.64894285798073,0.9731915428638458,0.9731915428638458,2368.909423828125,0.0014299263712018728,0.023676017299294472,1442,0.0,1.2323525585912376,1.0,3.584238563831549,0.0,1.2817435155190389
278,223,1201,0.8603151862464183,1396,1353,108.13887264579535,1.0,0.09273002948611975,47.58612176775932,60.55275087803602,0.0013636769042076433,0.8978513541086665,0.8410104288616114,68.0,53.0,72.0,0.0,1.0,0.726027397260274,108.13887264579535,0.8651109811663628,0.8651109811663628,2887.6142578125,-0.0049769035540521145,0.030378753319382668,1710,0.0,0.9868488653744933,1.0,2.8045108845118585,0.0,1.1672111510589267
516,395,1199,0.7785714285714286,1540,2547,47.624354004859924,0.0,0.0796316466294229,0.0,47.624354004859924,0.001171053626903278,0.0,0.6614493611786101,68.0,52.0,72.0,0.0,0.0,0.9863013698630136,47.624354004859924,0.3840673710069349,0.3840673710069349,2274.227294921875,-0.0018915128894150257,0.030248505994677544,1666,0.3355342136854742,1.2339566097982095,0.9009603841536614,3.0379123935907995,0.0,1.265966410667223
523,403,1188,0.8081632653061225,1470,5157,56.630726873874664,1.0,7.770848881453276,19.777594447135925,36.85313242673874,0.1142771894331364,0.38033835475261396,0.5118490614824824,68.0,52.0,72.0,0.6086956521739131,1.0,1.0,56.630726873874664,0.4566994102731828,0.4566994102731828,2725.92529296875,0.0030569727532565594,0.016361482441425323,0,0.0,,0.0,,0.0,
605,455,1184,0.9866666666666667,1200,3209,143.5530950129032,1.0,1.3589189026970416,33.20836499333382,110.3447300195694,0.019984101510250613,0.638622403717958,1.5325656947162416,68.0,52.0,72.0,0.028985507246376812,1.0,1.0,143.5530950129032,1.1576862501040581,1.1576862501040581,2741.7421875,0.002167673548683524,0.013759179040789604,1225,0.00816326530612245,1.2924535378391988,1.0,2.7251617755764177,0.0,1.3818714819133229
384,306,1181,0.9570502431118314,1234,2961,110.61188405752182,0.7222222222222222,0.2175412222277373,39.53484791517258,71.07703614234924,0.003199135620996137,0.7459405267013693,0.9871810575326284,68.0,53.0,72.0,0.0,0.7222222222222222,1.0,110.61188405752182,0.8848950724601745,0.8848950724601745,3438.080322265625,-0.02812339924275875,0.13907381892204285,1949,0.5520779887121601,1.3456677874871845,0.7809132888660851,2.2950944954123282,0.0,1.3421674278264397
305,242,1180,0.7315561066336019,1613,3407,185.64069825410843,1.0,0.023596451617777348,68.676429271698,116.96426898241043,0.00034700664143790216,1.2957816843716603,1.6245037358668115,68.0,53.0,72.0,0.0,1.0,1.0,185.64069825410843,1.4851255860328674,1.4851255860328674,2523.97119140625,-0.0028912657871842384,0.020471876487135887,589,0.001697792869269949,1.1523714132509586,0.99830220713073,1.8802331579929736,0.0,1.118583584606608
343,271,1175,0.9974533106960951,1178,3987,43.591349515132606,0.16666666666666666,0.4542511524632573,3.725893939845264,39.86545557528734,0.0066801640068126075,0.07029988565745782,0.5536868829901019,68.0,53.0,72.0,0.0,0.16666666666666666,0.726027397260274,43.591349515132606,0.34873079612106084,0.34873079612106084,1990.7567138671875,0.004374805372208357,0.04025806859135628,118,0.0,1.4839304126247053,0.0,1.2349087985381602,1.0,2.260984868859453
582,434,1168,0.9419354838709677,1240,1626,365.8776453733444,1.0,1.3436633135715965,137.66949212551117,228.20815324783325,0.01975975461134701,2.647490233182907,3.169557683997684,68.0,52.0,72.0,0.0,1.0,1.0,365.8776453733444,2.950626172365681,2.950626172365681,1391.0220947265625,-0.005940223578363657,0.031249379739165306,1320,0.0,0.8578851797875114,1.0,4.178081130210589,0.0,1.0472528258060751
459,348,1164,1.0,1164,4700,9.252748130820692,0.11320754716981132,0.0,1.816489757038653,7.436258373782039,0.0,0.0349324953276664,0.10328136630252832,68.0,52.0,72.0,0.0,0.11320754716981132,0.2328767123287671,9.252748130820692,0.07461893653887655,0.07461893653887655,1351.966552734375,-0.0026499642990529537,0.027474068105220795,1231,0.0,0.9988819442969288,1.0,3.1977507462585777,0.0,1.2186465118853758
277,222,1157,0.7979310344827586,1450,1385,140.2593893483281,1.0,1.017029663795256,69.8794537782669,70.3799355700612,0.014956318585224353,1.3184802599673002,0.977499105139739,68.0,53.0,72.0,0.0,1.0,0.821917808219178,140.2593893483281,1.1220751147866248,1.1220751147866248,2378.763916015625,0.004694126080721617,0.030788742005825043,2345,0.0511727078891258,0.9658174477301147,1.0,3.8918942499470166,0.0,1.145928512547266
80,54,1156,0.7670869276708693,1507,1344,23.342219714075327,0.2641509433962264,0.026914016343653202,8.632027356885374,14.710192357189953,0.00039579435799490004,0.1660005260939495,0.2043082271831938,68.0,52.0,72.0,0.0,0.2641509433962264,0.273972602739726,23.342219714075327,0.18824370737157523,0.18824370737157523,3325.8583984375,-0.00017651409143581986,0.036906227469444275,1862,0.0,0.9397806652284945,1.0,2.347217135086539,0.0,1.1665217907687246
620,456,1156,1.0,1156,5160,0.0,0.0,1.6719279219396412,0.0,0.0,0.024587175322641784,0.0,0.0,68.0,52.0,72.0,0.0,0.0,0.0,0.0,0.0,0.0,2719.533935546875,0.0028950143605470657,0.01855798251926899,1125,0.0,1.0162196021074725,1.0,2.6320033131188842,0.0,1.1656338342633412
529,404,1145,1.0,1145,3753,356.54115664958954,1.0,1.006253542844206,110.46642673015594,246.0747299194336,0.014797846218297148,2.1243543601953068,3.4177045822143555,68.0,52.0,72.0,0.0,1.0,1.0,356.54115664958954,2.8753319084644318,2.8753319084644318,884.9376220703125,0.007518130354583263,0.03336760774254799,702,0.39316239316239315,1.1717709191528585,0.7749287749287749,2.4005002644571465,0.0,1.286966057707788
203,162,1133,0.8742283950617284,1296,2014,197.04029023647308,1.0,0.026417149230837822,78.00216603279114,119.03812420368195,0.0003942858094154899,1.5000416544767528,1.6533072806066937,67.0,52.0,72.0,0.0,1.0,1.0,197.04029023647308,1.5890345986812346,1.5890345986812346,2005.588623046875,0.008100158534944057,0.04026609659194946,1153,1.0,1.3535547463860138,0.0,2.8284186906526285,0.0,1.3039254359691748
264,207,1132,1.0,1132,5267,4.001456711208448,0.0,4.278212994337082,2.589112219400704,1.412344491807744,0.06291489697554532,0.04885117395095668,0.019615895719552,68.0,53.0,72.0,0.0,0.0,0.0136986301369863,4.001456711208448,0.03201165368966758,0.03201165368966758,2283.568603515625,-0.004892620723694563,0.029128020629286766,1325,0.0,0.8453876952120257,1.0,3.5612406998055857,0.0,0.9333035477204843
596,448,1130,0.8593155893536122,1315,1888,152.2569773197174,1.0,1.9986518592340872,48.81174057722092,103.44523674249649,0.029391939106383633,0.93868731879271,1.4367393992013402,68.0,52.0,72.0,0.014492753623188406,1.0,1.0,152.2569773197174,1.2278788493525596,1.2278788493525596,2299.1123046875,-0.0037677502259612083,0.029822416603565216,1909,0.12048192771084337,1.1949588430207418,0.9842849659507595,3.781308341659154,0.0,1.2320100252367578
555,418,1125,0.721616420782553,1559,2258,5.987886646966217,0.0,4.821032363921404,2.9990759417414665,2.9888107052247506,0.07089753476355005,0.057674537341182046,0.0415112597947882,68.0,52.0,72.0,0.028985507246376812,0.0,0.0,5.987886646966217,0.04828940844327594,0.04828940844327594,2642.631591796875,-0.0043633850291371346,0.030687695369124413,994,0.0,1.1684721910732414,1.0,3.2611289546117104,0.0,1.3121902143195352
88,62,1121,0.7126509853782581,1573,1464,2.9527478804811835,0.07547169811320754,0.009715819731354713,2.0921119088307023,0.8606359716504812,0.00014287970193168695,0.040232921323667355,0.011953277384034462,68.0,52.0,72.0,0.0,0.07547169811320754,0.0136986301369863,2.9527478804811835,0.02381248290710632,0.02381248290710632,3425.82177734375,-0.0017205942422151566,0.04055263474583626,2164,0.0,0.9062540933166481,1.0,2.721225374081023,0.0,1.1233323490688016
592,447,1120,0.8818897637795275,1270,3591,168.55044835805893,1.0,0.2918508554867003,48.86386901140213,119.6865793466568,0.004291924345392652,0.9396897886808102,1.6623136020369,68.0,52.0,72.0,0.0,1.0,1.0,168.55044835805893,1.3592778093391849,1.3592778093391849,2702.174560546875,0.0013693076325580478,0.01693762093782425,1784,0.4876681614349776,1.5843033537889273,0.0033632286995515697,0.9757586702721409,0.734304932735426,2.1829352617838107
289,232,1117,0.9563356164383562,1168,1590,85.44623126252554,0.7222222222222222,0.4208466229029,38.483778700232506,46.96245256229304,0.006188920925042647,0.7261090320798586,0.6522562855874033,68.0,53.0,72.0,0.0,0.7222222222222222,0.5342465753424658,85.44623126252554,0.6835698501002043,0.6835698501002043,2359.7255859375,-0.011160356923937798,0.04826821759343147,1882,0.011158342189160468,0.962298725198319,1.0,4.157836904606874,0.0,1.1327971604798488
335,269,1109,0.857032457496136,1294,2064,80.419761903584,1.0,0.11298678419552743,32.855050057172775,47.56471184641123,0.00166157035581658,0.6199066048523165,0.6606209978668226,68.0,53.0,72.0,0.0,1.0,0.9315068493150684,80.419761903584,0.643358095228672,0.643358095228672,2297.08203125,0.005082603543996811,0.022644031792879105,2109,0.12328117591275486,1.0011280804032072,0.9582740635372214,3.129298854871547,0.0,1.1451994896590088
364,296,1109,1.0,1109,1673,164.85688251256943,1.0,0.25809332891367376,69.68414050340652,95.1727420091629,0.003795490131083438,1.314795103837859,1.3218436390161514,68.0,53.0,72.0,0.0,1.0,1.0,164.85688251256943,1.3188550601005553,1.3188550601005553,2593.20458984375,-0.0014026227872818708,0.03536691889166832,1165,0.2094420600858369,1.219211310965079,0.9424892703862661,2.201209007685374,0.0,1.2519456417181227
19,6,1105,0.998193315266486,1107,2279,160.22179237008095,0.9811320754716981,0.02412557043135166,46.04070046544075,114.1810919046402,0.00035478780046105385,0.8853980858738606,1.6081843930231015,68.0,52.0,71.0,0.0,0.9811320754716981,1.0,160.22179237008095,1.3026161981307394,1.3026161981307394,1633.54296875,-0.007345972117036581,0.034942273050546646,3169,0.7563900284001263,1.3951614853959418,0.8229725465446514,2.082682972744731,0.0,1.182369444097148
506,387,1103,0.8356060606060606,1320,2020,27.14703327231109,0.0,1.0219961581751704,0.6264566462486982,26.520576626062393,0.015029355267281918,0.01204724319709035,0.3683413420286443,68.0,52.0,72.0,0.0,0.0,0.8767123287671232,27.14703327231109,0.21892768767992815,0.21892768767992815,2113.11181640625,0.001978504005819559,0.027281735092401505,1309,0.3422459893048128,1.255244109874288,0.932009167303285,2.3739608656055218,0.0,1.220176002619977
476,360,1101,0.829066265060241,1328,2205,151.49317955970764,1.0,0.05666423076763749,52.130526185035706,99.36265337467194,0.0008332975112887867,1.0025101189429944,1.3800368524259992,68.0,52.0,72.0,0.0,1.0,1.0,151.49317955970764,1.2217191899976423,1.2217191899976423,1959.9288330078125,-0.01038951613008976,0.03569105640053749,1166,0.0,0.9055084592584071,1.0,2.868941967092696,0.0,1.0589647598545
429,326,1099,0.9623467600700525,1142,5406,92.21825738996267,0.9814814814814815,0.0906673677964136,26.65915270894766,65.55910468101501,0.0013333436440649059,0.5030028813008992,0.910543120569653,68.0,53.0,72.0,0.0,0.9814814814814815,1.0,92.21825738996267,0.7377460591197014,0.7377460591197014,1813.9835205078125,-0.007385666016489267,0.028950966894626617,1795,0.0022284122562674096,1.0054410505592086,1.0,4.031932950919197,0.0,1.1696175737354424
443,333,1096,0.952215464813206,1151,4570,240.83003157377243,0.9814814814814815,0.09976126265246421,86.15909916162491,154.67093241214752,0.0014670773919480031,1.625643380408017,2.14820739461316,68.0,53.0,72.0,0.0,0.9814814814814815,1.0,240.83003157377243,1.9266402525901793,1.9266402525901793,1834.7733154296875,-0.004520772024989128,0.020452942699193954,588,1.0,1.6801562361884692,0.0,1.088211755878826,0.0,1.1691298928304248
388,308,1095,0.9927470534904805,1103,2090,220.71828258037567,0.9814814814814815,0.025436163181439042,88.50937211513519,132.20891046524048,0.0003740612232564565,1.6699881531157583,1.8362348675727844,68.0,53.0,72.0,0.0,0.9814814814814815,0.958904109589041,220.71828258037567,1.7657462606430054,1.7657462606430054,2981.892333984375,-0.048991601914167404,0.19815731048583984,1836,0.0,1.0821874673736396,1.0,3.6688523526350396,0.0,1.279278397514094
301,236,1091,0.9963470319634703,1095,3600,39.88733496912755,0.14814814814814814,0.4288848089054227,2.522634323919192,37.36470064520836,0.006307129542726804,0.04759687403621117,0.5189541756278939,68.0,53.0,72.0,0.0,0.14814814814814814,1.0,39.88733496912755,0.3190986797530204,0.3190986797530204,2099.29638671875,0.005320696160197258,0.02907300740480423,1200,0.0,0.9952355788297187,1.0,3.478993417988268,0.0,1.26344085502771
339,274,1090,0.7045895281189399,1547,1421,114.90354055166245,0.9814814814814815,0.07613843795843422,41.9602672457695,72.94327330589294,0.0011196829111534445,0.7917031555805566,1.013101018137402,68.0,53.0,72.0,0.0,0.9814814814814815,1.0,114.90354055166245,0.9192283244132996,0.9192283244132996,5005.607421875,-0.0034929795656353235,0.032119911164045334,2460,0.725609756097561,1.4479342409088423,0.6065040650406504,1.7675400834148036,0.0,1.5177027149963866
450,351,1083,0.886252045826514,1222,1482,27.232422530651093,1.0,9.09736791998148,11.12804289162159,16.104379639029503,0.1337848223526688,0.21400082483887672,0.2236719394309653,68.0,52.0,72.0,0.5797101449275363,1.0,1.0,27.232422530651093,0.2196163107310572,0.2196163107310572,4655.54931640625,0.004754305351525545,0.02429756335914135,1969,0.0,0.9680470794409601,1.0,3.383368889747127,0.0,1.1914075564724642
265,209,1076,0.9871559633027523,1090,2404,14.56224961206317,0.24074074074074073,0.08431673952873098,4.463143553584814,10.099106058478355,0.0012399520518931026,0.08421025572801535,0.1402653619233105,68.0,53.0,72.0,0.0,0.24074074074074073,0.273972602739726,14.56224961206317,0.11649799689650536,0.11649799689650536,4732.0,-0.001236450974829495,0.019949113950133324,1227,0.7351263243683781,1.3105704320830558,0.8581907090464548,2.1036592499211104,0.0,1.3856513906435208
645,490,1073,0.8919368246051538,1203,2660,150.93824234604836,1.0,0.16727816220372915,43.02010723948479,107.91813510656357,0.0024599729735842522,0.8273097546054766,1.4988629875911608,68.0,52.0,72.0,0.0,1.0,1.0,150.93824234604836,1.2172438898874867,1.2172438898874867,2888.518310546875,0.002503892406821251,0.02175041474401951,1467,0.06952965235173825,1.0834156215378066,0.9863667348329925,4.414511763367774,0.0,1.4653637998315832
603,452,1067,1.0,1067,2986,178.29078769683838,1.0,0.03698758757673204,54.99266177415848,123.2981259226799,0.00054393511142253,1.057551187964586,1.7124739711483319,68.0,52.0,72.0,0.0,1.0,1.0,178.29078769683838,1.4378289330390193,1.4378289330390193,1195.782958984375,0.0039019272662699223,0.03470413759350777,1415,0.07632508833922262,1.090169513360392,0.9660777385159011,3.743341974233845,0.0,1.0482230413757028
439,336,1066,1.0,1066,4478,206.95723623037338,0.9814814814814815,1.30124928461737,74.50984293222427,132.4473932981491,0.019136018891431912,1.4058460930608354,1.8395471291409597,68.0,53.0,72.0,0.0,0.9814814814814815,1.0,206.95723623037338,1.655657889842987,1.655657889842987,2213.073486328125,0.009051864966750145,0.025048956274986267,1579,0.1279290690310323,1.2312131387152643,0.8720709309689677,4.02009395913919,0.0,1.2389419231736576
69,44,1061,0.7398884239888424,1434,2338,0.0,0.0,0.0,0.0,0.0,0.0,0.0,0.0,68.0,52.0,72.0,0.0,0.0,0.0,0.0,0.0,0.0,4210.38037109375,0.005296992603689432,0.0218950267881155,48,0.0,1.0833729740284206,1.0,1.5729319415345875,0.0,1.611911014296652
167,118,1055,1.0,1055,6385,231.39353680610657,1.0,0.01758776418864727,85.38083052635193,146.01270627975464,0.0002586435910095187,1.6419390485836909,2.027954253885481,68.0,52.0,72.0,0.0,1.0,1.0,231.39353680610657,1.8660769097266658,1.8660769097266658,821.6605224609375,-0.0008195729460567236,0.04381466656923294,340,1.0,1.3664979084328976,0.0,1.0717932971353497,0.0,1.3746407650035306
28,12,1054,1.0,1054,2454,50.45517944544554,0.9433962264150944,0.007645609322935343,16.248711220920086,34.20646822452545,0.0001124354312196374,0.3124752157869247,0.48178124259895,68.0,52.0,71.0,0.0,0.9433962264150944,1.0,50.45517944544554,0.41020471093858163,0.41020471093858163,3128.359375,0.011064734309911728,0.029229624196887016,956,0.0,0.9906672598144894,1.0,1.951040896540209,0.0,1.2068672809994974
585,437,1054,0.967860422405877,1089,1883,142.2503913640976,1.0,0.7334018512628973,36.7225906252861,105.5278007388115,0.010785321342101431,0.7062036658708866,1.4656638991501596,68.0,52.0,72.0,0.0,1.0,1.0,142.2503913640976,1.147180575516916,1.147180575516916,2565.49755859375,-0.0029790024273097515,0.04068513587117195,1633,0.26883037354562156,1.2251360305878443,0.9375382731169627,3.7561285685029797,0.0,1.3159755612396582
286,229,1053,0.7911344853493614,1331,5291,123.69048434495926,1.0,3.288828205317259,46.282308995723724,77.40817534923553,0.04836512066643028,0.8732511131268628,1.0751135465171602,68.0,53.0,72.0,0.0,1.0,1.0,123.69048434495926,0.9895238747596741,0.9895238747596741,2028.3394775390625,-0.004626200534403324,0.031432587653398514,1817,0.8431480462300496,1.4398169704410255,0.0,1.083544895900381,0.20528343423225096,1.7180168897205816
453,342,1044,1.0,1044,5457,161.59946703910828,1.0,0.8419925728812814,58.81700372695923,102.78246331214905,0.012382243718842374,1.1310962255184467,1.4275342126687367,68.0,52.0,72.0,0.0,1.0,1.0,161.59946703910828,1.3032215083799055,1.3032215083799055,1203.769287109375,-0.0010556142078712583,0.03172821179032326,1432,0.0,0.9403973588866941,1.0,3.703802722325847,0.0,1.211110371967612
353,283,1024,0.827140549273021,1238,1178,151.12330308556557,1.0,0.0884839566424489,57.48231199383736,93.64099109172821,0.0013012346565066015,1.0845719244120255,1.3005693207184474,68.0,53.0,72.0,0.0,1.0,1.0,151.12330308556557,1.2089864246845246,1.2089864246845246,3910.66796875,-0.005244832020252943,0.029207665473222733,2031,0.517971442639094,1.3436180399801771,0.8552437223042836,2.871164936122846,0.0,1.492889725927628
660,506,1022,0.8780068728522337,1164,1667,30.999036110471934,0.0,0.8611723686335608,0.08989500207826495,30.90914110839367,0.012664299538728836,0.0017287500399666338,0.42929362650546765,68.0,52.0,72.0,0.0,0.0,0.9863013698630136,30.999036110471934,0.2499922266973543,0.2499922266973543,3347.28076171875,-0.006627373397350311,0.029023291543126106,1599,0.5941213258286429,1.3161040191121591,0.8930581613508443,4.475138026294835,0.0,1.2583106685572985
591,446,1021,1.0,1021,3227,173.13533318042755,1.0,0.20146475941874087,53.99820202589035,119.1371311545372,0.002962717050275601,1.0384269620363529,1.65468237714635,68.0,52.0,72.0,0.0,1.0,1.0,173.13533318042755,1.3962526869389318,1.3962526869389318,1852.2320556640625,0.0005626492202281952,0.031826868653297424,1289,0.20636152055857254,1.3229428802257026,0.9612102404965089,2.8086249652760293,0.0,1.203242348057457
337,259,1014,0.8879159369527145,1142,3727,22.56638430058956,0.9629629629629629,3.371954472735524,7.513557314872742,15.05282698571682,0.04958756577552242,0.14176523235608945,0.20906704146828917,68.0,53.0,72.0,0.043478260869565216,0.9629629629629629,1.0,22.56638430058956,0.1805310744047165,0.1805310744047165,4314.1904296875,-0.006379154976457357,0.020932702347636223,1215,1.0,1.6114976537429286,0.0,0.9998479050373935,0.0,0.8377687380422152
546,414,1014,0.9226569608735213,1099,1803,75.68623481027316,0.32075471698113206,4.036269351840019,7.881799080292694,67.80443572998047,0.05935690223294146,0.15157305923639797,0.9417282740275065,68.0,52.0,72.0,0.07246376811594203,0.32075471698113206,1.0,75.68623481027316,0.6103728613731707,0.6103728613731707,2913.875244140625,-0.0028814540710300207,0.026512300595641136,1267,0.10339384372533544,1.1578313462187042,0.9384372533543804,3.5763990400247345,0.0,1.2445301950542724
117,84,1008,0.755056179775281,1335,1200,82.3419877444394,0.7169811320754716,0.09421933954581618,32.469129803124815,49.87285794131458,0.0013855785227325909,0.6244063423677849,0.692678582518258,68.0,52.0,72.0,0.0,0.7169811320754716,0.7123287671232876,82.3419877444394,0.664048288261608,0.664048288261608,2532.3017578125,0.0013130530714988708,0.0319930799305439,1421,0.011259676284306826,1.1849617434491975,1.0,2.5894660659639115,0.0,1.4105845614055241
376,303,1008,0.8615384615384616,1170,1656,119.22415127232671,0.9259259259259259,0.47644338477402925,60.79945531487465,58.42469595745206,0.0070065203643239595,1.147159534242918,0.8114541105201675,68.0,53.0,72.0,0.0,0.9259259259259259,0.726027397260274,119.22415127232671,0.9537932101786136,0.9537932101786136,1854.2557373046875,0.0028940930496901274,0.033661141991615295,428,0.0,1.127322304661636,1.0,1.6416403087115832,0.0,1.3066420690320082
315,244,1007,0.7520537714712472,1339,5487,141.9881667792797,1.0,0.07629566185642034,50.40272942185402,91.58543735742569,0.0011219950273002992,0.9509948947519626,1.272019963297579,68.0,53.0,72.0,0.0,1.0,1.0,141.9881667792797,1.1359053342342376,1.1359053342342376,1137.8759765625,0.011904869228601456,0.04785541445016861,1379,0.5112400290065264,1.2865173002303703,0.3538796229151559,1.3268529461087224,0.4757070340826686,1.9131298031719879
625,469,1001,0.9328984156570364,1073,1872,185.02653086185455,1.0,0.28601122356485575,62.82697868347168,122.19955217838287,0.004206047405365526,1.2082111285283015,1.69721600247754,68.0,52.0,72.0,0.0,1.0,1.0,185.02653086185455,1.492149442434311,1.492149442434311,2054.889404296875,-0.00018485679174773395,0.0320284329354763,1740,0.1632183908045977,1.169802347304496,0.9350574712643678,3.4221502128723364,0.0,1.233261244222308
484,371,987,1.0,987,5282,11.343748215585947,0.7358490566037735,9.394072651863098,4.662436738610268,6.681311476975679,0.13814812723328085,0.08966224497327438,0.09279599273577332,68.0,52.0,72.0,1.0,0.7358490566037735,0.6301369863013698,11.343748215585947,0.09148184044827376,0.09148184044827376,4070.75927734375,-0.002805287018418312,0.016146838665008545,1163,0.0,1.0340282542082728,1.0,5.285066380348986,0.0,1.120899415748445
299,238,981,0.956140350877193,1026,2586,208.69412314891815,1.0,0.019466523081064224,56.6665575504303,152.02756559848785,0.0002862723982509445,1.0691803311401944,2.1114939666456647,68.0,53.0,72.0,0.0,1.0,1.0,208.69412314891815,1.6695529851913453,1.6695529851913453,1733.109130859375,-0.016785461455583572,0.0438813753426075,1242,0.0,1.002537755678368,1.0,3.004455815445977,0.0,1.0336401749865656
137,92,974,1.0,974,3777,0.23445956385694444,0.0,0.0,0.23445956385694444,0.0,0.0,0.004508837766479701,0.0,68.0,52.0,72.0,0.0,0.0,0.0,0.23445956385694444,0.0018908029343301972,0.0018908029343301972,3216.91748046875,-0.003776286728680134,0.01765267550945282,1001,0.0,1.089127602653495,1.0,2.3432597183566717,0.0,1.1954178605161054
352,285,973,1.0,973,1994,119.62137737870216,1.0,0.3323182405438274,46.62681621313095,72.99456116557121,0.0048870329491739325,0.8797512493043576,1.0138133495218224,68.0,53.0,72.0,0.0,1.0,1.0,119.62137737870216,0.9569710190296173,0.9569710190296173,1738.048828125,-0.005028821062296629,0.05255374312400818,986,0.0486815415821501,1.0715833086581752,1.0,2.0297973835471717,0.0,1.1759857389638437
390,309,972,1.0,972,2719,35.900609305128455,0.0,0.021411510184407234,0.6326504554599524,35.2679588496685,0.0003148751497706946,0.011936801046414196,0.4898327618009514,68.0,53.0,72.0,0.0,0.0,0.0273972602739726,35.900609305128455,0.28720487444102766,0.28720487444102766,1570.3714599609375,-0.05500997602939606,0.2262439727783203,1058,0.0,1.1806238275095438,1.0,3.3173297311072374,0.0,1.2476288657370738
590,445,969,0.810200668896321,1196,3386,210.0021457672119,1.0,0.03441764134913683,86.31388080120087,123.68826496601105,0.0005061417845461299,1.6598823231000166,1.7178925689723756,68.0,52.0,72.0,0.0,1.0,1.0,210.0021457672119,1.6935656916710637,1.6935656916710637,2257.157470703125,-0.00022239561076276004,0.020820101723074913,1792,0.25167410714285715,1.1375903815891326,0.9860491071428571,3.931932098098668,0.0,1.2880885007637912
373,295,963,0.9,1070,2652,40.15617626206949,0.0,1.4534780714893714,0.2667683591134846,39.88940790295601,0.02137467752190252,0.0050333652662921625,0.5540195542077223,68.0,53.0,72.0,0.0,0.0,0.9863013698630136,40.15617626206949,0.32124941009655594,0.32124941009655594,1369.4017333984375,0.004738456103950739,0.028500095009803772,1250,0.0,1.4889520913603211,1.0,3.4030421488910654,0.0,1.2370199183128268
575,425,960,0.837696335078534,1146,2751,134.35910513997078,1.0,0.026628215797245502,47.31472608447075,87.04437905550003,0.0003915914087830221,0.9098985785475144,1.208949709104167,68.0,52.0,72.0,0.0,1.0,1.0,134.35910513997078,1.0835411704836353,1.0835411704836353,2753.307861328125,-0.0011240238090977073,0.015039283782243729,1733,0.7409117137911136,1.6185876990997496,0.5816503173687247,1.8708382853788759,0.7709174841315638,2.435983777619124
430,332,956,0.9927310488058152,963,3591,21.8074107542634,0.8518518518518519,0.9778545670560561,9.009588621556759,12.797822132706642,0.01438021422141259,0.16999223814258035,0.17774752962092558,68.0,53.0,72.0,0.0,0.8518518518518519,0.958904109589041,21.8074107542634,0.1744592860341072,0.1744592860341072,6064.77685546875,0.000847472867462784,0.018730752170085907,1140,0.0,0.9838349863241187,1.0,2.782968103027461,0.0,1.187270794597521
341,270,949,0.949,1000,1888,73.41169361071661,0.24074074074074073,0.7643936678941827,6.20507935481146,67.20661425590515,0.01124108335138504,0.11707696895870678,0.9334251979986826,68.0,53.0,72.0,0.0,0.24074074074074073,1.0,73.41169361071661,0.5872935488857329,0.5872935488857329,1830.222900390625,0.01010710559785366,0.04915818199515343,1668,0.20503597122302158,1.1471789943358541,0.9772182254196643,3.1813096837012536,0.0,1.1150235435155387
160,125,948,0.8502242152466367,1115,2040,31.99100906215608,0.37735849056603776,0.32433351990766823,12.387304164469242,19.60370489768684,0.004769610586877474,0.23821738777825466,0.2722736791345394,68.0,52.0,72.0,0.0,0.37735849056603776,0.3424657534246575,31.99100906215608,0.25799200856577487,0.25799200856577487,1885.982421875,-0.0017769637051969767,0.033208008855581284,1988,0.0,0.9418107574330352,1.0,3.4964967611290625,0.0,1.2194757978963067
589,435,943,1.0,943,5072,3.65173384337686,0.0,1.2998948250897229,1.598831725306809,2.052902118070051,0.019116100368966514,0.030746763948207863,0.028512529417639598,68.0,52.0,72.0,0.014492753623188406,0.0,0.0,3.65173384337686,0.029449466478845644,0.029449466478845644,1863.853271484375,-0.003041885094717145,0.02301831729710102,740,0.0,1.1493114040873225,1.0,3.483078471933375,0.0,1.3690986379671717
375,302,933,0.8851992409867173,1054,2004,114.49876157939434,0.5,0.02032737247645855,40.89078275859356,73.60797882080078,0.00029893194818321397,0.7715242029923313,1.0223330391777887,68.0,53.0,72.0,0.0,0.5,0.547945205479452,114.49876157939434,0.9159900926351547,0.9159900926351547,2777.05322265625,-0.023548489436507225,0.1298941820859909,1244,0.04742765273311897,1.0022267559054079,0.9742765273311897,3.276011654834975,0.0,1.2754612504598317
322,255,932,1.0,932,4120,144.1455560028553,1.0,0.2940021684044041,61.73194199800491,82.41361400485039,0.004323561300064766,1.1647536226038664,1.1446335278451443,68.0,53.0,72.0,0.0,1.0,1.0,144.1455560028553,1.1531644480228425,1.1531644480228425,1364.6953125,0.004848525393754244,0.03515595197677612,1205,0.0,1.0639321983808416,1.0,3.780211850014858,0.0,1.2457567116608428
418,320,920,1.0,920,5415,219.06864947080612,1.0,2.57800675323233,67.54303807020187,151.52561140060425,0.0379118640181225,1.2743969447207901,2.1045223805639477,68.0,53.0,72.0,0.028985507246376812,1.0,1.0,219.06864947080612,1.752549195766449,1.752549195766449,2005.5455322265625,-0.0005952555220574141,0.015660462900996208,58,1.0,1.3779523239531672,0.0,0.9304198533436672,0.0,1.0713859528590424
365,292,906,0.937888198757764,966,2036,153.98157864809036,1.0,0.07347832462983206,66.89763233065605,87.08394631743431,0.0010805635974975303,1.2622194779369067,1.20949925440881,68.0,53.0,72.0,0.0,1.0,0.9863013698630136,153.98157864809036,1.231852629184723,1.231852629184723,1794.17041015625,-0.0137458061799407,0.03737744688987732,878,0.0,1.0590572258756639,1.0,1.9318339014665844,0.0,1.1644281180066414
598,436,904,1.0,904,3091,127.8607405424118,1.0,0.18733854009769857,47.705362260341644,80.15537828207016,0.0027549785308485083,0.9174108126988778,1.11326914280653,68.0,52.0,72.0,0.0,1.0,1.0,127.8607405424118,1.0311350043742888,1.0311350043742888,2015.75537109375,-0.005109497811645269,0.031999070197343826,433,0.0,1.0937989718948418,1.0,1.9534818700861705,0.0,1.3353994348256495
656,495,891,0.8174311926605504,1090,2055,0.0,0.0,0.7337504562747199,0.0,0.0,0.01079044788639294,0.0,0.0,68.0,52.0,72.0,0.0,0.0,0.0,0.0,0.0,0.0,2932.659912109375,0.0036921899300068617,0.031660016626119614,731,0.06155950752393981,1.024573550349793,0.9384404924760602,2.721762844525039,0.0,1.2921394636187054
414,323,886,0.8264925373134329,1072,1633,180.89119642972946,1.0,0.504772565793246,69.58843672275543,111.30275970697403,0.0074231259675477355,1.312989372127461,1.5458716625968616,68.0,53.0,72.0,0.0,1.0,1.0,180.89119642972946,1.4471295714378356,1.4471295714378356,2010.4188232421875,0.0028990525752305984,0.059939391911029816,1335,0.0044943820224719105,0.930756169480349,0.9955056179775281,3.05847402520817,0.0,1.121096557284683
317,256,884,0.8355387523629489,1058,1162,161.29870128631592,1.0,0.20850051353045274,38.6576691865921,122.64103209972382,0.003066184022506658,0.7293899846526811,1.7033476680517197,68.0,53.0,72.0,0.0,1.0,1.0,161.29870128631592,1.2903896102905272,1.2903896102905272,3958.67138671875,4.7957317292457446e-05,0.03157905861735344,1269,0.0,1.0832510110065439,1.0,3.0638691479249216,0.0,1.0973158077953131
328,260,879,0.861764705882353,1020,1125,90.9745639897883,0.8518518518518519,0.1538875645492226,27.878002900630236,63.09656108915806,0.0022630524198415086,0.5260000547288723,0.8763411262383064,68.0,53.0,72.0,0.0,0.8518518518518519,1.0,90.9745639897883,0.7277965119183063,0.7277965119183063,3571.05224609375,0.005904331337660551,0.03096100687980652,1488,0.14986559139784947,1.0366093253224096,0.9227150537634409,3.2726475151525705,0.0,1.1760771800995482
187,148,875,1.0,875,7858,71.36811971664429,1.0,0.7294184390921146,24.24130517244339,47.1268145442009,0.010886842374509173,0.4661789456239113,0.6545390908916792,67.0,52.0,72.0,0.0,1.0,1.0,71.36811971664429,0.575549352553583,0.575549352553583,2532.141357421875,-0.003850474487990141,0.015702100470662117,0,0.0,,0.0,,0.0,
189,149,832,1.0,832,3931,211.99150252342224,1.0,0.002497429959475994,77.60055041313171,134.39095211029053,3.727507402202976e-05,1.4923182771756098,1.866541001531813,67.0,52.0,72.0,0.0,1.0,1.0,211.99150252342224,1.7096088913179213,1.7096088913179213,1605.85009765625,-0.0026557452511042356,0.032211508601903915,2,1.0,1.2118026476924326,0.0,2.690679500339465,0.0,1.0802345954993753
607,458,828,0.7212543554006968,1148,1668,74.06891446110967,0.6415094339622641,0.4424827805196401,29.775802965436014,44.29311149567366,0.006507099713524119,0.5726115954891541,0.6151821041065786,68.0,52.0,72.0,0.0,0.6415094339622641,0.7397260273972602,74.06891446110967,0.5973299553315295,0.5973299553315295,4933.34765625,0.0009572402923367918,0.023465873673558235,2036,0.8359528487229863,1.5934025452286749,0.6949901768172888,2.8836958532805896,0.25098231827111983,1.7474851464307573
348,267,811,1.0,811,3402,0.25637289937003516,0.0,0.0598693722859025,0.19944121825392358,0.05693168111611158,0.0008804319453809192,0.0037630418538476145,0.0007907177932793275,68.0,53.0,72.0,0.0,0.0,0.0,0.25637289937003516,0.002050983194960281,0.002050983194960281,5794.5,-0.0008054691134020686,0.009475048631429672,861,0.03948896631823461,0.9376187638177469,0.9965156794425087,2.2303438962482702,0.0,1.1047745208236344
102,69,794,0.7365491651205937,1078,2318,270.3292669057846,1.0,0.0,98.52128660678864,171.80798029899597,0.0,1.8946401270536275,2.386221948597166,68.0,52.0,72.0,0.0,1.0,1.0,270.3292669057846,2.1800747331111663,2.1800747331111663,2134.4013671875,0.004418564029037952,0.03192288056015968,1964,1.0,1.909468812606795,0.0,0.9956292943297759,0.0,1.1917861728772674
213,157,779,0.7585199610516066,1027,6031,0.0,0.0,0.0,0.0,0.0,0.0,0.0,0.0,67.0,52.0,72.0,0.0,0.0,0.0,0.0,0.0,0.0,2351.295166015625,-0.001195930177345872,0.02081238478422165,0,0.0,,0.0,,0.0,
614,462,763,0.9960835509138382,766,2523,2.6740066189449863,0.0,0.8282821283210069,1.5078043155372143,1.166202303407772,0.012180619534132454,0.028996236837254122,0.016197254213996832,68.0,52.0,72.0,0.0,0.0,0.0,2.6740066189449863,0.021564569507620857,0.021564569507620857,600.5497436523438,0.00684699323028326,0.057437051087617874,1454,0.7372764786795049,1.6449435092927214,0.9759284731774416,7.142140875633667,0.0,1.248668222909163
492,372,737,0.7950377562028047,927,2111,131.84696972370148,1.0,0.27935641090152785,51.78070871531963,80.06626100838184,0.004108182513257763,0.9957828599099929,1.1120314028941922,68.0,52.0,72.0,0.0,1.0,1.0,131.84696972370148,1.0632820139008183,1.0632820139008183,2520.20751953125,-0.004421931691467762,0.016682151705026627,706,0.0,2.1520139327612773,0.049575070821529746,0.8562575567107845,0.9886685552407932,2.8217555949866067
280,211,654,1.0,654,4056,0.0,0.0,0.05217206018278375,0.0,0.0,0.0007672361791585846,0.0,0.0,68.0,53.0,72.0,0.0,0.0,0.0,0.0,0.0,0.0,2070.738037109375,-0.003134595463052392,0.017194150015711784,635,0.0,0.842465241256879,1.0,1.6800222021257505,0.0,1.0131837332079268
311,254,650,0.763807285546416,851,1105,157.302888661623,0.9814814814814815,0.1935786355752498,39.613355964422226,117.68953269720078,0.002846744640812497,0.747421810649476,1.6345768430166774,68.0,53.0,72.0,0.0,0.9814814814814815,1.0,157.302888661623,1.258423109292984,1.258423109292984,2083.4921875,0.008853781968355179,0.04027166962623596,1566,0.06896551724137931,1.0355608568242645,1.0,3.1829605024227825,0.0,1.1828213423669545
619,465,603,1.0,603,1587,266.18761467933655,1.0,0.7660041495801124,102.05969572067261,164.12791895866394,0.011264766905589889,1.962686456166781,2.2795544299814434,68.0,52.0,72.0,0.0,1.0,1.0,266.18761467933655,2.1466743119301332,2.1466743119301332,1826.1221923828125,0.002980338642373681,0.02830958552658558,637,0.18524332810047095,1.197109370141084,0.8759811616954474,2.4944517580794296,0.0,1.3795498865569464
657,496,590,1.0,590,3613,0.2912380709312856,0.0,0.9035329177277163,0.2912380709312856,0.0,0.013287248790113474,0.005600732133293955,0.0,68.0,52.0,72.0,0.0,0.0,0.0,0.2912380709312856,0.0023486941204135937,0.0023486941204135937,1199.88232421875,-0.0013268135953694582,0.03126418963074684,647,0.0,1.024269580765911,1.0,3.617416404271372,0.0,1.228575084994202
579,428,582,1.0,582,2991,73.1412109285593,0.7358490566037735,0.23063419410027564,17.556485548615456,55.58472537994385,0.0033916793250040535,0.33762472208875877,0.7720100747214423,68.0,52.0,72.0,0.0,0.7358490566037735,1.0,73.1412109285593,0.5898484752303169,0.5898484752303169,2455.50048828125,-0.0007009650580585003,0.026256917044520378,0,0.0,,0.0,,0.0,
648,488,561,1.0,561,2194,0.0,0.0,0.6697611446725205,0.0,0.0,0.009849428598125301,0.0,0.0,68.0,52.0,72.0,0.0,0.0,0.0,0.0,0.0,0.0,4089.138916015625,0.002985408529639244,0.03125208243727684,0,0.0,,0.0,,0.0,
666,511,549,0.760387811634349,722,1730,0.11771153507288545,0.0,0.8216312204604037,0.11771153507288545,0.0,0.012082812065594173,0.0022636833667862588,0.0,68.0,52.0,72.0,0.0,0.0,0.0,0.11771153507288545,0.000949286573168431,0.000949286573168431,5561.67529296875,-0.002103480277583003,0.018756231293082237,1239,0.047619047619047616,1.088736937084495,0.970137207425343,3.4798777230284217,0.0,1.3203909702321213
248,193,394,1.0,394,1845,0.04865169839467853,0.0,0.1668888129934203,0.048336680280044675,0.0003150181146338582,0.0024908778058719445,0.000912012835472541,4.3752515921369195e-06,67.0,53.0,72.0,0.0,0.0,0.0,0.04865169839467853,0.00038921358715742827,0.00038921358715742827,3209.2958984375,-0.003052663989365101,0.027738042175769806,0,0.0,,0.0,,0.0,
668,512,370,0.8314606741573034,445,415,231.99838680028915,1.0,2.1016147704795003,67.88228386640549,164.11610293388367,0.030023068149707146,1.3054285358924131,2.279390318526162,70.0,52.0,72.0,0.0,1.0,1.0,231.99838680028915,1.8709547322603963,1.8709547322603963,3563.831298828125,-0.0033713653683662415,0.05311696231365204,231,0.9826839826839827,1.6265640622593833,0.017316017316017316,1.1112577989010584,0.0,1.4119288429487071
16,3,21,1.0,21,4116,22.145634658634663,1.0,6.84040354937315,11.188338994979858,10.957295663654804,0.1005941698437228,0.2151603652880742,0.15432810793880006,68.0,52.0,71.0,0.2463768115942029,1.0,0.5277777777777778,22.145634658634663,0.18004581023280214,0.18004581023280214,6715.94580078125,-0.0027516894042491913,0.028443535789847374,0,0.0,,0.0,,0.0,
