calcium_label,calcium AUC,calcium response time,calcium_auc_w1,calcium_auc_w2,calcium_auc_w3,calcium_auc_norm_w1,calcium_auc_norm_w2,calcium_auc_norm_w3,calcium_active_time_w1,calcium_active_time_w2,calcium_active_time_w3,calcium_response_time_w1,calcium_response_time_w2,calcium_response_time_w3,calcium_auc_w2_w3,calcium_auc_norm_w2_w3,calcium_AUC_norm,calcium_baseline_F0,calcium_baseline_mean_dff,calcium_baseline_sd_dff
1,85.15702491998672,1.0,1.1753044532961212,46.837113320827484,38.31991159915924,0.017283889019060607,0.669101618868964,0.5806047211993824,68.0,70.0,66.0,0.0,1.0,1.0,85.15702491998672,0.6261545949999023,0.6261545949999023,1108.7867431640625,0.008247687481343746,0.03154237940907478
2,189.9949609041214,1.0,8.523463282734156,95.66175401210785,94.33320689201355,0.1253450482755023,1.366596485887255,1.429291013515357,68.0,70.0,66.0,0.18840579710144928,1.0,1.0,189.9949609041214,1.3970217713538338,1.3970217713538338,991.0626831054688,0.007601610850542784,0.029037976637482643
3,0.6766185367014259,0.0,0.9550494839204475,0.6285453157033771,0.04807322099804878,0.014044845351771288,0.008979218795762531,0.0007283821363340725,68.0,70.0,66.0,0.0,0.0,0.0,0.6766185367014259,0.00497513629927519,0.00497513629927519,1455.286865234375,0.0017366188112646341,0.02921895496547222
4,240.20630753040314,0.9859154929577465,2.093228190904483,120.52131867408752,119.68498885631561,0.030782767513301224,1.721733123915536,1.8134089220653882,68.0,70.0,66.0,0.0,0.9859154929577465,1.0,240.20630753040314,1.7662228494882584,1.7662228494882584,442.86724853515625,0.0056968675926327705,0.08431057631969452
5,5.385777593830426,0.0,4.568438055925071,3.717903819291678,1.667873774538748,0.0671829125871334,0.05311291170416683,0.025270814765738607,68.0,70.0,66.0,0.014492753623188406,0.0,0.0,5.385777593830426,0.039601305836988426,0.039601305836988426,1273.820068359375,-0.0011062928242608905,0.029979510232806206
6,69.87751585245132,1.0,2.5657752943225205,35.945945024490356,33.93157082796097,0.03773198962239001,0.5135135003498622,0.5141147095145602,68.0,70.0,66.0,0.0,1.0,1.0,69.87751585245132,0.5138052636209656,0.5138052636209656,1004.201171875,0.006576343439519405,0.027709148824214935
7,2.3453417290002108,0.028169014084507043,1.123608743888326,2.3453417290002108,0.0,0.016523657998357734,0.03350488184286016,0.0,68.0,70.0,66.0,0.0,0.028169014084507043,0.0,2.3453417290002108,0.017245159772060373,0.017245159772060373,659.173583984375,0.0030008824542164803,0.053109973669052124
8,107.613350212574,1.0,3.308645140292356,54.646683394908905,52.9666668176651,0.048656546180769936,0.7806669056415558,0.8025252548131075,68.0,70.0,66.0,0.028985507246376812,1.0,1.0,107.613350212574,0.7912746339159853,0.7912746339159853,517.5354614257812,0.005016346927732229,0.02331407740712166
9,169.79276871681213,1.0,8.510393087286502,96.73890542984009,73.05386328697205,0.12702079234755972,1.3819843632834299,1.1068767164692734,67.0,70.0,66.0,0.0,1.0,1.0,169.79276871681213,1.2484762405647951,1.2484762405647951,1762.768310546875,0.015667570754885674,0.07403656095266342
10,0.0,0.0,2.6761661266355077,0.0,0.0,0.03935538421522805,0.0,0.0,68.0,70.0,66.0,0.0,0.0,0.0,0.0,0.0,0.0,460.1585388183594,-0.006755756679922342,0.04245733469724655
11,223.73970127105713,1.0,1.341875180369243,122.41469860076904,101.32500267028809,0.01973345853484181,1.748781408582415,1.535227313186183,68.0,70.0,66.0,0.0,1.0,1.0,223.73970127105713,1.6451448622871847,1.6451448622871847,737.2648315429688,0.002089924644678831,0.026073867455124855
12,103.88911983370781,1.0,0.5546266734600067,67.43008387088776,36.45903596282005,0.008156274609705982,0.9632869124412536,0.5524096358003039,68.0,70.0,66.0,0.0,1.0,1.0,103.88911983370781,0.7638905870125574,0.7638905870125574,1223.275634765625,-0.002558884909376502,0.04193646460771561
13,0.5461619244888425,0.0,1.584480900899507,0.44586132193217054,0.10030060255667195,0.0233011897191104,0.006369447456173865,0.0015197060993435143,68.0,70.0,66.0,0.0,0.0,0.0,0.5461619244888425,0.00401589650359443,0.00401589650359443,874.1627197265625,-0.013336410745978355,0.040482260286808014
14,259.47485822439194,1.0,0.7885194715927355,112.71158522367477,146.76327300071716,0.01159587458224611,1.610165503195354,2.223685954556321,68.0,70.0,66.0,0.0,1.0,1.0,259.47485822439194,1.9079033692969996,1.9079033692969996,563.0542602539062,0.008777300827205181,0.025981295853853226
15,149.46016019582748,1.0,5.38355294521898,78.22508651018143,71.23507368564606,0.0791698962532203,1.1175012358597347,1.0793192982673645,68.0,70.0,66.0,0.0,1.0,1.0,149.46016019582748,1.0989717661457903,1.0989717661457903,530.5153198242188,0.0030127789359539747,0.043749965727329254
16,0.26603376027196646,0.0,1.678985187667422,0.26603376027196646,0.0,0.02469095864216797,0.003800482289599521,0.0,68.0,70.0,66.0,0.0,0.0,0.0,0.26603376027196646,0.0019561305902350474,0.0019561305902350474,1301.9197998046875,0.004899000283330679,0.05148564279079437
17,6.846578930038959,0.028169014084507043,4.444341918162536,5.514999627601355,1.3315793024376035,0.06535796938474317,0.07878570896573364,0.020175443976327326,68.0,70.0,66.0,0.0,0.028169014084507043,0.0,6.846578930038959,0.0503424921326394,0.0503424921326394,895.280029296875,-0.0009118327288888395,0.042290929704904556
18,192.65523028373718,1.0,0.08518615155480802,90.16617119312286,102.48905909061432,0.0012527375228648238,1.2880881599017553,1.5528645316759746,68.0,70.0,66.0,0.0,1.0,1.0,192.65523028373718,1.4165825756157147,1.4165825756157147,1161.1275634765625,-0.0024098653811961412,0.026051877066493034
19,0.021697983145713806,0.0,0.612689216475701,0.021697983145713806,0.0,0.009010135536407367,0.0003099711877959115,0.0,68.0,70.0,66.0,0.0,0.0,0.0,0.021697983145713806,0.00015954399371848386,0.00015954399371848386,1108.7152099609375,0.0022208834998309612,0.02320919930934906
20,284.99960064888,1.0,5.48132330365479,140.33369827270508,144.66590237617493,0.08060769564198221,2.004767118181501,2.191907611760226,68.0,70.0,66.0,0.043478260869565216,1.0,1.0,284.99960064888,2.0955852988888237,2.0955852988888237,792.6373901367188,0.0009701497037895024,0.027126289904117584
21,0.30019205796997994,0.0,1.789179659448564,0.21442076086532325,0.0857712971046567,0.026311465580125943,0.003063153726647475,0.0012995651076463137,68.0,70.0,66.0,0.0,0.0,0.0,0.30019205796997994,0.0022072945438969113,0.0022072945438969113,363.03448486328125,0.008370772004127502,0.12029331177473068
22,0.08962117996998131,0.0,0.9759809567476623,0.07327106408774853,0.016350115882232785,0.014352661128642093,0.0010467294869678362,0.00024772902851867855,68.0,70.0,66.0,0.0,0.0,0.0,0.08962117996998131,0.0006589792644851567,0.0006589792644851567,1127.0556640625,0.0004887568647973239,0.014755538664758205
23,0.2661787122488022,0.0,1.2192857790505514,0.2542425859719515,0.0119361262768507,0.017930673221331638,0.0036320369424564496,0.0001808503981341015,68.0,70.0,66.0,0.0,0.0,0.0,0.2661787122488022,0.001957196413594134,0.001957196413594134,670.2904663085938,-0.00025311956414952874,0.026532506570219994
24,300.20011508464813,1.0,0.9904459459939972,148.59498059749603,151.6051344871521,0.014565381558735253,2.122785437107086,2.297047492229577,68.0,70.0,66.0,0.0,1.0,1.0,300.20011508464813,2.2073537873871185,2.2073537873871185,707.1838989257812,0.007044782862067223,0.050061557441949844
25,85.90298622846603,1.0,1.0127407944528386,58.04913365840912,27.853852570056915,0.014893246977247627,0.8292733379772731,0.4220280692432866,68.0,70.0,66.0,0.0,1.0,1.0,85.90298622846603,0.6316396046210738,0.6316396046210738,932.59130859375,-0.007075725123286247,0.03149838000535965
26,138.92808520793915,1.0,1.1830564373858579,76.60430002212524,62.323785185813904,0.017397888785086146,1.0943471431732177,0.9442997755426349,68.0,70.0,66.0,0.0,1.0,1.0,138.92808520793915,1.0215300382936703,1.0215300382936703,1067.19775390625,-0.0032243740279227495,0.028574472293257713
27,0.913071455899626,0.0,1.648757820483297,0.8768627406097949,0.03620871528983116,0.024246438536519074,0.012526610580139926,0.0005486168983307751,68.0,70.0,66.0,0.0,0.0,0.0,0.913071455899626,0.006713760705144309,0.006713760705144309,247.3667755126953,-0.024176713079214096,0.0687665343284607
28,71.29215800762177,1.0,0.4357815890107304,42.23150062561035,29.060657382011414,0.006408552779569565,0.6033071517944336,0.44031299063653656,68.0,70.0,66.0,0.0,1.0,1.0,71.29215800762177,0.5242070441736895,0.5242070441736895,914.2863159179688,0.002767720725387335,0.032264091074466705
29,0.03778868168592453,0.0,0.3107197901699692,0.021703312173485756,0.016085369512438774,0.004569408678970135,0.00031004731676408223,0.00024371771988543597,68.0,70.0,66.0,0.0,0.0,0.0,0.03778868168592453,0.0002778579535729745,0.0002778579535729745,989.1642456054688,-0.00744175398722291,0.026436882093548775
30,201.60027781128883,0.9859154929577465,0.79463603743352,86.09956887364388,115.50070893764496,0.011685824079904705,1.2299938410520554,1.750010741479469,68.0,70.0,66.0,0.0,0.9859154929577465,1.0,201.60027781128883,1.4823549839065355,1.4823549839065355,1057.9349365234375,-0.005394528619945049,0.02681385912001133
31,118.02346846461296,1.0,1.3776140748523176,47.90105256438255,70.12241590023041,0.020259030512534082,0.6843007509197507,1.062460846973188,68.0,70.0,66.0,0.0,1.0,1.0,118.02346846461296,0.8678196210633305,0.8678196210633305,791.5260009765625,0.007120126858353615,0.02990424446761608
32,3.2364396788179874,0.0,0.36269299080595374,3.200669925659895,0.0357697531580925,0.005333720453028732,0.04572385608085564,0.0005419659569407954,68.0,70.0,66.0,0.0,0.0,0.0,3.2364396788179874,0.023797350579544026,0.023797350579544026,452.24853515625,-0.008387996815145016,0.0740399956703186
33,90.44134491682053,1.0,1.090361234266311,50.25679451227188,40.184550404548645,0.0160347240333281,0.7179542073181697,0.6088568243113431,68.0,70.0,66.0,0.0,1.0,1.0,90.44134491682053,0.6650098890942686,0.6650098890942686,918.7975463867188,0.0026921993121504784,0.026185551658272743
34,127.44051542878151,1.0,2.4480001878691837,85.29479587078094,42.145719558000565,0.03600000276278211,1.2184970838682991,0.638571508454554,68.0,70.0,66.0,0.0,1.0,1.0,127.44051542878151,0.9370626134469229,0.9370626134469229,653.7276611328125,0.009261982515454292,0.03123229555785656
35,3.304144724897469,0.0,2.261244662338868,2.1084396423971157,1.1957050825003535,0.033253597975571585,0.030120566319958797,0.01811674367424778,68.0,70.0,66.0,0.0,0.0,0.0,3.304144724897469,0.024295181800716686,0.024295181800716686,781.4815673828125,-0.0008608993957750499,0.04121638089418411
36,4.802274501038482,0.014084507042253521,0.7011948468280025,3.867489835480228,0.9347846655582543,0.010311688923941213,0.05524985479257469,0.014163404023609914,68.0,70.0,66.0,0.0,0.014084507042253521,0.0,4.802274501038482,0.03531084191940061,0.03531084191940061,1030.69482421875,0.0012246995465829968,0.030271006748080254
37,124.64793729782104,1.0,0.8527327331248671,62.81897121667862,61.828966081142426,0.01254018725183628,0.8974138745239802,0.9368025163809458,68.0,70.0,66.0,0.0,1.0,1.0,124.64793729782104,0.9165289507192724,0.9165289507192724,677.3291625976562,0.0027221788186579943,0.031159089878201485
38,215.32611387968063,1.0,2.0314167937613092,90.67118519544601,124.65492868423462,0.02987377637884278,1.2953026456492287,1.8887110406702214,68.0,70.0,66.0,0.08695652173913043,1.0,1.0,215.32611387968063,1.5832802491152989,1.5832802491152989,752.71484375,0.0006766123115085065,0.013915336690843105
39,3.267138363677077,0.1267605633802817,3.8714465741068125,2.6072841867571697,0.6598541769199073,0.056933037854511946,0.03724691695367385,0.009997790559392535,68.0,70.0,66.0,0.3188405797101449,0.1267605633802817,0.0,3.267138363677077,0.02402307620350792,0.02402307620350792,1208.6024169921875,-0.00529592065140605,0.016194382682442665
40,0.6127969849621877,0.0,2.7343160146847367,0.6127969849621877,0.0,0.040210529627716714,0.008754242642316968,0.0,68.0,70.0,66.0,0.0,0.0,0.0,0.6127969849621877,0.004505860183545498,0.004505860183545498,1049.712646484375,-0.010886872187256813,0.04291577264666557
41,12.014239130425267,0.23943661971830985,0.43342118308646604,7.2374872718937695,4.776751858531497,0.006373840927742147,0.10339267531276813,0.07237502815956814,68.0,70.0,66.0,0.0,0.23943661971830985,0.1044776119402985,12.014239130425267,0.08833999360606815,0.08833999360606815,1578.2835693359375,0.002857320476323366,0.028082700446248055
42,86.0855156481266,1.0,0.005166222807019949,51.4180309176445,34.6674847304821,7.59738648091169e-05,0.7345432988234929,0.5252649201588198,68.0,70.0,66.0,0.0,1.0,1.0,86.0855156481266,0.6329817327068132,0.6329817327068132,1186.578125,0.009351976215839386,0.04224389046430588
43,102.80529087781906,1.0,0.019431525375694036,46.75148296356201,56.05380791425705,0.0002857577261131476,0.6678783280508859,0.8366239987202545,68.0,70.0,67.0,0.0,1.0,0.9852941176470589,102.80529087781906,0.7504035830497742,0.7504035830497742,1169.6219482421875,0.002674637595191598,0.015348671935498714
44,0.07401496544480324,0.0,2.3315299844834954,0.06338551640510559,0.010629449039697647,0.034287205654169046,0.0009055073772157941,0.00016105225817723706,68.0,70.0,66.0,0.0,0.0,0.0,0.07401496544480324,0.0005442276870941414,0.0005442276870941414,598.3765258789062,-0.00999219249933958,0.06163833290338516
45,37.82982270303182,1.0,0.12718326062895358,32.08013051748276,5.7496921855490655,0.0018703420680728467,0.45828757882118226,0.08581630127685172,68.0,70.0,67.0,0.0,1.0,0.4117647058823529,37.82982270303182,0.27613009272286004,0.27613009272286004,632.6670532226562,-0.0021769164595752954,0.0182501170784235
46,0.05671668844297528,0.0,1.1461333179613575,0.05671668844297528,0.0,0.016854901734725845,0.0008102384063282184,0.0,68.0,70.0,67.0,0.0,0.0,0.0,0.05671668844297528,0.0004139904265910605,0.0004139904265910605,1460.375,0.005736243445426226,0.0267714224755764
47,202.46561032533646,1.0,1.7480864461394958,98.04375779628754,104.42185252904892,0.02570715361969847,1.4006251113755361,1.5585351123738644,68.0,70.0,67.0,0.0,1.0,0.9852941176470589,202.46561032533646,1.4778511702579304,1.4778511702579304,1103.5037841796875,0.008665945380926132,0.023021113127470016
48,139.69339042901993,1.0,2.235553821432404,69.02922868728638,70.66416174173355,0.032875791491653004,0.9861318383898053,1.0546889812199038,68.0,70.0,67.0,0.0,1.0,1.0,139.69339042901993,1.01965978415343,1.01965978415343,571.397216796875,-0.00220431643538177,0.03626393899321556
49,0.24045207290328108,0.0,0.9273037119419314,0.24045207290328108,0.0,0.013636819293263698,0.0034350296129040153,0.0,68.0,70.0,67.0,0.0,0.0,0.0,0.24045207290328108,0.0017551246197319787,0.0017551246197319787,2668.583251953125,-0.001095845247618854,0.01679670624434948
50,94.999784886837,1.0,0.7999040856666397,56.455885112285614,38.54389977455139,0.011763295377450585,0.8065126444612231,0.5752820861873342,68.0,70.0,67.0,0.0,1.0,0.9852941176470589,94.999784886837,0.6934290867652336,0.6934290867652336,937.5078735351562,-0.004577591549605131,0.03313077986240387
51,0.0,0.0,0.021346790352254175,0.0,0.0,0.00031860881122767424,0.0,0.0,67.0,70.0,67.0,0.0,0.0,0.0,0.0,0.0,0.0,1203.2967529296875,-0.009134208783507347,0.020906813442707062
52,84.86349666118622,1.0,0.4088650024496019,41.80645126104355,43.05704540014267,0.0061024627231283865,0.5972350180149079,0.6426424686588458,67.0,70.0,67.0,0.0,1.0,1.0,84.86349666118622,0.6194415814685126,0.6194415814685126,784.5393676757812,-0.008201525546610355,0.025093799456954002
53,126.53233668208122,1.0,1.065641716006212,68.12217113375664,58.410165548324585,0.015905100238898684,0.9731738733393805,0.8717935156466355,67.0,70.0,67.0,0.0,1.0,1.0,126.53233668208122,0.923593698409352,0.923593698409352,680.7781372070312,-0.005119113251566887,0.027988066896796227
54,4.580129890993703,0.0,2.1030093502486125,3.8776689192745835,0.7024609717191197,0.031388199257441976,0.05539527027535119,0.010484492115210742,67.0,70.0,67.0,0.0,0.0,0.0,4.580129890993703,0.03343160504374966,0.03343160504374966,681.4274291992188,0.005125949624925852,0.03498184308409691
55,4.357106239418499,0.0,5.395335432142019,3.3905399361392483,0.9665663032792509,0.08052739450958238,0.04843628480198926,0.014426362735511207,67.0,70.0,67.0,0.0,0.0,0.0,4.357106239418499,0.031803695178237223,0.031803695178237223,983.8192138671875,0.004820592235773802,0.0352906659245491
56,192.61474192142487,1.0,1.153552318108268,100.67837452888489,91.93636739253998,0.017217198777735344,1.438262493269784,1.3721845879483578,67.0,70.0,67.0,0.0,1.0,1.0,192.61474192142487,1.405947021324269,1.405947021324269,557.4364624023438,-0.0036862690467387438,0.03034638613462448
57,189.07804208993912,1.0,0.8292592531361151,89.07032257318497,100.00771951675415,0.012377003778150972,1.2724331796169281,1.4926525301008082,67.0,70.0,67.0,0.0,1.0,1.0,189.07804208993912,1.3801316940871469,1.3801316940871469,1107.37109375,0.0011624636827036738,0.022897886112332344
58,168.31997072696686,1.0,5.558023538906127,82.68020582199097,85.63976490497589,0.08295557520755414,1.1811457974570139,1.2782054463429238,67.0,70.0,67.0,0.1323529411764706,1.0,1.0,168.31997072696686,1.2286129250143567,1.2286129250143567,725.5056762695312,-0.006089846137911081,0.03176014497876167
59,79.38767898082733,1.0,0.8559524435549974,50.02526745200157,29.36241152882576,0.012775409605298469,0.7146466778857368,0.43824494819142923,67.0,70.0,67.0,0.0,1.0,1.0,79.38767898082733,0.5794721093491046,0.5794721093491046,1365.9603271484375,-0.0053852940909564495,0.03193111717700958
60,0.00220119790174067,0.0,0.7361688660239452,0.00220119790174067,0.0,0.010987595015282764,3.1445684310581e-05,0.0,67.0,70.0,67.0,0.0,0.0,0.0,0.00220119790174067,1.6067137968910003e-05,1.6067137968910003e-05,1444.02685546875,-0.00368001451715827,0.0218728668987751
61,63.865417681634426,0.9859154929577465,3.0304275965318084,31.091834597289562,32.773583084344864,0.04523026263480311,0.4441690656755652,0.48915795648275917,67.0,70.0,67.0,0.22058823529411764,0.9859154929577465,1.0,63.865417681634426,0.466170931982733,0.466170931982733,1379.8662109375,-0.0008537653484381735,0.015188749879598618
62,4.253923793672584,0.09859154929577464,2.9789689134340733,4.240305862738751,0.013617930933833122,0.04446222258856826,0.060575798039125016,0.00020325270050497197,67.0,70.0,67.0,0.029411764705882353,0.09859154929577464,0.0,4.253923793672584,0.03105053863994587,0.03105053863994587,915.7605590820312,-0.004724919330328703,0.03533844277262688
63,70.3597292304039,0.9859154929577465,0.9313556645065546,30.19042593240738,40.16930329799652,0.013900830813530666,0.43129179903439113,0.5995418402686048,67.0,70.0,67.0,0.0,0.9859154929577465,1.0,70.3597292304039,0.5135746659153569,0.5135746659153569,979.7134399414062,-0.004151058383285999,0.02932218462228775
64,11.98505646456033,0.18309859154929578,0.10957056854385883,10.323909763246775,1.6611467013135552,0.0016353816200575944,0.14748442518923963,0.02479323434796351,67.0,70.0,67.0,0.0,0.18309859154929578,0.0,11.98505646456033,0.08748216397489292,0.08748216397489292,1208.3873291015625,0.0007284812163561583,0.04022272303700447
65,72.87824237346649,1.0,2.5958258849568665,44.2593055665493,28.61893680691719,0.03874366992472935,0.6322757938078472,0.42714831055100283,67.0,70.0,67.0,0.0,1.0,1.0,72.87824237346649,0.5319579735289525,0.5319579735289525,996.96240234375,-0.006228175479918718,0.040064435452222824
66,0.0046850943472236395,0.0,3.7523551685735583,0.0046850943472236395,0.0,0.05600530102348594,6.6929919246052e-05,0.0,67.0,70.0,67.0,0.17647058823529413,0.0,0.0,0.0046850943472236395,3.419776895783678e-05,3.419776895783678e-05,1636.073974609375,0.0006308248266577721,0.01774655468761921
67,271.30492866039276,1.0,2.019698010524735,167.9825862646103,103.32234239578247,0.030144746425742313,2.3997512323515755,1.5421245133698875,67.0,70.0,67.0,0.0,1.0,1.0,271.30492866039276,1.9803279464262245,1.9803279464262245,916.6447143554688,0.007504974026232958,0.03469206020236015
68,1.5352421380812302,0.014084507042253521,3.59596353629604,1.4114348627626896,0.12380727531854063,0.05367109755665731,0.020163355182324136,0.0018478697808737407,67.0,70.0,67.0,0.2647058823529412,0.014084507042253521,0.0,1.5352421380812302,0.01120614699329365,0.01120614699329365,1956.774658203125,0.00011577937402762473,0.014496115036308765
69,123.16223758459091,1.0,1.0231049841677304,56.556471824645996,66.60576575994492,0.015270223644294484,0.8079495974949428,0.9941159068648495,67.0,70.0,67.0,0.0,1.0,1.0,123.16223758459091,0.8989944349240212,0.8989944349240212,776.9953002929688,0.004612747114151716,0.02096516825258732
70,155.53292512893677,1.0,0.5379177456488833,80.38460433483124,75.14832079410553,0.008028623069386318,1.1483514904975891,1.1216167282702318,67.0,70.0,67.0,0.0,1.0,1.0,155.53292512893677,1.1352768257586625,1.1352768257586625,1026.08251953125,0.009741155430674553,0.05046526715159416
71,3.9535791929229163,0.28169014084507044,4.294694413430989,3.409756983630359,0.5438222092925571,0.06409991661837297,0.048710814051862276,0.008116749392426225,67.0,70.0,67.0,0.6323529411764706,0.28169014084507044,0.029411764705882353,3.9535791929229163,0.028858242284108878,0.028858242284108878,2335.790283203125,0.001685652881860733,0.01028706505894661
72,111.92459726333618,1.0,1.628135924343951,63.220152735710144,48.70444452762604,0.024300536184238074,0.9031450390815735,0.7269320078750154,67.0,70.0,67.0,0.0,1.0,1.0,111.92459726333618,0.8169678632360305,0.8169678632360305,1515.9849853515625,0.006295441649854183,0.02216159924864769
73,152.41594749689102,1.0,1.0563154043629766,85.00352931022644,67.41241818666458,0.015765901557656368,1.214336133003235,1.006155495323352,67.0,70.0,67.0,0.0,1.0,1.0,152.41594749689102,1.1125251642108833,1.1125251642108833,667.0216064453125,-0.002206662204116583,0.028323646634817123
74,2.685664923279546,0.0,2.384603470680304,1.7446140927495435,0.9410508305300027,0.03559109657731797,0.02492305846785062,0.014045534784029892,67.0,70.0,67.0,0.0,0.0,0.0,2.685664923279546,0.01960339360058063,0.01960339360058063,486.4986267089844,0.012516295537352562,0.05279327929019928
75,249.9123990535736,1.0,0.2989117630822875,120.36299085617065,129.54940819740295,0.004461369598243097,1.719471297945295,1.933573256677656,67.0,70.0,67.0,0.0,1.0,1.0,249.9123990535736,1.8241780952815592,1.8241780952815592,1205.6405029296875,0.002053204458206892,0.03008989989757538
76,127.24646872282028,1.0,1.6857695910148323,69.50761169195175,57.73885703086853,0.02516074016440048,0.9929658813135964,0.8617739855353512,67.0,70.0,67.0,0.0,1.0,1.0,127.24646872282028,0.9288063410424838,0.9288063410424838,791.072998046875,0.0035441708751022816,0.037295106798410416
77,107.93719619512558,1.0,2.6092005947139114,54.93291676044464,53.00427943468094,0.03894329245841659,0.7847559537206378,0.79110864827882,67.0,70.0,67.0,0.0,1.0,1.0,107.93719619512558,0.7878627459498218,0.7878627459498218,469.21209716796875,-0.008931831456720829,0.07751710712909698
78,151.1422563791275,1.0,1.740010343492031,68.83654427528381,82.30571210384369,0.025970303634209418,0.9833792039326259,1.228443464236473,67.0,70.0,67.0,0.0,1.0,1.0,151.1422563791275,1.1032281487527555,1.1032281487527555,589.379638671875,-0.0008489387691952288,0.022005928680300713
79,120.14833262562752,1.0,0.0,53.25726678967476,66.89106583595276,0.0,0.7608180969953537,0.9983741169545188,67.0,70.0,67.0,0.0,1.0,1.0,120.14833262562752,0.8769951286542155,0.8769951286542155,1265.89404296875,0.0004560693050734699,0.02201606146991253
80,273.26809895038605,1.0,0.48829166777431965,126.04822313785553,147.21987581253052,0.007287935339915219,1.8006889019693648,2.1973115792915,67.0,70.0,67.0,0.0,1.0,1.0,273.26809895038605,1.994657656572161,1.994657656572161,1184.9334716796875,-0.0009619249613024294,0.04376326501369476
81,135.3442968726158,1.0,5.297615059651434,69.9213947057724,65.42290216684341,0.07906888148733485,0.99887706722532,0.9764612263707972,67.0,70.0,67.0,0.0,1.0,1.0,135.3442968726158,0.9879145757125242,0.9879145757125242,375.30938720703125,0.0218582134693861,0.1165977269411087
82,0.984293234650977,0.0,0.5996742597781122,0.771117745724041,0.21317548892693594,0.00895036208624048,0.011015967796057728,0.003181723715327402,67.0,70.0,67.0,0.014705882352941176,0.0,0.0,0.984293234650977,0.007184622150737058,0.007184622150737058,6354.9140625,-0.002962730824947357,0.010447356849908829
83,68.74143904447556,1.0,1.2476435103453696,36.75501295924187,31.98642608523369,0.018621544930527905,0.5250716137034552,0.4774093445557267,67.0,70.0,67.0,0.0,1.0,1.0,68.74143904447556,0.5017623287917924,0.5017623287917924,1103.5697021484375,-0.002687946893274784,0.02344503253698349
84,65.96060909330845,1.0,0.8896847607102245,29.897254273295403,36.063354820013046,0.01327887702552574,0.4271036324756486,0.5382590271643738,67.0,70.0,67.0,0.0,1.0,1.0,65.96060909330845,0.4814642999511566,0.4814642999511566,2293.555908203125,-0.007648652419447899,0.029946984723210335
85,143.09377920627594,1.0,4.191003089770675,71.27961522340775,71.8141639828682,0.06255228492195036,1.0182802174772536,1.0718531937741522,67.0,70.0,67.0,0.08823529411764706,1.0,1.0,143.09377920627594,1.0444801401917951,1.0444801401917951,1334.8253173828125,0.0017967189196497202,0.023743780329823494
86,195.75028276443481,1.0,1.4551071072928607,93.68118989467621,102.0690928697586,0.021718016526759115,1.3383027127810887,1.5234192965635613,67.0,70.0,67.0,0.0,1.0,1.0,195.75028276443481,1.428834180762298,1.428834180762298,1069.2279052734375,0.009216658771038055,0.032965172082185745
87,0.0,0.0,1.2775098635465838,0.0,0.0,0.01906731139621767,0.0,0.0,67.0,70.0,67.0,0.0,0.0,0.0,0.0,0.0,0.0,1707.899658203125,-0.0003522071347106248,0.027809839695692062
88,124.7421532869339,1.0,1.2667309063544963,67.19796115159988,57.544192135334015,0.01890643143812681,0.959970873594284,0.8588685393333435,67.0,70.0,67.0,0.0,1.0,1.0,124.7421532869339,0.9105266663279846,0.9105266663279846,806.4979248046875,0.0006227761041373014,0.03828907385468483
89,112.95413929224014,1.0,0.008087349124252796,56.14706242084503,56.80707687139511,0.00012070670334705666,0.8021008917263576,0.8478668189760464,67.0,70.0,67.0,0.0,1.0,1.0,112.95413929224014,0.8244827685564974,0.8244827685564974,925.2083740234375,-0.004177543334662914,0.04852067306637764
90,83.39838537573814,1.0,0.17209144472144544,35.178177148103714,48.22020822763443,0.0025685290256932157,0.5025453878300531,0.7197046004124542,67.0,70.0,67.0,0.0,1.0,1.0,83.39838537573814,0.6087473385090375,0.6087473385090375,2092.426025390625,0.0093152467161417,0.04177449643611908
91,104.56702455878258,1.0,0.2849629339762032,49.389421194791794,55.177603363990784,0.004253178119047809,0.705563159925597,0.8235463188655341,67.0,70.0,67.0,0.0,1.0,1.0,104.56702455878258,0.7632629529838144,0.7632629529838144,1344.3304443359375,-0.009616661816835403,0.0424092672765255
92,0.23296126537024975,0.0,5.071577340364456,0.23296126537024975,0.0,0.07569518418454413,0.0033280180767178537,0.0,67.0,70.0,67.0,0.07352941176470588,0.0,0.0,0.23296126537024975,0.0017004471924835748,0.0017004471924835748,2008.5699462890625,-0.006097861565649509,0.024555454030632973
93,167.2066181898117,1.0,5.438021210953593,80.01273596286774,87.19388222694397,0.08116449568587453,1.1430390851838248,1.3014012272678204,67.0,70.0,67.0,0.0,1.0,1.0,167.2066181898117,1.2204862641592096,1.2204862641592096,1249.1820068359375,0.004751975182443857,0.028398921713232994
94,2.616635351907462,0.08450704225352113,1.0036538268468576,2.614034868311137,0.0026004835963249207,0.014979907863385933,0.03734335526158767,3.8813188004849565e-05,67.0,70.0,67.0,0.0,0.08450704225352113,0.0,2.616635351907462,0.01909952811611286,0.01909952811611286,1391.2489013671875,-0.00411525322124362,0.04092014580965042
95,42.59825983643532,0.4647887323943662,2.966788577497937,15.433130294084549,27.16512954235077,0.04428042652981995,0.22047328991549356,0.4054496946619518,67.0,70.0,67.0,0.0,0.4647887323943662,0.9852941176470589,42.59825983643532,0.31093620318565923,0.31093620318565923,1006.4157104492188,0.007513498421758413,0.039885275065898895
96,4.2781719471968245,0.3380281690140845,3.5597199611365795,3.51531788991997,0.7628540572768543,0.053130148673680294,0.050218826998856714,0.011385881451893348,67.0,70.0,67.0,0.2647058823529412,0.3380281690140845,0.029411764705882353,4.2781719471968245,0.03122753246129069,0.03122753246129069,2189.76171875,-0.0036728510167449713,0.014859355986118317
97,210.45769548416138,1.0,2.3678865237452555,107.30746746063232,103.15022802352905,0.035341589906645605,1.532963820866176,1.5395556421422247,67.0,70.0,67.0,0.0,1.0,1.0,210.45769548416138,1.5361875582785502,1.5361875582785502,1214.260986328125,-0.0015725914854556322,0.026602432131767273
98,168.48723661899567,1.0,1.792817470850423,95.58012700080872,72.90710961818695,0.02675846971418542,1.3654303857258387,1.08816581519682,67.0,70.0,67.0,0.0,1.0,1.0,168.48723661899567,1.2298338439342749,1.2298338439342749,704.5652465820312,-0.0003888403589371592,0.043491896241903305
99,270.3660590648651,1.0,0.024237900390289724,125.42791891098022,144.9381401538849,0.00036175970731775706,1.7918274130140033,2.1632558231923116,67.0,70.0,67.0,0.0,1.0,1.0,270.3660590648651,1.9734748836851468,1.9734748836851468,845.7349853515625,-0.007307211868464947,0.032137732952833176
100,1.4669008268974721,0.014084507042253521,1.6447153957560658,1.4669008268974721,0.0,0.02454799098143382,0.020955726098535316,0.0,67.0,70.0,67.0,0.0,0.014084507042253521,0.0,1.4669008268974721,0.010707305305820964,0.010707305305820964,737.7728271484375,0.017450962215662003,0.037465836852788925
101,1.261053301510401,0.0,0.8964049639180303,1.0374176326440647,0.22363566886633635,0.01337917856594075,0.014820251894915211,0.0033378458039751693,67.0,70.0,67.0,0.0,0.0,0.0,1.261053301510401,0.009204768624163511,0.009204768624163511,6293.95458984375,-0.002106280531734228,0.017691200599074364
102,124.51900294423103,0.9859154929577465,0.23595233133528382,64.41700455546379,60.10199838876724,0.003521676587093788,0.9202429222209113,0.8970447520711529,67.0,70.0,67.0,0.0,0.9859154929577465,1.0,124.51900294423103,0.9088978317097156,0.9088978317097156,692.03662109375,-0.004923008847981691,0.03373830020427704
103,1.4643812204594724,0.014084507042253521,6.253873590379953,1.32626080699265,0.13812041346682236,0.09334139687134259,0.01894658295703786,0.002061498708460035,67.0,70.0,67.0,0.7794117647058824,0.014084507042253521,0.0,1.4643812204594724,0.010688914017952354,0.010688914017952354,2516.413818359375,0.002166298683732748,0.010516410693526268
104,,,,,,,,,,,,,,,,,,663.88720703125,0.001537170261144638,0.024413282051682472
105,0.3293111725797644,0.0,1.7075610036044964,0.3136796603066614,0.015631512273103,0.025485985128425318,0.004481138004380877,0.0002333061533298955,67.0,70.0,67.0,0.0,0.0,0.0,0.3293111725797644,0.0024037311867136086,0.0024037311867136086,982.6997680664062,-0.003315041307359934,0.032160546630620956
106,297.3778125047684,1.0,1.6606566598638892,134.3238044977188,163.05400800704956,0.024785920296475958,1.9189114928245545,2.4336419105529785,67.0,70.0,67.0,0.0,1.0,1.0,297.3778125047684,2.17064096718809,2.17064096718809,1036.0015869140625,0.003562149591743946,0.028176959604024887
107,163.04270786046982,1.0,0.343739914445905,67.36151522397995,95.68119263648987,0.005130446484267239,0.9623073603425707,1.428077502037162,67.0,70.0,67.0,0.0,1.0,1.0,163.04270786046982,1.190092758105619,1.190092758105619,959.8241577148438,-0.004727583844214678,0.02943171001970768
108,147.1790205836296,1.0,0.511171275516972,70.76162052154541,76.4174000620842,0.007629422022641373,1.0108802931649343,1.1405582098818536,67.0,70.0,67.0,0.0,1.0,1.0,147.1790205836296,1.0742994203184644,1.0742994203184644,657.92431640625,0.0029679739382117987,0.020700402557849884
109,3.4176449033548124,0.08450704225352113,3.1918161341163795,3.4077359422226436,0.00990896113216877,0.04763904677785641,0.04868194203175205,0.00014789494227117567,67.0,70.0,67.0,0.0,0.08450704225352113,0.0,3.4176449033548124,0.024946313163173812,0.024946313163173812,1975.8984375,0.010271800681948662,0.05690651386976242
110,164.28833931684494,1.0,0.7152647121693008,87.39085310697556,76.89748620986938,0.010675592718944787,1.2484407586710793,1.14772367477417,67.0,70.0,67.0,0.0,1.0,1.0,164.28833931684494,1.1991849585171164,1.1991849585171164,562.9927978515625,0.011600155383348465,0.050501905381679535
111,0.3505476251593791,0.0,1.1378457829123363,0.32993460301076993,0.02061302214860916,0.0169827728792886,0.004713351471582428,0.0003076570469941666,67.0,70.0,67.0,0.0,0.0,0.0,0.3505476251593791,0.002558741789484519,0.002558741789484519,1580.8009033203125,-0.0037547475658357143,0.03419100120663643
112,202.4434916973114,1.0,6.0771335596218705,108.85345435142517,93.59003734588623,0.09070348596450553,1.5550493478775025,1.396866229043078,67.0,70.0,67.0,0.19117647058823528,1.0,1.0,202.4434916973114,1.4776897204183315,1.4776897204183315,918.4951171875,0.007646449841558933,0.030190080404281616
113,232.85178434848785,1.0,2.0694494063500315,108.75726771354675,124.0945166349411,0.03088730457238853,1.553675253050668,1.8521569647006135,67.0,70.0,67.0,0.0,1.0,1.0,232.85178434848785,1.6996480609378675,1.6996480609378675,1180.794677734375,0.0001895824243547395,0.02197634056210518
114,1.1239137431548443,0.0,0.9206862147839274,1.0862311437667813,0.037682599388062954,0.013741585295282499,0.015517587768096875,0.0005624268565382531,67.0,70.0,67.0,0.0,0.0,0.0,1.1239137431548443,0.00820374995003536,0.00820374995003536,1442.1800537109375,0.010271976701915264,0.030604269355535507
115,0.0,0.0,1.2744269294198602,0.0,0.0,0.019021297454027766,0.0,0.0,67.0,70.0,67.0,0.0,0.0,0.0,0.0,0.0,0.0,3120.2041015625,0.003675291780382395,0.031167957931756973
116,165.86014384031296,1.0,0.039895463560242206,76.99818724393845,88.86195659637451,0.000595454680003615,1.099974103484835,1.3262978596473807,67.0,70.0,67.0,0.0,1.0,1.0,165.86014384031296,1.210657984235861,1.210657984235861,1129.814208984375,-0.00037838908610865474,0.013610229827463627
117,125.08401393890381,1.0,0.11147211957722902,62.80306088924408,62.28095304965973,0.0016637629787646124,0.8971865841320583,0.9295664634277572,67.0,70.0,67.0,0.0,1.0,1.0,125.08401393890381,0.9130219995540424,0.9130219995540424,973.7728271484375,0.0005458766245283186,0.013646750710904598
118,110.8806859254837,1.0,1.1589231180842035,68.38952219486237,42.49116373062134,0.017297359971406023,0.9769931742123195,0.6341964735913632,67.0,70.0,67.0,0.0,1.0,1.0,110.8806859254837,0.8093480724487861,0.8093480724487861,848.5313110351562,-0.007230470888316631,0.042808279395103455
119,54.55881240218878,0.7323943661971831,0.527415615710197,50.539027750492096,4.019784651696682,0.007871874861346224,0.7219861107213157,0.05999678584621913,67.0,70.0,67.0,0.0,0.7323943661971831,0.058823529411764705,54.55881240218878,0.39823950658531954,0.39823950658531954,935.4911499023438,0.0003545763320289552,0.03669096156954765
120,257.5623642206192,1.0,3.8505666845012456,118.21026957035065,139.35209465026855,0.05747114454479471,1.688718136719295,2.079882009705501,67.0,70.0,67.0,0.0,1.0,1.0,257.5623642206192,1.8800172570848117,1.8800172570848117,654.1925048828125,0.001564816222526133,0.0384216383099556
121,303.9105027914047,1.0,1.7389103681198321,142.14594089984894,161.7645618915558,0.025953886091340778,2.0306562985692707,2.4143964461426237,67.0,70.0,67.0,0.0,1.0,1.0,303.9105027914047,2.2183248378934652,2.2183248378934652,806.102294921875,0.018939372152090073,0.05304499343037605
122,235.4063684940338,1.0,0.6003840978373773,119.83191311359406,115.57445538043976,0.00896095668413996,1.7118844730513436,1.724991871349847,67.0,70.0,67.0,0.0,1.0,1.0,235.4063684940338,1.7182946605403928,1.7182946605403928,604.6024780273438,0.003168614814057946,0.05081416293978691
123,2.8790519775357097,0.04225352112676056,0.1409373059796053,2.354945244733244,0.5241067328024656,0.0021035418802926166,0.03364207492476063,0.00782248854929053,67.0,70.0,67.0,0.0,0.04225352112676056,0.0,2.8790519775357097,0.02101497793821686,0.02101497793821686,1517.13330078125,-0.00261144177056849,0.016043202951550484
124,264.92257964611053,1.0,0.26242518224171363,119.0244892835617,145.89809036254883,0.003916793764801696,1.7003498469080245,2.1775834382469976,67.0,70.0,67.0,0.0,1.0,1.0,264.92257964611053,1.9337414572708798,1.9337414572708798,797.72900390625,-0.00017983642464969307,0.021056100726127625
125,57.70185795426369,1.0,0.01325902994722128,32.87298974394798,24.828868210315704,0.00019789596936151162,0.4696141391992569,0.37058012254202544,67.0,70.0,67.0,0.0,1.0,0.8529411764705882,57.70185795426369,0.42118144492163273,0.42118144492163273,721.4782104492188,0.025999369099736214,0.04350687563419342
126,154.67431581020355,1.0,0.8732606960111298,80.40936267375946,74.26495313644409,0.0130337417315094,1.1487051810537066,1.1084321363648373,67.0,70.0,67.0,0.0,1.0,1.0,154.67431581020355,1.1290096044540405,1.1290096044540405,844.5979614257812,0.001053061569109559,0.031229916960000992
127,249.40047693252563,1.0,0.5137804835103452,120.3678503036499,129.03262662887573,0.00766836542552754,1.71954071862357,1.9258600989384438,67.0,70.0,67.0,0.0,1.0,1.0,249.40047693252563,1.8204414374636908,1.8204414374636908,972.0300903320312,-0.017869729548692703,0.042852845042943954
128,206.10260939598083,1.0,1.7194803501479328,104.9205607175827,101.18204867839813,0.025663885823103475,1.4988651531083244,1.5101798310208676,67.0,70.0,67.0,0.0,1.0,1.0,206.10260939598083,1.5043986087297871,1.5043986087297871,802.188232421875,-0.0007042037905193865,0.04321233555674553
129,160.68078130483627,1.0,0.4217239644494839,93.88248294591904,66.79829835891724,0.0062943875290967745,1.3411783277988434,0.9969895277450334,67.0,70.0,67.0,0.0,1.0,1.0,160.68078130483627,1.1728524182834765,1.1728524182834765,1229.0731201171875,0.002571177901700139,0.031928807497024536
130,116.29655826091766,1.0,0.3332307019736618,61.1815419793129,55.11501628160477,0.004973592566771072,0.8740220282758985,0.8226121833075338,67.0,70.0,67.0,0.0,1.0,1.0,116.29655826091766,0.8488799873059684,0.8488799873059684,1265.95361328125,-0.00780469411984086,0.0365447923541069
131,120.30568939447403,1.0,1.8270219761470798,62.82799589633942,57.47769349813461,0.02726898471861313,0.8975427985191345,0.8578760223602181,67.0,70.0,67.0,0.0,1.0,1.0,120.30568939447403,0.8781437182078397,0.8781437182078397,1305.8101806640625,0.0037253196351230145,0.05013144388794899
132,0.0013477575266733766,0.0,1.076387259294279,0.0013477575266733766,0.0,0.016065481482004162,1.9253678952476807e-05,0.0,67.0,70.0,67.0,0.029411764705882353,0.0,0.0,0.0013477575266733766,9.837646180097639e-06,9.837646180097639e-06,2094.951171875,-0.0016607462894171476,0.01532620470970869
133,89.26780319213867,1.0,1.3679590439423919,48.88509348034859,40.382709711790085,0.02041729916331928,0.6983584782906941,0.6027270106237326,67.0,70.0,67.0,0.0,1.0,1.0,89.26780319213867,0.65158980432218,0.65158980432218,1466.1138916015625,-0.002235017018392682,0.031627263873815536
134,137.08809208869934,1.0,0.8704081027535722,67.07444906234741,70.01364302635193,0.012991165712739883,0.9582064151763916,1.044979746661969,67.0,70.0,67.0,0.0,1.0,1.0,137.08809208869934,1.0006430079467106,1.0006430079467106,934.0107421875,-0.004545286763459444,0.03356563672423363
135,78.67985092103481,1.0,6.206844457890838,53.172952979803085,25.506897941231728,0.09263946952075879,0.759613613997187,0.38069996927211536,67.0,70.0,67.0,0.0,1.0,0.6617647058823529,78.67985092103481,0.5743054811754366,0.5743054811754366,579.510498046875,-0.0060010082088410854,0.05732331797480583
136,103.44623285531998,1.0,4.326766796410084,45.62902271747589,57.817210137844086,0.06457860890164305,0.651843181678227,0.8629434348931954,67.0,70.0,67.0,0.029411764705882353,1.0,1.0,103.44623285531998,0.7550819916446714,0.7550819916446714,1129.22314453125,0.005108868237584829,0.024921167641878128
137,1.29725285328459,0.0,0.5174797183472037,1.061831826227717,0.23542102705687284,0.007723577885779161,0.015169026088967388,0.0035137466724906394,67.0,70.0,67.0,0.0,0.0,0.0,1.29725285328459,0.009468998929084598,0.009468998929084598,2116.466552734375,0.0090758902952075,0.028426898643374443
138,4.530669230734929,0.0,2.8041332901921123,2.533466700464487,1.9972025302704424,0.04185273567450914,0.036192381435206956,0.02980899298911108,67.0,70.0,67.0,0.0,0.0,0.0,4.530669230734929,0.03307057832653233,0.03307057832653233,2241.244384765625,-0.0007263338775373995,0.025487320497632027
139,118.87447798252106,1.0,1.2006231260311324,60.97949403524399,57.89498394727707,0.017919748149718393,0.8711356290749142,0.8641042380190608,67.0,70.0,67.0,0.0,1.0,1.0,118.87447798252106,0.8676969195804457,0.8676969195804457,632.8142700195312,0.010852577164769173,0.0327053964138031
140,6.8716352470219135,0.0,4.200696241110563,2.9090057918801904,3.962629455141723,0.06269695882254572,0.041557225598288436,0.0591437232110705,67.0,70.0,67.0,0.0,0.0,0.0,6.8716352470219135,0.05015792151110886,0.05015792151110886,43.656803131103516,0.01960756443440914,0.1892557144165039
141,1.5612305154572823,0.0,0.3924312004237436,1.4847556793611147,0.07647483609616756,0.00585718209587677,0.021210795419444498,0.001141415464121904,67.0,70.0,67.0,0.0,0.0,0.0,1.5612305154572823,0.011395843178520309,0.011395843178520309,2040.501220703125,-0.0035243656020611525,0.019189925864338875
142,263.3786952495575,1.0,3.4912614221684635,105.57862877845764,157.80006647109985,0.052108379435350204,1.5082661254065377,2.355224872702983,67.0,70.0,67.0,0.014705882352941176,1.0,1.0,263.3786952495575,1.92247222809896,1.92247222809896,802.181396484375,0.001757931080646813,0.03965336084365845
143,139.58358585834503,1.0,4.393710484728217,86.53797221183777,53.04561364650726,0.06557776842877935,1.2362567458833966,0.7917255768135413,67.0,70.0,67.0,0.07352941176470588,1.0,1.0,139.58358585834503,1.0188582909368251,1.0188582909368251,2053.42822265625,-0.0053110565058887005,0.02230922132730484
144,1.3223581550410017,0.0,2.260772198147606,0.9366038437001407,0.385754311340861,0.03374286862906875,0.01338005491000201,0.005757527034938224,67.0,70.0,67.0,0.0,0.0,0.0,1.3223581550410017,0.009652249306868626,0.009652249306868626,1591.99365234375,0.005518164951354265,0.028272511437535286
145,0.0,0.0,1.1518550876062363,0.0,0.0,0.017191866979197556,0.0,0.0,67.0,70.0,67.0,0.0,0.0,0.0,0.0,0.0,0.0,1626.838134765625,0.003739887150004506,0.015498742461204529
146,2.720704785431735,0.0,0.8574376967735589,1.7376893276814371,0.9830154577502981,0.012797577563784461,0.02482413325259196,0.014671872503735792,67.0,70.0,67.0,0.0,0.0,0.0,2.720704785431735,0.019859159017749893,0.019859159017749893,1104.1678466796875,-0.006949704606086016,0.05336886644363403
147,81.14366832375526,1.0,0.3408680830616504,46.683771938085556,34.45989638566971,0.005087583329278364,0.6669110276869366,0.5143268117264136,67.0,70.0,67.0,0.0,1.0,1.0,81.14366832375526,0.5922895498084326,0.5922895498084326,873.359130859375,-0.0021613924764096737,0.030093055218458176
148,79.6618095934391,1.0,0.10769564658403397,48.82532846927643,30.836481124162674,0.0016073977102094622,0.6975046924182347,0.4602459869278011,67.0,70.0,67.0,0.0,1.0,1.0,79.6618095934391,0.5814730627258329,0.5814730627258329,713.0067138671875,-0.0037333087529987097,0.03485171124339104
149,255.293035030365,1.0,11.650716926902533,128.5396921634674,126.75334286689758,0.1738912974164557,1.836281316620963,1.8918409383119041,67.0,70.0,67.0,0.7058823529411765,1.0,1.0,255.293035030365,1.8634528104406203,1.8634528104406203,1235.392578125,-0.0018065148033201694,0.03169180080294609
150,268.32331228256226,1.0,2.3430499273817986,129.3673746585846,138.95593762397766,0.03497089443853431,1.8481053522654942,2.0739692182683234,67.0,70.0,67.0,0.0,1.0,1.0,268.32331228256226,1.9585643232303813,1.9585643232303813,737.6575927734375,0.0009853602387011051,0.033177439123392105
151,138.44784009456635,1.0,0.7545735028397758,71.92279833555222,66.52504175901413,0.011262291087160833,1.027468547650746,0.9929110710300616,67.0,70.0,67.0,0.0,1.0,1.0,138.44784009456635,1.010568175872747,1.010568175872747,734.6195678710938,0.004079918377101421,0.035443779081106186
152,106.33647292852402,1.0,0.5833487939089537,50.15609121322632,56.1803817152977,0.008706698416551547,0.716515588760376,0.8385131599298165,67.0,70.0,67.0,0.0,1.0,1.0,106.33647292852402,0.7761786345147739,0.7761786345147739,728.5326538085938,-0.0026871731970459223,0.030112873762845993
153,65.8149328827858,1.0,0.5138462890172377,37.04576647281647,28.76916640996933,0.007669347597272205,0.5292252353259496,0.42939054343237804,67.0,70.0,67.0,0.0,1.0,1.0,65.8149328827858,0.4804009699473416,0.4804009699473416,968.9225463867188,0.00982421264052391,0.023915613070130348
154,17.692625443451107,0.0,6.965934499166906,8.035448560491204,9.657176882959902,0.1039691716293568,0.11479212229273149,0.1441369684023866,67.0,70.0,67.0,0.0,0.0,0.0,17.692625443451107,0.12914325141205188,0.12914325141205188,122.94058990478516,0.006506366655230522,0.15786513686180115
155,25.371988240629435,0.9295774647887324,4.734472176525742,14.682062052190304,10.68992618843913,0.07066376382874241,0.20974374360271864,0.15955113714088254,67.0,70.0,67.0,0.19117647058823528,0.9295774647887324,0.7058823529411765,25.371988240629435,0.18519699445714916,0.18519699445714916,905.5459594726562,-0.003686364972963929,0.025349624454975128
156,319.5977189540863,1.0,3.0265808266121894,146.62580513954163,172.97191381454468,0.045172848158390885,2.094654359136309,2.5816703554409655,67.0,70.0,67.0,0.08823529411764706,1.0,1.0,319.5977189540863,2.3328300653582943,2.3328300653582943,1066.81103515625,-0.004213122185319662,0.01838766783475876
157,161.37225419282913,1.0,0.7502925010048784,68.38336509466171,92.98888909816742,0.011198395537386245,0.9769052156380245,1.387893867136827,67.0,70.0,67.0,0.0,1.0,1.0,161.37225419282913,1.1778996656410885,1.1778996656410885,857.5851440429688,0.0010699734557420015,0.017682304605841637
158,152.0568196773529,1.0,0.09432421054225415,61.43278241157532,90.62403726577759,0.0014078240379440919,0.8776111773082188,1.3525975711310088,67.0,70.0,67.0,0.0,1.0,1.0,152.0568196773529,1.1099037932653497,1.1099037932653497,722.836669921875,-0.0031893025152385235,0.028732910752296448
159,147.76352256536484,1.0,2.0002499173860997,72.50190645456314,75.2616161108017,0.02985447637889701,1.0357415207794733,1.123307703146294,67.0,70.0,67.0,0.014705882352941176,1.0,1.0,147.76352256536484,1.078565858141349,1.078565858141349,959.1445922851562,-0.003809694666415453,0.02005864307284355
160,69.67482185736299,0.6338028169014085,1.636433947365731,42.37984252721071,27.294979330152273,0.02442438727411539,0.6054263218172959,0.4073877511963026,67.0,70.0,67.0,0.0,0.6338028169014085,0.8529411764705882,69.67482185736299,0.5085753420245473,0.5085753420245473,818.7700805664062,-0.007087920792400837,0.033513978123664856
161,250.62207341194153,1.0,2.6055601997454687,111.09227800369263,139.5297954082489,0.03888895820515625,1.5870325429098946,2.0825342598246106,67.0,70.0,67.0,0.014705882352941176,1.0,1.0,250.62207341194153,1.8293582000871644,1.8293582000871644,826.7353515625,-0.0013138488866388798,0.02319619432091713
162,0.0,0.0,0.5675221887649968,0.0,0.0,0.008470480429328311,0.0,0.0,67.0,70.0,67.0,0.0,0.0,0.0,0.0,0.0,0.0,651.1183471679688,0.009796802885830402,0.062034036964178085
163,12.88197920024686,0.36619718309859156,0.01754968540626578,5.676054922121693,7.205924278125167,0.0002619356030785937,0.08108649888745276,0.10755110862873384,67.0,70.0,67.0,0.0,0.36619718309859156,0.5882352941176471,12.88197920024686,0.09402904525727636,0.09402904525727636,698.7277221679688,-0.0014773084549233317,0.016654592007398605
164,0.2613373752683401,0.0,1.0558533200528473,0.2613373752683401,0.0,0.01575900477690817,0.0037333910752620015,0.0,67.0,70.0,67.0,0.0,0.0,0.0,0.2613373752683401,0.0019075720822506578,0.0019075720822506578,531.7359008789062,-0.00903372559696436,0.08652503788471222
165,116.037522315979,1.0,0.0,59.979272186756134,56.05825012922287,0.0,0.8568467455250877,0.8366903004361622,67.0,70.0,67.0,0.0,1.0,1.0,116.037522315979,0.8469892139852482,0.8469892139852482,1103.071044921875,-0.0017657735152170062,0.033780843019485474
166,71.41579188406467,0.971830985915493,0.9089265927032102,45.39700196683407,26.018789917230606,0.013566068547809108,0.648528599526201,0.38834014801836725,67.0,70.0,67.0,0.0,0.971830985915493,1.0,71.41579188406467,0.5212831524384283,0.5212831524384283,1014.03564453125,-0.005368765909224749,0.024502111598849297
167,3.48627868341282,0.014084507042253521,1.3193137586349621,3.48627868341282,0.0,0.019691250128880032,0.04980398119161172,0.0,67.0,70.0,67.0,0.0,0.014084507042253521,0.0,3.48627868341282,0.02544728965994759,0.02544728965994759,2321.137451171875,0.0010965486289933324,0.027159087359905243
168,94.34098863601685,1.0,0.32431098632878275,53.351817309856415,40.98917132616043,0.0048404624825191455,0.7621688187122345,0.6117786765098572,67.0,70.0,67.0,0.0,1.0,1.0,94.34098863601685,0.6886203550074222,0.6886203550074222,1012.5794067382812,-0.001017001224681735,0.014723198488354683
169,264.3191406726837,1.0,1.1339812381193042,126.79534816741943,137.52379250526428,0.01692509310625827,1.8113621166774205,2.0525939179890194,67.0,70.0,67.0,0.0,1.0,1.0,264.3191406726837,1.929336793231268,1.929336793231268,1021.0074462890625,0.0010096915066242218,0.03260734677314758
170,51.129062950611115,1.0,0.2289051776751876,23.476725339889526,27.652337610721588,0.0034164951891819044,0.3353817905698504,0.41272145687644163,67.0,70.0,67.0,0.0,1.0,1.0,51.129062950611115,0.37320483905555557,0.37320483905555557,1310.2791748046875,9.959905582945794e-05,0.020522387698292732
171,18.600965017452836,0.0,3.272995912174565,11.135148994624615,7.465816022828221,0.04885068525633679,0.15907355706606593,0.11143008989295852,67.0,70.0,67.0,0.0,0.0,0.0,18.600965017452836,0.13577346728067763,0.13577346728067763,481.870361328125,0.0026472373865544796,0.0597388781607151
172,91.86607351899147,1.0,0.03430286073125899,48.36068171262741,43.50539180636406,0.0005119829959889401,0.690866881608963,0.6493342060651353,67.0,70.0,67.0,0.0,1.0,1.0,91.86607351899147,0.6705552811605217,0.6705552811605217,847.946044921875,0.004434731788933277,0.032325368374586105
173,136.92900812625885,1.0,0.06006069539580494,57.80741035938263,79.12159776687622,0.000896428289489626,0.8258201479911804,1.180919369654869,67.0,70.0,67.0,0.0,1.0,1.0,136.92900812625885,0.9994818111405755,0.9994818111405755,1446.6201171875,0.0077937026508152485,0.02326163277029991
174,33.41057742387056,0.9577464788732394,0.43100307032000273,17.525089614093304,15.88548780977726,0.006432881646567205,0.2503584230584758,0.23709683298175013,67.0,70.0,67.0,0.0,0.9577464788732394,1.0,33.41057742387056,0.24387282791146397,0.24387282791146397,1512.333740234375,-0.0016417058650404215,0.014938607811927795
175,0.011547157540917397,0.0,1.5674794942115113,0.011547157540917397,0.0,0.023395216331515093,0.00016495939344167708,0.0,67.0,70.0,67.0,0.0,0.0,0.0,0.011547157540917397,8.428582146655034e-05,8.428582146655034e-05,1524.658203125,0.006172217894345522,0.019529394805431366
176,0.0,0.0,0.5250584157183766,0.0,0.0,0.007836692771916069,0.0,0.0,67.0,70.0,67.0,0.0,0.0,0.0,0.0,0.0,0.0,541.4788208007812,-0.006319992709904909,0.045229438692331314
177,132.87632036209106,1.0,0.1520246050786227,55.62696027755737,77.24936008453369,0.002269023956397354,0.7946708611079625,1.1529755236497565,67.0,70.0,67.0,0.0,1.0,1.0,132.87632036209106,0.9699001486284019,0.9699001486284019,1326.3619384765625,-0.0022069523110985756,0.021052120253443718
178,194.32058584690094,1.0,0.5458325608160521,112.94156467914581,81.37902116775513,0.008146754639045553,1.6134509239877974,1.2146122562351511,67.0,70.0,67.0,0.0,1.0,1.0,194.32058584690094,1.418398436838693,1.418398436838693,774.0917358398438,-0.0008690078975632787,0.026179052889347076
179,179.45389491319656,1.0,0.8818318980047479,74.0818001627922,105.37209475040436,0.01316167011947385,1.0583114308970316,1.5727178320955875,67.0,70.0,67.0,0.0,1.0,1.0,179.45389491319656,1.3098824446218726,1.3098824446218726,643.7427368164062,0.003001713426783681,0.024284636601805687
180,0.0,0.0,1.3492172574042343,0.0,0.0,0.020137571006033347,0.0,0.0,67.0,70.0,67.0,0.0,0.0,0.0,0.0,0.0,0.0,2188.782470703125,0.003279207507148385,0.018304025754332542
181,195.14022082090378,0.9859154929577465,0.746206724899821,89.22348207235336,105.91673874855042,0.01113741380447494,1.274621172462191,1.5808468469932897,67.0,70.0,67.0,0.0,0.9859154929577465,1.0,195.14022082090378,1.4243811738752101,1.4243811738752101,1426.572265625,-0.0007706402102485299,0.0333816260099411
182,0.0,0.0,0.31110999107477255,0.0,0.0,0.004643432702608545,0.0,0.0,67.0,70.0,67.0,0.0,0.0,0.0,0.0,0.0,0.0,1871.72802734375,0.0034268333110958338,0.016496567055583
183,69.10661771893501,1.0,0.03679858660325408,37.96569341421127,31.14092430472374,0.0005492326358694638,0.5423670487744467,0.4647899149958767,67.0,70.0,67.0,0.0,1.0,1.0,69.10661771893501,0.5044278665615695,0.5044278665615695,1183.052734375,-0.000842596055008471,0.01939121074974537
184,206.49673795700073,1.0,0.48279027827084064,97.35446155071259,109.14227640628815,0.007205825048818517,1.390778022153037,1.6289892000938528,67.0,70.0,67.0,0.0,1.0,1.0,206.49673795700073,1.5072754595401514,1.5072754595401514,1123.43359375,0.012994127348065376,0.03170967102050781
185,3.796140171587467,0.1267605633802817,1.5520203882479109,3.796140171587467,0.0,0.023164483406685237,0.05423057387982096,0.0,67.0,70.0,67.0,0.0,0.1267605633802817,0.0,3.796140171587467,0.027709052347353776,0.027709052347353776,1789.1981201171875,0.004551511257886887,0.03168308362364769
186,237.65959614515305,1.0,0.2064064280129969,98.54160088300705,139.117995262146,0.0030806929554178645,1.4077371554715292,2.076387988987254,67.0,70.0,67.0,0.0,1.0,1.0,237.65959614515305,1.7347415777018471,1.7347415777018471,1175.1329345703125,0.0020503175910562277,0.025961045175790787
187,22.400173412635922,0.9859154929577465,1.0098532812553458,16.894554793834686,5.505618618801236,0.015072437033661878,0.24135078276906693,0.08217341222091397,67.0,70.0,67.0,0.0,0.9859154929577465,0.23529411764705882,22.400173412635922,0.16350491542070017,0.16350491542070017,1344.2274169921875,-0.00026627795887179673,0.025723667815327644
188,15.679300152696669,0.0,2.3953035552985966,6.258819623850286,9.420480528846383,0.03575079933281487,0.08941170891214695,0.14060418699770721,67.0,70.0,67.0,0.0,0.0,0.014705882352941176,15.679300152696669,0.11444744637004868,0.11444744637004868,357.7135009765625,-0.006631213240325451,0.08253011852502823
189,92.67903074622154,1.0,0.03585589490830898,44.5575188100338,48.121511936187744,0.0005351626105717759,0.6365359830004829,0.718231521435638,67.0,70.0,67.0,0.0,1.0,1.0,92.67903074622154,0.6764892755198653,0.6764892755198653,676.2298583984375,0.0063066803850233555,0.03676628693938255
190,0.2841106471605599,0.0,1.896049119066447,0.2070131772197783,0.0770974699407816,0.0282992405830813,0.00295733110313969,0.0011507085065788297,67.0,70.0,67.0,0.014705882352941176,0.0,0.0,0.2841106471605599,0.0020738003442376633,0.0020738003442376633,735.6426391601562,0.002809045137837529,0.021058158949017525
191,195.09860622882843,1.0,0.40975824659108184,92.35837352275848,102.74023270606995,0.006115794725240028,1.319405336039407,1.53343630904582,67.0,70.0,67.0,0.0,1.0,1.0,195.09860622882843,1.4240774177286746,1.4240774177286746,1131.92578125,0.00751787144690752,0.01910257712006569
192,1.7148652041796595,0.0,1.3352272090269253,1.0173455604817718,0.6975196436978877,0.019928764313834706,0.014533508006882455,0.010410740950714741,67.0,70.0,67.0,0.0,0.0,0.0,1.7148652041796595,0.012517264264085106,0.012517264264085106,945.8541259765625,-0.01197807677090168,0.049618229269981384
193,0.569590920873452,0.0,1.2596238611731678,0.44076882099034265,0.12882209988310933,0.018800356136912954,0.00629669744271918,0.0019227179087031243,67.0,70.0,67.0,0.0,0.0,0.0,0.569590920873452,0.004157597962579942,0.004157597962579942,1483.68115234375,-0.0005576934199780226,0.03258075937628746
194,172.46077853441238,1.0,0.29033999117382336,85.979228079319,86.48155045509338,0.004333432704086916,1.2282746868474144,1.290769409777513,67.0,70.0,67.0,0.0,1.0,1.0,172.46077853441238,1.2588377995212583,1.2588377995212583,1244.56982421875,0.0010368279181420803,0.01985161378979683
195,191.64675402641296,1.0,1.2324378699995577,94.65143489837646,96.9953191280365,0.018394595074620265,1.3521633556910924,1.4476913302692014,67.0,70.0,67.0,0.0,1.0,1.0,191.64675402641296,1.3988814162511896,1.3988814162511896,1333.831787109375,-0.010981306433677673,0.03230674937367439
196,149.55367183685303,1.0,0.29705476481467485,69.90051651000977,79.65315532684326,0.004433653206189177,0.9985788072858538,1.1888530645797502,67.0,70.0,67.0,0.0,1.0,1.0,149.55367183685303,1.0916326411449127,1.0916326411449127,668.7886962890625,0.002751604886725545,0.02685239166021347
197,338.9617693424225,1.0,0.46785723278298974,160.49361538887024,178.46815395355225,0.006982943772880444,2.292765934126718,2.663703790351526,67.0,70.0,67.0,0.0,1.0,1.0,338.9617693424225,2.474173498849799,2.474173498849799,1271.56396484375,-0.00428519444540143,0.033293914049863815
198,135.18579083681107,1.0,0.03277235780842602,69.09675168991089,66.08903914690018,0.0004891396687824779,0.9870964527130127,0.986403569356719,67.0,70.0,67.0,0.0,1.0,1.0,135.18579083681107,0.9867575973489858,0.9867575973489858,970.8780517578125,0.00145621201954782,0.02335646189749241
199,183.3356362581253,1.0,0.46238304587313905,89.80906569957733,93.52657055854797,0.006901239490643867,1.2829866528511047,1.3959189635604174,67.0,70.0,67.0,0.0,1.0,1.0,183.3356362581253,1.3382163230520094,1.3382163230520094,976.8793334960938,0.006678094156086445,0.030436132103204727
200,244.85033416748047,1.0,5.542788045480847,108.35389542579651,136.49643874168396,0.08272817978329623,1.547912791797093,2.037260279726626,67.0,70.0,67.0,0.07352941176470588,1.0,1.0,244.85033416748047,1.7872287165509524,1.7872287165509524,998.5975341796875,0.009170773439109325,0.02493486925959587
201,136.36977517604828,1.0,0.106510711601004,97.14549213647842,39.224283039569855,0.0015897121134478209,1.3877927448068346,0.5854370602920874,67.0,70.0,67.0,0.0,1.0,1.0,136.36977517604828,0.9953998188032721,0.9953998188032721,659.5305786132812,0.00039604256744496524,0.0187086071819067
202,0.0,0.0,0.7655294933356345,0.0,0.0,0.011425813333367679,0.0,0.0,67.0,70.0,67.0,0.0,0.0,0.0,0.0,0.0,0.0,1169.9893798828125,-0.0015617675380781293,0.03803718090057373
203,182.81242275238037,1.0,0.5802918876870535,85.66919100284576,97.1432317495346,0.008661072950553038,1.2238455857549395,1.4498989813363374,67.0,70.0,67.0,0.0,1.0,1.0,182.81242275238037,1.33439724636774,1.33439724636774,929.9360961914062,0.006773782428354025,0.03452283889055252
204,31.209023495495785,0.6619718309859155,0.2353344412986189,23.681210789829493,7.5278127056662925,0.0035124543477405806,0.33830301128327844,0.11235541351740735,67.0,70.0,67.0,0.0,0.6619718309859155,0.38235294117647056,31.209023495495785,0.22780309120799844,0.22780309120799844,1260.505859375,0.0029885461553931236,0.03208626061677933
205,0.21943021402694285,0.0,1.8343426156789064,0.21181258582510054,0.007617628201842308,0.02737824799520756,0.003025894083215722,0.00011369594331107922,67.0,70.0,67.0,0.0,0.0,0.0,0.21943021402694285,0.001601680394357247,0.001601680394357247,738.5630493164062,-0.017894968390464783,0.07980965822935104
206,0.0,0.0,0.47949478356167674,0.0,0.0,0.007156638560622041,0.0,0.0,67.0,70.0,67.0,0.0,0.0,0.0,0.0,0.0,0.0,1644.9730224609375,0.0029804883524775505,0.01924498751759529
207,178.70387935638428,1.0,0.02743792142427992,92.82027184963226,85.88360750675201,0.00040952121528776,1.3260038835661752,1.2818448881604778,67.0,70.0,67.0,0.0,1.0,1.0,178.70387935638428,1.3044078785137538,1.3044078785137538,1121.8372802734375,0.003970630932599306,0.028685715049505234
208,297.8817027807236,1.0,4.941385934129357,146.32012379169464,151.56157898902893,0.07375202886760235,2.090287482738495,2.262113119239238,67.0,70.0,67.0,0.0,1.0,1.0,297.8817027807236,2.174318998399442,2.174318998399442,1175.285888671875,0.008296053856611252,0.030737651512026787
209,203.80270504951477,1.0,2.7584520233795047,97.61456453800201,106.18814051151276,0.04117092572208216,1.3944937791143144,1.5848976195748172,67.0,70.0,67.0,0.014705882352941176,1.0,1.0,203.80270504951477,1.4876109857628816,1.4876109857628816,874.1109008789062,0.002398658310994506,0.01942260004580021
210,132.00589433312416,1.0,0.8999347744393162,57.05877211689949,74.94712221622467,0.013431862305064421,0.815125315955707,1.1186137644212637,67.0,70.0,67.0,0.0,1.0,1.0,132.00589433312416,0.96354667396441,0.96354667396441,738.3919677734375,-0.001071198028512299,0.016625432297587395
211,187.13005304336548,1.0,0.8599043544090819,101.91347622871399,85.21657681465149,0.012834393349389281,1.4559068032673428,1.2718892061888283,67.0,70.0,67.0,0.0,1.0,1.0,187.13005304336548,1.3659127959369743,1.3659127959369743,1008.5202026367188,0.0016802127938717604,0.02088123746216297
212,187.90888415277004,0.9859154929577465,0.012951320968568325,77.16554807126522,110.74333608150482,0.00019330329803833322,1.102364972446646,1.6528856131567884,67.0,70.0,67.0,0.0,0.9859154929577465,1.0,187.90888415277004,1.3715976945457666,1.3715976945457666,582.6047973632812,-0.004322727210819721,0.027194522321224213
213,22.461774937808514,0.0,5.861865006387234,16.28448098152876,6.177293956279755,0.08749052248339155,0.232635442593268,0.09219841725790678,67.0,70.0,67.0,0.0,0.0,0.0,22.461774937808514,0.16395456158984317,0.16395456158984317,53.71073913574219,-0.010962584055960178,0.15314853191375732
214,148.37354040145874,1.0,0.5132576312171295,67.81931924819946,80.55422115325928,0.007660561659957157,0.9688474178314209,1.2023018082576011,67.0,70.0,67.0,0.0,1.0,1.0,148.37354040145874,1.0830185430763413,1.0830185430763413,828.5277709960938,0.0015316336648538709,0.029647307470440865
215,243.00159299373627,1.0,0.17052825971040875,108.65635991096497,134.3452330827713,0.0025451979061255035,1.5522337130137853,2.005152732578676,67.0,70.0,67.0,0.0,1.0,1.0,243.00159299373627,1.7737342554287319,1.7737342554287319,1348.173095703125,-0.006870323792099953,0.021991465240716934
216,0.2022973622661084,0.0,1.2696351783815771,0.10585505072958767,0.09644231153652072,0.018949778781814586,0.001512215010422681,0.0014394374856197122,67.0,70.0,67.0,0.0,0.0,0.0,0.2022973622661084,0.0014766230822343678,0.0014766230822343678,2120.785400390625,-0.00534064369276166,0.020941054448485374
217,166.7246812582016,1.0,1.9716462776996195,82.54518747329712,84.17949378490448,0.02942755638357641,1.1792169639042445,1.2564103549985743,67.0,70.0,67.0,0.0,1.0,1.0,166.7246812582016,1.216968476337238,1.216968476337238,765.5606689453125,-0.004201521631330252,0.03554645553231239
218,87.50361369550228,1.0,1.6165317366831005,57.836112678050995,29.667501017451286,0.02412733935347911,0.8262301811150142,0.44279852264852665,67.0,70.0,67.0,0.0,1.0,1.0,87.50361369550228,0.638712508726294,0.638712508726294,540.6294555664062,-0.00034805102040991187,0.03342457860708237
219,122.96184241771698,1.0,0.7893250315682963,55.6924147605896,67.26942765712738,0.011780970620422332,0.79560592515128,1.004021308315334,67.0,70.0,67.0,0.0,1.0,1.0,122.96184241771698,0.897531696479686,0.897531696479686,1222.635986328125,0.0028077082242816687,0.01797914132475853
220,72.48180466890335,0.9014084507042254,3.4398144287988544,36.066910564899445,36.414894104003906,0.05134051386266947,0.5152415794985635,0.5435058821493121,67.0,70.0,67.0,0.0,0.9014084507042254,0.9264705882352942,72.48180466890335,0.5290642676562288,0.5290642676562288,902.7910766601562,-0.013581480830907822,0.07974400371313095
221,166.6803447008133,1.0,1.2158022163202986,80.06835234165192,86.61199235916138,0.01814630173612386,1.1438336048807416,1.2927163038680802,67.0,70.0,67.0,0.0,1.0,1.0,166.6803447008133,1.216644851830754,1.216644851830754,1369.9381103515625,-0.0026356589514762163,0.03259187564253807
222,259.8022280931473,1.0,0.3808930702507496,128.00526356697083,131.79696452617645,0.005684971197772382,1.8286466223852975,1.9671188735250216,67.0,70.0,67.0,0.0,1.0,1.0,259.8022280931473,1.8963666284171334,1.8963666284171334,700.7899169921875,-0.013835632242262363,0.040710654109716415
223,51.05089630186558,1.0,0.15358159877359867,31.282665878534317,19.76823042333126,0.0022922626682626668,0.44689522683620453,0.2950482152736009,67.0,70.0,67.0,0.0,1.0,1.0,51.05089630186558,0.37263427957566114,0.37263427957566114,879.327880859375,-0.0011829315917566419,0.017016230151057243
224,161.60016125440598,1.0,2.2069618152454495,78.1556698679924,83.44449138641357,0.032939728585752975,1.1165095695427485,1.2454401699464712,67.0,70.0,67.0,0.0,1.0,1.0,161.60016125440598,1.1795632208350801,1.1795632208350801,1542.7197265625,-0.0058756619691848755,0.03443056344985962
225,0.1503467494621873,0.0,2.7227264000102878,0.08558534365147352,0.06476140581071377,0.040637707462840116,0.0012226477664496218,0.0009665881464285637,67.0,70.0,67.0,0.0,0.0,0.0,0.1503467494621873,0.001097421528921075,0.001097421528921075,1486.9654541015625,-0.010000443086028099,0.029758548364043236
226,0.0061365943402051926,0.0,0.3256361105013639,0.0061365943402051926,0.0,0.004860240455244237,8.766563343150275e-05,0.0,67.0,70.0,67.0,0.0,0.0,0.0,0.0061365943402051926,4.479265941755615e-05,4.479265941755615e-05,1248.1754150390625,0.00019189715385437012,0.01940048113465309
227,175.3447321653366,1.0,0.18525859084911644,84.82535886764526,90.51937329769135,0.002765053594762932,1.211790840966361,1.351035422353602,67.0,70.0,67.0,0.0,1.0,1.0,175.3447321653366,1.2798885559513622,1.2798885559513622,692.9302368164062,0.007171313278377056,0.024323495104908943
228,148.0856386423111,1.0,0.13558573345653713,63.849200963974,84.2364376783371,0.002023667663530405,0.9121314423424857,1.2572602638557775,67.0,70.0,67.0,0.0,1.0,1.0,148.0856386423111,1.0809170703818327,1.0809170703818327,606.46923828125,-0.0023289525415748358,0.01595461368560791
229,45.02537366747856,1.0,0.2478473272640258,24.836055159568787,20.189318507909775,0.003699213839761579,0.3548007879938398,0.30133311205835484,67.0,70.0,67.0,0.0,1.0,1.0,45.02537366747856,0.32865236253633984,0.32865236253633984,1788.9046630859375,0.0006104680360294878,0.02044324390590191
230,214.67019695043564,1.0,0.05087018897756934,86.11891108751297,128.55128586292267,0.00075925655190402,1.2302701583930424,1.9186759084018308,67.0,70.0,67.0,0.0,1.0,1.0,214.67019695043564,1.5669357441637637,1.5669357441637637,617.0994873046875,9.695096377981827e-05,0.021541493013501167
231,77.8355183005333,0.9154929577464789,0.7274664379292517,49.70739856362343,28.128119736909866,0.010857708028794802,0.7101056937660489,0.41982268264044575,67.0,70.0,67.0,0.0,0.9154929577464789,0.8088235294117647,77.8355183005333,0.5681424693469583,0.5681424693469583,564.4776611328125,0.004706957843154669,0.042481571435928345
232,66.68115696310997,1.0,0.9966320230159909,35.828344732522964,30.852812230587006,0.014875104821134192,0.5118334961788995,0.4604897347848807,67.0,70.0,67.0,0.0,1.0,1.0,66.68115696310997,0.48672377345335743,0.48672377345335743,1545.4256591796875,0.005501172970980406,0.03170855715870857
233,241.1822316646576,0.9859154929577465,0.22066121219540946,109.54158985614777,131.64064180850983,0.0032934509282896937,1.5648798550878251,1.964785698634475,67.0,70.0,67.0,0.0,0.9859154929577465,1.0,241.1822316646576,1.7604542457274277,1.7604542457274277,657.0512084960938,-0.0041431644931435585,0.022871211171150208
234,127.71738588809967,0.9859154929577465,0.34133964078500867,58.317156970500946,69.40022891759872,0.005094621504253861,0.8331022424357278,1.035824312202966,67.0,70.0,67.0,0.0,0.9859154929577465,1.0,127.71738588809967,0.9322436926138662,0.9322436926138662,712.5092163085938,-0.0004466560494620353,0.019267613068223
235,0.0,0.0,0.04942965181544423,0.0,0.0,0.0007377559972454363,0.0,0.0,67.0,70.0,67.0,0.0,0.0,0.0,0.0,0.0,0.0,1822.382080078125,-0.0017935666255652905,0.02784290909767151
236,209.09960639476776,0.9859154929577465,0.4019721552467672,90.23489773273468,118.86470866203308,0.0059995844066681675,1.2890699676104955,1.774100129284076,67.0,70.0,67.0,0.0,0.9859154929577465,1.0,209.09960639476776,1.5262744992318815,1.5262744992318815,1045.25390625,-0.00443293247371912,0.023281889036297798
237,125.44270864129066,0.9859154929577465,2.3036654354073107,66.49345073103905,58.94925791025162,0.034383066200109114,0.9499064390148435,0.879839670302263,67.0,70.0,67.0,0.0,0.9859154929577465,1.0,125.44270864129066,0.9156402090605158,0.9156402090605158,724.58544921875,0.006642875727266073,0.028546184301376343
238,112.44595491886139,1.0,1.3942710971459746,48.999815583229065,63.446139335632324,0.020810016375313056,0.7101422548294067,0.9469573035169003,67.0,69.0,67.0,0.0,1.0,1.0,112.44595491886139,0.8268084920504514,0.8268084920504514,619.6748657226562,0.0029079953674227,0.022368760779500008
239,118.52297329902649,0.9859154929577465,1.2187248636037111,60.46874678134918,58.05422651767731,0.018189923337368824,0.8638392397335597,0.8664809928011539,67.0,70.0,67.0,0.0,0.9859154929577465,1.0,118.52297329902649,0.865131191963697,0.865131191963697,1108.4169921875,-3.718097650562413e-05,0.030684664845466614
240,257.357477247715,0.9859154929577465,2.471991970203817,103.59704238176346,153.76043486595154,0.036895402540355476,1.4799577483109065,2.2949318636709184,67.0,70.0,67.0,0.014705882352941176,0.9859154929577465,1.0,257.357477247715,1.878521731735146,1.878521731735146,591.2288208007812,0.0047578588128089905,0.021395288407802582
241,19.49695168621838,0.7857142857142857,0.047336708063539845,18.50657661817968,0.990375068038702,0.0007065180307991021,0.26821125533593737,0.014781717433413463,67.0,69.0,67.0,0.0,0.7857142857142857,0.0,19.49695168621838,0.1433599388692528,0.1433599388692528,960.1172485351562,-0.006452388595789671,0.02084306627511978
242,80.70712220668793,1.0,2.0542324343696237,46.84200647473335,33.865115731954575,0.030660185587606324,0.6788696590541066,0.5054494885366354,67.0,69.0,67.0,0.014705882352941176,1.0,1.0,80.70712220668793,0.5934347221079994,0.5934347221079994,1343.209716796875,-0.0037222937680780888,0.025342851877212524
243,23.975990999228088,0.45714285714285713,0.18548919714521617,23.932938055804698,0.04305294342339039,0.0027684954797793457,0.34685417472180724,0.0006425812451252297,67.0,69.0,67.0,0.0,0.45714285714285713,0.0,23.975990999228088,0.17629405146491242,0.17629405146491242,1295.189453125,-0.0032098961528390646,0.03155447170138359
244,3.1375376384239644,0.14285714285714285,0.0353133836761117,3.1375376384239644,0.0,0.0005270654280016672,0.045471559977158904,0.0,67.0,69.0,67.0,0.0,0.14285714285714285,0.0,3.1375376384239644,0.023070129694293857,0.023070129694293857,2522.08837890625,0.003941310569643974,0.030963608995079994
245,221.05201756954193,1.0,0.9431730349897407,98.65838742256165,122.39363014698029,0.014077209477458816,1.4298317017762556,1.826770599208661,67.0,69.0,67.0,0.0,1.0,1.0,221.05201756954193,1.6253824821289848,1.6253824821289848,759.9497680664062,0.004446680191904306,0.013969793915748596
246,32.45371515036095,0.9714285714285714,0.18259172956459224,27.208184331655502,5.245530818705447,0.002725249694993914,0.3943215120529783,0.07829150475679772,67.0,69.0,67.0,0.0,0.9714285714285714,0.14705882352941177,32.45371515036095,0.2386302584585364,0.2386302584585364,832.5047607421875,0.00947433989495039,0.029101205989718437
247,176.09074807167053,1.0,0.18741845537442714,82.99430620670319,93.09644186496735,0.002797290378722793,1.2028160319812056,1.3894991323129455,67.0,69.0,67.0,0.0,1.0,1.0,176.09074807167053,1.294784912291695,1.294784912291695,582.7811279296875,-0.004650539718568325,0.03347531333565712
248,118.45785349607468,1.0,3.480340907583013,75.61671358346939,42.841139912605286,0.05194538668034348,1.095894399760426,0.6394199986956013,67.0,69.0,67.0,0.0,1.0,1.0,118.45785349607468,0.8710136286476079,0.8710136286476079,762.9856567382812,0.007278734818100929,0.03847629576921463
249,0.0,0.0,0.089178814785555,0.0,0.0,0.0013310270863515672,0.0,0.0,67.0,69.0,67.0,0.0,0.0,0.0,0.0,0.0,0.0,2031.7257080078125,0.0011096333619207144,0.0212564654648304
250,223.86325204372406,1.0,1.1528218511957675,117.09187817573547,106.77137386798859,0.017206296286503994,1.6969837416773257,1.5936025950446058,67.0,69.0,67.0,0.0,1.0,1.0,223.86325204372406,1.6460533238509123,1.6460533238509123,492.8512268066406,-0.0003977006708737463,0.025556379929184914
251,168.5280044078827,1.0,0.03618759661912918,86.59652698040009,81.9314774274826,0.0005401133823750624,1.2550221301507258,1.2228578720519792,67.0,69.0,67.0,0.0,1.0,1.0,168.5280044078827,1.2391765029991375,1.2391765029991375,1037.801513671875,-0.004507770296186209,0.022257639095187187
252,174.53063082695007,1.0,1.8825812701834366,91.31242847442627,83.2182023525238,0.02809822791318562,1.3233685286148735,1.2420627216794597,67.0,69.0,67.0,0.0,1.0,1.0,174.53063082695007,1.283313461962868,1.283313461962868,995.1968383789062,0.0032619258854538202,0.0256026741117239
253,275.4625071287155,1.0,0.9376865125086624,131.99764478206635,143.46486234664917,0.013995321082218843,1.9130093446676282,2.1412666021887934,67.0,69.0,67.0,0.0,1.0,1.0,275.4625071287155,2.025459611240555,2.025459611240555,615.3475952148438,-0.0019370446680113673,0.01810293458402157
254,18.545267613371834,0.5,0.1499244497390464,15.880030678585172,2.6652369347866625,0.0022376783543141252,0.23014537215340827,0.039779655743084515,67.0,69.0,67.0,0.0,0.5,0.0,18.545267613371834,0.1363622618630282,0.1363622618630282,921.274169921875,0.0038166893646121025,0.03745044767856598
255,249.8502435684204,1.0,0.09405392757616937,113.21942818164825,136.63081538677216,0.0014037899638234235,1.6408612779949023,2.039265901295107,67.0,69.0,67.0,0.0,1.0,1.0,249.8502435684204,1.8371341438854443,1.8371341438854443,1089.9378662109375,0.00321947131305933,0.02160368114709854
256,36.77644356584642,0.34285714285714286,1.1317459022684488,11.320819343440235,25.455624222406186,0.016891729884603714,0.16406984555710485,0.3799346898866595,67.0,69.0,67.0,0.0,0.34285714285714286,0.8088235294117647,36.77644356584642,0.27041502621945895,0.27041502621945895,2004.022216796875,0.010792147368192673,0.04601622000336647
257,0.0,0.0,0.0816547591239214,0.0,0.0,0.0012187277481182299,0.0,0.0,67.0,69.0,67.0,0.0,0.0,0.0,0.0,0.0,0.0,2647.12841796875,0.001519393059425056,0.013680829666554928
258,174.14522743225098,1.0,2.14657289464958,80.92823195457458,93.21699547767639,0.0320384014126803,1.1728729268778926,1.3912984399653192,67.0,69.0,67.0,0.0,1.0,1.0,174.14522743225098,1.2804796134724337,1.2804796134724337,644.7310791015625,-0.0011033727787435055,0.02137335017323494
259,81.46164011955261,1.0,4.268176407931605,44.37441223859787,37.08722788095474,0.0637041254915165,0.6431074237477952,0.5535407146411155,67.0,69.0,67.0,0.23529411764705882,1.0,1.0,81.46164011955261,0.5989826479378868,0.5989826479378868,914.5307006835938,-0.0013939742930233479,0.023177625611424446
260,266.66581988334656,1.0,1.7353597955952864,119.00531196594238,147.66050791740417,0.02590089247157144,1.7247146661730781,2.203888177871704,67.0,69.0,67.0,0.0,1.0,1.0,266.66581988334656,1.9607780873775482,1.9607780873775482,738.507080078125,-0.002015110105276108,0.033247482031583786
261,92.86781496182084,0.7571428571428571,0.14468369155656546,25.30684680119157,67.56096816062927,0.002159458082933813,0.366765895669443,1.0083726591138698,67.0,69.0,67.0,0.0,0.7571428571428571,1.0,92.86781496182084,0.6828515806016239,0.6828515806016239,792.452392578125,-0.004550986923277378,0.028876284137368202
262,101.4793766438961,1.0,0.4517564941197634,58.73830917477608,42.741067469120026,0.0067426342405934835,0.8512798431126968,0.6379263801361198,67.0,69.0,67.0,0.0,1.0,1.0,101.4793766438961,0.7461718870874714,0.7461718870874714,902.0648803710938,0.0017470121383666992,0.022425998002290726
263,122.8738802075386,1.0,0.0,52.0436435341835,70.8302366733551,0.0,0.7542557033939638,1.0571677115426135,67.0,69.0,67.0,0.0,1.0,1.0,122.8738802075386,0.903484413290725,0.903484413290725,922.4677124023438,0.007118187379091978,0.022352254018187523
264,0.0,0.0,0.08100467314943671,0.0,0.0,0.0012090249723796524,0.0,0.0,67.0,69.0,67.0,0.0,0.0,0.0,0.0,0.0,0.0,1959.2557373046875,-0.0064486186020076275,0.03560957685112953
265,95.93297669291496,1.0,1.9606579109095037,48.011419266462326,47.92155742645264,0.02926355090909707,0.6958176705284395,0.7152471257679498,67.0,69.0,67.0,0.0,1.0,1.0,95.93297669291496,0.7053895345067277,0.7053895345067277,667.2887573242188,0.006062570493668318,0.040046874433755875
266,13.243935049977154,0.2714285714285714,0.16186516219750047,10.87060920894146,2.373325841035694,0.0024158979432462755,0.15754506099915158,0.0354227737468014,67.0,69.0,67.0,0.0,0.2714285714285714,0.0,13.243935049977154,0.09738187536747907,0.09738187536747907,2141.847900390625,-0.01122209895402193,0.03559824079275131
267,293.49742448329926,1.0,1.9483513524755836,139.87219774723053,153.62522673606873,0.029079870932471396,2.0271333006845005,2.2929138318816227,67.0,69.0,67.0,0.0,1.0,1.0,293.49742448329926,2.158069297671318,2.158069297671318,504.4079284667969,-0.002413476351648569,0.02627340890467167
268,212.83936190605164,1.0,0.12621412333101034,93.4730761051178,119.36628580093384,0.0018837928855374678,1.3546822623930115,1.7815863552378184,67.0,69.0,67.0,0.0,1.0,1.0,212.83936190605164,1.5649953081327326,1.5649953081327326,673.7686767578125,-0.007938604801893234,0.025046324357390404
269,72.03308165280032,0.9571428571428572,0.8359359260648489,69.62781846523285,2.4052631875674706,0.012476655612908193,1.009098818336708,0.035899450560708514,67.0,69.0,67.0,0.0,0.9571428571428572,0.0,72.03308165280032,0.5296550121529435,0.5296550121529435,271.8258972167969,-0.014454072341322899,0.07366485893726349
270,31.44885837333277,0.32857142857142857,0.25294576107989997,31.446519691497087,0.0023386818356812,0.0037753098668641787,0.45574666219560994,3.490569904001791e-05,67.0,69.0,67.0,0.0,0.32857142857142857,0.0,31.44885837333277,0.23124160568627036,0.23124160568627036,1694.184326171875,-0.015270758420228958,0.04416142776608467
271,190.33760231733322,1.0,0.03876141086220741,80.59265404939651,109.7449482679367,0.000578528520331454,1.168009478976761,1.637984302506518,67.0,69.0,67.0,0.0,1.0,1.0,190.33760231733322,1.399541193509803,1.399541193509803,1091.522705078125,-0.0037502371706068516,0.0432174988090992
272,18.322912961244583,0.5142857142857142,0.2372886585071683,13.494644163176417,4.828268798068166,0.003541621768763706,0.1955745530895133,0.07206371340400247,67.0,69.0,67.0,0.0,0.5142857142857142,0.19117647058823528,18.322912961244583,0.13472730118562193,0.13472730118562193,2069.89599609375,0.0010265943128615618,0.030577166005969048
273,0.009996005101129413,0.0,1.0735965978819877,0.0,0.009996005101129413,0.016023829819134146,0.0,0.00014919410598700615,67.0,69.0,67.0,0.0,0.0,0.0,0.009996005101129413,7.350003750830451e-05,7.350003750830451e-05,2700.614990234375,-0.012952417135238647,0.038498248904943466
274,107.42519843578339,1.0,0.0,48.81736880540848,58.60782963037491,0.0,0.7074980986291084,0.8747437258264912,67.0,69.0,67.0,0.0,1.0,1.0,107.42519843578339,0.7898911649689955,0.7898911649689955,801.025390625,-0.006715429946780205,0.03672821447253227
275,0.0,0.0,0.06535444859764539,0.0,0.0,0.0009754395313081401,0.0,0.0,67.0,69.0,67.0,0.0,0.0,0.0,0.0,0.0,0.0,2028.451904296875,0.0027836929075419903,0.02011713571846485
276,173.67072415351868,1.0,1.2582561426679604,68.48853933811188,105.1821848154068,0.018779942427880007,0.9925875266393026,1.5698833554538327,67.0,69.0,67.0,0.0,1.0,1.0,173.67072415351868,1.2769906187758726,1.2769906187758726,718.4053344726562,0.0024073002859950066,0.030035557225346565
277,15.202803751453757,0.38571428571428573,1.3754205629229546,14.521479590795934,0.6813241606578231,0.020528665118253055,0.21045622595356425,0.010169017323251092,67.0,69.0,67.0,0.0,0.38571428571428573,0.0,15.202803751453757,0.11178532170186586,0.11178532170186586,810.2054443359375,0.007426170166581869,0.035188883543014526
278,129.706618309021,1.0,0.5632351345848292,59.261350870132446,70.44526743888855,0.008406494546042228,0.8588601575381514,1.0514219020729634,67.0,69.0,67.0,0.0,1.0,1.0,129.706618309021,0.9537251346251544,0.9537251346251544,733.9776000976562,0.0008577033877372742,0.04050159081816673
279,211.0539368391037,1.0,0.353587236138992,102.3336831331253,108.7202537059784,0.005277421434910328,1.483096857001816,1.622690353820573,67.0,69.0,67.0,0.0,1.0,1.0,211.0539368391037,1.5518671826404684,1.5518671826404684,858.2689819335938,-0.0007986850687302649,0.02371859736740589
280,108.25107038021088,1.0,0.5848975593689829,61.052875220775604,47.19819515943527,0.008729814318940043,0.8848242785619653,0.7044506740214219,67.0,69.0,67.0,0.0,1.0,1.0,108.25107038021088,0.7959637527956682,0.7959637527956682,1299.7288818359375,0.006353459786623716,0.04802512750029564
281,0.0,0.0,0.08259121049195528,0.0,0.0,0.0012327046342082877,0.0,0.0,67.0,69.0,67.0,0.0,0.0,0.0,0.0,0.0,0.0,616.5435791015625,-0.0033877233508974314,0.020670931786298752
282,208.74445259571075,1.0,0.46510623674839735,97.01281726360321,111.73163533210754,0.006941884130573095,1.4059828588928,1.667636348240411,67.0,69.0,67.0,0.0,1.0,1.0,208.74445259571075,1.5348856808508144,1.5348856808508144,897.0667724609375,-0.0010515257017686963,0.02767479047179222
283,0.0,0.0,0.15491020563058555,0.0,0.0,0.002312092621352023,0.0,0.0,67.0,69.0,67.0,0.0,0.0,0.0,0.0,0.0,0.0,1584.082275390625,-0.0028703059069812298,0.025921201333403587
284,16.399643026292324,0.45714285714285713,1.9154919639695436,8.496376819908619,7.903266206383705,0.02858943229805289,0.12313589594070462,0.11795919711020456,67.0,69.0,67.0,0.0,0.45714285714285713,0.36764705882352944,16.399643026292324,0.12058561048744355,0.12058561048744355,1000.1136474609375,-0.0015770301688462496,0.025771692395210266
285,134.31212335824966,1.0,0.04452182023669593,74.3888349533081,59.92328840494156,0.0006645047796521781,1.0780990572943203,0.8943774388797248,67.0,69.0,67.0,0.0,1.0,1.0,134.31212335824966,0.9875891423400711,0.9875891423400711,489.1657409667969,-0.0023172777146101,0.03207568824291229
286,4.606988450914287,0.0,1.6021929604467005,2.9083099539857358,1.6986784969285509,0.0239133277678612,0.04214941962298168,0.02535341040191867,67.0,69.0,67.0,0.0,0.0,0.0,4.606988450914287,0.03387491508025211,0.03387491508025211,178.5894012451172,0.010066686198115349,0.066046342253685
287,0.21481055350159295,0.0,0.9374692971468903,0.21481055350159295,0.0,0.013992079061893885,0.003113196427559318,0.0,67.0,69.0,67.0,0.0,0.0,0.0,0.21481055350159295,0.001579489363982301,0.001579489363982301,818.4446411132812,0.0013271865900605917,0.019033392891287804
288,115.31294000148773,1.0,0.045958347618579865,61.4677859544754,53.84515404701233,0.0006859454868444756,0.8908374776010928,0.8036590156270497,67.0,69.0,67.0,0.0,1.0,1.0,115.31294000148773,0.8478892647168216,0.8478892647168216,1049.93408203125,-0.012717125937342644,0.02687118761241436
289,0.1696136622922495,0.0,0.772132980171591,0.10607189976144582,0.06354176253080368,0.011524372838381956,0.0015372739095861714,0.0009483845153851296,67.0,69.0,67.0,0.0,0.0,0.0,0.1696136622922495,0.001247159281560658,0.001247159281560658,834.2344360351562,-0.0026990307960659266,0.02302161604166031
290,296.5328747034073,1.0,0.9646063203617814,148.11552035808563,148.41735434532166,0.014397109259131066,2.1466017443200816,2.215184393213756,67.0,69.0,67.0,0.0,1.0,1.0,296.5328747034073,2.180388784583877,2.180388784583877,788.323486328125,-0.0005019574891775846,0.018155930563807487
291,274.9313222169876,1.0,1.5635895314626396,123.16704261302948,151.76427960395813,0.023337157186009545,1.7850296030873838,2.265138501551614,67.0,69.0,67.0,0.0,1.0,1.0,274.9313222169876,2.021553839830791,2.021553839830791,824.2796020507812,-0.0007485837559215724,0.042187511920928955
292,21.74852820520755,0.0,26.41701189056039,11.378797057899646,10.369731147307903,0.3942837595606028,0.16491010228840067,0.15477210667623736,67.0,69.0,67.0,0.27941176470588236,0.0,0.0,21.74852820520755,0.15991564856770257,0.15991564856770257,328.5536193847656,0.024032162502408028,0.11147430539131165
293,146.2726028561592,1.0,0.18606167164398357,72.3411175608635,73.93148529529572,0.002777039875283337,1.0484219936357029,1.1034550044073987,67.0,69.0,67.0,0.0,1.0,1.0,146.2726028561592,1.0755338445305824,1.0755338445305824,714.6612548828125,0.0011561443097889423,0.023748375475406647
294,58.53219434991479,0.8714285714285714,0.12676360266050324,24.474020216614008,34.05817413330078,0.0018919940695597498,0.354695945168319,0.5083309572134445,67.0,69.0,67.0,0.0,0.8714285714285714,1.0,58.53219434991479,0.4303837819846676,0.4303837819846676,1380.7371826171875,0.0041739908047020435,0.02491060644388199
295,19.360407709842548,0.42857142857142855,0.10926915053278208,18.796136775054038,0.5642709347885102,0.0016308828437728668,0.2724077793486092,0.008421954250574779,67.0,69.0,67.0,0.0,0.42857142857142855,0.0,19.360407709842548,0.1423559390429599,0.1423559390429599,896.3850708007812,0.013928134925663471,0.036720458418130875
296,176.311563372612,1.0,3.3370824574958533,91.61771500110626,84.69384837150574,0.04980720085814706,1.3277929710305256,1.2640872891269512,67.0,69.0,67.0,0.0,1.0,1.0,176.311563372612,1.2964085542103823,1.2964085542103823,593.4149780273438,-0.008369087241590023,0.03415221720933914
297,220.5158839225769,1.0,0.18771231500431895,120.3559501171112,100.1599338054657,0.002801676343348044,1.7442891321320464,1.4949243851562044,67.0,69.0,67.0,0.0,1.0,1.0,220.5158839225769,1.6214403229601242,1.6214403229601242,514.1199951171875,-0.013516451232135296,0.05050070956349373
298,215.60758662223816,1.0,0.194502281723544,96.51824629306793,119.08934032917023,0.002903019130202149,1.3988151636676511,1.7774528407338839,67.0,69.0,67.0,0.0,1.0,1.0,215.60758662223816,1.5853499016341042,1.5853499016341042,655.8555297851562,-0.004702395759522915,0.04129942134022713
299,76.80295547610149,0.8285714285714286,0.0,61.45676082186401,15.346194654237479,0.0,0.8906776930704929,0.22904768140652954,67.0,69.0,67.0,0.0,0.8285714285714286,0.4852941176470588,76.80295547610149,0.5647276137948639,0.5647276137948639,1554.8023681640625,-0.004971722606569529,0.037381820380687714
300,22.688043978758287,0.42857142857142855,0.6795746730640531,22.43029068177566,0.25775329698262794,0.010142905568120196,0.3250766765474733,0.003847064134069074,67.0,69.0,67.0,0.0,0.42857142857142855,0.0,22.688043978758287,0.1668238527849874,0.1668238527849874,726.9974365234375,-0.003975551109761,0.0505174919962883
301,180.61295664310455,1.0,0.2708517825230956,91.87703090906143,88.73592573404312,0.004042563918255158,1.3315511725950933,1.3244168020006437,67.0,69.0,67.0,0.0,1.0,1.0,180.61295664310455,1.3280364459051806,1.3280364459051806,807.8119506835938,-0.0004022611537948251,0.024293294176459312
302,31.11334329843521,0.2714285714285714,0.039181255735456944,17.503302581608295,13.610040716826916,0.0005847948617232379,0.2536710519073666,0.20313493607204353,67.0,69.0,67.0,0.0,0.2714285714285714,0.29411764705882354,31.11334329843521,0.2287745830767295,0.2287745830767295,1176.47802734375,0.00882682017982006,0.044646840542554855
303,40.712084859609604,1.0,0.5619583107763901,28.35122500360012,12.360859856009483,0.00838743747427448,0.41088731889275537,0.18449044561208183,67.0,69.0,67.0,0.0,1.0,0.8823529411764706,40.712084859609604,0.29935356514418826,0.29935356514418826,980.5887451171875,-0.0049039688892662525,0.020029865205287933
304,109.8671162724495,1.0,2.795024026010651,60.439066767692566,49.42804950475693,0.04171677650762166,0.8759285038796024,0.7377320821605512,67.0,69.0,67.0,0.014705882352941176,1.0,1.0,109.8671162724495,0.8078464431797757,0.8078464431797757,741.57861328125,-0.0036902306601405144,0.03791167214512825
305,14.185552159557119,0.6142857142857143,0.1617605984210968,12.880391672253609,1.3051604873035103,0.0024143372898671163,0.18667234307613925,0.01948000727318672,67.0,69.0,67.0,0.0,0.6142857142857143,0.029411764705882353,14.185552159557119,0.10430553058497882,0.10430553058497882,1202.0538330078125,-0.00999466236680746,0.02689274214208126
306,122.5196253657341,1.0,0.0666610305197537,87.48743891716003,35.032186448574066,0.0009949407540261745,1.2679338973501455,0.5228684544563293,67.0,69.0,67.0,0.0,1.0,1.0,122.5196253657341,0.9008795982774567,0.9008795982774567,1021.6802978515625,-0.009581244550645351,0.02400932088494301
307,0.060143730603158474,0.0,0.43153739999979734,0.060143730603158474,0.0,0.006440856716414886,0.0008716482696109924,0.0,67.0,69.0,67.0,0.0,0.0,0.0,0.060143730603158474,0.0004422333132585182,0.0004422333132585182,1066.433349609375,0.0021179814357310534,0.0235954187810421
308,0.026761525310575962,0.0,0.019579612649977207,0.026761525310575962,0.0,0.00029223302462652546,0.000387848192906898,0.0,67.0,69.0,67.0,0.0,0.0,0.0,0.026761525310575962,0.00019677592140129383,0.00019677592140129383,2346.13427734375,-0.0018396432278677821,0.022967733442783356
309,0.0,0.0,0.06279805605299771,0.0,0.0,0.0009372844187014583,0.0,0.0,67.0,69.0,67.0,0.0,0.0,0.0,0.0,0.0,0.0,1197.786865234375,-0.006756031885743141,0.034104008227586746
310,173.90925979614258,1.0,0.002939835889264941,72.2669517993927,101.64230799674988,4.387814760096927e-05,1.0473471275274304,1.517049373085819,67.0,69.0,67.0,0.0,1.0,1.0,173.90925979614258,1.2787445573245777,1.2787445573245777,812.5810546875,3.793205178226344e-05,0.033680591732263565
311,0.0,0.0,0.30497496761381626,0.0,0.0,0.004551865188265915,0.0,0.0,67.0,69.0,67.0,0.0,0.0,0.0,0.0,0.0,0.0,703.9384155273438,-0.006642849184572697,0.023392461240291595
312,146.5012139081955,1.0,0.4688205202910467,70.19873058795929,76.3024833202362,0.006997321198373831,1.0173729070718738,1.138843034630391,67.0,69.0,67.0,0.0,1.0,1.0,146.5012139081955,1.0772148081484962,1.0772148081484962,909.6052856445312,0.008067179471254349,0.04746618494391441
313,189.77363765239716,1.0,0.028092624619603157,86.94332706928253,102.83031058311462,0.00041929290477019636,1.260048218395399,1.53478075497186,67.0,69.0,67.0,0.0,1.0,1.0,189.77363765239716,1.3953943945029204,1.3953943945029204,676.36669921875,-0.00035810613189823925,0.021378424018621445
314,0.37064357625786215,0.0,0.03287812595954165,0.37064357625786215,0.0,0.0004907182979036067,0.00537164603272264,0.0,67.0,69.0,67.0,0.0,0.0,0.0,0.37064357625786215,0.0027253204136607513,0.0027253204136607513,1591.1331787109375,0.0004484822566155344,0.029919834807515144
315,227.4621399641037,1.0,1.9414864480495453,102.35108649730682,125.11105346679688,0.02897740967238127,1.4833490796711133,1.867329156220849,67.0,69.0,67.0,0.0,1.0,1.0,227.4621399641037,1.6725157350301743,1.6725157350301743,543.3632202148438,-0.0020746891386806965,0.02439485676586628
316,131.63263487815857,1.0,0.6321554468013346,65.75068324804306,65.88195163011551,0.009435155922407979,0.9529084528701893,0.9833127108972464,67.0,69.0,67.0,0.0,1.0,1.0,131.63263487815857,0.9678870211629307,0.9678870211629307,1367.43212890625,0.007371344603598118,0.05144478380680084
317,154.39000630378723,1.0,0.1238084975630045,72.44221556186676,81.94779074192047,0.0018478880233284254,1.04988718205604,1.223101354357022,67.0,69.0,67.0,0.0,1.0,1.0,154.39000630378723,1.1352206345866709,1.1352206345866709,1009.8682861328125,-0.006935901939868927,0.03488027676939964
318,116.41698777675629,1.0,0.15585409849882126,64.81119620800018,51.6057915687561,0.0023261805746092727,0.9392926986666693,0.7702356950560613,67.0,69.0,67.0,0.0,1.0,1.0,116.41698777675629,0.8560072630643845,0.8560072630643845,728.1864624023438,-0.004744847770780325,0.03488432615995407
319,58.618455082178116,1.0,0.22424611332826316,33.11245483160019,25.506000250577927,0.0033469569153472115,0.47989064973333606,0.38068657090414815,67.0,69.0,67.0,0.0,1.0,1.0,58.618455082178116,0.43101805207483906,0.43101805207483906,873.3013916015625,0.002113004680722952,0.0173699539154768
320,0.0,0.0,0.12824781105155125,0.0,0.0,0.0019141464336052427,0.0,0.0,67.0,69.0,67.0,0.0,0.0,0.0,0.0,0.0,0.0,2779.57275390625,0.0060000792145729065,0.0327024906873703
321,8.890539985510259,0.0,2.6434922472108155,6.752314895391464,2.1382250901187945,0.03945510816732561,0.09785963616509369,0.031913807315205885,67.0,69.0,67.0,0.0,0.0,0.0,8.890539985510259,0.06537161754051661,0.06537161754051661,516.2302856445312,0.0031018415465950966,0.07109431177377701
322,81.4499642252922,1.0,0.04967448697425425,48.93715626001358,32.512807965278625,0.0007414102533470784,0.709234148695849,0.48526579052654667,67.0,69.0,67.0,0.0,1.0,1.0,81.4499642252922,0.5988967957742074,0.5988967957742074,1100.2021484375,0.014482254162430763,0.030512377619743347
323,75.73427637014538,0.24285714285714285,11.639382528141141,47.46732477936894,28.266951590776443,0.17372212728568867,0.6879322431792599,0.42189479986233497,67.0,69.0,67.0,0.0,0.24285714285714285,0.0,75.73427637014538,0.5568696791922454,0.5568696791922454,101.4524917602539,0.044491615146398544,0.18700146675109863
324,0.0,0.0,0.09438879089429975,0.0,0.0,0.0014087879237955185,0.0,0.0,67.0,69.0,67.0,0.0,0.0,0.0,0.0,0.0,0.0,1257.05126953125,-0.0012330312747508287,0.03178856894373894
325,232.04892218112946,1.0,1.5800419447859895,111.70452785491943,120.34439432621002,0.02358271559382074,1.6189062007959338,1.7961849899434332,67.0,69.0,67.0,0.0,1.0,1.0,232.04892218112946,1.706242074861246,1.706242074861246,874.4234008789062,0.0140145318582654,0.04547266289591789
326,39.36335410922766,0.7142857142857143,0.45984936330933124,26.98941843211651,12.373935677111149,0.006863423332975093,0.39115099176980445,0.1846856071210619,67.0,69.0,67.0,0.0,0.7142857142857143,0.16176470588235295,39.36335410922766,0.28943642727373275,0.28943642727373275,981.2308349609375,-0.00656411238014698,0.04445338249206543
327,209.96388161182404,1.0,0.000896352285053581,92.74833238124847,117.21554923057556,1.3378392314232552e-05,1.3441787301630215,1.7494858094115755,67.0,69.0,67.0,0.0,1.0,1.0,209.96388161182404,1.5438520706751768,1.5438520706751768,1310.650634765625,0.0021764656994491816,0.021621549502015114
328,245.95106661319733,1.0,0.2012967536575161,111.93088102340698,134.02018558979034,0.0030044291590674045,1.6221866814986519,2.0003012774595574,67.0,69.0,67.0,0.0,1.0,1.0,245.95106661319733,1.8084637250970392,1.8084637250970392,1329.2125244140625,-0.002924493281170726,0.0293502788990736
329,207.3129294514656,0.9857142857142858,1.1020597603346687,100.24674969911575,107.06617975234985,0.016448653139323414,1.452851444914721,1.5980026828708933,67.0,69.0,67.0,0.0,0.9857142857142858,1.0,207.3129294514656,1.5243597753784235,1.5243597753784235,850.4990234375,0.003447286318987608,0.05265252664685249
330,0.6516639956389554,0.0,2.249579656519927,0.57774863159284,0.07391536404611543,0.03357581576895414,0.008373168573809275,0.0011032143887479914,67.0,69.0,67.0,0.11764705882352941,0.0,0.0,0.6516639956389554,0.004791647026757025,0.004791647026757025,1214.773193359375,-0.0048554325476288795,0.021351389586925507
331,141.62620598077774,1.0,1.456054426729679,70.96612048149109,70.66008549928665,0.021732155622831033,1.0284944997317549,1.0546281417803978,67.0,69.0,67.0,0.0,1.0,1.0,141.62620598077774,1.0413691616233658,1.0413691616233658,803.263427734375,0.011899858713150024,0.029364585876464844
332,1.5773737577692373,0.0,0.18280780475470237,1.5773737577692373,0.0,0.002728474697831379,0.022860489243032425,0.0,67.0,69.0,67.0,0.0,0.0,0.0,1.5773737577692373,0.011598336454185568,0.011598336454185568,1701.4005126953125,0.004747860133647919,0.023034021258354187
333,0.9065808891900815,0.0,0.16517478338209912,0.9065808891900815,0.0,0.0024652952743596883,0.01313885346652292,0.0,67.0,69.0,67.0,0.0,0.0,0.0,0.9065808891900815,0.00666603594992707,0.00666603594992707,2013.340576171875,-0.003946281503885984,0.025058157742023468
334,73.97538328170776,1.0,0.5133828423859086,37.30624479055405,36.66913849115372,0.00766243048337177,0.5406702143558557,0.5473005744948316,67.0,69.0,67.0,0.0,1.0,1.0,73.97538328170776,0.543936641777263,0.543936641777263,1134.7164306640625,-0.014910786412656307,0.0803464725613594
335,90.42713925242424,0.4142857142857143,1.8348131035454571,57.40399372577667,33.02314552664757,0.027385270202171002,0.8319419380547344,0.4928827690544413,67.0,69.0,67.0,0.0,0.4142857142857143,0.0,90.42713925242424,0.66490543567959,0.66490543567959,914.8199462890625,-0.041473183780908585,0.18923243880271912
336,128.86207044124603,1.0,1.7466695359908044,64.78593510389328,64.07613533735275,0.026069694567026933,0.9389265957085983,0.9563602289157127,67.0,69.0,67.0,0.0,1.0,1.0,128.86207044124603,0.9475152238326914,0.9475152238326914,873.4083862304688,-0.005637835245579481,0.062434058636426926
337,91.51303172111511,0.0,0.032261518063023686,42.73428303003311,48.778748691082,0.00048151519497050276,0.6193374352178712,0.7280410252400299,67.0,69.0,67.0,0.0,0.0,0.0,91.51303172111511,0.6728899391258464,0.6728899391258464,1124.69482421875,-0.05000248923897743,0.18164922297000885
338,0.5520278093172237,0.0,2.810404990974348,0.5435389735503122,0.008488835766911507,0.041946343148870864,0.007877376428265394,0.00012669904129718667,67.0,69.0,67.0,0.0,0.0,0.0,0.5520278093172237,0.004059028009685469,0.004059028009685469,1455.8629150390625,-0.006462073884904385,0.06469610333442688
339,39.144661812344566,0.08571428571428572,0.02577230567112565,35.3203102350235,3.8243515773210675,0.00038466127867351716,0.5118885541307754,0.05707987428837414,67.0,69.0,67.0,0.0,0.08571428571428572,0.0,39.144661812344566,0.28782839567900415,0.28782839567900415,1177.9512939453125,-0.05652362108230591,0.21411246061325073
340,4.330058650462888,0.0,0.142533577978611,3.4927468057721853,0.8373118446907029,0.0021273668355016565,0.05061951892423457,0.012497191711801536,67.0,69.0,67.0,0.0,0.0,0.0,4.330058650462888,0.03183866654752124,0.03183866654752124,1300.986083984375,-0.060782793909311295,0.2069447934627533
341,0.0,0.0,0.4254900944069959,0.0,0.0,0.006350598423985014,0.0,0.0,67.0,69.0,67.0,0.0,0.0,0.0,0.0,0.0,0.0,2549.901611328125,-0.07207171618938446,0.27850112318992615
342,169.29161578416824,0.08571428571428572,2.2327932672342286,73.48748117685318,95.80413460731506,0.033325272645286994,1.0650359590848286,1.4299124568255979,67.0,69.0,67.0,0.0,0.08571428571428572,1.0,169.29161578416824,1.2447912925306488,1.2447912925306488,813.0741577148438,-0.07353730499744415,0.27447399497032166
343,11.481949328328483,0.0,0.06338374866754748,11.403483333066106,0.07846599526237696,0.000946026099515634,0.1652678743922624,0.0011711342576474174,67.0,69.0,67.0,0.0,0.0,0.0,11.481949328328483,0.08442609800241531,0.08442609800241531,1526.2181396484375,-0.07471604645252228,0.26044294238090515
344,37.17889655008912,0.7428571428571429,0.0,26.119184762239456,11.059711787849665,0.0,0.3785389095976733,0.16507032519178605,67.0,69.0,67.0,0.0,0.7428571428571429,0.4411764705882353,37.17889655008912,0.2733742393388906,0.2733742393388906,1580.88427734375,-0.004608979914337397,0.03520582243800163
345,0.0,0.0,0.09316335944458842,0.0,0.0,0.001390497902158036,0.0,0.0,67.0,69.0,67.0,0.0,0.0,0.0,0.0,0.0,0.0,2297.974609375,-0.003107736585661769,0.019618233665823936
346,0.005269903223961592,0.0,0.05035903211683035,0.005269903223961592,0.0,0.0007516273450273186,7.637540904292162e-05,0.0,67.0,69.0,67.0,0.0,0.0,0.0,0.005269903223961592,3.874928841148229e-05,3.874928841148229e-05,1554.67626953125,0.0031391822267323732,0.01680576428771019
347,53.95684692263603,1.0,0.06365728320088238,31.812898814678192,22.14394810795784,0.0009501087044907818,0.4610565045605535,0.3305066881784752,67.0,69.0,67.0,0.0,1.0,1.0,53.95684692263603,0.3967415214899708,0.3967415214899708,2295.813720703125,0.0007558235083706677,0.012808025814592838
348,212.21011638641357,1.0,0.45664446585578844,93.15796840190887,119.0521479845047,0.006815589042623708,1.3501154840856358,1.7768977311120104,67.0,69.0,67.0,0.0,1.0,1.0,212.21011638641357,1.5603685028412764,1.5603685028412764,673.3465576171875,0.006117566023021936,0.04341113567352295
349,12.99658049736172,0.32857142857142857,0.542517043184489,12.4808265324682,0.5157539648935199,0.00809726930126103,0.18088154394881448,0.007697820371545073,67.0,69.0,67.0,0.0,0.32857142857142857,0.0,12.99658049736172,0.09556309189236559,0.09556309189236559,671.0472412109375,-0.0005915872752666473,0.04375249892473221
350,0.0,0.0,1.9783546505204868,0.0,0.0,0.02952768135105204,0.0,0.0,67.0,69.0,67.0,0.0,0.0,0.0,0.0,0.0,0.0,1194.265380859375,0.006452284287661314,0.03335682675242424
351,198.21276700496674,1.0,0.4679018828901462,96.1915203332901,102.02124667167664,0.006983610192390242,1.3940800048302913,1.5227051742041289,67.0,69.0,67.0,0.0,1.0,1.0,198.21276700496674,1.4574468162129908,1.4574468162129908,715.8200073242188,-0.005716229323297739,0.03397205471992493
352,30.571441129315645,0.7285714285714285,0.1182987722568214,26.760156204923987,3.811284924391657,0.0017656533172659909,0.3878283507959998,0.05688484961778593,67.0,69.0,67.0,0.0,0.7285714285714285,0.029411764705882353,30.571441129315645,0.2247900083037915,0.2247900083037915,1030.736083984375,-0.007815471850335598,0.025716017931699753
353,0.3434472864610143,0.0,0.4329726858413778,0.206083626835607,0.1373636596254073,0.006462278893154893,0.0029867192295015507,0.0020502038750060793,67.0,69.0,67.0,0.0,0.0,0.0,0.3434472864610143,0.0025253476945662815,0.0025253476945662815,791.7818603515625,0.007205585017800331,0.038564812391996384
354,0.09298084664624184,0.0,0.06222328369040042,0.09298084664624184,0.0,0.0009287057267223943,0.001347548502119447,0.0,67.0,69.0,67.0,0.0,0.0,0.0,0.09298084664624184,0.0006836826959282489,0.0006836826959282489,1686.7159423828125,-0.0014507971936836839,0.024323370307683945
355,0.0,0.0,0.37715436262078583,0.0,0.0,0.0056291695913550125,0.0,0.0,67.0,69.0,67.0,0.0,0.0,0.0,0.0,0.0,0.0,1125.50439453125,0.007509056944400072,0.029320552945137024
356,3.1179811770562083,0.24285714285714285,0.03155237500322983,3.1179811770562083,0.0,0.0004709309701974601,0.04518813300081461,0.0,67.0,69.0,67.0,0.0,0.24285714285714285,0.0,3.1179811770562083,0.022926332184236824,0.022926332184236824,1362.90234375,-0.004160652402788401,0.012781685218214989
357,206.22835206985474,1.0,0.11550741596147418,90.98797976970673,115.24037230014801,0.0017239912830070772,1.3186663734740105,1.720005556718627,67.0,69.0,67.0,0.0,1.0,1.0,206.22835206985474,1.5163849416901083,1.5163849416901083,755.40185546875,0.0008631948730908334,0.027546565979719162
358,143.88879841566086,1.0,0.7286325399763882,67.95366674661636,75.9351316690445,0.010875112536961018,0.9848357499509618,1.1333601741648431,67.0,69.0,67.0,0.0,1.0,1.0,143.88879841566086,1.0580058707033886,1.0580058707033886,761.06201171875,-0.004151181783527136,0.029475411400198936
359,1.6415270458091982,0.0,0.46136704803211614,0.9888231382356025,0.6527039075735956,0.006886075343762927,0.014330770119356559,0.009741849366770083,67.0,69.0,67.0,0.0,0.0,0.0,1.6415270458091982,0.012070051807420575,0.012070051807420575,11076.275390625,-0.003208986483514309,0.013668831437826157
360,29.96494260430336,0.02857142857142857,1.0012443943414837,15.440524756908417,14.524417847394943,0.01494394618420125,0.22377572111461475,0.21678235593126782,67.0,69.0,67.0,0.0,0.02857142857142857,0.014705882352941176,29.96494260430336,0.22033046032576,0.22033046032576,190.95106506347656,0.0037225864361971617,0.08378435671329498
361,167.65866816043854,1.0,0.16952098440378904,95.05723196268082,72.60143619775772,0.00253016394632521,1.377641042937403,1.0836035253396674,67.0,69.0,67.0,0.0,1.0,1.0,167.65866816043854,1.2327843247091068,1.2327843247091068,1086.16455078125,0.021749204024672508,0.061627794057130814
362,149.7241032719612,1.0,1.5683472212404013,76.52192860841751,73.2021746635437,0.023408167481200018,1.1090134580930073,1.0925697710976672,67.0,69.0,67.0,0.0,1.0,1.0,149.7241032719612,1.1009125240585382,1.1009125240585382,218.34271240234375,0.006146428640931845,0.0989423394203186
363,232.4140728712082,1.0,0.2115819975733757,109.83106195926666,122.58301091194153,0.0031579402622891896,1.5917545211487922,1.829597177790172,67.0,69.0,67.0,0.0,1.0,1.0,232.4140728712082,1.7089270064059425,1.7089270064059425,1580.81494140625,-0.0011959365801885724,0.024422576650977135
364,114.2153814136982,1.0,0.9186373389093205,63.93000105023384,50.285380363464355,0.013711005058348068,0.9265217543512151,0.7505280651263336,67.0,69.0,67.0,0.0,1.0,1.0,114.2153814136982,0.839818980983075,0.839818980983075,887.861328125,-0.0006060586892999709,0.03397673740983009
365,6.254290912416764,0.0,1.8562358343042433,3.699113228940405,2.5551776834763587,0.027705012452302138,0.053610336651310216,0.03813698035039341,67.0,69.0,67.0,0.0,0.0,0.0,6.254290912416764,0.04598743317953503,0.04598743317953503,641.1978759765625,-0.001970109762623906,0.08793894201517105
366,0.3659261679131305,0.0,1.041775680554565,0.27823275768605527,0.08769341022707522,0.015548890754545746,0.004032358807044279,0.0013088568690608241,67.0,69.0,67.0,0.0,0.0,0.0,0.3659261679131305,0.002690633587596548,0.002690633587596548,456.3350524902344,0.01564199849963188,0.08010067790746689
367,0.5221314039081335,0.0,0.05487936269491911,0.5221314039081335,0.0,0.0008190949655958076,0.007567121795770051,0.0,67.0,69.0,67.0,0.0,0.0,0.0,0.5221314039081335,0.003839201499324511,0.003839201499324511,662.3192138671875,-0.019813748076558113,0.05715407431125641
368,326.97950315475464,1.0,0.09265669528394938,153.3261640071869,173.65333914756775,0.0013829357505067072,2.2221183189447373,2.5918408827995187,67.0,69.0,67.0,0.0,1.0,1.0,326.97950315475464,2.40426105260849,2.40426105260849,1062.02587890625,-0.00380668300203979,0.053886476904153824
369,88.80981129407883,1.0,0.6549811984878033,36.30223172903061,52.50757956504822,0.00977583878340005,0.5261193004207335,0.7836952173887793,67.0,69.0,67.0,0.0,1.0,1.0,88.80981129407883,0.6530133183388149,0.6530133183388149,1205.677978515625,0.003467310918495059,0.044899046421051025
