stain_label,calcium_label,overlap_px,frac_stain,stain_area,calcium_area,calcium AUC,calcium response time,calcium_auc_w1,calcium_auc_w2,calcium_auc_w3,calcium_auc_norm_w1,calcium_auc_norm_w2,calcium_auc_norm_w3,calcium_active_time_w1,calcium_active_time_w2,calcium_active_time_w3,calcium_response_time_w1,calcium_response_time_w2,calcium_response_time_w3,calcium_auc_w2_w3,calcium_auc_norm_w2_w3,calcium_AUC_norm,calcium_baseline_F0,calcium_baseline_mean_dff,calcium_baseline_sd_dff,cell_area,O4_prop,O4_mfi_norm,PDGFRa_prop,PDGFRa_mfi_norm,MBP_prop,MBP_mfi_norm
329,212,13130,0.7812685945495657,16806,14289,187.90888415277004,0.9859154929577465,0.012951320968568325,77.16554807126522,110.74333608150482,0.00019330329803833322,1.102364972446646,1.6528856131567884,67.0,70.0,67.0,0.0,0.9859154929577465,1.0,187.90888415277004,1.3715976945457666,1.3715976945457666,582.6047973632812,-0.004322727210819721,0.027194522321224213,442,1.0,1.3430503830336031,0.0,1.0194150828796436,0.0,5.1792034724666225
305,210,11688,0.7982516049719983,14642,13668,132.00589433312416,1.0,0.8999347744393162,57.05877211689949,74.94712221622467,0.013431862305064421,0.815125315955707,1.1186137644212637,67.0,70.0,67.0,0.0,1.0,1.0,132.00589433312416,0.96354667396441,0.96354667396441,738.3919677734375,-0.001071198028512299,0.016625432297587395,7166,0.15475858219369243,1.2624742582162576,0.0,0.9325589757476789,0.9899525537259279,3.887173246995224
192,117,10822,0.7643734990817912,14158,14611,125.08401393890381,1.0,0.11147211957722902,62.80306088924408,62.28095304965973,0.0016637629787646124,0.8971865841320583,0.9295664634277572,67.0,70.0,67.0,0.0,1.0,1.0,125.08401393890381,0.9130219995540424,0.9130219995540424,973.7728271484375,0.0005458766245283186,0.013646750710904598,9544,0.0,1.8237572546545497,0.0003143336127409891,0.9993291447037315,0.999685666387259,2.727239893478916
392,258,8909,0.7044915388265064,12646,9630,174.14522743225098,1.0,2.14657289464958,80.92823195457458,93.21699547767639,0.0320384014126803,1.1728729268778926,1.3912984399653192,67.0,69.0,67.0,0.0,1.0,1.0,174.14522743225098,1.2804796134724337,1.2804796134724337,644.7310791015625,-0.0011033727787435055,0.02137335017323494,1761,0.0,1.045031345591595,0.0,1.0349042387764698,1.0,2.77137947769635
373,236,7947,0.8830981220135571,8999,12220,209.09960639476776,0.9859154929577465,0.4019721552467672,90.23489773273468,118.86470866203308,0.0059995844066681675,1.2890699676104955,1.774100129284076,67.0,70.0,67.0,0.0,0.9859154929577465,1.0,209.09960639476776,1.5262744992318815,1.5262744992318815,1045.25390625,-0.00443293247371912,0.023281889036297798,10770,0.714577530176416,1.7054584809593112,0.3266480965645311,3.2398709757091315,0.2901578458681523,1.98281634736918
100,63,5911,0.7208536585365853,8200,7032,70.3597292304039,0.9859154929577465,0.9313556645065546,30.19042593240738,40.16930329799652,0.013900830813530666,0.43129179903439113,0.5995418402686048,67.0,70.0,67.0,0.0,0.9859154929577465,1.0,70.3597292304039,0.5135746659153569,0.5135746659153569,979.7134399414062,-0.004151058383285999,0.02932218462228775,2839,0.5477280732652342,1.1669301787234574,0.49559704121169423,1.4325542019703024,0.6939063050369848,2.52652461650202
325,209,5772,0.7330454660909321,7874,5860,203.80270504951477,1.0,2.7584520233795047,97.61456453800201,106.18814051151276,0.04117092572208216,1.3944937791143144,1.5848976195748172,67.0,70.0,67.0,0.014705882352941176,1.0,1.0,203.80270504951477,1.4876109857628816,1.4876109857628816,874.1109008789062,0.002398658310994506,0.01942260004580021,5167,0.524869363266886,1.4754183347466119,0.06638281401199922,1.0151363807021185,0.7574995161602477,2.9274752197785654
352,227,5666,0.9725369035358736,5826,10577,175.3447321653366,1.0,0.18525859084911644,84.82535886764526,90.51937329769135,0.002765053594762932,1.211790840966361,1.351035422353602,67.0,70.0,67.0,0.0,1.0,1.0,175.3447321653366,1.2798885559513622,1.2798885559513622,692.9302368164062,0.007171313278377056,0.024323495104908943,5145,0.8384839650145772,1.703105667783306,0.1597667638483965,2.061275620839096,0.5343051506316813,3.081175519454946
85,56,5497,0.7942493859268892,6921,7487,192.61474192142487,1.0,1.153552318108268,100.67837452888489,91.93636739253998,0.017217198777735344,1.438262493269784,1.3721845879483578,67.0,70.0,67.0,0.0,1.0,1.0,192.61474192142487,1.405947021324269,1.405947021324269,557.4364624023438,-0.0036862690467387438,0.03034638613462448,6754,0.7016582765768433,1.3812703322435087,0.473349126443589,2.9780693463575436,0.6150429375185076,3.4111962656315553
215,124,5468,0.9855803893294881,5548,11661,264.92257964611053,1.0,0.26242518224171363,119.0244892835617,145.89809036254883,0.003916793764801696,1.7003498469080245,2.1775834382469976,67.0,70.0,67.0,0.0,1.0,1.0,264.92257964611053,1.9337414572708798,1.9337414572708798,797.72900390625,-0.00017983642464969307,0.021056100726127625,1055,0.03317535545023697,1.3327586243954583,0.05118483412322275,1.1405303518305818,0.9355450236966825,1.9980515213503103
384,240,5336,0.9918215613382899,5380,14886,257.357477247715,0.9859154929577465,2.471991970203817,103.59704238176346,153.76043486595154,0.036895402540355476,1.4799577483109065,2.2949318636709184,67.0,70.0,67.0,0.014705882352941176,0.9859154929577465,1.0,257.357477247715,1.878521731735146,1.878521731735146,591.2288208007812,0.0047578588128089905,0.021395288407802582,17,0.0,1.0981377781604138,1.0,1.6006178863212734,0.0,1.7663293877455493
104,61,5261,0.8609065619374898,6111,13570,63.865417681634426,0.9859154929577465,3.0304275965318084,31.091834597289562,32.773583084344864,0.04523026263480311,0.4441690656755652,0.48915795648275917,67.0,70.0,67.0,0.22058823529411764,0.9859154929577465,1.0,63.865417681634426,0.466170931982733,0.466170931982733,1379.8662109375,-0.0008537653484381735,0.015188749879598618,5916,0.19658553076402974,1.5731851616556483,0.04699121027721433,1.0855560378420608,0.8669709263015551,2.5502261138006337
461,293,5240,0.9969558599695586,5256,13069,146.2726028561592,1.0,0.18606167164398357,72.3411175608635,73.93148529529572,0.002777039875283337,1.0484219936357029,1.1034550044073987,67.0,69.0,67.0,0.0,1.0,1.0,146.2726028561592,1.0755338445305824,1.0755338445305824,714.6612548828125,0.0011561443097889423,0.023748375475406647,80,0.15,1.119093042602307,0.0,0.9380428882003954,0.85,1.5575192361798782
54,38,5217,0.8970082530949106,5816,9122,215.32611387968063,1.0,2.0314167937613092,90.67118519544601,124.65492868423462,0.02987377637884278,1.2953026456492287,1.8887110406702214,68.0,70.0,66.0,0.08695652173913043,1.0,1.0,215.32611387968063,1.5832802491152989,1.5832802491152989,752.71484375,0.0006766123115085065,0.013915336690843105,7504,0.8279584221748401,1.785517687979477,0.0,0.9586523655850121,0.33861940298507465,1.9559849059755876
404,262,5183,0.8516266841932304,6086,6579,101.4793766438961,1.0,0.4517564941197634,58.73830917477608,42.741067469120026,0.0067426342405934835,0.8512798431126968,0.6379263801361198,67.0,69.0,67.0,0.0,1.0,1.0,101.4793766438961,0.7461718870874714,0.7461718870874714,902.0648803710938,0.0017470121383666992,0.022425998002290726,3773,0.6853962364166446,1.4108256166289548,0.26000530082162737,1.3430208312177998,0.48290485025178903,2.027624446447055
211,116,5142,0.8432272876352903,6098,12254,165.86014384031296,1.0,0.039895463560242206,76.99818724393845,88.86195659637451,0.000595454680003615,1.099974103484835,1.3262978596473807,67.0,70.0,67.0,0.0,1.0,1.0,165.86014384031296,1.210657984235861,1.210657984235861,1129.814208984375,-0.00037838908610865474,0.013610229827463627,1399,0.0,1.7793095647044725,0.0,4.171016585493008,1.0,2.218467337355692
400,253,5019,0.9246499631540163,5428,11606,275.4625071287155,1.0,0.9376865125086624,131.99764478206635,143.46486234664917,0.013995321082218843,1.9130093446676282,2.1412666021887934,67.0,69.0,67.0,0.0,1.0,1.0,275.4625071287155,2.025459611240555,2.025459611240555,615.3475952148438,-0.0019370446680113673,0.01810293458402157,4609,0.9843783901063138,1.739113208225586,0.0,0.9382938533790797,0.03232805380776741,2.0223455843027778
520,337,5002,0.7510510510510511,6660,6213,91.51303172111511,0.0,0.032261518063023686,42.73428303003311,48.778748691082,0.00048151519497050276,0.6193374352178712,0.7280410252400299,67.0,69.0,67.0,0.0,0.0,0.0,91.51303172111511,0.6728899391258464,0.6728899391258464,1124.69482421875,-0.05000248923897743,0.18164922297000885,5705,0.978965819456617,1.76508819298994,0.0,1.2133762005236342,0.021034180543382998,1.0740922866069778
23,8,4757,1.0,4757,8255,107.613350212574,1.0,3.308645140292356,54.646683394908905,52.9666668176651,0.048656546180769936,0.7806669056415558,0.8025252548131075,68.0,70.0,66.0,0.028985507246376812,1.0,1.0,107.613350212574,0.7912746339159853,0.7912746339159853,517.5354614257812,0.005016346927732229,0.02331407740712166,2328,0.9183848797250859,1.0974811675727087,0.20790378006872853,1.3964454872623733,0.03651202749140894,1.6260653272447028
84,55,4733,0.8517185531761742,5557,5902,4.357106239418499,0.0,5.395335432142019,3.3905399361392483,0.9665663032792509,0.08052739450958238,0.04843628480198926,0.014426362735511207,67.0,70.0,67.0,0.0,0.0,0.0,4.357106239418499,0.031803695178237223,0.031803695178237223,983.8192138671875,0.004820592235773802,0.0352906659245491,4566,0.48642137538326763,1.452602809416792,0.6066579062636881,1.545810296464203,0.040735873850197106,1.3951544180916127
544,351,4542,0.7445901639344262,6100,5245,198.21276700496674,1.0,0.4679018828901462,96.1915203332901,102.02124667167664,0.006983610192390242,1.3940800048302913,1.5227051742041289,67.0,69.0,67.0,0.0,1.0,1.0,198.21276700496674,1.4574468162129908,1.4574468162129908,715.8200073242188,-0.005716229323297739,0.03397205471992493,3468,0.38696655132641294,1.3830301706091104,0.0,0.943543501838264,0.6349480968858131,2.6727742126036533
142,88,4522,0.7146017699115044,6328,4780,124.7421532869339,1.0,1.2667309063544963,67.19796115159988,57.544192135334015,0.01890643143812681,0.959970873594284,0.8588685393333435,67.0,70.0,67.0,0.0,1.0,1.0,124.7421532869339,0.9105266663279846,0.9105266663279846,806.4979248046875,0.0006227761041373014,0.03828907385468483,2474,0.0,1.1727620905685656,0.0,1.2515267721822538,1.0,3.1965650575151803
480,313,4505,0.9175152749490835,4910,6938,189.77363765239716,1.0,0.028092624619603157,86.94332706928253,102.83031058311462,0.00041929290477019636,1.260048218395399,1.53478075497186,67.0,69.0,67.0,0.0,1.0,1.0,189.77363765239716,1.3953943945029204,1.3953943945029204,676.36669921875,-0.00035810613189823925,0.021378424018621445,4486,0.2654926437806509,1.3444457925082725,0.3065091395452519,1.5960720156864683,0.6433348194382523,2.749963315886488
270,168,4444,0.9176130497625439,4843,7109,94.34098863601685,1.0,0.32431098632878275,53.351817309856415,40.98917132616043,0.0048404624825191455,0.7621688187122345,0.6117786765098572,67.0,70.0,67.0,0.0,1.0,1.0,94.34098863601685,0.6886203550074222,0.6886203550074222,1012.5794067382812,-0.001017001224681735,0.014723198488354683,3214,0.5690728064716863,1.5239493524727075,0.0,0.940200670735005,0.6163658991910392,2.1073812339333178
419,274,4372,0.9323949669439113,4689,8774,107.42519843578339,1.0,0.0,48.81736880540848,58.60782963037491,0.0,0.7074980986291084,0.8747437258264912,67.0,69.0,67.0,0.0,1.0,1.0,107.42519843578339,0.7898911649689955,0.7898911649689955,801.025390625,-0.006715429946780205,0.03672821447253227,1047,0.3027698185291309,1.326171832159994,0.03629417382999045,1.3234108645633835,0.7917860553963706,1.9100736164281937
488,315,4284,0.9830197338228546,4358,13578,227.4621399641037,1.0,1.9414864480495453,102.35108649730682,125.11105346679688,0.02897740967238127,1.4833490796711133,1.867329156220849,67.0,69.0,67.0,0.0,1.0,1.0,227.4621399641037,1.6725157350301743,1.6725157350301743,543.3632202148438,-0.0020746891386806965,0.02439485676586628,3176,0.8775188916876574,1.8864265749192322,0.12405541561712846,1.4703540511596431,0.004408060453400504,1.1116369417808163
171,106,4245,0.912118607649334,4654,6169,297.3778125047684,1.0,1.6606566598638892,134.3238044977188,163.05400800704956,0.024785920296475958,1.9189114928245545,2.4336419105529785,67.0,70.0,67.0,0.0,1.0,1.0,297.3778125047684,2.17064096718809,2.17064096718809,1036.0015869140625,0.003562149591743946,0.028176959604024887,1756,0.0005694760820045558,1.2182607425980325,0.0,1.0063870787633726,0.9994305239179955,2.4781612934466364
125,69,4235,0.8114581337420962,5219,6625,123.16223758459091,1.0,1.0231049841677304,56.556471824645996,66.60576575994492,0.015270223644294484,0.8079495974949428,0.9941159068648495,67.0,70.0,67.0,0.0,1.0,1.0,123.16223758459091,0.8989944349240212,0.8989944349240212,776.9953002929688,0.004612747114151716,0.02096516825258732,2051,0.2530472940029254,1.0741672040403547,0.0,1.259824630034434,0.8508044856167724,2.4946880618479517
169,103,4188,0.9966682532127559,4202,9437,1.4643812204594724,0.014084507042253521,6.253873590379953,1.32626080699265,0.13812041346682236,0.09334139687134259,0.01894658295703786,0.002061498708460035,67.0,70.0,67.0,0.7794117647058824,0.014084507042253521,0.0,1.4643812204594724,0.010688914017952354,0.010688914017952354,2516.413818359375,0.002166298683732748,0.010516410693526268,0,0.0,,0.0,,0.0,
363,230,4169,1.0,4169,10966,214.67019695043564,1.0,0.05087018897756934,86.11891108751297,128.55128586292267,0.00075925655190402,1.2302701583930424,1.9186759084018308,67.0,70.0,67.0,0.0,1.0,1.0,214.67019695043564,1.5669357441637637,1.5669357441637637,617.0994873046875,9.695096377981827e-05,0.021541493013501167,3370,0.8946587537091988,1.732509304551105,0.0,1.1999525624923935,0.4115727002967359,1.6965796297805853
126,76,4102,0.9889103182256509,4148,7795,127.24646872282028,1.0,1.6857695910148323,69.50761169195175,57.73885703086853,0.02516074016440048,0.9929658813135964,0.8617739855353512,67.0,70.0,67.0,0.0,1.0,1.0,127.24646872282028,0.9288063410424838,0.9288063410424838,791.072998046875,0.0035441708751022816,0.037295106798410416,2791,0.4460766750268721,1.0960109622238523,0.0,1.0922898349589472,0.9706198495163024,2.361922957344096
495,318,4090,0.8977172958735733,4556,7697,116.41698777675629,1.0,0.15585409849882126,64.81119620800018,51.6057915687561,0.0023261805746092727,0.9392926986666693,0.7702356950560613,67.0,69.0,67.0,0.0,1.0,1.0,116.41698777675629,0.8560072630643845,0.8560072630643845,728.1864624023438,-0.004744847770780325,0.03488432615995407,1315,0.596958174904943,1.4440271497678538,0.0,1.0792210566383336,0.4509505703422053,1.6807462290138397
390,250,4072,1.0,4072,11776,223.86325204372406,1.0,1.1528218511957675,117.09187817573547,106.77137386798859,0.017206296286503994,1.6969837416773257,1.5936025950446058,67.0,69.0,67.0,0.0,1.0,1.0,223.86325204372406,1.6460533238509123,1.6460533238509123,492.8512268066406,-0.0003977006708737463,0.025556379929184914,4966,1.0,1.7860199617894195,0.0,0.863211403690058,0.0,1.536362897291197
97,58,4042,1.0,4042,10272,168.31997072696686,1.0,5.558023538906127,82.68020582199097,85.63976490497589,0.08295557520755414,1.1811457974570139,1.2782054463429238,67.0,70.0,67.0,0.1323529411764706,1.0,1.0,168.31997072696686,1.2286129250143567,1.2286129250143567,725.5056762695312,-0.006089846137911081,0.03176014497876167,1524,0.4140419947506562,1.3393980096322127,0.0,1.1424417686776758,0.5859580052493438,1.6670268686084724
556,358,3941,0.9264221908791725,4254,5481,143.88879841566086,1.0,0.7286325399763882,67.95366674661636,75.9351316690445,0.010875112536961018,0.9848357499509618,1.1333601741648431,67.0,69.0,67.0,0.0,1.0,1.0,143.88879841566086,1.0580058707033886,1.0580058707033886,761.06201171875,-0.004151181783527136,0.029475411400198936,1242,0.029790660225442835,1.213264178320798,0.0,1.0903139968719215,1.0,2.9396609434888594
245,153,3915,0.8503475238922676,4604,8316,65.8149328827858,1.0,0.5138462890172377,37.04576647281647,28.76916640996933,0.007669347597272205,0.5292252353259496,0.42939054343237804,67.0,70.0,67.0,0.0,1.0,1.0,65.8149328827858,0.4804009699473416,0.4804009699473416,968.9225463867188,0.00982421264052391,0.023915613070130348,2530,0.5794466403162055,1.1119604358013477,0.0,1.0212461710766343,0.867193675889328,4.303199831328564
561,364,3826,0.8126593033135089,4708,4672,114.2153814136982,1.0,0.9186373389093205,63.93000105023384,50.285380363464355,0.013711005058348068,0.9265217543512151,0.7505280651263336,67.0,69.0,67.0,0.0,1.0,1.0,114.2153814136982,0.839818980983075,0.839818980983075,887.861328125,-0.0006060586892999709,0.03397673740983009,1854,0.42179072276159657,1.2744546214888126,0.0,0.9323315765994892,0.8354908306364617,3.309289493556689
127,68,3817,1.0,3817,12573,1.5352421380812302,0.014084507042253521,3.59596353629604,1.4114348627626896,0.12380727531854063,0.05367109755665731,0.020163355182324136,0.0018478697808737407,67.0,70.0,67.0,0.2647058823529412,0.014084507042253521,0.0,1.5352421380812302,0.01120614699329365,0.01120614699329365,1956.774658203125,0.00011577937402762473,0.014496115036308765,1120,1.0,1.1025538102782504,0.0,1.0116177538748123,0.0,1.179918472053598
240,148,3781,0.9078031212484994,4165,5059,79.6618095934391,1.0,0.10769564658403397,48.82532846927643,30.836481124162674,0.0016073977102094622,0.6975046924182347,0.4602459869278011,67.0,70.0,67.0,0.0,1.0,1.0,79.6618095934391,0.5814730627258329,0.5814730627258329,713.0067138671875,-0.0037333087529987097,0.03485171124339104,4949,0.0,0.949485520835149,1.0,3.303997023012017,0.0,0.9226021972227019
515,331,3768,0.9403543798352882,4007,5967,141.62620598077774,1.0,1.456054426729679,70.96612048149109,70.66008549928665,0.021732155622831033,1.0284944997317549,1.0546281417803978,67.0,69.0,67.0,0.0,1.0,1.0,141.62620598077774,1.0413691616233658,1.0413691616233658,803.263427734375,0.011899858713150024,0.029364585876464844,1169,0.0,1.229627768049402,0.0,1.1765612254802738,1.0,1.9773729979989925
440,282,3760,0.9186415831908136,4093,5976,208.74445259571075,1.0,0.46510623674839735,97.01281726360321,111.73163533210754,0.006941884130573095,1.4059828588928,1.667636348240411,67.0,69.0,67.0,0.0,1.0,1.0,208.74445259571075,1.5348856808508144,1.5348856808508144,897.0667724609375,-0.0010515257017686963,0.02767479047179222,4289,0.7211471205409187,1.578413521563675,0.0,1.0898437710772184,0.44042900442993704,1.9669568962911028
277,178,3661,0.7667015706806283,4775,4438,194.32058584690094,1.0,0.5458325608160521,112.94156467914581,81.37902116775513,0.008146754639045553,1.6134509239877974,1.2146122562351511,67.0,70.0,67.0,0.0,1.0,1.0,194.32058584690094,1.418398436838693,1.418398436838693,774.0917358398438,-0.0008690078975632787,0.026179052889347076,3208,0.23815461346633415,1.3155339414592964,0.07169576059850374,0.9926367908435919,0.8188902743142145,2.679663260490299
377,242,3638,0.8066518847006652,4510,4674,80.70712220668793,1.0,2.0542324343696237,46.84200647473335,33.865115731954575,0.030660185587606324,0.6788696590541066,0.5054494885366354,67.0,69.0,67.0,0.014705882352941176,1.0,1.0,80.70712220668793,0.5934347221079994,0.5934347221079994,1343.209716796875,-0.0037222937680780888,0.025342851877212524,7040,0.6204545454545455,1.6996798837976332,0.6586647727272728,2.2392082867885965,0.22727272727272727,1.5966208146725431
339,218,3554,1.0,3554,10015,87.50361369550228,1.0,1.6165317366831005,57.836112678050995,29.667501017451286,0.02412733935347911,0.8262301811150142,0.44279852264852665,67.0,70.0,67.0,0.0,1.0,1.0,87.50361369550228,0.638712508726294,0.638712508726294,540.6294555664062,-0.00034805102040991187,0.03342457860708237,1084,0.0,1.3690148215610802,0.0,1.2536272371729504,1.0,2.2395110992441105
447,285,3474,1.0,3474,8151,134.31212335824966,1.0,0.04452182023669593,74.3888349533081,59.92328840494156,0.0006645047796521781,1.0780990572943203,0.8943774388797248,67.0,69.0,67.0,0.0,1.0,1.0,134.31212335824966,0.9875891423400711,0.9875891423400711,489.1657409667969,-0.0023172777146101,0.03207568824291229,183,0.7377049180327869,1.1947776136355577,0.0,0.9486265494839953,0.26229508196721313,1.140548720581775
366,234,3466,0.9689684092815208,3577,13976,127.71738588809967,0.9859154929577465,0.34133964078500867,58.317156970500946,69.40022891759872,0.005094621504253861,0.8331022424357278,1.035824312202966,67.0,70.0,67.0,0.0,0.9859154929577465,1.0,127.71738588809967,0.9322436926138662,0.9322436926138662,712.5092163085938,-0.0004466560494620353,0.019267613068223,4756,0.8944491169049622,1.7893924110505481,0.028174936921783012,1.0977967133351907,0.437973086627418,1.7410941487065104
389,245,3414,1.0,3414,15061,221.05201756954193,1.0,0.9431730349897407,98.65838742256165,122.39363014698029,0.014077209477458816,1.4298317017762556,1.826770599208661,67.0,69.0,67.0,0.0,1.0,1.0,221.05201756954193,1.6253824821289848,1.6253824821289848,759.9497680664062,0.004446680191904306,0.013969793915748596,3115,0.4170144462279294,1.536536882434715,0.08924558587479936,1.1514774273642923,0.6526484751203853,2.5043774123565474
272,174,3351,0.9964317573595004,3363,10680,33.41057742387056,0.9577464788732394,0.43100307032000273,17.525089614093304,15.88548780977726,0.006432881646567205,0.2503584230584758,0.23709683298175013,67.0,70.0,67.0,0.0,0.9577464788732394,1.0,33.41057742387056,0.24387282791146397,0.24387282791146397,1512.333740234375,-0.0016417058650404215,0.014938607811927795,167,1.0,1.6133244243639073,0.0,0.8356811266171097,0.0,1.7845392228357453
313,196,3347,0.9838330393885949,3402,8136,149.55367183685303,1.0,0.29705476481467485,69.90051651000977,79.65315532684326,0.004433653206189177,0.9985788072858538,1.1888530645797502,67.0,70.0,67.0,0.0,1.0,1.0,149.55367183685303,1.0916326411449127,1.0916326411449127,668.7886962890625,0.002751604886725545,0.02685239166021347,1310,0.0,1.338115676530116,0.8877862595419848,2.2141157632622273,0.12213740458015267,1.1693947881993754
549,348,3166,0.9974795211090107,3174,8438,212.21011638641357,1.0,0.45664446585578844,93.15796840190887,119.0521479845047,0.006815589042623708,1.3501154840856358,1.7768977311120104,67.0,69.0,67.0,0.0,1.0,1.0,212.21011638641357,1.5603685028412764,1.5603685028412764,673.3465576171875,0.006117566023021936,0.04341113567352295,398,0.18090452261306533,1.220895582707835,0.0,1.012722654596234,0.8190954773869347,1.8175747799229647
136,79,3116,1.0,3116,11926,120.14833262562752,1.0,0.0,53.25726678967476,66.89106583595276,0.0,0.7608180969953537,0.9983741169545188,67.0,70.0,67.0,0.0,1.0,1.0,120.14833262562752,0.8769951286542155,0.8769951286542155,1265.89404296875,0.0004560693050734699,0.02201606146991253,2886,0.8717948717948718,1.6542670273128406,0.0,1.1040002615375177,0.12855162855162855,1.3514964637896574
423,267,3104,1.0,3104,8754,293.49742448329926,1.0,1.9483513524755836,139.87219774723053,153.62522673606873,0.029079870932471396,2.0271333006845005,2.2929138318816227,67.0,69.0,67.0,0.0,1.0,1.0,293.49742448329926,2.158069297671318,2.158069297671318,504.4079284667969,-0.002413476351648569,0.02627340890467167,4586,0.9773222852158744,2.04010162145972,0.19188835586567815,1.2186753494033895,0.02006105538595726,1.205130782827937
197,122,3101,0.873767258382643,3549,4410,235.4063684940338,1.0,0.6003840978373773,119.83191311359406,115.57445538043976,0.00896095668413996,1.7118844730513436,1.724991871349847,67.0,70.0,67.0,0.0,1.0,1.0,235.4063684940338,1.7182946605403928,1.7182946605403928,604.6024780273438,0.003168614814057946,0.05081416293978691,6218,0.016725635252492762,1.2018892568738897,1.0,4.521087890479891,0.0,1.1336354798435793
36,26,3083,0.7638751238850346,4036,4060,138.92808520793915,1.0,1.1830564373858579,76.60430002212524,62.323785185813904,0.017397888785086146,1.0943471431732177,0.9442997755426349,68.0,70.0,66.0,0.0,1.0,1.0,138.92808520793915,1.0215300382936703,1.0215300382936703,1067.19775390625,-0.0032243740279227495,0.028574472293257713,2069,0.06089898501691639,1.5064417612103682,0.9942000966650556,2.4860998817668727,0.0,1.3748270625412047
293,186,3069,1.0,3069,6728,237.65959614515305,1.0,0.2064064280129969,98.54160088300705,139.117995262146,0.0030806929554178645,1.4077371554715292,2.076387988987254,67.0,70.0,67.0,0.0,1.0,1.0,237.65959614515305,1.7347415777018471,1.7347415777018471,1175.1329345703125,0.0020503175910562277,0.025961045175790787,399,1.0,1.5954749826813397,0.0,0.9037389292310443,0.0,1.199189740567701
477,306,3058,1.0,3058,8852,122.5196253657341,1.0,0.0666610305197537,87.48743891716003,35.032186448574066,0.0009949407540261745,1.2679338973501455,0.5228684544563293,67.0,69.0,67.0,0.0,1.0,1.0,122.5196253657341,0.9008795982774567,0.9008795982774567,1021.6802978515625,-0.009581244550645351,0.02400932088494301,1885,0.0,1.3098808516368314,0.9522546419098143,2.2457681267558263,0.09761273209549072,1.1688122604451212
92,52,3049,1.0,3049,14710,84.86349666118622,1.0,0.4088650024496019,41.80645126104355,43.05704540014267,0.0061024627231283865,0.5972350180149079,0.6426424686588458,67.0,70.0,67.0,0.0,1.0,1.0,84.86349666118622,0.6194415814685126,0.6194415814685126,784.5393676757812,-0.008201525546610355,0.025093799456954002,3563,0.7406679764243614,1.1391789037916091,0.038170081392085324,1.2163455712441855,0.49817569463934885,1.8144005732925401
46,22,3031,1.0,3031,9964,0.08962117996998131,0.0,0.9759809567476623,0.07327106408774853,0.016350115882232785,0.014352661128642093,0.0010467294869678362,0.00024772902851867855,68.0,70.0,66.0,0.0,0.0,0.0,0.08962117996998131,0.0006589792644851567,0.0006589792644851567,1127.0556640625,0.0004887568647973239,0.014755538664758205,4782,0.43245503973232957,1.1097159062192299,0.9420744458385613,3.481628488855295,0.0,1.0806879391894775
201,120,2990,0.9604882749759075,3113,5850,257.5623642206192,1.0,3.8505666845012456,118.21026957035065,139.35209465026855,0.05747114454479471,1.688718136719295,2.079882009705501,67.0,70.0,67.0,0.0,1.0,1.0,257.5623642206192,1.8800172570848117,1.8800172570848117,654.1925048828125,0.001564816222526133,0.0384216383099556,0,0.0,,0.0,,0.0,
299,194,2987,0.8345906677842972,3579,5454,172.46077853441238,1.0,0.29033999117382336,85.979228079319,86.48155045509338,0.004333432704086916,1.2282746868474144,1.290769409777513,67.0,70.0,67.0,0.0,1.0,1.0,172.46077853441238,1.2588377995212583,1.2588377995212583,1244.56982421875,0.0010368279181420803,0.01985161378979683,2569,0.27909692487349164,1.3527413175352219,0.11015959517321915,1.0971278176419852,0.7999221486959907,2.4418264560980076
388,246,2971,0.9052407068860451,3282,5644,32.45371515036095,0.9714285714285714,0.18259172956459224,27.208184331655502,5.245530818705447,0.002725249694993914,0.3943215120529783,0.07829150475679772,67.0,69.0,67.0,0.0,0.9714285714285714,0.14705882352941177,32.45371515036095,0.2386302584585364,0.2386302584585364,832.5047607421875,0.00947433989495039,0.029101205989718437,5515,0.09501359927470535,1.118721386110241,0.998730734360834,4.035677567767555,0.019220308250226654,0.9748410102733372
355,228,2963,1.0,2963,12834,148.0856386423111,1.0,0.13558573345653713,63.849200963974,84.2364376783371,0.002023667663530405,0.9121314423424857,1.2572602638557775,67.0,70.0,67.0,0.0,1.0,1.0,148.0856386423111,1.0809170703818327,1.0809170703818327,606.46923828125,-0.0023289525415748358,0.01595461368560791,1571,1.0,1.6758631023922521,0.0,0.9318826855191501,0.0,1.0518822232561427
18,10,2929,0.9734130940511798,3009,4453,0.0,0.0,2.6761661266355077,0.0,0.0,0.03935538421522805,0.0,0.0,68.0,70.0,66.0,0.0,0.0,0.0,0.0,0.0,0.0,460.1585388183594,-0.006755756679922342,0.04245733469724655,5863,0.19205185058843596,1.0889246976078149,1.0,6.63538036095283,0.0,1.2378887153511589
398,255,2865,1.0,2865,9389,249.8502435684204,1.0,0.09405392757616937,113.21942818164825,136.63081538677216,0.0014037899638234235,1.6408612779949023,2.039265901295107,67.0,69.0,67.0,0.0,1.0,1.0,249.8502435684204,1.8371341438854443,1.8371341438854443,1089.9378662109375,0.00321947131305933,0.02160368114709854,2999,0.9633211070356785,1.8947905296869518,0.0,1.0884353340044026,0.03667889296432144,1.0765513892760465
265,170,2833,0.9662346521145976,2932,8787,51.129062950611115,1.0,0.2289051776751876,23.476725339889526,27.652337610721588,0.0034164951891819044,0.3353817905698504,0.41272145687644163,67.0,70.0,67.0,0.0,1.0,1.0,51.129062950611115,0.37320483905555557,0.37320483905555557,1310.2791748046875,9.959905582945794e-05,0.020522387698292732,2792,0.7589541547277937,1.8265479516236802,0.0,0.8794056537713841,0.2410458452722063,1.4982522244393517
409,266,2833,0.8605710814094775,3292,4013,13.243935049977154,0.2714285714285714,0.16186516219750047,10.87060920894146,2.373325841035694,0.0024158979432462755,0.15754506099915158,0.0354227737468014,67.0,69.0,67.0,0.0,0.2714285714285714,0.0,13.243935049977154,0.09738187536747907,0.09738187536747907,2141.847900390625,-0.01122209895402193,0.03559824079275131,2493,0.33293221018852787,1.3280908981045592,0.7428800641797032,4.677375889110789,0.11632571199358203,1.6027454345275551
399,251,2815,0.99822695035461,2820,11897,168.5280044078827,1.0,0.03618759661912918,86.59652698040009,81.9314774274826,0.0005401133823750624,1.2550221301507258,1.2228578720519792,67.0,69.0,67.0,0.0,1.0,1.0,168.5280044078827,1.2391765029991375,1.2391765029991375,1037.801513671875,-0.004507770296186209,0.022257639095187187,4003,1.0,1.7863871963378897,0.0002498126405196103,1.1096195722580782,0.07469397951536348,1.4640193799347565
249,141,2812,0.9908386187455955,2838,5912,1.5612305154572823,0.0,0.3924312004237436,1.4847556793611147,0.07647483609616756,0.00585718209587677,0.021210795419444498,0.001141415464121904,67.0,70.0,67.0,0.0,0.0,0.0,1.5612305154572823,0.011395843178520309,0.011395843178520309,2040.501220703125,-0.0035243656020611525,0.019189925864338875,845,0.7668639053254438,1.5536611898898331,0.2331360946745562,1.3170376051019417,0.0,1.1024748520858143
294,191,2811,0.8713577185368878,3226,3192,195.09860622882843,1.0,0.40975824659108184,92.35837352275848,102.74023270606995,0.006115794725240028,1.319405336039407,1.53343630904582,67.0,70.0,67.0,0.0,1.0,1.0,195.09860622882843,1.4240774177286746,1.4240774177286746,1131.92578125,0.00751787144690752,0.01910257712006569,1703,0.0,1.1672477275561706,0.9635936582501468,3.229479962584703,0.0364063417498532,1.2012523250379314
337,222,2794,0.8317951771360524,3359,3813,259.8022280931473,1.0,0.3808930702507496,128.00526356697083,131.79696452617645,0.005684971197772382,1.8286466223852975,1.9671188735250216,67.0,70.0,67.0,0.0,1.0,1.0,259.8022280931473,1.8963666284171334,1.8963666284171334,700.7899169921875,-0.013835632242262363,0.040710654109716415,3545,0.9435825105782792,1.7590072375775343,0.001692524682651622,0.9025700552491853,0.19266572637517632,1.4699636923286246
124,75,2790,0.9751835022719328,2861,5491,249.9123990535736,1.0,0.2989117630822875,120.36299085617065,129.54940819740295,0.004461369598243097,1.719471297945295,1.933573256677656,67.0,70.0,67.0,0.0,1.0,1.0,249.9123990535736,1.8241780952815592,1.8241780952815592,1205.6405029296875,0.002053204458206892,0.03008989989757538,1762,0.97105561861521,1.6678319448894778,0.0,1.1075805716511735,0.02894438138479001,1.2349102904288158
32,20,2779,0.8514093137254902,3264,4677,284.99960064888,1.0,5.48132330365479,140.33369827270508,144.66590237617493,0.08060769564198221,2.004767118181501,2.191907611760226,68.0,70.0,66.0,0.043478260869565216,1.0,1.0,284.99960064888,2.0955852988888237,2.0955852988888237,792.6373901367188,0.0009701497037895024,0.027126289904117584,4067,0.7101057290386034,1.7260188607120857,0.9070567986230637,2.7399704570867183,0.011310548315711827,1.3058715733128363
538,344,2720,0.8613046231792274,3158,3560,37.17889655008912,0.7428571428571429,0.0,26.119184762239456,11.059711787849665,0.0,0.3785389095976733,0.16507032519178605,67.0,69.0,67.0,0.0,0.7428571428571429,0.4411764705882353,37.17889655008912,0.2733742393388906,0.2733742393388906,1580.88427734375,-0.004608979914337397,0.03520582243800163,1815,0.4573002754820937,1.0828375973782332,0.8760330578512396,2.152165461197368,0.11239669421487604,1.2215589114965233
254,160,2717,0.7454046639231824,3645,3040,69.67482185736299,0.6338028169014085,1.636433947365731,42.37984252721071,27.294979330152273,0.02442438727411539,0.6054263218172959,0.4073877511963026,67.0,70.0,67.0,0.0,0.6338028169014085,0.8529411764705882,69.67482185736299,0.5085753420245473,0.5085753420245473,818.7700805664062,-0.007087920792400837,0.033513978123664856,3347,0.0,1.2398501015691463,0.0,0.9871487586305329,1.0,2.947553281951829
345,224,2714,0.9272292449607106,2927,3839,161.60016125440598,1.0,2.2069618152454495,78.1556698679924,83.44449138641357,0.032939728585752975,1.1165095695427485,1.2454401699464712,67.0,70.0,67.0,0.0,1.0,1.0,161.60016125440598,1.1795632208350801,1.1795632208350801,1542.7197265625,-0.0058756619691848755,0.03443056344985962,1675,0.8173134328358209,1.561269508521116,0.0,0.9679147761692135,0.18447761194029852,1.2788771861016572
418,268,2712,0.9651245551601424,2810,7344,212.83936190605164,1.0,0.12621412333101034,93.4730761051178,119.36628580093384,0.0018837928855374678,1.3546822623930115,1.7815863552378184,67.0,69.0,67.0,0.0,1.0,1.0,212.83936190605164,1.5649953081327326,1.5649953081327326,673.7686767578125,-0.007938604801893234,0.025046324357390404,1343,0.28071481757259864,1.1397051477050035,0.7617274758004468,1.789354797364223,0.14221891288160834,1.2201783457079438
180,108,2709,0.9854492542742815,2749,6011,147.1790205836296,1.0,0.511171275516972,70.76162052154541,76.4174000620842,0.007629422022641373,1.0108802931649343,1.1405582098818536,67.0,70.0,67.0,0.0,1.0,1.0,147.1790205836296,1.0742994203184644,1.0742994203184644,657.92431640625,0.0029679739382117987,0.020700402557849884,2482,0.5878323932312651,1.119692871700994,0.6579371474617244,1.739715045601176,0.027800161160354553,1.1325396134426964
95,59,2694,0.9119837508463101,2954,3478,79.38767898082733,1.0,0.8559524435549974,50.02526745200157,29.36241152882576,0.012775409605298469,0.7146466778857368,0.43824494819142923,67.0,70.0,67.0,0.0,1.0,1.0,79.38767898082733,0.5794721093491046,0.5794721093491046,1365.9603271484375,-0.0053852940909564495,0.03193111717700958,4059,0.5651638334565163,1.124473536396165,0.9696969696969697,3.696554697434678,0.0,1.168443918722936
271,172,2694,0.7314689112136845,3683,4540,91.86607351899147,1.0,0.03430286073125899,48.36068171262741,43.50539180636406,0.0005119829959889401,0.690866881608963,0.6493342060651353,67.0,70.0,67.0,0.0,1.0,1.0,91.86607351899147,0.6705552811605217,0.6705552811605217,847.946044921875,0.004434731788933277,0.032325368374586105,5561,0.006653479590001799,1.0481087033621261,1.0,3.569592066050507,0.0,0.9050173054507372
72,43,2692,1.0,2692,16785,102.80529087781906,1.0,0.019431525375694036,46.75148296356201,56.05380791425705,0.0002857577261131476,0.6678783280508859,0.8366239987202545,68.0,70.0,67.0,0.0,1.0,0.9852941176470589,102.80529087781906,0.7504035830497742,0.7504035830497742,1169.6219482421875,0.002674637595191598,0.015348671935498714,2676,0.01233183856502242,1.1818418848471166,0.3415545590433483,2.0523512272603788,0.8097907324364724,2.0127827953964723
120,70,2688,0.910260751777853,2953,3732,155.53292512893677,1.0,0.5379177456488833,80.38460433483124,75.14832079410553,0.008028623069386318,1.1483514904975891,1.1216167282702318,67.0,70.0,67.0,0.0,1.0,1.0,155.53292512893677,1.1352768257586625,1.1352768257586625,1026.08251953125,0.009741155430674553,0.05046526715159416,0,0.0,,0.0,,0.0,
526,339,2686,0.8734959349593496,3075,4965,39.144661812344566,0.08571428571428572,0.02577230567112565,35.3203102350235,3.8243515773210675,0.00038466127867351716,0.5118885541307754,0.05707987428837414,67.0,69.0,67.0,0.0,0.08571428571428572,0.0,39.144661812344566,0.28782839567900415,0.28782839567900415,1177.9512939453125,-0.05652362108230591,0.21411246061325073,2047,0.12945774303859306,1.4201469769048174,0.8553981436248168,1.8080890846541164,0.034684904738641914,1.2661404525121067
386,238,2657,1.0,2657,14062,112.44595491886139,1.0,1.3942710971459746,48.999815583229065,63.446139335632324,0.020810016375313056,0.7101422548294067,0.9469573035169003,67.0,69.0,67.0,0.0,1.0,1.0,112.44595491886139,0.8268084920504514,0.8268084920504514,619.6748657226562,0.0029079953674227,0.022368760779500008,138,0.34057971014492755,1.2045148179466771,0.0,1.0644231260541142,0.6594202898550725,1.4829713063471401
340,217,2644,0.8452685421994884,3128,5119,166.7246812582016,1.0,1.9716462776996195,82.54518747329712,84.17949378490448,0.02942755638357641,1.1792169639042445,1.2564103549985743,67.0,70.0,67.0,0.0,1.0,1.0,166.7246812582016,1.216968476337238,1.216968476337238,765.5606689453125,-0.004201521631330252,0.03554645553231239,620,0.035483870967741936,1.1220923227673485,0.964516129032258,1.9055142991186667,0.0,1.096601466568192
230,135,2595,0.9961612284069098,2605,4280,78.67985092103481,1.0,6.206844457890838,53.172952979803085,25.506897941231728,0.09263946952075879,0.759613613997187,0.38069996927211536,67.0,70.0,67.0,0.0,1.0,0.6617647058823529,78.67985092103481,0.5743054811754366,0.5743054811754366,579.510498046875,-0.0060010082088410854,0.05732331797480583,3913,0.0,0.9568196994810374,1.0,2.949004638908607,0.0,0.979338966337794
284,179,2593,1.0,2593,15505,179.45389491319656,1.0,0.8818318980047479,74.0818001627922,105.37209475040436,0.01316167011947385,1.0583114308970316,1.5727178320955875,67.0,70.0,67.0,0.0,1.0,1.0,179.45389491319656,1.3098824446218726,1.3098824446218726,643.7427368164062,0.003001713426783681,0.024284636601805687,476,0.7163865546218487,1.5346700879627049,0.28361344537815125,1.1656541215154292,0.0,0.9310068961170725
71,47,2565,0.9869180454020777,2599,6399,202.46561032533646,1.0,1.7480864461394958,98.04375779628754,104.42185252904892,0.02570715361969847,1.4006251113755361,1.5585351123738644,68.0,70.0,67.0,0.0,1.0,0.9852941176470589,202.46561032533646,1.4778511702579304,1.4778511702579304,1103.5037841796875,0.008665945380926132,0.023021113127470016,2319,0.1586890901250539,1.2304562895837152,0.0,1.0861303260296498,0.8413109098749461,2.2989526732853784
38,24,2532,0.9956744003145891,2543,6802,300.20011508464813,1.0,0.9904459459939972,148.59498059749603,151.6051344871521,0.014565381558735253,2.122785437107086,2.297047492229577,68.0,70.0,66.0,0.0,1.0,1.0,300.20011508464813,2.2073537873871185,2.2073537873871185,707.1838989257812,0.007044782862067223,0.050061557441949844,3070,0.9084690553745929,1.7933670624430789,0.0,1.153794538287901,0.33485342019543973,1.4774155356574807
397,257,2470,0.7811511701454775,3162,6467,0.0,0.0,0.0816547591239214,0.0,0.0,0.0012187277481182299,0.0,0.0,67.0,69.0,67.0,0.0,0.0,0.0,0.0,0.0,0.0,2647.12841796875,0.001519393059425056,0.013680829666554928,1325,0.5464150943396227,1.5136656501291896,0.0,0.9811574226071448,0.5720754716981132,1.8942770834276605
365,231,2465,0.8646089091546826,2851,4407,77.8355183005333,0.9154929577464789,0.7274664379292517,49.70739856362343,28.128119736909866,0.010857708028794802,0.7101056937660489,0.41982268264044575,67.0,70.0,67.0,0.0,0.9154929577464789,0.8088235294117647,77.8355183005333,0.5681424693469583,0.5681424693469583,564.4776611328125,0.004706957843154669,0.042481571435928345,3523,0.0,1.2520005511485732,1.0,4.124419625986674,0.0,1.0251630602520059
43,28,2458,0.982414068745004,2502,3538,71.29215800762177,1.0,0.4357815890107304,42.23150062561035,29.060657382011414,0.006408552779569565,0.6033071517944336,0.44031299063653656,68.0,70.0,66.0,0.0,1.0,1.0,71.29215800762177,0.5242070441736895,0.5242070441736895,914.2863159179688,0.002767720725387335,0.032264091074466705,4379,0.5750171271979904,1.0584931704877516,1.0,3.8612829954452814,0.0,0.9981493435496875
411,261,2392,1.0,2392,8700,92.86781496182084,0.7571428571428571,0.14468369155656546,25.30684680119157,67.56096816062927,0.002159458082933813,0.366765895669443,1.0083726591138698,67.0,69.0,67.0,0.0,0.7571428571428571,1.0,92.86781496182084,0.6828515806016239,0.6828515806016239,792.452392578125,-0.004550986923277378,0.028876284137368202,1910,0.3308900523560209,1.484993371797462,0.2926701570680628,2.607111992457139,0.7219895287958115,2.0776064389369
52,34,2365,1.0,2365,8662,127.44051542878151,1.0,2.4480001878691837,85.29479587078094,42.145719558000565,0.03600000276278211,1.2184970838682991,0.638571508454554,68.0,70.0,66.0,0.0,1.0,1.0,127.44051542878151,0.9370626134469229,0.9370626134469229,653.7276611328125,0.009261982515454292,0.03123229555785656,3210,0.7838006230529595,1.1120654688775091,0.7866043613707165,3.286721223757557,0.0,1.0950434330049774
471,296,2354,1.0,2354,6506,176.311563372612,1.0,3.3370824574958533,91.61771500110626,84.69384837150574,0.04980720085814706,1.3277929710305256,1.2640872891269512,67.0,69.0,67.0,0.0,1.0,1.0,176.311563372612,1.2964085542103823,1.2964085542103823,593.4149780273438,-0.008369087241590023,0.03415221720933914,214,0.0,0.9163272138437442,0.0,0.9844692200957086,1.0,1.7056063158406916
21,2,2353,0.9205790297339593,2556,5183,189.9949609041214,1.0,8.523463282734156,95.66175401210785,94.33320689201355,0.1253450482755023,1.366596485887255,1.429291013515357,68.0,70.0,66.0,0.18840579710144928,1.0,1.0,189.9949609041214,1.3970217713538338,1.3970217713538338,991.0626831054688,0.007601610850542784,0.029037976637482643,2452,0.43148450244698205,1.2230677471943077,0.0,1.203919440709169,0.615415986949429,2.0205715374078896
102,60,2349,0.8921382453475123,2633,7337,0.00220119790174067,0.0,0.7361688660239452,0.00220119790174067,0.0,0.010987595015282764,3.1445684310581e-05,0.0,67.0,70.0,67.0,0.0,0.0,0.0,0.00220119790174067,1.6067137968910003e-05,1.6067137968910003e-05,1444.02685546875,-0.00368001451715827,0.0218728668987751,2028,0.6691321499013807,1.0622037681634031,0.953155818540434,3.9255760398331287,0.0,1.1192491895559247
481,311,2338,0.7955086764205512,2939,3785,0.0,0.0,0.30497496761381626,0.0,0.0,0.004551865188265915,0.0,0.0,67.0,69.0,67.0,0.0,0.0,0.0,0.0,0.0,0.0,703.9384155273438,-0.006642849184572697,0.023392461240291595,0,0.0,,0.0,,0.0,
451,295,2317,0.9602154993783671,2413,4020,19.360407709842548,0.42857142857142855,0.10926915053278208,18.796136775054038,0.5642709347885102,0.0016308828437728668,0.2724077793486092,0.008421954250574779,67.0,69.0,67.0,0.0,0.42857142857142855,0.0,19.360407709842548,0.1423559390429599,0.1423559390429599,896.3850708007812,0.013928134925663471,0.036720458418130875,1419,0.4679351656095842,1.4016482196736826,0.5637773079633545,1.5371956734703511,0.0,1.0827083598741178
250,150,2310,0.9995672868887927,2311,6241,268.32331228256226,1.0,2.3430499273817986,129.3673746585846,138.95593762397766,0.03497089443853431,1.8481053522654942,2.0739692182683234,67.0,70.0,67.0,0.0,1.0,1.0,268.32331228256226,1.9585643232303813,1.9585643232303813,737.6575927734375,0.0009853602387011051,0.033177439123392105,1545,0.015533980582524271,1.2161444326178952,0.0,0.9671339949781308,0.9844660194174757,2.2582386400641337
468,302,2310,0.7487844408427877,3085,4098,31.11334329843521,0.2714285714285714,0.039181255735456944,17.503302581608295,13.610040716826916,0.0005847948617232379,0.2536710519073666,0.20313493607204353,67.0,69.0,67.0,0.0,0.2714285714285714,0.29411764705882354,31.11334329843521,0.2287745830767295,0.2287745830767295,1176.47802734375,0.00882682017982006,0.044646840542554855,1012,0.9011857707509882,1.6274297205561028,0.34189723320158105,1.3042906998573918,0.0,1.163741806014563
535,342,2305,0.9982676483326115,2309,6039,169.29161578416824,0.08571428571428572,2.2327932672342286,73.48748117685318,95.80413460731506,0.033325272645286994,1.0650359590848286,1.4299124568255979,67.0,69.0,67.0,0.0,0.08571428571428572,1.0,169.29161578416824,1.2447912925306488,1.2447912925306488,813.0741577148438,-0.07353730499744415,0.27447399497032166,9,1.0,1.2657163152610365,0.0,1.1916338370060253,0.0,1.499866270384934
206,128,2298,0.8417582417582418,2730,5472,206.10260939598083,1.0,1.7194803501479328,104.9205607175827,101.18204867839813,0.025663885823103475,1.4988651531083244,1.5101798310208676,67.0,70.0,67.0,0.0,1.0,1.0,206.10260939598083,1.5043986087297871,1.5043986087297871,802.188232421875,-0.0007042037905193865,0.04321233555674553,30,0.0,1.4436476724151477,1.0,1.415653582892852,0.0,2.581468112572416
445,288,2275,0.8630500758725341,2636,5101,115.31294000148773,1.0,0.045958347618579865,61.4677859544754,53.84515404701233,0.0006859454868444756,0.8908374776010928,0.8036590156270497,67.0,69.0,67.0,0.0,1.0,1.0,115.31294000148773,0.8478892647168216,0.8478892647168216,1049.93408203125,-0.012717125937342644,0.02687118761241436,2814,1.0,2.001461340313757,0.0,0.9450538099540116,0.0,1.201572354202831
234,147,2246,0.7549579831932773,2975,4015,81.14366832375526,1.0,0.3408680830616504,46.683771938085556,34.45989638566971,0.005087583329278364,0.6669110276869366,0.5143268117264136,67.0,70.0,67.0,0.0,1.0,1.0,81.14366832375526,0.5922895498084326,0.5922895498084326,873.359130859375,-0.0021613924764096737,0.030093055218458176,2876,0.0,1.1479827018212907,0.6175243393602226,3.2660631420182606,0.456884561891516,2.1052097466997615
279,177,2228,0.9880266075388027,2255,4730,132.87632036209106,1.0,0.1520246050786227,55.62696027755737,77.24936008453369,0.002269023956397354,0.7946708611079625,1.1529755236497565,67.0,70.0,67.0,0.0,1.0,1.0,132.87632036209106,0.9699001486284019,0.9699001486284019,1326.3619384765625,-0.0022069523110985756,0.021052120253443718,382,1.0,1.4984434577452344,0.0,1.2153171746480407,0.0,1.0358317310558676
48,30,2216,0.992831541218638,2232,5129,201.60027781128883,0.9859154929577465,0.79463603743352,86.09956887364388,115.50070893764496,0.011685824079904705,1.2299938410520554,1.750010741479469,68.0,70.0,66.0,0.0,0.9859154929577465,1.0,201.60027781128883,1.4823549839065355,1.4823549839065355,1057.9349365234375,-0.005394528619945049,0.02681385912001133,3219,0.8577197887542715,1.641025046163326,0.0,1.0141790695141277,0.16651133892513204,1.3222331856559384
182,107,2205,1.0,2205,5414,163.04270786046982,1.0,0.343739914445905,67.36151522397995,95.68119263648987,0.005130446484267239,0.9623073603425707,1.428077502037162,67.0,70.0,67.0,0.0,1.0,1.0,163.04270786046982,1.190092758105619,1.190092758105619,959.8241577148438,-0.004727583844214678,0.02943171001970768,1853,0.6810577441985969,1.0994896305199244,0.0,1.2403555074321961,0.5321100917431193,1.6974867516874428
280,173,2191,0.9012751953928424,2431,4785,136.92900812625885,1.0,0.06006069539580494,57.80741035938263,79.12159776687622,0.000896428289489626,0.8258201479911804,1.180919369654869,67.0,70.0,67.0,0.0,1.0,1.0,136.92900812625885,0.9994818111405755,0.9994818111405755,1446.6201171875,0.0077937026508152485,0.02326163277029991,838,1.0,1.7253083123716921,0.0,0.8964164386165934,0.0,1.229785238909072
178,102,2171,0.9700625558534406,2238,7947,124.51900294423103,0.9859154929577465,0.23595233133528382,64.41700455546379,60.10199838876724,0.003521676587093788,0.9202429222209113,0.8970447520711529,67.0,70.0,67.0,0.0,0.9859154929577465,1.0,124.51900294423103,0.9088978317097156,0.9088978317097156,692.03662109375,-0.004923008847981691,0.03373830020427704,0,0.0,,0.0,,0.0,
47,25,2164,0.98140589569161,2205,3920,85.90298622846603,1.0,1.0127407944528386,58.04913365840912,27.853852570056915,0.014893246977247627,0.8292733379772731,0.4220280692432866,68.0,70.0,66.0,0.0,1.0,1.0,85.90298622846603,0.6316396046210738,0.6316396046210738,932.59130859375,-0.007075725123286247,0.03149838000535965,4247,0.0,0.9797016771174556,1.0,4.054590016888111,0.0,0.9764317201203201
378,239,2158,0.7244041624706278,2979,3705,118.52297329902649,0.9859154929577465,1.2187248636037111,60.46874678134918,58.05422651767731,0.018189923337368824,0.8638392397335597,0.8664809928011539,67.0,70.0,67.0,0.0,0.9859154929577465,1.0,118.52297329902649,0.865131191963697,0.865131191963697,1108.4169921875,-3.718097650562413e-05,0.030684664845466614,2513,0.5519299641862316,1.4958390878112149,0.42459212097095106,2.151786973128956,0.653800238758456,2.390477745730563
219,125,2139,0.8976080570709191,2383,6932,57.70185795426369,1.0,0.01325902994722128,32.87298974394798,24.828868210315704,0.00019789596936151162,0.4696141391992569,0.37058012254202544,67.0,70.0,67.0,0.0,1.0,0.8529411764705882,57.70185795426369,0.42118144492163273,0.42118144492163273,721.4782104492188,0.025999369099736214,0.04350687563419342,0,0.0,,0.0,,0.0,
263,163,2138,1.0,2138,7011,12.88197920024686,0.36619718309859156,0.01754968540626578,5.676054922121693,7.205924278125167,0.0002619356030785937,0.08108649888745276,0.10755110862873384,67.0,70.0,67.0,0.0,0.36619718309859156,0.5882352941176471,12.88197920024686,0.09402904525727636,0.09402904525727636,698.7277221679688,-0.0014773084549233317,0.016654592007398605,1748,0.0,0.9463644951825453,1.0,2.698403627938773,0.0,1.0056439584858092
328,203,2123,0.9214409722222222,2304,5431,182.81242275238037,1.0,0.5802918876870535,85.66919100284576,97.1432317495346,0.008661072950553038,1.2238455857549395,1.4498989813363374,67.0,70.0,67.0,0.0,1.0,1.0,182.81242275238037,1.33439724636774,1.33439724636774,929.9360961914062,0.006773782428354025,0.03452283889055252,797,0.9560853199498118,1.5820835681525327,0.03513174404015056,1.2067525007786157,0.00878293601003764,0.919616374178578
59,31,2122,0.9948429442100328,2133,9135,118.02346846461296,1.0,1.3776140748523176,47.90105256438255,70.12241590023041,0.020259030512534082,0.6843007509197507,1.062460846973188,68.0,70.0,66.0,0.0,1.0,1.0,118.02346846461296,0.8678196210633305,0.8678196210633305,791.5260009765625,0.007120126858353615,0.02990424446761608,818,0.8850855745721271,1.1469262852645303,0.0,1.279123695103373,0.11491442542787286,1.5675067440843942
533,335,2121,1.0,2121,8748,90.42713925242424,0.4142857142857143,1.8348131035454571,57.40399372577667,33.02314552664757,0.027385270202171002,0.8319419380547344,0.4928827690544413,67.0,69.0,67.0,0.0,0.4142857142857143,0.0,90.42713925242424,0.66490543567959,0.66490543567959,914.8199462890625,-0.041473183780908585,0.18923243880271912,1993,0.0005017561465127947,1.439850934954926,0.9056698444555946,2.2422891314001627,0.09382839939789263,1.3844804568814189
417,272,2108,0.8732394366197183,2414,4175,18.322912961244583,0.5142857142857142,0.2372886585071683,13.494644163176417,4.828268798068166,0.003541621768763706,0.1955745530895133,0.07206371340400247,67.0,69.0,67.0,0.0,0.5142857142857142,0.19117647058823528,18.322912961244583,0.13472730118562193,0.13472730118562193,2069.89599609375,0.0010265943128615618,0.030577166005969048,3920,0.475,1.473302481883595,0.0017857142857142857,1.0058243046073585,0.9795918367346939,4.646727242061043
145,78,2084,1.0,2084,13382,151.1422563791275,1.0,1.740010343492031,68.83654427528381,82.30571210384369,0.025970303634209418,0.9833792039326259,1.228443464236473,67.0,70.0,67.0,0.0,1.0,1.0,151.1422563791275,1.1032281487527555,1.1032281487527555,589.379638671875,-0.0008489387691952288,0.022005928680300713,722,0.3878116343490305,1.1391168172352133,0.0,1.115661995408739,0.6121883656509696,1.5905085510085444
298,184,2071,0.9188110026619344,2254,5136,206.49673795700073,1.0,0.48279027827084064,97.35446155071259,109.14227640628815,0.007205825048818517,1.390778022153037,1.6289892000938528,67.0,70.0,67.0,0.0,1.0,1.0,206.49673795700073,1.5072754595401514,1.5072754595401514,1123.43359375,0.012994127348065376,0.03170967102050781,3756,0.9901490947816827,1.927346490146798,0.0026624068157614484,0.9529233429655982,0.009850905218317359,1.3346646231887769
332,215,2061,0.8718274111675127,2364,6550,243.00159299373627,1.0,0.17052825971040875,108.65635991096497,134.3452330827713,0.0025451979061255035,1.5522337130137853,2.005152732578676,67.0,70.0,67.0,0.0,1.0,1.0,243.00159299373627,1.7737342554287319,1.7737342554287319,1348.173095703125,-0.006870323792099953,0.021991465240716934,3266,0.9448867115737906,1.8772346599484537,0.0,1.1039454169207088,0.05511328842620943,1.088488625723244
237,142,2057,1.0,2057,4465,263.3786952495575,1.0,3.4912614221684635,105.57862877845764,157.80006647109985,0.052108379435350204,1.5082661254065377,2.355224872702983,67.0,70.0,67.0,0.014705882352941176,1.0,1.0,263.3786952495575,1.92247222809896,1.92247222809896,802.181396484375,0.001757931080646813,0.03965336084365845,942,0.0,0.9997969661691867,0.0,1.0584033410456841,1.0,2.236057013318114
524,334,2053,0.8910590277777778,2304,4536,73.97538328170776,1.0,0.5133828423859086,37.30624479055405,36.66913849115372,0.00766243048337177,0.5406702143558557,0.5473005744948316,67.0,69.0,67.0,0.0,1.0,1.0,73.97538328170776,0.543936641777263,0.543936641777263,1134.7164306640625,-0.014910786412656307,0.0803464725613594,2005,0.8354114713216958,1.734756670949333,0.0,1.37571932956802,0.28478802992518704,1.4641718139379118
204,123,2032,0.9970559371933267,2038,14073,2.8790519775357097,0.04225352112676056,0.1409373059796053,2.354945244733244,0.5241067328024656,0.0021035418802926166,0.03364207492476063,0.00782248854929053,67.0,70.0,67.0,0.0,0.04225352112676056,0.0,2.8790519775357097,0.02101497793821686,0.02101497793821686,1517.13330078125,-0.00261144177056849,0.016043202951550484,0,0.0,,0.0,,0.0,
130,66,2031,0.9902486591906388,2051,8710,0.0046850943472236395,0.0,3.7523551685735583,0.0046850943472236395,0.0,0.05600530102348594,6.6929919246052e-05,0.0,67.0,70.0,67.0,0.17647058823529413,0.0,0.0,0.0046850943472236395,3.419776895783678e-05,3.419776895783678e-05,1636.073974609375,0.0006308248266577721,0.01774655468761921,605,1.0,1.1882161062663845,0.0,0.9865983479198559,0.0,1.2503908746783083
276,175,2005,0.9088848594741614,2206,4634,0.011547157540917397,0.0,1.5674794942115113,0.011547157540917397,0.0,0.023395216331515093,0.00016495939344167708,0.0,67.0,70.0,67.0,0.0,0.0,0.0,0.011547157540917397,8.428582146655034e-05,8.428582146655034e-05,1524.658203125,0.006172217894345522,0.019529394805431366,0,0.0,,0.0,,0.0,
347,219,1971,1.0,1971,8685,122.96184241771698,1.0,0.7893250315682963,55.6924147605896,67.26942765712738,0.011780970620422332,0.79560592515128,1.004021308315334,67.0,70.0,67.0,0.0,1.0,1.0,122.96184241771698,0.897531696479686,0.897531696479686,1222.635986328125,0.0028077082242816687,0.01797914132475853,952,0.4369747899159664,1.4011006892714168,0.375,1.3497196513837624,0.23319327731092437,1.3339635140107131
497,330,1969,0.7891783567134268,2495,3064,0.6516639956389554,0.0,2.249579656519927,0.57774863159284,0.07391536404611543,0.03357581576895414,0.008373168573809275,0.0011032143887479914,67.0,69.0,67.0,0.11764705882352941,0.0,0.0,0.6516639956389554,0.004791647026757025,0.004791647026757025,1214.773193359375,-0.0048554325476288795,0.021351389586925507,4710,0.10360934182590234,1.0388031129655069,1.0,3.9281818271358375,0.017834394904458598,1.1342116087235075
55,36,1961,0.8845286423094272,2217,5512,4.802274501038482,0.014084507042253521,0.7011948468280025,3.867489835480228,0.9347846655582543,0.010311688923941213,0.05524985479257469,0.014163404023609914,68.0,70.0,66.0,0.0,0.014084507042253521,0.0,4.802274501038482,0.03531084191940061,0.03531084191940061,1030.69482421875,0.0012246995465829968,0.030271006748080254,3323,0.33644297321697264,1.0758321563851405,0.9810412278061992,4.01653100016883,0.0,1.1158681308249134
224,129,1955,0.9494900437105391,2059,4761,160.68078130483627,1.0,0.4217239644494839,93.88248294591904,66.79829835891724,0.0062943875290967745,1.3411783277988434,0.9969895277450334,67.0,70.0,67.0,0.0,1.0,1.0,160.68078130483627,1.1728524182834765,1.1728524182834765,1229.0731201171875,0.002571177901700139,0.031928807497024536,2710,0.2,1.1358526145155183,0.0,1.4983037166588724,0.9616236162361623,3.956220768277858
395,247,1955,0.919134931828867,2127,6872,176.09074807167053,1.0,0.18741845537442714,82.99430620670319,93.09644186496735,0.002797290378722793,1.2028160319812056,1.3894991323129455,67.0,69.0,67.0,0.0,1.0,1.0,176.09074807167053,1.294784912291695,1.294784912291695,582.7811279296875,-0.004650539718568325,0.03347531333565712,1592,0.5659547738693468,1.5868051576358355,0.5238693467336684,1.537135192151851,0.03329145728643216,1.2628865132363791
87,51,1943,1.0,1943,7337,0.0,0.0,0.021346790352254175,0.0,0.0,0.00031860881122767424,0.0,0.0,67.0,70.0,67.0,0.0,0.0,0.0,0.0,0.0,0.0,1203.2967529296875,-0.009134208783507347,0.020906813442707062,2012,0.6481113320079522,1.13858964937154,0.7659045725646123,2.972280294387843,0.0,1.2184877781969297
344,214,1940,0.9892911779704232,1961,7981,148.37354040145874,1.0,0.5132576312171295,67.81931924819946,80.55422115325928,0.007660561659957157,0.9688474178314209,1.2023018082576011,67.0,70.0,67.0,0.0,1.0,1.0,148.37354040145874,1.0830185430763413,1.0830185430763413,828.5277709960938,0.0015316336648538709,0.029647307470440865,722,0.5498614958448753,1.5416454767720764,0.314404432132964,1.2395528419040212,0.13573407202216067,1.1989181813102847
143,89,1931,0.7626382306477093,2532,2918,112.95413929224014,1.0,0.008087349124252796,56.14706242084503,56.80707687139511,0.00012070670334705666,0.8021008917263576,0.8478668189760464,67.0,70.0,67.0,0.0,1.0,1.0,112.95413929224014,0.8244827685564974,0.8244827685564974,925.2083740234375,-0.004177543334662914,0.04852067306637764,1964,0.5239307535641547,1.0301438822455835,0.9592668024439919,3.8122585315021884,0.0,1.1284485331824765
88,57,1920,0.9974025974025974,1925,5511,189.07804208993912,1.0,0.8292592531361151,89.07032257318497,100.00771951675415,0.012377003778150972,1.2724331796169281,1.4926525301008082,67.0,70.0,67.0,0.0,1.0,1.0,189.07804208993912,1.3801316940871469,1.3801316940871469,1107.37109375,0.0011624636827036738,0.022897886112332344,2668,0.7871064467766117,1.741347659516503,0.5569715142428786,2.3292346425004706,0.19865067466266867,1.62291390973879
382,241,1918,0.995846313603323,1926,4965,19.49695168621838,0.7857142857142857,0.047336708063539845,18.50657661817968,0.990375068038702,0.0007065180307991021,0.26821125533593737,0.014781717433413463,67.0,69.0,67.0,0.0,0.7857142857142857,0.0,19.49695168621838,0.1433599388692528,0.1433599388692528,960.1172485351562,-0.006452388595789671,0.02084306627511978,3429,0.0,1.0259161756856954,1.0,4.188088045349213,0.011665208515602217,1.004710340183809
140,85,1910,0.8793738489871087,2172,4815,143.09377920627594,1.0,4.191003089770675,71.27961522340775,71.8141639828682,0.06255228492195036,1.0182802174772536,1.0718531937741522,67.0,70.0,67.0,0.08823529411764706,1.0,1.0,143.09377920627594,1.0444801401917951,1.0444801401917951,1334.8253173828125,0.0017967189196497202,0.023743780329823494,1446,1.0,1.729326176451492,0.0,0.906612984873315,0.0,1.1763173179750377
357,229,1907,0.8517195176418044,2239,7530,45.02537366747856,1.0,0.2478473272640258,24.836055159568787,20.189318507909775,0.003699213839761579,0.3548007879938398,0.30133311205835484,67.0,70.0,67.0,0.0,1.0,1.0,45.02537366747856,0.32865236253633984,0.32865236253633984,1788.9046630859375,0.0006104680360294878,0.02044324390590191,458,1.0,1.7056297070723005,0.0,1.1471330956671086,0.0,1.1693330143255014
190,113,1904,1.0,1904,7579,232.85178434848785,1.0,2.0694494063500315,108.75726771354675,124.0945166349411,0.03088730457238853,1.553675253050668,1.8521569647006135,67.0,70.0,67.0,0.0,1.0,1.0,232.85178434848785,1.6996480609378675,1.6996480609378675,1180.794677734375,0.0001895824243547395,0.02197634056210518,1587,0.29174543163201005,1.1537929082564693,0.0,1.2466672071457228,0.8928796471329553,2.676561797522625
437,276,1901,1.0,1901,12010,173.67072415351868,1.0,1.2582561426679604,68.48853933811188,105.1821848154068,0.018779942427880007,0.9925875266393026,1.5698833554538327,67.0,69.0,67.0,0.0,1.0,1.0,173.67072415351868,1.2769906187758726,1.2769906187758726,718.4053344726562,0.0024073002859950066,0.030035557225346565,657,0.2678843226788432,1.2163619664092036,0.0,1.0628237170085428,0.7488584474885844,1.7528774682242168
372,233,1898,1.0,1898,9551,241.1822316646576,0.9859154929577465,0.22066121219540946,109.54158985614777,131.64064180850983,0.0032934509282896937,1.5648798550878251,1.964785698634475,67.0,70.0,67.0,0.0,0.9859154929577465,1.0,241.1822316646576,1.7604542457274277,1.7604542457274277,657.0512084960938,-0.0041431644931435585,0.022871211171150208,3080,0.8980519480519481,1.7547899463065437,0.18993506493506493,1.4688812247509957,0.5357142857142857,2.0189650029848814
233,136,1889,1.0,1889,7733,103.44623285531998,1.0,4.326766796410084,45.62902271747589,57.817210137844086,0.06457860890164305,0.651843181678227,0.8629434348931954,67.0,70.0,67.0,0.029411764705882353,1.0,1.0,103.44623285531998,0.7550819916446714,0.7550819916446714,1129.22314453125,0.005108868237584829,0.024921167641878128,0,0.0,,0.0,,0.0,
259,157,1884,0.9952456418383518,1893,8478,161.37225419282913,1.0,0.7502925010048784,68.38336509466171,92.98888909816742,0.011198395537386245,0.9769052156380245,1.387893867136827,67.0,70.0,67.0,0.0,1.0,1.0,161.37225419282913,1.1778996656410885,1.1778996656410885,857.5851440429688,0.0010699734557420015,0.017682304605841637,0,0.0,,0.0,,0.0,
387,248,1884,0.8274044795783926,2277,5219,118.45785349607468,1.0,3.480340907583013,75.61671358346939,42.841139912605286,0.05194538668034348,1.095894399760426,0.6394199986956013,67.0,69.0,67.0,0.0,1.0,1.0,118.45785349607468,0.8710136286476079,0.8710136286476079,762.9856567382812,0.007278734818100929,0.03847629576921463,4362,0.0016047684548372307,1.214160095458562,1.0,6.523248721894757,0.0,1.0783628602127016
312,200,1876,1.0,1876,5650,244.85033416748047,1.0,5.542788045480847,108.35389542579651,136.49643874168396,0.08272817978329623,1.547912791797093,2.037260279726626,67.0,70.0,67.0,0.07352941176470588,1.0,1.0,244.85033416748047,1.7872287165509524,1.7872287165509524,998.5975341796875,0.009170773439109325,0.02493486925959587,1424,0.8286516853932584,1.093881537465407,0.0,0.926810563117673,0.648876404494382,1.8516314371916736
506,327,1851,0.9887820512820513,1872,4600,209.96388161182404,1.0,0.000896352285053581,92.74833238124847,117.21554923057556,1.3378392314232552e-05,1.3441787301630215,1.7494858094115755,67.0,69.0,67.0,0.0,1.0,1.0,209.96388161182404,1.5438520706751768,1.5438520706751768,1310.650634765625,0.0021764656994491816,0.021621549502015114,1291,0.8412083656080558,1.701862832884814,0.0,1.0249215501551923,0.4415182029434547,1.532935823369333
407,259,1830,1.0,1830,10330,81.46164011955261,1.0,4.268176407931605,44.37441223859787,37.08722788095474,0.0637041254915165,0.6431074237477952,0.5535407146411155,67.0,69.0,67.0,0.23529411764705882,1.0,1.0,81.46164011955261,0.5989826479378868,0.5989826479378868,914.5307006835938,-0.0013939742930233479,0.023177625611424446,2118,0.7474032105760151,1.574622702038456,0.617091595845137,1.6432745904198387,0.4183191690273843,1.5135893603344046
302,189,1829,0.8351598173515982,2190,4698,92.67903074622154,1.0,0.03585589490830898,44.5575188100338,48.121511936187744,0.0005351626105717759,0.6365359830004829,0.718231521435638,67.0,70.0,67.0,0.0,1.0,1.0,92.67903074622154,0.6764892755198653,0.6764892755198653,676.2298583984375,0.0063066803850233555,0.03676628693938255,2323,0.2014636246233319,1.237643497131103,0.9733103745157125,2.8161130504716785,0.0,1.0406959383828065
430,279,1828,1.0,1828,3606,211.0539368391037,1.0,0.353587236138992,102.3336831331253,108.7202537059784,0.005277421434910328,1.483096857001816,1.622690353820573,67.0,69.0,67.0,0.0,1.0,1.0,211.0539368391037,1.5518671826404684,1.5518671826404684,858.2689819335938,-0.0007986850687302649,0.02371859736740589,0,0.0,,0.0,,0.0,
494,325,1824,0.7028901734104046,2595,2624,232.04892218112946,1.0,1.5800419447859895,111.70452785491943,120.34439432621002,0.02358271559382074,1.6189062007959338,1.7961849899434332,67.0,69.0,67.0,0.0,1.0,1.0,232.04892218112946,1.706242074861246,1.706242074861246,874.4234008789062,0.0140145318582654,0.04547266289591789,2485,0.4309859154929577,1.457434791850719,0.06317907444668008,1.0718610172474214,0.6273641851106639,2.1471862430920696
317,206,1820,0.8817829457364341,2064,2298,0.0,0.0,0.47949478356167674,0.0,0.0,0.007156638560622041,0.0,0.0,67.0,70.0,67.0,0.0,0.0,0.0,0.0,0.0,0.0,1644.9730224609375,0.0029804883524775505,0.01924498751759529,2606,0.0,1.1604690416917673,1.0,3.7041129695676713,0.0,1.0167573062248947
314,201,1816,0.8509840674789129,2134,8683,136.36977517604828,1.0,0.106510711601004,97.14549213647842,39.224283039569855,0.0015897121134478209,1.3877927448068346,0.5854370602920874,67.0,70.0,67.0,0.0,1.0,1.0,136.36977517604828,0.9953998188032721,0.9953998188032721,659.5305786132812,0.00039604256744496524,0.0187086071819067,38,1.0,1.1414310756428496,0.0,0.9047213154165704,0.0,1.1485239658185613
60,42,1798,0.9579115610015982,1877,3105,86.0855156481266,1.0,0.005166222807019949,51.4180309176445,34.6674847304821,7.59738648091169e-05,0.7345432988234929,0.5252649201588198,68.0,70.0,66.0,0.0,1.0,1.0,86.0855156481266,0.6329817327068132,0.6329817327068132,1186.578125,0.009351976215839386,0.04224389046430588,2227,0.0,1.1760124225098807,1.0,2.557997724304349,0.0,1.0977670736351959
53,33,1796,1.0,1796,6396,90.44134491682053,1.0,1.090361234266311,50.25679451227188,40.184550404548645,0.0160347240333281,0.7179542073181697,0.6088568243113431,68.0,70.0,66.0,0.0,1.0,1.0,90.44134491682053,0.6650098890942686,0.6650098890942686,918.7975463867188,0.0026921993121504784,0.026185551658272743,2267,0.9739744155271284,1.1043864735845086,0.2818703131892369,1.5066361634681622,0.021614468460520512,1.3928768371204956
89,53,1784,0.9439153439153439,1890,7693,126.53233668208122,1.0,1.065641716006212,68.12217113375664,58.410165548324585,0.015905100238898684,0.9731738733393805,0.8717935156466355,67.0,70.0,67.0,0.0,1.0,1.0,126.53233668208122,0.923593698409352,0.923593698409352,680.7781372070312,-0.005119113251566887,0.027988066896796227,2060,0.0,1.186499596756349,0.970873786407767,2.6105631467802177,0.04223300970873786,1.3397984612421052
470,304,1776,0.9983136593591906,1779,3071,109.8671162724495,1.0,2.795024026010651,60.439066767692566,49.42804950475693,0.04171677650762166,0.8759285038796024,0.7377320821605512,67.0,69.0,67.0,0.014705882352941176,1.0,1.0,109.8671162724495,0.8078464431797757,0.8078464431797757,741.57861328125,-0.0036902306601405144,0.03791167214512825,1565,0.41214057507987223,1.3369239386117873,0.6261980830670927,2.7615796499181884,0.016613418530351438,1.301746038748588
24,16,1775,0.7582229816317813,2341,2208,0.26603376027196646,0.0,1.678985187667422,0.26603376027196646,0.0,0.02469095864216797,0.003800482289599521,0.0,68.0,70.0,66.0,0.0,0.0,0.0,0.26603376027196646,0.0019561305902350474,0.0019561305902350474,1301.9197998046875,0.004899000283330679,0.05148564279079437,4236,0.45656279508970726,1.0960070453664645,0.9598677998111426,3.0679238722121576,0.0,1.1478534466215398
478,312,1773,0.8573500967117988,2068,2080,146.5012139081955,1.0,0.4688205202910467,70.19873058795929,76.3024833202362,0.006997321198373831,1.0173729070718738,1.138843034630391,67.0,69.0,67.0,0.0,1.0,1.0,146.5012139081955,1.0772148081484962,1.0772148081484962,909.6052856445312,0.008067179471254349,0.04746618494391441,1670,0.16167664670658682,1.307496252025632,0.8431137724550898,3.9132957159814747,0.005389221556886228,1.1529711032619812
446,289,1769,0.9104477611940298,1943,6510,0.1696136622922495,0.0,0.772132980171591,0.10607189976144582,0.06354176253080368,0.011524372838381956,0.0015372739095861714,0.0009483845153851296,67.0,69.0,67.0,0.0,0.0,0.0,0.1696136622922495,0.001247159281560658,0.001247159281560658,834.2344360351562,-0.0026990307960659266,0.02302161604166031,1314,0.2724505327245053,1.1484645611427262,0.7831050228310502,3.3392477799575353,0.0776255707762557,1.264088690554382
168,96,1756,1.0,1756,11630,4.2781719471968245,0.3380281690140845,3.5597199611365795,3.51531788991997,0.7628540572768543,0.053130148673680294,0.050218826998856714,0.011385881451893348,67.0,70.0,67.0,0.2647058823529412,0.3380281690140845,0.029411764705882353,4.2781719471968245,0.03122753246129069,0.03122753246129069,2189.76171875,-0.0036728510167449713,0.014859355986118317,1571,0.6199872692552514,1.0518692775844578,0.5900700190961171,2.113944679917546,0.0,1.086307774991451
268,161,1753,0.9270227392913802,1891,6491,250.62207341194153,1.0,2.6055601997454687,111.09227800369263,139.5297954082489,0.03888895820515625,1.5870325429098946,2.0825342598246106,67.0,70.0,67.0,0.014705882352941176,1.0,1.0,250.62207341194153,1.8293582000871644,1.8293582000871644,826.7353515625,-0.0013138488866388798,0.02319619432091713,1424,0.0,1.4506247955099456,1.0,4.145665745804097,0.0,1.1888361619357855
205,126,1751,1.0,1751,4415,154.67431581020355,1.0,0.8732606960111298,80.40936267375946,74.26495313644409,0.0130337417315094,1.1487051810537066,1.1084321363648373,67.0,70.0,67.0,0.0,1.0,1.0,154.67431581020355,1.1290096044540405,1.1290096044540405,844.5979614257812,0.001053061569109559,0.031229916960000992,1016,0.5383858267716536,1.411413185732586,0.0,1.29416958031055,0.46161417322834647,1.715306271848546
486,307,1746,1.0,1746,8233,0.060143730603158474,0.0,0.43153739999979734,0.060143730603158474,0.0,0.006440856716414886,0.0008716482696109924,0.0,67.0,69.0,67.0,0.0,0.0,0.0,0.060143730603158474,0.0004422333132585182,0.0004422333132585182,1066.433349609375,0.0021179814357310534,0.0235954187810421,1411,0.0,1.0509148400160622,1.0,2.2394035970462234,0.0,1.1593607023555803
320,204,1738,0.9591611479028698,1812,3981,31.209023495495785,0.6619718309859155,0.2353344412986189,23.681210789829493,7.5278127056662925,0.0035124543477405806,0.33830301128327844,0.11235541351740735,67.0,70.0,67.0,0.0,0.6619718309859155,0.38235294117647056,31.209023495495785,0.22780309120799844,0.22780309120799844,1260.505859375,0.0029885461553931236,0.03208626061677933,2744,0.03644314868804665,1.2608255016160845,0.994533527696793,2.7831066557952155,0.0,1.1333530088279036
321,207,1730,1.0,1730,5107,178.70387935638428,1.0,0.02743792142427992,92.82027184963226,85.88360750675201,0.00040952121528776,1.3260038835661752,1.2818448881604778,67.0,70.0,67.0,0.0,1.0,1.0,178.70387935638428,1.3044078785137538,1.3044078785137538,1121.8372802734375,0.003970630932599306,0.028685715049505234,1796,0.3825167037861915,1.4143586410986444,0.4838530066815145,1.419673685846446,0.6553452115812918,1.999959101792685
454,294,1710,0.9844559585492227,1737,3387,58.53219434991479,0.8714285714285714,0.12676360266050324,24.474020216614008,34.05817413330078,0.0018919940695597498,0.354695945168319,0.5083309572134445,67.0,69.0,67.0,0.0,0.8714285714285714,1.0,58.53219434991479,0.4303837819846676,0.4303837819846676,1380.7371826171875,0.0041739908047020435,0.02491060644388199,891,0.8653198653198653,1.6115457032155374,0.0,0.9466502982003856,0.13468013468013468,1.2891573429833687
517,328,1694,0.753223654957759,2249,2729,245.95106661319733,1.0,0.2012967536575161,111.93088102340698,134.02018558979034,0.0030044291590674045,1.6221866814986519,2.0003012774595574,67.0,69.0,67.0,0.0,1.0,1.0,245.95106661319733,1.8084637250970392,1.8084637250970392,1329.2125244140625,-0.002924493281170726,0.0293502788990736,143,0.0,0.9795208076339974,0.5034965034965035,1.3303729124544876,0.5454545454545454,1.6169856511291612
139,83,1683,0.9161676646706587,1837,3247,68.74143904447556,1.0,1.2476435103453696,36.75501295924187,31.98642608523369,0.018621544930527905,0.5250716137034552,0.4774093445557267,67.0,70.0,67.0,0.0,1.0,1.0,68.74143904447556,0.5017623287917924,0.5017623287917924,1103.5697021484375,-0.002687946893274784,0.02344503253698349,1204,0.0,0.9926221628089559,0.0,1.245452967738408,1.0,2.350211463248625
322,208,1681,0.8580908626850434,1959,3127,297.8817027807236,1.0,4.941385934129357,146.32012379169464,151.56157898902893,0.07375202886760235,2.090287482738495,2.262113119239238,67.0,70.0,67.0,0.0,1.0,1.0,297.8817027807236,2.174318998399442,2.174318998399442,1175.285888671875,0.008296053856611252,0.030737651512026787,2981,0.8403220395840322,1.723950319610443,0.0,1.0437902569226312,0.42066420664206644,1.7748254562101433
483,310,1680,1.0,1680,5020,173.90925979614258,1.0,0.002939835889264941,72.2669517993927,101.64230799674988,4.387814760096927e-05,1.0473471275274304,1.517049373085819,67.0,69.0,67.0,0.0,1.0,1.0,173.90925979614258,1.2787445573245777,1.2787445573245777,812.5810546875,3.793205178226344e-05,0.033680591732263565,841,1.0,1.657115962198442,0.0,0.9231757361672717,0.0,1.02808728192516
220,134,1665,0.8242574257425742,2020,5868,137.08809208869934,1.0,0.8704081027535722,67.07444906234741,70.01364302635193,0.012991165712739883,0.9582064151763916,1.044979746661969,67.0,70.0,67.0,0.0,1.0,1.0,137.08809208869934,1.0006430079467106,1.0006430079467106,934.0107421875,-0.004545286763459444,0.03356563672423363,1702,0.5669800235017627,1.2027670850138688,0.3983548766157462,1.4553293325701995,0.2444183313748531,1.4088995724882007
343,221,1665,0.8031837916063675,2073,2781,166.6803447008133,1.0,1.2158022163202986,80.06835234165192,86.61199235916138,0.01814630173612386,1.1438336048807416,1.2927163038680802,67.0,70.0,67.0,0.0,1.0,1.0,166.6803447008133,1.216644851830754,1.216644851830754,1369.9381103515625,-0.0026356589514762163,0.03259187564253807,1848,0.5854978354978355,1.5314318515370051,0.0,1.183722187574478,0.803030303030303,2.774367622559847
405,263,1663,0.9987987987987988,1665,8073,122.8738802075386,1.0,0.0,52.0436435341835,70.8302366733551,0.0,0.7542557033939638,1.0571677115426135,67.0,69.0,67.0,0.0,1.0,1.0,122.8738802075386,0.903484413290725,0.903484413290725,922.4677124023438,0.007118187379091978,0.022352254018187523,1764,0.8582766439909297,1.7007060280102655,0.25056689342403626,1.1730384101926548,0.04195011337868481,1.4288953814314016
489,316,1649,0.8111165764879489,2033,2034,131.63263487815857,1.0,0.6321554468013346,65.75068324804306,65.88195163011551,0.009435155922407979,0.9529084528701893,0.9833127108972464,67.0,69.0,67.0,0.0,1.0,1.0,131.63263487815857,0.9678870211629307,0.9678870211629307,1367.43212890625,0.007371344603598118,0.05144478380680084,3298,0.0,1.0788732315944538,1.0,3.7852017130088056,0.0,1.0413817635265008
29,14,1629,1.0,1629,7172,259.47485822439194,1.0,0.7885194715927355,112.71158522367477,146.76327300071716,0.01159587458224611,1.610165503195354,2.223685954556321,68.0,70.0,66.0,0.0,1.0,1.0,259.47485822439194,1.9079033692969996,1.9079033692969996,563.0542602539062,0.008777300827205181,0.025981295853853226,0,0.0,,0.0,,0.0,
229,131,1627,1.0,1627,3794,120.30568939447403,1.0,1.8270219761470798,62.82799589633942,57.47769349813461,0.02726898471861313,0.8975427985191345,0.8578760223602181,67.0,70.0,67.0,0.0,1.0,1.0,120.30568939447403,0.8781437182078397,0.8781437182078397,1305.8101806640625,0.0037253196351230145,0.05013144388794899,1009,0.6848364717542121,1.0921954474813982,0.6194251734390486,1.4386160179092535,0.0,1.1092234351402703
141,84,1624,1.0,1624,3067,65.96060909330845,1.0,0.8896847607102245,29.897254273295403,36.063354820013046,0.01327887702552574,0.4271036324756486,0.5382590271643738,67.0,70.0,67.0,0.0,1.0,1.0,65.96060909330845,0.4814642999511566,0.4814642999511566,2293.555908203125,-0.007648652419447899,0.029946984723210335,988,0.8076923076923077,1.6011072700728368,0.20040485829959515,1.2499773110896808,0.05566801619433198,1.1676437311714924
469,298,1617,0.7098331870061457,2278,6777,215.60758662223816,1.0,0.194502281723544,96.51824629306793,119.08934032917023,0.002903019130202149,1.3988151636676511,1.7774528407338839,67.0,69.0,67.0,0.0,1.0,1.0,215.60758662223816,1.5853499016341042,1.5853499016341042,655.8555297851562,-0.004702395759522915,0.04129942134022713,274,0.0,0.9433320439216766,0.0,1.0008961032811814,1.0,1.8168758757398844
473,301,1613,0.9793564055859137,1647,3414,180.61295664310455,1.0,0.2708517825230956,91.87703090906143,88.73592573404312,0.004042563918255158,1.3315511725950933,1.3244168020006437,67.0,69.0,67.0,0.0,1.0,1.0,180.61295664310455,1.3280364459051806,1.3280364459051806,807.8119506835938,-0.0004022611537948251,0.024293294176459312,721,0.7350901525658807,1.4562126293932194,0.0,1.1496037088224755,0.26490984743411927,1.2589037861134973
122,71,1612,0.7380952380952381,2184,7332,3.9535791929229163,0.28169014084507044,4.294694413430989,3.409756983630359,0.5438222092925571,0.06409991661837297,0.048710814051862276,0.008116749392426225,67.0,70.0,67.0,0.6323529411764706,0.28169014084507044,0.029411764705882353,3.9535791929229163,0.028858242284108878,0.028858242284108878,2335.790283203125,0.001685652881860733,0.01028706505894661,2835,0.0,0.9791406367376262,1.0,4.213276098489817,0.0,1.1085029105526991
61,41,1611,0.8689320388349514,1854,2673,12.014239130425267,0.23943661971830985,0.43342118308646604,7.2374872718937695,4.776751858531497,0.006373840927742147,0.10339267531276813,0.07237502815956814,68.0,70.0,66.0,0.0,0.23943661971830985,0.1044776119402985,12.014239130425267,0.08833999360606815,0.08833999360606815,1578.2835693359375,0.002857320476323366,0.028082700446248055,2947,0.0,1.1030677442848154,1.0,4.445776981475305,0.0,1.1021180003874487
133,80,1586,1.0,1586,2903,273.26809895038605,1.0,0.48829166777431965,126.04822313785553,147.21987581253052,0.007287935339915219,1.8006889019693648,2.1973115792915,67.0,70.0,67.0,0.0,1.0,1.0,273.26809895038605,1.994657656572161,1.994657656572161,1184.9334716796875,-0.0009619249613024294,0.04376326501369476,0,0.0,,0.0,,0.0,
484,309,1578,1.0,1578,4424,0.0,0.0,0.06279805605299771,0.0,0.0,0.0009372844187014583,0.0,0.0,67.0,69.0,67.0,0.0,0.0,0.0,0.0,0.0,0.0,1197.786865234375,-0.006756031885743141,0.034104008227586746,1592,0.24120603015075376,1.0613016431420388,0.9616834170854272,2.4282428983572992,0.03391959798994975,1.0189837241206414
239,151,1565,0.9660493827160493,1620,5260,138.44784009456635,1.0,0.7545735028397758,71.92279833555222,66.52504175901413,0.011262291087160833,1.027468547650746,0.9929110710300616,67.0,70.0,67.0,0.0,1.0,1.0,138.44784009456635,1.010568175872747,1.010568175872747,734.6195678710938,0.004079918377101421,0.035443779081106186,1537,0.02081977878985036,1.0237131220014253,0.863370201691607,1.985424524612334,0.14899154196486664,1.4200495068326762
22,6,1551,1.0,1551,5915,69.87751585245132,1.0,2.5657752943225205,35.945945024490356,33.93157082796097,0.03773198962239001,0.5135135003498622,0.5141147095145602,68.0,70.0,66.0,0.0,1.0,1.0,69.87751585245132,0.5138052636209656,0.5138052636209656,1004.201171875,0.006576343439519405,0.027709148824214935,1121,0.7002676181980375,1.223856471385941,0.471900089206066,2.59407685719254,0.012488849241748439,1.1367108061016262
288,185,1551,0.7237517498833411,2143,2089,3.796140171587467,0.1267605633802817,1.5520203882479109,3.796140171587467,0.0,0.023164483406685237,0.05423057387982096,0.0,67.0,70.0,67.0,0.0,0.1267605633802817,0.0,3.796140171587467,0.027709052347353776,0.027709052347353776,1789.1981201171875,0.004551511257886887,0.03168308362364769,2397,0.0,1.0593547650614699,1.0,3.2497896105946094,0.0,1.0564619740080219
70,45,1544,1.0,1544,7355,37.82982270303182,1.0,0.12718326062895358,32.08013051748276,5.7496921855490655,0.0018703420680728467,0.45828757882118226,0.08581630127685172,68.0,70.0,67.0,0.0,1.0,0.4117647058823529,37.82982270303182,0.27613009272286004,0.27613009272286004,632.6670532226562,-0.0021769164595752954,0.0182501170784235,1525,0.8518032786885246,1.1185068519931467,0.8072131147540984,2.6675129045935315,0.0,1.1278278805093496
338,223,1541,0.7366156787762906,2092,11614,51.05089630186558,1.0,0.15358159877359867,31.282665878534317,19.76823042333126,0.0022922626682626668,0.44689522683620453,0.2950482152736009,67.0,70.0,67.0,0.0,1.0,1.0,51.05089630186558,0.37263427957566114,0.37263427957566114,879.327880859375,-0.0011829315917566419,0.017016230151057243,3091,0.253963118731802,1.3044256776449057,0.8592688450339696,3.276423224719154,0.0,0.9313297890350369
16,3,1533,0.9814340588988476,1562,4124,0.6766185367014259,0.0,0.9550494839204475,0.6285453157033771,0.04807322099804878,0.014044845351771288,0.008979218795762531,0.0007283821363340725,68.0,70.0,66.0,0.0,0.0,0.0,0.6766185367014259,0.00497513629927519,0.00497513629927519,1455.286865234375,0.0017366188112646341,0.02921895496547222,2681,0.08466989929130922,0.9514621193843396,0.9153301007086908,2.2925039553803086,0.0,1.018054991259404
74,50,1527,0.8735697940503433,1748,2229,94.999784886837,1.0,0.7999040856666397,56.455885112285614,38.54389977455139,0.011763295377450585,0.8065126444612231,0.5752820861873342,68.0,70.0,67.0,0.0,1.0,0.9852941176470589,94.999784886837,0.6934290867652336,0.6934290867652336,937.5078735351562,-0.004577591549605131,0.03313077986240387,3015,0.23880597014925373,1.290083512088872,0.820563847429519,3.955497677307323,0.6235489220563848,2.147094452018933
159,98,1525,0.9045077105575327,1686,2245,168.48723661899567,1.0,1.792817470850423,95.58012700080872,72.90710961818695,0.02675846971418542,1.3654303857258387,1.08816581519682,67.0,70.0,67.0,0.0,1.0,1.0,168.48723661899567,1.2298338439342749,1.2298338439342749,704.5652465820312,-0.0003888403589371592,0.043491896241903305,3168,0.23390151515151514,1.0444355520513977,1.0,3.9479734313130246,0.0,1.1539653354574895
45,23,1521,1.0,1521,7096,0.2661787122488022,0.0,1.2192857790505514,0.2542425859719515,0.0119361262768507,0.017930673221331638,0.0036320369424564496,0.0001808503981341015,68.0,70.0,66.0,0.0,0.0,0.0,0.2661787122488022,0.001957196413594134,0.001957196413594134,670.2904663085938,-0.00025311956414952874,0.026532506570219994,2385,0.0,0.9610592384740473,1.0,4.089015438734576,0.0,1.1279784211681867
464,297,1520,0.8735632183908046,1740,3983,220.5158839225769,1.0,0.18771231500431895,120.3559501171112,100.1599338054657,0.002801676343348044,1.7442891321320464,1.4949243851562044,67.0,69.0,67.0,0.0,1.0,1.0,220.5158839225769,1.6214403229601242,1.6214403229601242,514.1199951171875,-0.013516451232135296,0.05050070956349373,113,0.3805309734513274,1.4329122040525377,0.6194690265486725,1.460542357746323,0.0,1.0286183185295446
152,94,1519,1.0,1519,2507,2.616635351907462,0.08450704225352113,1.0036538268468576,2.614034868311137,0.0026004835963249207,0.014979907863385933,0.03734335526158767,3.8813188004849565e-05,67.0,70.0,67.0,0.0,0.08450704225352113,0.0,2.616635351907462,0.01909952811611286,0.01909952811611286,1391.2489013671875,-0.00411525322124362,0.04092014580965042,2730,0.05311355311355311,1.0120832062127405,1.0,2.865054021628184,0.0,1.1390231391131658
318,198,1510,1.0,1510,5658,135.18579083681107,1.0,0.03277235780842602,69.09675168991089,66.08903914690018,0.0004891396687824779,0.9870964527130127,0.986403569356719,67.0,70.0,67.0,0.0,1.0,1.0,135.18579083681107,0.9867575973489858,0.9867575973489858,970.8780517578125,0.00145621201954782,0.02335646189749241,1211,0.7473162675474814,1.52831809418901,0.0,1.0482260346598555,0.2526837324525186,1.2419962364001342
238,139,1499,1.0,1499,7069,118.87447798252106,1.0,1.2006231260311324,60.97949403524399,57.89498394727707,0.017919748149718393,0.8711356290749142,0.8641042380190608,67.0,70.0,67.0,0.0,1.0,1.0,118.87447798252106,0.8676969195804457,0.8676969195804457,632.8142700195312,0.010852577164769173,0.0327053964138031,1188,0.0016835016835016834,1.0384697225105117,0.9983164983164983,2.883900460776276,0.0,1.1198965489865236
267,158,1498,0.8970059880239521,1670,7237,152.0568196773529,1.0,0.09432421054225415,61.43278241157532,90.62403726577759,0.0014078240379440919,0.8776111773082188,1.3525975711310088,67.0,70.0,67.0,0.0,1.0,1.0,152.0568196773529,1.1099037932653497,1.1099037932653497,722.836669921875,-0.0031893025152385235,0.028732910752296448,703,0.8691322901849218,1.4545992143439384,0.0,1.0637169742267665,0.13086770981507823,1.1126226620378858
414,260,1485,1.0,1485,4889,266.66581988334656,1.0,1.7353597955952864,119.00531196594238,147.66050791740417,0.02590089247157144,1.7247146661730781,2.203888177871704,67.0,69.0,67.0,0.0,1.0,1.0,266.66581988334656,1.9607780873775482,1.9607780873775482,738.507080078125,-0.002015110105276108,0.033247482031583786,123,0.0,0.892100163473222,0.0,1.0216599338616554,1.0,1.806903763764288
286,181,1482,0.8512349224583573,1741,3722,195.14022082090378,0.9859154929577465,0.746206724899821,89.22348207235336,105.91673874855042,0.01113741380447494,1.274621172462191,1.5808468469932897,67.0,70.0,67.0,0.0,0.9859154929577465,1.0,195.14022082090378,1.4243811738752101,1.4243811738752101,1426.572265625,-0.0007706402102485299,0.0333816260099411,1572,0.07951653944020357,1.1213539412165805,0.02099236641221374,1.0065028860077414,0.8994910941475827,2.416749551780623
246,143,1473,1.0,1473,3509,139.58358585834503,1.0,4.393710484728217,86.53797221183777,53.04561364650726,0.06557776842877935,1.2362567458833966,0.7917255768135413,67.0,70.0,67.0,0.07352941176470588,1.0,1.0,139.58358585834503,1.0188582909368251,1.0188582909368251,2053.42822265625,-0.0053110565058887005,0.02230922132730484,610,1.0,1.5852235296443182,0.0,1.0332910828580868,0.0,1.2465332172868315
264,169,1468,1.0,1468,2953,264.3191406726837,1.0,1.1339812381193042,126.79534816741943,137.52379250526428,0.01692509310625827,1.8113621166774205,2.0525939179890194,67.0,70.0,67.0,0.0,1.0,1.0,264.3191406726837,1.929336793231268,1.929336793231268,1021.0074462890625,0.0010096915066242218,0.03260734677314758,210,1.0,1.1316800283076387,0.0,0.8299511816519962,0.0,0.9930846842267202
304,195,1468,0.8800959232613909,1668,2967,191.64675402641296,1.0,1.2324378699995577,94.65143489837646,96.9953191280365,0.018394595074620265,1.3521633556910924,1.4476913302692014,67.0,70.0,67.0,0.0,1.0,1.0,191.64675402641296,1.3988814162511896,1.3988814162511896,1333.831787109375,-0.010981306433677673,0.03230674937367439,2207,0.49116447666515634,1.511379243497394,0.6746714997734481,2.176283492398052,0.0,1.1798470451323217
170,104,1461,1.0,1461,5109,,,,,,,,,,,,,,,,,,663.88720703125,0.001537170261144638,0.024413282051682472,2207,0.2152242863615768,1.4389311604649333,0.8328047122791119,3.245909498330443,0.0,1.1047813893637006
381,237,1448,0.7157686604053386,2023,5611,125.44270864129066,0.9859154929577465,2.3036654354073107,66.49345073103905,58.94925791025162,0.034383066200109114,0.9499064390148435,0.879839670302263,67.0,70.0,67.0,0.0,0.9859154929577465,1.0,125.44270864129066,0.9156402090605158,0.9156402090605158,724.58544921875,0.006642875727266073,0.028546184301376343,0,0.0,,0.0,,0.0,
79,48,1439,0.953611663353214,1509,6173,139.69339042901993,1.0,2.235553821432404,69.02922868728638,70.66416174173355,0.032875791491653004,0.9861318383898053,1.0546889812199038,68.0,70.0,67.0,0.0,1.0,1.0,139.69339042901993,1.01965978415343,1.01965978415343,571.397216796875,-0.00220431643538177,0.03626393899321556,2341,0.3754805638615976,0.999133080991831,0.954720205040581,3.7275226406475137,0.03545493378897907,1.285014383536529
110,64,1423,0.833626244874048,1707,3836,11.98505646456033,0.18309859154929578,0.10957056854385883,10.323909763246775,1.6611467013135552,0.0016353816200575944,0.14748442518923963,0.02479323434796351,67.0,70.0,67.0,0.0,0.18309859154929578,0.0,11.98505646456033,0.08748216397489292,0.08748216397489292,1208.3873291015625,0.0007284812163561583,0.04022272303700447,1872,0.25213675213675213,1.0324300413420493,1.0,2.463820493627656,0.0,1.1773266609048576
158,97,1416,1.0,1416,3398,210.45769548416138,1.0,2.3678865237452555,107.30746746063232,103.15022802352905,0.035341589906645605,1.532963820866176,1.5395556421422247,67.0,70.0,67.0,0.0,1.0,1.0,210.45769548416138,1.5361875582785502,1.5361875582785502,1214.260986328125,-0.0015725914854556322,0.026602432131767273,1822,0.8819978046103183,1.1084479868218684,0.16465422612513722,1.1944107896026164,0.0,1.1230069923437889
527,336,1407,0.9859845830413455,1427,2909,128.86207044124603,1.0,1.7466695359908044,64.78593510389328,64.07613533735275,0.026069694567026933,0.9389265957085983,0.9563602289157127,67.0,69.0,67.0,0.0,1.0,1.0,128.86207044124603,0.9475152238326914,0.9475152238326914,873.4083862304688,-0.005637835245579481,0.062434058636426926,1135,0.0,1.5440306314243324,0.9145374449339208,1.809845447426969,0.0907488986784141,1.286349700441899
529,338,1405,0.9662998624484181,1454,3201,0.5520278093172237,0.0,2.810404990974348,0.5435389735503122,0.008488835766911507,0.041946343148870864,0.007877376428265394,0.00012669904129718667,67.0,69.0,67.0,0.0,0.0,0.0,0.5520278093172237,0.004059028009685469,0.004059028009685469,1455.8629150390625,-0.006462073884904385,0.06469610333442688,2100,0.025714285714285714,1.26910780163867,0.950952380952381,2.6390726128069577,0.05904761904761905,1.2533819199631748
262,165,1403,0.9570259208731241,1466,4885,116.037522315979,1.0,0.0,59.979272186756134,56.05825012922287,0.0,0.8568467455250877,0.8366903004361622,67.0,70.0,67.0,0.0,1.0,1.0,116.037522315979,0.8469892139852482,0.8469892139852482,1103.071044921875,-0.0017657735152170062,0.033780843019485474,347,0.345821325648415,1.1531041440355771,0.0,1.0115301722205021,0.654178674351585,1.4113263534351472
148,86,1390,0.9865152590489709,1409,4646,195.75028276443481,1.0,1.4551071072928607,93.68118989467621,102.0690928697586,0.021718016526759115,1.3383027127810887,1.5234192965635613,67.0,70.0,67.0,0.0,1.0,1.0,195.75028276443481,1.428834180762298,1.428834180762298,1069.2279052734375,0.009216658771038055,0.032965172082185745,179,0.3854748603351955,1.1636968422947676,0.0,1.0795547761216038,0.6145251396648045,1.43848374531533
511,329,1390,0.9073107049608355,1532,2549,207.3129294514656,0.9857142857142858,1.1020597603346687,100.24674969911575,107.06617975234985,0.016448653139323414,1.452851444914721,1.5980026828708933,67.0,69.0,67.0,0.0,0.9857142857142858,1.0,207.3129294514656,1.5243597753784235,1.5243597753784235,850.4990234375,0.003447286318987608,0.05265252664685249,107,0.2897196261682243,1.3435831236483253,0.0,0.8658427875566408,0.7102803738317757,1.5464352093726759
33,19,1379,1.0,1379,4186,0.021697983145713806,0.0,0.612689216475701,0.021697983145713806,0.0,0.009010135536407367,0.0003099711877959115,0.0,68.0,70.0,66.0,0.0,0.0,0.0,0.021697983145713806,0.00015954399371848386,0.00015954399371848386,1108.7152099609375,0.0022208834998309612,0.02320919930934906,1573,0.09535918626827718,0.9748082591781229,0.9046408137317228,1.970577505159308,0.0,1.108867712868792
501,324,1376,0.958217270194986,1436,3079,0.0,0.0,0.09438879089429975,0.0,0.0,0.0014087879237955185,0.0,0.0,67.0,69.0,67.0,0.0,0.0,0.0,0.0,0.0,0.0,1257.05126953125,-0.0012330312747508287,0.03178856894373894,0,0.0,,0.0,,0.0,
571,368,1374,0.9682875264270613,1419,2448,326.97950315475464,1.0,0.09265669528394938,153.3261640071869,173.65333914756775,0.0013829357505067072,2.2221183189447373,2.5918408827995187,67.0,69.0,67.0,0.0,1.0,1.0,326.97950315475464,2.40426105260849,2.40426105260849,1062.02587890625,-0.00380668300203979,0.053886476904153824,2885,0.9767764298093587,2.490496355409474,0.08249566724436742,1.0971342818397884,0.0,1.2174010727060685
466,300,1348,1.0,1348,2722,22.688043978758287,0.42857142857142855,0.6795746730640531,22.43029068177566,0.25775329698262794,0.010142905568120196,0.3250766765474733,0.003847064134069074,67.0,69.0,67.0,0.0,0.42857142857142855,0.0,22.688043978758287,0.1668238527849874,0.1668238527849874,726.9974365234375,-0.003975551109761,0.0505174919962883,2040,0.0,1.1807787352804031,1.0,3.1013542712099142,0.0,1.152456109240393
341,211,1334,1.0,1334,9468,187.13005304336548,1.0,0.8599043544090819,101.91347622871399,85.21657681465149,0.012834393349389281,1.4559068032673428,1.2718892061888283,67.0,70.0,67.0,0.0,1.0,1.0,187.13005304336548,1.3659127959369743,1.3659127959369743,1008.5202026367188,0.0016802127938717604,0.02088123746216297,654,0.26299694189602446,1.1814020418732714,0.09021406727828746,1.1849230878010641,0.7706422018348624,1.8288716379005352
260,152,1333,1.0,1333,4761,106.33647292852402,1.0,0.5833487939089537,50.15609121322632,56.1803817152977,0.008706698416551547,0.716515588760376,0.8385131599298165,67.0,70.0,67.0,0.0,1.0,1.0,106.33647292852402,0.7761786345147739,0.7761786345147739,728.5326538085938,-0.0026871731970459223,0.030112873762845993,1397,0.0,1.0118869791160552,1.0,2.1233434503145294,0.0,0.9486883465536045
441,278,1307,0.8378205128205128,1560,5804,129.706618309021,1.0,0.5632351345848292,59.261350870132446,70.44526743888855,0.008406494546042228,0.8588601575381514,1.0514219020729634,67.0,69.0,67.0,0.0,1.0,1.0,129.706618309021,0.9537251346251544,0.9537251346251544,733.9776000976562,0.0008577033877372742,0.04050159081816673,2633,1.0,2.111924517012181,0.0,0.9640262624030469,0.0,1.0849421232812106
93,54,1297,0.92181947405828,1407,6155,4.580129890993703,0.0,2.1030093502486125,3.8776689192745835,0.7024609717191197,0.031388199257441976,0.05539527027535119,0.010484492115210742,67.0,70.0,67.0,0.0,0.0,0.0,4.580129890993703,0.03343160504374966,0.03343160504374966,681.4274291992188,0.005125949624925852,0.03498184308409691,1368,0.46271929824561403,1.1463809939916323,0.8048245614035088,1.6982192375231113,0.20833333333333334,1.567971781338011
570,357,1293,0.9969159599074788,1297,5134,206.22835206985474,1.0,0.11550741596147418,90.98797976970673,115.24037230014801,0.0017239912830070772,1.3186663734740105,1.720005556718627,67.0,69.0,67.0,0.0,1.0,1.0,206.22835206985474,1.5163849416901083,1.5163849416901083,755.40185546875,0.0008631948730908334,0.027546565979719162,2215,0.9038374717832958,1.7084435704972336,0.0,1.0436392008240367,0.10744920993227991,1.3185271062193342
28,15,1291,1.0,1291,6763,149.46016019582748,1.0,5.38355294521898,78.22508651018143,71.23507368564606,0.0791698962532203,1.1175012358597347,1.0793192982673645,68.0,70.0,66.0,0.0,1.0,1.0,149.46016019582748,1.0989717661457903,1.0989717661457903,530.5153198242188,0.0030127789359539747,0.043749965727329254,1213,1.0,1.1242265563608855,0.0,1.4059416332127277,0.0,1.283592669248803
412,265,1287,1.0,1287,4859,95.93297669291496,1.0,1.9606579109095037,48.011419266462326,47.92155742645264,0.02926355090909707,0.6958176705284395,0.7152471257679498,67.0,69.0,67.0,0.0,1.0,1.0,95.93297669291496,0.7053895345067277,0.7053895345067277,667.2887573242188,0.006062570493668318,0.040046874433755875,960,0.0,1.2712680688194509,1.0,5.213159250697212,0.0,1.06748412068347
394,254,1262,0.9921383647798742,1272,3728,18.545267613371834,0.5,0.1499244497390464,15.880030678585172,2.6652369347866625,0.0022376783543141252,0.23014537215340827,0.039779655743084515,67.0,69.0,67.0,0.0,0.5,0.0,18.545267613371834,0.1363622618630282,0.1363622618630282,921.274169921875,0.0038166893646121025,0.03745044767856598,1142,0.0,1.1471048415705376,1.0,3.171550857262575,0.0,1.0472955712621455
504,322,1247,0.9075691411935953,1374,2953,81.4499642252922,1.0,0.04967448697425425,48.93715626001358,32.512807965278625,0.0007414102533470784,0.709234148695849,0.48526579052654667,67.0,69.0,67.0,0.0,1.0,1.0,81.4499642252922,0.5988967957742074,0.5988967957742074,1100.2021484375,0.014482254162430763,0.030512377619743347,1855,0.29757412398921834,1.1153171850663524,0.8479784366576819,3.0631183045225376,0.14231805929919136,1.2232724154389187
545,345,1245,0.9263392857142857,1344,4713,0.0,0.0,0.09316335944458842,0.0,0.0,0.001390497902158036,0.0,0.0,67.0,69.0,67.0,0.0,0.0,0.0,0.0,0.0,0.0,2297.974609375,-0.003107736585661769,0.019618233665823936,840,0.3726190476190476,1.56808401065303,0.02619047619047619,0.9242943299000591,0.8452380952380952,2.2743395699692517
3,4,1241,0.7679455445544554,1616,1514,240.20630753040314,0.9859154929577465,2.093228190904483,120.52131867408752,119.68498885631561,0.030782767513301224,1.721733123915536,1.8134089220653882,68.0,70.0,66.0,0.0,0.9859154929577465,1.0,240.20630753040314,1.7662228494882584,1.7662228494882584,442.86724853515625,0.0056968675926327705,0.08431057631969452,7836,0.0,1.3285431806063872,0.022077590607452784,1.1202866280903918,0.978305257784584,3.3017580393204575
20,12,1237,0.9747832939322301,1269,2166,103.88911983370781,1.0,0.5546266734600067,67.43008387088776,36.45903596282005,0.008156274609705982,0.9632869124412536,0.5524096358003039,68.0,70.0,66.0,0.0,1.0,1.0,103.88911983370781,0.7638905870125574,0.7638905870125574,1223.275634765625,-0.002558884909376502,0.04193646460771561,1690,0.23136094674556212,1.2350332632192398,0.737869822485207,1.9299133485039983,0.03076923076923077,1.189780927430256
558,359,1218,0.9728434504792333,1252,2139,1.6415270458091982,0.0,0.46136704803211614,0.9888231382356025,0.6527039075735956,0.006886075343762927,0.014330770119356559,0.009741849366770083,67.0,69.0,67.0,0.0,0.0,0.0,1.6415270458091982,0.012070051807420575,0.012070051807420575,11076.275390625,-0.003208986483514309,0.013668831437826157,2331,0.2882882882882883,1.1491220519316336,0.0,0.8769805063726571,0.9270699270699271,3.4362664829181098
521,332,1211,0.7733077905491699,1566,3545,1.5773737577692373,0.0,0.18280780475470237,1.5773737577692373,0.0,0.002728474697831379,0.022860489243032425,0.0,67.0,69.0,67.0,0.0,0.0,0.0,1.5773737577692373,0.011598336454185568,0.011598336454185568,1701.4005126953125,0.004747860133647919,0.023034021258354187,872,0.0,1.396799697881913,1.0,1.9151674050268925,0.0,1.2039844623404388
552,347,1204,0.8833455612619222,1363,4429,53.95684692263603,1.0,0.06365728320088238,31.812898814678192,22.14394810795784,0.0009501087044907818,0.4610565045605535,0.3305066881784752,67.0,69.0,67.0,0.0,1.0,1.0,53.95684692263603,0.3967415214899708,0.3967415214899708,2295.813720703125,0.0007558235083706677,0.012808025814592838,1981,0.016658253407370014,1.26357300572098,0.9934376577486118,2.6172075095286487,0.0,1.304583148923447
465,299,1192,0.7836949375410914,1521,2636,76.80295547610149,0.8285714285714286,0.0,61.45676082186401,15.346194654237479,0.0,0.8906776930704929,0.22904768140652954,67.0,69.0,67.0,0.0,0.8285714285714286,0.4852941176470588,76.80295547610149,0.5647276137948639,0.5647276137948639,1554.8023681640625,-0.004971722606569529,0.037381820380687714,811,0.842170160295931,1.0937248979199035,0.2157829839704069,1.5190423752828892,0.051787916152897656,1.2048206803858565
19,1,1182,1.0,1182,3038,85.15702491998672,1.0,1.1753044532961212,46.837113320827484,38.31991159915924,0.017283889019060607,0.669101618868964,0.5806047211993824,68.0,70.0,66.0,0.0,1.0,1.0,85.15702491998672,0.6261545949999023,0.6261545949999023,1108.7867431640625,0.008247687481343746,0.03154237940907478,601,0.3643926788685524,1.0069130668536603,0.7254575707154742,1.55819950341775,0.014975041597337771,1.145122402789169
174,105,1165,1.0,1165,3254,0.3293111725797644,0.0,1.7075610036044964,0.3136796603066614,0.015631512273103,0.025485985128425318,0.004481138004380877,0.0002333061533298955,67.0,70.0,67.0,0.0,0.0,0.0,0.3293111725797644,0.0024037311867136086,0.0024037311867136086,982.6997680664062,-0.003315041307359934,0.032160546630620956,1954,0.0,1.0012565589202895,1.0,4.037955366650795,0.0,1.1029956374986585
474,305,1163,1.0,1163,4548,14.185552159557119,0.6142857142857143,0.1617605984210968,12.880391672253609,1.3051604873035103,0.0024143372898671163,0.18667234307613925,0.01948000727318672,67.0,69.0,67.0,0.0,0.6142857142857143,0.029411764705882353,14.185552159557119,0.10430553058497882,0.10430553058497882,1202.0538330078125,-0.00999466236680746,0.02689274214208126,943,0.030752916224814422,1.191426114499925,0.9618239660657476,1.8846145630366533,0.007423117709437964,1.1740448286771499
336,216,1158,0.965,1200,2265,0.2022973622661084,0.0,1.2696351783815771,0.10585505072958767,0.09644231153652072,0.018949778781814586,0.001512215010422681,0.0014394374856197122,67.0,70.0,67.0,0.0,0.0,0.0,0.2022973622661084,0.0014766230822343678,0.0014766230822343678,2120.785400390625,-0.00534064369276166,0.020941054448485374,984,1.0,1.76027516054059,0.0,0.878313014729119,0.0,1.26069641227155
75,46,1151,0.8894899536321483,1294,3101,0.05671668844297528,0.0,1.1461333179613575,0.05671668844297528,0.0,0.016854901734725845,0.0008102384063282184,0.0,68.0,70.0,67.0,0.0,0.0,0.0,0.05671668844297528,0.0004139904265910605,0.0004139904265910605,1460.375,0.005736243445426226,0.0267714224755764,1510,0.9198675496688742,1.1204029101011466,0.6245033112582782,1.6801388861996613,0.0,1.1267169114088116
189,110,1147,1.0,1147,3066,164.28833931684494,1.0,0.7152647121693008,87.39085310697556,76.89748620986938,0.010675592718944787,1.2484407586710793,1.14772367477417,67.0,70.0,67.0,0.0,1.0,1.0,164.28833931684494,1.1991849585171164,1.1991849585171164,562.9927978515625,0.011600155383348465,0.050501905381679535,2112,0.3314393939393939,1.1264366715214806,0.9753787878787878,3.112934358206082,0.035037878787878785,1.2379216050288586
513,326,1123,1.0,1123,3288,39.36335410922766,0.7142857142857143,0.45984936330933124,26.98941843211651,12.373935677111149,0.006863423332975093,0.39115099176980445,0.1846856071210619,67.0,69.0,67.0,0.0,0.7142857142857143,0.16176470588235295,39.36335410922766,0.28943642727373275,0.28943642727373275,981.2308349609375,-0.00656411238014698,0.04445338249206543,1374,0.3791848617176128,1.2464092696559586,0.8791848617176128,2.2395874811750653,0.05604075691411936,1.2184071345320935
491,320,1114,1.0,1114,2835,0.0,0.0,0.12824781105155125,0.0,0.0,0.0019141464336052427,0.0,0.0,67.0,69.0,67.0,0.0,0.0,0.0,0.0,0.0,0.0,2779.57275390625,0.0060000792145729065,0.0327024906873703,710,0.11267605633802817,1.235549566143882,0.8915492957746479,1.816628565003499,0.0,1.2274391060402607
31,17,1100,0.995475113122172,1105,2614,6.846578930038959,0.028169014084507043,4.444341918162536,5.514999627601355,1.3315793024376035,0.06535796938474317,0.07878570896573364,0.020175443976327326,68.0,70.0,66.0,0.0,0.028169014084507043,0.0,6.846578930038959,0.0503424921326394,0.0503424921326394,895.280029296875,-0.0009118327288888395,0.042290929704904556,618,0.0,0.988436080195157,1.0,2.3820691944031744,0.0,1.1368748107387106
315,199,1054,1.0,1054,5876,183.3356362581253,1.0,0.46238304587313905,89.80906569957733,93.52657055854797,0.006901239490643867,1.2829866528511047,1.3959189635604174,67.0,70.0,67.0,0.0,1.0,1.0,183.3356362581253,1.3382163230520094,1.3382163230520094,976.8793334960938,0.006678094156086445,0.030436132103204727,273,0.3516483516483517,1.0872655664298976,0.0,0.966137817306599,0.6483516483516484,1.4376773418390112
490,317,1049,1.0,1049,3393,154.39000630378723,1.0,0.1238084975630045,72.44221556186676,81.94779074192047,0.0018478880233284254,1.04988718205604,1.223101354357022,67.0,69.0,67.0,0.0,1.0,1.0,154.39000630378723,1.1352206345866709,1.1352206345866709,1009.8682861328125,-0.006935901939868927,0.03488027676939964,1024,0.072265625,1.2921354486012615,0.87109375,2.022906657207796,0.142578125,1.4079369630442466
27,18,994,1.0,994,3456,192.65523028373718,1.0,0.08518615155480802,90.16617119312286,102.48905909061432,0.0012527375228648238,1.2880881599017553,1.5528645316759746,68.0,70.0,66.0,0.0,1.0,1.0,192.65523028373718,1.4165825756157147,1.4165825756157147,1161.1275634765625,-0.0024098653811961412,0.026051877066493034,1535,0.7420195439739413,1.1320590989363124,0.5172638436482084,1.685013767962495,0.0,1.1808410945163914
146,90,971,0.82991452991453,1170,1817,83.39838537573814,1.0,0.17209144472144544,35.178177148103714,48.22020822763443,0.0025685290256932157,0.5025453878300531,0.7197046004124542,67.0,70.0,67.0,0.0,1.0,1.0,83.39838537573814,0.6087473385090375,0.6087473385090375,2092.426025390625,0.0093152467161417,0.04177449643611908,15,0.0,1.0899432682552037,0.4666666666666667,1.291178465570855,0.5333333333333333,1.449860713677658
183,109,966,0.9156398104265403,1055,1359,3.4176449033548124,0.08450704225352113,3.1918161341163795,3.4077359422226436,0.00990896113216877,0.04763904677785641,0.04868194203175205,0.00014789494227117567,67.0,70.0,67.0,0.0,0.08450704225352113,0.0,3.4176449033548124,0.024946313163173812,0.024946313163173812,1975.8984375,0.010271800681948662,0.05690651386976242,1019,1.0,1.1292382971881736,0.0,0.9609529741398138,0.0,1.0905346008928805
155,91,951,0.9804123711340206,970,3035,104.56702455878258,1.0,0.2849629339762032,49.389421194791794,55.177603363990784,0.004253178119047809,0.705563159925597,0.8235463188655341,67.0,70.0,67.0,0.0,1.0,1.0,104.56702455878258,0.7632629529838144,0.7632629529838144,1344.3304443359375,-0.009616661816835403,0.0424092672765255,1827,0.3667214012041598,1.005505751784433,0.9885057471264368,2.0532360983359115,0.0,1.0982469398558108
167,101,912,0.9630411826821542,947,2601,1.261053301510401,0.0,0.8964049639180303,1.0374176326440647,0.22363566886633635,0.01337917856594075,0.014820251894915211,0.0033378458039751693,67.0,70.0,67.0,0.0,0.0,0.0,1.261053301510401,0.009204768624163511,0.009204768624163511,6293.95458984375,-0.002106280531734228,0.017691200599074364,1417,0.0,1.3384193769832313,1.0,3.9501835007532993,0.0,1.1472324280017479
135,73,899,1.0,899,7507,152.41594749689102,1.0,1.0563154043629766,85.00352931022644,67.41241818666458,0.015765901557656368,1.214336133003235,1.006155495323352,67.0,70.0,67.0,0.0,1.0,1.0,152.41594749689102,1.1125251642108833,1.1125251642108833,667.0216064453125,-0.002206662204116583,0.028323646634817123,1222,0.3199672667757774,1.4230927970441414,0.7176759410801964,1.9766902940258453,0.0,1.1698024911510565
285,182,881,1.0,881,4000,0.0,0.0,0.31110999107477255,0.0,0.0,0.004643432702608545,0.0,0.0,67.0,70.0,67.0,0.0,0.0,0.0,0.0,0.0,0.0,1871.72802734375,0.0034268333110958338,0.016496567055583,979,0.24923391215526047,1.0702577195831613,0.8621041879468846,2.841627272879609,0.0,0.9626541109097765
216,127,849,1.0,849,3388,249.40047693252563,1.0,0.5137804835103452,120.3678503036499,129.03262662887573,0.00766836542552754,1.71954071862357,1.9258600989384438,67.0,70.0,67.0,0.0,1.0,1.0,249.40047693252563,1.8204414374636908,1.8204414374636908,972.0300903320312,-0.017869729548692703,0.042852845042943954,1357,0.8187177597641857,1.7115310848074539,0.9358879882092852,1.8403258077255276,0.0,1.1958533941329064
269,167,848,1.0,848,4555,3.48627868341282,0.014084507042253521,1.3193137586349621,3.48627868341282,0.0,0.019691250128880032,0.04980398119161172,0.0,67.0,70.0,67.0,0.0,0.014084507042253521,0.0,3.48627868341282,0.02544728965994759,0.02544728965994759,2321.137451171875,0.0010965486289933324,0.027159087359905243,871,0.32606199770378874,1.1288700109176255,0.7531572904707233,2.9144319671642096,0.0,0.9352455090523576
107,62,840,1.0,840,3938,4.253923793672584,0.09859154929577464,2.9789689134340733,4.240305862738751,0.013617930933833122,0.04446222258856826,0.060575798039125016,0.00020325270050497197,67.0,70.0,67.0,0.029411764705882353,0.09859154929577464,0.0,4.253923793672584,0.03105053863994587,0.03105053863994587,915.7605590820312,-0.004724919330328703,0.03533844277262688,1400,1.0,1.9151340247873805,0.5778571428571428,1.4883804049046878,0.0,1.2142448283175378
150,93,829,0.7208695652173913,1150,4798,167.2066181898117,1.0,5.438021210953593,80.01273596286774,87.19388222694397,0.08116449568587453,1.1430390851838248,1.3014012272678204,67.0,70.0,67.0,0.0,1.0,1.0,167.2066181898117,1.2204862641592096,1.2204862641592096,1249.1820068359375,0.004751975182443857,0.028398921713232994,0,0.0,,0.0,,0.0,
69,44,665,0.7497181510710259,887,1243,0.07401496544480324,0.0,2.3315299844834954,0.06338551640510559,0.010629449039697647,0.034287205654169046,0.0009055073772157941,0.00016105225817723706,68.0,70.0,66.0,0.0,0.0,0.0,0.07401496544480324,0.0005442276870941414,0.0005442276870941414,598.3765258789062,-0.00999219249933958,0.06163833290338516,1438,1.0,2.3668517304622143,0.14255910987482615,1.2257351016107192,0.0,1.0558063082802098
112,67,441,0.9778270509977827,451,1624,271.30492866039276,1.0,2.019698010524735,167.9825862646103,103.32234239578247,0.030144746425742313,2.3997512323515755,1.5421245133698875,67.0,70.0,67.0,0.0,1.0,1.0,271.30492866039276,1.9803279464262245,1.9803279464262245,916.6447143554688,0.007504974026232958,0.03469206020236015,586,0.0,0.9387569984209186,0.0,1.2513185245560812,1.0,1.8989074712022613
574,369,438,0.906832298136646,483,1202,88.80981129407883,1.0,0.6549811984878033,36.30223172903061,52.50757956504822,0.00977583878340005,0.5261193004207335,0.7836952173887793,67.0,69.0,67.0,0.0,1.0,1.0,88.80981129407883,0.6530133183388149,0.6530133183388149,1205.677978515625,0.003467310918495059,0.044899046421051025,1773,0.49238578680203043,1.079566558931185,0.9503666102650874,3.107506757977392,0.019176536943034405,1.1294710670298347
13,7,383,0.8399122807017544,456,1682,2.3453417290002108,0.028169014084507043,1.123608743888326,2.3453417290002108,0.0,0.016523657998357734,0.03350488184286016,0.0,68.0,70.0,66.0,0.0,0.028169014084507043,0.0,2.3453417290002108,0.017245159772060373,0.017245159772060373,659.173583984375,0.0030008824542164803,0.053109973669052124,3733,0.5041521564425395,1.0922421187724356,1.0,3.7159648576693445,0.0,1.0575488986118473
499,321,377,1.0,377,1433,8.890539985510259,0.0,2.6434922472108155,6.752314895391464,2.1382250901187945,0.03945510816732561,0.09785963616509369,0.031913807315205885,67.0,69.0,67.0,0.0,0.0,0.0,8.890539985510259,0.06537161754051661,0.06537161754051661,516.2302856445312,0.0031018415465950966,0.07109431177377701,354,0.847457627118644,1.0797501640027203,0.3587570621468927,1.31160311347257,0.0,0.9552631170325551
569,365,255,0.7203389830508474,354,1094,6.254290912416764,0.0,1.8562358343042433,3.699113228940405,2.5551776834763587,0.027705012452302138,0.053610336651310216,0.03813698035039341,67.0,69.0,67.0,0.0,0.0,0.0,6.254290912416764,0.04598743317953503,0.04598743317953503,641.1978759765625,-0.001970109762623906,0.08793894201517105,447,1.0,1.6475250232185537,0.2751677852348993,1.3356588453428468,0.0,0.9725276440763607
