calcium_label,calcium AUC,calcium response time,calcium_auc_w1,calcium_auc_w2,calcium_auc_w3,calcium_auc_norm_w1,calcium_auc_norm_w2,calcium_auc_norm_w3,calcium_active_time_w1,calcium_active_time_w2,calcium_active_time_w3,calcium_response_time_w1,calcium_response_time_w2,calcium_response_time_w3,calcium_auc_w2_w3,calcium_auc_norm_w2_w3,calcium_AUC_norm,calcium_baseline_F0,calcium_baseline_mean_dff,calcium_baseline_sd_dff
1,97.2243474740535,0.20930232558139536,0.03450273811540683,8.966296346858144,88.25805112719536,0.0006509950587812609,0.10548583937480169,1.4009214464634183,53.0,85.0,63.0,0.0,0.20930232558139536,0.984375,97.2243474740535,0.6569212667165777,0.6569212667165777,1763.1214599609375,-0.00473753409460187,0.03018425591289997
2,1.402415600605309,0.0,0.1417094519129023,1.393023087643087,0.0093925129622221,0.0026737632436396657,0.01638850691344808,0.00014908750733685873,53.0,85.0,63.0,0.0,0.0,0.0,1.402415600605309,0.009475781085171006,0.009475781085171006,1869.775390625,0.0043085552752017975,0.02930445596575737
3,146.60321664065123,0.8023255813953488,0.06028186995536089,52.76310979574919,93.84010684490204,0.0011373937727426583,0.6207424681852846,1.4895255054746355,53.0,85.0,63.0,0.0,0.8023255813953488,1.0,146.60321664065123,0.9905622745989948,0.9905622745989948,1608.910888671875,-0.0039239563047885895,0.023174067959189415
4,11.159263437148184,0.08139534883720931,1.1479550881776959,5.499698755796999,5.659564681351185,0.021659529965616903,0.0647023383034941,0.08983436002144737,53.0,85.0,63.0,0.0,0.08139534883720931,0.015625,11.159263437148184,0.07540042862937962,0.07540042862937962,3451.497314453125,0.006536314729601145,0.028750183060765266
5,116.04807943850756,0.7790697674418605,0.1333783846348524,37.26858980208635,78.7794896364212,0.0025165732949972153,0.43845399767160415,1.2504680894670033,53.0,85.0,63.0,0.0,0.7790697674418605,1.0,116.04807943850756,0.7841086448547808,0.7841086448547808,1746.4613037109375,-0.009834717027842999,0.033160530030727386
6,11.74448088183999,0.46511627906976744,1.6106539331376553,6.279308144003153,5.465172737836838,0.030389696851653873,0.07387421345886062,0.08674877361645775,53.0,85.0,63.0,0.05555555555555555,0.46511627906976744,0.859375,11.74448088183999,0.07935460055297291,0.07935460055297291,4085.921142578125,0.004839594010263681,0.013126589357852936
7,17.153995601460338,0.2558139534883721,4.123237103223801,7.644515490159392,9.509480111300945,0.07779692647592076,0.08993547635481638,0.15094412875080865,53.0,85.0,63.0,0.16666666666666666,0.2558139534883721,0.859375,17.153995601460338,0.11590537568554282,0.11590537568554282,2181.3955078125,0.0037868216168135405,0.021691270172595978
8,13.564832337200642,0.6511627906976745,3.6927051581442356,7.049917481839657,6.514914855360985,0.06967368222913652,0.08294020566870185,0.10341134691049182,53.0,85.0,63.0,0.5555555555555556,0.6511627906976745,0.984375,13.564832337200642,0.09165427254865298,0.09165427254865298,5855.37060546875,-0.000777609646320343,0.012755585834383965
9,3.082766945939511,0.16279069767441862,0.49686111381743103,2.9029802763834596,0.1797866695560515,0.009374737996555303,0.034152709133923057,0.002853756659619865,53.0,85.0,63.0,0.0,0.16279069767441862,0.0,3.082766945939511,0.020829506391483184,0.020829506391483184,4032.314697265625,-0.0042957435362041,0.02043840102851391
10,31.451734349131584,0.18604651162790697,0.8297442484181374,12.791465446352959,18.660268902778625,0.01565555185694599,0.15048782878062306,0.2961947444885496,53.0,85.0,63.0,0.0,0.18604651162790697,1.0,31.451734349131584,0.2125117185752134,0.2125117185752134,1119.60693359375,0.0019310759380459785,0.03983134776353836
11,88.78728696703911,1.0,0.10065190214663744,36.41974660754204,52.36754035949707,0.001899092493332782,0.4284676071475534,0.8312307993570963,53.0,85.0,63.0,0.0,1.0,1.0,88.78728696703911,0.5999141011286426,0.5999141011286426,1461.861083984375,-0.0012298524379730225,0.022224649786949158
12,6.135445986816194,0.313953488372093,0.8092871287371963,3.463509449677076,2.6719365371391177,0.015269568466739554,0.0407471699962009,0.04241169106570028,53.0,85.0,63.0,0.018518518518518517,0.313953488372093,0.234375,6.135445986816194,0.041455716127136444,0.041455716127136444,6645.99169921875,-0.004629338625818491,0.01211016159504652
13,143.67019033432007,1.0,0.12998462840914726,70.99872124195099,72.67146909236908,0.002452540158663156,0.8352790734347175,1.153515382418557,53.0,85.0,63.0,0.0,1.0,1.0,143.67019033432007,0.9707445292859465,0.9707445292859465,1707.796142578125,0.00333582004532218,0.033115141093730927
14,61.14142981171608,0.38372093023255816,1.2133382715983316,11.723823569715023,49.41760624200106,0.02289317493581758,0.1379273361142944,0.784406448285731,53.0,85.0,63.0,0.0,0.38372093023255816,0.984375,61.14142981171608,0.4131177689980816,0.4131177689980816,1328.4189453125,0.002049708738923073,0.023227041587233543
15,119.07596051692963,1.0,0.06166732357814908,56.51084053516388,62.56511998176575,0.0011635344071348882,0.6648334180607515,0.9930971425677103,53.0,85.0,63.0,0.0,1.0,1.0,119.07596051692963,0.804567300790065,0.804567300790065,2745.6025390625,-0.0004030982090625912,0.023695042356848717
16,32.19772386550903,1.0,4.4672978557646275,17.5281143784523,14.669609487056732,0.08428863878801184,0.20621311033473294,0.23285094423899574,53.0,85.0,63.0,0.0,1.0,1.0,32.19772386550903,0.21755218828046644,0.21755218828046644,2214.42822265625,-0.007400003261864185,0.025857197120785713
17,18.559301929548383,0.29069767441860467,1.459316150401719,8.187991650775075,10.371310278773308,0.027534266988711677,0.09632931353853029,0.16462397267894138,53.0,85.0,63.0,0.0,0.29069767441860467,0.96875,18.559301929548383,0.12540068871316476,0.12540068871316476,2337.7314453125,0.002565362025052309,0.023499848321080208
18,26.38070580349904,0.0,1.1245112302713096,7.338014900550661,19.04269090294838,0.021217193023986974,0.08632958706530189,0.3022649349674346,53.0,85.0,63.0,0.0,0.0,0.140625,26.38070580349904,0.17824801218580433,0.17824801218580433,910.721435546875,0.021623920649290085,0.07008322328329086
19,4.26743500912562,0.09302325581395349,0.289733528974466,2.8562843133695424,1.4111506957560778,0.005466670358008793,0.033603344863171083,0.022399217392953617,53.0,85.0,63.0,0.0,0.09302325581395349,0.015625,4.26743500912562,0.028834020331929867,0.028834020331929867,1709.7952880859375,0.0016028188401833177,0.032598357647657394
20,101.11804340290837,0.06976744186046512,0.11261244863271713,2.2540937464218587,98.86394965648651,0.00212476318174938,0.02651874995790422,1.5692690421664526,53.0,85.0,63.0,0.0,0.06976744186046512,0.984375,101.11804340290837,0.6832300229926241,0.6832300229926241,2041.5888671875,-0.0006947389920242131,0.028058795258402824
21,6.171304568997584,0.20930232558139536,0.5348998678382486,3.8563325584400445,2.3149720105575398,0.010092450336570729,0.04536861833458876,0.0367455874691673,53.0,85.0,63.0,0.0,0.20930232558139536,0.0,6.171304568997584,0.04169800384457827,0.04169800384457827,2980.188720703125,0.008600251749157906,0.0215537641197443
22,117.90051804040559,0.32558139534883723,0.10706026758998632,26.257617335068062,91.64290070533752,0.0020200050488676665,0.3089131451184478,1.45464921754504,53.0,85.0,63.0,0.0,0.32558139534883723,1.0,117.90051804040559,0.7966251218946323,0.7966251218946323,1060.3956298828125,0.00038278300780802965,0.04135669022798538
23,14.497050841338933,0.0,4.346338413655758,7.434603643603623,7.06244719773531,0.08200638516331618,0.08746592521886615,0.11210233647198904,53.0,85.0,63.0,0.0,0.0,0.0,14.497050841338933,0.09795304622526306,0.09795304622526306,1471.229736328125,-0.006392386741936207,0.061034224927425385
24,6.529859024682082,0.06976744186046512,0.33889184469080647,3.1026841887505725,3.4271748359315097,0.0063941857488831405,0.03650216692647732,0.054399600570341426,53.0,85.0,63.0,0.0,0.06976744186046512,0.015625,6.529859024682082,0.04412066908568975,0.04412066908568975,1731.1883544921875,0.006772313266992569,0.022772520780563354
25,0.5405382247408852,0.0,0.08090809965506196,0.5405382247408852,0.0,0.0015265679180200369,0.006359273232245708,0.0,53.0,85.0,63.0,0.0,0.0,0.0,0.5405382247408852,0.0036522853023032782,0.0036522853023032782,3072.642822265625,-0.005534622818231583,0.03072051890194416
26,11.638328232103959,0.023255813953488372,0.15157713647931814,4.017351649934426,7.620976582169533,0.0028599459713078896,0.047262960587463834,0.12096788225665925,53.0,85.0,63.0,0.0,0.023255813953488372,0.71875,11.638328232103959,0.07863735291962134,0.07863735291962134,2734.172119140625,0.0036182254552841187,0.02218865416944027
27,34.084571552462876,0.3953488372093023,0.2521316616330296,12.007104662247002,22.077466890215874,0.00475720116288735,0.14126005484996473,0.35043598238437895,53.0,85.0,63.0,0.0,0.3953488372093023,0.984375,34.084571552462876,0.23030115913826268,0.23030115913826268,1765.4771728515625,0.0006955211865715683,0.018557468429207802
28,199.65709346532822,1.0,1.900010089535499,90.3678907752037,109.28920269012451,0.0358492469723679,1.0631516561788672,1.7347492490495955,53.0,85.0,63.0,0.018518518518518517,1.0,1.0,199.65709346532822,1.3490344153062717,1.3490344153062717,2071.88720703125,0.011810602620244026,0.03250711411237717
29,80.83018451742828,0.023255813953488372,0.35344563564285636,2.981069704517722,77.84911481291056,0.006668785578167101,0.03507140828844379,1.2357002351255644,53.0,85.0,63.0,0.0,0.023255813953488372,0.96875,80.83018451742828,0.5461498953880289,0.5461498953880289,503.39990234375,0.0044221156276762486,0.03933865204453468
30,5.632879739059717,0.37209302325581395,0.4954634223249741,3.0853209685446927,2.5475587705150247,0.009348366458961775,0.03629789374758462,0.04043744080182579,53.0,85.0,63.0,0.018518518518518517,0.37209302325581395,0.5,5.632879739059717,0.038059998236889984,0.038059998236889984,5770.42138671875,0.0017117662355303764,0.007728481199592352
31,105.78449516557157,0.5930232558139535,0.7939291134243831,45.795173367485404,59.989321798086166,0.014979794592912888,0.5387667454998283,0.9522114571124788,53.0,85.0,63.0,0.0,0.5930232558139535,0.984375,105.78449516557157,0.7147601024700782,0.7147601024700782,1635.7786865234375,0.0003572837740648538,0.026615861803293228
32,0.5251959373708814,0.0,0.04840688407421112,0.5251959373708814,0.0,0.000913337435362474,0.0061787757337750755,0.0,53.0,85.0,63.0,0.0,0.0,0.0,0.5251959373708814,0.0035486211984519017,0.0035486211984519017,1267.919677734375,-0.0013625891879200935,0.03816155716776848
33,64.57487308979034,1.0,3.8573988787829876,28.97076141834259,35.604111671447754,0.07278111092043373,0.34083248727461873,0.5651446297055199,53.0,85.0,63.0,0.0,1.0,1.0,64.57487308979034,0.43631671006615097,0.43631671006615097,2146.41015625,0.00777695095166564,0.024674253538250923
34,185.75774425268173,1.0,0.20335618453100324,100.16056793928146,85.59717631340027,0.003836909142094401,1.1783596228150761,1.3586853383079407,53.0,85.0,63.0,0.0,1.0,1.0,185.75774425268173,1.255119893599201,1.255119893599201,2158.958740234375,-0.003276254516094923,0.028055425733327866
35,100.58584761619568,1.0,0.08516558678820729,53.00602251291275,47.57982510328293,0.0016068978639284396,0.6236002648577971,0.7552353190997291,53.0,85.0,63.0,0.0,1.0,1.0,100.58584761619568,0.6796341055148357,0.6796341055148357,5728.33984375,-0.002021516440436244,0.012279970571398735
36,3.25631728611188,0.0,0.13538052653893828,1.877438256982714,1.3788790291291662,0.0025543495573384584,0.02208750890567899,0.02188696871633597,53.0,85.0,63.0,0.0,0.0,0.0,3.25631728611188,0.02200214382508027,0.02200214382508027,1256.1773681640625,-0.0023276167921721935,0.031655699014663696
37,0.0,0.0,0.1428473712876439,0.0,0.0,0.0026952334205215833,0.0,0.0,53.0,85.0,63.0,0.0,0.0,0.0,0.0,0.0,0.0,1740.4410400390625,0.00084131263429299,0.02079034596681595
38,2.7422627058112994,0.046511627906976744,0.3476468237640802,2.2093925821827725,0.5328701236285269,0.006559374033284532,0.025992853908032618,0.008458255930611539,53.0,85.0,63.0,0.0,0.046511627906976744,0.0,2.7422627058112994,0.018528802066292562,0.018528802066292562,2199.281494140625,0.007234571967273951,0.02140572853386402
39,1.1210341770201921,0.0,0.22991135553456843,1.1210341770201921,0.0,0.00433795010442582,0.013188637376708143,0.0,53.0,85.0,63.0,0.0,0.0,0.0,1.1210341770201921,0.0075745552501364334,0.0075745552501364334,2237.83544921875,0.0011969907209277153,0.033902112394571304
40,9.457971402123803,0.011627906976744186,0.11721890885382891,2.9557560278626624,6.502215374261141,0.0022116775255439417,0.03477360032779603,0.10320976784541494,53.0,85.0,63.0,0.0,0.011627906976744186,0.03125,9.457971402123803,0.06390521217651218,0.06390521217651218,1315.025634765625,-0.015902910381555557,0.046257805079221725
41,1.6048571961000562,0.0,0.1544852452352643,1.5968796722590923,0.00797752384096384,0.0029148159478351757,0.01878681967363638,0.0001266273625549816,53.0,85.0,63.0,0.0,0.0,0.0,1.6048571961000562,0.010843629703378758,0.010843629703378758,2547.164794921875,0.0005610263324342668,0.03388658165931702
42,24.6750243708957,0.3372093023255814,0.5023077812511474,5.427877846406773,19.247146524488926,0.009477505306625422,0.06385738642831497,0.305510262293475,53.0,85.0,63.0,0.0,0.3372093023255814,1.0,24.6750243708957,0.16672313764118715,0.16672313764118715,936.6676635742188,-0.0025873463600873947,0.016684019938111305
43,14.074467698694207,0.13953488372093023,0.9628360128263012,8.221851987414993,5.852615711279213,0.018166717223137757,0.0967276704401764,0.09289866208379703,53.0,85.0,63.0,0.0,0.13953488372093023,0.015625,14.074467698694207,0.0950977547209068,0.0950977547209068,790.0850830078125,0.0024684679228812456,0.04404011368751526
44,0.31699203653261065,0.0,0.03467122372239828,0.31699203653261065,0.0,0.0006541740324980808,0.003729318076854243,0.0,53.0,85.0,63.0,0.0,0.0,0.0,0.31699203653261065,0.002141838084679802,0.002141838084679802,1238.5491943359375,0.004014040809124708,0.02462172321975231
45,85.84345969557762,1.0,8.942864283919334,43.991201132535934,41.85225856304169,0.1687332883758365,0.5175435427357169,0.6643215644927252,53.0,85.0,63.0,0.8148148148148148,1.0,1.0,85.84345969557762,0.5800233763214704,0.5800233763214704,2748.066650390625,0.00022865009668748826,0.021737471222877502
46,0.10659902170300484,0.0,0.2599386111833155,0.10659902170300484,0.0,0.004904502097798406,0.0012541061376824098,0.0,53.0,85.0,63.0,0.0,0.0,0.0,0.10659902170300484,0.0007202636601554381,0.0007202636601554381,1577.5213623046875,0.0016314665554091334,0.02061302401125431
47,1.5966423037461936,0.0,0.01650035404600203,1.3181795142591,0.2784627894870937,0.00031132743483022697,0.015507994285401176,0.004420044277572916,53.0,85.0,63.0,0.0,0.0,0.0,1.5966423037461936,0.010788123673960768,0.010788123673960768,2055.78271484375,-0.001445762813091278,0.02683361992239952
48,0.0,0.0,0.140932597219944,0.0,0.0,0.0026591056079234717,0.0,0.0,53.0,85.0,63.0,0.0,0.0,0.0,0.0,0.0,0.0,3419.797607421875,0.0041711460798978806,0.02095714397728443
49,98.07913775742054,0.9883720930232558,0.10555559955537319,42.59357835352421,55.48555940389633,0.0019916150859504377,0.5011009218061672,0.8807231651412116,53.0,85.0,63.0,0.0,0.9883720930232558,1.0,98.07913775742054,0.662696876739328,0.662696876739328,1412.2178955078125,-0.004951458889991045,0.032229866832494736
50,15.293894177302718,0.3372093023255814,1.1719967565877596,8.307148618623614,6.986745558679104,0.022113146350712445,0.09773116021910135,0.11090072315363657,53.0,85.0,63.0,0.0,0.3372093023255814,0.453125,15.293894177302718,0.10333712281961296,0.10333712281961296,2829.715576171875,-0.008656717836856842,0.024761302396655083
51,86.64786821231246,0.9302325581395349,0.2270239384379238,33.076917823404074,53.570950388908386,0.0042834705365646,0.3891402096871068,0.8503325458556886,53.0,85.0,63.0,0.0,0.9302325581395349,1.0,86.64786821231246,0.5854585690021112,0.5854585690021112,2160.826416015625,0.0010035110171884298,0.019115177914500237
52,81.18560686614364,0.5465116279069767,0.0011904244311153889,35.85226285364479,45.333344012498856,2.2460838322931864e-05,0.4217913276899387,0.7195768890872835,53.0,85.0,63.0,0.0,0.5465116279069767,0.953125,81.18560686614364,0.5485513977442138,0.5485513977442138,1435.5579833984375,-0.015984168276190758,0.03694584220647812
53,2.9191740319365636,0.06976744186046512,0.29898289346601814,1.7267740275710821,1.1924000043654814,0.005641186669170154,0.02031498855965979,0.018926984196277485,53.0,85.0,63.0,0.0,0.06976744186046512,0.0,2.9191740319365636,0.01972414886443624,0.01972414886443624,1564.980712890625,0.0025107518304139376,0.01659253239631653
54,222.33494406938553,1.0,0.08333812863565981,113.88444823026657,108.45049583911896,0.0015724175214275437,1.3398170380031362,1.721436441890777,53.0,85.0,63.0,0.0,1.0,1.0,222.33494406938553,1.5022631356039562,1.5022631356039562,1925.881103515625,-0.0011839446378871799,0.019316287711262703
55,126.6636421084404,0.9883720930232558,0.16442345594987273,52.071811616420746,74.59183049201965,0.0031023293575447686,0.6126095484284794,1.1839973093971374,53.0,85.0,63.0,0.0,0.9883720930232558,1.0,126.6636421084404,0.8558354196516244,0.8558354196516244,2729.0634765625,-0.013435620814561844,0.022639919072389603
56,7.26354780147085,0.011627906976744186,2.5796147676883265,4.355545654136222,2.908002147334628,0.04867197674883635,0.0512417135780732,0.04615876424340679,53.0,85.0,63.0,0.0,0.011627906976744186,0.0,7.26354780147085,0.04907802568561385,0.04907802568561385,5089.34716796875,0.011296393349766731,0.03238428384065628
57,2.167699727229774,0.12790697674418605,0.20183075027307495,2.167699727229774,0.0,0.0038081273636429236,0.025502349732114987,0.0,53.0,85.0,63.0,0.0,0.12790697674418605,0.0,2.167699727229774,0.014646619778579555,0.014646619778579555,2426.71533203125,0.0010790697997435927,0.01884515769779682
58,2.9666395515669137,0.0,0.46525301062501967,2.055227119475603,0.9114124320913106,0.008778358691038107,0.02417914258206592,0.014466864001449375,53.0,85.0,63.0,0.0,0.0,0.0,2.9666395515669137,0.020044861834911578,0.020044861834911578,1253.015380859375,0.001995741855353117,0.044703975319862366
59,0.06881932076066732,0.0,0.2587674572132528,0.06881932076066732,0.0,0.004882404853080241,0.0008096390677725568,0.0,53.0,85.0,63.0,0.0,0.0,0.0,0.06881932076066732,0.0004649954105450495,0.0004649954105450495,1953.42626953125,0.0010210084728896618,0.04448332637548447
60,9.67831333738286,0.2441860465116279,0.007576907519251108,5.165039209765382,4.513274127617478,0.00014296051923115297,0.060765167173710374,0.0716392718669441,53.0,85.0,63.0,0.0,0.2441860465116279,0.03125,9.67831333738286,0.06539400903637067,0.06539400903637067,4314.35302734375,-0.0010040838969871402,0.025588368996977806
61,0.4319531887304038,0.0,0.17455522157251835,0.4319531887304038,0.0,0.0032934947466512895,0.005081802220357691,0.0,53.0,85.0,63.0,0.0,0.0,0.0,0.4319531887304038,0.0029186026265567823,0.0029186026265567823,2344.7568359375,8.298741704493295e-06,0.029740333557128906
62,69.44059402262792,0.08139534883720931,0.2559025497175753,3.0880142501555383,66.35257977247238,0.0048283499946712325,0.03632957941359457,1.053215551944006,53.0,85.0,63.0,0.0,0.08139534883720931,0.984375,69.44059402262792,0.46919320285559407,0.46919320285559407,1317.076416015625,-0.002113206312060356,0.03214948996901512
63,283.1203497648239,0.9883720930232558,0.033652619109489024,146.3618242740631,136.7585254907608,0.0006349550775375288,1.7219038149889778,2.170770245885092,53.0,85.0,63.0,0.0,0.9883720930232558,1.0,283.1203497648239,1.9129753362488102,1.9129753362488102,1930.1187744140625,-0.0007221795385703444,0.03435349464416504
64,121.8710526227951,1.0,12.312277175486088,63.64398926496506,58.22706335783005,0.23230711651860542,0.7487528148819419,0.9242391009179373,53.0,85.0,63.0,0.7777777777777778,1.0,1.0,121.8710526227951,0.8234530582621291,0.8234530582621291,4028.49951171875,-0.0017860849620774388,0.0224919356405735
65,0.013636642135679722,0.0,0.2317463457584381,0.013636642135679722,0.0,0.004372572561479964,0.0001604310839491732,0.0,53.0,85.0,63.0,0.0,0.0,0.0,0.013636642135679722,9.213947388972785e-05,9.213947388972785e-05,2725.9892578125,-0.00390904163941741,0.028775956481695175
66,4.122372817306314,0.13953488372093023,1.2569473072653636,3.5713741121580824,0.5509987051482312,0.024172063601256993,0.042016166025389205,0.008746011192829067,52.0,85.0,63.0,0.0,0.13953488372093023,0.0,4.122372817306314,0.027853870387204823,0.027853870387204823,4082.795654296875,0.005823550745844841,0.02094452455639839
67,168.25753177702427,0.872093023255814,1.0507316478178836,64.59022296965122,103.66730880737305,0.02020637784265161,0.7598849761135438,1.6455128382122706,52.0,85.0,63.0,0.0,0.872093023255814,1.0,168.25753177702427,1.1368752147096235,1.1368752147096235,1609.3736572265625,0.000542537949513644,0.0403360091149807
68,0.9593577200430445,0.0,0.13908427991555072,0.9593577200430445,0.0,0.0026746976906836676,0.011286561412271112,0.0,52.0,85.0,63.0,0.0,0.0,0.0,0.9593577200430445,0.0064821467570475985,0.0064821467570475985,3075.079345703125,-0.0019416747381910682,0.027250535786151886
69,1.5125034933444113,0.011627906976744186,0.3471221895888448,1.5125034933444113,0.0,0.006675426722862399,0.017794158745228366,0.0,52.0,85.0,63.0,0.0,0.011627906976744186,0.0,1.5125034933444113,0.010219618198273049,0.010219618198273049,2120.89501953125,0.00133428443223238,0.02053098939359188
70,114.74225283163833,0.38372093023255816,0.27027546474710107,31.792925243556965,82.94932758808136,0.005197605091290405,0.37403441463008197,1.3166559934616089,52.0,85.0,63.0,0.0,0.38372093023255816,1.0,114.74225283163833,0.7752854921056643,0.7752854921056643,1233.96240234375,0.0026801186613738537,0.03806328773498535
71,13.674232038203627,0.3488372093023256,0.8772892346605659,7.007702449802309,6.666529588401318,0.016870946820395496,0.08244355823296834,0.1058179299746241,52.0,85.0,63.0,0.0,0.3488372093023256,0.75,13.674232038203627,0.09239345971759208,0.09239345971759208,2936.0078125,0.0011168114142492414,0.017687542364001274
72,88.6142915423261,0.2441860465116279,0.1939466844778508,3.9995858903275803,84.61470565199852,0.0037297439322663615,0.04705395165091271,1.3430905659047385,52.0,85.0,63.0,0.0,0.2441860465116279,0.984375,88.6142915423261,0.598745213123825,0.598745213123825,1242.872314453125,-0.004372028633952141,0.01749916933476925
73,62.00749358534813,0.9883720930232558,6.225121796131134,32.51722553372383,29.490268051624298,0.1197138806948295,0.382555594514398,0.46809949288292535,52.0,85.0,63.0,0.5471698113207547,0.9883720930232558,1.0,62.00749358534813,0.41896955125235225,0.41896955125235225,4313.1279296875,-0.004131530877202749,0.024603301659226418
74,2.196367309545167,0.1511627906976744,0.09014624632982304,1.9789713020436466,0.21739600750152022,0.0017335816601889047,0.02328201531816055,0.003450730277801908,52.0,85.0,63.0,0.0,0.1511627906976744,0.0,2.196367309545167,0.014840319659088965,0.014840319659088965,2670.02099609375,0.001292235217988491,0.017159488052129745
75,9.07671004277654,0.3023255813953488,0.5184959026519209,5.443167726276442,3.6335423165000975,0.009971075050998479,0.06403726736795815,0.057675274865080915,52.0,85.0,63.0,0.0,0.3023255813953488,0.328125,9.07671004277654,0.0613291219106523,0.0613291219106523,1108.831787109375,-9.02083411347121e-05,0.017950480803847313
76,219.8566125035286,0.9883720930232558,0.31930247362470254,98.38974386453629,121.46686863899231,0.006140432185090434,1.1575263984063093,1.9280455339522589,52.0,85.0,63.0,0.018867924528301886,0.9883720930232558,1.0,219.8566125035286,1.4855176520508688,1.4855176520508688,1602.6622314453125,-0.004164585843682289,0.020346123725175858
77,0.42247515358030796,0.0,0.020991983823478222,0.42247515358030796,0.0,0.0004036919966053504,0.004970295924474211,0.0,52.0,85.0,63.0,0.0,0.0,0.0,0.42247515358030796,0.0028545618485155944,0.0028545618485155944,1535.265625,-0.006866797339171171,0.03964743763208389
78,36.74041764438152,0.32558139534883723,14.996841982007027,21.00987794995308,15.730539694428444,0.288400807346289,0.24717503470533034,0.24969110626076896,52.0,85.0,63.0,0.5849056603773585,0.32558139534883723,0.40625,36.74041764438152,0.24824606516474002,0.24824606516474002,1769.9027099609375,0.007622636388987303,0.05258128046989441
79,33.570118732750416,0.8255813953488372,5.695344724692404,22.68543452769518,10.884684205055237,0.10952586009023854,0.266887465031708,0.17277276515960693,52.0,85.0,63.0,0.22641509433962265,0.8255813953488372,0.484375,33.570118732750416,0.22682512657263795,0.22682512657263795,1916.8487548828125,-0.012367269024252892,0.03657056763768196
80,107.37942556617782,0.1511627906976744,0.2332258785609156,5.135710607748479,102.24371495842934,0.004485113049248377,0.060420124797040925,1.6229161104512593,52.0,85.0,63.0,0.0,0.1511627906976744,0.984375,107.37942556617782,0.7255366592309311,0.7255366592309311,806.60107421875,0.006571425590664148,0.03547607734799385
81,99.2124066054821,0.9883720930232558,0.4360793092055246,44.46718022227287,54.74522638320923,0.008386140561644705,0.523143296732622,0.8689718473525274,52.0,85.0,63.0,0.0,0.9883720930232558,1.0,99.2124066054821,0.6703540986856898,0.6703540986856898,3022.55029296875,0.0010454930597916245,0.02028167061507702
82,4.18709706037771,0.0,1.244569890674029,2.931133135454729,1.2559639249229804,0.023934036359115944,0.034483919240643875,0.019935935316237784,52.0,85.0,63.0,0.0,0.0,0.0,4.18709706037771,0.028291196353903442,0.028291196353903442,1205.950927734375,0.010206415317952633,0.06912195682525635
83,25.43242985755205,0.5232558139534884,1.544730628200341,11.867366306483746,13.565063551068306,0.029706358234621942,0.1396160741939264,0.21531846906457627,52.0,85.0,63.0,0.0,0.5232558139534884,1.0,25.43242985755205,0.1718407422807571,0.1718407422807571,3256.04345703125,-0.0028220550157129765,0.025076530873775482
84,94.65798941254616,0.8837209302325582,0.17207735241390765,31.423752188682556,63.2342372238636,0.0033091798541136086,0.3696912022197948,1.0037180511724382,52.0,85.0,63.0,0.0,0.8837209302325582,1.0,94.65798941254616,0.6395810095442308,0.6395810095442308,3367.584228515625,-0.0004572529869619757,0.033379893749952316
85,104.74619008041918,0.3176470588235294,0.6715923445299268,15.789158264175057,88.95703181624413,0.012915237394806284,0.18796616981160783,1.412016378035621,52.0,84.0,63.0,0.0,0.3176470588235294,1.0,104.74619008041918,0.7125591161933278,0.7125591161933278,986.3007202148438,0.0018828419269993901,0.04094754159450531
86,117.95307306491304,0.23255813953488372,0.0758324395865202,9.270230206777342,108.6828428581357,0.0014583161458946192,0.10906153184443931,1.7251244898116778,52.0,85.0,63.0,0.0,0.23255813953488372,0.953125,117.95307306491304,0.7969802234115746,0.7969802234115746,2223.131103515625,0.0031685889698565006,0.042306602001190186
87,43.91185197234154,1.0,3.5715953931212425,19.42467302083969,24.487178951501846,0.06868452679079312,0.2312461073909487,0.388685380182569,52.0,84.0,63.0,0.1320754716981132,1.0,1.0,43.91185197234154,0.29872008144450024,0.29872008144450024,5586.2666015625,-0.0042259953916072845,0.018126463517546654
88,195.50150205940008,0.9764705882352941,0.7580921456683427,68.88511886447668,126.6163831949234,0.014578695109006591,0.8200609388628176,2.009783860236879,52.0,84.0,63.0,0.0,0.9764705882352941,1.0,195.50150205940008,1.3299421908802727,1.3299421908802727,1707.3826904296875,-0.0003393684746697545,0.03981199860572815
89,84.144934322685,0.5529411764705883,1.5697290254756808,11.421496327966452,72.72343799471855,0.03018709664376309,0.135970194380553,1.1543402856304532,52.0,84.0,63.0,0.018867924528301886,0.5529411764705883,1.0,84.144934322685,0.5724145192019388,0.5724145192019388,900.056640625,0.002102034166455269,0.016533128917217255
90,18.12226274330169,0.5647058823529412,0.3268422684632242,14.408954041078687,3.713308702223003,0.006285428239677388,0.17153516715569866,0.058941407971793695,52.0,84.0,63.0,0.0,0.5647058823529412,0.21875,18.12226274330169,0.1232806989340251,0.1232806989340251,4697.7666015625,0.00041557257645763457,0.019304631277918816
91,87.9666289743036,0.2235294117647059,0.3559230831451714,6.1252719815820456,81.84135699272156,0.006844674675868681,0.0729199045426434,1.299069158614628,52.0,84.0,63.0,0.0,0.2235294117647059,0.984375,87.9666289743036,0.5984124420020653,0.5984124420020653,1338.0101318359375,-0.005183033645153046,0.027053646743297577
92,12.474278565030545,0.058823529411764705,0.6784259531268617,4.841456777881831,7.632821787148714,0.01304665294474734,0.05763639021287894,0.12115590138331292,52.0,84.0,63.0,0.0,0.058823529411764705,0.0,12.474278565030545,0.08485903785735065,0.08485903785735065,1278.57861328125,0.00155917729716748,0.03912602365016937
93,35.595512050786056,0.3058823529411765,0.466874823323451,7.6370917443418875,27.958420306444168,0.008978361986989442,0.09091775886121295,0.4437844493086376,52.0,84.0,63.0,0.0,0.3058823529411765,1.0,35.595512050786056,0.2421463404815378,0.2421463404815378,4061.697265625,-0.006617420352995396,0.02628842554986477
94,100.63367120921612,0.5058823529411764,0.2688239886192605,19.0797967761755,81.55387443304062,0.005169692088831932,0.22714043781161308,1.294505943381597,52.0,84.0,63.0,0.0,0.5058823529411764,1.0,100.63367120921612,0.6845827973416062,0.6845827973416062,744.4557495117188,-0.0026715805288404226,0.03238160163164139
95,2.751017151866108,0.0,0.0,2.6070301379077137,0.14398701395839453,0.0,0.031036073070329923,0.0022855081580697542,52.0,84.0,63.0,0.0,0.0,0.0,2.751017151866108,0.018714402393646995,0.018714402393646995,1695.6129150390625,0.01679951883852482,0.037836652249097824
96,236.66868776082993,1.0,0.18912338465452194,96.15680187940598,140.51188588142395,0.003636988166433114,1.1447238318976902,2.2303473949432373,52.0,84.0,63.0,0.0,1.0,1.0,236.66868776082993,1.6099910732029246,1.6099910732029246,763.3140258789062,-0.01385830994695425,0.0367007702589035
97,207.31998014450073,1.0,0.27777375327423215,95.22035175561905,112.09962838888168,0.005341802947581387,1.133575616138322,1.7793591807758997,52.0,84.0,63.0,0.0,1.0,1.0,207.31998014450073,1.4103400009829983,1.4103400009829983,2296.751953125,0.006361992098391056,0.021583164110779762
98,0.3271087217144668,0.0,0.11233144346624613,0.3271087217144668,0.0,0.0021602200666585793,0.003894151448981748,0.0,52.0,84.0,63.0,0.0,0.0,0.0,0.3271087217144668,0.0022252293994181414,0.0022252293994181414,1948.0950927734375,0.002146708546206355,0.024155238643288612
99,32.40526856482029,0.24705882352941178,1.81360102747567,17.024789944291115,15.380478620529175,0.034876942836070575,0.20267607076537042,0.24413458127824086,52.0,84.0,63.0,0.0,0.24705882352941178,0.328125,32.40526856482029,0.22044400384231488,0.22044400384231488,1617.9476318359375,0.0065671647898852825,0.05460662394762039
100,62.54735064320266,0.23529411764705882,0.12425877200439572,4.4077321123331785,58.139618530869484,0.0023895917693153024,0.05247300133729974,0.9228510877915791,52.0,84.0,63.0,0.0,0.23529411764705882,1.0,62.54735064320266,0.42549218124627664,0.42549218124627664,1603.8980712890625,0.0010812110267579556,0.023086093366146088
101,18.004881404340267,0.8,2.4452537316828966,9.824187979102135,8.180693425238132,0.04702411022467109,0.11695461879883494,0.12985227659108148,52.0,84.0,63.0,0.0,0.8,0.984375,18.004881404340267,0.12248218642408346,0.12248218642408346,4508.61376953125,-0.008638794533908367,0.018928756937384605
102,129.8754429742694,0.8235294117647058,0.5545440564164892,52.74218877404928,77.13325420022011,0.010664308777240176,0.6278831996910629,1.224337368257462,52.0,84.0,63.0,0.0,0.8235294117647058,1.0,129.8754429742694,0.8835064147909483,0.8835064147909483,2021.3870849609375,-0.003064878052100539,0.025907155126333237
103,128.43267741799355,1.0,0.2821770301088691,58.41334769129753,70.01932972669601,0.005426481348247482,0.6953969963249707,1.111417932169778,52.0,84.0,63.0,0.0,1.0,1.0,128.43267741799355,0.8736916831156023,0.8736916831156023,781.7228393554688,-0.006100829690694809,0.030567804351449013
104,12.766032030805945,0.03529411764705882,1.8262236704467796,7.032829502597451,5.733202528208494,0.035119685970130377,0.08372416074520775,0.09100321473346816,52.0,84.0,63.0,0.0,0.03529411764705882,0.03125,12.766032030805945,0.08684375531160507,0.08684375531160507,3083.900390625,0.002353931777179241,0.02926158346235752
105,12.374976553954184,0.23529411764705882,1.0482257899129763,7.271340565755963,5.103635988198221,0.020158188267557237,0.08656357816376146,0.08101009505076541,52.0,84.0,63.0,0.0,0.23529411764705882,0.0,12.374976553954184,0.08418351397247745,0.08418351397247745,1904.7109375,0.00945113506168127,0.026784125715494156
106,3.2974917319370434,0.09411764705882353,0.21901464910479262,2.1543895211070776,1.1431022108299658,0.004211820175092166,0.02564749429889378,0.018144479536983584,52.0,84.0,63.0,0.0,0.09411764705882353,0.0,3.2974917319370434,0.02243191654378941,0.02243191654378941,2399.22900390625,0.00048821637756191194,0.021796690300107002
107,187.86123847961426,1.0,1.4780912853311747,90.06946110725403,97.79177737236023,0.028424832410214897,1.0722554893720717,1.5522504344819084,52.0,84.0,63.0,0.0,1.0,1.0,187.86123847961426,1.2779676087048588,1.2779676087048588,3016.0595703125,0.009485699236392975,0.03675457090139389
108,0.039347956073470414,0.0,0.1409965194761753,0.039347956073470414,0.0,0.0027114715283879866,0.0004684280484936954,0.0,52.0,84.0,63.0,0.0,0.0,0.0,0.039347956073470414,0.00026767317056782593,0.00026767317056782593,2780.121337890625,0.003854096867144108,0.017724445089697838
109,196.05014560371637,0.9882352941176471,0.03417170140892267,85.657933332026,110.39221227169037,0.0006571481040177437,1.0197373015717381,1.7522573376458788,52.0,84.0,63.0,0.0,0.9882352941176471,1.0,196.05014560371637,1.333674459889227,1.333674459889227,1876.320556640625,0.00010438406025059521,0.01964922621846199
110,142.17001505428925,0.16470588235294117,0.4481275581638329,7.1181938224472106,135.05182123184204,0.008617837656996787,0.08474040264818108,2.1436797020927307,52.0,84.0,63.0,0.0,0.16470588235294117,1.0,142.17001505428925,0.9671429595529881,0.9671429595529881,945.7139282226562,-0.0036979010328650475,0.0454615093767643
111,1.522507746471092,0.023529411764705882,0.0027230526320636272,1.520013753324747,0.0024939931463450193,5.236639677045437e-05,0.018095401825294608,3.958719279912729e-05,52.0,84.0,63.0,0.0,0.023529411764705882,0.0,1.522507746471092,0.010357195554225117,0.010357195554225117,2854.319091796875,0.006796174682676792,0.020544370636343956
112,1.8129808390513062,0.0,0.3362947439891286,1.8129808390513062,0.0,0.006467206615175551,0.021583105226801264,0.0,52.0,84.0,63.0,0.0,0.0,0.0,1.8129808390513062,0.01233320298674358,0.01233320298674358,2928.33251953125,0.004280945751816034,0.034216199070215225
113,171.4436340034008,1.0,0.37557424209080637,57.42410692572594,114.01952707767487,0.007222581578669353,0.6836203205443564,1.8098337631376962,52.0,84.0,63.0,0.0,1.0,1.0,171.4436340034008,1.1662832245129306,1.1662832245129306,974.6831665039062,0.00798586755990982,0.02697785757482052
114,23.139311879873276,1.0,2.6493845153599977,12.114272981882095,11.02503889799118,0.0509497022184615,0.14421753549859637,0.17500061742843143,52.0,84.0,63.0,0.07547169811320754,1.0,1.0,23.139311879873276,0.1574102848970971,0.1574102848970971,4461.50439453125,0.0035777941811829805,0.015674496069550514
115,135.83881197869778,1.0,0.819255355047062,34.405467584729195,101.43334439396858,0.01575491067398196,0.4095888998182047,1.6100530856185489,52.0,84.0,63.0,0.0,1.0,1.0,135.83881197869778,0.924073550875495,0.924073550875495,855.6014404296875,0.0047190506011247635,0.024578042328357697
116,19.651490196585655,0.7294117647058823,2.4055378991906764,11.300148881971836,8.35134131461382,0.046260344215205314,0.13452558192823613,0.1325609732478384,52.0,84.0,63.0,0.16981132075471697,0.7294117647058823,1.0,19.651490196585655,0.13368360677949426,0.13368360677949426,4111.2646484375,0.0028239015955477953,0.013753985054790974
117,117.64081469504163,0.29411764705882354,0.22840467002242804,8.220891568344086,109.41992312669754,0.0043923975004313085,0.09786775676600103,1.7368241766142467,52.0,84.0,63.0,0.0,0.29411764705882354,0.984375,117.64081469504163,0.8002776509866777,0.8002776509866777,1062.888916015625,0.012132875621318817,0.028812551870942116
118,53.44445112347603,1.0,4.804423820227385,26.573303639888763,26.871147483587265,0.09239276577360354,0.3163488528558186,0.4265261505331312,52.0,84.0,63.0,0.5660377358490566,1.0,1.0,53.44445112347603,0.363567694717524,0.363567694717524,5228.11083984375,0.0004786952631548047,0.017986943945288658
119,92.33938222308643,0.3058823529411765,0.2331019975244999,6.969519487814978,85.36986273527145,0.004482730721624998,0.08297047009303544,1.35507718627415,52.0,84.0,63.0,0.0,0.3058823529411765,1.0,92.33938222308643,0.6281590627420846,0.6281590627420846,1505.1004638671875,-0.00046031997771933675,0.02773822657763958
120,230.73102714121342,0.9882352941176471,0.2529196464456618,90.65748180449009,140.07354533672333,0.004863839354724265,1.0792557357677393,2.223389608519418,52.0,84.0,63.0,0.0,0.9882352941176471,1.0,230.73102714121342,1.5695988240898873,1.5695988240898873,1218.7197265625,-0.0036341692321002483,0.028842689469456673
121,219.67405503988266,1.0,0.6896715509938076,106.03751450777054,113.63654053211212,0.013262914442188608,1.2623513631877445,1.8037546116208274,52.0,84.0,63.0,0.0,1.0,1.0,219.67405503988266,1.4943813268019228,1.4943813268019228,1253.43603515625,0.0050286115147173405,0.021831657737493515
122,1.947395990602672,0.023529411764705882,0.07600290444679558,1.764144922606647,0.18325106799602509,0.0014615943162845303,0.02100172526912675,0.0029087471110480173,52.0,84.0,63.0,0.0,0.023529411764705882,0.015625,1.947395990602672,0.013247591772807293,0.013247591772807293,8216.6240234375,0.004200965166091919,0.0222299974411726
123,1.6908578237053007,0.0,0.6568715237663127,1.6908578237053007,0.0,0.012632144687813707,0.020129259806015484,0.0,52.0,84.0,63.0,0.0,0.0,0.0,1.6908578237053007,0.01150243417486599,0.01150243417486599,3032.436767578125,-0.006377482786774635,0.034876178950071335
124,10.84874285850674,0.2235294117647059,0.4987603132613003,5.01304588560015,5.8356969729065895,0.009591544485794237,0.059679117685716064,0.09263011068105698,52.0,84.0,63.0,0.0,0.2235294117647059,0.0,10.84874285850674,0.07380097182657645,0.07380097182657645,1773.8531494140625,-0.0006126566440798342,0.02688288502395153
125,9.215303996672446,0.3764705882352941,1.2334142262116075,6.129164248333836,3.08613974833861,0.02371950435022322,0.07296624105159329,0.048986345211723965,52.0,84.0,63.0,0.09433962264150944,0.3764705882352941,0.328125,9.215303996672446,0.06268914283450644,0.06268914283450644,4133.4619140625,0.0015666077379137278,0.012168503366410732
126,205.10539148002863,0.9882352941176471,1.1389981410466135,48.44703111797571,156.65836036205292,0.021903810404742565,0.5767503704520918,2.4866406406675066,52.0,84.0,63.0,0.0,0.9882352941176471,1.0,205.10539148002863,1.3952747719729839,1.3952747719729839,754.51611328125,-0.006045166403055191,0.03301407769322395
127,156.08598935604095,0.9294117647058824,0.22852729074656963,39.78737485408783,116.29861450195312,0.004394755591280186,0.47365922445342656,1.846009753999256,52.0,84.0,63.0,0.0,0.9294117647058824,1.0,156.08598935604095,1.0618094514016392,1.0618094514016392,780.081298828125,-0.004780975170433521,0.03529476001858711
128,19.105326801538467,0.6470588235294118,4.072549257427454,10.764388464391232,8.340938337147236,0.07831825495052797,0.12814748171894325,0.1323958466213847,52.0,84.0,63.0,0.2641509433962264,0.6470588235294118,0.96875,19.105326801538467,0.1299682095342753,0.1299682095342753,4342.9091796875,0.00016680236149113625,0.017819812521338463
129,156.70375913381577,0.36470588235294116,0.6785721415653825,33.21250009536743,123.49125903844833,0.01304946426087274,0.39538690589723136,1.9601787148960053,52.0,84.0,63.0,0.0,0.36470588235294116,1.0,156.70375913381577,1.0660119668967059,1.0660119668967059,497.4914855957031,0.00770976860076189,0.07508700340986252
130,24.50211786478758,0.8,3.8005116917192936,14.164950788021088,10.337167076766491,0.0730867633022941,0.16863036652406058,0.1640820170915316,52.0,84.0,63.0,0.20754716981132076,0.8,0.953125,24.50211786478758,0.16668107391011958,0.16668107391011958,2399.45458984375,0.0030541694723069668,0.01892067678272724
131,215.2089807987213,1.0,0.29507886292412877,78.75095736980438,136.45802342891693,0.005674593517771707,0.937511397259576,2.1660003718875704,52.0,84.0,63.0,0.0,1.0,1.0,215.2089807987213,1.464006672100145,1.464006672100145,1178.2945556640625,-0.0008814888424240053,0.027874207124114037
132,205.28766292333603,1.0,0.4576915802899748,96.21099418401718,109.07666873931885,0.008801761159422593,1.145368978381157,1.7313756942749023,52.0,84.0,63.0,0.0,1.0,1.0,205.28766292333603,1.3965147137641907,1.3965147137641907,2993.422119140625,0.0023664161562919617,0.016320200636982918
133,145.04537989199162,0.9882352941176471,0.26809971686452627,52.45446206629276,92.59091782569885,0.005155763785856275,0.6244578817415805,1.4696971083444261,52.0,84.0,63.0,0.0,0.9882352941176471,1.0,145.04537989199162,0.9867032645713716,0.9867032645713716,1047.2633056640625,0.003995421342551708,0.03154902532696724
134,16.092621409584353,0.0,1.6000918243080378,5.990173579443763,10.10244783014059,0.03077099662130842,0.07131159023147336,0.16035631476413637,52.0,84.0,63.0,0.0,0.0,0.0,16.092621409584353,0.10947361503118608,0.10947361503118608,93.76730346679688,-0.059452518820762634,0.18706297874450684
135,153.35833179950714,1.0,0.27467926777899265,57.22053587436676,96.13779592514038,0.005282293611134474,0.6811968556472233,1.525996760716514,52.0,84.0,63.0,0.03773584905660377,1.0,1.0,153.35833179950714,1.0432539578197764,1.0432539578197764,2576.59130859375,-0.0030190201941877604,0.012253895401954651
136,192.18869227170944,1.0,0.1008475108537823,63.163696110248566,129.02499616146088,0.0019393752087265826,0.7519487632172448,2.0480158120866805,52.0,84.0,63.0,0.0,1.0,1.0,192.18869227170944,1.3074060698755745,1.3074060698755745,1393.9127197265625,-0.005247641354799271,0.027981527149677277
137,158.03675404191017,1.0,0.821041096933186,69.0143873989582,89.02236664295197,0.015789251864099733,0.8215998499875977,1.4130534387770153,52.0,84.0,63.0,0.0,1.0,1.0,158.03675404191017,1.0750799594687768,1.0750799594687768,1582.7659912109375,-0.0013557522324845195,0.018933065235614777
138,88.82388684153557,1.0,11.615686938166618,45.746188789606094,43.077698051929474,0.22337859496474266,0.5445974855905488,0.6837729849512615,52.0,84.0,63.0,0.8679245283018868,1.0,1.0,88.82388684153557,0.6042441281737113,0.6042441281737113,3482.406005859375,-0.008631720207631588,0.02888030931353569
139,31.73830645433918,0.0,0.08712856494821608,0.5777014951454476,31.160604959193734,0.0016755493259272324,0.006877398751731519,0.49461277713005924,52.0,84.0,63.0,0.0,0.0,0.953125,31.73830645433918,0.2159068466281577,0.2159068466281577,1601.61181640625,-0.003726077964529395,0.018099278211593628
140,0.16809532279148698,0.0,0.06296262890100479,0.16809532279148698,0.0,0.0012108197865577845,0.0020011347951367497,0.0,52.0,84.0,63.0,0.0,0.0,0.0,0.16809532279148698,0.0011435055972209998,0.0011435055972209998,1622.9420166015625,0.0050648576579988,0.03428056836128235
141,271.77543514966965,1.0,0.9625751157291234,137.8327540755272,133.94268107414246,0.018511059917867757,1.6408661199467522,2.1260743027641658,52.0,84.0,63.0,0.09433962264150944,1.0,1.0,271.77543514966965,1.8488124840113582,1.8488124840113582,2277.2451171875,0.003698563203215599,0.018456662073731422
142,11.452186204958707,0.0,3.3187407245277427,6.686201192205772,4.765985012752935,0.0638219370101489,0.0795976332405449,0.0756505557579831,52.0,84.0,63.0,0.0,0.0,0.0,11.452186204958707,0.07790602860516127,0.07790602860516127,1479.6922607421875,0.050179991871118546,0.12598365545272827
143,64.48306841682643,0.32941176470588235,0.054606283316388726,12.513938552699983,51.969129864126444,0.0010501208330074756,0.1489754589607141,0.8249068232401023,52.0,84.0,63.0,0.0,0.32941176470588235,0.953125,64.48306841682643,0.43866032936616617,0.43866032936616617,1743.0517578125,0.001968610333278775,0.01741970330476761
144,161.93716877698898,1.0,0.25833650794811547,72.31804555654526,89.61912322044373,0.00496800976823299,0.8609291137683959,1.4225257654038688,52.0,84.0,63.0,0.0,1.0,1.0,161.93716877698898,1.1016133930407415,1.1016133930407415,2887.0126953125,-0.0008505661971867085,0.02255190908908844
145,1.4811705678166618,0.011764705882352941,0.5249057316104881,1.109313812239634,0.3718567555770278,0.010094340992509387,0.013206116812376595,0.005902488183762346,52.0,84.0,63.0,0.0,0.011764705882352941,0.0,1.4811705678166618,0.010075990257256202,0.010075990257256202,2036.6348876953125,0.0046064886264503,0.020821673795580864
146,12.189590917900205,0.0,0.955576547421515,6.321322476491332,5.868268441408873,0.018376472065798365,0.07525383900584919,0.09314711811760115,52.0,84.0,63.0,0.0,0.0,0.0,12.189590917900205,0.08292238719660003,0.08292238719660003,952.4290161132812,0.012129268608987331,0.059618476778268814
147,0.0,0.0,0.01020136522129178,0.0,0.0,0.00019618010040945731,0.0,0.0,52.0,84.0,63.0,0.0,0.0,0.0,0.0,0.0,0.0,929.24658203125,-0.008924998342990875,0.03427440673112869
148,263.010895550251,1.0,0.7213783099432476,103.71063476800919,159.30026078224182,0.013872659806600915,1.2346504139048713,2.5285755679720925,52.0,84.0,63.0,0.0,1.0,1.0,263.010895550251,1.789189765647966,1.789189765647966,812.2322387695312,-0.007615719456225634,0.0503632128238678
149,147.3388995230198,1.0,0.255606314400211,67.02283576130867,80.31606376171112,0.004915506046157903,0.7978909019203413,1.2748581549477955,52.0,84.0,63.0,0.0,1.0,1.0,147.3388995230198,1.0023054389321073,1.0023054389321073,3102.29638671875,-0.00027835500077344477,0.01848756894469261
150,18.215483367443085,0.5058823529411764,0.9482980617485737,9.375349663197994,8.84013370424509,0.01823650118747257,0.11161130551426184,0.14031958260706492,52.0,84.0,63.0,0.0,0.5058823529411764,0.953125,18.215483367443085,0.12391485283974887,0.12391485283974887,3153.567138671875,0.0008039288222789764,0.01969585195183754
151,82.01852252334356,0.047058823529411764,0.22029610304161906,3.162490151822567,78.856032371521,0.0042364635200311355,0.03764869228360199,1.2516830535162062,52.0,84.0,63.0,0.0,0.047058823529411764,0.984375,82.01852252334356,0.557949132811861,0.557949132811861,1137.776123046875,-0.012651889584958553,0.039124928414821625
152,49.90974398609251,0.4,0.206738571767346,11.424723128788173,38.485020857304335,0.0039757417647566535,0.1360086086760497,0.6108733469413387,52.0,84.0,63.0,0.0,0.4,0.96875,49.90974398609251,0.3395220679326021,0.3395220679326021,2113.3125,0.007356331683695316,0.021385807543992996
153,119.32411333546042,0.611764705882353,0.13880719803273678,23.820033203810453,95.50408013164997,0.0026693691929372456,0.28357182385488633,1.5159377798674598,52.0,84.0,63.0,0.0,0.611764705882353,0.984375,119.32411333546042,0.8117286621459893,0.8117286621459893,1512.2509765625,-0.0028391832020133734,0.026415260508656502
154,36.43765689432621,0.5411764705882353,1.1803692858666182,13.265013113617897,23.172643780708313,0.02269940934358881,0.15791682278116545,0.3678197425509256,52.0,84.0,63.0,0.0,0.5411764705882353,0.984375,36.43765689432621,0.2478752169682055,0.2478752169682055,1936.3062744140625,0.00565091148018837,0.02388649620115757
155,174.40220195055008,1.0,1.795361702737864,47.82441681623459,126.57778513431549,0.03452618659111277,0.5693382954313642,2.0091711926081826,52.0,84.0,63.0,0.0,1.0,1.0,174.40220195055008,1.1864095370785719,1.1864095370785719,2143.0146484375,-0.005558427888900042,0.029526684433221817
156,207.1087422966957,1.0,0.5912934292573482,91.83725255727768,115.27148973941803,0.011371027485718234,1.0933006256818771,1.8297061863399686,52.0,84.0,63.0,0.018867924528301886,1.0,1.0,207.1087422966957,1.4089030088210592,1.4089030088210592,1532.6253662109375,0.0007987228455021977,0.018651679158210754
157,92.85676303505898,1.0,0.2181972392136231,52.02853932976723,40.82822370529175,0.0041961007541081365,0.6193873729734194,0.6480670429411388,52.0,84.0,63.0,0.0,1.0,1.0,92.85676303505898,0.631678660102442,0.631678660102442,2608.78076171875,-0.0029437618795782328,0.018582575023174286
158,42.36212357878685,0.9883720930232558,5.294414281845093,23.271122321486473,19.091001257300377,0.10181565926625179,0.27377790966454674,0.30303176598889486,52.0,85.0,63.0,0.6981132075471698,0.9883720930232558,1.0,42.36212357878685,0.28623056472153274,0.28623056472153274,2062.453857421875,-0.0014745029620826244,0.018039271235466003
159,43.09908248484135,1.0,3.7228501588106155,23.124191537499428,19.97489094734192,0.07159327228481953,0.2752879944940408,0.31706176106891937,52.0,84.0,63.0,0.0,1.0,1.0,43.09908248484135,0.29319103731184587,0.29319103731184587,5129.1650390625,-0.00035967142321169376,0.022048048675060272
160,1.144217316992581,0.011627906976744186,0.3720313683152199,1.1066020438447595,0.037615273147821426,0.007154449390677305,0.01301884757464423,0.0005970678277431973,52.0,85.0,63.0,0.0,0.011627906976744186,0.0,1.144217316992581,0.007731198087787708,0.007731198087787708,1355.8387451171875,0.0009127602679654956,0.021299729123711586
161,317.8195569515228,1.0,0.0696324105374515,151.82447290420532,165.9950840473175,0.0013390848180279136,1.8074342012405396,2.6348426039256747,52.0,84.0,63.0,0.0,1.0,1.0,317.8195569515228,2.162037802391312,2.162037802391312,2164.777099609375,-0.0055614737793803215,0.030880162492394447
162,0.6261762361973524,0.0,0.10063699074089527,0.5663803895004094,0.059795846696943045,0.0019353267450172168,0.0067426236845286825,0.0009491404237610007,52.0,84.0,63.0,0.0,0.0,0.0,0.6261762361973524,0.004259702287056819,0.004259702287056819,1599.09130859375,-0.002357965335249901,0.025562217459082603
163,308.08245995640755,0.9883720930232558,0.7496284930966794,128.85055020451546,179.2319097518921,0.014415932559551528,1.515888825935476,2.8449509484427318,52.0,85.0,63.0,0.03773584905660377,0.9883720930232558,1.0,308.08245995640755,2.0816382429486997,2.0816382429486997,914.2786865234375,0.0029015610925853252,0.016513338312506676
164,16.844296738505363,0.5697674418604651,0.751507635548478,7.867542631924152,8.976754106581211,0.014452069914393807,0.09255932508146061,0.14026178291533142,52.0,85.0,64.0,0.0,0.5697674418604651,0.9846153846153847,16.844296738505363,0.11304897139936486,0.11304897139936486,2819.682861328125,-0.0016666275914758444,0.016684677451848984
165,1.7827535630203784,0.0,0.58877037698403,1.669555894099176,0.11319766892120242,0.011322507249692885,0.019875665405942572,0.0017967883955746415,52.0,84.0,63.0,0.0,0.0,0.0,1.7827535630203784,0.01212757525864203,0.01212757525864203,3198.031982421875,-0.0024601793847978115,0.0276633407920599
166,21.14127830415964,1.0,2.2309677121811546,10.959676623344421,10.18160168081522,0.042903225234252974,0.13047234075410025,0.16161272509230507,52.0,84.0,63.0,0.09433962264150944,1.0,1.0,21.14127830415964,0.14381821975618803,0.14381821975618803,5587.5302734375,0.0007604886777698994,0.01286825817078352
167,26.467328369617462,0.9764705882352941,2.6206508241593838,14.914484411478043,11.55284395813942,0.050397131233834304,0.17755338585092909,0.18337847552602254,52.0,84.0,63.0,0.018867924528301886,0.9764705882352941,0.953125,26.467328369617462,0.18004985285454056,0.18004985285454056,3451.00927734375,-0.00042628298979252577,0.023599898442626
168,21.101672532502562,0.6823529411764706,13.065990269184113,17.339293628931046,3.7623789035715163,0.251269043638156,0.2064201622491791,0.05972030005669073,52.0,84.0,63.0,0.9811320754716981,0.6823529411764706,0.0625,21.101672532502562,0.14354879273811266,0.14354879273811266,4259.58642578125,-0.005003582686185837,0.026368463411927223
169,37.334393337368965,0.9883720930232558,4.101409547030926,18.95961007475853,18.374783262610435,0.07887326051982549,0.22305423617362977,0.28710598847828805,52.0,85.0,64.0,0.03773584905660377,0.9883720930232558,0.9846153846153847,37.334393337368965,0.2505663982373756,0.2505663982373756,4159.2705078125,-0.008981776423752308,0.026244591921567917
170,0.3256288366392255,0.0,0.052071424724999815,0.315014386549592,0.010614450089633465,0.0010013735524038426,0.0037060516064657883,0.00016848333475608673,52.0,85.0,63.0,0.0,0.0,0.0,0.3256288366392255,0.0022001948421569288,0.0022001948421569288,1397.285888671875,0.0004538174835033715,0.03462296724319458
171,65.49688295356464,0.3953488372093023,0.34036971908062696,15.705685664783232,49.791197288781404,0.006545571520781288,0.18477277252686156,0.7779874576372094,52.0,85.0,64.0,0.0,0.3953488372093023,0.9692307692307692,65.49688295356464,0.43957639566150764,0.43957639566150764,2061.356689453125,0.001223310362547636,0.02038469910621643
172,12.332800457719713,0.0,1.9949341313913465,6.6189812165685,5.713819241151214,0.03836411791137205,0.07879739543533928,0.09069554351033672,52.0,84.0,63.0,0.0,0.0,0.015625,12.332800457719713,0.08389660175319533,0.08389660175319533,1283.30078125,0.013895884156227112,0.04770556092262268
173,38.8377980440855,0.9186046511627907,3.3788346350193024,19.417729392647743,19.42006865143776,0.06497758913498658,0.2284438752076205,0.303438572678715,52.0,85.0,64.0,0.0,0.9186046511627907,0.9846153846153847,38.8377980440855,0.2606563627119832,0.2606563627119832,1625.69091796875,-0.006831176578998566,0.03279250115156174
174,3.2524809891183395,0.03488372093023256,1.3030219946522266,2.6812536063371226,0.5712273827812169,0.02505811528177359,0.031544160074554385,0.008925427855956514,52.0,85.0,64.0,0.0,0.03488372093023256,0.0,3.2524809891183395,0.02182873147059288,0.02182873147059288,1142.9967041015625,-0.006508877035230398,0.030950842425227165
175,6.788878129707882,0.29069767441860467,0.5830830314662308,4.689634447393473,2.099243682314409,0.011213135220504437,0.05517216996933498,0.03280068253616264,52.0,85.0,64.0,0.0,0.29069767441860467,0.06153846153846154,6.788878129707882,0.04556294046783813,0.04556294046783813,2801.87255859375,0.003682522103190422,0.01559927687048912
176,0.2795912711881101,0.0,0.09302588552236557,0.2795912711881101,0.0,0.0017889593369685686,0.0032893090728012956,0.0,52.0,85.0,64.0,0.0,0.0,0.0,0.2795912711881101,0.0018764514844839604,0.0018764514844839604,1332.25439453125,0.002028166316449642,0.03145208954811096
177,37.5575322303921,0.1744186046511628,0.468299561413005,15.149938674643636,22.407593555748463,0.009005760796403943,0.1782345726428663,0.35011864930856973,52.0,85.0,64.0,0.0,0.1744186046511628,0.9846153846153847,37.5575322303921,0.2520639747006181,0.2520639747006181,1008.2039184570312,0.006736628711223602,0.04619308188557625
178,191.28509372472763,1.0,0.20150401815772057,101.00730246305466,90.27779126167297,0.003875077272263857,1.188321205447702,1.4105904884636402,52.0,85.0,64.0,0.0,1.0,1.0,191.28509372472763,1.2837925753337425,1.2837925753337425,1331.63427734375,0.0016230252804234624,0.023281598463654518
179,96.97583119478077,0.37209302325581395,1.5238907504826784,14.37204489018768,82.60378630459309,0.029305591355436124,0.16908288106103153,1.290684161009267,52.0,85.0,64.0,0.0,0.37209302325581395,0.9692307692307692,96.97583119478077,0.6508445046629582,0.6508445046629582,1328.3681640625,0.004662100225687027,0.02728845365345478
180,0.0,0.0,0.1438934961333871,0.0,0.0,0.0027671826179497517,0.0,0.0,52.0,85.0,64.0,0.0,0.0,0.0,0.0,0.0,0.0,2951.908203125,-0.0033660142216831446,0.018922267481684685
181,72.57223464921117,0.4186046511627907,0.584573341475334,17.15205166861415,55.42018298059702,0.011241795028371807,0.20178884316016646,0.8659403590718284,52.0,85.0,64.0,0.0,0.4186046511627907,0.9692307692307692,72.57223464921117,0.48706197751148433,0.48706197751148433,2843.643798828125,0.009822370484471321,0.03169415518641472
182,5.239002228132449,0.0,0.016627196688205004,1.994308061315678,3.244694166816771,0.00031975378246548085,0.02346244778018445,0.05069834635651205,52.0,85.0,64.0,0.0,0.0,0.0,5.239002228132449,0.03516108877941241,0.03516108877941241,2632.406005859375,0.0010493247536942363,0.02935273014008999
183,146.86441710591316,0.7325581395348837,4.133769592270255,70.93101319670677,75.93340390920639,0.07949556908212028,0.8344825081965502,1.1864594360813498,52.0,85.0,64.0,0.03773584905660377,0.7325581395348837,1.0,146.86441710591316,0.985667228898746,0.985667228898746,91.69269561767578,0.0012131683761253953,0.12230633199214935
184,111.4166104439646,0.2441860465116279,0.09627847414230928,10.199886092916131,101.21672435104847,0.0018515091181213323,0.11999865991666037,1.5815113179851323,52.0,85.0,64.0,0.0,0.2441860465116279,0.9846153846153847,111.4166104439646,0.7477624862011047,0.7477624862011047,2205.019287109375,-0.010518435388803482,0.032829608768224716
185,70.63096231222153,1.0,7.660607278347015,39.820674151182175,30.810288161039352,0.1473193707374426,0.46847851942567265,0.4814107525162399,52.0,85.0,64.0,0.660377358490566,1.0,1.0,70.63096231222153,0.4740333041088693,0.4740333041088693,3574.854736328125,0.00024528318317607045,0.02840382605791092
186,296.6509254127741,0.9883720930232558,0.3153454385465011,127.3205447345972,169.33038067817688,0.006064335356663482,1.4978887615834966,2.6457871980965137,52.0,85.0,64.0,0.0,0.9883720930232558,1.0,296.6509254127741,1.9909458081394233,1.9909458081394233,795.3447875976562,0.0019398960284888744,0.018546780571341515
187,7.88435772981029,0.18604651162790697,0.19746093894355,3.9586700926302,3.92568763718009,0.003797325748914423,0.04657258932506118,0.061338869330938905,52.0,85.0,64.0,0.0,0.18604651162790697,0.046153846153846156,7.88435772981029,0.05291515254906235,0.05291515254906235,2202.58837890625,-0.002202175324782729,0.025317775085568428
188,18.171968592330813,0.22093023255813954,0.5715437076287344,7.967389879748225,10.204578712582588,0.01099122514670643,0.09373399858527323,0.15944654238410294,52.0,85.0,64.0,0.0,0.22093023255813954,0.8615384615384616,18.171968592330813,0.12195952075389807,0.12195952075389807,4282.11865234375,-5.8657326007960364e-05,0.028017958626151085
189,115.4280283022672,0.29069767441860467,0.9249409809708595,10.5019870121032,104.926041290164,0.017787326557131913,0.1235527883776847,1.6394693951588124,52.0,85.0,64.0,0.0,0.29069767441860467,0.9538461538461539,115.4280283022672,0.7746847537064913,0.7746847537064913,1164.0531005859375,0.0036494694650173187,0.027686335146427155
190,210.38145485520363,0.9767441860465116,0.3816439276561141,52.48087766766548,157.90057718753815,0.007339306301079118,0.6174220902078292,2.4671965185552835,52.0,85.0,64.0,0.0,0.9767441860465116,1.0,210.38145485520363,1.4119560728537157,1.4119560728537157,2233.3388671875,-0.0002748793049249798,0.03046603873372078
191,220.5566639751196,0.9767441860465116,0.6302481642924249,87.94787012040615,132.60879385471344,0.012120157005623557,1.0346808249459547,2.0720124039798975,52.0,85.0,64.0,0.0,0.9767441860465116,1.0,220.5566639751196,1.4802460669471114,1.4802460669471114,2013.448974609375,-0.005682745017111301,0.03446320816874504
192,23.65465219861653,0.26744186046511625,0.5590440194646362,5.770820041958359,17.883832156658173,0.010750846528166082,0.06789200049362776,0.27943487744778395,52.0,85.0,64.0,0.0,0.26744186046511625,0.9692307692307692,23.65465219861653,0.15875605502427204,0.15875605502427204,1583.16943359375,-0.0076484233140945435,0.02158275805413723
193,41.09591965004802,0.2441860465116279,0.1470749657601118,5.137683732435107,35.95823591761291,0.0028283647261559963,0.06044333802864832,0.5618474362127017,52.0,85.0,64.0,0.0,0.2441860465116279,0.9230769230769231,41.09591965004802,0.27581154127549007,0.27581154127549007,1803.177490234375,-0.0024947344791144133,0.013986308127641678
194,1.2662381361296866,0.0,0.593739178031683,1.25769586651586,0.008542269613826647,0.011418061115993904,0.014796421959010117,0.00013347296271604137,52.0,85.0,64.0,0.0,0.0,0.0,1.2662381361296866,0.008498242524360313,0.008498242524360313,2463.16455078125,0.00331511371769011,0.028234221041202545
195,16.335305374115705,0.5348837209302325,2.1317588672973216,9.888156279921532,6.447149094194174,0.0409953628326408,0.11633125035201802,0.10073670459678397,52.0,85.0,64.0,0.0,0.5348837209302325,0.36923076923076925,16.335305374115705,0.1096329219739309,0.1096329219739309,3090.58935546875,-0.0013702864525839686,0.022187860682606697
196,107.08657979220152,0.9767441860465116,0.695475627318956,26.601894192397594,80.48468559980392,0.013374531294595307,0.31296346108703055,1.2575732124969363,52.0,85.0,64.0,0.0,0.9767441860465116,1.0,107.08657979220152,0.7187018778000102,0.7187018778000102,1193.4207763671875,0.005401107016950846,0.02435968816280365
197,13.664828304201365,0.3488372093023256,2.305149151943624,8.069846294820309,5.594982009381056,0.04432979138353123,0.09493936817435657,0.087421593896579,52.0,85.0,64.0,0.0,0.3488372093023256,0.2,13.664828304201365,0.09171025707517694,0.09171025707517694,2494.093017578125,0.0026504434645175934,0.02076840028166771
198,49.29434444592334,0.0,0.0,0.4874523526523262,48.80689209327102,0.0,0.005734733560615603,0.7626076889573596,52.0,85.0,64.0,0.0,0.0,0.9230769230769231,49.29434444592334,0.330834526482707,0.330834526482707,2445.240966796875,0.0020223886240273714,0.03488678112626076
199,1.8245264703873545,0.023255813953488372,0.16325942368712276,1.8245264703873545,0.0,0.003139604301675438,0.021465017298674758,0.0,52.0,85.0,64.0,0.0,0.023255813953488372,0.0,1.8245264703873545,0.012245144096559427,0.012245144096559427,2295.84814453125,0.002765861339867115,0.02514369785785675
200,199.15925377607346,0.9883720930232558,0.7938368238974363,81.74565833806992,117.41359543800354,0.015266092767258389,0.9617136275067049,1.8345874287188053,52.0,85.0,64.0,0.0,0.9883720930232558,1.0,199.15925377607346,1.3366392870877413,1.3366392870877413,830.5134887695312,-0.0026411667931824923,0.0465691015124321
201,2.0427477192133665,0.0,0.3341120938421227,2.0229153782129288,0.019832341000437737,0.006425232573886975,0.023799004449563867,0.00030988032813183963,52.0,85.0,64.0,0.0,0.0,0.0,2.0427477192133665,0.01370971623633132,0.01370971623633132,3228.57861328125,-0.0035199085250496864,0.03674662858247757
202,43.83927558362484,0.8953488372093024,5.9667967557907104,21.468473717570305,22.370801866054535,0.11474609145751366,0.2525702790302389,0.3495437791571021,52.0,85.0,64.0,0.0,0.8953488372093024,1.0,43.83927558362484,0.2942233260645962,0.2942233260645962,2730.7578125,-0.004859811160713434,0.035060808062553406
203,239.458313703537,1.0,0.8453147367108613,128.3386789560318,111.11963474750519,0.016256052629055027,1.509866811247433,1.7362442929297686,52.0,85.0,64.0,0.0,1.0,1.0,239.458313703537,1.6071027765338053,1.6071027765338053,1580.0118408203125,-0.008153639733791351,0.030419357120990753
204,25.322055533528328,1.0,5.044004008173943,12.929708555340767,12.392346978187561,0.09700007708026813,0.15211421829812666,0.19363042153418064,52.0,85.0,64.0,1.0,1.0,1.0,25.322055533528328,0.16994668143307604,0.16994668143307604,3419.17431640625,-0.003147898009046912,0.012564258649945259
205,130.83295699954033,1.0,0.026619616895914078,52.35082074999809,78.48213624954224,0.0005119157095368092,0.6158920088235069,1.2262833788990974,52.0,85.0,64.0,0.0,1.0,1.0,130.83295699954033,0.8780735369096666,0.8780735369096666,2561.523193359375,0.0015526791103184223,0.02947470173239708
206,3.157273799064569,0.0,0.39007522008614615,2.987297319690697,0.16997647937387228,0.007501446540118195,0.03514467434930232,0.0026558824902167544,52.0,85.0,64.0,0.0,0.0,0.0,3.157273799064569,0.021189757040701807,0.021189757040701807,1821.4161376953125,-0.004660863894969225,0.03640269860625267
207,10.031287246878492,0.0,1.1824528459110297,4.942274078493938,5.089013168384554,0.02273947780598134,0.058144400923458094,0.07951583075600865,52.0,85.0,64.0,0.0,0.0,0.0,10.031287246878492,0.06732407548240599,0.06732407548240599,396.5559997558594,0.002924805274233222,0.0804428979754448
208,89.57937344908714,1.0,0.21423594700172544,49.23759517073631,40.34177827835083,0.004119922057725489,0.5792658255380743,0.6303402855992317,52.0,85.0,64.0,0.0,1.0,1.0,89.57937344908714,0.6012038486515916,0.6012038486515916,2017.2965087890625,0.002571073127910495,0.026813890784978867
209,2.357255626062397,0.0,0.24260268795478623,1.3452165045309812,1.0120391215314157,0.004665436306822812,0.015826076523893895,0.01581311127392837,52.0,85.0,64.0,0.0,0.0,0.0,2.357255626062397,0.01582050755746575,0.01582050755746575,2562.4296875,-0.0029724687337875366,0.045596398413181305
210,18.726229663938284,0.27906976744186046,2.442742445273325,11.37681083753705,7.349418826401234,0.04697581625525625,0.13384483338278882,0.11483466916251928,52.0,85.0,64.0,0.0,0.27906976744186046,0.0,18.726229663938284,0.12567939371770662,0.12567939371770662,7373.7587890625,-0.006818761583417654,0.03705344721674919
211,6.141315072862199,0.06976744186046512,0.5027527981437743,4.1408666446805,2.0004484281816985,0.009668323041226428,0.048716078172711764,0.03125700669033904,52.0,85.0,64.0,0.0,0.06976744186046512,0.0,6.141315072862199,0.041216879683638914,0.041216879683638914,2044.791259765625,-0.0035212968941777945,0.038013558834791183
212,46.791345592268044,0.03488372093023256,2.204581786878407,4.3937783033179585,42.397567288950086,0.04239580359381552,0.05169150945079951,0.6624619888898451,52.0,85.0,64.0,0.0,0.03488372093023256,0.8923076923076924,46.791345592268044,0.31403587645817477,0.31403587645817477,1306.489501953125,-0.006163868121802807,0.04289424419403076
213,0.742828151313006,0.0,0.5509644252015278,0.742828151313006,0.0,0.010595469715413995,0.008739154721329481,0.0,52.0,85.0,64.0,0.0,0.0,0.0,0.742828151313006,0.004985423834315476,0.004985423834315476,4786.2021484375,0.004114694893360138,0.024791983887553215
214,304.7900608778,1.0,0.16076371632516384,155.58890855312347,149.2011523246765,0.0030916099293300738,1.8304577476838055,2.3312680050730705,52.0,85.0,64.0,0.0,1.0,1.0,304.7900608778,2.0455708783744964,2.0455708783744964,825.1567993164062,-0.00845856498926878,0.03592970594763756
215,74.10960385203362,1.0,0.3697240175679326,42.24669596552849,31.862907886505127,0.007110077260921781,0.49701995253562925,0.4978579357266426,52.0,85.0,64.0,0.0,1.0,1.0,74.10960385203362,0.49737989162438667,0.49737989162438667,3319.478759765625,-0.0057956380769610405,0.03019789792597294
216,24.96803180128336,0.36046511627906974,2.9721769294701517,13.33280760794878,11.63522419333458,0.05715724864365676,0.15685656009351506,0.1818003780208528,52.0,85.0,64.0,0.0,0.36046511627906974,0.7076923076923077,24.96803180128336,0.16757068323008967,0.16757068323008967,2665.399658203125,0.0034393207170069218,0.03257761895656586
217,0.0,0.0,0.06984215520787984,0.0,0.0,0.0013431183693823046,0.0,0.0,52.0,85.0,64.0,0.0,0.0,0.0,0.0,0.0,0.0,3077.557373046875,-0.0015640149358659983,0.022900821641087532
218,0.19622769148554653,0.0,0.09465997852385044,0.19622769148554653,0.0,0.0018203842023817392,0.0023085610763005473,0.0,52.0,85.0,64.0,0.0,0.0,0.0,0.19622769148554653,0.0013169643723862183,0.0013169643723862183,3287.683349609375,-0.005273829679936171,0.026277607306838036
219,65.58570981025696,1.0,7.1727423667907715,36.24214828014374,29.34356153011322,0.13793735320751482,0.42637821506051454,0.45849314890801907,52.0,85.0,64.0,0.3018867924528302,1.0,1.0,65.58570981025696,0.4401725490621272,0.4401725490621272,3651.30029296875,-0.006107780151069164,0.03402390331029892
220,172.81171163916588,1.0,0.13895099121145904,81.54471358656883,91.26699805259705,0.0026721344463742124,0.9593495716066921,1.4260468445718288,52.0,85.0,64.0,0.0,1.0,1.0,172.81171163916588,1.1598101452293013,1.1598101452293013,1405.360595703125,-0.00464704679325223,0.020733516663312912
221,9.70493263984099,0.13953488372093023,2.142873402684927,7.005256402306259,2.6996762375347316,0.04120910389778706,0.08241478120360304,0.04218244121148018,52.0,85.0,64.0,0.0,0.13953488372093023,0.0,9.70493263984099,0.06513377610631538,0.06513377610631538,2436.315673828125,-0.0037248791195452213,0.032919369637966156
222,16.115376126021147,0.45348837209302323,2.6104829758405685,11.235403999686241,4.879972126334906,0.0502015956892417,0.13218122352572048,0.0762495644739829,52.0,85.0,64.0,0.0,0.45348837209302323,0.046153846153846156,16.115376126021147,0.10815688675181978,0.10815688675181978,2471.703857421875,-0.0018591810949146748,0.0269556175917387
223,48.41248747706413,1.0,9.025931000709534,27.539980590343475,20.872506886720657,0.17357559616749102,0.3239997716510997,0.32613292010501027,52.0,85.0,64.0,0.8113207547169812,1.0,1.0,48.41248747706413,0.3249160233360009,0.3249160233360009,5783.14306640625,-0.005119116045534611,0.022241627797484398
224,13.144164725206792,0.011627906976744186,1.528366037644446,8.028779433108866,5.115385292097926,0.0293916545700855,0.09445622862481019,0.0799278951890301,52.0,85.0,64.0,0.0,0.011627906976744186,0.0,13.144164725206792,0.08821587063897177,0.08821587063897177,1121.938232421875,-0.019504530355334282,0.06323220580816269
225,64.57069601118565,1.0,3.611673291772604,24.33297400176525,40.237722009420395,0.06945525561101161,0.28627028237370883,0.6287144063971937,52.0,85.0,64.0,0.0,1.0,1.0,64.57069601118565,0.4333603759139976,0.4333603759139976,2122.943603515625,-0.010091193951666355,0.03218597173690796
226,21.10538863018155,0.023255813953488372,1.7206147631077329,10.968839455395937,10.136549174785614,0.03308874544437948,0.12904517006348162,0.15838358085602522,52.0,85.0,64.0,0.0,0.023255813953488372,0.0,21.10538863018155,0.14164690355826545,0.14164690355826545,1078.91455078125,0.0017069604946300387,0.05074266344308853
227,159.34882920980453,1.0,0.1407432621344924,57.336810767650604,102.01201844215393,0.0027066011948940847,0.6745507149135366,1.5939377881586552,52.0,85.0,64.0,0.0,1.0,1.0,159.34882920980453,1.0694552295960036,1.0694552295960036,1272.208740234375,-0.011620481498539448,0.03866954147815704
228,21.111691996455193,0.313953488372093,0.30972597002983093,10.387667901813984,10.724024094641209,0.005956268654419825,0.12220785766839981,0.16756287647876889,52.0,85.0,64.0,0.0,0.313953488372093,0.8307692307692308,21.111691996455193,0.14168920802990062,0.14168920802990062,2369.779296875,-0.0065245977602899075,0.029063092544674873
229,74.83421644568443,0.9883720930232558,1.2584282495081425,34.26891627907753,40.5653001666069,0.02420054325977197,0.4031637209303239,0.6338328151032329,52.0,85.0,64.0,0.0,0.9883720930232558,1.0,74.83421644568443,0.5022430633938553,0.5022430633938553,2698.34033203125,-0.0029738598968833685,0.03413959965109825
230,1.3811337713850662,0.0,0.0979485004208982,1.3811337713850662,0.0,0.0018836250080941962,0.016248632604530192,0.0,52.0,85.0,64.0,0.0,0.0,0.0,1.3811337713850662,0.009269354170369571,0.009269354170369571,2067.915283203125,-0.01189320720732212,0.03220527991652489
231,31.651441632770002,0.0,2.5170817226171494,19.57055898848921,12.080882644280791,0.048405417742637485,0.23024187045281425,0.18876379131688736,52.0,85.0,64.0,0.0,0.0,0.0,31.651441632770002,0.21242578277026847,0.21242578277026847,94.20983123779297,0.03954773023724556,0.22423171997070312
232,80.94624103466049,0.8255813953488372,0.4048345247283578,27.232029287610203,53.714211747050285,0.007785279321699188,0.3203768151483553,0.8392845585476607,52.0,85.0,64.0,0.0,0.8255813953488372,0.9538461538461539,80.94624103466049,0.5432633626487281,0.5432633626487281,2129.37060546875,0.005217410158365965,0.02357196994125843
233,136.52401054278016,0.9767441860465116,0.17494310521578882,43.571106020361185,92.95290452241898,0.0033642904849190158,0.5126012472983669,1.4523891331627965,52.0,85.0,64.0,0.0,0.9767441860465116,1.0,136.52401054278016,0.9162685271327528,0.9162685271327528,2512.99755859375,-0.004652300383895636,0.02613801322877407
234,106.21977578749647,0.03488372093023256,0.06512679532170296,2.776982831710484,103.44279295578599,0.0012524383715712107,0.03267038625541746,1.616293639934156,52.0,85.0,64.0,0.0,0.03488372093023256,0.8769230769230769,106.21977578749647,0.7128844012583656,0.7128844012583656,1334.4171142578125,-0.002195814624428749,0.02764233946800232
235,117.89809095859528,0.9883720930232558,0.4114057258411776,66.89638721942902,51.00170373916626,0.0079116485738688,0.7870163202285767,0.7969016209244728,52.0,85.0,64.0,0.0,0.9883720930232558,1.0,117.89809095859528,0.7912623554268139,0.7912623554268139,1245.9017333984375,0.007758629508316517,0.025169581174850464
236,8.413495134504046,0.0,1.0868941260268912,4.778439755493309,3.635055379010737,0.020901810115901753,0.05621693829992128,0.056797740297042765,52.0,85.0,64.0,0.0,0.0,0.0,8.413495134504046,0.05646641029868488,0.05646641029868488,1207.7840576171875,0.008538702502846718,0.03479805216193199
237,187.64487046003342,1.0,0.053737775422632694,88.14861279726028,99.49625766277313,0.0010334187581275518,1.0370425034971797,1.5546290259808302,52.0,85.0,64.0,0.0,1.0,1.0,187.64487046003342,1.2593615467116337,1.2593615467116337,1765.2962646484375,-0.0037346798926591873,0.027407243847846985
238,220.1667811870575,1.0,0.1830534643959254,98.68346130847931,121.48331987857819,0.003520258930690873,1.1609818977468154,1.8981768731027842,52.0,85.0,64.0,0.0,1.0,1.0,220.1667811870575,1.477629403939983,1.477629403939983,1315.6710205078125,0.000792579841800034,0.020377496257424355
239,2.729585676919669,0.0,0.01952004255144857,1.0519232843071222,1.6776623926125467,0.00037538543368170323,0.012375568050672026,0.026213474884571042,52.0,85.0,64.0,0.0,0.0,0.0,2.729585676919669,0.01831936695919241,0.01831936695919241,1077.193115234375,-0.004649735521525145,0.04197130724787712
240,61.108868807554245,0.9883720930232558,0.19442787405569106,31.055836588144302,30.053032219409943,0.003738997577994059,0.36536278338993294,0.46957862842828035,52.0,85.0,64.0,0.0,0.9883720930232558,1.0,61.108868807554245,0.4101266362923104,0.4101266362923104,2677.75830078125,-0.001964713679626584,0.022657738998532295
241,0.0,0.0,0.0,0.0,0.0,0.0,0.0,0.0,52.0,85.0,64.0,0.0,0.0,0.0,0.0,0.0,0.0,2179.0087890625,-0.017210761085152626,0.0543915331363678
242,230.92254351824522,0.8837209302325582,0.3669092692434788,53.10753970593214,177.81500381231308,0.007055947485451515,0.6247945847756723,2.778359434567392,52.0,85.0,64.0,0.0,0.8837209302325582,1.0,230.92254351824522,1.5498157283103706,1.5498157283103706,1370.38427734375,-0.0021354425698518753,0.033591918647289276
243,174.24010145664215,0.9883720930232558,0.022378935711458325,80.62111806869507,93.61898338794708,0.0004303641482972755,0.9484837419846479,1.4627966154366732,52.0,85.0,64.0,0.0,0.9883720930232558,1.0,174.24010145664215,1.1693966540714238,1.1693966540714238,3004.948974609375,-0.006365734152495861,0.02917536534368992
244,53.56678116321564,1.0,8.090443354099989,29.661071568727493,23.905709594488144,0.15558544911730748,0.34895378316149994,0.37352671241387725,52.0,85.0,64.0,0.1509433962264151,1.0,1.0,53.56678116321564,0.3595085984108432,0.3595085984108432,4307.26123046875,-9.9131757451687e-06,0.04121577367186546
245,134.3842565761879,0.5813953488372093,0.2607845962047577,23.70521440077573,110.67904217541218,0.005015088388553033,0.2788848753032439,1.7293600339908153,52.0,85.0,64.0,0.0,0.5813953488372093,0.9692307692307692,134.3842565761879,0.9019077622562947,0.9019077622562947,1966.084716796875,-0.008070318028330803,0.03128872439265251
246,100.43095291778445,0.9651162790697675,0.08080052072182298,40.56917641684413,59.86177650094032,0.001553856167727365,0.47728442843346036,0.9353402578271925,52.0,85.0,64.0,0.0,0.9651162790697675,1.0,100.43095291778445,0.674033241058956,0.674033241058956,1682.9776611328125,-0.0060410271398723125,0.02283887192606926
247,100.75944115908351,0.12790697674418605,0.7249245151178911,5.065399776562117,95.69404138252139,0.013940856059959445,0.05959293854778961,1.4952193966018967,52.0,85.0,64.0,0.0,0.12790697674418605,0.9076923076923077,100.75944115908351,0.6762378601280772,0.6762378601280772,954.9491577148438,0.0010737228440120816,0.038247112184762955
248,279.8524883389473,0.9883720930232558,0.010729757137596607,142.34661811590195,137.50587022304535,0.00020634148341531938,1.6746660954811994,2.1485292222350836,52.0,85.0,64.0,0.0,0.9883720930232558,1.0,279.8524883389473,1.8782046197244786,1.8782046197244786,1087.974853515625,-0.009114768356084824,0.039631862193346024
249,162.54356894642115,0.9767441860465116,0.05388865573331714,49.5739076808095,112.96966126561165,0.0010363203025637912,0.5832224433036411,1.765150957275182,52.0,85.0,64.0,0.0,0.9767441860465116,1.0,162.54356894642115,1.090896435882021,1.090896435882021,1744.3294677734375,-0.0003366426390130073,0.024469071999192238
250,190.95408189296722,1.0,0.15207275189459324,91.25830030441284,99.69578158855438,0.002924475997972947,1.073627062404857,1.5577465873211622,52.0,85.0,64.0,0.0,1.0,1.0,190.95408189296722,1.2815710194158874,1.2815710194158874,1939.2874755859375,-0.001756122219376266,0.02508511021733284
251,37.5654191672802,1.0,8.411332041025162,22.319059252738953,15.246359914541245,0.16175638540433004,0.2625771676792818,0.23822437366470695,52.0,85.0,64.0,1.0,1.0,1.0,37.5654191672802,0.2521169071629543,0.2521169071629543,4285.78076171875,-1.4325056326924823e-05,0.02073005773127079
252,174.2918261885643,1.0,0.23589894687756896,81.65497726202011,92.63684892654419,0.004536518209184019,0.9606467913178837,1.447450764477253,52.0,85.0,64.0,0.0,1.0,1.0,174.2918261885643,1.1697437999232503,1.1697437999232503,1366.9918212890625,0.0007868873653933406,0.02330012433230877
253,7.301532336285163,0.11627906976744186,1.2071416885592043,3.711048895267595,3.590483441017568,0.02321426324152316,0.04365939876785406,0.0561013037658995,52.0,85.0,64.0,0.0,0.11627906976744186,0.0,7.301532336285163,0.04900357272674606,0.04900357272674606,1884.664794921875,-0.006233212072402239,0.03127862885594368
254,296.8880432844162,1.0,0.22703465912491083,144.86809957027435,152.01994371414185,0.004366051137017516,1.7043305831796982,2.3753116205334663,52.0,85.0,64.0,0.0,1.0,1.0,296.8880432844162,1.9925372032511155,1.9925372032511155,1100.0904541015625,-0.006278754211962223,0.03252384066581726
255,6.000618457299424,0.23255813953488372,1.7392656121519394,5.519249312521424,0.4813691447780002,0.033447415618306525,0.06493234485319323,0.007521392887156253,52.0,85.0,64.0,0.0,0.23255813953488372,0.0,6.000618457299424,0.04027260709596929,0.04027260709596929,3202.379150390625,-0.0010415265569463372,0.0264198686927557
256,46.986948956444394,0.23255813953488372,0.3651957749389112,4.244240536063444,42.74270842038095,0.007022995671902139,0.0499322416007464,0.6678548190684523,52.0,85.0,64.0,0.0,0.23255813953488372,0.9076923076923077,46.986948956444394,0.3153486507143919,0.3153486507143919,2535.693115234375,-0.003383868606761098,0.024786440655589104
257,0.5583265055902302,0.0,0.522838183271233,0.5583265055902302,0.0,0.010054580447523711,0.0065685471245909436,0.0,52.0,85.0,64.0,0.0,0.0,0.0,0.5583265055902302,0.003747157755639129,0.003747157755639129,1481.2967529296875,-0.0018338385270908475,0.029732242226600647
258,157.74320978298783,0.9767441860465116,0.09051577700302005,46.983325604349375,110.75988417863846,0.001740688019288847,0.5527450071099926,1.730623190291226,52.0,85.0,64.0,0.0,0.9767441860465116,1.0,157.74320978298783,1.058679260288509,1.058679260288509,986.7283325195312,0.004976359661668539,0.030739283189177513
259,193.90407013893127,0.9883720930232558,0.24861549912020564,81.06118392944336,112.84288620948792,0.004781067290773185,0.953660987405216,1.7631700970232487,52.0,85.0,64.0,0.0,0.9883720930232558,1.0,193.90407013893127,1.3013695982478608,1.3013695982478608,1975.0499267578125,0.00595681881532073,0.03295107185840607
260,12.069581861142069,0.0,1.0943605811335146,5.4175308044068515,6.652051056735218,0.02104539579102913,0.06373565652243354,0.10393829776148777,52.0,85.0,64.0,0.0,0.0,0.0,12.069581861142069,0.08100390510833604,0.08100390510833604,81.73832702636719,0.016485102474689484,0.1369873583316803
261,46.85454401001334,0.0,5.12801380828023,9.581342618912458,37.27320139110088,0.09861565015923518,0.11272167786955833,0.5823937717359513,52.0,85.0,64.0,0.0,0.0,0.12307692307692308,46.85454401001334,0.3144600269128412,0.3144600269128412,34.90850067138672,0.04099826142191887,0.19753451645374298
262,34.044098764657974,0.4186046511627907,2.7344192918390036,14.728588715195656,19.31551004946232,0.0525849863815193,0.1732775142964195,0.3018048445228487,52.0,85.0,64.0,0.0,0.4186046511627907,0.9846153846153847,34.044098764657974,0.22848388432656358,0.22848388432656358,1041.0584716796875,0.00439898855984211,0.036152299493551254
263,26.527703993022442,1.0,2.9165934920310974,12.653246812522411,13.87445718050003,0.05608833638521341,0.14886172720614602,0.21678839344531298,52.0,85.0,64.0,0.03773584905660377,1.0,1.0,26.527703993022442,0.1780382818323654,0.1780382818323654,4121.0458984375,-0.007762813474982977,0.020367367193102837
264,221.6623782068491,0.9767441860465116,0.035872280364856124,79.31079794466496,142.35158026218414,0.0006898515454780024,0.9330682111137053,2.2242434415966272,52.0,85.0,64.0,0.0,0.9767441860465116,1.0,221.6623782068491,1.487666967831202,1.487666967831202,1774.8463134765625,-0.002563031390309334,0.03364179655909538
265,11.974998232908547,0.32558139534883723,3.5237871184945107,6.980514758266509,4.994483474642038,0.06776513689412521,0.08212370303842952,0.07803880429128185,52.0,85.0,64.0,0.018867924528301886,0.32558139534883723,0.015384615384615385,11.974998232908547,0.08036911565710435,0.08036911565710435,5215.43115234375,0.006184740923345089,0.018951142206788063
266,11.08514265913982,0.23255813953488372,1.2343390043824911,6.6398033240111545,4.445339335128665,0.023737288545817137,0.07811533322366064,0.06945842711138539,52.0,85.0,64.0,0.0,0.23255813953488372,0.0,11.08514265913982,0.07439693059825382,0.07439693059825382,1641.4437255859375,0.002018194179981947,0.030728468671441078
267,5.226810011896305,0.0,0.34426552965305746,2.707602116279304,2.5192078956170008,0.006620490954866489,0.0318541425444624,0.03936262336901564,52.0,85.0,64.0,0.0,0.0,0.0,5.226810011896305,0.03507926182480742,0.03507926182480742,1874.02099609375,-0.010590188205242157,0.04188773036003113
268,0.6839018001919612,0.0,0.31800533016212285,0.6505676828091964,0.033334117382764816,0.006115487118502363,0.007653737444814075,0.0005208455841057003,52.0,85.0,64.0,0.0,0.0,0.0,0.6839018001919612,0.0045899449677312834,0.0045899449677312834,2747.564697265625,0.0005136513500474393,0.02566484734416008
269,114.46393284201622,0.9883720930232558,0.14361993968486786,40.0182991027832,74.44563373923302,0.0027619219170166897,0.470803518856273,1.163213027175516,52.0,85.0,64.0,0.0,0.9883720930232558,1.0,114.46393284201622,0.7682143143759478,0.7682143143759478,2088.99853515625,-0.004757562652230263,0.03799518197774887
270,34.416544798761606,0.19767441860465115,5.628253061324358,19.242017563432455,15.174527235329151,0.10823563579469919,0.22637667721685242,0.237101988052018,52.0,85.0,64.0,0.0,0.19767441860465115,0.12307692307692308,34.416544798761606,0.23098352213933965,0.23098352213933965,1287.72705078125,0.006787964608520269,0.06109302118420601
271,4.510604368522763,0.046511627906976744,0.12647693236067425,2.987962117884308,1.5226422506384552,0.0024322486992437355,0.03515249550452127,0.023791285166225862,52.0,85.0,64.0,0.0,0.046511627906976744,0.0,4.510604368522763,0.03027251254042123,0.03027251254042123,12528.775390625,-0.0032880327198654413,0.025336243212223053
272,59.5859935535118,0.011627906976744186,0.13309906359063461,2.4462690511718392,57.13972450233996,0.0025595973767429735,0.028779635896139286,0.8928081953490619,52.0,85.0,64.0,0.0,0.011627906976744186,0.8615384615384616,59.5859935535118,0.3999059970034349,0.3999059970034349,1272.0609130859375,0.003916691988706589,0.03446561470627785
273,11.205664782319218,0.0,0.10709458403289318,1.6175569910556078,9.58810779126361,0.002059511231401792,0.019030082247713034,0.1498141842384939,52.0,85.0,64.0,0.0,0.0,0.35384615384615387,11.205664782319218,0.07520580390818267,0.07520580390818267,2430.125732421875,-0.0011338333133608103,0.03936915472149849
274,6.881216320209205,0.29069767441860467,10.92595111578703,6.881216320209205,0.0,0.21011444453436595,0.08095548612010829,0.0,52.0,85.0,64.0,0.7735849056603774,0.29069767441860467,0.0,6.881216320209205,0.046182659867175874,0.046182659867175874,1675.1177978515625,0.0007154680788516998,0.025577262043952942
275,1.2547585718566552,0.0,0.4035613778978586,1.2547585718566552,0.0,0.007760795728804974,0.014761865551254767,0.0,52.0,85.0,64.0,0.0,0.0,0.0,1.2547585718566552,0.008421198468836611,0.008421198468836611,3850.660400390625,0.0022801135201007128,0.04076101630926132
276,102.59374216198921,0.9883720930232558,0.2587458057096228,34.992034047842026,67.60170811414719,0.004975880879031207,0.41167098879814146,1.0562766892835498,52.0,85.0,64.0,0.0,0.9883720930232558,1.0,102.59374216198921,0.6885486051140216,0.6885486051140216,1575.2628173828125,-0.002226300537586212,0.016073990613222122
277,32.18253913521767,1.0,1.4204533961601555,18.33343830704689,13.849100828170776,0.027316411464618377,0.2156875094946693,0.21639220044016838,52.0,85.0,64.0,0.0,1.0,1.0,32.18253913521767,0.2159901955383736,0.2159901955383736,3831.813232421875,-8.431997412117198e-05,0.01682133600115776
278,86.79419529601,0.2441860465116279,0.38614524551667273,7.611571762477979,79.18262353353202,0.00742587010608986,0.08954790308797622,1.2372284927114379,52.0,85.0,64.0,0.0,0.2441860465116279,0.8923076923076924,86.79419529601,0.5825113778255705,0.5825113778255705,1063.9261474609375,0.0013458268949761987,0.032508354634046555
279,75.12010776624084,0.023255813953488372,0.02746904082596302,2.6876241266727448,72.43248363956809,0.0005282507851146734,0.031619107372620525,1.1317575568682514,52.0,85.0,64.0,0.0,0.023255813953488372,0.8769230769230769,75.12010776624084,0.5041617970888647,0.5041617970888647,1599.2169189453125,0.0026483628898859024,0.04277687519788742
280,0.7377180999610573,0.0,0.2270651231519878,0.7377180999610573,0.0,0.004366636983692073,0.008679036470130085,0.0,52.0,85.0,64.0,0.0,0.0,0.0,0.7377180999610573,0.0049511281876581026,0.0049511281876581026,3236.637451171875,-0.002612702315673232,0.03451128676533699
281,2.1110294222380617,0.0,0.760347769013606,2.1094335031011724,0.0015959191368892789,0.014622072481030885,0.024816864742366735,2.4936236513894983e-05,52.0,85.0,64.0,0.0,0.0,0.0,2.1110294222380617,0.014167982699584306,0.014167982699584306,4254.6259765625,-0.0005700467736460268,0.03234073147177696
282,96.67524490185315,0.10465116279069768,1.0051561547152232,5.576619048195425,91.09862585365772,0.019329926052215833,0.06560728291994618,1.423416028963402,52.0,85.0,64.0,0.0,0.10465116279069768,0.9692307692307692,96.67524490185315,0.648827146992303,0.648827146992303,1134.892333984375,0.00824759155511856,0.03274661675095558
283,30.383700285339728,0.22093023255813954,0.269331336254254,5.879489828133956,24.504210457205772,0.005179448774120269,0.06917046856628183,0.3828782883938402,52.0,85.0,64.0,0.0,0.22093023255813954,0.8923076923076924,30.383700285339728,0.20391745157946126,0.20391745157946126,3198.415771484375,-0.0030632507987320423,0.028286905959248543
284,182.473297894001,0.9767441860465116,0.27792062901426107,78.93745809793472,103.53583979606628,0.005344627481043482,0.9286759776227614,1.6177474968135357,52.0,85.0,64.0,0.0,0.9767441860465116,1.0,182.473297894001,1.2246530060000067,1.2246530060000067,904.185302734375,0.0020616590045392513,0.022651785984635353
285,9.98702609539032,0.0,3.0035327756777406,5.201871003955603,4.785155091434717,0.05776024568611039,0.06119848239947768,0.07476804830366746,52.0,85.0,64.0,0.0,0.0,0.0,9.98702609539032,0.06702702077443168,0.06702702077443168,1157.3480224609375,0.0023517701774835587,0.05157889798283577
286,3.0809858539141715,0.16279069767441862,1.2376368339173496,2.2755826901411638,0.8054031637730077,0.02335163837579905,0.02677156106048428,0.012584424433953245,53.0,85.0,64.0,0.0,0.16279069767441862,0.0,3.0809858539141715,0.02067775740881994,0.02067775740881994,4266.26123046875,-0.003085041418671608,0.014739160425961018
287,81.63613591506146,0.3372093023255814,0.5432944781787228,14.577771020820364,67.0583648942411,0.010447970734206207,0.17150318848023957,1.047786951472517,52.0,85.0,64.0,0.0,0.3372093023255814,0.8923076923076924,81.63613591506146,0.547893529631285,0.547893529631285,895.7932739257812,-0.00018103508045896888,0.034048374742269516
288,,,,,,,,,,,,,,,,,,1377.534912109375,-0.009416057728230953,0.03681158274412155
289,120.12540040910244,0.686046511627907,0.35918440198292956,28.864003643393517,91.26139676570892,0.006907392345825569,0.33957651345168843,1.425959324464202,52.0,85.0,64.0,0.0,0.686046511627907,1.0,120.12540040910244,0.8062107410006876,0.8062107410006876,1202.8245849609375,0.004015481099486351,0.040445342659950256
290,4.956969820053928,0.0,1.0650280080735683,2.9004431448411196,2.056526675212808,0.020481307847568624,0.034122860527542584,0.03213322930020013,52.0,85.0,64.0,0.0,0.0,0.0,4.956969820053928,0.03326825382586529,0.03326825382586529,2628.69384765625,-0.009458913467824459,0.040420982986688614
291,3.6204712761973497,0.023255813953488372,0.8645516876131296,2.265699701703852,1.3547715744934976,0.016312295992700558,0.02665529060828061,0.0211683058514609,53.0,85.0,64.0,0.0,0.023255813953488372,0.0,3.6204712761973497,0.02429846494092181,0.02429846494092181,4477.36572265625,-0.0037512576673179865,0.019314853474497795
292,4.710961036151275,0.0,0.014543313533067703,0.31104880943894386,4.399912226712331,0.00027967910640514816,0.003659397758105222,0.06874862854238017,52.0,85.0,64.0,0.0,0.0,0.0,4.710961036151275,0.0316171881620891,0.0316171881620891,729.6445922851562,-0.007472570985555649,0.06030258163809776
293,4.921637304039905,0.18604651162790697,1.0772215208271518,3.035875999397831,1.8857613046420738,0.02032493435522928,0.03571618822820978,0.029465020385032403,53.0,85.0,64.0,0.0,0.18604651162790697,0.0,4.921637304039905,0.033031122845905404,0.033031122845905404,4427.10400390625,-0.001208474044688046,0.016022609546780586
294,218.45514392852783,1.0,0.9349980340339243,112.47762274742126,105.97752118110657,0.017980731423729315,1.3232661499696619,1.6558987684547901,52.0,85.0,64.0,0.07547169811320754,1.0,1.0,218.45514392852783,1.4661419055605895,1.4661419055605895,2812.464599609375,-0.0005628643557429314,0.012802768498659134
295,0.6849921520333737,0.0,0.23243221919983625,0.6442072661593556,0.04078488587401807,0.004385513569808232,0.007578909013639478,0.0006372638417815324,53.0,85.0,64.0,0.0,0.0,0.0,0.6849921520333737,0.004597262765324656,0.004597262765324656,2111.162353515625,-0.004628798458725214,0.026012105867266655
296,8.328486208571121,0.20930232558139536,0.8831060340162367,4.232735137222335,4.095751071348786,0.01666237800030635,0.049796883967321584,0.06399611048982479,53.0,85.0,64.0,0.0,0.20930232558139536,0.07692307692307693,8.328486208571121,0.05589588059443706,0.05589588059443706,3302.58056640625,-0.002539661480113864,0.01760554313659668
297,6.946003932622261,0.06976744186046512,0.3386558456113562,3.1978895793436095,3.748114353278652,0.0065126124156030035,0.037622230345218936,0.058564286769978935,52.0,85.0,64.0,0.0,0.06976744186046512,0.0,6.946003932622261,0.04661747605786753,0.04661747605786753,2518.348388671875,0.004839942324906588,0.029895951971411705
298,82.43905374594033,0.03488372093023256,0.36064299545250833,17.784583510831,64.65447023510933,0.0069354422202405445,0.20923039424507056,1.0102260974235833,52.0,85.0,64.0,0.0,0.03488372093023256,0.9230769230769231,82.43905374594033,0.5532822399056397,0.5532822399056397,411.0176086425781,-0.02276919037103653,0.09631263464689255
299,243.74432933330536,1.0,0.14758886396884918,113.10864651203156,130.6356828212738,0.0027846955465820602,1.3306899589650771,2.041182544082403,53.0,85.0,64.0,0.0,1.0,1.0,243.74432933330536,1.6358679821027204,1.6358679821027204,860.990234375,-0.008300337009131908,0.03792402520775795
300,167.7277990579605,1.0,0.20009142335038632,85.64307987689972,82.08471918106079,0.0037753098745355908,1.007565645610585,1.2825737372040749,53.0,85.0,64.0,0.0,1.0,1.0,167.7277990579605,1.1256899265634934,1.1256899265634934,2821.14453125,-0.0006430298089981079,0.020606309175491333
301,7.762109344388591,0.3023255813953488,2.0018419915577397,6.917152165464358,0.8449571789242327,0.037770603614296974,0.08137826077016892,0.013202455920691136,53.0,85.0,64.0,0.0,0.3023255813953488,0.0,7.762109344388591,0.05209469358650061,0.05209469358650061,4353.46923828125,0.0033247992396354675,0.025402704253792763
302,12.542122116778046,0.16279069767441862,0.315476804105856,3.5775273675099015,8.964594749268144,0.00595239253029917,0.04208855726482237,0.14007179295731476,53.0,85.0,64.0,0.0,0.16279069767441862,0.5538461538461539,12.542122116778046,0.08417531621998689,0.08417531621998689,1915.0897216796875,-0.0023886938579380512,0.02434256486594677
303,160.34389317035675,1.0,0.3376782675040886,81.55727541446686,78.78661775588989,0.0063712880661148785,0.9594973578172572,1.2310409024357796,53.0,85.0,64.0,0.0,1.0,1.0,160.34389317035675,1.076133511210448,1.076133511210448,1672.8714599609375,-0.005159011576324701,0.03557923436164856
304,12.539126278832555,0.4418604651162791,1.387931034376379,6.8753490168601274,5.663777261972427,0.026187378007101494,0.08088645902188385,0.08849651971831918,53.0,85.0,64.0,0.018518518518518517,0.4418604651162791,0.676923076923077,12.539126278832555,0.0841552099250507,0.0841552099250507,3188.0068359375,-0.0020002543460577726,0.016264665871858597
305,0.0,0.0,0.0,0.0,0.0,0.0,0.0,0.0,52.0,85.0,64.0,0.0,0.0,0.0,0.0,0.0,0.0,3714.385498046875,-0.003057032823562622,0.04070495069026947
306,1.920775992097333,0.0,0.6221169023774564,1.37661461555399,0.5441613765433431,0.0117380547618388,0.016195466065341058,0.008502521508489735,53.0,85.0,64.0,0.0,0.0,0.0,1.920775992097333,0.012891114040921699,0.012891114040921699,2219.8466796875,-0.016689376905560493,0.03950275480747223
307,7.153895815922624,0.0,5.675455747172236,4.893671387806535,2.2602244281160893,0.10708407070136296,0.05757260456242982,0.035316006689313895,53.0,85.0,64.0,0.0,0.0,0.0,7.153895815922624,0.048012723596796134,0.048012723596796134,43.70781707763672,-0.019472572952508926,0.14556939899921417
308,84.53276923298836,0.9651162790697675,1.0015904136234894,25.019376903772354,59.513392329216,0.018897932332518668,0.29434561063261594,0.929896755144,53.0,85.0,64.0,0.0,0.9651162790697675,1.0,84.53276923298836,0.5673340216979085,0.5673340216979085,2539.31591796875,-0.005113506224006414,0.02986624278128147
309,192.06624054908752,1.0,2.8510407896828838,101.44690263271332,90.6193379163742,0.05379322244684687,1.1934929721495684,1.415927154943347,53.0,85.0,64.0,0.05555555555555555,1.0,1.0,192.06624054908752,1.289035171470386,1.289035171470386,7685.98193359375,-0.005513019394129515,0.026136161759495735
310,80.50150603055954,0.023255813953488372,1.4386400389485061,32.843182653188705,47.658323377370834,0.0271441516782737,0.38639038415516125,0.7446613027714193,53.0,85.0,64.0,0.0,0.023255813953488372,0.4153846153846154,80.50150603055954,0.5402785639634868,0.5402785639634868,48.84006118774414,0.03190746530890465,0.15010236203670502
311,103.79309058189392,1.0,0.7306540166609921,57.416543543338776,46.376547038555145,0.013785924842660228,0.6754887475686915,0.7246335474774241,53.0,85.0,64.0,0.0,1.0,1.0,103.79309058189392,0.6965979233684155,0.6965979233684155,2031.0931396484375,-0.004811846185475588,0.03398643434047699
312,117.77242809534073,1.0,48.70065641403198,68.48580324649811,49.28662484884262,0.9188803096987167,0.8057153323117424,0.770103513263166,53.0,85.0,64.0,1.0,1.0,1.0,117.77242809534073,0.7904189805056425,0.7904189805056425,2279.992919921875,0.0018312175525352359,0.0278195571154356
313,141.35296165943146,0.9883720930232558,4.523669879883528,69.95356529951096,71.3993963599205,0.08535226188459487,0.8229831211707171,1.1156155681237578,53.0,85.0,64.0,0.2037037037037037,0.9883720930232558,1.0,141.35296165943146,0.9486775950297414,0.9486775950297414,1726.56298828125,-0.0010592015460133553,0.023590637370944023
314,184.68704116344452,0.9883720930232558,0.16303800558671355,93.23311710357666,91.45392405986786,0.0030761887846549726,1.0968602012185489,1.4289675634354353,53.0,85.0,64.0,0.0,0.9883720930232558,1.0,184.68704116344452,1.2395103433788224,1.2395103433788224,2183.07275390625,-0.003997740801423788,0.021801026538014412
315,5.165900805979618,0.0,0.09647908204351552,3.0596003160753753,2.1063004899042426,0.0018203600385568966,0.035995297836180884,0.03291094515475379,53.0,85.0,64.0,0.0,0.0,0.0,5.165900805979618,0.0346704752079169,0.0346704752079169,3063.943359375,-0.004452934488654137,0.03898397088050842
316,0.06846641283482313,0.0,0.2106591621413827,0.06846641283482313,0.0,0.003974701172478919,0.0008054872098214486,0.0,53.0,85.0,64.0,0.0,0.0,0.0,0.06846641283482313,0.0004595061264082089,0.0004595061264082089,2640.893310546875,-0.007118909619748592,0.035959385335445404
317,8.244584082858637,0.10465116279069768,0.7376129443291575,4.475864080013707,3.7687200028449297,0.013917225364701084,0.0526572244707495,0.058886250044452026,53.0,85.0,64.0,0.0,0.10465116279069768,0.0,8.244584082858637,0.05533277907958817,0.05533277907958817,7243.806640625,-0.001488712732680142,0.021157896146178246
318,216.54145336151123,1.0,0.41834668949013576,99.99586808681488,116.54558527469635,0.007893333763964826,1.1764219774919398,1.8210247699171305,53.0,85.0,64.0,0.0,1.0,1.0,216.54145336151123,1.4532983447081291,1.4532983447081291,1438.67236328125,0.0026646519545465708,0.025973770767450333
319,201.05445885658264,1.0,2.989555907435715,92.51100158691406,108.54345726966858,0.05640671523463613,1.0883647245519301,1.6959915198385715,53.0,85.0,64.0,0.0,1.0,1.0,201.05445885658264,1.3493587842723667,1.3493587842723667,1661.63671875,0.004711654968559742,0.04180624708533287
320,6.349090364674339,0.0,3.333312092581764,4.322455536952475,2.026634827721864,0.06289268099210875,0.050852418081793825,0.031666169183154125,53.0,85.0,64.0,0.037037037037037035,0.0,0.0,6.349090364674339,0.04261134472935798,0.04261134472935798,1916.2919921875,0.009613440372049809,0.04511850327253342
321,4.5533800620469265,0.0,0.5920229151961394,2.746062283520587,1.8073177785263397,0.011170243682946026,0.0323066151002422,0.028239340289474057,53.0,85.0,64.0,0.0,0.0,0.0,4.5533800620469265,0.030559597731858568,0.030559597731858568,6275.8974609375,-0.012725720182061195,0.06507252156734467
322,4.174077125731856,0.0,0.8318253491888754,3.837945976294577,0.3361311494372785,0.015694817909224064,0.045152305603465615,0.005252049209957477,53.0,85.0,64.0,0.0,0.0,0.0,4.174077125731856,0.028013940441153393,0.028013940441153393,1579.1202392578125,-0.002261982299387455,0.04378432407975197
323,8.117536276578903,0.0,1.1097589079290628,4.6093678660690784,3.5081684105098248,0.02093884731941628,0.05422785724787151,0.05481513141421601,53.0,85.0,64.0,0.0,0.0,0.0,8.117536276578903,0.05448010923878459,0.05448010923878459,4509.728515625,-0.001753619289956987,0.02327909879386425
324,0.41438106494024396,0.0,1.3514080102322623,0.41438106494024396,0.0,0.02549826434400495,0.004875071352238164,0.0,53.0,85.0,64.0,0.018518518518518517,0.0,0.0,0.41438106494024396,0.002781080972753315,0.002781080972753315,5785.2177734375,-0.0012031986843794584,0.025429807603359222
325,104.54908692836761,0.9883720930232558,0.40053448791150004,37.733598440885544,66.81548848748207,0.007557254488896227,0.44392468753982994,1.0439920076169074,53.0,85.0,64.0,0.0,0.9883720930232558,1.0,104.54908692836761,0.7016717243514605,0.7016717243514605,1375.6834716796875,-0.00521639222279191,0.029278812929987907
326,15.273699278011918,0.03488372093023256,4.817237879149616,8.445323565974832,6.8283757120370865,0.09089128073867199,0.09935674783499802,0.10669337050057948,53.0,85.0,64.0,0.0,0.03488372093023256,0.0,15.273699278011918,0.10250804884571757,0.10250804884571757,2925.61181640625,-0.009931473061442375,0.0482577420771122
327,191.12679880857468,1.0,0.6541047645441722,96.01432377099991,95.11247503757477,0.012341599331022118,1.1295802796588224,1.4861324224621058,53.0,85.0,64.0,0.0,1.0,1.0,191.12679880857468,1.2827301933461388,1.2827301933461388,950.62744140625,-0.005368716083467007,0.030953213572502136
328,82.23875093460083,0.9883720930232558,0.25286244647577405,33.11392503976822,49.12482589483261,0.004770989556146681,0.3895755887031555,0.7675754046067595,53.0,85.0,64.0,0.0,0.9883720930232558,1.0,82.23875093460083,0.5519379257355761,0.5519379257355761,1416.3408203125,0.00022013726993463933,0.026561491191387177
329,18.47602955251932,0.0,7.310555789619684,10.920337349176407,7.555692203342915,0.13793501489848461,0.12847455704913419,0.11805769067723304,53.0,85.0,64.0,0.0,0.0,0.0,18.47602955251932,0.12400019833905584,0.12400019833905584,4814.89404296875,-0.045496195554733276,0.17395612597465515
330,303.65304815769196,0.9767441860465116,1.023770159110427,140.81930482387543,162.83374333381653,0.01931641809642315,1.6566977038102992,2.5442772395908833,53.0,85.0,64.0,0.0,0.9767441860465116,1.0,303.65304815769196,2.0379399205214224,2.0379399205214224,1032.999755859375,-0.042138632386922836,0.21750089526176453
331,5.876441381813493,0.0,4.444381328299642,3.8580185350147076,2.018422846798785,0.08385625147735173,0.04538845335311421,0.031537856981231016,53.0,85.0,64.0,0.0,0.0,0.0,5.876441381813493,0.03943920390478854,0.03943920390478854,1188.0443115234375,0.0037585138343274593,0.058991651982069016
332,104.97554916143417,0.0,1.0489811008919787,57.29675084352493,47.67879831790924,0.01979209624324488,0.6740794216885286,0.7449812237173319,53.0,85.0,64.0,0.0,0.0,0.0,104.97554916143417,0.704533886989491,0.704533886989491,3667.06494140625,-0.04869344085454941,0.22697140276432037
333,135.1636512875557,1.0,0.6778560207458213,47.12333542108536,88.04031586647034,0.012789736240487194,0.5543921814245336,1.375629935413599,53.0,85.0,64.0,0.0,1.0,1.0,135.1636512875557,0.9071385992453402,0.9071385992453402,1037.199462890625,0.0031323013827204704,0.023220160976052284
334,97.64714516326785,0.5930232558139535,0.23503519734367728,19.34262728318572,78.30451788008213,0.004434626364975043,0.22756032097865553,1.2235080918762833,53.0,85.0,64.0,0.0,0.5930232558139535,1.0,97.64714516326785,0.6553499675387104,0.6553499675387104,682.65234375,-0.000999875832349062,0.02319214679300785
335,178.944242477417,0.5,0.22222299443092197,89.88442397117615,89.05981850624084,0.004192886687375886,1.0574638114256016,1.3915596641600132,53.0,85.0,64.0,0.0,0.5,1.0,178.944242477417,1.2009680703182348,1.2009680703182348,4562.69189453125,-0.061753176152706146,0.23872573673725128
336,122.07118362188339,1.0,0.231668769789394,53.57443565130234,68.49674797058105,0.00437110886395083,0.6302874782506157,1.070261687040329,53.0,85.0,64.0,0.0,1.0,1.0,122.07118362188339,0.8192696887374724,0.8192696887374724,1205.405029296875,-0.0027974392287433147,0.032751455903053284
337,233.72750413417816,1.0,0.03743247967213392,108.13754761219025,125.58995652198792,0.0007062732013610174,1.272206442496356,1.9623430706560612,53.0,85.0,64.0,0.0,1.0,1.0,233.72750413417816,1.5686409673434776,1.5686409673434776,3230.001953125,0.0038504889234900475,0.023049496114253998
338,110.53558817505836,0.9651162790697675,0.36744940356584266,37.10370761156082,73.43188056349754,0.006933007614449861,0.4365142071948332,1.1473731338046491,53.0,85.0,64.0,0.0,0.9651162790697675,1.0,110.53558817505836,0.7418495850675058,0.7418495850675058,809.9558715820312,0.0009985300712287426,0.02932104282081127
339,191.9361103773117,1.0,0.21615594043396413,99.47736859321594,92.45874178409576,0.004078413970452154,1.1703219834495993,1.4446678403764963,53.0,85.0,64.0,0.0,1.0,1.0,191.9361103773117,1.2881618146128302,1.2881618146128302,3316.85205078125,0.0007279326673597097,0.01590142212808132
340,30.491783164441586,0.9883720930232558,0.9076050058356486,14.348695166409016,16.14308799803257,0.01712462275161601,0.16880817842834137,0.2522357499692589,53.0,85.0,64.0,0.018518518518518517,0.9883720930232558,1.0,30.491783164441586,0.2046428400298093,0.2046428400298093,3689.529296875,-0.00038421875797212124,0.012649158015847206
341,30.0473746600328,0.011627906976744186,4.10255625937134,8.890693919616751,21.15668074041605,0.07740672187493094,0.10459639905431473,0.3305731365690008,53.0,85.0,64.0,0.0,0.011627906976744186,0.03076923076923077,30.0473746600328,0.2016602326176698,0.2016602326176698,47.35673904418945,0.005530349910259247,0.11700616031885147
342,55.13394892774522,0.4186046511627907,0.09196436405181885,9.777860654518008,45.356088273227215,0.001735176680222997,0.11503365475903539,0.7086888792691752,53.0,85.0,64.0,0.0,0.4186046511627907,0.9692307692307692,55.13394892774522,0.3700265028707733,0.3700265028707733,1866.988525390625,8.713593706488609e-05,0.02054569497704506
343,274.9493498802185,0.9883720930232558,0.03620807920378866,128.60196232795715,146.34738755226135,0.0006831713057318615,1.512964262681849,2.2866779305040836,53.0,85.0,64.0,0.0,0.9883720930232558,1.0,274.9493498802185,1.8452976502028087,1.8452976502028087,2313.0263671875,-0.005792118608951569,0.024093512445688248
344,15.36771702580154,0.09302325581395349,4.789631562307477,9.45405807159841,5.913658954203129,0.09037040683599014,0.11122421260704013,0.09240092115942389,53.0,85.0,64.0,0.0,0.09302325581395349,0.0,15.36771702580154,0.10313904044162107,0.10313904044162107,1548.326904296875,-0.007734163664281368,0.043286751955747604
345,293.5106885433197,1.0,0.822448661812814,155.753564119339,137.7571244239807,0.015517899279487055,1.8323948719922234,2.1524550691246986,53.0,85.0,64.0,0.0,1.0,1.0,293.5106885433197,1.969870392908186,1.969870392908186,1082.86962890625,-0.005532804876565933,0.027246881276369095
346,281.97105395793915,1.0,1.1357810022309422,130.45821750164032,151.51283645629883,0.021429830230772495,1.5348025588428273,2.367388069629669,53.0,85.0,64.0,0.0,1.0,1.0,281.97105395793915,1.8924231809257661,1.8924231809257661,1072.7845458984375,-0.0017744821961969137,0.02156255953013897
347,106.70578640699387,1.0,0.5841350497648818,58.01481556892395,48.690970838069916,0.011021416033299657,0.6825272419873406,0.7607964193448424,53.0,85.0,64.0,0.0,1.0,1.0,106.70578640699387,0.7161462174966031,0.7161462174966031,3602.18603515625,-0.001519678859040141,0.01988275721669197
348,85.50107783079147,0.9767441860465116,0.7968688834807836,41.29312136769295,44.207956463098526,0.015035261952467615,0.48580142785521113,0.6907493197359145,53.0,85.0,64.0,0.05555555555555555,0.9767441860465116,1.0,85.50107783079147,0.5738327371194059,0.5738327371194059,5278.7666015625,-0.0022245862055569887,0.014186340384185314
349,2.085029998794198,0.046511627906976744,0.5442703032167628,2.085029998794198,0.0,0.010269251004089866,0.02452976469169645,0.0,53.0,85.0,64.0,0.0,0.046511627906976744,0.0,2.085029998794198,0.013993489924793276,0.013993489924793276,1506.62744140625,0.0011268772650510073,0.025507749989628792
350,162.0264450609684,1.0,0.027516169473528862,51.827363044023514,110.19908201694489,0.0005191730089345068,0.6097336828708648,1.7218606565147638,53.0,85.0,64.0,0.0,1.0,1.0,162.0264450609684,1.0874258057783115,1.0874258057783115,1304.160400390625,-0.0023891935124993324,0.026780258864164352
351,33.91113965213299,0.03488372093023256,11.012575438246131,20.354551643133163,13.556588008999825,0.20778444223105907,0.23946531344862546,0.21182168764062226,53.0,85.0,64.0,0.018518518518518517,0.03488372093023256,0.015384615384615385,33.91113965213299,0.22759154128948314,0.22759154128948314,922.9385986328125,0.006784738972783089,0.08131493628025055
352,191.76511704921722,1.0,0.6728878337307833,91.93108355998993,99.8340334892273,0.012695996862844968,1.0815421595292933,1.5599067732691765,53.0,85.0,64.0,0.0,1.0,1.0,191.76511704921722,1.2870142083840082,1.2870142083840082,1333.948974609375,-0.0002230850514024496,0.02469009719789028
353,98.86255687475204,0.9883720930232558,0.07563756126910448,61.97632747888565,36.886229395866394,0.0014271237975302731,0.7291332644574783,0.5763473343104124,53.0,85.0,64.0,0.0,0.9883720930232558,1.0,98.86255687475204,0.6635070931191412,0.6635070931191412,1367.6358642578125,-3.787229070439935e-05,0.019079621881246567
354,45.79604450236366,0.20930232558139536,0.16934716049581766,7.761089133055066,38.03495536930859,0.0031952294433173142,0.09130693097711842,0.5942961776454467,53.0,85.0,64.0,0.0,0.20930232558139536,0.8615384615384616,45.79604450236366,0.30735600337156815,0.30735600337156815,1751.720703125,0.0028592050075531006,0.037651706486940384
355,4.545393365464406,0.1511627906976744,2.4316012572635373,3.6989516183093656,0.8464417471550405,0.0458792690049724,0.04351707786246312,0.013225652299297508,53.0,85.0,64.0,0.0,0.1511627906976744,0.0,4.545393365464406,0.030505995741371854,0.030505995741371854,4932.9541015625,-0.0057603344321250916,0.02546009048819542
356,250.61994540691376,1.0,102.07545781135559,146.29417026042938,104.32577514648438,1.9259520341765206,1.7211078854168163,1.6300902366638184,53.0,85.0,64.0,1.0,1.0,1.0,250.61994540691376,1.68201305642224,1.68201305642224,1642.58154296875,-0.0026935511268675327,0.015359539538621902
357,108.99798101186752,1.0,0.13981217717082473,40.63490718603134,68.36307382583618,0.002637965606996693,0.47805773160036874,1.0681730285286903,53.0,85.0,64.0,0.0,1.0,1.0,108.99798101186752,0.7315300739051511,0.7315300739051511,1826.596923828125,-0.00675914715975523,0.02187357284128666
358,415.93787956237793,1.0,137.65760028362274,240.6693615913391,175.26851797103882,2.597313212898542,2.8314042540157542,2.7385705932974815,53.0,85.0,64.0,1.0,1.0,1.0,415.93787956237793,2.7915293930360936,2.7915293930360936,385.56365966796875,0.0021714461036026478,0.06571722775697708
359,69.35119088739157,0.8488372093023255,0.10752999359101523,17.46663498133421,51.88455590605736,0.002028867803604061,0.20548982330981422,0.8106961860321462,53.0,85.0,64.0,0.0,0.8488372093023255,1.0,69.35119088739157,0.46544423414356756,0.46544423414356756,2118.34521484375,-0.0023431205190718174,0.020895007997751236
360,27.754017720697448,0.2558139534883721,0.22064001907710917,4.273025790927932,23.480991929769516,0.004163019227869985,0.050270891657975665,0.3668904989026487,53.0,85.0,64.0,0.0,0.2558139534883721,0.9692307692307692,27.754017720697448,0.18626857530669427,0.18626857530669427,2744.3046875,-0.004666697233915329,0.01859881915152073
361,12.842778129153885,0.20930232558139536,1.042066999943927,7.058465271838941,5.784312857314944,0.01966164150837598,0.08304076790398754,0.090379888395546,53.0,85.0,64.0,0.0,0.20930232558139536,0.03076923076923077,12.842778129153885,0.08619314180640192,0.08619314180640192,645.2907104492188,-0.0039481474086642265,0.03339675813913345
362,71.09444363415241,0.9651162790697675,0.412683714996092,31.666597440838814,39.4278461933136,0.00778648518860551,0.37254820518633897,0.616060096770525,53.0,85.0,64.0,0.0,0.9651162790697675,1.0,71.09444363415241,0.4771439170077343,0.4771439170077343,1456.83251953125,0.006874398328363895,0.037677884101867676
363,260.34353828430176,1.0,114.64050364494324,154.08625972270966,106.2572785615921,2.1630283706593065,1.8127795261495254,1.6602699775248766,53.0,85.0,64.0,1.0,1.0,1.0,260.34353828430176,1.7472720690221595,1.7472720690221595,1659.8740234375,-0.0020612836815416813,0.026133818551898003
364,10.480006588622928,0.26744186046511625,0.7418668151367456,4.941083846613765,5.538922742009163,0.013997487078051804,0.058130398195456054,0.08654566784389317,53.0,85.0,64.0,0.0,0.26744186046511625,0.06153846153846154,10.480006588622928,0.07033561468874448,0.07033561468874448,1499.039794921875,0.00030893413349986076,0.02360857091844082
365,9.203074609162286,0.0,1.0873222770169377,6.164611704647541,3.038462904514745,0.020515514660696937,0.07252484358408871,0.04747598288304289,53.0,85.0,64.0,0.0,0.0,0.0,9.203074609162286,0.06176560140377373,0.06176560140377373,66.845458984375,-0.01643531024456024,0.16075630486011505
366,318.532678604126,1.0,0.35900259448681027,168.90226531028748,149.6304132938385,0.006773633858241703,1.987085474238676,2.3379752077162266,53.0,85.0,64.0,0.0,1.0,1.0,318.532678604126,2.137803212108228,2.137803212108228,1386.6815185546875,0.0005197823047637939,0.03233134746551514
367,392.4238021373749,1.0,5.5245942594483495,203.15446186065674,189.26934027671814,0.10423762753676132,2.3900524924783144,2.957333441823721,53.0,85.0,64.0,0.4074074074074074,1.0,1.0,392.4238021373749,2.6337167928682876,2.6337167928682876,1615.1434326171875,-0.0015713553875684738,0.026700226590037346
368,248.8786998987198,1.0,0.06177696771919727,117.50522017478943,131.37347972393036,0.001165603164513156,1.3824143549975227,2.052710620686412,53.0,85.0,64.0,0.0,1.0,1.0,248.8786998987198,1.670326844957851,1.670326844957851,1366.873291015625,0.004608035087585449,0.027100147679448128
369,23.44721756502986,0.0,8.570881986990571,10.307253686711192,13.139963878318667,0.1617147544715202,0.1212618080789552,0.20531193559872918,53.0,85.0,64.0,0.0,0.0,0.0,23.44721756502986,0.1573638762753682,0.1573638762753682,34.887420654296875,0.040909141302108765,0.2310832142829895
370,83.52690011262894,0.46511627906976744,0.3553471175400773,30.442848414182663,53.084051698446274,0.006704662595095798,0.35815115781391366,0.829438307788223,53.0,85.0,64.0,0.0,0.46511627906976744,0.9846153846153847,83.52690011262894,0.560583222232409,0.560583222232409,570.6356811523438,-0.007554606534540653,0.06743311136960983
371,22.40898621082306,0.5,3.647552722133696,10.684265412390232,11.724720798432827,0.06882174947422068,0.12569724014576744,0.18319876247551292,53.0,85.0,64.0,0.07407407407407407,0.5,0.9692307692307692,22.40898621082306,0.15039588060955073,0.15039588060955073,8151.2470703125,-0.0014895242638885975,0.02317609079182148
372,19.17700247548055,0.08139534883720931,0.9672576711745933,8.701977641205303,10.475024834275246,0.01825014473914327,0.10237620754359181,0.1636722630355507,53.0,85.0,64.0,0.0,0.08139534883720931,0.2923076923076923,19.17700247548055,0.1287047146005406,0.1287047146005406,9481.1640625,0.00047487602569162846,0.0365205854177475
