calcium_label,calcium AUC,calcium response time,calcium_auc_w1,calcium_auc_w2,calcium_auc_w3,calcium_auc_norm_w1,calcium_auc_norm_w2,calcium_auc_norm_w3,calcium_active_time_w1,calcium_active_time_w2,calcium_active_time_w3,calcium_response_time_w1,calcium_response_time_w2,calcium_response_time_w3,calcium_auc_w2_w3,calcium_auc_norm_w2_w3,calcium_AUC_norm,calcium_baseline_F0,calcium_baseline_mean_dff,calcium_baseline_sd_dff
1,3.2977227582596242,0.0,6.561452788300812,0.9845408322289586,2.3131819260306656,0.08305636440887104,0.016409013870482644,0.03452510337359203,79.0,60.0,67.0,0.0375,0.0,0.0,3.2977227582596242,0.025966320931178143,0.025966320931178143,527.364990234375,0.027440499514341354,0.05273856967687607
2,0.8909509666264057,0.0,0.8384518810198642,0.4663328384049237,0.42461812822148204,0.010613314949618535,0.007772213973415394,0.006337584003305702,79.0,60.0,67.0,0.0,0.0,0.0,0.8909509666264057,0.007015361941940202,0.007015361941940202,754.0245361328125,-0.015944259241223335,0.0712953507900238
3,23.11361810012022,0.0,8.220016743754968,7.994134591892362,15.119483508227859,0.10405084485765782,0.13323557653153936,0.22566393295862475,79.0,60.0,67.0,0.0,0.0,0.0,23.11361810012022,0.18199699291433244,0.18199699291433244,300.2756652832031,0.01659364439547062,0.1962297409772873
4,35.59742075577378,0.32786885245901637,1.4187153736129403,18.873421542346478,16.723999213427305,0.017958422450796714,0.31455702570577465,0.2496119285586165,79.0,60.0,67.0,0.0,0.32786885245901637,0.17647058823529413,35.59742075577378,0.280294651620266,0.280294651620266,1322.31201171875,-0.007048639003187418,0.08302627503871918
5,49.30919291079044,0.8360655737704918,8.05208457633853,16.128965631127357,33.180227279663086,0.10192512121947506,0.26881609385212263,0.4952272728307923,79.0,60.0,67.0,0.0125,0.8360655737704918,1.0,49.30919291079044,0.38826136150228696,0.38826136150228696,780.8359375,-0.009222719818353653,0.0446082279086113
6,10.315812450018711,0.0,10.153708960860968,1.4919403597014025,8.823872090317309,0.12852796152988566,0.02486567266169004,0.13169958343757177,79.0,60.0,67.0,0.15,0.0,0.16176470588235295,10.315812450018711,0.0812268696851867,0.0812268696851867,261.8422546386719,-0.0056012822315096855,0.05334504321217537
7,0.2981982007622719,0.0,1.8799735372886062,0.0,0.2981982007622719,0.023797133383400077,0.0,0.004450719414362267,79.0,60.0,67.0,0.0625,0.0,0.0,0.2981982007622719,0.0023480173288367863,0.0023480173288367863,605.048095703125,0.008412917144596577,0.026165802031755447
8,16.780725336284377,0.0,3.7495724111795425,1.7781191529938951,15.002606183290482,0.047462941913665097,0.02963531921656492,0.22391949527299226,79.0,60.0,67.0,0.025,0.0,0.5735294117647058,16.780725336284377,0.1321316955612943,0.1321316955612943,483.535888671875,-0.0024183979257941246,0.043248679488897324
9,85.39584051119164,0.01639344262295082,0.6556556299328804,2.7983724479563534,82.59746806323528,0.008299438353580765,0.04663954079927256,1.2327980307945565,79.0,60.0,67.0,0.0,0.01639344262295082,0.9852941176470589,85.39584051119164,0.672408193001509,0.672408193001509,575.2490234375,0.0101942028850317,0.05122143030166626
10,2.051876389508834,0.0,3.0985357735717116,0.5566872311756015,1.4951891583332326,0.039221971817363435,0.009278120519593359,0.02231625609452586,79.0,60.0,67.0,0.0,0.0,0.0,2.051876389508834,0.016156507004006566,0.016156507004006566,464.5377502441406,0.00024873478105291724,0.06879132241010666
11,24.297758668661118,0.0,8.358300717547536,8.735875999554992,15.561882669106126,0.10580127490566502,0.14559793332591653,0.23226690550904666,79.0,60.0,67.0,0.0,0.0,0.0,24.297758668661118,0.19132093439890643,0.19132093439890643,83.87132263183594,0.041427794843912125,0.1954052448272705
12,11.602773070015246,0.0,2.6233620361890644,5.07486391151906,6.527909158496186,0.03320711438214006,0.08458106519198433,0.09743147997755501,79.0,60.0,67.0,0.0125,0.0,0.014705882352941176,11.602773070015246,0.09136041787413579,0.09136041787413579,357.1510009765625,-0.009336665272712708,0.05702570080757141
13,30.77740908972919,0.0,8.069538834621198,10.020900381729007,20.756508708000183,0.10214606119773668,0.1670150063621501,0.30979863743283853,79.0,60.0,67.0,0.0,0.0,0.2647058823529412,30.77740908972919,0.24234180385613535,0.24234180385613535,577.0948486328125,0.019542692229151726,0.07087252289056778
14,2.237806098535657,0.0,2.9999635694548488,0.42143994476646185,1.816366153769195,0.037974222398162644,0.0070239990794410305,0.027109942593570076,79.0,60.0,67.0,0.025,0.0,0.014705882352941176,2.237806098535657,0.017620520460910685,0.017620520460910685,376.0273132324219,0.005050461273640394,0.05353206768631935
15,34.16838435083628,0.0,12.27997223334387,13.20170520991087,20.966679140925407,0.15544268649802367,0.22002842016518115,0.3129355095660509,79.0,60.0,67.0,0.0,0.0,0.0,34.16838435083628,0.26904239646327777,0.26904239646327777,54.20378875732422,0.044766929000616074,0.14281296730041504
16,27.106714013963938,0.04918032786885246,5.727888468885794,6.975706968456507,20.13100704550743,0.07250491732766828,0.11626178280760845,0.3004627917239915,79.0,60.0,67.0,0.0,0.04918032786885246,0.8676470588235294,27.106714013963938,0.2134386930233381,0.2134386930233381,965.5803833007812,-0.007766862399876118,0.049405694007873535
17,17.584968231618404,0.01639344262295082,2.0707033602520823,6.7728636264801025,10.812104605138302,0.02621143493989978,0.11288106044133504,0.16137469559907913,79.0,60.0,67.0,0.0,0.01639344262295082,0.14705882352941177,17.584968231618404,0.13846431678439688,0.13846431678439688,879.6788330078125,-0.011401563882827759,0.04963795840740204
18,4.157334298477508,0.0,4.891905233729631,0.46336809440981597,3.693966204067692,0.06192285105986874,0.007722801573496933,0.055133823941308835,79.0,60.0,67.0,0.0125,0.0,0.0,4.157334298477508,0.03273491573604337,0.03273491573604337,754.9404296875,0.0058210259303450584,0.046170514076948166
19,35.947918805160725,0.0,8.9498041998595,13.534136029758656,22.41378277540207,0.1132886607577152,0.22556893382931092,0.33453407127465773,79.0,60.0,67.0,0.0,0.0,0.0,35.947918805160725,0.2830544787807931,0.2830544787807931,215.13778686523438,0.014919421635568142,0.1485387682914734
20,2.2704200738226064,0.0,3.1348301987163723,0.6722514059511013,1.598168667871505,0.03968139492046041,0.011204190099185022,0.023853263699574703,79.0,60.0,67.0,0.0,0.0,0.0,2.2704200738226064,0.017877323415926034,0.017877323415926034,343.9129333496094,0.006609941832721233,0.07606489956378937
21,0.7754524882184342,0.0,4.058330346830189,0.19081537809688598,0.5846371101215482,0.05137127021304037,0.0031802563016147664,0.008725927016739524,79.0,60.0,67.0,0.0375,0.0,0.0,0.7754524882184342,0.006105925104082159,0.006105925104082159,489.9322204589844,0.013317758217453957,0.041768431663513184
22,4.674809868214652,0.01639344262295082,3.7788876448757946,1.5741792675107718,3.10063060070388,0.04783402082121259,0.02623632112517953,0.046278068667222096,79.0,60.0,67.0,0.075,0.01639344262295082,0.04411764705882353,4.674809868214652,0.03680952652137521,0.03680952652137521,534.458740234375,-0.00838438980281353,0.0394757054746151
23,32.363829800859094,0.03278688524590164,11.183645936660469,12.674493903294206,19.689335897564888,0.1415651384387401,0.21124156505490344,0.2938706850382819,79.0,60.0,67.0,0.05,0.03278688524590164,0.16176470588235295,32.363829800859094,0.2548333055185755,0.2548333055185755,242.44308471679688,-0.019703131169080734,0.08511226624250412
24,11.042797801550478,0.0,3.856409120548051,2.547050347086042,8.495747454464436,0.04881530532339305,0.0424508391181007,0.12680220081290203,79.0,60.0,67.0,0.0,0.0,0.029411764705882353,11.042797801550478,0.08695116379173605,0.08695116379173605,1182.9808349609375,2.4122688046190888e-05,0.04756217822432518
25,4.508906709088478,0.0,1.6583462308626622,0.6676336820237339,3.8412730270647444,0.02099172444129952,0.011127228033728898,0.0573324332397723,79.0,60.0,67.0,0.0,0.0,0.0,4.508906709088478,0.03550320243376755,0.03550320243376755,554.7603759765625,0.012719974853098392,0.05673248693346977
26,2.966080158003024,0.0,2.9234743209090084,0.9244325316976756,2.0416476263053482,0.037006004062139344,0.015407208861627926,0.03047235263142311,79.0,60.0,67.0,0.0,0.0,0.0,2.966080158003024,0.023354961874039556,0.023354961874039556,648.0855102539062,-0.011049628257751465,0.06974903494119644
27,8.694447910645977,0.0,3.224234296474606,1.0622657041531056,7.632182206492871,0.04081309236043805,0.01770442840255176,0.11391316726108763,79.0,60.0,67.0,0.0,0.0,0.014705882352941176,8.694447910645977,0.06846021976886596,0.06846021976886596,365.1334228515625,-0.026532534509897232,0.07432813197374344
28,10.495106724411016,0.0,3.790756812086329,3.823130240984028,6.671976483426988,0.047984263444130745,0.0637188373497338,0.09958173855861176,79.0,60.0,67.0,0.0,0.0,0.0,10.495106724411016,0.08263863562528359,0.08263863562528359,1728.580078125,0.007119824178516865,0.05341462790966034
29,4.681647551013157,0.0,4.782943143509328,0.5753895456437021,4.106258005369455,0.06054358409505479,0.009589825760728369,0.06128743291596201,79.0,60.0,67.0,0.0125,0.0,0.0,4.681647551013157,0.036863366543410686,0.036863366543410686,920.8583984375,0.02083851583302021,0.053539592772722244
30,20.84740909934044,0.0,7.866188632324338,9.057813923805952,11.789595175534487,0.09957200800410554,0.15096356539676586,0.17596410709752966,79.0,60.0,67.0,0.0,0.0,0.0,20.84740909934044,0.16415282755386174,0.16415282755386174,304.582763671875,0.007245337590575218,0.1353837251663208
31,17.405049215070903,0.0,3.2840284598059952,5.908370624296367,11.496678590774536,0.04156998050387336,0.09847284373827278,0.17159221777275427,79.0,60.0,67.0,0.0,0.0,0.04411764705882353,17.405049215070903,0.13704763161473152,0.13704763161473152,418.8797302246094,-0.01703733019530773,0.06708329916000366
32,8.878472856711596,0.0,2.991129223490134,4.177058912348002,4.701413944363594,0.037862395234052326,0.06961764853913337,0.0701703573785611,79.0,60.0,67.0,0.0,0.0,0.0,8.878472856711596,0.06990923509221729,0.06990923509221729,211.9348907470703,-0.03663572296500206,0.14978425204753876
33,3.6709913392551243,0.0,5.276125443633646,0.8552069831639528,2.8157843560911715,0.06678639802067907,0.014253449719399213,0.04202663218046525,79.0,60.0,67.0,0.0,0.0,0.0,3.6709913392551243,0.02890544361618208,0.02890544361618208,536.9080200195312,-0.007453375495970249,0.08245210349559784
34,4.883604145841673,0.0,8.165109896101058,0.8716278942301869,4.011976251611486,0.10335582146963364,0.014527131570503116,0.05988024256136546,79.0,60.0,67.0,0.0,0.0,0.0,4.883604145841673,0.038453575951509236,0.038453575951509236,338.7258605957031,0.01870579645037651,0.07558630406856537
35,18.197945774532855,0.0,7.146851148456335,4.828821667470038,13.369124107062817,0.09046647023362449,0.08048036112450063,0.19953916577705696,79.0,60.0,67.0,0.0,0.0,0.029411764705882353,18.197945774532855,0.14329091161049493,0.14329091161049493,480.4751281738281,0.012698382139205933,0.08184967935085297
36,17.906399188446812,0.0,7.6651250114664435,8.838448375929147,9.067950812517665,0.09702689887932207,0.14730747293215246,0.13534254944056218,79.0,60.0,67.0,0.0,0.0,0.0,17.906399188446812,0.1409952692003686,0.1409952692003686,167.43800354003906,0.02421572618186474,0.1576416939496994
37,49.4937994889915,0.36065573770491804,7.025054092518985,23.459660675376654,26.034138813614845,0.08892473534834158,0.3909943445896109,0.38856923602410215,79.0,60.0,67.0,0.0125,0.36065573770491804,0.3382352941176471,49.4937994889915,0.3897149566062323,0.3897149566062323,457.19073486328125,-0.004737955518066883,0.09062289446592331
38,6.439192074583843,0.0,2.108127272222191,1.4308560902718455,5.008335984311998,0.026685155344584696,0.023847601504530757,0.07475128334794026,79.0,60.0,67.0,0.0,0.0,0.0,6.439192074583843,0.050702299799872785,0.050702299799872785,841.6822509765625,-0.00056238699471578,0.06285534799098969
39,46.07685733214021,0.5573770491803278,3.9825394335202873,23.838787104934454,22.238070227205753,0.05041189156354794,0.3973131184155742,0.3319114959284441,79.0,60.0,67.0,0.0,0.5573770491803278,0.45588235294117646,46.07685733214021,0.3628099002530725,0.3628099002530725,459.1287841796875,0.005060902796685696,0.055200494825839996
40,11.447217230452225,0.0,5.651043380610645,5.791860222117975,5.655357008334249,0.07153219469127399,0.09653100370196625,0.0844083135572276,79.0,60.0,67.0,0.0,0.0,0.0,11.447217230452225,0.09013556874371831,0.09013556874371831,650.6725463867188,-0.005278139375150204,0.06383384019136429
41,10.118075915845111,0.0,3.207273873500526,2.2451710677705705,7.8729048480745405,0.04059840346203197,0.03741951779617617,0.11750604250857523,79.0,60.0,67.0,0.0,0.0,0.029411764705882353,10.118075915845111,0.0796698891011426,0.0796698891011426,925.4720458984375,-0.0035835665185004473,0.060345545411109924
42,32.69091579504311,0.03278688524590164,2.3707243419485167,12.87995589338243,19.81095990166068,0.03000916888542426,0.21466593155637384,0.2956859686815027,79.0,60.0,67.0,0.0,0.03278688524590164,0.1323529411764706,32.69091579504311,0.257408785787741,0.257408785787741,229.6685028076172,-0.03228114917874336,0.10377683490514755
43,8.362982856109738,0.0,1.8673549640807323,1.0973972852807492,7.265585570828989,0.023637404608616866,0.018289954754679153,0.10844157568401476,79.0,60.0,67.0,0.0,0.0,0.0,8.362982856109738,0.0658502587095255,0.0658502587095255,658.6778564453125,-0.0012416925746947527,0.05100352689623833
44,40.78899821639061,0.01639344262295082,6.153752792160958,10.873479522764683,29.915518693625927,0.07789560496406275,0.1812246587127447,0.4465002790093422,79.0,60.0,67.0,0.0,0.01639344262295082,0.2647058823529412,40.78899821639061,0.3211732143022883,0.3211732143022883,155.05886840820312,-0.006899014115333557,0.10148126631975174
45,10.548537936760113,0.0,3.1283893881191034,3.9787884403485805,6.569749496411532,0.039599865672393715,0.06631314067247635,0.09805596263300795,79.0,60.0,67.0,0.0,0.0,0.0,10.548537936760113,0.0830593538327568,0.0830593538327568,625.2107543945312,0.0055563440546393394,0.06296875327825546
46,11.848466616822407,0.0,4.396054461598396,3.4743285055737942,8.374138111248612,0.05564625900757464,0.05790547509289657,0.12498713598878526,79.0,60.0,67.0,0.0,0.0,0.014705882352941176,11.848466616822407,0.09329501273088509,0.09329501273088509,727.1337890625,-0.00201731501147151,0.05872984603047371
47,3.987206381658325,0.0,2.0645307902013883,2.141106067370856,1.8461003142874688,0.026133301141789727,0.035685101122847604,0.027553736034141324,79.0,60.0,67.0,0.0,0.0,0.0,3.987206381658325,0.03139532583982933,0.03139532583982933,507.546875,-0.01696353778243065,0.0901084840297699
48,0.7374890071805567,0.0,0.1575871421955526,0.41066602570936084,0.3268229814711958,0.001994773951842438,0.006844433761822681,0.004877954947331281,79.0,60.0,67.0,0.0,0.0,0.0,0.7374890071805567,0.005807000056539816,0.005807000056539816,379.9351501464844,-0.023501316085457802,0.0628659650683403
49,4.353865159093402,0.0,2.720069676230196,2.5921527803875506,1.7617123787058517,0.03443126172443286,0.04320254633979251,0.026294214607550027,79.0,60.0,67.0,0.0,0.0,0.0,4.353865159093402,0.03428240282750711,0.03428240282750711,397.3537902832031,-0.020471977069973946,0.06358420103788376
50,15.826126667670906,0.0,3.5877683120779693,5.734197826124728,10.091928841546178,0.04541478876048063,0.09556996376874546,0.15062580360516684,79.0,60.0,67.0,0.0,0.0,0.014705882352941176,15.826126667670906,0.12461517061158194,0.12461517061158194,866.7156982421875,-0.005686457268893719,0.06098170578479767
51,0.40221604390535504,0.0,2.625706828199327,0.0,0.40221604390535504,0.033236795293662365,0.0,0.006003224535900822,79.0,60.0,67.0,0.0,0.0,0.0,0.40221604390535504,0.003167055463821693,0.003167055463821693,1039.9276123046875,-0.03249184042215347,0.15838535130023956
52,26.001132343895733,0.0,6.372868071310222,10.343587880022824,15.65754446387291,0.08066921609253445,0.17239313133371373,0.23369469349064045,79.0,60.0,67.0,0.0,0.0,0.0,26.001132343895733,0.20473332554248608,0.20473332554248608,184.81105041503906,-0.018864141777157784,0.14342014491558075
53,18.586312763392925,0.0,9.32241702824831,9.164842875674367,9.421469887718558,0.1180052788385862,0.15274738126123946,0.1406189535480382,79.0,60.0,67.0,0.0,0.0,0.0,18.586312763392925,0.14634891939679467,0.14634891939679467,245.1918487548828,0.004499728791415691,0.1526142805814743
54,8.365217512524396,0.0,1.960030301939696,1.8100774071644992,6.5551401053598966,0.024810510151135393,0.030167956786074986,0.09783791202029696,79.0,60.0,67.0,0.0,0.0,0.0,8.365217512524396,0.06586785442932595,0.06586785442932595,449.2346496582031,0.0004355090786702931,0.0679222047328949
55,8.310514452983625,0.0,4.775200549280271,0.858926676097326,7.451587776886299,0.060445576573167986,0.014558079255886881,0.11121772801322835,79.0,59.0,67.0,0.0,0.0,0.0,8.310514452983625,0.06595646391256846,0.06595646391256846,538.2774047851562,-0.04233456403017044,0.14384794235229492
56,19.226167159620672,0.016666666666666666,1.329306797357276,3.192049364093691,16.03411779552698,0.016826668320978178,0.05410253159480832,0.23931519097801465,79.0,59.0,67.0,0.0,0.016666666666666666,0.36764705882352944,19.226167159620672,0.15258862825095773,0.15258862825095773,763.6358032226562,0.002064417814835906,0.051093362271785736
57,0.5466937473975122,0.0,5.298031911603175,0.16853102995082736,0.37816271744668484,0.06706369508358449,0.002856458134759786,0.005644219663383356,79.0,59.0,67.0,0.0,0.0,0.0,0.5466937473975122,0.004338839265059621,0.004338839265059621,470.35125732421875,-0.004724786151200533,0.054048702120780945
58,5.754956628138643,0.0,4.195780462119728,2.0889162003886668,3.6660404277499765,0.053111145090123144,0.03540535932862147,0.054717021309701144,79.0,59.0,67.0,0.0,0.0,0.0,5.754956628138643,0.045674258953481296,0.045674258953481296,532.7169799804688,0.006326153874397278,0.07993659377098083
59,6.294389796152245,0.0,4.071592248976231,1.76442807354033,4.529961722611915,0.051539142392104186,0.029905560568480167,0.0676113689942077,79.0,59.0,67.0,0.0,0.0,0.0,6.294389796152245,0.04995547457263687,0.04995547457263687,585.793212890625,-0.005899081006646156,0.06224273145198822
60,2.0594664746895432,0.0,1.9772754982295737,0.013898497447371483,2.0455679772421718,0.025028803775057895,0.00023556775334527936,0.030530865331972714,79.0,59.0,67.0,0.0,0.0,0.0,2.0594664746895432,0.01634497202134558,0.01634497202134558,686.5067749023438,-0.06559501588344574,0.23989512026309967
61,9.273357912898064,0.0,1.610793337225914,0.1773604452610016,9.095997467637062,0.020389789078809038,0.0030061092417118913,0.135761156233389,79.0,59.0,67.0,0.0,0.0,0.0,9.273357912898064,0.07359807867379416,0.07359807867379416,641.13818359375,-0.046398017555475235,0.22279661893844604
62,9.427269612671807,0.0,2.1944124745205045,2.9629593677818775,6.46431024488993,0.027777373095196258,0.05021965030138775,0.09648224246104373,79.0,59.0,67.0,0.0,0.0,0.0,9.427269612671807,0.0748196001005699,0.0748196001005699,258.7420959472656,-0.00423199450597167,0.08994350582361221
63,8.748407875013072,0.016666666666666666,5.074931226670742,1.9978862610296346,6.750521613983437,0.0642396357806423,0.03386247900050228,0.10075405394005131,79.0,59.0,67.0,0.1125,0.016666666666666666,0.22058823529411764,8.748407875013072,0.06943180853184978,0.06943180853184978,684.126953125,-0.001874630688689649,0.034014809876680374
64,6.734385023301002,0.016666666666666666,3.2402951155090705,2.1462280793348327,4.588156943966169,0.041016393867203425,0.036376747107370044,0.06847995438755476,79.0,59.0,67.0,0.0125,0.016666666666666666,0.029411764705882353,6.734385023301002,0.05344750018492858,0.05344750018492858,882.9700927734375,0.002879423787817359,0.03235643729567528
65,8.186788335384335,0.0,2.4091481626965106,2.891909694299102,5.2948786410852335,0.03049554636324697,0.0490154185474424,0.07902803941918259,79.0,59.0,67.0,0.0,0.0,0.014705882352941176,8.186788335384335,0.06497451059828838,0.06497451059828838,290.67706298828125,-0.016761913895606995,0.08865378051996231
66,0.4702690364792943,0.0,3.1003415209706873,0.03578853979706764,0.43448049668222666,0.03924482937937579,0.0006065854202892821,0.006484783532570547,79.0,59.0,67.0,0.0125,0.0,0.0,0.4702690364792943,0.0037322939403118594,0.0037322939403118594,404.79180908203125,-0.00023812241852283478,0.04939831420779228
67,6.828286714735441,0.0,3.5044921594671905,0.44128955609630793,6.386997158639133,0.04436066024642013,0.007479484001632338,0.09532831580058407,79.0,59.0,67.0,0.1125,0.0,0.08823529411764706,6.828286714735441,0.05419275170424953,0.05419275170424953,512.991943359375,0.00501169404014945,0.030103158205747604
68,14.550220642937347,0.4166666666666667,5.588961010333151,8.420149906538427,6.13007073639892,0.07074634190295127,0.14271440519556655,0.0914935930805809,79.0,59.0,67.0,0.1375,0.4166666666666667,0.25,14.550220642937347,0.11547794161061387,0.11547794161061387,828.3074951171875,-0.004889584146440029,0.030571017414331436
69,8.593757020309567,0.0,5.39091669023037,1.374401400797069,7.219355619512498,0.06823945177506797,0.02329493899656049,0.1077515764106343,79.0,59.0,67.0,0.0,0.0,0.10294117647058823,8.593757020309567,0.06820442079610768,0.06820442079610768,906.1192626953125,0.011114743538200855,0.045937225222587585
70,4.848794437653851,0.0,3.6904325359500945,2.997360019944608,1.8514344177092426,0.04671433589810246,0.050802712202450986,0.027633349518048397,79.0,59.0,67.0,0.0125,0.0,0.014705882352941176,4.848794437653851,0.03848249553693532,0.03848249553693532,451.4978332519531,-0.0029006607364863157,0.044835660606622696
71,6.353720746468753,0.06666666666666667,6.186428488232195,1.8173935967497528,4.536327149719,0.07830922137002778,0.03080328130084327,0.0677063753689403,79.0,59.0,67.0,0.3375,0.06666666666666667,0.2647058823529412,6.353720746468753,0.050426355130704384,0.050426355130704384,761.7874755859375,0.00444117933511734,0.021566197276115417
72,1.7433421889652436,0.0,4.508330276235938,0.5881954163412502,1.1551467726239935,0.05706747185108783,0.009969413836292376,0.01724099660632826,79.0,59.0,67.0,0.0125,0.0,0.0,1.7433421889652436,0.013836049118771775,0.013836049118771775,465.31121826171875,-0.00011070258915424347,0.04925692081451416
73,1.505881825927645,0.0,3.8560547325760126,0.7524960045702755,0.7533858213573694,0.048810819399696365,0.01275416956898772,0.011244564497871186,79.0,59.0,67.0,0.0375,0.0,0.0,1.505881825927645,0.011951443062917818,0.011951443062917818,585.428466796875,0.00595087232068181,0.041330717504024506
74,0.581270644441247,0.0,3.253004085388966,0.012900127097964287,0.5683705173432827,0.0411772669036578,0.0002186462219993947,0.008483142049899741,79.0,59.0,67.0,0.0625,0.0,0.0,0.581270644441247,0.004613259082867039,0.004613259082867039,527.0546875,0.0027234491426497698,0.034026339650154114
75,80.32945574820042,0.6833333333333333,3.6937345564365387,25.498415902256966,54.83103984594345,0.04675613362577897,0.43217654071621975,0.8183737290439321,79.0,59.0,67.0,0.0125,0.6833333333333333,1.0,80.32945574820042,0.6375353630809557,0.6375353630809557,436.2933349609375,0.005498330574482679,0.0412227064371109
76,1.617965501965955,0.0,4.040651154704392,0.42086598789319396,1.197099514072761,0.05114748297094167,0.007133321828698203,0.01786715692645912,79.0,59.0,67.0,0.0125,0.0,0.0,1.617965501965955,0.01284099604734885,0.01284099604734885,371.941162109375,0.0007502402295358479,0.04218848794698715
77,0.0,0.0,1.1665959460660815,0.0,0.0,0.014767037291975715,0.0,0.0,79.0,59.0,67.0,0.0,0.0,0.0,0.0,0.0,0.0,565.718994140625,0.0020321717020124197,0.05092403665184975
78,21.548523412348004,0.0,4.048838082700968,1.28994359986973,20.258579812478274,0.05125111497089833,0.02186345084524966,0.30236686287281006,79.0,59.0,67.0,0.0,0.0,0.17647058823529413,21.548523412348004,0.17102002708212702,0.17102002708212702,339.94964599609375,0.011441517621278763,0.09753967821598053
79,1.9422796270810068,0.0,3.4901009003806394,0.6988356565125287,1.243443970568478,0.04417849240988151,0.011844672144280147,0.018558865232365346,79.0,59.0,67.0,0.0,0.0,0.0,1.9422796270810068,0.015414917675246085,0.015414917675246085,604.93212890625,0.009889249689877033,0.05686288699507713
80,1.6615867267828435,0.0,2.6013386780396104,0.010048420168459415,1.651538306614384,0.032928337696703926,0.00017031220624507483,0.024649825471856478,79.0,59.0,67.0,0.0125,0.0,0.0,1.6615867267828435,0.013187196244308282,0.013187196244308282,965.1934814453125,-0.004265728406608105,0.03737927973270416
81,0.3780475562089123,0.0,2.722294817547663,0.068322510458529,0.3097250457503833,0.034459428070223584,0.0011580086518394744,0.004622761876871393,79.0,59.0,67.0,0.0,0.0,0.0,0.3780475562089123,0.0030003774302294626,0.0030003774302294626,751.695556640625,0.012132902629673481,0.060500409454107285
82,17.74520054657478,0.0,2.036107439547777,0.5475665499689057,17.197633996605873,0.02577351189300984,0.009280788982523826,0.25668110442695335,79.0,59.0,67.0,0.0375,0.0,0.38235294117647056,17.74520054657478,0.14083492497281572,0.14083492497281572,341.535888671875,0.0077235461212694645,0.04071519896388054
83,25.870509557425976,0.3,8.168382951058447,10.631944097578526,15.23856545984745,0.10339725254504364,0.1802024423318394,0.22409655088010957,79.0,59.0,68.0,0.0375,0.3,0.5652173913043478,25.870509557425976,0.20370479966477145,0.20370479966477145,745.3489990234375,0.013327882625162601,0.03798012062907219
84,10.294107928406447,0.0,3.8492866139276884,4.228416151832789,6.065691776573658,0.048725147011742895,0.07166807037004727,0.09053271308318893,79.0,59.0,67.0,0.0375,0.0,0.17647058823529413,10.294107928406447,0.08169926927306705,0.08169926927306705,841.1473388671875,0.00394181115552783,0.02915964461863041
85,79.002536483109,0.13333333333333333,9.987954322365113,13.597093529999256,65.40544295310974,0.12642980154892547,0.23045921237286876,0.9762006410911902,79.0,59.0,67.0,0.0625,0.13333333333333333,1.0,79.002536483109,0.6270042578024524,0.6270042578024524,160.38775634765625,0.007634493988007307,0.07301706820726395
86,0.8792055036174133,0.0,0.4379994885530323,0.11089002818334848,0.7683154754340649,0.005544297323456105,0.0018794920031076014,0.01146739515573231,79.0,59.0,67.0,0.0,0.0,0.0,0.8792055036174133,0.006977821457281058,0.006977821457281058,218.76748657226562,0.014717057347297668,0.07450838387012482
87,6.486716461426113,0.0,4.452823102939874,1.1966767805279233,5.2900396808981895,0.056364849404302204,0.020282657297083444,0.0789558161328088,79.0,59.0,67.0,0.0375,0.0,0.029411764705882353,6.486716461426113,0.051481876677985025,0.051481876677985025,523.8935546875,0.007885023020207882,0.035039760172367096
88,0.0,0.0,3.1381661798805,0.0,0.0,0.03972362253013291,0.0,0.0,79.0,59.0,67.0,0.05,0.0,0.0,0.0,0.0,0.0,536.7385864257812,-0.003468307899311185,0.03274667263031006
89,2.6803543001879007,0.0,3.9853520983597264,1.0782923912629485,1.6020619089249521,0.050447494915945905,0.018276142224795736,0.023559733954778707,79.0,59.0,68.0,0.0,0.0,0.0,2.6803543001879007,0.02110515196998347,0.02110515196998347,673.2843017578125,0.016789689660072327,0.05366020277142525
90,13.990235649282113,0.0,6.273934107666719,5.52038599550724,8.469849653774872,0.07941688743881922,0.09356586433063119,0.12641566647425181,79.0,59.0,67.0,0.0,0.0,0.058823529411764705,13.990235649282113,0.11103361626414375,0.11103361626414375,861.5985107421875,0.0022643415722995996,0.06685266643762589
91,11.975479149376042,0.0,4.672488117590547,0.6911316524492577,11.284347496926785,0.05914541921000692,0.011714095804224707,0.16594628671951153,79.0,59.0,68.0,0.075,0.0,0.37681159420289856,11.975479149376042,0.09429511141240979,0.09429511141240979,749.80224609375,-0.0034764427691698074,0.03632534295320511
92,10.840503581799567,0.1,7.721236825867891,3.990228100679815,6.850275481119752,0.09773717501098596,0.067630984757285,0.1007393453105846,79.0,59.0,68.0,0.3875,0.1,0.2898550724637681,10.840503581799567,0.08535829591968162,0.08535829591968162,965.0916748046875,0.002243840368464589,0.02530711144208908
93,13.59490764979273,0.03333333333333333,5.7346880787517875,4.610170572530478,8.984737077262253,0.07259098833863022,0.0781384842801776,0.1341005533919739,79.0,59.0,67.0,0.05,0.03333333333333333,0.14705882352941177,13.59490764979273,0.10789609245867246,0.10789609245867246,623.1141357421875,0.009200719185173512,0.04642863944172859
94,3.1491478536627255,0.0,6.160229330358561,1.3493283893330954,1.7998194643296301,0.07797758646023495,0.022869972700560938,0.02686297707954672,79.0,59.0,67.0,0.0,0.0,0.0,3.1491478536627255,0.024993236933831157,0.024993236933831157,459.0198974609375,0.004567974712699652,0.05515729635953903
95,5.737061999621801,0.0,3.0650904662907124,0.8091809070901945,4.9278810925316066,0.03879861349735079,0.013714930628647365,0.07355046406763592,79.0,59.0,67.0,0.0125,0.0,0.058823529411764705,5.737061999621801,0.04553223809223652,0.04553223809223652,824.1898193359375,-0.003205083543434739,0.038590967655181885
96,0.21997564943740144,0.0,3.1942208716645837,0.0,0.21997564943740144,0.040433175590690935,0.0,0.0032832186483194247,79.0,59.0,67.0,0.0625,0.0,0.0,0.21997564943740144,0.001745838487598424,0.001745838487598424,1024.5640869140625,0.005840437486767769,0.030237073078751564
97,0.7781214095884934,0.0,3.041535067372024,0.505651708226651,0.27246970136184245,0.038500443890785115,0.008570367936044931,0.004006907372968271,79.0,59.0,68.0,0.0,0.0,0.0,0.7781214095884934,0.006126940232980263,0.006126940232980263,411.95751953125,0.026210777461528778,0.06478536874055862
98,130.11634947310085,0.9,2.007499508559704,47.3848041142046,82.73154535889626,0.02541138618430005,0.8031322731221119,1.2166403729249449,79.0,59.0,68.0,0.0375,0.9,1.0,130.11634947310085,1.0245381848275659,1.0245381848275659,446.8097229003906,-0.008603264577686787,0.03227628022432327
99,6.274911820481066,0.0,5.6221201489679515,3.114182242017705,3.1607295784633607,0.07116607783503737,0.052782749864706865,0.04648131733034354,79.0,59.0,68.0,0.0125,0.0,0.0,6.274911820481066,0.049408754491976896,0.049408754491976896,686.6143798828125,0.007955123670399189,0.045379724353551865
100,3.863045173464343,0.0,4.369486867275555,1.084298636764288,2.778746536700055,0.05530996034526019,0.01837794299600488,0.04147382890597097,79.0,59.0,67.0,0.0,0.0,0.0,3.863045173464343,0.030659088678288437,0.030659088678288437,388.8720703125,-0.0014538619434460998,0.0748073160648346
101,24.602323435246944,0.5333333333333333,6.9511460666544735,11.300699815154076,13.301623620092869,0.08798919071714524,0.19153728500261144,0.19561211206018925,79.0,59.0,68.0,0.05,0.5333333333333333,0.4492753623188406,24.602323435246944,0.19371908216729877,0.19371908216729877,1575.96533203125,0.009417307563126087,0.03772464767098427
102,0.936009531840682,0.0,3.5569662004709244,0.3175399419851601,0.6184695898555219,0.045024888613556004,0.0053820329150027135,0.009095141027287087,79.0,59.0,68.0,0.0375,0.0,0.0,0.936009531840682,0.007370153794021119,0.007370153794021119,1106.587158203125,-0.007254457101225853,0.03368455171585083
103,15.49249107716605,0.0,4.549574506469071,6.434953309595585,9.057537767570466,0.05758955071479836,0.10906700524738279,0.13319908481721274,79.0,59.0,68.0,0.0,0.0,0.0,15.49249107716605,0.12198811871784292,0.12198811871784292,145.71820068359375,-0.019728168845176697,0.10338892042636871
104,5.210437837988138,0.0,5.593917421763763,1.8438601540401578,3.3665776839479804,0.0708090812881489,0.031251867017629796,0.049508495352176184,79.0,59.0,68.0,0.0,0.0,0.0,5.210437837988138,0.04102706959045778,0.04102706959045778,211.51614379882812,0.030535994097590446,0.1634831577539444
105,3.34056529274676,0.0,3.5476637072861195,0.3207045334856957,3.0198607592610642,0.04490713553526734,0.0054356700590795885,0.04440971704795683,79.0,59.0,68.0,0.0875,0.0,0.028985507246376812,3.34056529274676,0.02630366372241543,0.02630366372241543,514.7747802734375,-0.0016750075155869126,0.03240736201405525
106,39.374447055161,0.05,5.579311305657029,9.522529251873493,29.851917803287506,0.07062419374249404,0.16139880087921174,0.4389987912248163,79.0,59.0,68.0,0.0125,0.05,0.9855072463768116,39.374447055161,0.31003501618237006,0.31003501618237006,672.8668212890625,-0.006704379338771105,0.053757697343826294
107,39.41605149695533,0.0,1.914030382875353,1.311920495092636,38.1041310018627,0.02422823269462472,0.022235940594790442,0.5603548676744514,79.0,59.0,68.0,0.0,0.0,0.5797101449275363,39.41605149695533,0.3103626102122467,0.3103626102122467,400.7032470703125,0.009238169528543949,0.06467008590698242
108,17.062692775391042,0.0,6.262274768698262,6.2431659903377295,10.819526785053313,0.07926930086959826,0.10581637271758863,0.1591106880154899,79.0,59.0,68.0,0.0,0.0,0.0,17.062692775391042,0.1343519116172523,0.1343519116172523,229.62193298339844,0.0008888344164006412,0.12302681803703308
109,7.3902107866015285,0.0,7.7629101714119315,3.2165879036765546,4.173622882924974,0.09826468571407508,0.05451843904536533,0.06137680710183785,79.0,59.0,68.0,0.0,0.0,0.0,7.3902107866015285,0.05819063611497267,0.05819063611497267,305.6168212890625,0.006194138899445534,0.08593659102916718
110,2.2589520206602174,0.0,4.332213697955012,1.020775613375008,1.2381764072852093,0.0548381480753799,0.017301281582627257,0.018208476577723665,79.0,59.0,68.0,0.0,0.0,0.0,2.2589520206602174,0.01778702378472612,0.01778702378472612,482.10906982421875,0.0022613191977143288,0.04866131767630577
111,1.143255528062582,0.0,0.1376766450703144,0.29554510465823114,0.8477104234043509,0.0017427423426622077,0.005009239062003918,0.012466329755946337,79.0,59.0,68.0,0.0,0.0,0.0,1.143255528062582,0.009002012031988835,0.009002012031988835,309.2337341308594,0.007648373022675514,0.07498498260974884
112,10.772086909564678,0.0,6.106129363266518,5.371579728613142,5.400507180951536,0.0772927767502091,0.09104372421378207,0.0794192232492873,79.0,59.0,68.0,0.0375,0.0,0.0,10.772086909564678,0.0848195819650762,0.0848195819650762,728.3452758789062,0.007746959570795298,0.047428350895643234
113,5.992188862117473,0.0,4.603981783613563,2.936616781516932,3.055572080600541,0.058278250425488135,0.04977316578842258,0.04493488353824325,79.0,59.0,68.0,0.0,0.0,0.014492753623188406,5.992188862117473,0.04718258946549191,0.04718258946549191,620.154541015625,-0.0035168493632227182,0.0454745888710022
114,0.361469189345371,0.0,3.80080433934927,0.015781340829562396,0.3456878485158086,0.04811144733353506,0.00026748035304343043,0.005083644831114832,79.0,59.0,68.0,0.0,0.0,0.0,0.361469189345371,0.0028462140893336296,0.0028462140893336296,388.323486328125,0.01564786769449711,0.0653790757060051
115,2.8073268540319987,0.0,3.3988284033257514,0.42217479506507516,2.3851520589669235,0.04302314434589559,0.007155505001102969,0.03507576557304299,79.0,59.0,68.0,0.025,0.0,0.0,2.8073268540319987,0.022104935858519675,0.022104935858519675,677.125,0.009050066582858562,0.03221096098423004
116,0.0,0.0,0.09013843248976627,0.0,0.0,0.0011409928163261553,0.0,0.0,79.0,59.0,68.0,0.0,0.0,0.0,0.0,0.0,0.0,1411.283447265625,0.001422526896931231,0.044379960745573044
117,0.13174390606582165,0.0,0.012531117536127567,0.13174390606582165,0.0,0.0001586217409636401,0.002232947560437655,0.0,79.0,59.0,68.0,0.0,0.0,0.0,0.13174390606582165,0.0010373535910694618,0.0010373535910694618,209.29830932617188,0.01064144354313612,0.058336660265922546
118,9.876867931336164,0.0,6.836780060548335,4.202309653162956,5.674558278173208,0.0865415197537764,0.07122558734174501,0.08344938644372366,79.0,59.0,68.0,0.0,0.0,0.0,9.876867931336164,0.07777061363256822,0.07777061363256822,474.4695129394531,0.027196988463401794,0.07238822430372238
119,1.3459256682544947,0.0,3.633808164857328,0.3395790704526007,1.006346597801894,0.045997571707054784,0.005755577465298318,0.014799214673557264,79.0,59.0,68.0,0.0375,0.0,0.0,1.3459256682544947,0.010597839907515706,0.010597839907515706,333.820556640625,-0.004206581506878138,0.04726315289735794
120,46.519826892763376,0.36666666666666664,8.08829821110703,12.71434473246336,33.805482160300016,0.10238352165958267,0.2154973683468366,0.4971394435338238,79.0,59.0,68.0,0.025,0.36666666666666664,0.6086956521739131,46.519826892763376,0.36629784954931793,0.36629784954931793,370.1024169921875,-0.0022713367361575365,0.05212106183171272
121,28.558853965252638,0.016666666666666666,7.418384660966694,12.592877166345716,15.965976798906922,0.09390360330337588,0.2134385960397579,0.23479377645451358,79.0,59.0,68.0,0.0,0.016666666666666666,0.057971014492753624,28.558853965252638,0.22487286586813102,0.22487286586813102,90.21865844726562,-0.011479370296001434,0.09544391185045242
122,5.580475551076233,0.0,4.856979546369985,0.9780449606478214,4.602430590428412,0.0614807537515188,0.016577033231319007,0.06768280280041783,79.0,59.0,68.0,0.0125,0.0,0.0,5.580475551076233,0.043940752370679,0.043940752370679,835.1697998046875,-0.006004937458783388,0.04229365661740303
123,4.493142774677835,0.0,3.312036593350058,0.7086700812214985,3.784472693456337,0.04192451383987415,0.012011357308838958,0.05565401019788731,79.0,59.0,68.0,0.025,0.0,0.028985507246376812,4.493142774677835,0.03537907696596721,0.03537907696596721,795.2022094726562,-0.002515914849936962,0.028437310829758644
124,6.742642447003163,0.0,6.483552938560024,1.5427289325743914,5.199913514428772,0.08207029036151929,0.026147948009735446,0.0764693163886584,79.0,59.0,68.0,0.1625,0.0,0.10144927536231885,6.742642447003163,0.05309167281104853,0.05309167281104853,842.576416015625,0.007769118528813124,0.0316246822476387
125,86.61405692622066,0.7833333333333333,1.9767933674156666,29.024072166532278,57.58998475968838,0.02502270085336287,0.49193342655139455,0.8469115405836526,79.0,59.0,68.0,0.0,0.7833333333333333,0.9855072463768116,86.61405692622066,0.6820004482379579,0.6820004482379579,506.08038330078125,0.012930062599480152,0.04084862396121025
126,13.628654904663563,0.0,4.6938483498524874,5.6164690554142,8.012185849249363,0.05941580189686693,0.0951943907697322,0.11782626248896122,79.0,59.0,68.0,0.0,0.0,0.014492753623188406,13.628654904663563,0.10731224334380758,0.10731224334380758,1193.51611328125,-0.008850999176502228,0.054072704166173935
127,7.852191212121397,0.0,4.330120449420065,2.54543514829129,5.3067560638301075,0.05481165125848183,0.04314296861510661,0.07804053035044275,79.0,59.0,68.0,0.0,0.0,0.07246376811594203,7.852191212121397,0.061828277260798405,0.061828277260798405,734.6676635742188,-0.004242727067321539,0.040348999202251434
128,12.041271818918176,0.26666666666666666,5.90365195274353,4.778198324143887,7.263073494774289,0.07472977155371557,0.0809864122736252,0.10680990433491602,79.0,59.0,68.0,0.325,0.26666666666666666,0.4782608695652174,12.041271818918176,0.09481316392848957,0.09481316392848957,509.7690734863281,-0.005785830318927765,0.022506916895508766
129,3.464703471167013,0.0,4.227633862523362,1.9292216815520078,1.5354817896150053,0.05351435269016914,0.032698672568678096,0.02258061455316184,79.0,59.0,68.0,0.05,0.0,0.0,3.464703471167013,0.02728112969422845,0.02728112969422845,778.0291137695312,-0.0010429987451061606,0.034141235053539276
130,5.510188372223638,0.0,6.3385846682067495,1.8119740416295826,3.6982143305940554,0.0802352489646424,0.030711424434399705,0.054385504861677286,79.0,59.0,68.0,0.0125,0.0,0.0,5.510188372223638,0.04338731001750896,0.04338731001750896,343.05194091796875,0.0023531510960310698,0.059924934059381485
131,0.1329174404963851,0.0,1.2066810666583478,0.0,0.1329174404963851,0.015274443881751238,0.0,0.0019546682425938986,79.0,59.0,68.0,0.0,0.0,0.0,0.1329174404963851,0.0010465940196565755,0.0010465940196565755,639.985595703125,-0.0014607204357162118,0.03652613237500191
132,10.815105657093227,0.0,3.896221556700766,2.923767435364425,7.891338221728802,0.0493192602114021,0.049555380260413985,0.1160490914960118,79.0,59.0,68.0,0.05,0.0,0.17391304347826086,10.815105657093227,0.08515831226057659,0.08515831226057659,1553.41064453125,0.0025857381988316774,0.03133833408355713
133,0.006013368838466704,0.0,1.1633426304906607,0.00361044448800385,0.002402924350462854,0.014725856082160262,6.119397437294661e-05,3.533712280092432e-05,79.0,59.0,68.0,0.0,0.0,0.0,0.006013368838466704,4.734936093280869e-05,4.734936093280869e-05,574.30224609375,0.0030587424989789724,0.03552298992872238
134,23.69945216178894,0.85,8.680808194447309,11.139366284012794,12.560085877776146,0.1098836480309786,0.1888028183730982,0.1847071452614139,79.0,59.0,68.0,0.4125,0.85,0.8115942028985508,23.69945216178894,0.1866098595416452,0.1866098595416452,1703.765625,-0.00318648642860353,0.028624866157770157
135,8.761678984970786,0.0,6.640807696036063,2.281013257452287,6.480665727518499,0.0840608569118489,0.03866124165173367,0.09530390775762498,79.0,59.0,68.0,0.0625,0.0,0.014492753623188406,8.761678984970786,0.06898959830685658,0.06898959830685658,1369.33935546875,0.0038298501167446375,0.04015178233385086
136,2.1705025141709484,0.0,2.6715385357965715,1.2895068595535122,0.8809956546174362,0.03381694349109584,0.02185604846700868,0.012955818450256415,79.0,59.0,68.0,0.0,0.0,0.0,2.1705025141709484,0.017090570977724002,0.017090570977724002,655.0438232421875,-0.014440704137086868,0.03829463943839073
137,3.500000521540642,0.0,,3.1428575217723846,0.35714299976825714,,0.4489796459674835,0.11904766658941905,,7.0,3.0,,0.0,0.0,3.500000521540642,0.35000005215406416,0.35000005215406416,9.259038925170898,0.02597407065331936,0.4730197787284851
138,1.3723549852729775,0.0,5.132356753747445,0.18017908342881128,1.1921759018441662,0.06496654118667651,0.0030538827699798524,0.017531998556531855,79.0,59.0,68.0,0.15,0.0,0.0,1.3723549852729775,0.010805944765928957,0.010805944765928957,762.251953125,0.005188362207263708,0.029852135106921196
139,4.273081123945303,0.0,8.897847688174807,2.3575516622513533,1.91552946169395,0.1126309833946178,0.03995850275002294,0.02816955090726397,79.0,59.0,68.0,0.0625,0.0,0.0,4.273081123945303,0.03364630806256144,0.03364630806256144,526.55810546875,0.0088295117020607,0.05573450028896332
140,17.08569208625704,0.0,6.80213526613079,7.281517434865236,9.804174651391804,0.08610297805228848,0.12341554974347858,0.14417903899105594,79.0,59.0,68.0,0.0,0.0,0.0,17.08569208625704,0.13453300855320505,0.13453300855320505,123.75028991699219,-0.027460500597953796,0.17418348789215088
141,4.275208538165316,0.0,3.8583241743035614,1.7165380886290222,2.5586704495362937,0.048839546510171666,0.02909386590896648,0.03762750661082785,79.0,59.0,68.0,0.0,0.0,0.0,4.275208538165316,0.03366305935563241,0.03366305935563241,629.0594482421875,-0.001275228918530047,0.04497933387756348
142,8.007032029156107,0.0,6.507182507775724,2.818817535240669,5.188214493915439,0.08236939883260411,0.04777656839390964,0.07629727196934469,79.0,59.0,68.0,0.0,0.0,0.0,8.007032029156107,0.06304749629256777,0.06304749629256777,494.7188720703125,0.021724240854382515,0.0865856483578682
143,3.4515979265561327,0.0,4.4932742696255445,1.2144267247058451,2.2371712018502876,0.056876889488930944,0.020583503808573645,0.032899576497798344,79.0,59.0,68.0,0.1,0.0,0.028985507246376812,3.4515979265561327,0.027177936429575847,0.027177936429575847,1300.970458984375,0.0005315560847520828,0.027859708294272423
144,5.084171598398825,0.0,14.241198843345046,2.383005323703401,2.7011662746954244,0.1802683397891778,0.04038992074073561,0.0397230334514033,79.0,59.0,68.0,0.0,0.0,0.0,5.084171598398825,0.04003284723148681,0.04003284723148681,1012.681884765625,0.023018019273877144,0.07406926155090332
145,1.4852442478295416,0.0,5.644193078449462,0.29216032079420984,1.1930839270353317,0.07144548200568938,0.004951869843969658,0.017545351868166643,79.0,59.0,68.0,0.0,0.0,0.0,1.4852442478295416,0.011694836597083005,0.011694836597083005,442.09686279296875,-0.008268509060144424,0.0549558587372303
146,0.0,0.0,1.3329209230141714,0.0,0.0,0.01687241674701483,0.0,0.0,79.0,59.0,68.0,0.0125,0.0,0.0,0.0,0.0,0.0,757.6925659179688,0.0066958158276975155,0.029892485588788986
147,2.807619993764092,0.0,2.4221167019568384,1.0851095018006163,1.722510491963476,0.030659705088061245,0.018391686471196884,0.025331036646521705,79.0,59.0,68.0,0.0,0.0,0.0,2.807619993764092,0.022107244045386554,0.022107244045386554,462.87115478515625,-0.000977255986072123,0.07085642963647842
148,1.629074314259924,0.0,2.699730935273692,0.22911882190965116,1.3999554923502728,0.034173809307261924,0.003883369862875443,0.020587580769856954,79.0,59.0,68.0,0.1625,0.0,0.07246376811594203,1.629074314259924,0.012827356805196252,0.012827356805196252,1017.7200927734375,-0.0020162032451480627,0.020471293479204178
149,18.926552419550717,0.016666666666666666,8.081833659438416,8.558071864768863,10.368480554781854,0.10230169189162552,0.145052065504557,0.15247765521738021,79.0,59.0,68.0,0.0125,0.016666666666666666,0.0,18.926552419550717,0.14902797180748595,0.14902797180748595,198.03451538085938,-0.007910394109785557,0.10032955557107925
150,4.311233054242621,0.0,2.7711772710317746,1.8751832651905715,2.436049789052049,0.03507819330419968,0.03178276720661986,0.03582426160370661,79.0,59.0,68.0,0.0,0.0,0.0,4.311233054242621,0.03394671696254032,0.03394671696254032,626.0135498046875,-0.01149856299161911,0.05707496404647827
151,4.282398333365563,0.0,4.495663260109723,1.6764254195149988,2.6059729138505645,0.05690712987480662,0.028413990161271167,0.038323131086037715,79.0,59.0,68.0,0.05,0.0,0.028985507246376812,4.282398333365563,0.03371967191626428,0.03371967191626428,1421.7696533203125,0.0036618728190660477,0.03132256120443344
152,1.6218970015179366,0.0,6.554410299751908,0.6540692965500057,0.9678277049679309,0.08296721898420137,0.01108592028050857,0.014232760367175454,79.0,59.0,68.0,0.0,0.0,0.0,1.6218970015179366,0.012770842531637296,0.012770842531637296,395.40106201171875,0.008813432417809963,0.06691762059926987
153,1.7624051549864816,0.0,7.302068455843255,0.914061343530193,0.8483438114562887,0.0924312462764969,0.015492565144579543,0.012475644286121893,79.0,59.0,68.0,0.0625,0.0,0.0,1.7624051549864816,0.013877205944775445,0.013877205944775445,330.39276123046875,0.01448539923876524,0.044780027121305466
154,7.9160868973704055,0.016666666666666666,4.225449139252305,3.134233154472895,4.7818537428975105,0.05348669796521905,0.05312259583852364,0.07032137857202221,79.0,59.0,68.0,0.025,0.016666666666666666,0.028985507246376812,7.9160868973704055,0.06233139289268036,0.06233139289268036,930.8030395507812,-0.007729997392743826,0.042841292917728424
155,13.143661292036995,0.0,4.528896032366902,6.108483158051968,7.035178133985028,0.057327797878062046,0.10353361284833844,0.10345850197036806,79.0,59.0,68.0,0.0,0.0,0.0,13.143661292036995,0.1034933960002913,0.1034933960002913,640.639404296875,0.001736308797262609,0.11199436336755753
156,6.576050829549786,0.0,5.219052513042698,2.529560857859906,4.04648997168988,0.06606395586129997,0.04287391284508315,0.05950720546602765,79.0,59.0,68.0,0.2875,0.0,0.14492753623188406,6.576050829549786,0.051779927791730594,0.051779927791730594,1831.348388671875,0.003321700030937791,0.02306010015308857
157,0.06485540419816971,0.0,2.463619797024876,0.0,0.06485540419816971,0.03118506072183387,0.0,0.000953755944090731,79.0,59.0,68.0,0.0,0.0,0.0,0.06485540419816971,0.0005106724740013363,0.0005106724740013363,622.98291015625,-0.00606539286673069,0.05720467492938042
158,1.085600792313926,0.0,2.856534087099135,0.0,1.085600792313926,0.0361586593303688,0.0,0.01596471753402832,79.0,59.0,68.0,0.0,0.0,0.0,1.085600792313926,0.008548037734755322,0.008548037734755322,865.7136840820312,-0.009223856031894684,0.03946322575211525
159,2.573302965138282,0.0,2.2461509972345084,0.8905896870419383,1.6827132780963439,0.028432291104234283,0.015094740458337938,0.02474578350141682,79.0,59.0,68.0,0.0,0.0,0.0,2.573302965138282,0.020262228071954977,0.020262228071954977,881.0615234375,-0.00047401091433130205,0.04565964266657829
160,26.601722061634064,0.0,9.785351887345314,11.354140609502792,15.247581452131271,0.12386521376386474,0.19244306117801344,0.22422913900193045,79.0,59.0,68.0,0.0,0.0,0.10144927536231885,26.601722061634064,0.2094623784380635,0.2094623784380635,392.60955810546875,0.013900200836360455,0.0737706646323204
161,1.7250230906065553,0.0,7.595207073027268,0.09046708676032722,1.6345560038462281,0.09614186168388947,0.0015333404535648682,0.024037588291856295,79.0,59.0,68.0,0.0875,0.0,0.0,1.7250230906065553,0.013582858981153979,0.013582858981153979,664.8640747070312,0.006588050629943609,0.042960647493600845
162,0.6559817633824423,0.0,2.6811775104142725,0.1470051744254306,0.5089765889570117,0.03437407064633683,0.002491613125854756,0.007484949837603113,78.0,59.0,68.0,0.0,0.0,0.0,0.6559817633824423,0.0051652107352948215,0.0051652107352948215,597.8864135742188,-0.012058691121637821,0.04466376453638077
163,0.518043342162855,0.0,5.692835051566362,0.16356917296070606,0.3544741692021489,0.07298506476367131,0.0027723588637407807,0.005212855429443366,78.0,59.0,68.0,0.0759493670886076,0.0,0.0,0.518043342162855,0.004079081434353189,0.004079081434353189,517.32080078125,0.004671337548643351,0.04169750213623047
164,14.33857011431246,0.0,3.03096839832142,3.5948895216861274,10.743680592626333,0.038858569209248975,0.06093033087603606,0.1579953028327402,78.0,59.0,68.0,0.02531645569620253,0.0,0.2608695652173913,14.33857011431246,0.11290212688435008,0.11290212688435008,698.265869140625,-0.0022831617388874292,0.039090342819690704
165,14.411273843608797,0.0,5.512090499280021,6.674972478300333,7.736301365308464,0.07066782691384642,0.1131351267508531,0.11376913772512447,78.0,59.0,68.0,0.0,0.0,0.0,14.411273843608797,0.11347459719377005,0.11347459719377005,490.25128173828125,0.017107173800468445,0.10099287331104279
166,1.613450036093127,0.0,7.1320654903538525,0.07900824025273323,1.5344417958403938,0.09143673705581862,0.0013391227161480208,0.022565320527064614,78.0,59.0,68.0,0.05063291139240506,0.0,0.0,1.613450036093127,0.012704330992859267,0.012704330992859267,735.4892578125,0.0032432705629616976,0.048667680472135544
167,5.69479321007384,0.016666666666666666,6.17401454038918,2.819566441408824,2.8752267686650157,0.07915403256909205,0.04778926171879363,0.04228274659801494,78.0,59.0,68.0,0.1518987341772152,0.016666666666666666,0.014492753623188406,5.69479321007384,0.044840891417904254,0.044840891417904254,593.1143798828125,-0.008616707287728786,0.04306657612323761
168,0.5632605152204633,0.0,3.579570112749934,0.04541116952896118,0.5178493456915021,0.045891924522435054,0.0007696808394739183,0.007615431554286796,78.0,59.0,68.0,0.0,0.0,0.0,0.5632605152204633,0.004435122167090262,0.004435122167090262,625.66748046875,-0.006896802689880133,0.053581602871418
169,5.5452420980800525,0.0,6.279704136773944,2.8403297526820097,2.704912345398043,0.08050902739453775,0.04814118224884762,0.03977812272644181,78.0,59.0,68.0,0.0379746835443038,0.0,0.0,5.5452420980800525,0.043663323606929545,0.043663323606929545,567.236083984375,-0.0017715692520141602,0.04680324345827103
170,6.180764692137018,0.0,5.189300464000553,1.697524008108303,4.483240684028715,0.06652949312821221,0.028771593357767848,0.06593001005924581,78.0,59.0,68.0,0.05063291139240506,0.0,0.0,6.180764692137018,0.04866743852076392,0.04866743852076392,375.9640808105469,-0.009485243819653988,0.0461474247276783
171,12.38548017013818,0.0,3.5197889166884124,3.6940443040803075,8.691435866057873,0.044554290084663446,0.0626109204081408,0.1278152333243805,79.0,59.0,68.0,0.0,0.0,0.18840579710144928,12.38548017013818,0.09752346590659984,0.09752346590659984,749.909912109375,-0.004303617402911186,0.036673057824373245
172,23.70938391983509,0.2,1.896586426300928,5.890569776296616,17.818814143538475,0.024007423117733264,0.09984016569994264,0.2620413844638011,79.0,59.0,68.0,0.0125,0.2,1.0,23.70938391983509,0.18668806236090624,0.18668806236090624,591.1558837890625,-0.008765011094510555,0.028857581317424774
173,4.225674413697561,0.0,3.3856506411684677,0.8070651712769177,3.4186092424206436,0.042856337229980605,0.013679070699608773,0.05027366532971535,79.0,59.0,68.0,0.1375,0.0,0.057971014492753624,4.225674413697561,0.03327302687950836,0.03327302687950836,1835.89306640625,0.00039424668648280203,0.020817754790186882
174,13.14358831755817,0.0,7.968808166333474,6.684437550604343,6.459150766953826,0.10087098944725917,0.11329555170515836,0.09498751127873273,79.0,59.0,68.0,0.0,0.0,0.0,13.14358831755817,0.10349282139809582,0.10349282139809582,1212.1422119140625,0.022215306758880615,0.06806981563568115
175,5.661589244322386,0.03333333333333333,5.861170822754502,3.5552647509612143,2.1063244933611713,0.07419203573106965,0.06025872459256296,0.030975360196487813,79.0,59.0,68.0,0.1125,0.03333333333333333,0.0,5.661589244322386,0.0445794428686802,0.0445794428686802,861.7042236328125,-0.008610480464994907,0.04061676189303398
176,9.20911566610448,0.0,5.653478063293733,2.53231078828685,6.676804877817631,0.07156301345941433,0.04292052183537034,0.09818830702672987,79.0,59.0,68.0,0.0,0.0,0.014492753623188406,9.20911566610448,0.07251272178035024,0.07251272178035024,595.8430786132812,-0.015224386006593704,0.06240040436387062
177,12.253005590755492,0.0,4.690569501370192,5.519272839650512,6.733732751104981,0.06013550642782297,0.09354699728221207,0.09902548163389678,78.0,59.0,68.0,0.0,0.0,0.0,12.253005590755492,0.09648035898232671,0.09648035898232671,447.37005615234375,-0.013173126615583897,0.14760637283325195
178,2.9395611925283447,0.0,4.196347248274833,1.1938787983963266,1.745682394132018,0.053118319598415606,0.020235233871124178,0.025671799913706148,79.0,59.0,68.0,0.175,0.0,0.028985507246376812,2.9395611925283447,0.02314615112227043,0.02314615112227043,1229.6519775390625,0.0019532060250639915,0.023964636027812958
179,2.766827573417686,0.0,3.8425903383176774,0.6021294377278537,2.1646981356898323,0.04864038402933769,0.010205583690302604,0.03183379611308577,79.0,59.0,68.0,0.075,0.0,0.057971014492753624,2.766827573417686,0.02178604388517863,0.02178604388517863,770.5302734375,-0.004619352985173464,0.02831142209470272
180,11.351965784211643,0.0,3.5124369394034147,1.4808120336383581,9.871153750573285,0.04446122708105588,0.025098509044717936,0.14516402574372478,79.0,59.0,68.0,0.075,0.0,0.4057971014492754,11.351965784211643,0.0893855573559972,0.0893855573559972,898.7188110351562,0.0036721464712172747,0.032181210815906525
181,2.5597382762935013,0.0,0.5836490885121748,0.09549016947858036,2.464248106814921,0.007387963145723732,0.0016184774487894976,0.03623894274727825,79.0,59.0,68.0,0.0,0.0,0.0,2.5597382762935013,0.020155419498374027,0.020155419498374027,838.0925903320312,-0.005434162449091673,0.027224669232964516
182,7.995448942529038,0.0,3.579109402373433,3.774399891262874,4.221049051266164,0.04530518230852447,0.06397287951293007,0.06207425075391417,79.0,59.0,68.0,0.0,0.0,0.0,7.995448942529038,0.06295629088605541,0.06295629088605541,122.739013671875,-0.02896505780518055,0.10703930258750916
183,1.0261404858902097,0.0,2.2211252357810736,0.3552376516163349,0.6709028342738748,0.028115509313684475,0.006020977146039575,0.009866218151086393,79.0,59.0,68.0,0.025,0.0,0.0,1.0261404858902097,0.008079846345592202,0.008079846345592202,555.3206787109375,0.00040369885391555727,0.033551331609487534
184,14.632372938096523,0.06666666666666667,4.950455772646819,2.757247321307659,11.875125616788864,0.06266399712211164,0.046733005445892525,0.17463420024689505,79.0,59.0,68.0,0.2625,0.06666666666666667,0.9420289855072463,14.632372938096523,0.11521553494564192,0.11521553494564192,1334.384033203125,0.0038221676368266344,0.021439384669065475
185,5.567114126577508,0.03333333333333333,4.927031270228326,2.333969099097885,3.2331450274796225,0.062367484433269955,0.03955879828979467,0.047546250404112096,79.0,59.0,68.0,0.2625,0.03333333333333333,0.11594202898550725,5.567114126577508,0.0438355443037599,0.0438355443037599,2023.6170654296875,0.004339809995144606,0.02258698269724846
186,17.656807587482035,0.016666666666666666,8.978619202040136,9.452702032402158,8.204105555079877,0.11365340762076122,0.16021528868478233,0.12064861110411584,79.0,59.0,68.0,0.0125,0.016666666666666666,0.0,17.656807587482035,0.13902998100379554,0.13902998100379554,143.6142578125,0.02434227056801319,0.08935568481683731
187,1.631116522825323,0.0,7.637007971294224,0.13205747865140438,1.4990590441739187,0.0966709869784079,0.002238262350023803,0.022044985943734097,79.0,59.0,68.0,0.1375,0.0,0.0,1.631116522825323,0.012843437187600969,0.012843437187600969,861.59521484375,0.0052459281869232655,0.04146281257271767
188,3.8151195003301837,0.0,3.9232058404013515,0.89997969212709,2.9151398082030937,0.04966083342280192,0.01525389308689983,0.042869703061810205,79.0,59.0,68.0,0.0,0.0,0.0,3.8151195003301837,0.030040311026221917,0.030040311026221917,874.2132568359375,-0.006256486754864454,0.040446918457746506
189,7.4809768613486085,0.0,6.725489716976881,4.299690604762873,3.181286256585736,0.08513278122755545,0.07287611194513344,0.046783621420378466,79.0,59.0,68.0,0.0875,0.0,0.043478260869565216,7.4809768613486085,0.058905329616918176,0.058905329616918176,556.5360717773438,-0.013032683171331882,0.04073049873113632
190,7.799712576306774,0.0,5.576666172128171,1.6664945570373675,6.133218019269407,0.0705907110395971,0.028245670458260465,0.09019438263631481,79.0,59.0,68.0,0.0125,0.0,0.0,7.799712576306774,0.06141505965595885,0.06141505965595885,334.898193359375,0.016439296305179596,0.04923272505402565
191,44.896122217178345,1.0,18.636360235512257,16.810480654239655,28.08564156293869,0.2359032941204083,0.28492340091931617,0.4130241406314513,79.0,59.0,68.0,0.925,1.0,1.0,44.896122217178345,0.35351277336360903,0.35351277336360903,1015.8736572265625,-0.009732392616569996,0.03318404406309128
192,2.2648375725839287,0.0,4.984305936755845,1.0265667964704335,1.2382707761134952,0.0630924802120993,0.01739943722831243,0.018209864354610222,79.0,59.0,68.0,0.0,0.0,0.0,2.2648375725839287,0.01783336671325928,0.01783336671325928,753.3560791015625,0.007665778044611216,0.039593715220689774
193,17.806890474632382,0.0,6.813022873364389,4.9153816644102335,12.891508810222149,0.086240795865372,0.08331155363407175,0.1895810119150316,79.0,59.0,68.0,0.0,0.0,0.2608695652173913,17.806890474632382,0.14021173602072742,0.14021173602072742,1159.755615234375,-0.007325743790715933,0.04680781811475754
194,16.06840433832258,0.0,10.522310484200716,8.449869873002172,7.618534465320408,0.13319380359747743,0.14321813344071477,0.11203727154882953,79.0,59.0,68.0,0.0,0.0,0.0,16.06840433832258,0.1265228688056896,0.1265228688056896,35.19477081298828,0.08215732127428055,0.32915571331977844
195,20.07240666076541,0.0,7.069393864599988,9.681119931861758,10.391286728903651,0.0894859982860758,0.1640867785061315,0.15281304013093605,79.0,59.0,68.0,0.0,0.0,0.0,20.07240666076541,0.15805044614775912,0.15805044614775912,170.19515991210938,0.006008220370858908,0.10245916247367859
196,3.4482608125545084,0.0,3.4083924959413707,1.5097754248417914,1.938485387712717,0.04314420880938444,0.025589413980369347,0.02850713805459878,79.0,59.0,68.0,0.0,0.0,0.0,3.4482608125545084,0.02715165994137408,0.02715165994137408,670.7865600585938,-0.01200057566165924,0.05319239944219589
197,7.969543644503574,0.016666666666666666,20.484681256115437,4.661097044590861,3.3084465999127133,0.25929976273563843,0.07900164482357391,0.04865362646930461,79.0,59.0,68.0,0.6,0.016666666666666666,0.043478260869565216,7.969543644503574,0.06275231216144546,0.06275231216144546,453.219482421875,-0.004799736198037863,0.04133462905883789
198,5.55866188427899,0.0,6.819845327641815,1.0882907215273008,4.4703711627516896,0.08632715604609892,0.01844560544961527,0.0657407523934072,79.0,59.0,68.0,0.3875,0.0,0.14492753623188406,5.55866188427899,0.0437689912147952,0.0437689912147952,889.5281372070312,0.00275980681180954,0.026424646377563477
199,11.705838046967983,0.08333333333333333,5.016409136762377,3.9359086081385612,7.769929438829422,0.06349884983243514,0.066710315392179,0.11426366821807973,79.0,59.0,68.0,0.2125,0.08333333333333333,0.42028985507246375,11.705838046967983,0.09217195312573215,0.09217195312573215,870.260498046875,0.00468415068462491,0.022739702835679054
200,8.03536442341283,0.0,4.348634976428002,3.8710346217267215,4.164329801686108,0.05504601235984813,0.0656107563004529,0.06124014414244277,79.0,59.0,68.0,0.0,0.0,0.0,8.03536442341283,0.06327058601112465,0.06327058601112465,87.09562683105469,0.001467287540435791,0.1754962056875229
201,1.868076757993549,0.0,5.86789179360494,0.35035070846788585,1.5177260495256633,0.07427711131145494,0.005938147601150608,0.022319500728318578,79.0,59.0,68.0,0.25,0.0,0.0,1.868076757993549,0.014709265810972828,0.014709265810972828,597.8529052734375,0.003093490144237876,0.02671855315566063
202,6.385148448869586,0.016666666666666666,5.433533275732771,1.9064351641573012,4.478713284712285,0.06877890222446545,0.032312460409445784,0.0658634306575336,79.0,59.0,68.0,0.125,0.016666666666666666,0.11594202898550725,6.385148448869586,0.050276759439918,0.050276759439918,665.394287109375,-0.0023553853388875723,0.02927866019308567
203,3.9480852802516893,0.0,2.7317931004799902,1.0255323437741026,2.9225529364775866,0.034579659499746715,0.01738190413176445,0.042978719654082155,79.0,59.0,68.0,0.0125,0.0,0.0,3.9480852802516893,0.031087285671273144,0.031087285671273144,1339.100341796875,0.00284912739880383,0.035190172493457794
204,2.5662094099097885,0.0,3.6041523907333612,0.672617647331208,1.8935917625785805,0.04562218216118179,0.01140029910730861,0.027846937684979124,79.0,59.0,68.0,0.0,0.0,0.0,2.5662094099097885,0.02020637330637629,0.02020637330637629,425.5447998046875,0.01773584447801113,0.07068728655576706
205,2.5205471641384065,0.0,4.301486529060639,1.781250802334398,0.7392963618040085,0.05444919657038784,0.030190691564989797,0.010872005320647183,79.0,59.0,68.0,0.0,0.0,0.0,2.5205471641384065,0.01984682806408194,0.01984682806408194,374.23223876953125,0.014163783751428127,0.046887606382369995
206,3.0641903268406168,0.0,5.662675890256651,1.1317211204441264,1.9324692063964903,0.07167944164881837,0.01918171390583265,0.02841866479994839,79.0,59.0,68.0,0.0,0.0,0.0,3.0641903268406168,0.024127482888508793,0.024127482888508793,797.050537109375,-0.007067140657454729,0.05086612328886986
207,1.2691677119582891,0.0,1.4398751358967274,0.696225349791348,0.5729423621669412,0.01822626754299655,0.011800429657480474,0.008425622973043253,79.0,59.0,68.0,0.0,0.0,0.0,1.2691677119582891,0.00999344655085267,0.00999344655085267,572.8751220703125,0.006644214037805796,0.0461110919713974
208,0.08400474931113422,0.0,6.212933311238885,0.0,0.08400474931113422,0.07864472545872006,0.0,0.0012353639604578562,79.0,59.0,68.0,0.0,0.0,0.0,0.08400474931113422,0.0006614547189853088,0.0006614547189853088,726.78662109375,4.859020464209607e-06,0.06477039307355881
209,2.9183015312300995,0.0,4.870993682648987,1.8392902847845107,1.0790112464455888,0.06165814788163274,0.03117441160651713,0.015867812447729248,79.0,59.0,68.0,0.0,0.0,0.0,2.9183015312300995,0.02297875221441023,0.02297875221441023,671.593505859375,-0.0019725665915757418,0.055201850831508636
210,2.174631042405963,0.0,5.034245149465278,0.8286290524993092,1.3460019899066538,0.0637246221451301,0.014044560211852698,0.01979414691039197,79.0,59.0,68.0,0.0,0.0,0.0,2.174631042405963,0.0171230790740627,0.0171230790740627,407.08575439453125,0.0065724472515285015,0.04125332459807396
211,15.437477738130838,0.016666666666666666,5.746761831920594,3.872747213114053,11.564730525016785,0.07274382065722271,0.06563978327311955,0.17006956654436448,79.0,59.0,68.0,0.0375,0.016666666666666666,0.18840579710144928,15.437477738130838,0.12155494281992786,0.12155494281992786,562.5543212890625,0.006193385925143957,0.04161457717418671
212,11.683664529584348,0.0,6.846493436256424,5.242175354622304,6.441489174962044,0.0866644738766636,0.0888504297393611,0.09472778198473594,79.0,59.0,68.0,0.0,0.0,0.0,11.683664529584348,0.09199735850066416,0.09199735850066416,312.3282165527344,0.011183884926140308,0.11469317972660065
213,1.9484142055734992,0.0,5.411353839561343,0.24923995579592884,1.6991742497775704,0.06849814986786511,0.004224406030439472,0.024987856614376035,79.0,59.0,68.0,0.05,0.0,0.0,1.9484142055734992,0.015341844138374009,0.015341844138374009,673.47900390625,0.003068256424739957,0.04080422595143318
214,2.607073512452189,0.0,3.5601640484528616,1.8070259802625515,0.8000475321896374,0.04506536770193496,0.030627558987500872,0.011765404885141727,79.0,59.0,68.0,0.0,0.0,0.0,2.607073512452189,0.020528137893324323,0.020528137893324323,724.5117797851562,0.0074266232550144196,0.041884586215019226
215,3.8793571185087785,0.0,4.067271292908117,1.286288733361289,2.5930683851474896,0.05148444674567237,0.021801503955276084,0.03813335860511014,79.0,59.0,68.0,0.0,0.0,0.0,3.8793571185087785,0.03054611904337621,0.03054611904337621,393.08050537109375,0.004224001429975033,0.050808507949113846
216,8.220089487964287,0.0,3.0722952618380077,3.154284003539942,5.065805484424345,0.038889813440987436,0.05346244073796512,0.07449713947682861,79.0,59.0,68.0,0.0125,0.0,0.014492753623188406,8.220089487964287,0.06472511407845896,0.06472511407845896,217.03414916992188,-0.019311463460326195,0.060009364038705826
217,1.4807211557636037,0.0,2.5466751838102937,0.5075242990860716,0.9731968566775322,0.03223639473177587,0.008602106764170704,0.014311718480551945,79.0,59.0,68.0,0.0,0.0,0.0,1.4807211557636037,0.011659221698926013,0.011659221698926013,663.6904907226562,0.010224654339253902,0.051310185343027115
218,4.15141741768457,0.0,3.4038481055758893,0.48121351655572653,3.6702039011288434,0.04308668488070746,0.008156161297554686,0.05397358678130652,79.0,59.0,68.0,0.05,0.0,0.014492753623188406,4.15141741768457,0.032688326123500554,0.032688326123500554,435.28973388671875,0.0012425767490640283,0.03788641095161438
219,2.373293834622018,0.0,5.762484103441238,1.1874928956385702,1.1858009389834478,0.07294283675242073,0.020126998231162208,0.017438249102697763,79.0,59.0,68.0,0.025,0.0,0.0,2.373293834622018,0.018687353028519826,0.018687353028519826,666.7426147460938,0.00648430734872818,0.04641742259263992
220,12.128591362386942,0.0,11.429046712815762,4.7884981743991375,7.340093187987804,0.1446714773774147,0.08116098600676504,0.1079425468821736,79.0,59.0,68.0,0.3375,0.0,0.08695652173913043,12.128591362386942,0.09550071938887356,0.09550071938887356,1233.9437255859375,0.009874881245195866,0.033606868237257004
221,22.753383740782738,0.18333333333333332,5.676196440588683,9.111577972769737,13.641805768013,0.07185058785555294,0.15443352496219895,0.20061479070607355,79.0,59.0,68.0,0.0,0.18333333333333332,0.5362318840579711,22.753383740782738,0.17916050189592708,0.17916050189592708,842.910888671875,-0.001918954774737358,0.03898509964346886
222,11.4247371989768,0.06666666666666667,4.202057671674993,4.221469375072047,7.203267823904753,0.05319060343892396,0.07155032839105165,0.10593040917506989,79.0,59.0,68.0,0.075,0.06666666666666667,0.14492753623188406,11.4247371989768,0.08995856062186457,0.08995856062186457,362.10150146484375,0.016487233340740204,0.037667568773031235
223,20.17441706545651,0.0,8.878963832044974,10.030879139900208,10.143537925556302,0.11239194724107562,0.1700149006762747,0.14916967537582798,79.0,59.0,68.0,0.0,0.0,0.0,20.17441706545651,0.15885367768075992,0.15885367768075992,121.02851867675781,0.022015733644366264,0.0822843611240387
224,8.282180580310524,0.0,3.7640937753021717,3.999661959707737,4.2825186206027865,0.04764675664939458,0.06779088067301249,0.06297821500886451,79.0,59.0,68.0,0.0,0.0,0.0,8.282180580310524,0.0652140203174057,0.0652140203174057,180.43235778808594,-0.03464313969016075,0.10817217081785202
225,2.4118871135869995,0.0,5.946221149060875,1.6419997392222285,0.769887374364771,0.07526862214001108,0.02783050405461404,0.011321873152423102,79.0,59.0,68.0,0.0375,0.0,0.0,2.4118871135869995,0.018991237114858263,0.018991237114858263,431.4499816894531,0.000506209209561348,0.05979154631495476
226,8.053682820987888,0.0,3.3944620643742383,3.468290279735811,4.585392541252077,0.042967874232585294,0.058784581012471374,0.067432243253707,79.0,59.0,68.0,0.0,0.0,0.0,8.053682820987888,0.06341482536210935,0.06341482536210935,244.97592163085938,-0.012564142234623432,0.06851502507925034
227,16.215179577469826,0.4098360655737705,9.216277915984392,7.090023774653673,9.125155802816153,0.11666174577195433,0.11816706291089456,0.13419346768847285,79.0,60.0,68.0,0.4,0.4098360655737705,0.4492753623188406,16.215179577469826,0.126681090448983,0.126681090448983,1119.267822265625,0.0025281538255512714,0.02640073373913765
228,2.2806330168969,0.0,3.545031766872853,1.0394819495268166,1.2411510673700832,0.04487381983383358,0.01761833812757316,0.01825222157897181,79.0,59.0,68.0,0.05,0.0,0.0,2.2806330168969,0.01795774029052677,0.01795774029052677,546.0545654296875,-0.0025277642998844385,0.03802124038338661
229,23.698789030313492,0.7377049180327869,8.918974000960588,9.931727327406406,13.767061702907085,0.11289840507545049,0.16552878879010677,0.2024567897486336,79.0,60.0,68.0,0.3625,0.7377049180327869,0.855072463768116,23.698789030313492,0.18514678929932415,0.18514678929932415,1325.8876953125,-0.007392761763185263,0.02808172069489956
230,13.578353005301324,0.06666666666666667,4.184841063339263,8.358835253864527,5.219517751436797,0.05297267168783878,0.14167517379431402,0.0767576139917176,79.0,59.0,68.0,0.0,0.06666666666666667,0.014492753623188406,13.578353005301324,0.10691616539607342,0.10691616539607342,489.17657470703125,-0.012003068812191486,0.056790076196193695
231,0.26551628485322,0.0,3.2671915653627366,0.19319015368819237,0.07232613116502762,0.04135685525775616,0.0032198358948032062,0.0010636195759562885,79.0,60.0,68.0,0.025,0.0,0.0,0.26551628485322,0.002074345975415781,0.002074345975415781,789.638671875,-0.007174134254455566,0.03923982381820679
232,1.3503275081748143,0.0,2.9314075503498316,0.23755748057737947,1.1127700275974348,0.03710642468797255,0.003959291342956324,0.01636426511172698,79.0,60.0,68.0,0.0,0.0,0.0,1.3503275081748143,0.010549433657615737,0.010549433657615737,603.8179321289062,-0.008127198554575443,0.06199410930275917
233,18.781392585020512,0.0,6.216893905308098,8.97732292721048,9.804069657810032,0.078694859560862,0.14962204878684132,0.14417749496779458,79.0,60.0,68.0,0.0,0.0,0.0,18.781392585020512,0.14672962957047275,0.14672962957047275,69.34532928466797,-4.590923708747141e-05,0.09458561986684799
234,2.0592929215636104,0.0,1.8050995498197153,1.035103608854115,1.0241893127094954,0.022849361390122978,0.017544128963629068,0.01506160753984552,79.0,59.0,68.0,0.0,0.0,0.0,2.0592929215636104,0.016214904894201656,0.016214904894201656,353.02362060546875,-0.033323537558317184,0.08137103170156479
235,3.4253335468820296,0.0,2.5544890258461237,0.7575882558594458,2.667745291022584,0.03233530412463448,0.012626470930990763,0.03923154839739094,79.0,60.0,68.0,0.0,0.0,0.0,3.4253335468820296,0.026760418335015856,0.026760418335015856,446.17352294921875,-0.005536375567317009,0.05930747464299202
236,7.279841546318494,0.0,6.107183248037472,3.4437008472159505,3.8361406991025433,0.07730611706376547,0.05739501412026584,0.05641383381033152,79.0,60.0,68.0,0.1,0.0,0.08695652173913043,7.279841546318494,0.05687376208061323,0.05687376208061323,834.532470703125,0.011605699546635151,0.03417205065488815
237,0.6667364789173007,0.0,3.8972868947312236,0.5864673075266182,0.08026917139068246,0.04933274550292688,0.009774455125443638,0.0011804289910394478,79.0,60.0,68.0,0.0,0.0,0.0,0.6667364789173007,0.005208878741541412,0.005208878741541412,499.41790771484375,0.0041893660090863705,0.03918812423944473
238,6.360646903049201,0.0,9.806167509872466,3.342326076235622,3.0183208268135786,0.1241287026566135,0.05570543460392704,0.04438707098255262,79.0,60.0,68.0,0.0375,0.0,0.0,6.360646903049201,0.04969255393007188,0.04969255393007188,688.4403076171875,-0.0020916510839015245,0.04529935121536255
239,7.567174165509641,0.0,5.170618363190442,3.0801337771117687,4.4870403883978724,0.06545086535684104,0.05133556295186281,0.06598588806467459,79.0,60.0,68.0,0.0875,0.0,0.0,7.567174165509641,0.05911854816804407,0.05911854816804407,803.7244873046875,0.005124957766383886,0.03517979383468628
240,2.370280578965321,0.0,4.3079020688310266,1.3222049078904092,1.048075671074912,0.05453040593456995,0.022036748464840154,0.015412877515807529,79.0,60.0,68.0,0.0,0.0,0.0,2.370280578965321,0.018517817023166572,0.018517817023166572,326.91339111328125,0.002597302896901965,0.07023056596517563
241,3.965624357573688,0.0,4.836773318937048,2.3710549608804286,1.5945693966932595,0.06122497872072213,0.03951758268134047,0.023449549951371464,79.0,60.0,68.0,0.0,0.0,0.0,3.965624357573688,0.030981440293544438,0.030981440293544438,311.76568603515625,0.008892941288650036,0.08444895595312119
242,0.21472593676298857,0.0,3.7548383148387074,0.2124210586771369,0.0023048780858516693,0.047529598922008955,0.0035403509779522815,3.38952659684069e-05,79.0,60.0,68.0,0.0,0.0,0.0,0.21472593676298857,0.0016775463809608482,0.0016775463809608482,893.8084716796875,-0.008919631130993366,0.05351661145687103
243,18.939744321163744,0.0,6.649870979599655,4.3756363107822835,14.56410801038146,0.08417558202024879,0.07292727184637139,0.21417805897619793,79.0,60.0,68.0,0.0,0.0,0.08695652173913043,18.939744321163744,0.14796675250909175,0.14796675250909175,219.25595092773438,0.024002933874726295,0.08666892349720001
244,3.3035238564480096,0.0,3.3127042945707217,1.1571607741061598,2.14636308234185,0.04193296575405977,0.01928601290176933,0.031564162975615435,79.0,60.0,68.0,0.0,0.0,0.0,3.3035238564480096,0.025808780128500075,0.025808780128500075,789.302734375,-0.007238553371280432,0.06171898543834686
245,21.22178991883993,0.6885245901639344,9.467868622392416,9.040573738515377,12.181216180324554,0.11984643825813185,0.1506762289752563,0.1791355320635964,79.0,60.0,68.0,0.3625,0.6885245901639344,0.9130434782608695,21.22178991883993,0.16579523374093696,0.16579523374093696,974.2740478515625,0.008998404256999493,0.025125883519649506
246,0.4721136000007391,0.0,4.046723023871891,0.11738704331219196,0.35472655668854713,0.05122434207432774,0.001956450721869866,0.005216567010125693,79.0,60.0,68.0,0.0,0.0,0.0,0.4721136000007391,0.003688387500005774,0.003688387500005774,734.43017578125,0.0062455348670482635,0.04459588974714279
247,0.8499160658102483,0.0,4.795420392416418,0.33597520366311073,0.5139408621471375,0.060701523954638195,0.005599586727718512,0.0075579538551049635,79.0,60.0,68.0,0.025,0.0,0.0,0.8499160658102483,0.0066399692641425645,0.0066399692641425645,651.6659545898438,0.019743099808692932,0.04464571177959442
248,186.18698382377625,1.0,54.61549432575703,90.93220233917236,95.25478148460388,0.6913353712121143,1.5155367056528728,1.4008056100677042,79.0,60.0,68.0,0.9375,1.0,1.0,186.18698382377625,1.454585811123252,1.454585811123252,1095.7994384765625,0.010165105573832989,0.048215750604867935
249,5.717134732636623,0.0,5.026449744589627,2.0848410689504817,3.6322936636861414,0.0636259461340459,0.034747351149174696,0.05341608328950208,79.0,60.0,68.0,0.0,0.0,0.0,5.717134732636623,0.04466511509872362,0.04466511509872362,344.64251708984375,0.021650278940796852,0.07332269102334976
250,2.8151368157268735,0.0,5.6001968597993255,0.7820016036275774,2.033135212099296,0.07088856784556108,0.013033360060459624,0.029899047236754354,79.0,60.0,68.0,0.025,0.0,0.0,2.8151368157268735,0.0219932563728662,0.0219932563728662,508.16241455078125,0.0029423239175230265,0.046730902045965195
251,0.3396366636734456,0.0,7.324049914197531,0.2366041234927252,0.10303254018072039,0.09270949258477887,0.0039434020582120866,0.0015151844144223586,79.0,60.0,68.0,0.2375,0.0,0.0,0.3396366636734456,0.0026534114349487936,0.0026534114349487936,543.0638427734375,0.0072516705840826035,0.04276788607239723
252,1.0392648368142545,0.0,2.9041577051393688,0.09390183445066214,0.9453630023635924,0.03676148993847302,0.0015650305741777024,0.013902397093582241,79.0,60.0,68.0,0.0,0.0,0.0,1.0392648368142545,0.008119256537611363,0.008119256537611363,1642.587158203125,0.006074623670428991,0.04881446808576584
253,2.481828849122394,0.0,3.526307521853596,1.5968876695260406,0.8849411795963533,0.044636804074096155,0.026614794492100677,0.01301384087641696,79.0,60.0,68.0,0.0,0.0,0.0,2.481828849122394,0.019389287883768702,0.019389287883768702,425.155029296875,0.0011959237745031714,0.04934566468000412
254,5.198840278259013,0.01639344262295082,2.9222337680403143,2.582355212653056,2.616485065605957,0.0369903008612698,0.043039253544217594,0.03847772155302878,79.0,60.0,68.0,0.1,0.01639344262295082,0.07246376811594203,5.198840278259013,0.04061593967389854,0.04061593967389854,1531.5244140625,-0.0007952771265991032,0.022971011698246002
255,6.274170020100428,0.08196721311475409,6.506949594244361,4.030539342202246,2.2436306778981816,0.0823664505600552,0.06717565570337077,0.03299456879262032,79.0,60.0,68.0,0.15,0.08196721311475409,0.028985507246376812,6.274170020100428,0.04901695328203459,0.04901695328203459,662.2880859375,-0.001111947582103312,0.03333431854844093
256,1.3745203533326276,0.0,3.44078177632764,0.2553930847789161,1.1191272685537115,0.04355419970034987,0.004256551412981935,0.016457753949319285,79.0,60.0,68.0,0.0,0.0,0.0,1.3745203533326276,0.010738440260411153,0.010738440260411153,1087.807861328125,0.02106574736535549,0.05629631504416466
257,6.8907978215720505,0.0,3.8047886486165226,4.0065106234978884,2.884287198074162,0.04816188162805725,0.06677517705829814,0.04241598820697297,79.0,60.0,68.0,0.0125,0.0,0.014492753623188406,6.8907978215720505,0.053834357981031644,0.053834357981031644,394.2296142578125,-0.005683962255716324,0.045914921909570694
258,1.330536874011159,0.0,2.7700040112249553,0.8813143642619252,0.4492225097492337,0.03506334191423994,0.014688572737698753,0.006606213378665202,79.0,60.0,68.0,0.0375,0.0,0.0,1.330536874011159,0.01039481932821218,0.01039481932821218,784.3904418945312,-0.004836613312363625,0.02878696657717228
259,3.7211944327068522,0.0,2.6347190253436565,1.973866492551224,1.7473279401556283,0.0333508737385273,0.032897774875853734,0.02569599911993571,79.0,60.0,68.0,0.0,0.0,0.0,3.7211944327068522,0.029071831505522283,0.029071831505522283,212.55743408203125,-0.029739730060100555,0.1205948069691658
260,27.582870222628117,0.6557377049180327,8.37477942975238,10.54733745008707,17.035532772541046,0.10600986619939722,0.17578895750145118,0.25052254077266245,79.0,60.0,68.0,0.225,0.6557377049180327,0.9855072463768116,27.582870222628117,0.21549117361428216,0.21549117361428216,1276.14794921875,0.006702104117721319,0.02930445224046707
261,12.341816768515855,0.2459016393442623,5.918238466139883,4.9079747390933335,7.433842029422522,0.07491441096379599,0.08179957898488889,0.10932120631503708,79.0,60.0,68.0,0.3625,0.2459016393442623,0.4057971014492754,12.341816768515855,0.09642044350403012,0.09642044350403012,1021.67138671875,-0.0017141684656962752,0.022131456062197685
262,31.99950598180294,0.9180327868852459,9.350015911273658,14.779743745923042,17.219762235879898,0.11835463178827416,0.24632906243205072,0.2532317975864691,79.0,60.0,68.0,0.2625,0.9180327868852459,0.9710144927536232,31.99950598180294,0.24999614048283547,0.24999614048283547,1661.100830078125,0.0031882962211966515,0.031721897423267365
263,1.4325440910179168,0.0,9.467562604695559,1.055806100834161,0.37673799018375576,0.11984256461639947,0.017596768347236016,0.00554026456152582,79.0,60.0,68.0,0.0,0.0,0.0,1.4325440910179168,0.011191750711077475,0.011191750711077475,360.593505859375,-0.011177639476954937,0.09175724536180496
264,2.844292820431292,0.0,3.3905723933130503,0.9397855666466057,1.9045072537846863,0.04291863789003861,0.01566309277744343,0.02800745961448068,79.0,60.0,68.0,0.0,0.0,0.0,2.844292820431292,0.02222103765961947,0.02222103765961947,695.501708984375,0.010948303155601025,0.049519624561071396
265,6.684361697174609,0.0,2.3039302742108703,2.472405359148979,4.2119563380256295,0.029163674357099625,0.04120675598581632,0.061940534382729846,79.0,60.0,68.0,0.0,0.0,0.0,6.684361697174609,0.05222157575917663,0.05222157575917663,141.2633819580078,0.03151334822177887,0.11278967559337616
266,15.100862966384739,0.0,7.134706052020192,6.392676610033959,8.70818635635078,0.09031273483569864,0.10654461016723266,0.12806156406398206,79.0,60.0,68.0,0.0,0.0,0.0,15.100862966384739,0.11797549192488077,0.11797549192488077,205.97991943359375,0.03454283997416496,0.09847217798233032
267,2.2399966708617285,0.0,4.159126888698665,1.3879321236163378,0.8520645472453907,0.05264717580631222,0.023132202060272295,0.012530360988902804,79.0,60.0,68.0,0.025,0.0,0.0,2.2399966708617285,0.017499973991107254,0.017499973991107254,433.192138671875,0.0028637873474508524,0.03833393380045891
268,5.019492116756737,0.0,4.920549292641226,2.3194739896571264,2.700018127099611,0.06228543408406616,0.038657899827618775,0.039706148927935454,79.0,60.0,68.0,0.1375,0.0,0.028985507246376812,5.019492116756737,0.03921478216216201,0.03921478216216201,868.8695068359375,0.0020554803777486086,0.028904644772410393
269,10.836960832122713,0.0,2.5152018583612517,4.253946516662836,6.583014315459877,0.03183799820710445,0.07089910861104727,0.09680903405088055,79.0,60.0,68.0,0.0125,0.0,0.08695652173913043,10.836960832122713,0.0846637565009587,0.0846637565009587,598.3624267578125,0.0032345193903893232,0.038765933364629745
270,0.030188556760549545,0.0,2.6161875455873087,0.003910566680133343,0.026277990080416203,0.03311629804540897,6.517611133555571e-05,0.00038644103059435594,79.0,60.0,68.0,0.0,0.0,0.0,0.030188556760549545,0.00023584809969179332,0.00023584809969179332,1214.938720703125,-0.007036585360765457,0.043856412172317505
271,22.165667060762644,0.03278688524590164,6.641980294836685,7.372693706303835,14.792973354458809,0.08407569993464158,0.12287822843839726,0.21754372580086484,79.0,60.0,68.0,0.0,0.03278688524590164,0.463768115942029,22.165667060762644,0.17316927391220815,0.17316927391220815,1209.473388671875,-0.0008529972401447594,0.044587455689907074
272,11.18172221351415,0.0,3.8274952291430964,4.397335275774822,6.7843869377393275,0.04844930669801388,0.0732889212629137,0.0997703961432254,79.0,60.0,68.0,0.0,0.0,0.014492753623188406,11.18172221351415,0.08735720479307929,0.08735720479307929,98.52741241455078,-0.01891832984983921,0.07778304070234299
273,9.771042018081062,0.06557377049180328,10.46096127294004,5.4543671905994415,4.31667482748162,0.13241723130303848,0.09090611984332403,0.06348051216884736,79.0,60.0,68.0,0.2125,0.06557377049180328,0.07246376811594203,9.771042018081062,0.0763362657662583,0.0763362657662583,1066.3614501953125,0.014158771373331547,0.034312039613723755
274,15.949504377320409,0.08196721311475409,7.508551242761314,7.370022032409906,8.579482344910502,0.09504495244001664,0.12283370054016511,0.12616885801338973,79.0,60.0,68.0,0.0625,0.08196721311475409,0.07246376811594203,15.949504377320409,0.1246055029478157,0.1246055029478157,199.92208862304688,0.002276919549331069,0.049734216183423996
275,0.0,0.0,1.511911228299141,0.0,0.0,0.019138116813913177,0.0,0.0,79.0,60.0,68.0,0.0,0.0,0.0,0.0,0.0,0.0,409.8529052734375,0.016296712681651115,0.04604702815413475
276,12.7606221572496,0.01639344262295082,4.865312448935583,5.291108346078545,7.469513811171055,0.06158623353083017,0.08818513910130908,0.1098457913407508,79.0,60.0,68.0,0.0,0.01639344262295082,0.057971014492753624,12.7606221572496,0.0996923606035125,0.0996923606035125,1210.971435546875,0.011483331210911274,0.038105692714452744
277,0.9197155726142228,0.0,10.684215523069724,0.34332929737865925,0.5763862752355635,0.13524323446923703,0.005722154956310987,0.00847626875346417,79.0,60.0,68.0,0.075,0.0,0.0,0.9197155726142228,0.007185277911048615,0.007185277911048615,466.37396240234375,-0.0064089614897966385,0.06885571777820587
278,11.765599806094542,0.0,6.065022510942072,5.6404171120375395,6.125182694057003,0.076772436847368,0.09400695186729233,0.09007621608907357,79.0,60.0,68.0,0.0,0.0,0.0,11.765599806094542,0.09191874848511361,0.09191874848511361,169.58798217773438,-0.017786188051104546,0.1232675313949585
279,7.425495286937803,0.14754098360655737,3.7433100203052163,2.9944309880957007,4.431064298842102,0.047383671143104,0.04990718313492835,0.06516271027708974,79.0,60.0,68.0,0.125,0.14754098360655737,0.17391304347826086,7.425495286937803,0.058011681929201586,0.058011681929201586,973.9611206054688,0.003007396124303341,0.022712890058755875
280,4.797006140113808,0.0,2.051700552459806,1.30403840506915,3.492967735044658,0.025970893069111472,0.02173397341781917,0.05136717257418615,79.0,60.0,68.0,0.0,0.0,0.0,4.797006140113808,0.03747661046963913,0.03747661046963913,962.8995971679688,-0.0049690674059093,0.04072599858045578
281,11.722962263564114,0.0,9.776335802394897,4.375537283311132,7.347424980252981,0.12375108610626452,0.07292562138851887,0.10805036735666149,79.0,60.0,68.0,0.0625,0.0,0.0,11.722962263564114,0.09158564268409464,0.09158564268409464,1238.53515625,0.007819876074790955,0.044371046125888824
282,8.802400863496587,0.0,4.879127930384129,4.127099133329466,4.675301730167121,0.06176111304283708,0.0687849855554911,0.06875443720834001,79.0,60.0,68.0,0.0,0.0,0.0,8.802400863496587,0.06876875674606708,0.06876875674606708,538.9044799804688,0.019645826891064644,0.0909004658460617
283,13.874271425418556,0.0,3.853647848358378,5.166766128502786,8.70750529691577,0.04878035251086554,0.08611276880837977,0.12805154848405542,79.0,60.0,68.0,0.0,0.0,0.10144927536231885,13.874271425418556,0.10839274551108247,0.10839274551108247,806.418212890625,0.011994902044534683,0.042002804577350616
284,0.08824501163326204,0.0,2.3702194853685796,0.0,0.08824501163326204,0.030002778295804805,0.0,0.001297720759312677,79.0,60.0,68.0,0.0,0.0,0.0,0.08824501163326204,0.0006894141533848597,0.0006894141533848597,877.5947875976562,-0.019078660756349564,0.057728320360183716
285,2.369212100864388,0.0,4.398143764236011,0.7038422439945862,1.6653698568698019,0.055672705876405194,0.011730704066576437,0.02449073318926179,79.0,60.0,68.0,0.0,0.0,0.0,2.369212100864388,0.01850946953800303,0.01850946953800303,921.7415161132812,-0.012218418531119823,0.03720337897539139
286,0.19525182247161865,0.0,2.0881293336860836,0.11157326400279999,0.08367855846881866,0.026432016882102324,0.0018595544000466664,0.0012305670363061568,79.0,60.0,68.0,0.0,0.0,0.0,0.19525182247161865,0.0015254048630595207,0.0015254048630595207,953.0248413085938,0.016173943877220154,0.06847652792930603
287,0.6067352332174778,0.0,3.1866220445372164,0.6018868703395128,0.0048483628779649734,0.04033698790553439,0.01003144783899188,7.12994540877202e-05,79.0,60.0,68.0,0.0,0.0,0.0,0.6067352332174778,0.004740119009511545,0.004740119009511545,591.5233764648438,0.003466366557404399,0.07973316311836243
288,6.428352650254965,0.0,2.150912555400282,0.12138605490326881,6.306966595351696,0.027226741207598507,0.0020231009150544804,0.092749508755172,79.0,60.0,68.0,0.0,0.0,0.0,6.428352650254965,0.05022150508011691,0.05022150508011691,181.67637634277344,-0.0021580855827778578,0.18135853111743927
289,14.231212886283174,0.0,9.727214987855405,7.198300993070006,7.032911893213168,0.1231293036437393,0.11997168321783344,0.10342517490019365,79.0,60.0,68.0,0.0,0.0,0.0,14.231212886283174,0.1111813506740873,0.1111813506740873,637.124755859375,0.007735313381999731,0.1135365217924118
290,9.286073221708648,0.0,7.686051826691255,4.174185579060577,5.111887642648071,0.09729179527457285,0.06956975965100962,0.07517481827423633,79.0,60.0,68.0,0.0125,0.0,0.014492753623188406,9.286073221708648,0.07254744704459881,0.07254744704459881,1009.0399780273438,0.012158495374023914,0.0495690181851387
291,1.216745070705656,0.0,3.2643891738262028,0.609125470102299,0.607619600603357,0.04132138194716713,0.01015209116837165,0.008935582361814073,79.0,60.0,68.0,0.0,0.0,0.0,1.216745070705656,0.009505820864887937,0.009505820864887937,712.748291015625,0.0037272991612553596,0.04136854410171509
292,4.167121887643589,0.01639344262295082,6.993749605491757,3.4054361702583265,0.7616857173852623,0.088528476018883,0.056757269504305444,0.011201260549783269,79.0,60.0,68.0,0.125,0.01639344262295082,0.014492753623188406,4.167121887643589,0.03255563974721554,0.03255563974721554,757.219970703125,0.00639314716681838,0.025463024154305458
293,10.808521424187347,0.0,3.623700083233416,4.744229468051344,6.064291956136003,0.0458696213067521,0.07907049113418907,0.08918076406082358,79.0,60.0,68.0,0.0,0.0,0.0,10.808521424187347,0.08444157362646365,0.08444157362646365,719.0006103515625,-0.011463684029877186,0.10357215255498886
294,7.699361044957186,0.0,4.3662642207345925,2.214417237890302,5.484943807066884,0.05526916735107079,0.03690695396483837,0.08066093833921888,79.0,60.0,68.0,0.0,0.0,0.0,7.699361044957186,0.060151258163728016,0.060151258163728016,362.1775817871094,-0.024000100791454315,0.10811008512973785
295,14.389791134744883,0.18032786885245902,6.2720464213052765,6.8929263055324554,7.496864829212427,0.07939299267475033,0.11488210509220759,0.1102480121943004,79.0,60.0,68.0,0.025,0.18032786885245902,0.17391304347826086,14.389791134744883,0.1124202432401944,0.1124202432401944,1218.168212890625,-0.006656590849161148,0.03228741139173508
296,16.19027878541965,0.0,2.822165145567851,0.16024555824697018,16.03003322717268,0.035723609437567735,0.0026707593041161697,0.23573578275253942,79.0,60.0,68.0,0.0,0.0,0.14492753623188406,16.19027878541965,0.12648655301109102,0.12648655301109102,777.8117065429688,0.01982971467077732,0.15512028336524963
297,3.233407723600976,0.0,1.3438326180912554,0.7132548926165327,2.5201528309844434,0.01701053946950956,0.01188758154360888,0.03706107104388887,79.0,60.0,68.0,0.0,0.0,0.0,3.233407723600976,0.025260997840632626,0.025260997840632626,743.4734497070312,-0.0031036415603011847,0.04980956017971039
298,22.189475148916245,0.9508196721311475,6.590276023605838,10.066724456846714,12.12275069206953,0.0834212154886815,0.16777874094744524,0.17827574547161074,79.0,60.0,68.0,0.5,0.9508196721311475,0.9855072463768116,22.189475148916245,0.17335527460090816,0.17335527460090816,848.7406005859375,-0.0022280809935182333,0.01856025867164135
299,10.171626565046608,0.2786885245901639,4.815879974456038,5.270200447179377,4.901426117867231,0.06096050600577264,0.08783667411965629,0.0720797958509887,79.0,60.0,68.0,0.15,0.2786885245901639,0.18840579710144928,10.171626565046608,0.07946583253942663,0.07946583253942663,907.8841552734375,0.0041481805965304375,0.02338261716067791
300,3.200052967364172,0.0,3.2798851476982236,0.9108732241438702,2.289179743220302,0.04151753351516739,0.015181220402397836,0.03366440798853385,79.0,60.0,68.0,0.0125,0.0,0.028985507246376812,3.200052967364172,0.025000413807532595,0.025000413807532595,609.5113525390625,-0.0045300438068807125,0.039597608149051666
301,0.521613168733893,0.0,6.372364821843803,0.2780329029483255,0.24358026578556746,0.08066284584612408,0.004633881715805425,0.003582062732140698,79.0,60.0,68.0,0.4375,0.0,0.0,0.521613168733893,0.004075102880733539,0.004075102880733539,821.1442260742188,-0.002888062968850136,0.02344418689608574
302,13.334679406601936,0.0,4.473225097521208,6.187126882839948,7.147552523761988,0.05662310250026846,0.1031187813806658,0.10511106652591158,79.0,60.0,68.0,0.0,0.0,0.0,13.334679406601936,0.10417718286407762,0.10417718286407762,214.61676025390625,0.0023061640094965696,0.10186345875263214
303,1.4492123525124043,0.0,4.054614582331851,0.5712503881659359,0.8779619643464684,0.05132423521939052,0.009520839802765598,0.0129112053580363,79.0,60.0,68.0,0.0,0.0,0.0,1.4492123525124043,0.011321971504003159,0.011321971504003159,777.2144775390625,-0.0022852078545838594,0.04688165336847305
304,0.05318346421699971,0.0,0.05587490554898977,0.05318346421699971,0.0,0.0007072772854302503,0.0008863910702833285,0.0,79.0,60.0,68.0,0.0,0.0,0.0,0.05318346421699971,0.00041549581419531023,0.00041549581419531023,575.249267578125,0.029233189299702644,0.08734428882598877
305,4.025598009582609,0.0,6.520671906648204,2.1613221113802865,1.8642758982023224,0.08254015071706587,0.03602203518967144,0.027415822032387096,79.0,60.0,68.0,0.1625,0.0,0.014492753623188406,4.025598009582609,0.03144998444986413,0.03144998444986413,867.4395751953125,0.0048677958548069,0.02865825593471527
306,0.7638611132279038,0.0,2.06037678620487,0.11225482216104865,0.6516062910668552,0.026080718812719873,0.0018709137026841443,0.009582445456865518,79.0,60.0,68.0,0.15,0.0,0.028985507246376812,0.7638611132279038,0.005967664947092999,0.005967664947092999,1129.48193359375,-0.00012377444363664836,0.017016878351569176
307,8.35827974894346,0.06557377049180328,5.303371857851744,3.9838034116037306,4.374476337339729,0.06713128933989548,0.06639672352672885,0.06433053437264308,79.0,60.0,68.0,0.0125,0.06557377049180328,0.11594202898550725,8.35827974894346,0.06529906053862078,0.06529906053862078,1392.39892578125,-0.00284994556568563,0.03034347854554653
308,14.363090669736266,0.01639344262295082,5.382109305821359,7.070346121676266,7.29274454806,0.0681279658964729,0.11783910202793776,0.10724624335382353,79.0,60.0,68.0,0.0,0.01639344262295082,0.0,14.363090669736266,0.11221164585731458,0.11221164585731458,707.0960693359375,-0.003089056583121419,0.09108638018369675
309,8.732863773446297,0.01639344262295082,5.775047174654901,3.1742203308676835,5.558643442578614,0.0731018629703152,0.052903672181128056,0.08174475650850903,79.0,60.0,68.0,0.1625,0.01639344262295082,0.07246376811594203,8.732863773446297,0.0682254982300492,0.0682254982300492,818.500732421875,0.0020431596785783768,0.029283059760928154
310,15.805411339271814,0.0,8.959563232492656,7.143067568540573,8.66234377073124,0.11341219281636272,0.11905112614234288,0.12738740839310647,79.0,60.0,68.0,0.0,0.0,0.0,15.805411339271814,0.12347977608806104,0.12347977608806104,254.32815551757812,0.030106544494628906,0.10672236979007721
311,7.858289481839165,0.01639344262295082,3.140864269458689,4.590175015153363,3.2681144666858017,0.03975777556276821,0.07650291691922272,0.04806050686302649,79.0,60.0,68.0,0.0,0.01639344262295082,0.028985507246376812,7.858289481839165,0.06139288657686848,0.06139288657686848,982.2459716796875,0.002415386028587818,0.035242222249507904
312,12.312718688277528,0.0,3.9303624655585736,4.976101592183113,7.336617096094415,0.04975142361466549,0.08293502653638522,0.1078914278837414,79.0,60.0,68.0,0.0,0.0,0.0,12.312718688277528,0.09619311475216819,0.09619311475216819,431.68853759765625,-0.0012113506672903895,0.062020014971494675
313,2.6557151549495757,0.0,6.020812033093534,1.8878662819042802,0.7678488730452955,0.07621281054548777,0.031464438031738005,0.01129189519184258,79.0,60.0,68.0,0.025,0.0,0.0,2.6557151549495757,0.02074777464804356,0.02074777464804356,1373.1121826171875,-0.004656538832932711,0.04118376597762108
314,11.494133485713974,0.0,6.963250466971658,4.872672865400091,6.621460620313883,0.08814241097432479,0.08121121442333484,0.09737442088696886,79.0,60.0,68.0,0.0,0.0,0.0,11.494133485713974,0.08979791785714042,0.08979791785714042,672.0689697265625,0.0036695152521133423,0.05901581794023514
315,8.61456879787147,0.18032786885245902,7.235162439756095,5.511520808096975,3.1030479897744954,0.0915843346804569,0.09185868013494959,0.04563305867315434,79.0,60.0,68.0,0.075,0.18032786885245902,0.08695652173913043,8.61456879787147,0.06730131873337086,0.06730131873337086,1070.531982421875,0.005271985661238432,0.0298318974673748
316,17.88118652626872,0.0,8.000333460513502,6.647570226341486,11.233616299927235,0.10127004380396838,0.11079283710569143,0.16520023970481226,79.0,60.0,68.0,0.0125,0.0,0.15942028985507245,17.88118652626872,0.13969676973647438,0.13969676973647438,1168.75146484375,0.011991545557975769,0.04040241241455078
317,9.735009495052509,0.0,6.032457089517266,4.015993354725651,5.719016140326858,0.07636021632300335,0.06693322257876086,0.08410317853421849,79.0,60.0,68.0,0.0,0.0,0.0,9.735009495052509,0.07605476168009773,0.07605476168009773,1225.6536865234375,0.028998373076319695,0.04644234478473663
318,4.208269987720996,0.0,5.6670674559427425,2.575728459167294,1.632541528553702,0.07173503108788282,0.04292880765278824,0.024007963655201497,79.0,60.0,68.0,0.05,0.0,0.0,4.208269987720996,0.03287710927907028,0.03287710927907028,737.5247802734375,0.00877191312611103,0.03228640928864479
319,17.290224495111033,0.0,9.754530007019639,8.463973497971892,8.826250997139141,0.12347506337999543,0.1410662249661982,0.12979780878145797,79.0,60.0,68.0,0.0,0.0,0.0,17.290224495111033,0.13507987886805495,0.13507987886805495,118.36337280273438,-0.00395592674612999,0.14621619880199432
320,10.87082751293201,0.0,3.998948046937585,3.7860825659008697,7.08474494703114,0.0506195955308555,0.06310137609834783,0.10418742569163442,79.0,60.0,68.0,0.025,0.0,0.11594202898550725,10.87082751293201,0.08492833994478133,0.08492833994478133,1624.196533203125,0.002410046523436904,0.03013341873884201
321,2.5019285187590867,0.04918032786885246,5.123682697303593,1.7752926368266344,0.7266358819324523,0.06485674300384295,0.02958821061377724,0.010685821793124299,79.0,60.0,68.0,0.2375,0.04918032786885246,0.0,2.5019285187590867,0.019546316552805365,0.019546316552805365,550.1026611328125,0.002077692886814475,0.02419586479663849
322,5.928505180716456,0.01639344262295082,5.953331856668228,3.0066745700023603,2.921830610714096,0.07535863109706618,0.05011124283337267,0.04296809721638377,79.0,60.0,68.0,0.15,0.01639344262295082,0.014492753623188406,5.928505180716456,0.046316446724347315,0.046316446724347315,462.2983093261719,-0.007952664978802204,0.03513624519109726
323,4.356057783588767,0.01639344262295082,4.609133652586024,2.0314620779827237,2.3245957056060433,0.058343463956785115,0.033857701299712065,0.034185230964794755,79.0,60.0,68.0,0.0,0.01639344262295082,0.0,4.356057783588767,0.03403170143428724,0.03403170143428724,677.4381103515625,0.0022857163567095995,0.03834596648812294
324,13.098230637144297,0.26229508196721313,7.194367337739095,6.8365802555345,6.2616503816097975,0.09106794098403918,0.11394300425890833,0.09208309384720291,79.0,60.0,68.0,0.125,0.26229508196721313,0.13043478260869565,13.098230637144297,0.10232992685268982,0.10232992685268982,1013.855224609375,-0.0021432179491966963,0.034159835427999496
325,16.586117429018486,0.0,9.324824966490269,7.857470814604312,8.728646614414174,0.11803575906949708,0.13095784691007187,0.12836245021197315,79.0,60.0,68.0,0.0,0.0,0.0,16.586117429018486,0.12957904241420692,0.12957904241420692,135.40951538085938,0.027491005137562752,0.10808425396680832
326,11.244992441905197,0.03278688524590164,5.432684329804033,4.316041212936398,6.928951228968799,0.06876815607346877,0.07193402021560663,0.10189634160248234,79.0,60.0,68.0,0.0,0.03278688524590164,0.07246376811594203,11.244992441905197,0.08785150345238435,0.08785150345238435,1058.68115234375,-0.009325684048235416,0.03788298740983009
327,4.915051222778857,0.0,5.232448908966035,2.092349569313228,2.8227016534656286,0.06623353049324095,0.03487249282188713,0.041510318433318066,79.0,60.0,68.0,0.0,0.0,0.0,4.915051222778857,0.03839883767795982,0.03839883767795982,418.844482421875,-0.0013621622929349542,0.06823025643825531
328,17.34440640732646,0.01639344262295082,6.471202235901728,7.652231138199568,9.692175269126892,0.08191395235318644,0.12753718563665947,0.14253198925186605,79.0,60.0,68.0,0.0,0.01639344262295082,0.043478260869565216,17.34440640732646,0.13550317505723797,0.13550317505723797,311.6775817871094,0.01637137494981289,0.059016600251197815
329,0.5218213605694473,0.0,2.1877326355315745,0.27505122870206833,0.24677013186737895,0.027692818171285754,0.004584187145034472,0.003628972527461455,79.0,60.0,68.0,0.0125,0.0,0.0,0.5218213605694473,0.004076729379448807,0.004076729379448807,681.2578125,0.004224808886647224,0.04346238821744919
330,4.282690490828827,0.0,3.5398525781929493,3.1622143670683727,1.1204761237604544,0.044808260483455056,0.05270357278447288,0.0164775900553008,79.0,60.0,68.0,0.0,0.0,0.0,4.282690490828827,0.03345851945960021,0.03345851945960021,743.9879760742188,-0.007783921435475349,0.08104082942008972
331,1.3587655433220789,0.0,3.2161874101730064,0.6641737975878641,0.6945917457342148,0.040711233040164635,0.011069563293131069,0.010214584496091394,79.0,60.0,68.0,0.0,0.0,0.0,1.3587655433220789,0.010615355807203741,0.010615355807203741,553.23388671875,0.006680680904537439,0.08741500973701477
332,16.334872895968147,0.04918032786885246,6.960784315713681,7.64961102057714,8.685261875391006,0.08811119386979344,0.127493517009619,0.1277244393439854,79.0,60.0,68.0,0.0125,0.04918032786885246,0.043478260869565216,16.334872895968147,0.12761619449975115,0.12761619449975115,711.7362060546875,-0.0009016823023557663,0.05332542210817337
333,3.0323781899060123,0.0,6.9915884777437896,1.8035298991017044,1.228848290804308,0.08850111997144038,0.030058831651695074,0.018071298394181,79.0,60.0,68.0,0.0,0.0,0.0,3.0323781899060123,0.02369045460864072,0.02369045460864072,960.895263671875,-0.0009184901718981564,0.06100587174296379
334,2.255723157461034,0.0,3.917308882228099,0.9188196470786352,1.336903510382399,0.049586188382634164,0.015313660784643919,0.019660345740917632,79.0,60.0,68.0,0.0,0.0,0.0,2.255723157461034,0.01762283716766433,0.01762283716766433,831.0804443359375,-0.009049114771187305,0.047331925481557846
335,8.903673983179033,0.0,16.948123555630445,8.707675204612315,0.1959987785667181,0.21453320956494235,0.14512792007687192,0.002882334978922325,79.0,60.0,68.0,0.0125,0.0,0.0,8.903673983179033,0.0695599529935862,0.0695599529935862,908.331787109375,0.007318844553083181,0.11038098484277725
