lif_path,lif_name,scene_idx,series_name,base_name,cell_id,cellpose_area_px,cell_area_px,cell_area_mbppdg_px,cell_area_ppkm2_px,num_nuclei,mbp_area_px,pdgfra_area_px,o4_area_px,ppkm2_area_px,morph_all_num_proc,morph_all_num_branch3_px,morph_all_num_branch4_px,morph_all_avg_segment_len_px,morph_all_convexity_ratio,morph_all_max_r_px,morph_all_AUC,morph_all_Imax,morph_all_Rmax_px,morph_all_CriticalValue,morph_mbppdg_num_proc,morph_mbppdg_num_branch3_px,morph_mbppdg_num_branch4_px,morph_mbppdg_avg_segment_len_px,morph_mbppdg_convexity_ratio,morph_mbppdg_max_r_px,morph_mbppdg_AUC,morph_mbppdg_Imax,morph_mbppdg_Rmax_px,morph_mbppdg_CriticalValue,morph_ppkm2_num_proc,morph_ppkm2_num_branch3_px,morph_ppkm2_num_branch4_px,morph_ppkm2_avg_segment_len_px,morph_ppkm2_convexity_ratio,morph_ppkm2_max_r_px,morph_ppkm2_AUC,morph_ppkm2_Imax,morph_ppkm2_Rmax_px,morph_ppkm2_CriticalValue,mbp_mean_in,mbp_mean_bg,mbp_int_ratio,pdg_mean_in,pdg_mean_bg,pdg_int_ratio,o4_mean_in,o4_mean_bg,o4_int_ratio,ppkm2_mean_in,ppkm2_mean_bg,ppkm2_int_ratio,ppkm2_nuc_mean_in,ppkm2_nuc_mean_bg,ppkm2_nuc_int_ratio
E:\N9_20251512_PKM2.lif,N9_20251512_PKM2,0,clemastine/5/R13,N9_20251512_PKM2_S1_clemastine_5_R13,1,53480,35896,35791,22772,0,35791,0,40333,22772,34,124,22,17.926829268292682,1.466152217517272,180,657.5,15.0,115.0,87.5,36,126,22,17.698795180722893,1.4704534659551285,180,687.5,10.0,95.0,87.5,16,67,10,21.25531914893617,1.7593535921306869,182,597.5,13.0,60.0,87.5,592.2914699226062,115.0,5.150360608022663,205.1773456652552,196.0,1.0468231921696691,423.3412085992823,204.0,2.0752020029376586,255.03203699576557,167.0,1.5271379460824284,,167.0,
E:\N9_20251512_PKM2.lif,N9_20251512_PKM2,0,clemastine/5/R13,N9_20251512_PKM2_S1_clemastine_5_R13,2,4041,4041,4041,3580,0,0,4041,919,3580,2,0,0,22.0,1.0232615689185844,49,87.5,9.0,40.0,22.5,2,0,0,22.0,1.0232615689185844,49,87.5,9.0,40.0,22.5,4,6,0,21.0,1.127653631284916,52,117.5,12.0,35.0,22.5,148.25167037861917,115.0,1.2891449598140796,963.678297451126,196.0,4.916726007403704,267.3264417845484,204.0,1.3104237342379823,347.5887156644395,167.0,2.081369554876883,,167.0,
E:\N9_20251512_PKM2.lif,N9_20251512_PKM2,0,clemastine/5/R13,N9_20251512_PKM2_S1_clemastine_5_R13,3,10425,9307,9300,5512,1,0,9300,0,5512,8,42,12,14.869565217391305,1.1460191253894918,91,247.5,10.0,60.0,42.5,8,38,15,16.36,1.1468817204301076,91,247.5,10.0,60.0,42.5,16,62,19,8.511111111111111,1.3125907111756168,66,212.5,22.0,45.0,30.0,115.88159449876436,115.0,1.00766603911969,1030.3344086021505,196.0,5.256808207153829,191.17653379176963,204.0,0.9371398715282824,291.84022778553776,167.0,1.7475462741648968,344.2043768545994,167.0,2.061104053021553
E:\N9_20251512_PKM2.lif,N9_20251512_PKM2,0,clemastine/5/R13,N9_20251512_PKM2_S1_clemastine_5_R13,4,42024,14486,11718,11414,1,11718,0,1137,11414,41,132,32,9.857142857142858,2.274057710893276,170,612.5,14.0,65.0,82.5,22,87,18,12.185185185185183,2.385219320703192,153,492.5,11.0,65.0,72.5,36,92,28,9.58108108108108,2.4665323287191168,168,557.5,14.0,30.0,80.0,301.23297491039426,115.0,2.619417173133863,228.23325969901973,196.0,1.1644554066276518,265.9254079254079,204.0,1.30355592120298,256.7174513323209,167.0,1.5372302474989274,274.12597258243795,167.0,1.6414728897151971
E:\N9_20251512_PKM2.lif,N9_20251512_PKM2,0,clemastine/5/R13,N9_20251512_PKM2_S1_clemastine_5_R13,5,31661,20055,19516,14421,2,19516,0,23120,14421,21,67,9,16.21818181818182,1.567888307155323,124,542.5,16.0,85.0,60.0,24,78,16,13.96774193548387,1.607757737241238,124,552.5,13.0,85.0,60.0,24,131,38,10.080459770114942,1.736287358712988,119,557.5,18.0,70.0,57.5,316.3722586595614,115.0,2.7510631187787946,223.4886063325854,196.0,1.1402479914927826,324.7753618647785,204.0,1.5920360875724435,299.10675641984545,167.0,1.7910584216757213,344.3182503770739,167.0,2.06178593040164
E:\N9_20251512_PKM2.lif,N9_20251512_PKM2,0,clemastine/5/R13,N9_20251512_PKM2_S1_clemastine_5_R13,6,36300,17355,10446,12095,1,0,10446,0,12095,18,101,14,13.0,1.5890521463555172,198,452.5,7.0,130.0,97.08333333333331,19,56,15,11.79591836734694,1.730040206777714,172,412.5,5.0,45.0,84.51612903225806,15,64,18,13.46938775510204,1.938238941711451,167,420.0,9.0,50.0,78.88888888888889,122.81803514837225,115.0,1.0679829143336717,587.8887612483247,196.0,2.999432455348596,209.657216940363,204.0,1.0277314555900148,255.43912417170844,167.0,1.5295755938425657,286.6619490497372,167.0,1.7165386170642944
E:\N9_20251512_PKM2.lif,N9_20251512_PKM2,0,clemastine/5/R13,N9_20251512_PKM2_S1_clemastine_5_R13,7,19177,9355,4875,9095,1,0,4875,111,9095,11,100,19,9.160714285714286,1.4627471940138963,119,262.5,6.0,110.0,57.5,19,48,16,7.763157894736842,1.9762051282051285,103,262.5,6.0,45.0,50.0,13,108,23,9.049180327868852,1.5045629466739967,120,242.5,6.0,70.0,57.5,122.45900587920896,115.0,1.0648609206887736,384.78994871794873,196.0,1.963214024071167,288.76576576576576,204.0,1.4155184596361068,254.8669160876537,167.0,1.5261491981296629,261.2872340425532,167.0,1.5645942158236716
E:\N9_20251512_PKM2.lif,N9_20251512_PKM2,0,clemastine/5/R13,N9_20251512_PKM2_S1_clemastine_5_R13,8,75225,42805,22360,39209,3,7188,16429,56881,39209,26,139,39,17.217821782178216,1.7005022777712884,228,922.5,11.0,85.0,110.0,30,170,35,11.045045045045043,1.5033989266547405,135,657.5,15.0,90.0,65.0,34,184,59,14.387596899224809,1.8501109439159376,223,967.5,16.0,115.0,107.5,245.17125765164164,115.0,2.1319239795794926,671.4114675269341,196.0,3.4255687118721125,396.12280370809526,204.0,1.9417784495494863,313.38598294591753,167.0,1.8765627721312428,360.0047597461469,167.0,2.1557171242284245
E:\N9_20251512_PKM2.lif,N9_20251512_PKM2,0,clemastine/5/R13,N9_20251512_PKM2_S1_clemastine_5_R13,9,27053,10373,2712,10372,1,0,2712,2965,10372,33,171,65,6.357142857142857,2.071917478068061,119,457.5,13.0,55.0,57.5,5,9,1,19.571428571428573,1.3982300884955752,61,107.5,5.0,30.0,27.5,33,171,67,6.348214285714286,2.07211723871963,119,457.5,13.0,55.0,57.5,135.1416176612359,115.0,1.1751445014020512,404.4026548672566,196.0,2.0632788513635543,284.7339606501283,204.0,1.3957547090692566,258.4617757640027,167.0,1.5476753039760642,258.07453605111044,167.0,1.5453565033000625
E:\N9_20251512_PKM2.lif,N9_20251512_PKM2,0,clemastine/5/R13,N9_20251512_PKM2_S1_clemastine_5_R13,11,80053,46767,38572,35105,1,38572,0,76057,35105,55,257,68,13.392857142857142,1.7153762268266084,215,1262.5,20.0,145.0,105.0,67,292,76,11.423469387755102,1.9240122368557504,231,1242.5,14.0,150.0,112.5,78,357,99,9.2152466367713,1.9448511608033043,370,1247.5,10.0,200.0,182.5,319.01091465311623,115.0,2.7740079535053583,243.7936365385849,196.0,1.243845084380535,393.4118928812673,204.0,1.9284896709866044,297.9264652425856,167.0,1.783990809835842,410.1940824233885,167.0,2.456251990559213
E:\N9_20251512_PKM2.lif,N9_20251512_PKM2,0,clemastine/5/R13,N9_20251512_PKM2_S1_clemastine_5_R13,12,126936,40377,31947,16630,1,31947,0,79581,16630,73,286,70,11.67487684729064,2.5074175892215864,408,1612.5,16.0,135.0,189.93150684931507,53,219,55,12.051612903225806,2.404858046138917,280,1252.5,16.0,100.0,119.0,39,127,29,10.612903225806452,3.329585087191822,436,695.0,15.0,45.0,210.4794520547945,316.9041224528125,115.0,2.755688021328804,219.9086113381381,196.0,1.1219827109088676,311.4771170359888,204.0,1.5268486129215135,221.5462020457191,167.0,1.3266239643456232,257.1311119159725,167.0,1.5397072569818713
E:\N9_20251512_PKM2.lif,N9_20251512_PKM2,0,clemastine/5/R13,N9_20251512_PKM2_S1_clemastine_5_R13,13,8100,7429,0,7429,1,0,0,0,7429,3,3,1,39.0,1.0398438551622022,73,122.5,6.0,55.0,32.5,0,0,0,0.0,,0,0.0,0.0,,,3,3,1,39.0,1.0398438551622022,73,122.5,6.0,55.0,32.5,121.79930004038228,115.0,1.0591243481772372,228.7928388746803,196.0,1.1673104024218384,203.785300848028,204.0,0.9989475531766078,408.3892852335442,167.0,2.44544482175775,401.2807807807808,167.0,2.402878926831023
E:\N9_20251512_PKM2.lif,N9_20251512_PKM2,0,clemastine/5/R13,N9_20251512_PKM2_S1_clemastine_5_R13,14,12257,6403,0,6403,1,0,0,3710,6403,5,5,0,33.0,1.456036233015774,82,202.5,6.0,35.0,37.5,0,0,0,0.0,,0,0.0,0.0,,,5,5,0,33.0,1.456036233015774,82,202.5,6.0,35.0,37.5,123.79509604872716,115.0,1.0764790960758883,219.7871310323286,196.0,1.121362913430248,273.3443507588533,204.0,1.3399232880335945,276.34858660003124,167.0,1.65478195568881,257.8552133981632,167.0,1.544043194000977
E:\N9_20251512_PKM2.lif,N9_20251512_PKM2,0,clemastine/5/R13,N9_20251512_PKM2_S1_clemastine_5_R13,15,25881,14605,236,14474,1,0,236,12233,14474,7,31,8,21.59090909090909,1.428483396097227,124,322.5,8.0,65.0,60.0,2,4,1,8.75,1.1101694915254237,23,42.5,7.0,10.0,10.0,8,26,6,21.952380952380956,1.4411358297637142,125,292.5,10.0,70.0,60.0,122.00869565217393,115.0,1.060945179584121,347.08898305084745,196.0,1.7708621584226911,289.1272666218939,204.0,1.4172905226563426,381.5666552550496,167.0,2.284830270988321,369.9789142026176,167.0,2.215442600015674
E:\N9_20251512_PKM2.lif,N9_20251512_PKM2,0,clemastine/5/R13,N9_20251512_PKM2_S1_clemastine_5_R13,16,21981,14562,13735,10337,1,0,13735,9654,10337,29,115,32,11.025974025974026,1.4406674907292951,117,432.5,9.0,70.0,55.0,31,92,29,11.907692307692308,1.395340371314161,114,407.5,10.0,70.0,55.0,36,113,38,8.790123456790123,1.7711134758634033,205,397.5,7.0,145.0,100.0,121.68568877901389,115.0,1.058136424165338,818.7279213687659,196.0,4.177183272289622,273.09738158281846,204.0,1.3387126548177375,385.7029254223321,167.0,2.309598355822348,584.3048686244204,167.0,3.498831548649224
E:\N9_20251512_PKM2.lif,N9_20251512_PKM2,0,clemastine/5/R13,N9_20251512_PKM2_S1_clemastine_5_R13,17,46565,22845,21173,13898,1,0,21173,15271,13898,40,308,91,8.32642487046632,1.3878748084920114,127,552.5,14.0,105.0,60.0,58,357,123,7.3244444444444445,1.439663722665659,125,697.5,16.0,80.0,60.0,18,118,33,10.573333333333334,1.6935530292128365,123,432.5,10.0,65.0,60.0,123.29354344495512,115.0,1.0721177690865664,469.9659471969017,196.0,2.3977854448821514,296.75928134191906,204.0,1.454702359519211,243.8618516086671,167.0,1.4602506084351323,257.942280945758,167.0,1.5445645565614252
E:\N9_20251512_PKM2.lif,N9_20251512_PKM2,0,clemastine/5/R13,N9_20251512_PKM2_S1_clemastine_5_R13,18,14221,10688,0,10688,1,0,0,0,10688,9,32,6,21.2,1.2269835329341316,100,297.5,19.0,55.0,47.5,0,0,0,0.0,,0,0.0,0.0,,,9,32,6,21.2,1.2269835329341316,100,297.5,19.0,55.0,47.5,130.79865269461078,115.0,1.1373795886487894,237.06689745508984,196.0,1.2095249870157645,232.67271706586823,204.0,1.140552534636609,324.26702844311376,167.0,1.941718733192298,312.1973325250076,167.0,1.8694451049401648
E:\N9_20251512_PKM2.lif,N9_20251512_PKM2,0,clemastine/5/R13,N9_20251512_PKM2_S1_clemastine_5_R13,19,25652,13340,0,13340,1,0,0,19846,13340,14,38,4,21.964285714285715,1.8695652173913044,151,432.5,9.0,65.0,72.5,0,0,0,0.0,,0,0.0,0.0,,,14,38,4,21.964285714285715,1.8695652173913044,151,432.5,9.0,65.0,72.5,126.36596701649177,115.0,1.0988344957955805,247.93290854572717,196.0,1.2649638191108528,350.79242547793785,204.0,1.7195707131271465,315.5766116941529,167.0,1.8896803095458257,350.60902514640026,167.0,2.099455240397606
E:\N9_20251512_PKM2.lif,N9_20251512_PKM2,0,clemastine/5/R13,N9_20251512_PKM2_S1_clemastine_5_R13,21,19899,9497,0,9497,1,0,0,9379,9497,6,26,3,18.318181818181817,1.5225860798146784,112,287.5,9.0,60.0,52.5,0,0,0,0.0,,0,0.0,0.0,,,6,26,3,18.318181818181817,1.5225860798146784,112,287.5,9.0,60.0,52.5,122.74444561440455,115.0,1.0673430053426485,257.7430767610824,196.0,1.3150156977606249,272.37717429889955,204.0,1.33518222695539,296.521322522902,167.0,1.7755767815742634,292.27549256826825,167.0,1.7501526501093907
E:\N9_20251512_PKM2.lif,N9_20251512_PKM2,0,clemastine/5/R13,N9_20251512_PKM2_S1_clemastine_5_R13,22,14119,11212,11015,8928,1,0,11015,829,8928,16,71,18,10.416666666666666,1.1824830538708526,98,262.5,17.0,60.0,45.0,17,68,17,9.404255319148936,1.1231956423059464,86,232.5,12.0,60.0,40.0,12,71,20,9.404761904761903,1.2862903225806452,94,232.5,10.0,60.0,45.0,139.50463788797717,115.0,1.213083807721541,800.7658647299138,196.0,4.085540126173029,249.57120980091884,204.0,1.2233882833378371,395.2642704245452,167.0,2.366851918709852,384.5845951283739,167.0,2.302901767235772
E:\N9_20251512_PKM2.lif,N9_20251512_PKM2,0,clemastine/5/R13,N9_20251512_PKM2_S1_clemastine_5_R13,23,18661,4494,941,4139,0,0,941,0,4139,20,40,6,11.59375,3.2407654650645306,231,330.0,3.0,30.0,112.5,8,16,5,6.583333333333333,1.241232731137088,35,67.5,4.0,15.0,15.0,18,32,6,12.48148148148148,3.307320608842716,231,310.0,3.0,75.0,112.5,352.7857142857143,115.0,3.067701863354037,397.7417640807652,196.0,2.0292947146977816,304.6248331108144,204.0,1.4932589858373255,217.6070315976858,167.0,1.303036117351412,,167.0,
E:\N9_20251512_PKM2.lif,N9_20251512_PKM2,0,clemastine/5/R13,N9_20251512_PKM2_S1_clemastine_5_R13,24,16733,10162,0,10162,1,0,0,55,10162,11,49,8,13.428571428571429,1.3582956111001772,105,302.5,14.0,50.0,50.0,0,0,0,0.0,,0,0.0,0.0,,,11,49,8,13.428571428571429,1.3582956111001772,105,302.5,14.0,50.0,50.0,125.02647116709308,115.0,1.0871867058008096,220.51318638063373,196.0,1.1250672774522128,218.66945483172603,204.0,1.0719090923123824,288.53306435741,167.0,1.727742900343772,250.3552704963748,167.0,1.4991333562657174
E:\N9_20251512_PKM2.lif,N9_20251512_PKM2,0,clemastine/5/R13,N9_20251512_PKM2_S1_clemastine_5_R13,26,12649,4325,0,4325,1,0,0,627,4325,15,29,5,10.791666666666666,2.490635838150289,119,237.5,6.0,75.0,55.71428571428572,0,0,0,0.0,,0,0.0,0.0,,,15,29,5,10.791666666666666,2.490635838150289,119,237.5,6.0,75.0,55.71428571428572,118.72092485549132,115.0,1.0323558683086205,217.7699421965318,196.0,1.1110711336557744,277.28136200716847,204.0,1.3592223627802376,207.59884393063584,167.0,1.243106849884047,204.5762479429512,167.0,1.2250074727122824
E:\N9_20251512_PKM2.lif,N9_20251512_PKM2,0,clemastine/5/R13,N9_20251512_PKM2_S1_clemastine_5_R13,27,11256,8944,0,8944,1,0,0,0,8944,5,23,3,21.6875,1.3158542039355994,102,197.5,6.0,65.0,47.5,0,0,0,0.0,,0,0.0,0.0,,,5,23,3,21.6875,1.3158542039355994,102,197.5,6.0,65.0,47.5,124.1012969588551,115.0,1.0791417126856966,227.08978085867625,196.0,1.1586213309116131,228.87466457960645,204.0,1.1219346302921884,271.33609123434707,167.0,1.6247670133793235,256.05461205461205,167.0,1.533261150027617
E:\N9_20251512_PKM2.lif,N9_20251512_PKM2,0,clemastine/5/R13,N9_20251512_PKM2_S1_clemastine_5_R13,28,17528,10932,873,10876,1,873,0,1870,10876,9,21,7,24.176470588235293,1.405506769118185,112,312.5,7.0,45.0,52.5,4,4,0,9.6,1.1088201603665522,41,62.5,4.0,25.0,17.5,9,23,8,24.058823529411764,1.4127436557557926,112,287.5,8.0,35.0,52.5,236.06987399770904,115.0,2.052781513023557,221.5273508964508,196.0,1.1302415862063817,272.43063932448734,204.0,1.3354443104141536,272.0255214050494,167.0,1.6288953377547868,249.75478547854783,167.0,1.495537637596095
E:\N9_20251512_PKM2.lif,N9_20251512_PKM2,0,clemastine/5/R13,N9_20251512_PKM2_S1_clemastine_5_R13,29,67500,15750,4644,15739,1,0,4644,44645,15739,24,63,17,17.571428571428573,2.6906031746031744,418,572.5,10.0,95.0,222.26027397260276,4,17,3,14.7,1.1862618432385874,65,157.5,7.0,35.0,30.0,24,63,15,17.24,2.692483639367177,418,572.5,10.0,95.0,222.26027397260276,132.3606349206349,115.0,1.1509620427881295,444.1065891472868,196.0,2.2658499446290143,316.9443033957474,204.0,1.5536485460575853,300.9539047619048,167.0,1.8021191901910465,316.4706785385324,167.0,1.895034003224745
E:\N9_20251512_PKM2.lif,N9_20251512_PKM2,0,clemastine/5/R13,N9_20251512_PKM2_S1_clemastine_5_R13,31,16734,7505,0,7505,1,0,0,0,7505,15,48,24,11.083333333333334,1.567221852098601,108,337.5,13.0,60.0,50.0,0,0,0,0.0,,0,0.0,0.0,,,15,48,24,11.083333333333334,1.567221852098601,108,337.5,13.0,60.0,50.0,120.4614257161892,115.0,1.0474906584016452,213.7169886742172,196.0,1.090392799358251,201.01838774150568,204.0,0.9853842536348316,265.309926715523,167.0,1.588682195901335,261.67233792901146,167.0,1.5669002271198291
E:\N9_20251512_PKM2.lif,N9_20251512_PKM2,0,clemastine/5/R13,N9_20251512_PKM2_S1_clemastine_5_R13,32,32733,14041,0,14041,1,0,0,115,14041,14,40,6,15.757575757575758,1.3823801723523963,110,352.5,11.0,80.0,52.5,0,0,0,0.0,,0,0.0,0.0,,,14,40,6,15.757575757575758,1.3823801723523963,110,352.5,11.0,80.0,52.5,120.28032191439355,115.0,1.045915842733857,209.4427747311445,196.0,1.0685855853629822,216.0,204.0,1.0588235294117647,354.96018802079624,167.0,2.12551010790896,314.8007954922108,167.0,1.8850347035461723
E:\N9_20251512_PKM2.lif,N9_20251512_PKM2,0,clemastine/5/R13,N9_20251512_PKM2_S1_clemastine_5_R13,33,13056,9016,6289,8849,1,0,6289,0,8849,11,41,4,14.153846153846152,1.169698314108252,87,172.5,7.0,45.0,40.0,7,27,5,12.9375,1.151057401812689,77,172.5,11.0,55.0,35.0,16,55,7,11.194444444444445,1.186348739970618,87,182.5,7.0,45.0,40.0,121.74667258207631,115.0,1.0586667181050111,709.3197646684688,196.0,3.618978391165657,184.5022182786158,204.0,0.9044226386206656,466.1330967169477,167.0,2.7912161480056747,436.9033530571992,167.0,2.61618774285748
E:\N9_20251512_PKM2.lif,N9_20251512_PKM2,2,clemastine/5/R11,N9_20251512_PKM2_S3_clemastine_5_R11,1,23480,11118,9813,8798,1,9813,0,19384,8798,27,74,9,11.571428571428571,1.7866522755891348,152,377.5,8.0,50.0,72.5,27,77,12,9.844827586206897,1.4556200957912973,97,292.5,7.0,40.0,45.0,10,24,2,25.058823529411764,2.115480791088884,151,337.5,8.0,60.0,72.5,286.83715479466014,111.0,2.584118511663605,241.6370750134916,195.0,1.239164487248675,329.921430172607,199.0,1.657896634033201,264.3387299874078,156.0,1.6944790383808193,291.43491577335374,156.0,1.8681725370086777
E:\N9_20251512_PKM2.lif,N9_20251512_PKM2,2,clemastine/5/R11,N9_20251512_PKM2_S3_clemastine_5_R11,2,44138,12109,0,12109,1,0,0,22195,12109,17,72,28,11.901960784313726,1.575109422743414,124,357.5,10.0,60.0,58.63636363636363,0,0,0,0.0,,0,0.0,0.0,,,17,72,28,11.901960784313726,1.575109422743414,124,357.5,10.0,60.0,58.63636363636363,164.66661161119828,111.0,1.483482987488273,198.9573044842679,195.0,1.0202938691500918,267.0316677275621,199.0,1.341867677022925,316.0953010157734,156.0,2.026251929588291,354.1501937984496,156.0,2.2701935499900614
E:\N9_20251512_PKM2.lif,N9_20251512_PKM2,2,clemastine/5/R11,N9_20251512_PKM2_S3_clemastine_5_R11,3,46216,12563,0,12563,1,0,0,10766,12563,22,124,25,11.041666666666666,2.2732627557112157,202,537.5,11.0,80.0,97.5,0,0,0,0.0,,0,0.0,0.0,,,22,124,25,11.041666666666666,2.2732627557112157,202,537.5,11.0,80.0,97.5,130.19772347369258,111.0,1.1729524637269602,214.4651755154024,195.0,1.0998214128994992,263.2020948860136,199.0,1.322623592392028,228.24078643636076,156.0,1.4630819643356456,217.8776150627615,156.0,1.3966513786074457
E:\N9_20251512_PKM2.lif,N9_20251512_PKM2,2,clemastine/5/R11,N9_20251512_PKM2_S3_clemastine_5_R11,4,30117,17515,0,17515,2,0,0,0,17515,30,141,51,10.802083333333334,1.6379674564658864,133,570.0,19.0,105.0,62.5,0,0,0,0.0,,0,0.0,0.0,,,30,141,51,10.802083333333334,1.6379674564658864,133,570.0,19.0,105.0,62.5,117.4262061090494,111.0,1.0578937487301747,266.4600628033115,195.0,1.3664618605298025,207.1844704538967,199.0,1.0411279922306365,274.1339994290608,156.0,1.757269227109364,260.98593510653114,156.0,1.6729867635034048
E:\N9_20251512_PKM2.lif,N9_20251512_PKM2,2,clemastine/5/R11,N9_20251512_PKM2_S3_clemastine_5_R11,5,89467,28827,28827,13451,1,28827,0,56902,13451,31,107,19,16.048780487804876,1.848614146459916,172,872.5,15.0,95.0,82.5,31,107,19,16.048780487804876,1.848614146459916,172,872.5,15.0,95.0,82.5,16,99,20,11.741935483870968,1.310460188833544,111,297.5,13.0,65.0,52.5,529.6239289554932,111.0,4.771386747346785,211.8871544038575,195.0,1.086600791814654,497.4507517048977,199.0,2.499752521130139,257.54844416692686,156.0,1.650951565172608,316.01965265082265,156.0,2.02576700417194
E:\N9_20251512_PKM2.lif,N9_20251512_PKM2,2,clemastine/5/R11,N9_20251512_PKM2_S3_clemastine_5_R11,6,48448,28598,28476,8518,1,0,28476,1865,8518,46,292,76,9.841530054644808,1.4256241695223442,164,597.5,15.0,95.0,80.0,47,295,77,9.762162162162165,1.43173198482933,163,617.5,10.0,90.0,77.5,19,51,10,12.023809523809524,1.7130781873679268,92,387.5,11.0,45.0,42.5,123.30883278550948,111.0,1.1108903854550405,486.7270332911926,195.0,2.496036068159962,231.27703984819732,199.0,1.1621961801416951,202.22949157283725,156.0,1.2963428946976747,218.7672391694437,156.0,1.402354097240024
E:\N9_20251512_PKM2.lif,N9_20251512_PKM2,2,clemastine/5/R11,N9_20251512_PKM2_S3_clemastine_5_R11,7,19814,16017,0,16017,2,0,0,230,16017,10,59,12,16.4,1.3367671848660798,159,342.5,6.0,55.0,77.5,0,0,0,0.0,,0,0.0,0.0,,,10,59,12,16.4,1.3367671848660798,159,342.5,6.0,55.0,77.5,141.06836486233377,111.0,1.2708861699309348,261.0503215333708,195.0,1.3387195976070296,254.7816091954023,199.0,1.2803095939467453,303.17787350939625,156.0,1.9434479071115145,302.4885339237704,156.0,1.9390290636139127
E:\N9_20251512_PKM2.lif,N9_20251512_PKM2,2,clemastine/5/R11,N9_20251512_PKM2_S3_clemastine_5_R11,8,27255,10186,0,10186,1,0,0,0,10186,5,21,0,23.3125,1.3728647162772434,116,287.5,8.0,50.0,55.0,0,0,0,0.0,,0,0.0,0.0,,,5,21,0,23.3125,1.3728647162772434,116,287.5,8.0,50.0,55.0,117.69919497349304,111.0,1.0603531078693067,224.20695071666995,195.0,1.1497792344444613,219.4464951894757,199.0,1.1027462069822902,346.3474376595327,156.0,2.220175882432902,350.9300499643112,156.0,2.249551602335328
E:\N9_20251512_PKM2.lif,N9_20251512_PKM2,2,clemastine/5/R11,N9_20251512_PKM2_S3_clemastine_5_R11,9,42294,20304,19723,6341,1,19723,0,24004,6341,19,93,24,16.203389830508474,2.043144208037825,181,702.5,10.0,75.0,87.5,24,131,27,13.216867469879515,2.1033311362368807,180,742.5,9.0,70.0,87.5,5,21,3,18.923076923076923,1.182778741523419,74,142.5,6.0,45.0,35.0,290.6290118136186,111.0,2.618279385708276,205.9831560283688,195.0,1.056323877068558,347.4652331750908,199.0,1.746056448116034,233.97379826635145,156.0,1.4998320401689196,318.5565388397247,156.0,2.0420290951264404
E:\N9_20251512_PKM2.lif,N9_20251512_PKM2,2,clemastine/5/R11,N9_20251512_PKM2_S3_clemastine_5_R11,11,27081,9155,0,9155,1,0,0,1501,9155,8,20,4,31.384615384615383,2.1556526488257783,133,332.5,7.0,60.0,62.5,0,0,0,0.0,,0,0.0,0.0,,,8,20,4,31.384615384615383,2.1556526488257783,133,332.5,7.0,60.0,62.5,118.34199890770071,111.0,1.06614413430361,232.0529765155653,195.0,1.190015264182386,270.61870503597123,199.0,1.3598929901305088,266.28629164391043,156.0,1.7069634079737848,265.4228187919463,156.0,1.7014283255893996
E:\N9_20251512_PKM2.lif,N9_20251512_PKM2,2,clemastine/5/R11,N9_20251512_PKM2_S3_clemastine_5_R11,12,52665,19732,0,19732,2,0,0,212,19732,21,78,31,12.836363636363636,1.7977903912426516,257,372.5,7.0,240.0,138.33333333333334,0,0,0,0.0,,0,0.0,0.0,,,21,78,31,12.836363636363636,1.7977903912426516,257,372.5,7.0,240.0,138.33333333333334,119.9954895601054,111.0,1.081040446487436,230.4892053517129,195.0,1.1819959248805791,255.10377358490567,199.0,1.281928510476913,456.0034461787959,156.0,2.92309901396664,469.92752520448926,156.0,3.012355930798008
E:\N9_20251512_PKM2.lif,N9_20251512_PKM2,2,clemastine/5/R11,N9_20251512_PKM2_S3_clemastine_5_R11,13,24264,8660,0,8660,1,0,0,14,8660,6,12,3,30.33333333333333,1.2899538106235566,124,242.5,5.0,40.0,60.0,0,0,0,0.0,,0,0.0,0.0,,,6,12,3,30.33333333333333,1.2899538106235566,124,242.5,5.0,40.0,60.0,119.01408775981524,111.0,1.0721989888271644,242.00635103926095,195.0,1.2410582104577486,235.0,199.0,1.1809045226130652,321.0743648960739,156.0,2.058169005744064,343.63905967450273,156.0,2.2028144850929663
E:\N9_20251512_PKM2.lif,N9_20251512_PKM2,2,clemastine/5/R11,N9_20251512_PKM2_S3_clemastine_5_R11,14,27139,5140,0,5140,1,0,0,0,5140,7,9,1,29.0,2.041828793774319,88,212.5,5.0,35.0,40.0,0,0,0,0.0,,0,0.0,0.0,,,7,9,1,29.0,2.041828793774319,88,212.5,5.0,35.0,40.0,114.9793774319066,111.0,1.035850247134294,224.00758754863813,195.0,1.1487568592237851,214.96906614785996,199.0,1.080246563557085,209.6863813229572,156.0,1.3441434700189565,205.74206815511164,156.0,1.3188594112507157
E:\N9_20251512_PKM2.lif,N9_20251512_PKM2,2,clemastine/5/R11,N9_20251512_PKM2_S3_clemastine_5_R11,15,12831,4709,0,4709,1,0,0,0,4709,9,25,6,15.8125,1.3937141643661075,87,185.0,8.0,25.0,40.0,0,0,0,0.0,,0,0.0,0.0,,,9,25,6,15.8125,1.3937141643661075,87,185.0,8.0,25.0,40.0,114.72244637927372,111.0,1.03353555296643,230.94457421957952,195.0,1.1843311498439977,213.75748566574643,199.0,1.0741582194258614,217.79655977914632,156.0,1.3961317934560662,218.95788253477588,156.0,1.4035761700947171
E:\N9_20251512_PKM2.lif,N9_20251512_PKM2,2,clemastine/5/R11,N9_20251512_PKM2_S3_clemastine_5_R11,16,23740,10896,3875,10823,1,0,3875,0,10823,17,37,4,16.4375,1.6040748898678414,105,417.5,14.0,80.0,50.0,8,26,4,12.052631578947368,1.6756129032258065,86,157.5,5.0,30.0,40.0,17,41,6,16.3125,1.6148942067818537,105,407.5,14.0,80.0,50.0,135.11426211453744,111.0,1.2172456046354725,391.4149677419354,195.0,2.0072562448304385,224.47779001468427,199.0,1.1280290955511774,254.34553964757708,156.0,1.630420125946007,256.4257343814646,156.0,1.643754707573491
E:\N9_20251512_PKM2.lif,N9_20251512_PKM2,2,clemastine/5/R11,N9_20251512_PKM2_S3_clemastine_5_R11,18,55246,10564,4163,9583,1,0,4163,0,9583,40,130,32,8.210526315789474,1.8440931465354036,107,497.5,12.0,65.0,50.0,12,28,8,11.090909090909092,1.7662743214028345,84,197.5,7.0,35.0,40.0,39,133,39,7.78125,2.032870708546384,108,537.5,15.0,70.0,50.0,114.49914804998107,111.0,1.0315238563061355,434.4972375690608,195.0,2.2281909618926194,215.77480121166224,199.0,1.0842954834756895,234.60005679666796,156.0,1.5038465179273586,231.07351998290235,156.0,1.4812405127109125
E:\N9_20251512_PKM2.lif,N9_20251512_PKM2,2,clemastine/5/R11,N9_20251512_PKM2_S3_clemastine_5_R11,19,25008,11899,212,11888,1,0,212,0,11888,8,22,4,14.875,1.185897974619716,123,227.5,6.0,50.0,57.5,0,16,3,3.125,1.1273584905660377,21,52.5,10.0,10.0,7.5,8,20,4,15.0,1.1869952893674294,123,227.5,6.0,50.0,57.5,117.79309185645852,111.0,1.0611990257338606,371.77830188679246,195.0,1.9065553942912437,212.73064963442303,199.0,1.06899823936896,460.7663669215901,156.0,2.95363055718968,538.5565326633166,156.0,3.452285465790491
E:\N9_20251512_PKM2.lif,N9_20251512_PKM2,2,clemastine/5/R11,N9_20251512_PKM2_S3_clemastine_5_R11,20,19898,4748,0,4748,1,0,0,0,4748,10,10,2,13.846153846153848,1.808340353833193,85,247.5,8.0,45.0,40.0,0,0,0,0.0,,0,0.0,0.0,,,10,10,2,13.846153846153848,1.808340353833193,85,247.5,8.0,45.0,40.0,112.37447346251054,111.0,1.0123826438064012,214.6817607413648,195.0,1.1009321063659734,207.51790227464195,199.0,1.042803529018301,211.52927548441448,156.0,1.3559568941308622,204.57671164417792,156.0,1.311389177206269
E:\N9_20251512_PKM2.lif,N9_20251512_PKM2,2,clemastine/5/R11,N9_20251512_PKM2_S3_clemastine_5_R11,21,37388,16995,162,16995,1,0,162,0,16995,16,82,20,15.442307692307692,1.495263312739041,137,452.5,11.0,65.0,65.0,1,5,0,6.0,1.2160493827160497,21,17.5,3.0,10.0,7.5,16,82,20,15.442307692307692,1.495263312739041,137,452.5,11.0,65.0,65.0,116.14086496028244,111.0,1.0463140987412831,375.5185185185185,195.0,1.9257359924026591,204.8540158870256,199.0,1.029417165261435,344.7755222124154,156.0,2.210099501361637,334.67881084232005,156.0,2.1453769925789747
E:\N9_20251512_PKM2.lif,N9_20251512_PKM2,2,clemastine/5/R11,N9_20251512_PKM2_S3_clemastine_5_R11,22,28474,14878,2629,14668,1,0,2629,114,14668,21,79,20,13.462962962962964,1.4161177577631403,117,427.5,9.0,100.0,55.0,6,24,5,10.666666666666666,1.818181818181818,71,147.5,5.0,35.0,32.5,24,103,24,11.953846153846154,1.43639214616853,117,432.5,9.0,100.0,55.0,116.93755881166824,111.0,1.05349152082584,372.3229364777482,195.0,1.9093483921935803,296.7826086956522,199.0,1.4913698929429755,287.8892324237129,156.0,1.845443797587903,296.95512517713746,156.0,1.90355849472524
E:\N9_20251512_PKM2.lif,N9_20251512_PKM2,2,clemastine/5/R11,N9_20251512_PKM2_S3_clemastine_5_R11,23,48188,15008,2806,13814,2,0,2806,185,13814,16,52,9,18.46153846153846,2.031316631130064,165,537.5,7.0,70.0,80.0,6,18,8,12.285714285714286,2.44119743406985,136,145.0,5.0,70.0,80.55555555555556,17,40,8,21.61290322580645,2.206891559287679,168,617.5,14.0,50.0,82.5,114.7172841151386,111.0,1.0334890460823296,405.8670705630791,195.0,2.081369592631175,303.47169811320754,199.0,1.524983407604058,265.0286513859275,156.0,1.6989016114482531,252.2414236155724,156.0,1.6169322026639257
E:\N9_20251512_PKM2.lif,N9_20251512_PKM2,2,clemastine/5/R11,N9_20251512_PKM2_S3_clemastine_5_R11,24,32551,13502,12717,11658,1,12717,0,14846,11658,9,43,8,14.89655172413793,1.2038216560509554,114,287.5,10.0,80.0,55.0,12,74,9,14.166666666666666,1.254541165369191,114,297.5,7.0,50.0,55.0,10,36,7,14.03448275862069,1.1835649339509349,95,252.5,9.0,70.0,45.0,440.22631123692696,111.0,3.966002803936279,194.84365279217891,195.0,0.9991982194470715,384.2232687477575,199.0,1.930770194712349,497.5225151829359,156.0,3.189246892198307,508.7719370860927,156.0,3.261358571064697
E:\N9_20251512_PKM2.lif,N9_20251512_PKM2,2,clemastine/5/R11,N9_20251512_PKM2_S3_clemastine_5_R11,25,26609,10118,0,10118,1,0,0,0,10118,19,43,5,15.735294117647058,1.916287803913817,119,437.5,11.0,70.0,57.5,0,0,0,0.0,,0,0.0,0.0,,,19,43,5,15.735294117647058,1.916287803913817,119,437.5,11.0,70.0,57.5,111.47845423996836,111.0,1.0043103985582735,207.135599920933,195.0,1.0622338457483744,191.99130262897805,199.0,0.9647804152209952,223.01937141727612,156.0,1.4296113552389496,210.51704303366,156.0,1.3494682245747436
E:\N9_20251512_PKM2.lif,N9_20251512_PKM2,2,clemastine/5/R11,N9_20251512_PKM2_S3_clemastine_5_R11,26,16631,11872,0,11872,1,0,0,0,11872,8,20,3,21.5625,1.123989218328841,118,267.5,7.0,40.0,57.5,0,0,0,0.0,,0,0.0,0.0,,,8,20,3,21.5625,1.123989218328841,118,267.5,7.0,40.0,57.5,116.00800202156334,111.0,1.0451171353293995,200.3350741239892,195.0,1.027359354481996,176.32597708894878,199.0,0.886060186376627,423.03125,156.0,2.711738782051282,342.29658385093165,156.0,2.1942088708393053
E:\N9_20251512_PKM2.lif,N9_20251512_PKM2,4,clemastine/5/R7,N9_20251512_PKM2_S5_clemastine_5_R7,1,13134,10498,771,10498,0,0,771,0,10498,13,84,24,9.56,1.1955610592493808,91,217.5,10.0,55.0,42.5,3,14,8,5.5,1.2114137483787288,34,47.5,5.0,20.0,15.0,13,84,24,9.56,1.1955610592493808,91,217.5,10.0,55.0,42.5,112.0903981710802,111.0,1.0098234069466685,345.56420233463035,198.0,1.7452737491647998,180.8786435511526,195.0,0.9275827874418082,285.54334158887406,161.0,1.7735611278812051,,161.0,
E:\N9_20251512_PKM2.lif,N9_20251512_PKM2,4,clemastine/5/R7,N9_20251512_PKM2_S5_clemastine_5_R7,2,13941,9669,4434,7987,1,0,4434,2745,7987,7,33,3,17.571428571428573,1.2368393835970628,97,207.5,7.0,50.0,45.0,4,22,3,12.76923076923077,1.0588633288227334,61,97.5,4.0,35.0,27.5,9,31,5,16.347826086956523,1.411418555152122,93,267.5,12.0,50.0,42.5,151.6375012927914,111.0,1.366103615250373,577.8159675236807,198.0,2.9182624622408118,251.8621778011573,195.0,1.2916009118008065,294.39114696452583,161.0,1.8285164407734524,297.117900790798,161.0,1.8454527999428447
E:\N9_20251512_PKM2.lif,N9_20251512_PKM2,4,clemastine/5/R7,N9_20251512_PKM2_S5_clemastine_5_R7,3,24067,7470,0,7470,1,0,0,0,7470,28,76,24,9.392857142857142,1.9508701472556893,100,412.5,15.0,60.0,47.5,0,0,0,0.0,,0,0.0,0.0,,,28,76,24,9.392857142857142,1.9508701472556893,100,412.5,15.0,60.0,47.5,114.3487282463186,111.0,1.030168722939807,209.3688085676037,198.0,1.0574182250889077,200.3657295850067,195.0,1.0275165619743931,224.729718875502,161.0,1.3958367632018758,220.94881804380827,161.0,1.3723529071043992
E:\N9_20251512_PKM2.lif,N9_20251512_PKM2,4,clemastine/5/R7,N9_20251512_PKM2_S5_clemastine_5_R7,4,74383,27547,27493,14807,1,27463,2175,23270,14807,47,176,72,10.877862595419847,1.7267216030783752,187,1002.5,21.0,75.0,90.0,49,195,72,10.709219858156027,1.7301131197031971,187,922.5,15.0,95.0,90.0,13,126,35,11.0,1.6074154116296346,139,447.5,10.0,80.0,67.5,356.15602811054873,111.0,3.2086128658607995,417.5250574712644,198.0,2.108712411471032,307.78840479083493,195.0,1.5784020758504356,273.4421897121284,161.0,1.698398693864151,331.37131116921927,161.0,2.0582069016721696
E:\N9_20251512_PKM2.lif,N9_20251512_PKM2,4,clemastine/5/R7,N9_20251512_PKM2_S5_clemastine_5_R7,5,56304,21174,21156,10787,1,0,21156,0,10787,29,136,26,11.945054945054943,1.7136582601303485,171,497.5,12.0,70.0,82.5,29,144,34,11.427184466019416,1.7151162790697674,171,497.5,12.0,70.0,82.5,12,34,6,15.538461538461538,1.2617966070269768,125,227.5,5.0,45.0,60.0,116.16482478511382,111.0,1.0465299530190435,846.6905369635092,198.0,4.276214833149036,207.2939454047417,195.0,1.06304587387047,340.93015018418816,161.0,2.1175785725725973,437.3534868841971,161.0,2.716481284995013
E:\N9_20251512_PKM2.lif,N9_20251512_PKM2,4,clemastine/5/R7,N9_20251512_PKM2_S5_clemastine_5_R7,6,25367,11616,6403,11543,1,0,6403,4385,11543,16,58,17,12.674418604651162,1.5485537190082646,123,357.5,13.0,65.0,57.5,6,10,2,22.444444444444443,1.4016867093549898,81,210.0,10.0,60.0,37.5,17,57,22,11.893617021276595,1.5583470501602703,123,362.5,13.0,65.0,57.5,119.17355371900828,111.0,1.0736356190901646,487.0138997344994,198.0,2.45966616027525,284.513698630137,195.0,1.459044608359677,379.6069214876033,161.0,2.3578069657615117,351.8607343698313,161.0,2.185470399812617
E:\N9_20251512_PKM2.lif,N9_20251512_PKM2,4,clemastine/5/R7,N9_20251512_PKM2_S5_clemastine_5_R7,8,36381,24398,18912,21645,1,3662,17950,7773,21645,35,103,27,13.86842105263158,1.648085908681039,157,602.5,10.0,110.0,75.0,37,123,25,11.54945054945055,1.9426290186125208,147,572.5,14.0,70.0,70.0,21,75,30,15.210526315789474,1.7133287133287134,157,557.5,11.0,80.0,75.0,245.36510103768435,111.0,2.210496405744904,715.0425069637884,198.0,3.6113257927464057,334.30360139408805,195.0,1.7143774430466054,434.9212230510698,161.0,2.701374056217825,349.28016591251884,161.0,2.1694420243013592
E:\N9_20251512_PKM2.lif,N9_20251512_PKM2,4,clemastine/5/R7,N9_20251512_PKM2_S5_clemastine_5_R7,9,42039,34150,0,34150,2,0,0,12807,34150,22,69,21,16.913793103448278,1.2169253294289897,142,477.5,15.0,110.0,67.5,0,0,0,0.0,,0,0.0,0.0,,,22,69,21,16.913793103448278,1.2169253294289897,142,477.5,15.0,110.0,67.5,117.1903074670571,111.0,1.0557685357392532,242.8910980966325,198.0,1.2267227176597602,296.63020223315374,195.0,1.521180524272583,565.3869106881406,161.0,3.511719942162364,675.5492497400089,161.0,4.19595807291931
E:\N9_20251512_PKM2.lif,N9_20251512_PKM2,4,clemastine/5/R7,N9_20251512_PKM2_S5_clemastine_5_R7,11,28550,7044,0,7044,1,0,0,3009,7044,8,20,5,18.2,1.1883872799545712,78,167.5,6.0,55.0,37.5,0,0,0,0.0,,0,0.0,0.0,,,8,20,5,18.2,1.1883872799545712,78,167.5,6.0,55.0,37.5,139.20102214650765,111.0,1.25406326258115,251.3094832481545,198.0,1.2692398143846184,290.2733148661126,195.0,1.4885811018775006,269.9557069846678,161.0,1.6767435216438995,262.32752992383024,161.0,1.6293635398995667
E:\N9_20251512_PKM2.lif,N9_20251512_PKM2,4,clemastine/5/R7,N9_20251512_PKM2_S5_clemastine_5_R7,13,30064,16493,0,16493,1,0,0,0,16493,19,81,18,13.444444444444445,1.4905111259322137,119,402.5,13.0,70.0,57.5,0,0,0,0.0,,0,0.0,0.0,,,19,81,18,13.444444444444445,1.4905111259322137,119,402.5,13.0,70.0,57.5,118.09482810889467,111.0,1.0639173703504026,221.38864973018855,198.0,1.118124493586811,214.4320014551628,195.0,1.0996512895136554,278.4769296064997,161.0,1.7296703702267062,278.6657465495609,161.0,1.7308431462705645
E:\N9_20251512_PKM2.lif,N9_20251512_PKM2,4,clemastine/5/R7,N9_20251512_PKM2_S5_clemastine_5_R7,14,25877,19084,18966,9222,1,18966,0,6080,9222,22,100,24,13.915492957746478,1.3204254873192205,145,427.5,9.0,80.0,70.0,22,100,25,13.71830985915493,1.3217336285985448,145,432.5,9.0,80.0,70.0,12,35,12,19.0,1.973649967469096,235,387.5,5.0,85.0,115.0,448.6312348412949,111.0,4.041722836408063,224.4431984908824,198.0,1.1335515075297091,309.4932788837842,195.0,1.5871450199168422,218.22835883462585,161.0,1.3554556449355644,251.3651071272409,161.0,1.561273957312055
E:\N9_20251512_PKM2.lif,N9_20251512_PKM2,4,clemastine/5/R7,N9_20251512_PKM2_S5_clemastine_5_R7,15,50443,15190,0,15190,1,0,0,35608,15190,29,89,21,11.92537313432836,1.8884134298880844,147,537.5,9.0,55.0,70.0,0,0,0,0.0,,0,0.0,0.0,,,29,89,21,11.92537313432836,1.8884134298880844,147,537.5,9.0,55.0,70.0,154.48288347597102,111.0,1.391737688972712,226.00375246872943,198.0,1.1414330932764112,320.8673542245141,195.0,1.6454736114077646,337.9648452929559,161.0,2.0991605297699123,419.5951237532324,161.0,2.60618089287722
E:\N9_20251512_PKM2.lif,N9_20251512_PKM2,4,clemastine/5/R7,N9_20251512_PKM2_S5_clemastine_5_R7,16,93216,67387,63279,40677,3,62610,8832,39486,40677,49,257,54,17.644171779141104,1.3609153100746434,233,1227.5,17.0,185.0,115.0,50,285,59,15.810055865921788,1.4024873970827605,238,1212.5,14.0,120.0,117.5,40,140,39,15.66,1.5061828551761438,234,777.5,9.0,155.0,115.0,570.4969174253314,111.0,5.139611868696679,745.6486639492754,198.0,3.7659023431781584,283.01177060593545,195.0,1.4513424133637716,378.1610251235401,161.0,2.348826243003354,566.4793746241731,161.0,3.5185054324482805
E:\N9_20251512_PKM2.lif,N9_20251512_PKM2,4,clemastine/5/R7,N9_20251512_PKM2_S5_clemastine_5_R7,17,18500,7369,0,7369,1,0,0,0,7369,6,21,5,19.933333333333334,1.4570498032297463,108,287.5,9.0,55.0,50.0,0,0,0,0.0,,0,0.0,0.0,,,6,21,5,19.933333333333334,1.4570498032297463,108,287.5,9.0,55.0,50.0,120.30207626543628,111.0,1.0838024888778044,224.97679468041795,198.0,1.1362464377798889,206.60564527072876,195.0,1.0595161295934807,302.36694259736737,161.0,1.878055544083027,292.2789065386036,161.0,1.8153969350223824
E:\N9_20251512_PKM2.lif,N9_20251512_PKM2,4,clemastine/5/R7,N9_20251512_PKM2_S5_clemastine_5_R7,18,27886,15727,708,15019,1,708,0,3879,15019,26,88,26,13.62121212121212,1.6528263495898772,131,447.5,11.0,85.0,62.5,7,9,6,9.22222222222222,1.7980225988700564,61,82.5,4.0,25.0,27.5,19,79,20,14.31578947368421,1.4546241427525135,122,377.5,9.0,85.0,57.5,234.9265536723164,111.0,2.1164554384893366,209.8432631779742,198.0,1.0598144604948192,287.3764988009592,195.0,1.4737256348767138,254.6830291854772,161.0,1.5818821688538958,250.25629534784463,161.0,1.5543869276263642
E:\N9_20251512_PKM2.lif,N9_20251512_PKM2,4,clemastine/5/R7,N9_20251512_PKM2_S5_clemastine_5_R7,19,13531,2879,0,2879,0,0,0,0,2879,4,14,3,19.0,2.428273706147968,91,190.0,4.0,50.0,42.5,0,0,0,0.0,,0,0.0,0.0,,,4,14,3,19.0,2.428273706147968,91,190.0,4.0,50.0,42.5,113.3369225425495,111.0,1.0210533562391848,269.39666550885727,198.0,1.360589219741703,192.81972907259464,195.0,0.9888191234492032,186.10732893365756,161.0,1.155946142445078,,161.0,
E:\N9_20251512_PKM2.lif,N9_20251512_PKM2,4,clemastine/5/R7,N9_20251512_PKM2_S5_clemastine_5_R7,20,16524,4591,0,4591,1,0,0,0,4591,9,15,2,18.75,1.8734480505336528,88,190.0,8.0,45.0,42.5,0,0,0,0.0,,0,0.0,0.0,,,9,15,2,18.75,1.8734480505336528,88,190.0,8.0,45.0,42.5,111.22957961228492,111.0,1.0020682847953597,206.47026791548683,198.0,1.042779130886297,195.5345240688303,195.0,1.0027411490709246,206.26377695491175,161.0,1.2811414717696383,197.8846069629954,161.0,1.2290969376583565
E:\N9_20251512_PKM2.lif,N9_20251512_PKM2,4,clemastine/5/R7,N9_20251512_PKM2_S5_clemastine_5_R7,21,60998,44119,44119,6937,1,44119,0,9486,6937,40,214,48,14.656934306569344,1.5905392234638138,214,1072.5,14.0,130.0,105.0,40,214,48,14.656934306569344,1.5905392234638138,214,1072.5,14.0,130.0,105.0,8,22,2,11.066666666666666,1.0683292489548797,69,152.5,9.0,45.0,32.5,500.18769691062806,111.0,4.506195467663316,181.9359912962669,198.0,0.9188686429104388,283.5003594536305,195.0,1.453847997198105,190.21820530837056,161.0,1.1814795360768358,315.2524078379276,161.0,1.9580894896765688
E:\N9_20251512_PKM2.lif,N9_20251512_PKM2,6,clemastine/5/R3,N9_20251512_PKM2_S7_clemastine_5_R3,1,14491,7504,0,7504,1,0,0,0,7504,9,51,10,12.40625,1.470682302771855,86,277.5,9.0,50.0,40.0,0,0,0,0.0,,0,0.0,0.0,,,9,51,10,12.40625,1.470682302771855,86,277.5,9.0,50.0,40.0,112.9818763326226,110.0,1.0271079666602054,213.0263859275053,199.0,1.070484351394499,190.89299040511727,194.0,0.9839844866243158,229.01399253731344,163.0,1.4049938192473217,226.25834896810505,163.0,1.388088030479172
E:\N9_20251512_PKM2.lif,N9_20251512_PKM2,6,clemastine/5/R3,N9_20251512_PKM2_S7_clemastine_5_R3,2,12214,7563,0,7563,1,0,0,1039,7563,10,35,6,14.48148148148148,1.4101547005156685,89,222.5,10.0,50.0,42.5,0,0,0,0.0,,0,0.0,0.0,,,10,35,6,14.48148148148148,1.4101547005156685,89,222.5,10.0,50.0,42.5,120.50548724051302,110.0,1.0955044294592091,220.69892899643,199.0,1.109039844203166,279.5914285714286,194.0,1.4411929307805598,266.62065317995507,163.0,1.6357095287113808,272.5929476206779,163.0,1.6723493719059992
E:\N9_20251512_PKM2.lif,N9_20251512_PKM2,6,clemastine/5/R3,N9_20251512_PKM2_S7_clemastine_5_R3,3,40220,23828,21754,13020,2,0,21754,0,13020,27,98,20,15.430555555555555,1.6097868054389797,170,602.5,14.0,95.0,82.5,33,126,35,12.391304347826088,1.6177254757745705,170,582.5,14.0,95.0,82.5,37,133,32,9.23157894736842,1.7120583717357911,131,432.5,7.0,65.0,62.5,114.17743830787308,110.0,1.0379767118897554,752.627930495541,199.0,3.782049901987644,202.98594090985395,194.0,1.0463192830404844,253.3250797381232,163.0,1.5541415934854184,289.2097099113618,163.0,1.7742926988427106
E:\N9_20251512_PKM2.lif,N9_20251512_PKM2,6,clemastine/5/R3,N9_20251512_PKM2_S7_clemastine_5_R3,4,15417,9435,9374,3302,0,0,9374,0,3302,16,68,21,10.767441860465116,1.230736618971913,110,247.5,10.0,45.0,52.5,15,67,19,10.372093023255816,1.188180072541071,109,227.5,10.0,60.0,52.5,11,19,5,10.444444444444445,1.599030890369473,110,137.5,6.0,40.0,55.27777777777778,113.3709591944886,110.0,1.03064508358626,914.2870706208662,199.0,4.594407390054604,198.28797032326443,194.0,1.0221029398106414,203.47270800211976,163.0,1.2482988220988942,,163.0,
E:\N9_20251512_PKM2.lif,N9_20251512_PKM2,6,clemastine/5/R3,N9_20251512_PKM2_S7_clemastine_5_R3,5,38279,31217,23470,24616,1,23470,0,25956,24616,22,120,28,14.683544303797468,1.6068808661947016,239,602.5,8.0,80.0,117.5,28,130,39,13.09375,1.973881550916063,223,742.5,11.0,95.0,107.5,22,82,25,15.052631578947368,1.9321579460513487,251,682.5,9.0,70.0,122.5,293.6260332339156,110.0,2.6693275748537784,238.5315373033924,199.0,1.1986509412230772,301.08101747080656,194.0,1.5519640075814771,317.7915238491847,163.0,1.9496412506084952,390.8424463345484,163.0,2.3978064192303585
E:\N9_20251512_PKM2.lif,N9_20251512_PKM2,6,clemastine/5/R3,N9_20251512_PKM2_S7_clemastine_5_R3,6,17980,7996,0,7996,1,0,0,0,7996,6,14,3,23.33333333333333,1.23224112056028,80,267.5,10.0,65.0,37.5,0,0,0,0.0,,0,0.0,0.0,,,6,14,3,23.33333333333333,1.23224112056028,80,267.5,10.0,65.0,37.5,116.0287643821911,110.0,1.05480694892901,266.86493246623314,199.0,1.3410298113881065,208.9389694847424,194.0,1.0770049973440328,270.57141070535266,163.0,1.6599473049408138,246.49356368563684,163.0,1.5122304520591217
E:\N9_20251512_PKM2.lif,N9_20251512_PKM2,6,clemastine/5/R3,N9_20251512_PKM2_S7_clemastine_5_R3,7,97034,56216,55869,10351,1,55869,0,82708,10351,37,180,32,20.344827586206897,1.8641312081969543,252,1482.5,18.0,125.0,122.5,37,180,31,20.30172413793104,1.8667418425244768,251,1437.5,15.0,155.0,122.5,9,42,5,18.814814814814813,2.170514926094097,184,387.5,9.0,80.0,90.0,371.4233116755267,110.0,3.3765755606866064,201.227017219297,199.0,1.011191041303,371.70710949862985,194.0,1.9160160283434529,195.36331293581895,163.0,1.1985479321215888,281.7620452310718,163.0,1.728601504485103
E:\N9_20251512_PKM2.lif,N9_20251512_PKM2,6,clemastine/5/R3,N9_20251512_PKM2_S7_clemastine_5_R3,8,47584,26555,22278,16378,2,0,22278,1575,16378,36,127,39,13.613861386138614,1.5881378271511957,149,657.5,13.0,80.0,72.5,31,124,39,12.055555555555555,1.6585869467636234,156,552.5,13.0,80.0,75.0,21,67,10,17.425531914893618,1.80559286848211,141,517.5,15.0,80.0,67.5,115.32110713613255,110.0,1.048373701237569,986.129410180447,199.0,4.955424171761041,267.26984126984127,194.0,1.3776795941744395,281.12645452833743,163.0,1.724702175020475,349.70964833183046,163.0,2.145457965225954
E:\N9_20251512_PKM2.lif,N9_20251512_PKM2,6,clemastine/5/R3,N9_20251512_PKM2_S7_clemastine_5_R3,9,3348,3344,3317,3244,0,0,3317,1947,3244,2,0,0,34.0,1.0218301435406698,48,92.5,9.0,35.0,20.0,1,9,2,10.6,1.0226107928851371,47,127.5,11.0,35.0,20.0,5,7,0,12.571428571428571,1.0465474722564736,48,137.5,13.0,35.0,20.0,159.07535885167465,110.0,1.446139625924315,673.430509496533,199.0,3.384072912042879,266.88317035512097,194.0,1.3756864451294897,305.126495215311,163.0,1.8719416884374909,,163.0,
E:\N9_20251512_PKM2.lif,N9_20251512_PKM2,6,clemastine/5/R3,N9_20251512_PKM2_S7_clemastine_5_R3,10,146250,56617,53038,12804,1,53038,0,138887,12804,70,374,72,13.720164609053498,2.143349170743769,271,2122.5,25.0,135.0,132.5,70,374,73,12.888429752066116,2.083506165390852,262,2092.5,26.0,185.0,127.5,14,26,1,27.681818181818183,4.425179631365198,433,572.5,5.0,35.0,223.78571428571428,306.8851766657868,110.0,2.789865242416244,222.14043485172297,199.0,1.1162835922197134,453.3513913451474,194.0,2.336862841985296,203.06019393468392,163.0,1.2457680609489812,263.619540601747,163.0,1.6172977951027423
E:\N9_20251512_PKM2.lif,N9_20251512_PKM2,6,clemastine/5/R3,N9_20251512_PKM2_S7_clemastine_5_R3,11,5783,4239,0,4239,1,0,0,0,4239,4,16,4,18.90909090909091,1.3069120075489502,68,162.5,5.0,25.0,30.0,0,0,0,0.0,,0,0.0,0.0,,,4,16,4,18.90909090909091,1.3069120075489502,68,162.5,5.0,25.0,30.0,117.99622552488796,110.0,1.0726929593171632,251.8742627978297,199.0,1.2656998130544206,224.71101674923327,194.0,1.1583042100475944,257.6728001887238,163.0,1.580814725084195,252.1875,163.0,1.5471625766871169
E:\N9_20251512_PKM2.lif,N9_20251512_PKM2,6,clemastine/5/R3,N9_20251512_PKM2_S7_clemastine_5_R3,12,15474,7702,0,7702,1,0,0,0,7702,13,37,6,14.961538461538462,1.6839781874837705,98,292.5,6.0,50.0,47.5,0,0,0,0.0,,0,0.0,0.0,,,13,37,6,14.961538461538462,1.6839781874837705,98,292.5,6.0,50.0,47.5,119.30511555440144,110.0,1.0845919595854678,240.43053752272135,199.0,1.2081936558930724,219.4541677486367,194.0,1.1312070502507048,242.3283562710984,163.0,1.4866770323380272,225.2417675204053,163.0,1.381851334481014
E:\N9_20251512_PKM2.lif,N9_20251512_PKM2,6,clemastine/5/R3,N9_20251512_PKM2_S7_clemastine_5_R3,13,9417,4566,4566,3406,0,4566,0,4,3406,4,20,2,16.076923076923077,1.1857205431449849,71,112.5,3.0,40.0,32.5,4,20,2,16.076923076923077,1.1857205431449849,71,112.5,3.0,40.0,32.5,7,15,3,12.846153846153848,1.2378156194950087,69,132.5,6.0,35.0,32.5,340.607752956636,110.0,3.0964341177876,207.7402540516864,199.0,1.0439208746315898,234.5,194.0,1.208762886597938,318.58935611038106,163.0,1.9545359270575524,,163.0,
E:\N9_20251512_PKM2.lif,N9_20251512_PKM2,6,clemastine/5/R3,N9_20251512_PKM2_S7_clemastine_5_R3,14,46252,11594,5990,10274,2,5456,624,18652,10274,23,76,15,11.450980392156865,2.75426944971537,160,537.5,7.0,70.0,77.5,20,83,17,7.963636363636364,2.347245409015025,158,367.5,5.0,20.0,75.0,17,23,3,22.0,3.078547790539225,161,502.5,8.0,80.0,77.5,231.52437683284455,110.0,2.104767062116769,341.75320512820514,199.0,1.7173527895889706,281.4011045909561,194.0,1.450521157685341,204.99680869415212,163.0,1.257649133092958,204.6632561479088,163.0,1.2556027984534284
E:\N9_20251512_PKM2.lif,N9_20251512_PKM2,6,clemastine/5/R3,N9_20251512_PKM2_S7_clemastine_5_R3,15,57775,31985,28483,13853,1,0,28483,13463,13853,34,173,39,13.905982905982906,2.0393622010317336,282,712.5,9.0,110.0,137.5,24,180,32,12.863636363636363,1.9626092757083171,277,632.5,9.0,95.0,135.0,43,96,21,12.386666666666668,4.399480256984047,329,825.0,11.0,60.0,102.83783783783784,122.42707519149602,110.0,1.112973410831782,465.2426008496296,199.0,2.337902516832309,272.4056530214425,194.0,1.4041528506259924,226.8196967328435,163.0,1.391531881796586,224.55762628739575,163.0,1.377654149002428
E:\N9_20251512_PKM2.lif,N9_20251512_PKM2,6,clemastine/5/R3,N9_20251512_PKM2_S7_clemastine_5_R3,16,6257,4999,0,4999,1,0,0,0,4999,4,14,2,21.363636363636363,1.244648929785957,59,185.0,19.0,45.0,27.5,0,0,0,0.0,,0,0.0,0.0,,,4,14,2,21.363636363636363,1.244648929785957,59,185.0,19.0,45.0,27.5,116.26585317063412,110.0,1.0569623015512193,244.6495299059812,199.0,1.2293946226431216,220.21804360872176,194.0,1.1351445546841328,255.3508701740348,163.0,1.566569755668925,251.3093346573982,163.0,1.541775059247842
E:\N9_20251512_PKM2.lif,N9_20251512_PKM2,6,clemastine/5/R3,N9_20251512_PKM2_S7_clemastine_5_R3,17,28695,22138,19028,17576,1,0,19028,0,17576,26,96,28,13.442857142857145,1.2474478272653355,126,462.5,11.0,75.0,60.0,26,148,29,10.47872340425532,1.3042884170695817,135,377.5,10.0,75.0,65.0,25,73,26,14.089285714285714,1.4707555757851616,128,457.5,10.0,75.0,62.5,116.15105248893306,110.0,1.0559186589903005,514.4454488122766,199.0,2.585153009106917,227.00505917427049,194.0,1.1701291710013944,310.1124311139218,163.0,1.902530252232649,362.245283018868,163.0,2.222363699502257
E:\N9_20251512_PKM2.lif,N9_20251512_PKM2,6,clemastine/5/R3,N9_20251512_PKM2_S7_clemastine_5_R3,18,47891,36231,20185,35404,1,15971,5206,41354,35404,18,50,17,21.526315789473685,1.159669895945461,167,542.5,17.0,125.0,80.0,11,101,22,13.56896551724138,1.3275204359673023,131,392.5,11.0,120.0,62.5,15,46,17,20.194444444444443,1.1525533837984407,167,432.5,11.0,120.0,80.0,541.1113267797883,110.0,4.919193879816257,461.96753745678063,199.0,2.321444911843119,459.7777401790384,194.0,2.369988351438342,834.0298639286799,163.0,5.1167476314642935,1734.2653243847874,163.0,10.639664566777835
E:\N9_20251512_PKM2.lif,N9_20251512_PKM2,6,clemastine/5/R3,N9_20251512_PKM2_S7_clemastine_5_R3,19,31650,9927,0,9927,1,0,0,28104,9927,13,89,20,8.4,1.68187770726302,114,382.5,13.0,95.0,55.0,0,0,0,0.0,,0,0.0,0.0,,,13,89,20,8.4,1.68187770726302,114,382.5,13.0,95.0,55.0,164.11816258688427,110.0,1.4919832962444024,234.3623451193714,199.0,1.1777002267305097,359.7136027319294,194.0,1.8541938285151,351.72861891810214,163.0,2.157844287841117,371.8105654147751,163.0,2.281046413587577
E:\N9_20251512_PKM2.lif,N9_20251512_PKM2,6,clemastine/5/R3,N9_20251512_PKM2_S7_clemastine_5_R3,20,14411,6274,1517,6274,1,0,1517,1042,6274,10,18,2,18.133333333333333,1.417596429709914,165,232.5,7.0,35.0,84.65517241379311,4,0,0,29.5,1.4357284113381674,60,92.5,5.0,20.0,27.5,10,18,2,18.133333333333333,1.417596429709914,165,232.5,7.0,35.0,84.65517241379311,115.38683455530762,110.0,1.0489712232300692,371.8615688859591,199.0,1.8686510999294428,222.09615384615384,194.0,1.1448255352894527,250.20561045584955,163.0,1.5350037451279113,240.2743654822335,163.0,1.4740758618541931
E:\N9_20251512_PKM2.lif,N9_20251512_PKM2,6,clemastine/5/R3,N9_20251512_PKM2_S7_clemastine_5_R3,21,68628,9503,6531,7694,1,6531,0,58470,7694,21,55,17,12.208333333333334,2.671366936756814,248,472.5,7.0,100.0,132.82051282051282,20,44,21,10.318181818181818,1.960189863726841,102,357.5,10.0,65.0,47.5,14,34,5,17.583333333333332,2.548869248765272,202,327.5,7.0,100.0,108.16666666666669,246.05787781350483,110.0,2.236889798304589,222.14258655161527,199.0,1.1162944047819865,394.4218851570964,194.0,2.0331025008097754,259.2099337051457,163.0,1.5902449920561086,266.9021325209444,163.0,1.6374363958340148
E:\N9_20251512_PKM2.lif,N9_20251512_PKM2,6,clemastine/5/R3,N9_20251512_PKM2_S7_clemastine_5_R3,22,5429,2594,0,2594,1,0,0,0,2594,11,3,0,18.857142857142858,1.7135697764070932,87,117.5,5.0,25.0,39.285714285714285,0,0,0,0.0,,0,0.0,0.0,,,11,3,0,18.857142857142858,1.7135697764070932,87,117.5,5.0,25.0,39.285714285714285,118.46067848882036,110.0,1.076915258989276,236.38897455666924,199.0,1.1878842942546193,205.8585196607556,194.0,1.0611263900038947,220.83885890516575,163.0,1.354839625185066,199.2290718038529,163.0,1.2222642441954166
E:\N9_20251512_PKM2.lif,N9_20251512_PKM2,6,clemastine/5/R3,N9_20251512_PKM2_S7_clemastine_5_R3,23,32794,10240,0,10240,1,0,0,13516,10240,6,18,2,29.83333333333333,1.2150390625,105,242.5,7.0,50.0,50.0,0,0,0,0.0,,0,0.0,0.0,,,6,18,2,29.83333333333333,1.2150390625,105,242.5,7.0,50.0,50.0,126.762109375,110.0,1.1523828125,266.40498046875,199.0,1.3387184948178392,276.1931723563697,194.0,1.423676146166854,281.62890625,163.0,1.7277847009202454,322.6447688564477,163.0,1.9794157598555076
E:\N9_20251512_PKM2.lif,N9_20251512_PKM2,6,clemastine/5/R3,N9_20251512_PKM2_S7_clemastine_5_R3,24,116898,15208,12767,10334,1,12767,0,99402,10334,29,120,24,9.987179487179487,1.860862703840084,158,507.5,11.0,100.0,75.0,29,162,45,8.504854368932039,2.131119291924493,153,605.0,14.0,110.0,75.0,11,30,5,14.96,1.52032126959551,117,247.5,8.0,70.0,55.0,250.7285971645649,110.0,2.279350883314226,239.6961467648606,199.0,1.2045032500746764,474.4469047458314,194.0,2.445602601782636,244.36250657548655,163.0,1.4991564820582,305.0867262495862,163.0,1.871697707052676
E:\N9_20251512_PKM2.lif,N9_20251512_PKM2,6,clemastine/5/R3,N9_20251512_PKM2_S7_clemastine_5_R3,25,14539,6247,0,6247,1,0,0,0,6247,4,12,2,28.444444444444443,1.1848887465983673,75,212.5,8.0,45.0,35.0,0,0,0,0.0,,0,0.0,0.0,,,4,12,2,28.444444444444443,1.1848887465983673,75,212.5,8.0,45.0,35.0,116.9570994077157,110.0,1.063246358251961,227.6122939010725,199.0,1.1437803713621737,202.86761645589883,194.0,1.0457093631747365,241.6875300144069,163.0,1.482745582910472,222.6164244677256,163.0,1.3657449353848194
E:\N9_20251512_PKM2.lif,N9_20251512_PKM2,6,clemastine/5/R3,N9_20251512_PKM2_S7_clemastine_5_R3,26,20826,10680,0,10680,1,0,0,1009,10680,18,130,29,8.725,1.4619850187265917,113,377.5,10.0,55.0,52.5,0,0,0,0.0,,0,0.0,0.0,,,18,130,29,8.725,1.4619850187265917,113,377.5,10.0,55.0,52.5,111.41507490636704,110.0,1.0128643173306096,217.6873595505618,199.0,1.093906329399808,235.63406408094437,194.0,1.2146085777368263,226.71470037453184,163.0,1.3908877323590911,230.24828564672495,163.0,1.4125661696118097
E:\N9_20251512_PKM2.lif,N9_20251512_PKM2,8,clemastine/5/R1,N9_20251512_PKM2_S9_clemastine_5_R1,2,13438,8954,8951,418,0,0,8951,9312,418,16,97,26,10.245283018867925,1.3361626088898817,104,272.5,7.0,45.0,50.0,16,95,26,10.283018867924527,1.336610434588314,104,272.5,7.0,45.0,50.0,11,11,6,5.6923076923076925,3.4976076555023923,66,67.5,3.0,15.0,30.5,150.35760553942373,115.0,1.30745743947325,503.8011395374818,222.0,2.269374502421089,291.99679811257164,207.0,1.410612551268462,275.67924949743133,167.0,1.650773949086415,,167.0,
E:\N9_20251512_PKM2.lif,N9_20251512_PKM2,8,clemastine/5/R1,N9_20251512_PKM2_S9_clemastine_5_R1,4,35221,26146,23966,14299,2,18234,15795,25401,14299,38,174,69,10.49586776859504,1.2551441903159184,145,512.5,14.0,90.0,70.0,37,143,54,10.885714285714286,1.356755403488275,151,592.5,13.0,80.0,72.5,39,189,74,7.417322834645669,1.7173228897125674,156,567.5,12.0,70.0,75.0,429.306899199298,115.0,3.733103471298244,503.2405824628047,222.0,2.2668494705531743,292.74229757655456,207.0,1.41421399795437,259.591409775874,167.0,1.5544395794962511,274.13389918586523,167.0,1.6415203544063786
E:\N9_20251512_PKM2.lif,N9_20251512_PKM2,8,clemastine/5/R1,N9_20251512_PKM2_S9_clemastine_5_R1,5,40165,29219,28936,16668,2,23012,12567,31005,16668,26,104,28,16.972972972972972,1.366405421130087,168,677.5,24.0,100.0,82.5,23,101,18,18.457142857142856,1.3596557920928949,167,617.5,14.0,100.0,80.0,33,144,44,9.4468085106383,1.851811855051596,135,552.5,17.0,100.0,65.0,461.20059099600206,115.0,4.010439921704366,482.8963157475929,222.0,2.1752086294936617,376.6375576130848,207.0,1.819505109241956,267.00581813203735,167.0,1.5988372343235768,323.89224761353773,167.0,1.9394745366080104
E:\N9_20251512_PKM2.lif,N9_20251512_PKM2,8,clemastine/5/R1,N9_20251512_PKM2_S9_clemastine_5_R1,6,98804,25264,2282,24763,2,0,2282,97804,24763,50,196,45,10.830769230769231,2.269078530715643,339,902.5,7.0,55.0,167.5,4,4,1,27.5,1.2423312883435582,47,122.5,11.0,25.0,20.0,48,192,43,10.8,2.3149860679239187,339,907.5,7.0,55.0,167.5,145.51899936668778,115.0,1.2653826031885893,397.1161262050833,222.0,1.788811379302177,1787.0670040973728,207.0,8.633173932837549,273.49825839138697,167.0,1.6377141221041136,310.41918294849023,167.0,1.8587975026855703
E:\N9_20251512_PKM2.lif,N9_20251512_PKM2,8,clemastine/5/R1,N9_20251512_PKM2_S9_clemastine_5_R1,7,50682,43669,25730,42343,2,20045,6540,42986,42343,13,29,5,38.391304347826086,1.2027754242139732,177,562.5,11.0,160.0,85.0,31,91,13,16.542857142857144,1.6923047026816944,195,712.5,12.0,75.0,95.0,13,19,3,44.26315789473684,1.2270505160239,176,502.5,8.0,130.0,85.0,366.8997755051135,115.0,3.190432830479248,478.355504587156,222.0,2.154754525167369,379.53889285350186,207.0,1.8335212215145016,1177.1819368430697,167.0,7.048993633790835,644.5611468695143,167.0,3.859647586044996
E:\N9_20251512_PKM2.lif,N9_20251512_PKM2,8,clemastine/5/R1,N9_20251512_PKM2_S9_clemastine_5_R1,9,7316,2894,2893,1721,1,0,2893,5051,1721,4,10,2,12.0,1.095024187975121,51,122.5,13.0,35.0,22.5,4,10,2,12.0,1.0954026961631524,51,122.5,13.0,35.0,22.5,2,0,0,28.0,1.0348634514816968,42,82.5,6.0,20.0,17.5,124.20283344851416,115.0,1.080024638682732,518.2595921189077,222.0,2.334502667202287,292.66177669111653,207.0,1.413825008169645,197.6050449205252,167.0,1.1832637420390733,202.9375,167.0,1.215194610778443
E:\N9_20251512_PKM2.lif,N9_20251512_PKM2,8,clemastine/5/R1,N9_20251512_PKM2_S9_clemastine_5_R1,10,39949,36580,36360,25316,3,23270,35081,35863,25316,12,78,17,21.70212765957447,1.1156096227446692,158,412.5,10.0,110.0,77.5,16,75,16,19.76923076923077,1.1217546754675467,158,427.5,10.0,140.0,75.0,24,82,22,17.232142857142858,1.4636593458682257,158,582.5,20.0,95.0,77.5,560.2901160292222,115.0,4.872087965471497,864.6854137567344,222.0,3.894979341246552,380.5785370607224,207.0,1.8385436572981757,345.90404592673593,167.0,2.0712817121361438,374.7716828478965,167.0,2.2441418134604576
E:\N9_20251512_PKM2.lif,N9_20251512_PKM2,8,clemastine/5/R1,N9_20251512_PKM2_S9_clemastine_5_R1,11,11259,7130,7129,34,0,0,7129,7234,34,8,42,9,12.75,1.1403927068723705,70,147.5,7.0,45.0,32.5,8,42,9,12.714285714285714,1.140552672184037,70,147.5,7.0,45.0,32.5,2,0,0,4.5,1.588235294117647,20,12.5,3.0,5.0,7.5,124.20953716690042,115.0,1.0800829318860905,753.6023285173236,222.0,3.3946050834113675,283.34096453368363,207.0,1.3687969301144136,223.91304347826087,167.0,1.3407966675344962,,167.0,
E:\N9_20251512_PKM2.lif,N9_20251512_PKM2,8,clemastine/5/R1,N9_20251512_PKM2_S9_clemastine_5_R1,12,47113,16965,9268,11328,1,994,8313,17747,11328,23,124,54,11.0625,1.3072207486000589,142,412.5,6.0,75.0,67.5,26,114,33,8.68421052631579,1.5984031074665517,180,377.5,5.0,15.0,87.5,18,78,40,10.31578947368421,1.314265536723164,118,322.5,8.0,50.0,55.0,224.16901408450704,115.0,1.9492957746478876,433.7497894863467,222.0,1.9538278805691287,312.35907796859215,207.0,1.5089810529883678,240.58155025051576,167.0,1.4406080853324297,260.06241407753646,167.0,1.5572599645361465
E:\N9_20251512_PKM2.lif,N9_20251512_PKM2,8,clemastine/5/R1,N9_20251512_PKM2_S9_clemastine_5_R1,13,25892,17943,4423,16739,3,953,3470,21623,16739,29,77,10,12.892857142857142,1.3758011480800312,123,437.5,10.0,75.0,60.0,14,34,4,9.185185185185183,2.248473886502374,107,207.5,5.0,90.0,53.75,29,91,23,10.164179104477611,1.394886193918394,119,387.5,11.0,75.0,57.5,222.86673662119625,115.0,1.9379716227930104,401.94121037463975,222.0,1.8105459926785572,383.9116629602174,207.0,1.854645714783659,336.25854093518365,167.0,2.0135241972166686,355.12754366287453,167.0,2.1265122375022427
E:\N9_20251512_PKM2.lif,N9_20251512_PKM2,8,clemastine/5/R1,N9_20251512_PKM2_S9_clemastine_5_R1,14,22395,12862,12697,5419,1,0,12697,20011,5419,32,209,61,6.648,1.5946198102938889,146,577.5,24.0,55.0,70.0,32,209,62,6.833333333333333,1.6153422068205088,145,552.5,20.0,55.0,70.0,11,48,18,11.064516129032258,1.501568555083964,97,232.5,10.0,35.0,45.0,125.77219716995802,115.0,1.093671279738765,559.4816885878554,222.0,2.520187786431781,287.3657090362452,207.0,1.388240140271716,233.08474576271183,167.0,1.3957170404952806,247.4229074889868,167.0,1.4815742963412384
E:\N9_20251512_PKM2.lif,N9_20251512_PKM2,8,clemastine/5/R1,N9_20251512_PKM2_S9_clemastine_5_R1,15,52281,21947,21708,3920,1,0,21708,25536,3920,49,251,48,9.39622641509434,2.0166765389347066,295,837.5,9.0,220.0,157.01923076923077,46,248,47,9.32051282051282,1.835913027455316,295,802.5,9.0,220.0,157.01923076923077,10,18,3,15.285714285714286,4.861734693877551,236,187.5,3.0,110.0,132.30769230769232,122.92203945869596,115.0,1.0688872996408345,526.7461765247834,222.0,2.372730524886412,355.752162439525,207.0,1.718609480384179,211.65703740830185,167.0,1.26740740963055,218.1991313063816,167.0,1.306581624589111
E:\N9_20251512_PKM2.lif,N9_20251512_PKM2,8,clemastine/5/R1,N9_20251512_PKM2_S9_clemastine_5_R1,16,74513,31530,4681,31143,4,3934,1253,69678,31143,65,379,100,8.421052631578947,1.8159213447510307,181,982.5,13.0,90.0,87.5,31,93,27,6.061538461538461,5.083101901303141,166,297.5,5.0,35.0,80.0,58,375,106,8.632231404958677,1.8110008669685,181,937.5,13.0,90.0,87.5,229.82536858159636,115.0,1.9984814659269248,373.31045490822027,222.0,1.681578625712704,376.320019357961,207.0,1.8179711080094731,275.3464002537266,167.0,1.6487808398426742,273.5087696672685,167.0,1.6377770638758593
E:\N9_20251512_PKM2.lif,N9_20251512_PKM2,8,clemastine/5/R1,N9_20251512_PKM2_S9_clemastine_5_R1,17,76735,34012,33357,11347,2,0,33357,0,11347,58,254,54,11.337278106508876,1.555039397859579,266,957.5,11.0,75.0,130.0,61,263,50,10.655555555555557,1.5735527775279552,264,927.5,11.0,95.0,130.0,25,75,19,11.903846153846152,1.9999118709791133,183,447.5,10.0,65.0,87.5,113.1219275549806,115.0,0.9836689352607008,521.0474263273076,222.0,2.347060478951836,214.9732447371516,207.0,1.0385180905176403,204.3134481947548,167.0,1.2234338215254776,219.46851211072664,167.0,1.3141827072498602
E:\N9_20251512_PKM2.lif,N9_20251512_PKM2,8,clemastine/5/R1,N9_20251512_PKM2_S9_clemastine_5_R1,18,16164,11976,9045,8665,0,0,9045,10588,8665,18,58,9,14.195121951219512,1.3048597194388778,98,332.5,10.0,50.0,47.5,23,89,13,9.864406779661016,1.6528468767274738,104,322.5,9.0,55.0,50.0,17,61,16,12.21951219512195,1.3401038661281015,84,280.0,10.0,55.0,40.0,130.90180360721442,115.0,1.1382765531062122,501.5912658927584,222.0,2.259420116634047,278.0948220064725,207.0,1.3434532464080795,245.27955911823648,167.0,1.4687398749594998,,167.0,
E:\N9_20251512_PKM2.lif,N9_20251512_PKM2,8,clemastine/5/R1,N9_20251512_PKM2_S9_clemastine_5_R1,20,55226,23125,23100,6441,1,0,23100,11696,6441,28,166,59,12.544554455445544,1.909275675675676,167,672.5,13.0,95.0,80.0,28,189,61,11.60344827586207,1.9113419913419916,167,672.5,13.0,95.0,80.0,10,26,5,16.263157894736842,1.222480981214097,77,172.5,5.0,35.0,35.0,120.69513513513512,115.0,1.0495229142185665,831.0827272727273,222.0,3.743615888615889,269.3244058176658,207.0,1.3010840860756805,230.02534054054053,167.0,1.3773972487457518,266.72014622258325,167.0,1.597126624087325
E:\N9_20251512_PKM2.lif,N9_20251512_PKM2,8,clemastine/5/R1,N9_20251512_PKM2_S9_clemastine_5_R1,21,54651,33966,30682,13142,0,28270,8187,52687,13142,38,272,64,10.476744186046512,1.3374551021609846,171,647.5,13.0,100.0,82.5,41,271,76,10.022988505747126,1.3709015057688547,157,802.5,20.0,105.0,75.0,65,292,92,6.221621621621622,2.752320803530665,256,772.5,7.0,75.0,125.0,318.2505836575875,115.0,2.767396379631196,418.991083424942,222.0,1.8873472226348735,599.885798489593,207.0,2.8979990265197726,254.87307896131423,167.0,1.526186101564756,,167.0,
E:\N9_20251512_PKM2.lif,N9_20251512_PKM2,8,clemastine/5/R1,N9_20251512_PKM2_S9_clemastine_5_R1,22,10823,9858,9746,2143,1,485,9745,4141,2143,12,41,11,14.030303030303031,1.1244674376141206,83,217.5,12.0,55.0,37.5,12,41,11,13.212121212121213,1.11912579519803,82,182.5,10.0,55.0,37.5,10,23,8,8.588235294117647,2.4745683621091925,124,135.0,3.0,105.0,65.25,241.6123711340206,115.0,2.1009771402958317,857.8617752693689,222.0,3.8642422309431033,257.12994923857866,207.0,1.2421736678192206,207.9631771150335,167.0,1.2452884857187634,227.01916666666668,167.0,1.3593962075848305
E:\N9_20251512_PKM2.lif,N9_20251512_PKM2,8,clemastine/5/R1,N9_20251512_PKM2_S9_clemastine_5_R1,23,41703,33369,29906,21514,3,28199,8975,35470,21514,26,140,39,14.782608695652174,1.282088165662741,165,582.5,10.0,120.0,80.0,26,133,32,14.870588235294118,1.3882832876345883,158,647.5,14.0,90.0,77.5,33,163,27,11.471153846153848,1.558891884354374,147,617.5,12.0,95.0,70.0,450.7816234618249,115.0,3.919840204015869,413.5721448467967,222.0,1.862937589399985,403.53273739247766,207.0,1.949433513973322,254.72882016242625,167.0,1.5253222764217138,266.47806155861167,167.0,1.595677015321028
E:\N9_20251512_PKM2.lif,N9_20251512_PKM2,8,clemastine/5/R1,N9_20251512_PKM2_S9_clemastine_5_R1,24,62888,48796,38367,41531,4,22933,24749,60238,41531,38,170,47,15.88679245283019,1.3236945651282892,182,762.5,17.0,125.0,87.5,54,218,66,13.034965034965037,1.6141215106732347,182,852.5,13.0,85.0,87.5,49,178,54,13.484848484848484,1.385904505068503,179,780.0,10.0,120.0,87.5,315.2023285222169,115.0,2.7408898132366684,733.190351125298,222.0,3.302659239303144,461.59257641012834,207.0,2.2299158280682527,345.24870891056645,167.0,2.0673575383866254,352.267207278481,167.0,2.109384474721443
E:\N9_20251512_PKM2.lif,N9_20251512_PKM2,8,clemastine/5/R1,N9_20251512_PKM2_S9_clemastine_5_R1,25,48413,10003,0,10003,1,0,0,42944,10003,16,54,11,15.81578947368421,2.0349895031490552,128,412.5,16.0,75.0,60.0,0,0,0,0.0,,0,0.0,0.0,,,16,54,11,15.81578947368421,2.0349895031490552,128,412.5,16.0,75.0,60.0,154.23842847145858,115.0,1.34120372583877,275.2898130560832,222.0,1.2400442029553296,374.7592415042079,207.0,1.810431118377816,279.49345196441067,167.0,1.6736134848168305,295.72666868015705,167.0,1.7708183753302815
E:\N9_20251512_PKM2.lif,N9_20251512_PKM2,8,clemastine/5/R1,N9_20251512_PKM2_S9_clemastine_5_R1,26,49009,26953,24400,13702,1,24383,17,41663,13702,28,110,19,15.415584415584416,1.824360924572404,188,672.5,11.0,115.0,90.0,24,74,12,17.660714285714285,1.9045901639344265,182,602.5,10.0,115.0,87.5,30,129,48,9.815217391304348,2.5798423587797403,180,587.5,7.0,70.0,87.5,398.20050855103966,115.0,3.462613117835128,330.8235294117647,222.0,1.4901960784313726,461.27786462404254,207.0,2.228395481275568,227.024598374949,167.0,1.3594287327841257,245.38899960143485,167.0,1.469395207194221
E:\N9_20251512_PKM2.lif,N9_20251512_PKM2,8,clemastine/5/R1,N9_20251512_PKM2_S9_clemastine_5_R1,28,5898,2861,0,2861,0,0,0,0,2861,4,6,1,18.0,1.17581265291856,57,92.5,4.0,25.0,25.0,0,0,0,0.0,,0,0.0,0.0,,,4,6,1,18.0,1.17581265291856,57,92.5,4.0,25.0,25.0,139.75358266340442,115.0,1.2152485448991688,693.8241873470814,222.0,3.1253341772391057,254.08493533729464,207.0,1.227463455735723,216.3117790982174,167.0,1.2952801143605832,,167.0,
E:\N9_20251512_PKM2.lif,N9_20251512_PKM2,8,clemastine/5/R1,N9_20251512_PKM2_S9_clemastine_5_R1,29,29556,27014,26969,11075,2,4615,24844,5531,11075,14,40,5,24.83870967741936,1.1939364773820982,178,412.5,12.0,85.0,87.5,15,55,14,21.78048780487805,1.1959286588305091,178,417.5,12.0,85.0,87.5,27,156,47,7.829787234042553,1.875846501128668,139,552.5,13.0,60.0,67.5,267.4702058504876,115.0,2.325827876960761,1148.2577684752855,222.0,5.172332290429215,272.78110459235285,207.0,1.317783113972719,240.1405937661953,167.0,1.4379676273424868,265.6742911153119,167.0,1.5908640186545624
E:\N9_20251512_PKM2.lif,N9_20251512_PKM2,8,clemastine/5/R1,N9_20251512_PKM2_S9_clemastine_5_R1,30,15668,13265,0,13265,0,0,0,11772,13265,7,23,6,22.0,1.187938183188843,96,227.5,7.0,65.0,45.0,0,0,0,0.0,,0,0.0,0.0,,,7,23,6,22.0,1.187938183188843,96,227.5,7.0,65.0,45.0,162.99992461364494,115.0,1.4173906488143038,430.9182058047493,222.0,1.9410729991204925,297.47996507228095,207.0,1.43710128054242,449.87387862796834,167.0,2.693855560646517,,167.0,
E:\N9_20251512_PKM2.lif,N9_20251512_PKM2,8,clemastine/5/R1,N9_20251512_PKM2_S9_clemastine_5_R1,31,43262,31864,23377,22668,4,0,23377,23588,22668,20,128,39,16.962025316455698,1.332538287722822,167,502.5,10.0,75.0,80.0,32,114,29,13.407894736842104,1.3534243059417377,143,532.5,12.0,80.0,67.5,25,136,48,12.776470588235297,1.6749602964531498,173,562.5,12.0,120.0,82.5,130.09914009540546,115.0,1.13129687039483,973.3962013945333,222.0,4.384667573849248,303.091469168008,207.0,1.464209995980715,321.66956439869443,167.0,1.9261650562796075,325.7489251934652,167.0,1.9505923664279352
E:\N9_20251512_PKM2.lif,N9_20251512_PKM2,8,clemastine/5/R1,N9_20251512_PKM2_S9_clemastine_5_R1,32,40539,28350,28108,7075,2,26038,5069,19329,7075,30,184,33,12.663793103448276,1.37989417989418,160,692.5,19.0,90.0,77.5,34,171,33,13.072072072072071,1.391774583748399,160,717.5,18.0,90.0,77.5,20,40,8,11.914285714285716,2.0907420494699647,186,347.5,9.0,20.0,90.0,508.2842768261771,115.0,4.419863276749366,468.7171039652792,222.0,2.111338306149906,306.9362015980332,207.0,1.482783582599194,200.509417989418,167.0,1.200655197541425,205.07517309594465,167.0,1.2279950484787103
E:\N9_20251512_PKM2.lif,N9_20251512_PKM2,8,clemastine/5/R1,N9_20251512_PKM2_S9_clemastine_5_R1,35,14542,5572,5572,780,2,0,5572,51,780,4,4,1,21.0,1.1015793251974155,70,107.5,4.0,40.0,32.5,4,4,1,21.0,1.1015793251974155,70,107.5,4.0,40.0,32.5,3,8,1,6.666666666666667,1.2884615384615383,40,52.5,6.0,20.0,17.5,115.28535534816942,115.0,1.0024813508536472,521.9725412778176,222.0,2.351227663413593,325.7857142857143,207.0,1.5738440303657697,153.09368269921035,167.0,0.9167286389174272,150.24698205546494,167.0,0.8996825272782332
E:\N9_20251512_PKM2.lif,N9_20251512_PKM2,10,clemastine/5/R4,N9_20251512_PKM2_S11_clemastine_5_R4,1,7493,6423,5058,5728,1,0,5058,101,5728,7,13,3,20.0,1.1220613420520007,70,167.5,7.0,55.0,32.5,7,28,12,9.65,1.12850929221036,69,157.5,5.0,30.0,32.5,10,28,5,11.958333333333334,1.1611382681564246,69,202.5,15.0,45.0,32.5,118.48933520161918,114.0,1.0393801333475368,680.5344009489917,207.0,3.28760580168595,295.5,206.0,1.4344660194174756,366.1888525611085,161.0,2.274464922739804,352.29748062015506,161.0,2.188183109441957
E:\N9_20251512_PKM2.lif,N9_20251512_PKM2,10,clemastine/5/R4,N9_20251512_PKM2_S11_clemastine_5_R4,2,89323,48765,34220,36355,2,0,34220,0,36355,43,205,35,15.196969696969695,1.726156054547319,230,1077.5,15.0,110.0,112.5,50,308,56,11.237837837837835,1.7548801870251316,199,1017.5,18.0,110.0,97.5,26,70,11,22.071428571428573,2.201210287443268,248,757.5,11.0,125.0,114.77272727272728,121.1071465190198,114.0,1.0623433905177175,841.3841905318527,207.0,4.064657925274651,200.30493181585155,206.0,0.9723540379410268,370.1180149697529,161.0,2.2988696581972228,452.48090310442143,161.0,2.810440391952928
E:\N9_20251512_PKM2.lif,N9_20251512_PKM2,10,clemastine/5/R4,N9_20251512_PKM2_S11_clemastine_5_R4,3,29312,13353,0,13353,1,0,0,0,13353,15,43,5,16.65625,1.678948550887441,124,420.0,15.0,70.0,60.0,0,0,0,0.0,,0,0.0,0.0,,,15,43,5,16.65625,1.678948550887441,124,420.0,15.0,70.0,60.0,120.70980304051524,114.0,1.0588579214080285,199.4682093911481,207.0,0.9636145381214882,208.7864150378192,206.0,1.0135262865913557,295.656481689508,161.0,1.8363756626677517,244.66885714285715,161.0,1.5196823425022183
E:\N9_20251512_PKM2.lif,N9_20251512_PKM2,10,clemastine/5/R4,N9_20251512_PKM2_S11_clemastine_5_R4,4,9076,7032,0,7032,1,0,0,0,7032,0,10,3,58.2,1.2583902161547214,70,157.5,8.0,55.0,32.5,0,0,0,0.0,,0,0.0,0.0,,,0,10,3,58.2,1.2583902161547214,70,157.5,8.0,55.0,32.5,118.58091581342434,114.0,1.040183472047582,210.23705915813423,207.0,1.0156379669475084,192.75085324232083,206.0,0.9356837536034992,286.047212741752,161.0,1.7766907623711303,256.706748886605,161.0,1.5944518564385404
E:\N9_20251512_PKM2.lif,N9_20251512_PKM2,10,clemastine/5/R4,N9_20251512_PKM2_S11_clemastine_5_R4,5,9132,4609,0,4609,1,0,0,200,4609,15,29,11,9.25,1.7717509221089174,86,237.5,10.0,60.0,40.0,0,0,0,0.0,,0,0.0,0.0,,,15,29,11,9.25,1.7717509221089174,86,237.5,10.0,60.0,40.0,137.920373182903,114.0,1.2098278349377456,215.90279887177263,207.0,1.0430086902018,295.97237569060775,206.0,1.4367591052942124,239.2859622477761,161.0,1.486248212719106,231.5229829636773,161.0,1.438030950084952
E:\N9_20251512_PKM2.lif,N9_20251512_PKM2,10,clemastine/5/R4,N9_20251512_PKM2_S11_clemastine_5_R4,6,46086,14563,7706,13729,1,7706,0,20200,13729,32,105,27,11.22077922077922,1.7425667788230448,155,592.5,12.0,30.0,75.0,12,45,9,10.870967741935484,1.3289644432909422,113,257.5,12.0,50.0,55.0,31,106,27,10.873417721518988,1.8484230461067808,155,497.5,9.0,40.0,75.0,307.19776797300807,114.0,2.694717262921124,227.21025887523172,207.0,1.0976341008465302,279.3608203827043,206.0,1.356120487294681,291.9445169264575,161.0,1.8133199809096736,322.3266430539158,161.0,2.0020288388441974
E:\N9_20251512_PKM2.lif,N9_20251512_PKM2,10,clemastine/5/R4,N9_20251512_PKM2_S11_clemastine_5_R4,7,36397,19688,9586,16027,2,9586,0,26478,16027,31,128,23,12.702380952380953,2.035199106054449,179,697.5,10.0,70.0,87.5,22,54,17,13.5,2.4124765282703944,304,447.5,5.0,10.0,163.8679245283019,20,82,15,14.709090909090907,2.0329444063143445,181,552.5,15.0,60.0,87.5,261.9568120175256,114.0,2.297866772083557,211.56084924827303,207.0,1.0220330881559083,358.4628300609343,206.0,1.740110825538516,249.2843864282812,161.0,1.548350226262616,262.97315311979264,161.0,1.633373621862066
E:\N9_20251512_PKM2.lif,N9_20251512_PKM2,10,clemastine/5/R4,N9_20251512_PKM2_S11_clemastine_5_R4,10,159627,91912,89963,25014,1,89810,3937,127957,25014,66,374,68,17.177165354330707,1.9595265036121507,308,2482.5,23.0,230.0,150.0,70,387,69,16.463320463320464,1.9922190233762769,308,2307.5,20.0,225.0,152.5,29,83,15,21.63492063492064,3.720436555528904,327,1085.0,10.0,240.0,165.0,496.0999888653825,114.0,4.351754288292829,385.9616459232918,207.0,1.8645490141221828,420.75134466848505,206.0,2.0424822556722577,216.4436743841936,161.0,1.3443706483490283,317.73037542662115,161.0,1.9734805927119323
E:\N9_20251512_PKM2.lif,N9_20251512_PKM2,10,clemastine/5/R4,N9_20251512_PKM2_S11_clemastine_5_R4,12,103580,55263,49692,22510,3,41950,15074,83025,22510,67,417,115,11.072992700729928,1.6178093842172885,246,1212.5,18.0,135.0,120.0,73,416,118,10.167272727272728,1.6665056749577396,239,1117.5,15.0,130.0,117.5,31,170,48,11.455357142857142,1.7551754775655264,162,642.5,15.0,105.0,77.5,352.79816448152565,114.0,3.0947207410660145,959.4407589226482,207.0,4.634979511703615,370.3484527849871,206.0,1.7978080232280924,255.24037782965092,161.0,1.5853439616748506,342.96144048170447,161.0,2.130195282495059
E:\N9_20251512_PKM2.lif,N9_20251512_PKM2,10,clemastine/5/R4,N9_20251512_PKM2_S11_clemastine_5_R4,13,9584,4958,0,4958,1,0,0,0,4958,5,19,7,15.153846153846152,1.3295683743444937,83,172.5,6.0,60.0,37.5,0,0,0,0.0,,0,0.0,0.0,,,5,19,7,15.153846153846152,1.3295683743444937,83,172.5,6.0,60.0,37.5,115.5,114.0,1.013157894736842,223.43122226704315,207.0,1.0793778853480345,209.0282371924163,206.0,1.01470018054571,297.5415490116983,161.0,1.8480841553521636,245.5157573703829,161.0,1.5249425923626267
E:\N9_20251512_PKM2.lif,N9_20251512_PKM2,10,clemastine/5/R4,N9_20251512_PKM2_S11_clemastine_5_R4,14,18166,8603,0,8603,1,0,0,585,8603,11,36,6,15.666666666666666,1.3656863884691386,110,270.0,5.0,30.0,52.5,0,0,0,0.0,,0,0.0,0.0,,,11,36,6,15.666666666666666,1.3656863884691386,110,270.0,5.0,30.0,52.5,126.44193885853772,114.0,1.1091398145485765,233.61397187027785,207.0,1.1285699124168012,261.59090909090907,206.0,1.2698587819947045,274.63419737300944,161.0,1.705802468155338,260.0893470790378,161.0,1.6154617830996136
E:\N9_20251512_PKM2.lif,N9_20251512_PKM2,10,clemastine/5/R4,N9_20251512_PKM2_S11_clemastine_5_R4,15,4517,3188,0,3188,1,0,0,0,3188,4,4,1,23.8,1.2242785445420326,57,112.5,8.0,40.0,25.0,0,0,0,0.0,,0,0.0,0.0,,,4,4,1,23.8,1.2242785445420326,57,112.5,8.0,40.0,25.0,117.7452948557089,114.0,1.0328534636465694,236.7823086574655,207.0,1.1438758872341328,219.2007528230866,206.0,1.0640813243839156,287.58343789209533,161.0,1.7862325334912754,260.5228098506258,161.0,1.6181540984510918
E:\N9_20251512_PKM2.lif,N9_20251512_PKM2,10,clemastine/5/R4,N9_20251512_PKM2_S11_clemastine_5_R4,16,44711,19581,246,19581,2,144,102,37791,19581,27,116,28,11.727272727272728,1.5149379500536233,130,502.5,13.0,95.0,62.5,4,0,0,14.5,3.8780487804878048,60,42.5,2.0,10.0,28.571428571428573,27,116,28,11.727272727272728,1.5149379500536233,130,502.5,13.0,95.0,62.5,220.57638888888889,114.0,1.934880604288499,355.6372549019608,207.0,1.7180543715070569,264.2712058438727,206.0,1.2828699312809353,365.7539962208263,161.0,2.271763951682151,374.4813921433494,161.0,2.3259713797723567
E:\N9_20251512_PKM2.lif,N9_20251512_PKM2,10,clemastine/5/R4,N9_20251512_PKM2_S11_clemastine_5_R4,18,13498,10961,0,10961,1,0,0,0,10961,11,55,17,14.45945945945946,1.2250707052276253,89,282.5,9.0,65.0,42.5,0,0,0,0.0,,0,0.0,0.0,,,11,55,17,14.45945945945946,1.2250707052276253,89,282.5,9.0,65.0,42.5,131.1326521302801,114.0,1.1502864221954394,252.40361280905023,207.0,1.2193411246814023,233.7248426238482,206.0,1.1345866146788748,355.95237660797375,161.0,2.210884326757601,304.9128503075872,161.0,1.893868635450852
E:\N9_20251512_PKM2.lif,N9_20251512_PKM2,10,clemastine/5/R4,N9_20251512_PKM2_S11_clemastine_5_R4,19,16002,8454,0,8454,1,0,0,666,8454,13,56,9,12.973684210526317,1.6454932576295245,108,322.5,11.0,65.0,50.0,0,0,0,0.0,,0,0.0,0.0,,,13,56,9,12.973684210526317,1.6454932576295245,108,322.5,11.0,65.0,50.0,120.10326472675656,114.0,1.0535374098838295,275.77442630707355,207.0,1.3322436053481814,281.85804416403784,206.0,1.368242932835135,239.8074284362432,161.0,1.4894871331443675,239.0794659885569,161.0,1.484965627258117
E:\N9_20251512_PKM2.lif,N9_20251512_PKM2,10,clemastine/5/R4,N9_20251512_PKM2_S11_clemastine_5_R4,20,100407,52756,52361,19159,1,52361,0,78878,19159,62,302,57,13.91304347826087,1.8756918644324816,254,1647.5,15.0,80.0,125.0,62,298,56,13.946078431372548,1.889841676056607,255,1602.5,18.0,135.0,125.0,28,108,28,14.373333333333331,2.5944986690328307,196,842.5,11.0,40.0,95.0,417.7074922174901,114.0,3.664100808925352,255.56310182728032,207.0,1.234604356653528,364.64362879957054,206.0,1.7701147029105366,219.9394760785503,161.0,1.3660837023512442,301.2745341614907,161.0,1.871270398518576
E:\N9_20251512_PKM2.lif,N9_20251512_PKM2,10,clemastine/5/R4,N9_20251512_PKM2_S11_clemastine_5_R4,21,69661,43357,31190,27455,3,4204,28311,50110,27455,53,320,94,11.434579439252335,1.5363378462532002,207,1222.5,23.0,125.0,100.0,50,284,86,10.03061224489796,1.797274767553703,190,1057.5,16.0,100.0,92.5,39,169,38,12.878260869565215,2.1893644144964486,335,857.5,7.0,200.0,165.0,240.51260704091345,114.0,2.1097597108852053,676.7772950443291,207.0,3.2694555316151166,400.24692200433145,206.0,1.9429462233219972,283.6037779366654,161.0,1.7615141486749402,329.1795746915201,161.0,2.0445936316243483
E:\N9_20251512_PKM2.lif,N9_20251512_PKM2,10,clemastine/5/R4,N9_20251512_PKM2_S11_clemastine_5_R4,22,15055,4196,0,4196,1,0,0,2274,4196,6,10,1,21.88888888888889,1.6780266920877025,94,182.5,6.0,35.0,45.0,0,0,0,0.0,,0,0.0,0.0,,,6,10,1,21.88888888888889,1.6780266920877025,94,182.5,6.0,35.0,45.0,122.6122497616778,114.0,1.0755460505410332,226.43231649189704,207.0,1.093875925081628,278.2755555555556,206.0,1.350852211434736,227.28860819828407,161.0,1.4117304857036277,204.69027648337996,161.0,1.2713681769154033
E:\N9_20251512_PKM2.lif,N9_20251512_PKM2,10,clemastine/5/R4,N9_20251512_PKM2_S11_clemastine_5_R4,23,28240,12822,9569,9245,2,0,9569,0,9245,19,86,20,12.245283018867925,1.558337232880986,119,312.5,7.0,60.0,57.5,14,77,18,11.0625,1.3726617201379454,105,292.5,9.0,55.0,50.0,18,71,11,10.229166666666666,1.4855597620335317,101,267.5,10.0,70.0,47.5,120.30627047262516,114.0,1.0553181620405716,612.1930191242554,207.0,2.9574541986679006,200.51294649820625,206.0,0.9733638179524574,252.6580876618312,161.0,1.5693048923095108,240.5684505289359,161.0,1.4942139784405957
E:\N9_20251512_PKM2.lif,N9_20251512_PKM2,10,clemastine/5/R4,N9_20251512_PKM2_S11_clemastine_5_R4,24,75412,32563,30759,11566,1,30759,0,22148,11566,48,271,68,10.894736842105264,1.670392777078279,178,872.5,11.0,75.0,85.0,49,240,55,10.97452229299363,1.7683604798595534,174,1062.5,17.0,80.0,85.0,20,119,27,10.029411764705882,1.519972332699291,109,362.5,17.0,65.0,52.5,399.4845411099191,114.0,3.5042503606133253,242.74670638454688,207.0,1.172689402823898,305.14944467058206,206.0,1.481307983837777,231.26689801308237,161.0,1.436440360329704,324.0652563642883,161.0,2.012827679281294
E:\N9_20251512_PKM2.lif,N9_20251512_PKM2,10,clemastine/5/R4,N9_20251512_PKM2_S11_clemastine_5_R4,25,49577,7204,2208,6291,0,2208,0,30895,6291,17,44,16,11.72222222222222,1.5452526374236537,93,272.5,7.0,50.0,45.0,12,20,6,10.5,3.58106884057971,131,167.5,4.0,115.0,69.5,14,37,13,10.34375,1.4700365601653156,83,222.5,10.0,45.0,40.0,229.73641304347825,114.0,2.015231693363844,229.68656302054416,207.0,1.1095969228045612,344.3968103584399,206.0,1.671829176497281,254.06218767351476,161.0,1.5780260103945014,,161.0,
E:\N9_20251512_PKM2.lif,N9_20251512_PKM2,10,clemastine/5/R4,N9_20251512_PKM2_S11_clemastine_5_R4,26,27012,13485,0,13485,2,0,0,21187,13485,20,109,28,10.96774193548387,1.6200222469410457,118,432.5,12.0,65.0,55.0,0,0,0,0.0,,0,0.0,0.0,,,20,109,28,10.96774193548387,1.6200222469410457,118,432.5,12.0,65.0,55.0,127.61490545050056,114.0,1.1194289951798295,246.8062291434928,207.0,1.1923006238816076,282.68783512064346,206.0,1.3722710442749682,366.1667779013719,161.0,2.2743278130519995,337.67961876832845,161.0,2.097388936449245
E:\N9_20251512_PKM2.lif,N9_20251512_PKM2,10,clemastine/5/R4,N9_20251512_PKM2_S11_clemastine_5_R4,27,19066,15002,13168,9214,1,0,13168,1530,9214,20,58,11,15.319148936170214,1.4434075456605786,185,362.5,7.0,75.0,90.0,23,75,23,12.844827586206897,1.6010024301336574,180,397.5,10.0,65.0,87.5,20,78,30,9.915254237288137,2.084111135228999,198,352.5,8.0,55.0,95.0,124.9125449940008,114.0,1.0957240788947438,795.9543590522479,207.0,3.845190140349024,248.2410480349345,206.0,1.2050536312375462,268.57752299693374,161.0,1.6681833726517623,282.1627811860941,161.0,1.752563858298721
E:\N9_20251512_PKM2.lif,N9_20251512_PKM2,10,clemastine/5/R4,N9_20251512_PKM2_S11_clemastine_5_R4,28,56872,23195,21382,16161,1,19818,2189,48878,16161,35,144,29,13.936170212765957,2.0599698210821296,211,727.5,18.0,115.0,92.85714285714286,30,168,37,12.1,1.87367879524834,162,567.5,13.0,110.0,77.5,24,97,21,15.07462686567164,2.500340325474909,217,717.5,14.0,100.0,88.125,315.19926329599355,114.0,2.764905818385908,436.1288259479214,207.0,2.1069025408112148,475.18674562632793,206.0,2.306731774885087,244.03681827980168,161.0,1.5157566352782712,283.4868045649073,161.0,1.760787605993213
E:\N9_20251512_PKM2.lif,N9_20251512_PKM2,10,clemastine/5/R4,N9_20251512_PKM2_S11_clemastine_5_R4,29,15729,10243,4276,9448,1,0,4276,1332,9448,6,22,3,19.666666666666668,1.1840281167626672,116,177.5,6.0,50.0,55.0,6,19,8,16.692307692307693,1.846351730589336,86,202.5,5.0,50.0,40.0,6,22,3,18.866666666666667,1.209250635055038,118,242.5,14.0,45.0,57.5,120.96094894074,114.0,1.0610609556205264,394.4031805425631,207.0,1.905329374601754,250.26470588235293,206.0,1.2148772130211307,388.006541052426,161.0,2.409978515853578,376.83672621520566,161.0,2.340600783945377
E:\N9_20251512_PKM2.lif,N9_20251512_PKM2,10,clemastine/5/R4,N9_20251512_PKM2_S11_clemastine_5_R4,30,49427,29296,29229,8834,1,29229,0,40639,8834,27,119,21,16.27848101265823,1.3335950300382304,145,497.5,11.0,85.0,70.0,26,116,19,16.4025974025974,1.3201956960552876,145,492.5,11.0,85.0,70.0,12,45,9,14.419354838709678,1.9328729907176816,159,267.5,11.0,60.0,64.56521739130434,463.60977111772553,114.0,4.066752378225663,215.842572364828,207.0,1.0427177408928887,403.6366700129069,206.0,1.9594013107422663,223.61144866193337,161.0,1.388890985477847,323.7155258764608,161.0,2.0106554402264645
E:\N9_20251512_PKM2.lif,N9_20251512_PKM2,10,clemastine/5/R4,N9_20251512_PKM2_S11_clemastine_5_R4,31,10768,7340,1534,7195,1,0,1534,2385,7195,14,68,19,9.840909090909092,1.3863760217983652,78,202.5,9.0,50.0,35.0,4,6,0,14.2,1.3539765319426336,45,92.5,5.0,25.0,20.0,14,70,20,10.046511627906977,1.4143154968728284,79,267.5,8.0,50.0,37.5,121.05476839237058,114.0,1.0618839332664085,389.4823989569752,207.0,1.881557482883938,268.48639618138424,206.0,1.3033320202979817,269.32057220708447,161.0,1.6727985851371705,270.8938869665513,161.0,1.682570726500319
E:\N9_20251512_PKM2.lif,N9_20251512_PKM2,10,clemastine/5/R4,N9_20251512_PKM2_S11_clemastine_5_R4,32,49113,8078,1040,7452,1,1040,0,22356,7452,12,80,20,8.510204081632653,1.3778162911611784,111,227.5,8.0,55.0,52.5,2,4,2,14.166666666666666,1.5298076923076922,55,87.5,3.0,10.0,25.0,12,72,19,8.136363636363637,1.2065217391304348,78,167.5,7.0,60.0,35.0,230.51538461538465,114.0,2.022064777327935,212.88747214657093,207.0,1.0284418944278788,283.7495731360273,206.0,1.3774251123108123,308.3063877197326,161.0,1.9149465075759788,320.48571428571427,161.0,1.9905944986690327
E:\N9_20251512_PKM2.lif,N9_20251512_PKM2,10,clemastine/5/R4,N9_20251512_PKM2_S11_clemastine_5_R4,33,22451,6226,0,6226,1,0,0,5410,6226,8,28,2,17.842105263157894,1.4693221972373915,97,217.5,6.0,80.0,45.0,0,0,0,0.0,,0,0.0,0.0,,,8,28,2,17.842105263157894,1.4693221972373915,97,217.5,6.0,80.0,45.0,125.89640218438804,114.0,1.104354405126211,253.99293286219083,207.0,1.2270189993342553,265.8232758620689,206.0,1.2904042517576162,251.31288146482493,161.0,1.5609495743156827,244.82515676872003,161.0,1.5206531476318017
E:\N9_20251512_PKM2.lif,N9_20251512_PKM2,10,clemastine/5/R4,N9_20251512_PKM2_S11_clemastine_5_R4,34,24394,19943,19768,9346,1,0,19768,0,9346,11,83,21,14.71111111111111,1.238680238680239,148,412.5,18.0,80.0,70.0,10,80,20,14.953488372093023,1.2191926345609063,147,362.5,11.0,85.0,70.0,20,94,25,9.353846153846154,1.7842927455595976,141,337.5,10.0,60.0,67.5,115.71132728275586,114.0,1.0150116428311915,981.839083367058,207.0,4.743183977618638,201.8236975379833,206.0,0.9797266870775888,281.56616356616354,161.0,1.7488581587960468,397.4654654654655,161.0,2.468729599164382
E:\N9_20251512_PKM2.lif,N9_20251512_PKM2,10,clemastine/5/R4,N9_20251512_PKM2_S11_clemastine_5_R4,35,35961,22598,22279,8711,1,22279,0,0,8711,18,112,20,16.055555555555557,1.3400743428622002,137,532.5,15.0,95.0,65.0,19,144,29,13.47191011235955,1.3592620853718749,137,532.5,15.0,95.0,65.0,12,44,15,11.969696969696969,1.3036390770290438,87,227.5,9.0,50.0,40.0,327.1284617801517,114.0,2.869547910352208,244.7740065492521,207.0,1.1824831234263389,204.8833525090716,206.0,0.994579381111998,272.12032038233474,161.0,1.6901883253561163,359.7173987061627,161.0,2.234269557181135
E:\N9_20251512_PKM2.lif,N9_20251512_PKM2,10,clemastine/5/R4,N9_20251512_PKM2_S11_clemastine_5_R4,36,30700,18991,18991,9082,1,0,18991,0,9082,15,35,9,21.448275862068964,1.296403559580854,149,367.5,11.0,70.0,72.5,15,35,9,21.448275862068964,1.296403559580854,149,367.5,11.0,70.0,72.5,9,33,10,15.08695652173913,1.3830654040960142,106,257.5,8.0,45.0,50.0,113.95466273497972,114.0,0.9996023046928044,821.2153125164551,207.0,3.9672237319635513,194.1287451950924,206.0,0.94237254949074,296.066979095361,161.0,1.838925335996031,439.7964879272499,161.0,2.73165520451708
E:\N9_20251512_PKM2.lif,N9_20251512_PKM2,10,clemastine/5/R4,N9_20251512_PKM2_S11_clemastine_5_R4,37,27948,11213,0,11213,1,0,0,13948,11213,12,40,3,18.344827586206897,1.782038705074467,178,390.0,6.0,115.0,90.0,0,0,0,0.0,,0,0.0,0.0,,,12,40,3,18.344827586206897,1.782038705074467,178,390.0,6.0,115.0,90.0,146.49558548113797,114.0,1.2850489954485786,209.49763667172036,207.0,1.012065877641161,271.3052558782849,206.0,1.3170158052343928,290.2700436992776,161.0,1.8029195260824693,319.22063037249285,161.0,1.9827368346117569
E:\N9_20251512_PKM2.lif,N9_20251512_PKM2,10,clemastine/5/R4,N9_20251512_PKM2_S11_clemastine_5_R4,38,12580,8449,7869,5066,1,0,7869,0,5066,8,48,10,12.1,1.2568351284175645,85,217.5,16.0,55.0,40.0,12,37,10,13.16,1.323039776337527,88,227.5,10.0,55.0,40.0,10,23,2,12.105263157894736,1.1944334780892223,61,167.5,13.0,40.0,27.5,116.4774529530122,114.0,1.0217320434474753,664.5834286440463,207.0,3.210547964463992,170.44064386317908,206.0,0.827381766326112,272.0950408332347,161.0,1.690031309523197,256.0658273381295,161.0,1.5904709772554628
E:\N9_20251512_PKM2.lif,N9_20251512_PKM2,12,clemastine/5/R15,N9_20251512_PKM2_S13_clemastine_5_R15,1,15067,9499,6247,7764,1,0,6247,0,7764,6,30,4,17.0,1.1193809874723657,87,197.5,9.0,65.0,40.0,7,29,13,10.19047619047619,1.109492556427085,69,162.5,12.0,50.0,32.5,5,15,1,22.454545454545453,1.157908294693457,82,212.5,10.0,60.0,37.5,111.9244130961154,106.0,1.0558906895859943,705.0633904274051,200.0,3.525316952137026,177.2326560690599,190.0,0.9328034529950522,306.49889462048634,163.0,1.8803613166901003,306.40204678362574,163.0,1.879767158181753
E:\N9_20251512_PKM2.lif,N9_20251512_PKM2,12,clemastine/5/R15,N9_20251512_PKM2_S13_clemastine_5_R15,2,15048,10996,2426,10116,1,0,2426,0,10116,12,42,6,14.161290322580646,1.2114405238268462,95,207.5,7.0,55.0,45.0,9,41,14,9.807692307692308,1.74237427864798,62,137.5,6.0,40.0,27.5,12,41,19,12.88888888888889,1.267497034400949,90,227.5,11.0,55.0,42.5,113.10549290651146,106.0,1.0670329519482211,369.9740313272877,200.0,1.8498701566364384,184.733448526737,190.0,0.972281308035458,429.67051655147327,163.0,2.6360154389660937,414.09722222222223,163.0,2.5404737559645536
E:\N9_20251512_PKM2.lif,N9_20251512_PKM2,12,clemastine/5/R15,N9_20251512_PKM2_S13_clemastine_5_R15,3,38562,18900,17211,11145,1,0,17211,0,11145,27,131,25,13.634146341463415,1.9844973544973543,206,757.5,14.0,80.0,100.0,25,120,25,12.653846153846152,1.9809424205450004,208,627.5,15.0,70.0,100.0,33,83,23,11.151515151515152,2.8108568864961865,228,582.5,10.0,50.0,110.0,110.0983597883598,106.0,1.0386637715882998,763.8440532217768,200.0,3.819220266108884,186.17079365079368,190.0,0.9798462823725982,309.89820105820104,163.0,1.901215957412276,406.5526584867076,163.0,2.4941880888755064
E:\N9_20251512_PKM2.lif,N9_20251512_PKM2,12,clemastine/5/R15,N9_20251512_PKM2_S13_clemastine_5_R15,4,22607,12174,12082,8407,1,0,12082,0,8407,14,48,9,15.030303030303031,1.5945457532446197,124,347.5,11.0,55.0,60.0,15,49,9,14.735294117647058,1.5944380069524913,122,367.5,12.0,55.0,57.5,16,81,22,10.705882352941176,1.8463185440704173,131,292.5,7.0,50.0,62.5,110.3530474782323,106.0,1.0410664856437009,888.1285383214699,200.0,4.44064269160735,184.8762115984886,190.0,0.9730326926236242,396.22186627238375,163.0,2.4308089955360965,473.4597602739726,163.0,2.904661105975292
E:\N9_20251512_PKM2.lif,N9_20251512_PKM2,12,clemastine/5/R15,N9_20251512_PKM2_S13_clemastine_5_R15,5,23102,8271,0,8271,1,0,0,0,8271,6,10,4,30.545454545454547,1.6129851287631485,117,267.5,5.0,60.0,55.0,0,0,0,0.0,,0,0.0,0.0,,,6,10,4,30.545454545454547,1.6129851287631485,117,267.5,5.0,60.0,55.0,111.83206383750452,106.0,1.0550194701651372,216.22705839680813,200.0,1.081135291984041,197.65107000362715,190.0,1.0402687894927742,263.96348688187646,163.0,1.6194078949808373,257.43248242693306,163.0,1.5793403829873194
E:\N9_20251512_PKM2.lif,N9_20251512_PKM2,12,clemastine/5/R15,N9_20251512_PKM2_S13_clemastine_5_R15,6,62493,38446,36016,14001,1,0,36016,0,14001,42,255,67,12.42603550295858,1.6626437080580554,203,1037.5,16.0,80.0,97.5,41,273,76,11.773809523809524,1.7371168369613506,202,997.5,19.0,95.0,97.5,19,67,20,16.755102040816325,3.6857367330904935,218,697.5,12.0,130.0,103.25,109.24886854289132,106.0,1.030649703234824,796.8525099955575,200.0,3.984262549977788,194.62157311553867,190.0,1.0243240690291509,253.23771003485408,163.0,1.5536055830359146,320.7080369843528,163.0,1.967533969229158
E:\N9_20251512_PKM2.lif,N9_20251512_PKM2,12,clemastine/5/R15,N9_20251512_PKM2_S13_clemastine_5_R15,7,25536,18169,3883,18169,1,0,3883,7984,18169,19,30,8,19.0,1.3600088062083768,131,417.5,13.0,80.0,62.5,6,16,2,13.833333333333334,1.483131599278908,73,157.5,5.0,40.0,32.5,19,30,8,19.0,1.3600088062083768,131,417.5,13.0,80.0,62.5,122.26820408387914,106.0,1.153473623432822,387.4169456605717,200.0,1.9370847283028587,275.4655194555028,190.0,1.4498185234500145,484.1297264571523,163.0,2.9701210212095237,575.2304492512479,163.0,3.5290211610506006
E:\N9_20251512_PKM2.lif,N9_20251512_PKM2,12,clemastine/5/R15,N9_20251512_PKM2_S13_clemastine_5_R15,8,30760,13662,956,13662,1,0,956,5779,13662,22,111,28,8.915492957746478,1.649978041282389,131,432.5,11.0,80.0,62.5,2,12,2,8.166666666666666,1.1673640167364017,41,62.5,3.0,15.0,17.5,22,111,28,8.915492957746478,1.649978041282389,131,432.5,11.0,80.0,62.5,114.18042746303615,106.0,1.077173843990907,355.255230125523,200.0,1.776276150627615,264.10428410372043,190.0,1.390022547914318,459.3680281071585,163.0,2.8182087613936107,579.8419689119171,163.0,3.557312692711148
E:\N9_20251512_PKM2.lif,N9_20251512_PKM2,12,clemastine/5/R15,N9_20251512_PKM2_S13_clemastine_5_R15,9,5886,5430,3038,5102,0,80,3038,0,5102,5,26,6,12.714285714285714,1.0828729281767957,74,132.5,5.0,40.0,35.0,4,44,5,10.473684210526317,1.3969716919025674,65,147.5,6.0,30.0,30.0,7,44,11,8.923076923076923,1.1524892199137593,74,142.5,4.0,30.0,35.0,263.8625,106.0,2.4892688679245283,381.3801843317973,200.0,1.9069009216589865,213.72725598526705,190.0,1.1248802946593002,346.5322283609576,163.0,2.125964591171519,,163.0,
E:\N9_20251512_PKM2.lif,N9_20251512_PKM2,12,clemastine/5/R15,N9_20251512_PKM2_S13_clemastine_5_R15,10,23236,14423,2177,14423,1,0,2177,15583,14423,38,115,32,8.811111111111112,1.558690979685225,217,452.5,7.0,160.0,109.48717948717947,5,3,0,19.5,1.7937528709232888,91,112.5,4.0,15.0,44.642857142857146,38,115,32,8.811111111111112,1.558690979685225,217,452.5,7.0,160.0,109.48717948717947,115.76384940719684,106.0,1.0921117868603476,380.71015158474967,200.0,1.9035507579237485,299.6973721390223,190.0,1.5773545902053807,451.23989461277125,163.0,2.768342911734793,501.5610801543078,163.0,3.077061841437471
E:\N9_20251512_PKM2.lif,N9_20251512_PKM2,12,clemastine/5/R15,N9_20251512_PKM2_S13_clemastine_5_R15,11,32829,26934,0,26934,0,0,0,17841,26934,29,97,33,15.732394366197184,1.2665404321675209,160,572.5,16.0,95.0,77.5,0,0,0,0.0,,0,0.0,0.0,,,29,97,33,15.732394366197184,1.2665404321675209,160,572.5,16.0,95.0,77.5,118.65463726145391,106.0,1.1193833703910747,582.2003787034974,200.0,2.9110018935174877,276.82554536832123,190.0,1.4569765545701117,491.4223286552313,163.0,3.014860911995284,,163.0,
E:\N9_20251512_PKM2.lif,N9_20251512_PKM2,12,clemastine/5/R15,N9_20251512_PKM2_S13_clemastine_5_R15,12,14376,13044,13023,7400,1,0,13023,0,7400,13,52,9,14.848484848484848,1.1951855259122968,114,312.5,9.0,45.0,55.0,13,78,14,12.51063829787234,1.1971128004300085,114,312.5,9.0,45.0,55.0,6,16,3,20.90909090909091,1.2447297297297295,98,217.5,8.0,35.0,45.0,110.32244710211592,106.0,1.0407778028501502,1129.7726330338633,200.0,5.648863165169316,197.01165286721863,190.0,1.036903436143256,330.56585403250534,163.0,2.0280113744325483,376.9862363550071,163.0,2.3127989960429884
E:\N9_20251512_PKM2.lif,N9_20251512_PKM2,12,clemastine/5/R15,N9_20251512_PKM2_S13_clemastine_5_R15,13,18473,15273,0,15273,1,0,0,13034,15273,15,51,21,12.205882352941176,1.1658482289006744,103,282.5,14.0,70.0,47.5,0,0,0,0.0,,0,0.0,0.0,,,15,51,21,12.205882352941176,1.1658482289006744,103,282.5,14.0,70.0,47.5,115.5071695148301,106.0,1.0896902784417934,258.7618673476069,200.0,1.2938093367380343,274.0374487004104,190.0,1.4423023615811073,539.4487657958489,163.0,3.30950163064938,548.9428811423771,163.0,3.3677477370697986
E:\N9_20251512_PKM2.lif,N9_20251512_PKM2,12,clemastine/5/R15,N9_20251512_PKM2_S13_clemastine_5_R15,14,14406,8079,0,8079,1,0,0,1828,8079,9,20,3,17.0625,1.1010025993316004,86,147.5,5.0,60.0,40.0,0,0,0,0.0,,0,0.0,0.0,,,9,20,3,17.0625,1.1010025993316004,86,147.5,5.0,60.0,40.0,114.15224656516897,106.0,1.076907986463858,267.7405619507365,200.0,1.3387028097536824,277.62680412371134,190.0,1.46119370591427,425.5224656516896,163.0,2.610567273936746,480.79904306220095,163.0,2.9496873807496997
E:\N9_20251512_PKM2.lif,N9_20251512_PKM2,12,clemastine/5/R15,N9_20251512_PKM2_S13_clemastine_5_R15,15,31313,11767,3457,11767,1,0,3457,9779,11767,33,165,43,7.556701030927835,1.651058043681482,117,452.5,21.0,55.0,55.0,3,25,7,10.875,1.532831935203934,69,152.5,7.0,35.0,32.5,33,165,43,7.556701030927835,1.651058043681482,117,452.5,21.0,55.0,55.0,115.53327101215262,106.0,1.0899365189825718,412.4715070870697,200.0,2.0623575354353485,280.67616645649434,190.0,1.47724298134997,441.785586810572,163.0,2.710341023377742,498.22791900043086,163.0,3.0566130000026432
E:\N9_20251512_PKM2.lif,N9_20251512_PKM2,12,clemastine/5/R15,N9_20251512_PKM2_S13_clemastine_5_R15,16,26264,17669,10914,17404,1,0,10914,18142,17404,22,70,12,14.94,1.2910181674118513,208,422.5,6.0,150.0,100.0,20,95,19,10.7,1.356972695620304,97,332.5,11.0,55.0,45.0,20,60,9,15.953488372093023,1.3106757067340842,208,422.5,6.0,150.0,100.0,117.29730035655668,106.0,1.106578305250535,821.6677661718893,200.0,4.108338830859447,297.7763675243154,190.0,1.56724403960166,528.1717697662573,163.0,3.2403176059279586,576.9455864570738,163.0,3.539543475196772
E:\N9_20251512_PKM2.lif,N9_20251512_PKM2,12,clemastine/5/R15,N9_20251512_PKM2_S13_clemastine_5_R15,17,50259,15324,161,15324,1,0,161,41965,15324,25,78,16,14.52542372881356,2.2372748629600627,217,605.0,10.0,130.0,109.48717948717947,6,8,6,3.625,2.440993788819876,48,32.5,2.0,10.0,24.166666666666668,25,78,16,14.52542372881356,2.2372748629600627,217,605.0,10.0,130.0,109.48717948717947,114.41268598277212,106.0,1.0793649621016237,376.1304347826087,200.0,1.8806521739130435,369.273616343089,190.0,1.9435453491741528,293.84534064213,163.0,1.802732151178712,336.4851936218679,163.0,2.0643263412384534
E:\N9_20251512_PKM2.lif,N9_20251512_PKM2,12,clemastine/5/R15,N9_20251512_PKM2_S13_clemastine_5_R15,19,24484,10693,462,10693,1,0,462,0,10693,16,46,9,15.314285714285717,1.382119143364818,140,345.0,7.0,45.0,67.5,3,3,1,4.0,1.051948051948052,25,37.5,6.0,15.0,10.0,16,46,9,15.314285714285717,1.382119143364818,140,345.0,7.0,45.0,67.5,109.10221640325446,106.0,1.029266192483533,352.34632034632034,200.0,1.7617316017316016,204.5019171420556,190.0,1.0763258796950292,270.50939867202845,163.0,1.6595668630185794,284.05627705627705,163.0,1.742676546357528
E:\N9_20251512_PKM2.lif,N9_20251512_PKM2,12,clemastine/5/R15,N9_20251512_PKM2_S13_clemastine_5_R15,20,74950,18938,11184,13931,1,11,11184,60479,13931,22,58,4,20.11111111111111,1.7045094518956596,151,472.5,13.0,80.0,72.5,27,81,10,11.448275862068966,1.3753576537911305,93,322.5,11.0,75.0,42.5,15,57,24,16.073170731707318,1.7982197975737564,146,467.5,16.0,75.0,70.0,255.45454545454547,106.0,2.4099485420240137,811.2922925608011,200.0,4.056461462804005,382.8187467332598,190.0,2.01483550912242,275.0690146794804,163.0,1.6875399673587754,358.8836363636364,163.0,2.201740100390407
E:\N9_20251512_PKM2.lif,N9_20251512_PKM2,12,clemastine/5/R15,N9_20251512_PKM2_S13_clemastine_5_R15,21,9317,9146,7349,8884,1,0,7349,0,8884,4,4,1,28.4,1.0407828558932868,84,192.5,7.0,70.0,40.0,10,44,13,11.25,1.2848006531500884,85,197.5,6.0,75.0,40.0,8,20,5,11.705882352941176,1.0585321927059883,84,192.5,8.0,40.0,40.0,119.8370872512574,106.0,1.1305385589741264,602.3347394203292,200.0,3.0116736971016462,220.88136890443909,190.0,1.1625335205496794,495.83140170566367,163.0,3.041910439912047,499.6454545454545,163.0,3.065309537088678
E:\N9_20251512_PKM2.lif,N9_20251512_PKM2,12,clemastine/5/R15,N9_20251512_PKM2_S13_clemastine_5_R15,22,50208,28281,2610,28245,1,36,2574,0,28245,19,85,16,17.137931034482758,2.065414942894523,257,622.5,11.0,165.0,125.0,8,41,13,8.222222222222221,4.226053639846743,158,172.5,4.0,20.0,78.6,19,85,16,17.42105263157895,1.9816958753761729,257,612.5,10.0,165.0,125.0,346.75,106.0,3.27122641509434,363.6732711732712,200.0,1.818366355866356,208.21487924755132,190.0,1.0958677855134282,310.26848414129626,163.0,1.9034876327686887,345.9162450815065,163.0,2.122185552647279
E:\N9_20251512_PKM2.lif,N9_20251512_PKM2,12,clemastine/5/R15,N9_20251512_PKM2_S13_clemastine_5_R15,23,23339,11250,457,11250,1,0,457,0,11250,11,31,6,19.0,1.4113777777777778,118,312.5,5.0,35.0,57.5,4,12,4,4.25,1.135667396061269,26,27.5,4.0,15.0,10.0,11,31,6,19.0,1.4113777777777778,118,312.5,5.0,35.0,57.5,107.72773333333332,106.0,1.0162993710691823,357.09190371991247,200.0,1.7854595185995623,189.5048888888889,190.0,0.9973941520467836,244.4371555555556,163.0,1.4996144512610772,239.64003228410007,163.0,1.470184247141718
E:\N9_20251512_PKM2.lif,N9_20251512_PKM2,12,clemastine/5/R15,N9_20251512_PKM2_S13_clemastine_5_R15,24,11291,10662,4573,10662,1,0,4573,8996,10662,8,18,1,20.0,1.0605890076908648,79,197.5,11.0,55.0,37.5,5,3,1,31.25,1.3551279247758583,66,167.5,8.0,35.0,30.0,8,18,1,20.0,1.0605890076908648,79,197.5,11.0,55.0,37.5,115.9063027574564,106.0,1.093455686391098,562.9037830745681,200.0,2.8145189153728403,299.5085247454416,190.0,1.5763606565549555,762.3774151191146,163.0,4.677162055945488,705.8788022813688,163.0,4.330544799272202
E:\N9_20251512_PKM2.lif,N9_20251512_PKM2,12,clemastine/5/R15,N9_20251512_PKM2_S13_clemastine_5_R15,25,4876,4227,3667,4150,0,0,3667,0,4150,7,19,5,9.133333333333333,1.1381594511473858,55,147.5,13.0,40.0,25.0,3,9,0,14.833333333333334,1.1019907281156258,52,72.5,5.0,40.0,22.5,7,20,7,8.866666666666667,1.159277108433735,55,147.5,11.0,40.0,25.0,117.71705701443103,106.0,1.1105382737210474,697.5966730297246,200.0,3.4879833651486227,228.56659569434584,190.0,1.2029820826018205,611.926425360776,163.0,3.754149848839116,,163.0,
E:\N9_20251512_PKM2.lif,N9_20251512_PKM2,12,clemastine/5/R15,N9_20251512_PKM2_S13_clemastine_5_R15,26,50351,13552,0,13552,1,0,0,37008,13552,16,47,6,13.457142857142856,1.3740407319952774,116,337.5,10.0,50.0,55.0,0,0,0,0.0,,0,0.0,0.0,,,16,47,6,13.457142857142856,1.3740407319952774,116,337.5,10.0,50.0,55.0,116.35286304604486,106.0,1.09766851930231,222.20410271546635,200.0,1.1110205135773317,362.81273674242425,190.0,1.9095407196969696,412.41196871310507,163.0,2.530134777381013,486.63398692810455,163.0,2.9854845823810097
E:\N9_20251512_PKM2.lif,N9_20251512_PKM2,12,clemastine/5/R15,N9_20251512_PKM2_S13_clemastine_5_R15,27,8549,3537,0,3537,0,0,0,0,3537,8,32,4,9.48,1.2462538874752616,70,125.0,6.0,30.0,32.5,0,0,0,0.0,,0,0.0,0.0,,,8,32,4,9.48,1.2462538874752616,70,125.0,6.0,30.0,32.5,119.29318631608707,106.0,1.1254074180762932,229.48826689284704,200.0,1.1474413344642351,213.4840260107436,190.0,1.1236001368986503,251.6683630195081,163.0,1.5439776872362458,,163.0,
E:\N9_20251512_PKM2.lif,N9_20251512_PKM2,12,clemastine/5/R15,N9_20251512_PKM2_S13_clemastine_5_R15,28,23534,7082,0,7082,1,0,0,0,7082,10,26,7,17.36842105263158,1.076390850042361,67,217.5,18.0,50.0,30.0,0,0,0,0.0,,0,0.0,0.0,,,10,26,7,17.36842105263158,1.076390850042361,67,217.5,18.0,50.0,30.0,113.5330415136967,106.0,1.0710664293744971,240.35752612256425,200.0,1.2017876306128212,197.639791019486,190.0,1.0402094264183477,378.4682293137532,163.0,2.3218909773849887,338.235477582846,163.0,2.0750642796493617
E:\N9_20251512_PKM2.lif,N9_20251512_PKM2,12,clemastine/5/R15,N9_20251512_PKM2_S13_clemastine_5_R15,30,22804,6218,3500,5954,1,0,3500,3574,5954,7,44,6,12.76,1.1247989707301382,71,162.5,7.0,45.0,32.5,8,20,3,9.8125,1.162,68,102.5,5.0,30.0,30.0,6,38,10,13.727272727272728,1.128653006382264,68,147.5,9.0,50.0,32.5,109.82052106786747,106.0,1.0360426515836554,599.3202857142857,200.0,2.996601428571428,314.3626279863481,190.0,1.654540147296569,343.58571888066905,163.0,2.107887845893675,304.9726424203412,163.0,1.8709978062597616
E:\N9_20251512_PKM2.lif,N9_20251512_PKM2,14,clemastine/5/R14,N9_20251512_PKM2_S15_clemastine_5_R14,1,31699,14626,5808,12505,1,0,5808,15182,12505,23,87,14,11.879310344827584,1.263776835771913,117,387.5,16.0,70.0,55.0,7,27,4,13.066666666666666,1.2444903581267217,83,167.5,7.0,40.0,37.5,26,88,23,9.492307692307692,1.3211515393842463,99,362.5,13.0,60.0,47.5,117.15492957746478,108.0,1.0847678664580072,648.0380509641873,194.0,3.340402324557666,301.34651880644793,190.0,1.5860343095076206,383.3728292082593,157.0,2.441865154192734,428.3627173473514,157.0,2.728424951257016
E:\N9_20251512_PKM2.lif,N9_20251512_PKM2,14,clemastine/5/R14,N9_20251512_PKM2_S15_clemastine_5_R14,2,24731,16830,0,16830,3,0,0,0,16830,47,232,66,7.658227848101266,1.4661319073083778,133,607.5,14.0,70.0,62.5,0,0,0,0.0,,0,0.0,0.0,,,47,232,66,7.658227848101266,1.4661319073083778,133,607.5,14.0,70.0,62.5,114.75210932857992,108.0,1.0625195308201845,234.41497326203208,194.0,1.2083246044434643,203.51176470588237,190.0,1.071114551083591,276.4058229352347,157.0,1.7605466428995842,273.841354224958,157.0,1.7442124472927265
E:\N9_20251512_PKM2.lif,N9_20251512_PKM2,14,clemastine/5/R14,N9_20251512_PKM2_S15_clemastine_5_R14,4,37153,22522,12571,22302,2,0,12571,7328,22302,16,59,17,14.928571428571429,1.3816712547731107,154,377.5,7.0,85.0,75.0,26,84,26,11.783333333333331,1.5418025614509585,128,427.5,15.0,70.0,60.0,16,60,19,14.642857142857142,1.3836427226257737,153,407.5,9.0,85.0,75.0,132.20011544267828,108.0,1.224075142987762,449.0196483971045,194.0,2.314534270088167,266.48093941456773,190.0,1.4025312600766722,380.44924962259125,157.0,2.423243628169371,394.477692926045,157.0,2.512596770229586
E:\N9_20251512_PKM2.lif,N9_20251512_PKM2,14,clemastine/5/R14,N9_20251512_PKM2_S15_clemastine_5_R14,5,72926,8500,0,8500,1,0,0,39495,8500,12,36,4,16.24,1.4218823529411764,97,242.5,5.0,45.0,45.0,0,0,0,0.0,,0,0.0,0.0,,,12,36,4,16.24,1.4218823529411764,97,242.5,5.0,45.0,45.0,162.7309411764706,108.0,1.5067679738562092,249.69082352941177,194.0,1.287066100667071,304.14992805755395,190.0,1.6007890950397576,284.06129411764704,157.0,1.8093076058448856,291.78515479298767,157.0,1.8585041706559724
E:\N9_20251512_PKM2.lif,N9_20251512_PKM2,14,clemastine/5/R14,N9_20251512_PKM2_S15_clemastine_5_R14,6,65270,22966,21639,16478,1,21047,2980,47136,16478,27,135,44,11.9438202247191,1.4883741182617782,144,567.5,14.0,95.0,70.0,21,133,37,13.211764705882352,1.5271962660012015,147,517.5,12.0,90.0,70.0,31,109,56,11.475,1.542480883602379,131,607.5,14.0,65.0,60.21739130434783,328.14995011165485,108.0,3.038425463996804,390.7197986577181,194.0,2.014019580709887,497.543982416005,190.0,2.618652539031605,283.5185927022555,157.0,1.8058509089315635,376.6329787234043,157.0,2.398936170212766
E:\N9_20251512_PKM2.lif,N9_20251512_PKM2,14,clemastine/5/R14,N9_20251512_PKM2_S15_clemastine_5_R14,7,47422,22437,14426,20663,1,867,13939,35948,20663,25,105,21,16.211267605633804,1.970361456522708,214,735.0,12.0,110.0,107.5,28,185,53,8.645454545454545,1.4343546374601417,135,465.0,10.0,55.0,65.0,18,85,19,18.574074074074076,2.138605236412912,214,735.0,16.0,110.0,107.5,228.05882352941177,108.0,2.1116557734204795,427.0475643876892,194.0,2.201276105091181,302.9938033830179,190.0,1.5947042283316732,295.1350447920845,157.0,1.8798410496311115,294.0487934234951,157.0,1.8729222511050645
E:\N9_20251512_PKM2.lif,N9_20251512_PKM2,14,clemastine/5/R14,N9_20251512_PKM2_S15_clemastine_5_R14,8,72746,12924,0,12924,1,0,0,51103,12924,27,101,35,10.363636363636363,1.5435623645930052,110,437.5,19.0,60.0,52.5,0,0,0,0.0,,0,0.0,0.0,,,27,101,35,10.363636363636363,1.5435623645930052,110,437.5,19.0,60.0,52.5,123.48235840297122,108.0,1.1433551703978817,247.84873104302076,194.0,1.277570778572272,368.1099101962966,190.0,1.9374205799805084,367.62480656143606,157.0,2.3415592774613763,417.51523229246,157.0,2.659332689760892
E:\N9_20251512_PKM2.lif,N9_20251512_PKM2,14,clemastine/5/R14,N9_20251512_PKM2_S15_clemastine_5_R14,9,36156,10983,0,10983,1,0,0,16410,10983,18,87,23,10.771929824561404,1.6838750796685786,126,352.5,15.0,50.0,60.0,0,0,0,0.0,,0,0.0,0.0,,,18,87,23,10.771929824561404,1.6838750796685786,126,352.5,15.0,50.0,60.0,120.79395429299828,108.0,1.118462539749984,242.24701811891103,194.0,1.2486959696851083,294.52899802566634,190.0,1.5501526211877177,371.2566693981608,157.0,2.3646921617717247,464.1749785038693,157.0,2.9565285255023523
E:\N9_20251512_PKM2.lif,N9_20251512_PKM2,14,clemastine/5/R14,N9_20251512_PKM2_S15_clemastine_5_R14,10,43655,16418,6954,16377,1,0,6954,33802,16377,21,73,16,13.923076923076923,1.8765379461566571,134,527.5,16.0,125.0,65.0,9,17,2,15.933333333333334,1.2553925798101813,76,182.5,7.0,50.0,35.0,20,70,15,13.82,1.881235879587226,134,527.5,16.0,125.0,65.0,125.63363381654284,108.0,1.1632743871902114,490.09735404083983,194.0,2.5262750208290714,309.7239819004525,190.0,1.6301262205286973,370.3621025703496,157.0,2.358994283887577,381.264367816092,157.0,2.428435463796764
E:\N9_20251512_PKM2.lif,N9_20251512_PKM2,14,clemastine/5/R14,N9_20251512_PKM2_S15_clemastine_5_R14,11,62530,11255,11089,8480,1,0,11089,2423,8480,24,64,20,13.869565217391305,1.167747667703243,86,252.5,16.0,60.0,40.0,21,93,27,11.983050847457626,1.1793669402110198,86,242.5,15.0,60.0,40.0,12,35,9,11.51851851851852,1.1415094339622642,72,162.5,9.0,55.0,32.5,117.76774766770323,108.0,1.0904421080342894,571.1620524844441,194.0,2.9441342911569284,293.38336347197105,190.0,1.5441229656419528,309.70777432252333,157.0,1.9726609829460084,385.04168386297977,157.0,2.4524948016750305
E:\N9_20251512_PKM2.lif,N9_20251512_PKM2,14,clemastine/5/R14,N9_20251512_PKM2_S15_clemastine_5_R14,12,87354,36713,21524,32292,2,2901,18623,62581,32292,49,241,42,12.188311688311687,1.79317952768774,197,1127.5,21.0,120.0,95.0,44,207,45,9.951724137931034,2.197407545065973,210,797.5,17.0,100.0,102.5,47,180,37,12.546875,1.893874643874644,207,1012.5,14.0,105.0,100.0,225.3440193036884,108.0,2.086518697256374,474.6850668528164,194.0,2.446830241509363,301.9197322032691,190.0,1.589051222122469,303.1277476643151,157.0,1.930749985123026,331.6653393665158,157.0,2.1125180851370438
E:\N9_20251512_PKM2.lif,N9_20251512_PKM2,14,clemastine/5/R14,N9_20251512_PKM2_S15_clemastine_5_R14,13,219846,77709,77709,9351,1,77709,0,177924,9351,76,414,106,16.724409448818896,2.374062206436835,338,2717.5,26.0,140.0,165.0,76,414,106,16.724409448818896,2.374062206436835,338,2717.5,26.0,140.0,165.0,6,39,5,19.62962962962963,2.461982675649663,206,402.5,7.0,75.0,100.0,323.30481668789974,108.0,2.9935631174805533,224.48627572095896,194.0,1.1571457511389638,419.78514696897696,190.0,2.2093955103630365,190.1194584925813,157.0,1.2109519649209,256.4980709876544,157.0,1.6337456750806008
E:\N9_20251512_PKM2.lif,N9_20251512_PKM2,14,clemastine/5/R14,N9_20251512_PKM2_S15_clemastine_5_R14,14,22965,9937,8887,8462,1,8887,0,20618,8462,17,62,20,11.533333333333331,1.8684713696286608,125,367.5,7.0,40.0,60.0,16,60,24,11.46341463414634,1.742657814785642,119,307.5,10.0,40.0,57.5,11,37,11,14.892857142857142,2.0561333018199006,126,325.0,6.0,40.0,60.0,280.2233599639923,108.0,2.5946607404073365,225.39861125088052,194.0,1.161848511602477,356.12724601649904,190.0,1.8743539264026263,266.3358156385227,157.0,1.6964064690351766,301.40919366993216,157.0,1.919803781337148
E:\N9_20251512_PKM2.lif,N9_20251512_PKM2,14,clemastine/5/R14,N9_20251512_PKM2_S15_clemastine_5_R14,16,89793,47853,33254,40238,2,33254,0,66698,40238,28,101,23,21.375,1.481808873006917,237,787.5,13.0,105.0,115.0,39,168,47,15.5,2.0086305406868346,237,982.5,12.0,110.0,115.0,18,77,18,21.725490196078432,1.42646254784035,209,672.5,9.0,105.0,102.5,314.159980754195,108.0,2.9088887106869907,255.31228972060268,194.0,1.3160427305185705,354.4344721857205,190.0,1.8654445904511607,386.5963680438008,157.0,2.462397248686629,510.4640649832244,157.0,3.2513634712307287
E:\N9_20251512_PKM2.lif,N9_20251512_PKM2,14,clemastine/5/R14,N9_20251512_PKM2_S15_clemastine_5_R14,19,92449,37213,37212,8743,1,0,37212,4,8743,38,226,55,11.916083916083917,1.7930024453819902,237,1037.5,15.0,105.0,115.0,38,232,56,11.780821917808218,1.79305062882941,237,1037.5,15.0,105.0,115.0,11,71,19,11.333333333333334,1.257234358915704,94,267.5,16.0,55.0,45.0,115.57998548894204,108.0,1.0701850508235375,861.4974739331399,194.0,4.44070862852134,213.48880767473733,190.0,1.1236253035512491,266.6314728723833,157.0,1.69828963612983,363.8307919331038,157.0,2.317393579191744
E:\N9_20251512_PKM2.lif,N9_20251512_PKM2,14,clemastine/5/R14,N9_20251512_PKM2_S15_clemastine_5_R14,23,40969,15848,5843,15674,1,0,5843,0,15674,13,79,21,13.38888888888889,1.3120898536092882,153,452.5,7.0,90.0,75.0,11,39,6,13.08695652173913,1.1963032688687318,74,177.5,10.0,45.0,35.0,13,67,17,14.755102040816327,1.3266556080132703,152,437.5,10.0,60.0,72.5,114.42276627965674,108.0,1.05947005814497,455.01420503166185,194.0,2.345434046554958,205.03110802624937,190.0,1.079111094874997,255.95425290257447,157.0,1.6302818656214937,290.4317867719645,157.0,1.8498839921781176
E:\N9_20251512_PKM2.lif,N9_20251512_PKM2,14,clemastine/5/R14,N9_20251512_PKM2_S15_clemastine_5_R14,25,25741,14678,1578,14580,1,0,1578,0,14580,12,26,3,25.875,1.3562474451560158,165,412.5,6.0,40.0,80.0,4,16,7,13.714285714285714,2.1894803548795942,104,97.5,3.0,10.0,57.333333333333336,11,23,1,28.045454545454547,1.365363511659808,165,412.5,6.0,40.0,80.0,114.49870554571469,108.0,1.060173199497358,359.7680608365019,194.0,1.85447454039434,189.0825725575692,190.0,0.995171434513522,248.13271562883227,157.0,1.580463156871543,238.96593817680645,157.0,1.5220760393427162
E:\N9_20251512_PKM2.lif,N9_20251512_PKM2,16,clemastine/6/R2,N9_20251512_PKM2_S17_clemastine_6_R2,2,16467,7377,3857,7196,1,0,3857,12744,7196,17,72,22,9.91304347826087,1.6822556594821745,89,257.5,9.0,50.0,42.5,5,9,2,20.142857142857142,1.2610837438423643,75,117.5,5.0,40.0,35.0,19,86,33,8.714285714285714,1.7245692051139525,89,282.5,12.0,50.0,42.5,140.8087298359767,123.0,1.1447864214307049,446.3907181747472,202.0,2.2098550404690456,319.30120481927713,210.0,1.5204819277108437,306.5701504676698,179.0,1.7126824048473173,291.8415525114155,179.0,1.6303997347006451
E:\N9_20251512_PKM2.lif,N9_20251512_PKM2,16,clemastine/6/R2,N9_20251512_PKM2_S17_clemastine_6_R2,3,23195,14777,11345,13219,1,11345,0,19124,13219,15,71,16,12.06122448979592,1.216620423631319,122,332.5,9.0,70.0,57.5,20,86,20,11.0,1.357866901718819,123,362.5,16.0,60.0,60.0,10,38,8,16.541666666666668,1.3168923519176945,128,282.5,10.0,80.0,62.5,321.4663728514764,123.0,2.613547746759971,215.64451512485616,202.0,1.067547104578496,348.1173960273122,210.0,1.657701885844344,407.3673276037085,179.0,2.275795126277701,298.70134493670884,179.0,1.6687225974117812
E:\N9_20251512_PKM2.lif,N9_20251512_PKM2,16,clemastine/6/R2,N9_20251512_PKM2_S17_clemastine_6_R2,4,42784,34283,33960,20484,2,32484,4878,21631,20484,37,148,45,14.247706422018348,1.2959192602747718,165,647.5,13.0,120.0,80.0,30,121,32,16.144444444444446,1.3022968197879858,165,622.5,12.0,120.0,80.0,35,153,55,8.900990099009901,1.5498437805116188,155,502.5,10.0,115.0,75.0,450.5354020440832,123.0,3.662889447512872,436.2308323083231,202.0,2.1595585757837776,276.7075814230748,210.0,1.3176551496336897,294.5257124522358,179.0,1.6453950416326022,381.0822532402792,179.0,2.128951135420554
E:\N9_20251512_PKM2.lif,N9_20251512_PKM2,16,clemastine/6/R2,N9_20251512_PKM2_S17_clemastine_6_R2,6,8117,7917,7785,3504,0,4729,7448,6048,3504,5,15,1,22.7,1.0425666287735254,78,182.5,8.0,60.0,37.5,7,15,1,20.09090909090909,1.0602440590879898,78,222.5,12.0,50.0,37.5,11,29,4,12.15,1.7528538812785388,111,182.5,5.0,15.0,52.5,291.22880101501374,123.0,2.367713829390356,1108.1796455424276,202.0,5.486037849219938,280.3610643314247,210.0,1.3350526872924986,243.70001263104712,179.0,1.3614525845309895,,179.0,
E:\N9_20251512_PKM2.lif,N9_20251512_PKM2,16,clemastine/6/R2,N9_20251512_PKM2_S17_clemastine_6_R2,8,5071,2330,0,2330,0,0,0,0,2330,6,12,3,15.22222222222222,1.3815450643776823,59,132.5,9.0,25.0,27.5,0,0,0,0.0,,0,0.0,0.0,,,6,12,3,15.22222222222222,1.3815450643776823,59,132.5,9.0,25.0,27.5,129.7755364806867,123.0,1.0550856624446072,766.2038626609442,202.0,3.793088429014576,227.3708154506438,210.0,1.0827181688125895,212.5472103004292,179.0,1.187414582683962,,179.0,
E:\N9_20251512_PKM2.lif,N9_20251512_PKM2,16,clemastine/6/R2,N9_20251512_PKM2_S17_clemastine_6_R2,9,83122,54748,32875,46085,5,0,32875,76246,46085,65,303,62,12.615384615384617,1.573244684737342,278,1217.5,14.0,105.0,135.0,36,224,51,11.223021582733812,1.7367300380228137,267,717.5,11.0,45.0,130.0,61,233,46,13.10909090909091,1.8153195182814368,274,1352.5,14.0,115.0,135.0,151.5093519397969,123.0,1.2317833491040395,559.9978707224335,202.0,2.7722666867447203,423.7410140212255,210.0,2.0178143524820262,295.40490976839334,179.0,1.6503067584826443,335.07272727272726,179.0,1.8719146775012696
E:\N9_20251512_PKM2.lif,N9_20251512_PKM2,16,clemastine/6/R2,N9_20251512_PKM2_S17_clemastine_6_R2,10,14983,14924,14888,10282,1,0,14888,4726,10282,3,21,3,29.7,1.0465692843741623,111,237.5,12.0,75.0,52.5,3,39,9,19.17391304347826,1.049099946265449,111,237.5,12.0,75.0,52.5,24,104,19,8.867647058823529,1.3902937171756469,157,297.5,4.0,55.0,75.0,127.31881533101046,123.0,1.0351123197643126,1670.6377619559378,202.0,8.2704839700789,274.8828291435876,210.0,1.3089658530647028,326.1902305012061,179.0,1.8222917905095315,380.5188394875659,179.0,2.1258035725562343
E:\N9_20251512_PKM2.lif,N9_20251512_PKM2,16,clemastine/6/R2,N9_20251512_PKM2_S17_clemastine_6_R2,11,27915,20944,20551,10092,1,0,20551,0,10092,29,125,40,11.545454545454543,1.3208078686019862,142,482.5,10.0,90.0,67.5,28,102,22,14.095890410958903,1.3299109532382851,144,437.5,8.0,65.0,70.0,26,105,23,7.902777777777778,2.160721363456203,144,457.5,7.0,70.0,70.0,122.48572383498856,123.0,0.9958188929673866,928.0364459150406,202.0,4.594239831262578,214.0755825057296,210.0,1.0194075357415693,266.6311592818945,179.0,1.4895595490608635,325.87212863705975,179.0,1.8205146851232388
E:\N9_20251512_PKM2.lif,N9_20251512_PKM2,16,clemastine/6/R2,N9_20251512_PKM2_S17_clemastine_6_R2,12,8787,4250,0,4250,0,0,0,7267,4250,7,21,6,11.625,1.3291764705882354,69,142.5,7.0,45.0,32.5,0,0,0,0.0,,0,0.0,0.0,,,7,21,6,11.625,1.3291764705882354,69,142.5,7.0,45.0,32.5,149.8209411764706,123.0,1.2180564323290293,238.0418823529412,202.0,1.178425160163075,270.6520156046814,210.0,1.2888191219270544,258.2301176470588,179.0,1.442626355570161,,179.0,
E:\N9_20251512_PKM2.lif,N9_20251512_PKM2,16,clemastine/6/R2,N9_20251512_PKM2_S17_clemastine_6_R2,13,59637,35675,33533,14040,1,33438,561,39876,14040,45,198,34,14.523809523809524,1.652613875262789,310,975.0,12.0,170.0,152.5,48,171,27,14.808695652173911,1.747114782453106,183,1122.5,15.0,95.0,87.5,21,105,34,12.75,2.128988603988604,303,552.5,10.0,280.0,159.52830188679246,371.24059453316585,123.0,3.0182162157167958,422.6666666666667,202.0,2.0924092409240926,311.6258236803773,210.0,1.4839324937160825,233.81415557112825,179.0,1.3062243327995993,290.8463665086888,179.0,1.62484003636139
E:\N9_20251512_PKM2.lif,N9_20251512_PKM2,16,clemastine/6/R2,N9_20251512_PKM2_S17_clemastine_6_R2,15,58848,50399,49442,30011,2,49179,7182,54860,30011,38,255,61,13.06145251396648,1.2515129268437866,180,737.5,14.0,120.0,87.5,42,255,62,13.393063583815028,1.2098216091582057,179,817.5,18.0,135.0,87.5,56,252,64,9.625,1.9645463330112287,187,872.5,12.0,95.0,90.0,642.8336485085098,123.0,5.2262898252724375,490.2516012252854,202.0,2.4269881248776506,415.5342024988509,210.0,1.978734297613576,283.3543324272307,179.0,1.5829850973588306,367.6239661085334,179.0,2.053765173790689
E:\N9_20251512_PKM2.lif,N9_20251512_PKM2,16,clemastine/6/R2,N9_20251512_PKM2_S17_clemastine_6_R2,16,21747,12367,5154,11958,1,1262,3892,19052,11958,19,54,27,16.95,1.9462278644780464,138,492.5,13.0,60.0,67.5,20,28,9,11.346153846153848,2.0655801319363603,128,237.5,10.0,40.0,62.5,19,68,33,14.063829787234043,1.9872888442883423,138,462.5,8.0,60.0,65.0,259.00713153724246,123.0,2.10574903688815,424.9352517985611,202.0,2.1036398603889164,310.6015906778877,210.0,1.4790551937042271,275.9357160184361,179.0,1.5415403129521572,284.4332915098285,179.0,1.5890128017308855
E:\N9_20251512_PKM2.lif,N9_20251512_PKM2,16,clemastine/6/R2,N9_20251512_PKM2_S17_clemastine_6_R2,17,34920,23214,20031,16945,2,19813,354,27361,16945,39,164,31,10.787610619469026,1.4864736796760576,133,587.5,13.0,70.0,62.5,35,125,30,11.86046511627907,1.628276171933503,136,557.5,12.0,80.0,65.0,32,133,36,10.54255319148936,1.972322218943641,135,622.5,12.0,65.0,65.0,406.21319335789633,123.0,3.302546287462572,364.30790960451975,202.0,1.803504502992672,318.80042313117065,210.0,1.5180972530055743,292.4987938313087,179.0,1.6340714739179258,307.58784893267654,179.0,1.7183678711322712
E:\N9_20251512_PKM2.lif,N9_20251512_PKM2,16,clemastine/6/R2,N9_20251512_PKM2_S17_clemastine_6_R2,18,38874,22639,15273,18510,1,15273,0,33338,18510,47,237,79,9.401234567901234,1.888952692256725,184,727.5,11.0,90.0,90.0,31,130,42,10.308510638297872,2.19806193937013,168,617.5,9.0,65.0,82.5,72,270,90,7.629213483146067,2.288708806050783,172,987.5,15.0,85.0,82.5,273.6814640214758,123.0,2.225052553020128,239.561023013384,202.0,1.1859456584820989,349.5538925019128,210.0,1.664542345247204,287.4622553999735,179.0,1.6059343877093493,332.07860824742266,179.0,1.8551877555721936
E:\N9_20251512_PKM2.lif,N9_20251512_PKM2,16,clemastine/6/R2,N9_20251512_PKM2_S17_clemastine_6_R2,19,22773,18602,17816,10938,0,17317,8895,20464,10938,17,89,21,15.21818181818182,1.4079668852811529,140,417.5,8.0,60.0,67.5,22,87,27,14.709677419354838,1.4623372249663225,140,452.5,7.0,95.0,67.5,24,113,32,10.253521126760564,1.6000182848784057,136,385.0,8.0,45.0,67.5,424.1396893226309,123.0,3.4482901570945605,722.1808881394041,202.0,3.575152911581209,363.16104680422745,210.0,1.7293383181153688,266.23363079238794,179.0,1.4873387195105472,,179.0,
E:\N9_20251512_PKM2.lif,N9_20251512_PKM2,16,clemastine/6/R2,N9_20251512_PKM2_S17_clemastine_6_R2,20,48513,35927,29178,24557,2,29178,201,43925,24557,33,225,54,12.46808510638298,1.387647173435021,187,722.5,17.0,125.0,90.0,41,199,45,11.797101449275363,1.484817328123929,162,712.5,18.0,95.0,77.5,27,171,45,10.3125,1.7221566152217291,199,602.5,12.0,105.0,97.5,364.1928165055864,123.0,2.960917207362491,391.3283582089553,202.0,1.937269100044333,312.851833830059,210.0,1.4897706372859951,292.4362457204888,179.0,1.6337220431312225,337.00710594315245,179.0,1.8827212622522485
E:\N9_20251512_PKM2.lif,N9_20251512_PKM2,16,clemastine/6/R2,N9_20251512_PKM2_S17_clemastine_6_R2,21,32039,18488,7125,16605,2,7125,0,26461,16605,30,130,40,11.0,1.3742427520553873,114,442.5,12.0,75.0,55.0,15,43,10,13.03125,1.7414736842105265,113,247.5,9.0,60.0,52.5,33,111,30,9.924050632911392,1.5203252032520325,113,492.5,14.0,95.0,52.5,288.4437894736842,123.0,2.345071459135644,224.70418649935093,202.0,1.112396962868074,309.64466398187767,210.0,1.4744983999137031,306.6063392470792,179.0,1.712884576799325,292.736733287388,179.0,1.6354007446222794
E:\N9_20251512_PKM2.lif,N9_20251512_PKM2,16,clemastine/6/R2,N9_20251512_PKM2_S17_clemastine_6_R2,22,49150,22982,8717,22293,1,8717,0,41800,22293,38,161,48,12.361904761904762,2.1437646854059698,186,862.5,13.0,65.0,90.0,39,140,51,6.451923076923077,2.128255133646897,151,457.5,9.0,50.0,72.5,37,137,34,12.97872340425532,2.201587942403445,183,872.5,14.0,95.0,87.5,252.2426293449581,123.0,2.0507530841053505,238.6847532851797,202.0,1.1816076895305927,321.6264672378783,210.0,1.5315546058946583,280.07149073187713,179.0,1.5646451996194253,338.47535211267603,179.0,1.890923754819419
E:\N9_20251512_PKM2.lif,N9_20251512_PKM2,16,clemastine/6/R2,N9_20251512_PKM2_S17_clemastine_6_R2,23,18655,14955,12545,11569,1,0,12545,2380,11569,30,90,29,11.112676056338028,1.4254764292878637,160,447.5,8.0,70.0,77.5,18,39,7,18.205882352941178,1.6259864487843765,169,392.5,9.0,110.0,82.5,32,124,49,8.313253012048193,1.7625551041576628,151,477.5,7.0,35.0,72.5,131.94984954864594,123.0,1.072763004460536,610.6577122359506,202.0,3.023057981366092,306.77787769784175,210.0,1.4608470366563893,308.0847208291541,179.0,1.721143691782984,310.81646423751687,179.0,1.7364048281425524
E:\N9_20251512_PKM2.lif,N9_20251512_PKM2,16,clemastine/6/R2,N9_20251512_PKM2_S17_clemastine_6_R2,24,31367,20365,13857,15485,2,0,13857,20873,15485,23,135,40,10.910112359550562,1.53061625337589,143,452.5,11.0,75.0,70.0,27,91,15,11.757575757575758,1.694811286714296,132,412.5,9.0,85.0,62.5,37,153,53,7.564814814814815,1.5485954149176622,224,412.5,8.0,150.0,114.26829268292684,141.15025779523694,123.0,1.1475630715059917,618.2120228043588,202.0,3.06045555843742,267.5807493105536,210.0,1.2741940443359694,331.0567640559784,179.0,1.8494791288043488,370.2580267166628,179.0,2.0684805961824737
E:\N9_20251512_PKM2.lif,N9_20251512_PKM2,16,clemastine/6/R2,N9_20251512_PKM2_S17_clemastine_6_R2,25,5371,2831,12,2819,0,0,12,0,2819,15,57,7,7.138888888888889,1.5867184740374427,59,185.0,8.0,35.0,27.5,2,0,0,5.0,1.1666666666666667,14,5.0,2.0,5.0,5.0,13,57,7,7.2,1.5633203263568642,59,180.0,8.0,35.0,27.5,120.133874955846,123.0,0.9766981703727317,446.25,202.0,2.209158415841584,224.9018014835747,210.0,1.0709609594455938,236.7124690921936,179.0,1.3224160284480089,,179.0,
E:\N9_20251512_PKM2.lif,N9_20251512_PKM2,16,clemastine/6/R2,N9_20251512_PKM2_S17_clemastine_6_R2,26,9671,7103,0,7103,1,0,0,7645,7103,9,26,8,14.105263157894736,1.055328734337604,67,182.5,25.0,50.0,30.0,0,0,0,0.0,,0,0.0,0.0,,,9,26,8,14.105263157894736,1.055328734337604,67,182.5,25.0,50.0,30.0,135.64690975644095,123.0,1.10282040452391,247.634520625088,202.0,1.2259134684410296,257.8859254498715,210.0,1.2280282164279597,371.1557088554132,179.0,2.073495580197839,394.65034965034965,179.0,2.204750556705864
E:\N9_20251512_PKM2.lif,N9_20251512_PKM2,16,clemastine/6/R2,N9_20251512_PKM2_S17_clemastine_6_R2,27,11098,10952,10717,9067,1,0,10717,373,9067,8,14,6,15.307692307692308,1.04191015339664,82,227.5,27.0,60.0,37.5,5,29,5,15.894736842105264,1.05766539143417,83,187.5,17.0,60.0,37.5,18,73,24,8.085106382978724,1.1870519466196097,78,212.5,13.0,55.0,35.0,122.34039444850256,123.0,0.994637353239858,1277.9500793132406,202.0,6.326485541154656,272.9463806970509,210.0,1.2997446699859567,429.06811541271,179.0,2.397028577724637,445.3534645456997,179.0,2.488008181819551
E:\N9_20251512_PKM2.lif,N9_20251512_PKM2,16,clemastine/6/R2,N9_20251512_PKM2_S17_clemastine_6_R2,28,78642,53627,53548,12243,1,53548,0,47839,12243,55,294,64,13.590909090909092,1.6024204225483432,283,1187.5,14.0,150.0,140.0,55,296,64,13.58080808080808,1.6045977440800776,283,1202.5,14.0,150.0,140.0,15,42,11,18.61764705882353,2.5839255084538104,174,467.5,11.0,50.0,85.0,457.3085269291103,123.0,3.7179555034887017,214.07869170380596,202.0,1.0597955034841875,275.1856355592352,210.0,1.3104077883773104,226.19081805806775,179.0,1.2636358550730042,343.9667487684729,179.0,1.9216019484272229
E:\N9_20251512_PKM2.lif,N9_20251512_PKM2,16,clemastine/6/R2,N9_20251512_PKM2_S17_clemastine_6_R2,29,34115,11127,339,11115,1,339,0,19859,11115,14,54,10,15.125,1.8408376022288129,163,392.5,8.0,45.0,77.5,5,9,7,4.375,2.5811209439528024,69,65.0,3.0,40.0,40.0,14,54,10,15.125,1.8412955465587044,163,392.5,8.0,45.0,77.5,228.92625368731564,123.0,1.86118905436842,248.33980408016532,202.0,1.229404970693888,270.74764178409225,210.0,1.2892744846861537,261.49734879122855,179.0,1.4608790435264165,266.3619083115915,179.0,1.488055353696042
E:\N9_20251512_PKM2.lif,N9_20251512_PKM2,16,clemastine/6/R2,N9_20251512_PKM2_S17_clemastine_6_R2,30,15475,7126,0,7126,1,0,0,11912,7126,7,29,8,21.166666666666668,1.6239124333426886,100,257.5,9.0,40.0,47.5,0,0,0,0.0,,0,0.0,0.0,,,7,29,8,21.166666666666668,1.6239124333426886,100,257.5,9.0,40.0,47.5,150.49045747965198,123.0,1.2234996543061136,224.5687622789784,202.0,1.1117265459355363,305.54135625596945,210.0,1.4549588393141402,246.64285714285717,179.0,1.3778930566640064,253.57040743388131,179.0,1.4165944549378846
E:\N9_20251512_PKM2.lif,N9_20251512_PKM2,16,clemastine/6/R2,N9_20251512_PKM2_S17_clemastine_6_R2,31,10337,8989,7524,8412,0,0,7524,5153,8412,14,22,3,15.181818181818182,1.148848592724441,82,187.5,8.0,55.0,37.5,10,28,9,14.045454545454543,1.289739500265816,85,257.5,10.0,65.0,40.0,12,19,10,15.681818181818182,1.2265810746552543,84,227.5,9.0,55.0,40.0,126.4003782400712,123.0,1.027645351545294,713.9148059542796,202.0,3.5342317126449485,305.1552080938147,210.0,1.4531200385419747,384.5807097563689,179.0,2.148495585231111,,179.0,
E:\N9_20251512_PKM2.lif,N9_20251512_PKM2,16,clemastine/6/R2,N9_20251512_PKM2_S17_clemastine_6_R2,32,51985,37976,34165,25345,2,31748,9280,43113,25345,32,121,26,16.908045977011493,1.411207078154624,208,892.5,16.0,115.0,102.5,33,164,25,14.74766355140187,1.462695741255671,197,767.5,15.0,100.0,95.0,31,82,27,18.682539682539684,1.86087985796015,202,777.5,15.0,100.0,97.5,380.4911805468061,123.0,3.0934242320878544,695.526400862069,202.0,3.443200004267668,381.6117927229976,210.0,1.8171990129666555,292.80835264377504,179.0,1.6358008527585195,318.45746924428823,179.0,1.779092006951331
E:\N9_20251512_PKM2.lif,N9_20251512_PKM2,16,clemastine/6/R2,N9_20251512_PKM2_S17_clemastine_6_R2,33,32268,15979,6279,15112,1,1694,5299,13786,15112,50,186,52,7.456521739130435,1.60241567056762,130,517.5,11.0,70.0,62.5,38,104,42,6.4875,2.522535435578914,135,432.5,8.0,95.0,65.0,46,155,43,8.145454545454545,1.6083245103229222,127,430.0,13.0,80.0,65.0,241.1257378984652,123.0,1.96037185283305,368.6182298546896,202.0,1.8248427220529184,281.9125547937507,210.0,1.3424407371130986,251.01070154577883,179.0,1.4022944220434572,253.4072719886248,179.0,1.4156830837353342
E:\N9_20251512_PKM2.lif,N9_20251512_PKM2,16,clemastine/6/R2,N9_20251512_PKM2_S17_clemastine_6_R2,34,16704,13127,8759,10710,4,0,8759,3720,10710,8,42,8,17.133333333333333,1.1725451359792791,102,287.5,10.0,50.0,47.5,20,71,16,9.189655172413794,1.3305171823267496,101,312.5,17.0,45.0,47.5,14,41,12,15.592592592592592,1.4332399626517274,109,347.5,10.0,55.0,52.5,131.07297935552677,123.0,1.0656339785002176,478.44137458614,202.0,2.368521656367029,266.36053412462905,210.0,1.268383495831567,349.3584215738554,179.0,1.9517230255522648,372.59288537549406,179.0,2.081524499304436
E:\N9_20251512_PKM2.lif,N9_20251512_PKM2,16,clemastine/6/R2,N9_20251512_PKM2_S17_clemastine_6_R2,36,5239,5239,5239,1540,1,19,5239,85,1540,2,0,0,36.0,1.0192784882611186,60,117.5,7.0,50.0,27.5,2,0,0,36.0,1.0192784882611186,60,117.5,7.0,50.0,27.5,6,8,1,7.666666666666667,1.0883116883116883,38,62.5,5.0,20.0,15.0,223.52631578947367,123.0,1.8172871202396232,1311.1609085703378,202.0,6.49089558698187,268.32941176470587,210.0,1.2777591036414566,206.10746325634665,179.0,1.151438342214227,232.6396551724138,179.0,1.2996628780581776
E:\N9_20251512_PKM2.lif,N9_20251512_PKM2,16,clemastine/6/R2,N9_20251512_PKM2_S17_clemastine_6_R2,37,13716,10548,5800,8509,1,307,5493,2776,8509,13,29,6,17.16,1.1444823663253698,92,222.5,9.0,55.0,42.5,13,39,16,10.033333333333331,1.2698275862068966,79,227.5,11.0,35.0,37.5,13,44,10,11.857142857142858,1.3913503349394758,144,227.5,5.0,40.0,76.875,204.9902280130293,123.0,1.6665872196181244,583.5883852175496,202.0,2.889051411968067,266.49761146496814,210.0,1.2690362450712769,295.2072430792567,179.0,1.6492024753031105,314.09765886287624,179.0,1.7547355243736102
E:\N9_20251512_PKM2.lif,N9_20251512_PKM2,16,clemastine/6/R2,N9_20251512_PKM2_S17_clemastine_6_R2,38,20148,16050,13273,12766,1,190,13273,8716,12766,13,82,23,14.9,1.2480373831775702,105,302.5,10.0,60.0,50.0,14,69,21,14.098039215686274,1.3501845852482484,101,277.5,7.0,60.0,47.5,18,78,20,12.865384615384617,1.5379915400281998,105,347.5,9.0,50.0,50.0,233.2736842105263,123.0,1.8965340179717587,548.8248323664582,202.0,2.7169546156755358,293.1366622864652,210.0,1.3958888680307866,290.2152647975078,179.0,1.6213143284776972,308.9953580901857,179.0,1.7262310507831602
E:\N9_20251512_PKM2.lif,N9_20251512_PKM2,16,clemastine/6/R2,N9_20251512_PKM2_S17_clemastine_6_R2,39,21908,7878,4536,7384,1,0,4536,7876,7384,12,32,11,14.952380952380953,1.1532114749936533,80,152.5,7.0,50.0,37.5,8,13,7,13.454545454545457,1.240299823633157,70,172.5,9.0,35.0,32.5,11,43,8,11.928571428571429,1.216549295774648,83,207.5,9.0,45.0,37.5,118.1009139375476,123.0,0.960170032012582,652.6351410934744,202.0,3.23086703511621,303.1986944104447,210.0,1.4438033067164031,421.2226453414572,179.0,2.3531991359857947,415.5129215943933,179.0,2.321301237957505
E:\N9_20251512_PKM2.lif,N9_20251512_PKM2,20,clemastine/6/R10,N9_20251512_PKM2_S21_clemastine_6_R10,1,17311,8564,0,8564,0,0,0,1489,8564,10,19,5,21.0,1.5471742176553012,100,297.5,9.0,50.0,47.5,0,0,0,0.0,,0,0.0,0.0,,,10,19,5,21.0,1.5471742176553012,100,297.5,9.0,50.0,47.5,109.802895843064,105.0,1.045741865172038,206.38404950957496,187.0,1.1036580187677805,223.99656357388315,189.0,1.1851670030364188,293.53958430639887,149.0,1.9700643242040192,,149.0,
E:\N9_20251512_PKM2.lif,N9_20251512_PKM2,20,clemastine/6/R10,N9_20251512_PKM2_S21_clemastine_6_R10,2,35525,6610,6610,619,0,0,6610,0,619,7,21,5,13.25,1.1733736762481088,74,202.5,7.0,30.0,35.0,7,21,5,13.25,1.1733736762481088,74,202.5,7.0,30.0,35.0,8,14,9,4.909090909090909,2.021001615508885,55,62.5,4.0,10.0,24.285714285714285,108.8983358547655,105.0,1.037127008140624,582.4210287443268,187.0,3.114550955852015,209.6641452344932,189.0,1.1093341017698053,171.2824508320726,149.0,1.149546649879682,,149.0,
E:\N9_20251512_PKM2.lif,N9_20251512_PKM2,20,clemastine/6/R10,N9_20251512_PKM2_S21_clemastine_6_R10,4,32420,9650,0,9650,0,0,0,0,9650,23,51,14,11.232558139534884,2.461761658031088,216,357.5,7.0,145.0,114.45945945945944,0,0,0,0.0,,0,0.0,0.0,,,23,51,14,11.232558139534884,2.461761658031088,216,357.5,7.0,145.0,114.45945945945944,109.88528497409328,105.0,1.046526523562793,219.9298445595855,187.0,1.1760954254523288,207.04549222797928,189.0,1.0954787948570333,311.73896373056994,149.0,2.0922078102722814,,149.0,
E:\N9_20251512_PKM2.lif,N9_20251512_PKM2,20,clemastine/6/R10,N9_20251512_PKM2_S21_clemastine_6_R10,5,36656,9536,0,9536,0,0,0,0,9536,17,25,6,17.791666666666668,2.3181627516778525,205,332.5,6.0,135.0,100.0,0,0,0,0.0,,0,0.0,0.0,,,17,25,6,17.791666666666668,2.3181627516778525,205,332.5,6.0,135.0,100.0,109.63391359060402,105.0,1.044132510386705,222.3951342281879,187.0,1.1892787926641064,205.62888003355704,189.0,1.0879834922410423,316.1304530201342,149.0,2.1216808927525785,,149.0,
E:\N9_20251512_PKM2.lif,N9_20251512_PKM2,20,clemastine/6/R10,N9_20251512_PKM2_S21_clemastine_6_R10,6,27014,13269,0,13269,0,0,0,0,13269,14,32,4,20.52,1.8412088326173788,236,307.5,4.0,55.0,115.0,0,0,0,0.0,,0,0.0,0.0,,,14,32,4,20.52,1.8412088326173788,236,307.5,4.0,55.0,115.0,110.67126384806691,105.0,1.0540120366482564,207.7701409299872,187.0,1.1110702723528727,197.4886577737584,189.0,1.0449135331944888,468.8031501997136,149.0,3.146329867112172,,149.0,
E:\N9_20251512_PKM2.lif,N9_20251512_PKM2,22,clemastine/6/R6,N9_20251512_PKM2_S23_clemastine_6_R6,1,11350,8061,4341,7547,1,0,4341,0,7547,8,23,3,12.61111111111111,1.09477732291279,80,132.5,4.0,40.0,37.5,6,18,4,14.583333333333334,1.333102971665515,74,147.5,5.0,50.0,35.0,8,57,15,7.696969696969697,1.138200609513714,82,162.5,5.0,45.0,37.5,114.96824215357896,108.0,1.0645207606812863,446.2428011978807,198.0,2.2537515212014174,185.03560352313607,193.0,0.9587336970110676,462.0937848902121,162.0,2.8524307709272354,285.3739946380697,162.0,1.7615678681362326
E:\N9_20251512_PKM2.lif,N9_20251512_PKM2,22,clemastine/6/R6,N9_20251512_PKM2_S23_clemastine_6_R6,3,39508,9130,8321,8188,1,0,8321,0,8188,12,48,12,12.38888888888889,1.32092004381161,93,267.5,14.0,50.0,45.0,11,63,20,10.975,1.3550054080038456,94,267.5,12.0,50.0,45.0,15,62,15,10.547619047619047,1.2623351245725452,88,192.5,7.0,55.0,40.0,114.17831325301204,108.0,1.057206604194556,540.0902535752914,198.0,2.727728553410562,206.86998904709748,193.0,1.071865228223303,438.12803943044906,162.0,2.704494070558328,446.7933157431838,162.0,2.7579834305134803
E:\N9_20251512_PKM2.lif,N9_20251512_PKM2,22,clemastine/6/R6,N9_20251512_PKM2_S23_clemastine_6_R6,5,17120,10221,0,10221,1,0,0,0,10221,9,41,17,13.68,1.2297231190685842,102,272.5,9.0,45.0,47.5,0,0,0,0.0,,0,0.0,0.0,,,9,41,17,13.68,1.2297231190685842,102,272.5,9.0,45.0,47.5,110.46942569220232,108.0,1.0228650527055771,207.4315624694257,198.0,1.0476341538859884,192.91409842481167,193.0,0.9995549141181952,393.77644066138345,162.0,2.430718769514713,361.0084554678692,162.0,2.228447255974501
E:\N9_20251512_PKM2.lif,N9_20251512_PKM2,22,clemastine/6/R6,N9_20251512_PKM2_S23_clemastine_6_R6,7,103917,55226,55181,12438,1,54706,6421,13735,12438,57,290,47,16.015625,1.799279324955637,243,1787.5,22.0,140.0,120.0,58,291,48,16.052083333333332,1.800746633805114,243,1787.5,22.0,140.0,120.0,12,58,11,16.0,1.4171088599453288,100,287.5,8.0,60.0,47.5,340.4249625269623,108.0,3.152082986360762,711.5667341535586,198.0,3.5937713846139325,319.69084555063074,193.0,1.6564292515576722,210.11853112664323,162.0,1.2970279699175509,328.6178943827784,162.0,2.028505520881348
E:\N9_20251512_PKM2.lif,N9_20251512_PKM2,22,clemastine/6/R6,N9_20251512_PKM2_S23_clemastine_6_R6,8,55535,12087,4056,12062,1,4056,0,10163,12062,22,84,18,10.637931034482758,1.7876230661040788,122,437.5,13.0,60.0,57.5,16,45,23,7.5,1.715483234714004,73,262.5,14.0,45.0,32.5,23,93,19,10.76271186440678,1.7913281379539048,122,452.5,13.0,60.0,57.5,245.67726824457597,108.0,2.2747895207831106,247.32539091586003,198.0,1.249118135938687,264.2919708029197,193.0,1.3693884497560609,311.5974187143212,162.0,1.923440856261242,353.1672572643515,162.0,2.180044797928096
E:\N9_20251512_PKM2.lif,N9_20251512_PKM2,22,clemastine/6/R6,N9_20251512_PKM2_S23_clemastine_6_R6,9,12325,2817,28,2817,0,28,0,0,2817,6,12,2,12.333333333333334,1.1476748313809018,56,127.5,9.0,35.0,25.0,2,0,0,3.0,1.0714285714285714,14,12.5,5.0,5.0,5.0,6,12,2,12.333333333333334,1.1476748313809018,56,127.5,9.0,35.0,25.0,253.6071428571429,108.0,2.3482142857142856,570.8782392616258,198.0,2.883223430614272,247.75612353567624,193.0,1.2837104846408096,244.70749023784168,162.0,1.5105400631965535,,162.0,
E:\N9_20251512_PKM2.lif,N9_20251512_PKM2,22,clemastine/6/R6,N9_20251512_PKM2_S23_clemastine_6_R6,10,32703,12463,10281,12166,1,29,10281,9,12166,9,26,3,17.304347826086957,1.2828371981063948,113,252.5,9.0,60.0,55.0,14,60,12,12.926829268292684,1.143954868203482,81,307.5,13.0,55.0,37.5,9,30,5,16.347826086956523,1.3060989643268124,114,242.5,8.0,70.0,55.0,243.86206896551724,108.0,2.2579821200510857,499.1743021106896,198.0,2.521082333892372,237.33333333333331,193.0,1.229706390328152,419.7917836796919,162.0,2.5913073066647647,504.7057047992756,162.0,3.115467313575775
E:\N9_20251512_PKM2.lif,N9_20251512_PKM2,22,clemastine/6/R6,N9_20251512_PKM2_S23_clemastine_6_R6,11,13587,11289,0,11289,1,0,0,0,11289,13,34,13,14.935483870967742,1.140402161396049,87,277.5,18.0,60.0,40.0,0,0,0,0.0,,0,0.0,0.0,,,13,34,13,14.935483870967742,1.140402161396049,87,277.5,18.0,60.0,40.0,111.88254052617592,108.0,1.0359494493164438,283.5732128620781,198.0,1.4321879437478695,203.87368234564624,193.0,1.0563403230344364,428.82478518912217,162.0,2.647066575241495,403.44037656903765,162.0,2.490372694870602
E:\N9_20251512_PKM2.lif,N9_20251512_PKM2,22,clemastine/6/R6,N9_20251512_PKM2_S23_clemastine_6_R6,12,52264,27112,55,27112,1,55,0,33705,27112,38,201,62,11.16793893129771,1.8921879610504573,166,1027.5,18.0,110.0,80.0,10,6,2,2.111111111111111,8.436363636363636,64,40.0,3.0,45.0,45.0,38,201,62,11.16793893129771,1.8921879610504573,166,1027.5,18.0,110.0,80.0,202.85454545454544,108.0,1.878282828282828,240.7482295662437,198.0,1.2159001493244632,275.1653585444167,193.0,1.425727246344128,386.1825022130422,162.0,2.383842606253347,546.1236399604352,162.0,3.3711335800026863
E:\N9_20251512_PKM2.lif,N9_20251512_PKM2,22,clemastine/6/R6,N9_20251512_PKM2_S23_clemastine_6_R6,13,31877,26290,5301,26206,2,2600,4271,30162,26206,12,48,9,22.272727272727277,1.1305439330543934,145,337.5,11.0,90.0,70.0,15,102,41,5.776119402985074,1.258819090737597,69,187.5,10.0,50.0,32.5,12,48,9,22.0,1.134167747844005,144,397.5,11.0,110.0,70.0,223.48615384615383,108.0,2.0693162393162394,402.6785296183564,198.0,2.0337299475674566,334.0306472182369,193.0,1.7307287420634034,430.16557626473946,162.0,2.655343063362589,464.8491075446228,162.0,2.8694389354606344
E:\N9_20251512_PKM2.lif,N9_20251512_PKM2,22,clemastine/6/R6,N9_20251512_PKM2_S23_clemastine_6_R6,14,72216,27305,10097,26249,1,10097,0,60309,26249,47,193,53,11.92248062015504,2.85863394982604,248,1087.5,15.0,90.0,116.0,28,127,20,8.988235294117647,1.8275725463008812,122,407.5,7.0,35.0,57.5,41,180,55,12.176470588235292,2.9736370909367977,249,1017.5,17.0,85.0,113.4090909090909,261.5291670793305,108.0,2.4215663618456524,248.9307452847464,198.0,1.257225986286598,354.79327177317657,193.0,1.8383071076330395,298.3880974180553,162.0,1.8419018359139212,403.875415896488,162.0,2.493058122817827
E:\N9_20251512_PKM2.lif,N9_20251512_PKM2,22,clemastine/6/R6,N9_20251512_PKM2_S23_clemastine_6_R6,15,21234,11110,0,11110,1,0,0,4023,11110,21,37,17,14.16216216216216,1.4627362736273628,182,325.0,5.0,50.0,89.6969696969697,0,0,0,0.0,,0,0.0,0.0,,,21,37,17,14.16216216216216,1.4627362736273628,182,325.0,5.0,50.0,89.6969696969697,122.5967596759676,108.0,1.135155182184885,209.85346534653465,198.0,1.05986598659866,269.9589530041642,193.0,1.3987510518350477,310.3782178217822,162.0,1.915914924825816,306.14827652609284,162.0,1.8898041760869928
E:\N9_20251512_PKM2.lif,N9_20251512_PKM2,22,clemastine/6/R6,N9_20251512_PKM2_S23_clemastine_6_R6,16,42203,21593,3197,21593,1,3197,0,37383,21593,41,122,26,14.505747126436782,1.9559579493354329,159,852.5,18.0,85.0,77.5,13,56,14,6.441176470588236,1.7181732874569908,66,177.5,11.0,35.0,30.0,41,122,26,14.505747126436782,1.9559579493354329,159,852.5,18.0,85.0,77.5,230.2708789490147,108.0,2.1321377680464324,239.89274301857083,198.0,1.211579510194802,413.9620780805205,193.0,2.1448812335778267,304.6723938313342,162.0,1.8806937890823097,382.0095661086437,162.0,2.3580837414113804
E:\N9_20251512_PKM2.lif,N9_20251512_PKM2,22,clemastine/6/R6,N9_20251512_PKM2_S23_clemastine_6_R6,17,26027,11818,0,11818,1,0,0,17631,11818,23,64,7,14.159090909090908,1.9316297173802677,177,477.5,9.0,65.0,85.0,0,0,0,0.0,,0,0.0,0.0,,,23,64,7,14.159090909090908,1.9316297173802677,177,477.5,9.0,65.0,85.0,133.9149602301574,108.0,1.2399533354644203,218.71661871721105,198.0,1.1046293874606616,287.67102168800625,193.0,1.4905234284352655,269.1303096970723,162.0,1.661298208006619,280.66419294990726,162.0,1.7324950182093042
E:\N9_20251512_PKM2.lif,N9_20251512_PKM2,22,clemastine/6/R6,N9_20251512_PKM2_S23_clemastine_6_R6,18,26228,24471,442,24471,1,0,442,5092,24471,4,6,0,62.2,1.190919864329206,147,347.5,12.0,80.0,70.0,2,17,8,3.5,1.081447963800905,27,47.5,7.0,15.0,10.0,4,6,0,62.2,1.190919864329206,147,347.5,12.0,80.0,70.0,117.62874422786156,108.0,1.089155039146866,352.0135746606335,198.0,1.777846336669866,272.1573055773763,193.0,1.4101414796755247,543.989293449389,162.0,3.3579586015394387,776.4677938808373,162.0,4.793011073338502
E:\N9_20251512_PKM2.lif,N9_20251512_PKM2,22,clemastine/6/R6,N9_20251512_PKM2_S23_clemastine_6_R6,19,42940,24003,0,24003,0,0,0,29354,24003,28,121,29,14.023809523809524,2.177186185060201,213,722.5,12.0,105.0,105.0,0,0,0,0.0,,0,0.0,0.0,,,28,121,29,14.023809523809524,2.177186185060201,213,722.5,12.0,105.0,105.0,160.16889555472233,108.0,1.483045329210392,230.4840644919385,198.0,1.1640609317774673,334.1701256773896,193.0,1.731451428380257,349.94813148356457,162.0,2.1601736511331144,,162.0,
E:\N9_20251512_PKM2.lif,N9_20251512_PKM2,22,clemastine/6/R6,N9_20251512_PKM2_S23_clemastine_6_R6,20,9101,6202,0,6202,1,0,0,0,6202,4,22,7,20.363636363636363,1.3169945178974525,82,167.5,7.0,40.0,37.5,0,0,0,0.0,,0,0.0,0.0,,,4,22,7,20.363636363636363,1.3169945178974525,82,167.5,7.0,40.0,37.5,111.54546920348275,108.0,1.032828418550766,211.74298613350533,198.0,1.0694090208762894,199.3394066430184,193.0,1.0328466665441367,327.6244759754918,162.0,2.0223733084906903,307.35479914136766,162.0,1.8972518465516524
E:\N9_20251512_PKM2.lif,N9_20251512_PKM2,22,clemastine/6/R6,N9_20251512_PKM2_S23_clemastine_6_R6,21,8725,6075,0,6075,1,0,0,0,6075,7,30,8,14.714285714285714,1.362633744855967,71,202.5,14.0,50.0,32.5,0,0,0,0.0,,0,0.0,0.0,,,7,30,8,14.714285714285714,1.362633744855967,71,202.5,14.0,50.0,32.5,113.83654320987654,108.0,1.054042066758116,215.49300411522637,198.0,1.0883485056324562,217.49283950617283,193.0,1.1269059041770613,255.159012345679,162.0,1.5750556317634503,247.000751503006,162.0,1.524695996932136
E:\N9_20251512_PKM2.lif,N9_20251512_PKM2,22,clemastine/6/R6,N9_20251512_PKM2_S23_clemastine_6_R6,22,40300,12703,11722,10788,1,0,11722,0,10788,14,50,7,16.135135135135137,1.8307486420530583,128,402.5,8.0,45.0,60.0,16,88,25,11.37735849056604,1.9130694420747312,127,382.5,9.0,40.0,60.0,16,60,18,13.53658536585366,1.9978680014831292,125,442.5,10.0,40.0,60.0,111.058962449815,108.0,1.0283237263871758,616.5367684695444,198.0,3.1138220629774973,213.15807289616623,193.0,1.1044459735552656,340.29882704872864,162.0,2.1006100435106707,360.7822349570201,162.0,2.227050833068025
E:\N9_20251512_PKM2.lif,N9_20251512_PKM2,22,clemastine/6/R6,N9_20251512_PKM2_S23_clemastine_6_R6,23,14625,6052,0,6052,0,0,0,0,6052,12,41,9,11.612903225806452,1.5862524785194976,83,267.5,10.0,55.0,40.0,0,0,0,0.0,,0,0.0,0.0,,,12,41,9,11.612903225806452,1.5862524785194976,83,267.5,10.0,55.0,40.0,112.95637805684072,108.0,1.045892389415192,764.5961665565103,198.0,3.861596800790456,216.8013879709187,193.0,1.1233232537353302,240.34368803701256,162.0,1.4836030125741515,,162.0,
E:\N9_20251512_PKM2.lif,N9_20251512_PKM2,22,clemastine/6/R6,N9_20251512_PKM2_S23_clemastine_6_R6,24,24165,18170,0,18170,1,0,0,172,18170,20,88,26,14.047619047619047,1.508695652173913,129,527.5,12.0,75.0,62.5,0,0,0,0.0,,0,0.0,0.0,,,20,88,26,14.047619047619047,1.508695652173913,129,527.5,12.0,75.0,62.5,137.18161805173364,108.0,1.2702001671456815,225.40610897083104,198.0,1.138414691771874,271.3705882352941,193.0,1.406065224017068,324.3576224545955,162.0,2.0022075460160216,312.74318294496777,162.0,1.9305134749689368
E:\N9_20251512_PKM2.lif,N9_20251512_PKM2,22,clemastine/6/R6,N9_20251512_PKM2_S23_clemastine_6_R6,25,25275,12623,0,12623,1,0,0,0,12623,12,30,12,20.28,1.619979402677652,146,337.5,9.0,95.0,70.0,0,0,0,0.0,,0,0.0,0.0,,,12,30,12,20.28,1.619979402677652,146,337.5,9.0,95.0,70.0,125.3379545274499,108.0,1.1605366159949064,208.0575932821041,198.0,1.0507959256671924,212.2479600728828,193.0,1.0997303630719315,382.4521904460112,162.0,2.3608159904074766,401.8310740354536,162.0,2.480438728613911
E:\N9_20251512_PKM2.lif,N9_20251512_PKM2,22,clemastine/6/R6,N9_20251512_PKM2_S23_clemastine_6_R6,26,29048,14644,9587,14342,1,0,9587,0,14342,19,39,16,17.11764705882353,1.6288582354547938,127,367.5,8.0,65.0,60.0,11,31,9,17.045454545454547,1.276520287889851,81,247.5,11.0,70.0,37.5,20,39,16,15.157894736842104,1.6631571607865012,127,372.5,10.0,70.0,60.0,109.41491395793498,108.0,1.0131010551660646,613.9028893293001,198.0,3.100519643077273,195.77888555039607,193.0,1.0143983707274409,419.283733952472,162.0,2.588171197237481,430.9741016510197,162.0,2.660333960808764
E:\N9_20251512_PKM2.lif,N9_20251512_PKM2,22,clemastine/6/R6,N9_20251512_PKM2_S23_clemastine_6_R6,27,4221,2324,0,2324,0,0,0,602,2324,5,3,1,21.8,1.8141135972461275,68,102.5,5.0,25.0,30.0,0,0,0,0.0,,0,0.0,0.0,,,5,3,1,21.8,1.8141135972461275,68,102.5,5.0,25.0,30.0,139.0671256454389,108.0,1.2876585707911008,292.0950946643718,198.0,1.4752277508301606,524.7916666666666,193.0,2.7191278065630398,251.2951807228916,162.0,1.5512048192771084,,162.0,
E:\N9_20251512_PKM2.lif,N9_20251512_PKM2,22,clemastine/6/R6,N9_20251512_PKM2_S23_clemastine_6_R6,28,27533,18470,256,18231,2,256,0,1388,18231,12,34,6,22.625,1.401299404439632,151,387.5,8.0,100.0,72.5,7,7,3,4.285714285714286,8.23046875,156,35.0,2.0,140.0,132.5,7,27,3,28.61111111111111,1.377872853930119,151,337.5,6.0,60.0,72.5,244.77734375,108.0,2.266456886574074,217.8669734704927,198.0,1.1003382498509733,268.31290322580645,193.0,1.3902222965067692,344.4623172712507,162.0,2.126310600439819,341.57082971957215,162.0,2.108461911849211
E:\N9_20251512_PKM2.lif,N9_20251512_PKM2,22,clemastine/6/R6,N9_20251512_PKM2_S23_clemastine_6_R6,29,117566,49685,42995,16023,1,42995,0,34834,16023,62,326,66,13.54377880184332,2.126396296669015,351,1782.5,15.0,230.0,172.5,55,317,66,12.800970873786408,2.0136527503198045,243,1612.5,25.0,115.0,117.5,18,46,6,19.73170731707317,3.2045809149347813,253,662.5,8.0,115.0,122.5,331.23544598209094,108.0,3.066994870204545,182.24244741873804,198.0,0.9204164011047375,293.662756826038,193.0,1.5215686882178134,194.34694575827717,162.0,1.199672504680723,281.0726040658277,162.0,1.735016074480418
E:\N9_20251512_PKM2.lif,N9_20251512_PKM2,22,clemastine/6/R6,N9_20251512_PKM2_S23_clemastine_6_R6,30,23475,15841,13107,13335,1,0,13107,0,13335,16,56,20,11.319148936170214,1.2590114260463354,104,387.5,13.0,65.0,50.0,21,55,10,11.590909090909092,1.2155336842908369,95,382.5,12.0,60.0,45.0,22,72,28,10.0,1.3680539932508435,103,322.5,13.0,60.0,47.5,115.22220819392714,108.0,1.066872298091918,787.8932631418326,198.0,3.97925890475673,202.891862887444,193.0,1.051253175582611,412.5183384887318,162.0,2.5464094968440234,441.51758270382913,162.0,2.7254171771841307
E:\N9_20251512_PKM2.lif,N9_20251512_PKM2,22,clemastine/6/R6,N9_20251512_PKM2_S23_clemastine_6_R6,31,26238,24602,24564,12610,1,0,24564,817,12610,14,62,12,19.146341463414632,1.159011462482725,157,422.5,12.0,85.0,75.0,12,77,16,18.0,1.160804429246051,157,422.5,12.0,85.0,75.0,13,100,30,10.701492537313433,1.7478191911181602,131,317.5,9.0,55.0,62.5,109.99016340134948,108.0,1.018427438901384,1318.0411985018727,198.0,6.656773729807438,248.60832313341493,193.0,1.2881260265980048,287.4925209332575,162.0,1.774645190946034,410.58890845070425,162.0,2.5344994348808902
E:\N9_20251512_PKM2.lif,N9_20251512_PKM2,22,clemastine/6/R6,N9_20251512_PKM2_S23_clemastine_6_R6,32,10114,7079,0,7079,0,0,0,0,7079,23,72,15,8.6,1.2592174035880774,72,202.5,10.0,50.0,32.5,0,0,0,0.0,,0,0.0,0.0,,,23,72,15,8.6,1.2592174035880774,72,202.5,10.0,50.0,32.5,125.12967933323915,108.0,1.1586081419744363,259.4424353722277,198.0,1.310315330162766,220.4208221500212,193.0,1.142076798704773,373.71747421952256,162.0,2.3068979890093986,,162.0,
E:\N9_20251512_PKM2.lif,N9_20251512_PKM2,24,clemastine/6/R8,N9_20251512_PKM2_S25_clemastine_6_R8,1,13081,12948,2227,12948,0,0,2227,1087,12948,4,4,0,27.0,1.024482545566883,92,192.5,12.0,70.0,42.5,11,34,12,7.24,1.4243376740008982,52,132.5,9.0,25.0,22.5,4,4,0,27.0,1.024482545566883,92,192.5,12.0,70.0,42.5,110.69833178869324,105.0,1.0542698265589832,373.8944768747194,188.0,1.9888004089080815,252.70929162833485,189.0,1.3370861990917189,632.3413654618474,147.0,4.301641941917329,,147.0,
E:\N9_20251512_PKM2.lif,N9_20251512_PKM2,24,clemastine/6/R8,N9_20251512_PKM2_S25_clemastine_6_R8,2,21172,18793,323,18793,0,0,323,11,18793,6,4,1,40.833333333333336,1.0690682701005694,130,222.5,6.0,70.0,62.5,2,0,0,3.0,1.0278637770897834,21,7.5,1.0,5.0,7.5,6,4,1,40.833333333333336,1.0690682701005694,130,222.5,6.0,70.0,62.5,112.6046932368435,105.0,1.0724256498747,458.9318885448917,188.0,2.4411270667281477,233.8181818181818,189.0,1.237133237133237,660.4172298196137,147.0,4.492634216459957,,147.0,
E:\N9_20251512_PKM2.lif,N9_20251512_PKM2,24,clemastine/6/R8,N9_20251512_PKM2_S25_clemastine_6_R8,3,32535,7000,0,7000,0,0,0,0,7000,12,18,5,16.125,2.2825714285714285,162,322.5,7.0,40.0,78.21428571428571,0,0,0,0.0,,0,0.0,0.0,,,12,18,5,16.125,2.2825714285714285,162,322.5,7.0,40.0,78.21428571428571,108.07042857142856,105.0,1.0292421768707485,211.21442857142856,188.0,1.1234810030395137,209.6747142857143,189.0,1.109390022675737,199.65528571428567,147.0,1.3581992225461614,,147.0,
E:\N9_20251512_PKM2.lif,N9_20251512_PKM2,24,clemastine/6/R8,N9_20251512_PKM2_S25_clemastine_6_R8,4,35057,18432,6172,18432,0,0,6172,1390,18432,31,56,14,11.425925925925926,1.3561740451388888,117,422.5,17.0,85.0,55.0,5,74,22,9.386363636363637,1.1472780298120544,63,167.5,13.0,50.0,27.5,31,56,14,11.425925925925926,1.3561740451388888,117,422.5,17.0,85.0,55.0,110.61805555555556,105.0,1.0535052910052911,414.52219701879454,188.0,2.2049053032914605,245.70071942446043,189.0,1.3000038064786266,691.2502170138889,147.0,4.702382428665911,,147.0,
E:\N9_20251512_PKM2.lif,N9_20251512_PKM2,26,clemastine/6/R5,N9_20251512_PKM2_S27_clemastine_6_R5,1,15804,9668,8972,7664,1,0,8972,0,7664,6,36,8,17.608695652173914,1.2627223831195695,91,192.5,7.0,60.0,42.5,5,35,8,18.33333333333333,1.314868479714668,91,212.5,6.0,60.0,42.5,14,40,10,12.172413793103448,1.344598121085595,91,237.5,9.0,55.0,42.5,109.8447455523376,106.0,1.0362711844560153,692.1095630851538,190.0,3.6426819109744937,177.9771410839884,192.0,0.9269642764791064,355.34722796855607,159.0,2.234888226217334,411.7081024930748,159.0,2.5893591351765712
E:\N9_20251512_PKM2.lif,N9_20251512_PKM2,26,clemastine/6/R5,N9_20251512_PKM2_S27_clemastine_6_R5,2,25023,12921,1335,12689,1,0,1335,0,12689,9,28,3,18.8,1.2684776720068107,144,302.5,10.0,50.0,70.0,6,33,15,8.0,3.5685393258426967,152,102.5,3.0,15.0,69.61538461538461,7,22,2,22.375,1.2395775868862795,147,272.5,9.0,50.0,70.0,111.79382400742976,106.0,1.0546587170512245,353.4262172284644,190.0,1.8601379854129705,198.8287284265924,192.0,1.035566293888502,478.0093646002632,159.0,3.0063482050331016,485.48925193465175,159.0,3.0533915216015832
E:\N9_20251512_PKM2.lif,N9_20251512_PKM2,26,clemastine/6/R5,N9_20251512_PKM2_S27_clemastine_6_R5,3,73604,13371,10284,10259,1,0,10284,0,10259,22,60,13,17.58695652173913,3.2332660234836585,208,612.5,10.0,70.0,102.5,17,65,13,11.808510638297872,1.4665499805523143,99,307.5,10.0,55.0,47.5,15,31,12,21.814814814814813,4.129447314553075,209,477.5,8.0,130.0,102.5,110.75970383666144,106.0,1.0449028663835984,600.4516725009723,190.0,3.1602719605314333,203.3387929100292,192.0,1.0590562130730683,276.83987734649617,159.0,1.7411313040660137,329.0039327851269,159.0,2.0692071244347607
E:\N9_20251512_PKM2.lif,N9_20251512_PKM2,26,clemastine/6/R5,N9_20251512_PKM2_S27_clemastine_6_R5,4,46494,21094,0,21094,1,0,0,0,21094,26,156,50,11.14,1.7975253626623684,165,547.5,9.0,60.0,80.0,0,0,0,0.0,,0,0.0,0.0,,,26,156,50,11.14,1.7975253626623684,165,547.5,9.0,60.0,80.0,121.39689011093202,106.0,1.1452536802918114,192.04626908125533,190.0,1.0107698372697649,200.09699440599223,192.0,1.0421718458645428,363.334834550109,159.0,2.28512474559817,523.7053016453382,159.0,3.2937440355052714
E:\N9_20251512_PKM2.lif,N9_20251512_PKM2,26,clemastine/6/R5,N9_20251512_PKM2_S27_clemastine_6_R5,5,77485,25079,20476,21574,1,0,20476,0,21574,59,229,57,10.224489795918368,2.1363690737270224,197,947.5,14.0,75.0,95.0,52,221,64,9.53900709219858,1.9118480171908576,175,792.5,16.0,90.0,85.0,33,91,26,16.205882352941178,2.432465004171688,197,812.5,13.0,100.0,95.0,111.49200526336776,106.0,1.05181137040913,753.330972846259,190.0,3.9648998570855736,221.06375852306712,192.0,1.1513737423076411,410.9967702061486,159.0,2.584885347208482,631.2710812209001,159.0,3.970258372458491
E:\N9_20251512_PKM2.lif,N9_20251512_PKM2,26,clemastine/6/R5,N9_20251512_PKM2_S27_clemastine_6_R5,7,28124,10864,1932,10864,1,0,1932,0,10864,9,21,3,23.866666666666667,1.2117083946980851,136,292.5,7.0,40.0,65.0,4,18,9,11.0,1.2681159420289856,49,72.5,4.0,30.0,22.5,9,21,3,23.866666666666667,1.2117083946980851,136,292.5,7.0,40.0,65.0,113.94145802650958,106.0,1.07491941534443,377.8612836438924,190.0,1.9887435981257493,221.15657216494844,192.0,1.15185714669244,431.441734167894,159.0,2.713470026213169,397.537873965627,159.0,2.5002382010416797
E:\N9_20251512_PKM2.lif,N9_20251512_PKM2,26,clemastine/6/R5,N9_20251512_PKM2_S27_clemastine_6_R5,8,23255,22204,0,22204,1,0,0,608,22204,3,3,0,78.66666666666667,1.040443163393983,129,277.5,6.0,70.0,62.5,0,0,0,0.0,,0,0.0,0.0,,,3,3,0,78.66666666666667,1.040443163393983,129,277.5,6.0,70.0,62.5,113.67622950819673,106.0,1.07241725951129,252.9215907043776,190.0,1.3311662668651452,260.85855263157896,192.0,1.3586382949561404,544.8355701675374,159.0,3.426638806085141,504.9667608081686,159.0,3.1758915774098653
E:\N9_20251512_PKM2.lif,N9_20251512_PKM2,26,clemastine/6/R5,N9_20251512_PKM2_S27_clemastine_6_R5,9,134868,58179,56950,27078,1,0,56950,5362,27078,68,439,121,12.014388489208631,1.9827944791075816,259,1407.5,21.0,145.0,127.5,68,471,122,11.362369337979096,1.9003160667251973,258,1337.5,20.0,140.0,125.0,36,108,39,20.48684210526316,3.399364797990989,242,1232.5,14.0,205.0,117.5,111.90615170422318,106.0,1.0557184123039922,814.1671290605794,190.0,4.285090152950418,268.8690787019769,192.0,1.4003597849061296,312.9171866137266,159.0,1.9680326202121168,527.4691095014913,159.0,3.317415783028247
E:\N9_20251512_PKM2.lif,N9_20251512_PKM2,26,clemastine/6/R5,N9_20251512_PKM2_S27_clemastine_6_R5,10,101995,23339,0,23339,1,0,0,59939,23339,36,142,36,13.0,2.3920047988345687,190,982.5,20.0,85.0,92.5,0,0,0,0.0,,0,0.0,0.0,,,36,142,36,13.0,2.3920047988345687,190,982.5,20.0,85.0,92.5,148.06067097990487,106.0,1.3967987828292912,221.11864261536485,190.0,1.1637823295545515,306.9070849107626,192.0,1.5984744005768885,353.42156904751704,159.0,2.222777163820862,528.3533378287256,159.0,3.322976967476261
E:\N9_20251512_PKM2.lif,N9_20251512_PKM2,26,clemastine/6/R5,N9_20251512_PKM2_S27_clemastine_6_R5,11,86650,16092,0,16092,1,0,0,48836,16092,28,96,26,12.102941176470589,2.567549092716878,157,617.5,9.0,105.0,75.0,0,0,0,0.0,,0,0.0,0.0,,,28,96,26,12.102941176470589,2.567549092716878,157,617.5,9.0,105.0,75.0,150.02945563012676,106.0,1.4153722229257242,227.0574198359433,190.0,1.1950390517681229,313.18322811939834,192.0,1.6311626464551996,334.6209296544867,159.0,2.1045341487703566,409.7449310624493,159.0,2.5770121450468517
E:\N9_20251512_PKM2.lif,N9_20251512_PKM2,26,clemastine/6/R5,N9_20251512_PKM2_S27_clemastine_6_R5,14,29084,12182,3258,12182,1,0,3258,312,12182,10,52,16,10.75,1.1730421934000983,111,272.5,15.0,60.0,52.5,5,17,4,10.714285714285714,1.4628606507059545,86,132.5,5.0,35.0,39.285714285714285,10,52,16,10.75,1.1730421934000983,111,272.5,15.0,60.0,52.5,113.5779839106879,106.0,1.0714904142517727,377.15070595457337,190.0,1.985003715550386,233.2948717948718,192.0,1.2150774572649572,570.7462649811197,159.0,3.589599150824652,745.2448575949367,159.0,4.687074576068784
E:\N9_20251512_PKM2.lif,N9_20251512_PKM2,26,clemastine/6/R5,N9_20251512_PKM2_S27_clemastine_6_R5,16,157199,77160,51962,68564,2,22315,38392,10,68564,52,229,68,15.211180124223604,1.3344349403836184,223,922.5,19.0,165.0,107.5,56,355,117,11.473684210526317,1.381759747507794,212,927.5,20.0,130.0,102.5,35,143,39,17.861386138613863,1.3218452832390175,207,837.5,17.0,125.0,100.0,468.7405332735828,106.0,4.42208050258097,733.0374817670348,190.0,3.858092009300184,237.7,192.0,1.2380208333333331,694.3381415241057,159.0,4.366906550466074,400.1773558694142,159.0,2.516838716159838
E:\N9_20251512_PKM2.lif,N9_20251512_PKM2,26,clemastine/6/R5,N9_20251512_PKM2_S27_clemastine_6_R5,17,17944,10281,0,10281,1,0,0,0,10281,8,18,1,18.8125,1.1431767337807606,105,247.5,10.0,65.0,50.0,0,0,0,0.0,,0,0.0,0.0,,,8,18,1,18.8125,1.1431767337807606,105,247.5,10.0,65.0,50.0,110.22809065266024,106.0,1.039887647666606,194.28810427001264,190.0,1.0225689698421718,177.96430308335766,192.0,0.926897411892488,393.09960120610833,159.0,2.472324535887474,407.6871101871102,159.0,2.56406987539063
E:\N9_20251512_PKM2.lif,N9_20251512_PKM2,28,clemastine/6/R9,N9_20251512_PKM2_S29_clemastine_6_R9,1,43536,23039,23039,0,0,0,23039,0,0,39,125,27,12.647727272727272,1.5676027605364815,145,677.5,20.0,110.0,70.0,39,125,27,12.647727272727272,1.5676027605364815,145,677.5,20.0,110.0,70.0,0,0,0,0.0,,0,0.0,0.0,,,108.31194930335518,105.0,1.0315423743176684,845.5698598029428,193.0,4.381190983434937,181.0217891401537,190.0,0.9527462586323876,263.2629454403403,151.0,1.7434632148366906,,151.0,
E:\N9_20251512_PKM2.lif,N9_20251512_PKM2,28,clemastine/6/R9,N9_20251512_PKM2_S29_clemastine_6_R9,2,48475,21233,21233,0,0,0,21233,0,0,43,72,15,13.51388888888889,1.5869636885979372,146,677.5,19.0,80.0,70.0,43,72,15,13.51388888888889,1.5869636885979372,146,677.5,19.0,80.0,70.0,0,0,0,0.0,,0,0.0,0.0,,,109.61324353600529,105.0,1.0439356527238597,866.3103188433099,193.0,4.488654501778808,193.28710026845005,190.0,1.0173005277286844,288.9696227570292,151.0,1.9137061109737028,,151.0,
E:\N9_20251512_PKM2.lif,N9_20251512_PKM2,28,clemastine/6/R9,N9_20251512_PKM2_S29_clemastine_6_R9,3,9889,3977,3977,0,0,0,3977,9,0,4,0,0,26.666666666666668,1.4880563238622078,76,102.5,3.0,35.0,33.333333333333336,4,0,0,26.666666666666668,1.4880563238622078,76,102.5,3.0,35.0,33.333333333333336,0,0,0,0.0,,0,0.0,0.0,,,113.2514458134272,105.0,1.0785851982231165,505.7206437012824,193.0,2.6203142160688206,426.6666666666667,190.0,2.24561403508772,340.6884586371637,151.0,2.2562149578620114,,151.0,
E:\N9_20251512_PKM2.lif,N9_20251512_PKM2,28,clemastine/6/R9,N9_20251512_PKM2_S29_clemastine_6_R9,4,28230,19522,19125,13153,0,0,19125,0,13153,25,164,39,9.783505154639176,1.3789058498104705,114,517.5,14.0,85.0,55.0,25,140,33,10.55813953488372,1.4038169934640523,114,522.5,16.0,80.0,55.0,26,88,24,8.402985074626866,1.5293849311944043,109,462.5,14.0,60.0,52.5,109.69639381210942,105.0,1.044727560115328,1021.2761307189544,193.0,5.29158616952826,195.58636410203871,190.0,1.0294019163265196,468.0449236758529,151.0,3.099635256131476,,151.0,
E:\N9_20251512_PKM2.lif,N9_20251512_PKM2,28,clemastine/6/R9,N9_20251512_PKM2_S29_clemastine_6_R9,5,8742,8579,8579,0,0,0,8579,0,0,5,31,8,11.0,1.0366010024478378,80,157.5,6.0,55.0,37.5,5,31,8,11.0,1.0366010024478378,80,157.5,6.0,55.0,37.5,0,0,0,0.0,,0,0.0,0.0,,,111.52570229630491,105.0,1.0621495456790946,1382.1260053619303,193.0,7.161274639180986,184.669775032055,190.0,0.971946184379237,452.5373586665112,151.0,2.996936150109346,,151.0,
E:\N9_20251512_PKM2.lif,N9_20251512_PKM2,28,clemastine/6/R9,N9_20251512_PKM2_S29_clemastine_6_R9,6,22716,16107,12223,15355,0,0,12223,0,15355,22,70,21,11.245901639344265,1.3992673992673992,160,487.5,10.0,55.0,77.5,26,63,10,11.18,1.3980201259919822,131,392.5,18.0,60.0,62.5,13,62,20,12.714285714285714,1.4330836860957343,159,417.5,13.0,80.0,77.5,111.2112746011051,105.0,1.059154996201001,762.3547410619324,193.0,3.9500245650877326,205.10262618737195,190.0,1.079487506249326,483.4557024896008,151.0,3.2016933939708663,,151.0,
E:\N9_20251512_PKM2.lif,N9_20251512_PKM2,28,clemastine/6/R9,N9_20251512_PKM2_S29_clemastine_6_R9,7,12455,11673,11673,0,0,0,11673,25,0,12,34,8,16.8,1.0855821125674634,89,257.5,11.0,60.0,42.5,12,34,8,16.8,1.0855821125674634,89,257.5,11.0,60.0,42.5,0,0,0,0.0,,0,0.0,0.0,,,110.5495588109312,105.0,1.0528529410564875,1046.3633170564551,193.0,5.421571590966089,391.4,190.0,2.06,411.73614323652873,151.0,2.726729425407475,,151.0,
E:\N9_20251512_PKM2.lif,N9_20251512_PKM2,28,clemastine/6/R9,N9_20251512_PKM2_S29_clemastine_6_R9,8,48341,23697,20111,19479,0,0,20111,0,19479,50,156,41,10.730434782608697,1.749588555513356,179,802.5,13.0,75.0,87.5,58,169,43,9.234375,2.050917408383472,186,757.5,16.0,70.0,90.0,22,97,31,13.836065573770492,1.5310334206068072,147,547.5,12.0,75.0,70.0,110.01240663375113,105.0,1.0477372060357248,723.9695191686142,193.0,3.751137405018726,203.6551040216061,190.0,1.071868968534769,465.4414904840275,151.0,3.082393976715414,,151.0,
E:\N9_20251512_PKM2.lif,N9_20251512_PKM2,28,clemastine/6/R9,N9_20251512_PKM2_S29_clemastine_6_R9,9,43107,26827,0,26827,1,0,0,28,26827,13,35,8,26.423076923076923,1.40019383456965,172,457.5,9.0,80.0,82.5,0,0,0,0.0,,0,0.0,0.0,,,13,35,8,26.423076923076923,1.40019383456965,172,457.5,9.0,80.0,82.5,115.72359935885488,105.0,1.10212951770338,227.6118835501547,193.0,1.1793361841976926,231.03571428571428,190.0,1.2159774436090225,430.0576657844709,151.0,2.848064011817688,454.70352882703776,151.0,3.011281647861177
E:\N9_20251512_PKM2.lif,N9_20251512_PKM2,28,clemastine/6/R9,N9_20251512_PKM2_S29_clemastine_6_R9,10,61462,23829,23829,0,0,0,23829,1867,0,44,164,44,10.711711711711713,1.618657937806874,220,682.5,13.0,95.0,105.73170731707316,44,164,44,10.711711711711713,1.618657937806874,220,682.5,13.0,95.0,105.73170731707316,0,0,0,0.0,,0,0.0,0.0,,,113.52851567417852,105.0,1.0812239588017003,751.2242225859247,193.0,3.892353484901165,238.11235216819972,190.0,1.2532229061484197,376.71941751647154,151.0,2.494830579579282,,151.0,
E:\N9_20251512_PKM2.lif,N9_20251512_PKM2,28,clemastine/6/R9,N9_20251512_PKM2_S29_clemastine_6_R9,11,49918,32492,0,32492,1,0,0,208,32492,14,40,7,32.07142857142857,1.3418072140834667,150,457.5,12.0,125.0,72.5,0,0,0,0.0,,0,0.0,0.0,,,14,40,7,32.07142857142857,1.3418072140834667,150,457.5,12.0,125.0,72.5,112.47343961590543,105.0,1.0711756153895755,215.88024744552504,193.0,1.1185505048990936,300.8658536585366,190.0,1.5835044929396662,409.7929951988182,151.0,2.713860895356412,478.266849199663,151.0,3.167330127150086
E:\N9_20251512_PKM2.lif,N9_20251512_PKM2,28,clemastine/6/R9,N9_20251512_PKM2_S29_clemastine_6_R9,12,20961,9029,9029,0,0,0,9029,108,0,24,62,7,9.387755102040815,1.2188503710266918,85,257.5,15.0,60.0,40.0,24,62,7,9.387755102040815,1.2188503710266918,85,257.5,15.0,60.0,40.0,0,0,0,0.0,,0,0.0,0.0,,,114.10721010078636,105.0,1.0867353342932031,772.0739838298815,193.0,4.000383335906122,310.35185185185185,190.0,1.6334307992202728,718.0326724997232,151.0,4.755183261587571,,151.0,
E:\N9_20251512_PKM2.lif,N9_20251512_PKM2,30,HAMI3379/5/R13,N9_20251512_PKM2_S31_HAMI3379_5_R13,1,159673,78617,59940,49257,3,59940,0,111900,49257,89,590,170,11.57617728531856,2.391912690639429,351,2092.5,21.0,185.0,172.5,84,498,140,11.068627450980392,2.226826826826827,318,1942.5,19.0,180.0,157.5,61,298,65,12.15311004784689,2.5641025641025643,290,1527.5,16.0,140.0,142.5,357.9203703703704,115.0,3.112351046698873,235.38593433990104,196.0,1.2009486445913318,410.2636180950774,202.0,2.03100801037167,269.5493213935917,160.0,1.684683258709948,364.9433723059586,160.0,2.2808960769122413
E:\N9_20251512_PKM2.lif,N9_20251512_PKM2,30,HAMI3379/5/R13,N9_20251512_PKM2_S31_HAMI3379_5_R13,3,38459,5708,4741,4917,1,0,4741,381,4917,10,53,18,8.657894736842104,1.3770147161878066,82,170.0,6.0,50.0,37.5,10,45,17,9.037037037037036,1.571609365112845,84,217.5,9.0,45.0,40.0,6,34,8,12.2,1.429733577384584,80,197.5,8.0,45.0,37.5,122.05325858444289,115.0,1.0613326833429817,392.4741615692892,196.0,2.0024191916800467,220.54666666666665,202.0,1.0918151815181518,229.10476524176596,160.0,1.4319047827610372,222.46146616541355,160.0,1.3903841635338343
E:\N9_20251512_PKM2.lif,N9_20251512_PKM2,30,HAMI3379/5/R13,N9_20251512_PKM2_S31_HAMI3379_5_R13,4,35040,5466,0,5466,1,0,0,8264,5466,12,53,18,7.967741935483871,1.1926454445664103,70,147.5,8.0,45.0,32.5,0,0,0,0.0,,0,0.0,0.0,,,12,53,18,7.967741935483871,1.1926454445664103,70,147.5,8.0,45.0,32.5,124.23508964507867,115.0,1.0803051273485105,210.80095133552877,196.0,1.0755150578343302,279.3842556508184,202.0,1.383090374509002,256.1064763995609,160.0,1.6006654774972555,246.67455818606203,160.0,1.5417159886628875
E:\N9_20251512_PKM2.lif,N9_20251512_PKM2,30,HAMI3379/5/R13,N9_20251512_PKM2_S31_HAMI3379_5_R13,5,85496,35055,21027,29489,1,4670,16515,18230,29489,64,339,92,9.542986425339366,1.7624019398088715,352,1022.5,15.0,165.0,170.29850746268656,101,481,149,6.8125,2.4642602368383506,352,1202.5,12.0,170.0,165.65573770491804,51,311,90,8.885416666666666,1.4776357285767574,162,797.5,14.0,80.0,77.5,272.23340471092075,115.0,2.3672469974862675,419.9804420224039,196.0,2.1427573572571625,274.76160714285714,202.0,1.3602059759547382,285.3961489088575,160.0,1.7837259306803597,324.315170362358,160.0,2.0269698147647377
E:\N9_20251512_PKM2.lif,N9_20251512_PKM2,30,HAMI3379/5/R13,N9_20251512_PKM2_S31_HAMI3379_5_R13,6,27155,9648,6877,7386,1,0,6877,12117,7386,9,29,5,20.761904761904763,1.2801616915422886,98,247.5,7.0,50.0,47.5,4,22,4,23.357142857142858,1.5037080122146285,110,202.5,6.0,50.0,52.5,9,21,2,21.41176470588235,1.401164365014893,89,277.5,9.0,40.0,42.5,121.94299336650084,115.0,1.0603738553608768,478.2057583248509,196.0,2.43982529757577,283.04743919021,202.0,1.401224946486188,248.1538142620232,160.0,1.5509613391376451,261.85923476617853,160.0,1.6366202172886155
E:\N9_20251512_PKM2.lif,N9_20251512_PKM2,30,HAMI3379/5/R13,N9_20251512_PKM2_S31_HAMI3379_5_R13,7,86489,48914,45032,22014,2,45032,0,51355,22014,44,248,47,14.51851851851852,1.8106472584536124,247,1107.5,11.0,135.0,120.0,52,241,45,13.259036144578314,1.767920589802807,239,1077.5,12.0,120.0,117.5,25,108,30,14.425,2.373217043699464,194,837.5,12.0,85.0,95.0,637.4587848640966,115.0,5.543119868383449,218.22136811546795,196.0,1.1133743271197345,355.23248077076624,202.0,1.7585766374790408,228.86306578893567,160.0,1.430394161180848,275.7441234084231,160.0,1.7234007713026442
E:\N9_20251512_PKM2.lif,N9_20251512_PKM2,30,HAMI3379/5/R13,N9_20251512_PKM2_S31_HAMI3379_5_R13,8,48626,25783,23928,15263,1,23928,0,29476,15263,18,90,17,18.76271186440678,1.5560640732265447,174,602.5,9.0,75.0,85.0,19,79,15,18.89090909090909,1.591064861250418,181,632.5,11.0,80.0,87.5,23,67,20,16.020833333333332,1.7195833060342005,153,462.5,12.0,90.0,72.5,548.9797308592445,115.0,4.773736790080386,251.54376915021527,196.0,1.2833865772970168,350.1716399627615,202.0,1.7335229701126806,258.68087499515184,160.0,1.616755468719699,277.8514094601051,160.0,1.736571309125657
E:\N9_20251512_PKM2.lif,N9_20251512_PKM2,30,HAMI3379/5/R13,N9_20251512_PKM2_S31_HAMI3379_5_R13,9,34753,22828,22531,9562,1,22531,0,7157,9562,30,80,27,17.323076923076922,1.4451550727177152,130,657.5,28.0,95.0,62.5,24,85,20,17.092307692307692,1.442900892104212,130,607.5,26.0,95.0,62.5,12,37,14,13.444444444444445,1.4965488391549886,130,352.5,12.0,50.0,62.5,465.5573654076605,115.0,4.048324916588353,222.5241370247065,196.0,1.1353272297178902,277.46163178647254,202.0,1.3735724345864977,251.26546346591903,160.0,1.570409146661994,300.35990974050395,160.0,1.8772494358781495
E:\N9_20251512_PKM2.lif,N9_20251512_PKM2,30,HAMI3379/5/R13,N9_20251512_PKM2_S31_HAMI3379_5_R13,10,130228,74286,65606,41690,2,65606,0,123633,41690,85,435,101,14.278571428571428,1.8257275933554105,281,1922.5,25.0,195.0,137.5,88,449,98,12.914383561643836,1.839191537359388,271,1927.5,16.0,145.0,132.5,95,318,76,11.325991189427311,2.9493883425281844,307,1642.5,17.0,155.0,150.0,326.2372191567844,115.0,2.8368453839720384,237.55112672643563,196.0,1.211995544522631,451.720030253372,202.0,2.2362377735315446,260.3952696335783,160.0,1.6274704352098646,369.4204311410133,160.0,2.308877694631333
E:\N9_20251512_PKM2.lif,N9_20251512_PKM2,30,HAMI3379/5/R13,N9_20251512_PKM2_S31_HAMI3379_5_R13,11,14479,9093,0,9093,1,0,0,9677,9093,16,75,23,7.480769230769231,1.4153744638733092,105,277.5,14.0,60.0,50.0,0,0,0,0.0,,0,0.0,0.0,,,16,75,23,7.480769230769231,1.4153744638733092,105,277.5,14.0,60.0,50.0,139.97437589354448,115.0,1.2171684860308216,246.8369075112724,196.0,1.2593719770983287,269.4689388851578,202.0,1.3340046479463257,383.3298141427472,160.0,2.39581133839217,413.6451485148515,160.0,2.5852821782178217
E:\N9_20251512_PKM2.lif,N9_20251512_PKM2,30,HAMI3379/5/R13,N9_20251512_PKM2_S31_HAMI3379_5_R13,12,5867,5408,5084,3986,0,0,5084,4960,3986,3,17,8,15.923076923076923,1.041974852071006,60,117.5,10.0,45.0,27.5,3,28,13,9.904761904761903,1.0460267505900869,56,112.5,10.0,40.0,25.0,14,40,8,9.142857142857142,1.3359257400903162,102,155.0,4.0,5.0,49.70588235294117,142.65421597633136,115.0,1.2404714432724466,667.8682140047207,196.0,3.407490887779187,274.618031358885,202.0,1.3594952047469555,265.6092825443787,160.0,1.6600580159023668,,160.0,
E:\N9_20251512_PKM2.lif,N9_20251512_PKM2,30,HAMI3379/5/R13,N9_20251512_PKM2_S31_HAMI3379_5_R13,13,20487,11274,0,11274,1,0,0,18650,11274,20,74,16,12.916666666666666,1.4340074507716871,105,327.5,8.0,65.0,50.0,0,0,0,0.0,,0,0.0,0.0,,,20,74,16,12.916666666666666,1.4340074507716871,105,327.5,8.0,65.0,50.0,141.08621607237893,115.0,1.2268366614989472,229.10111761575303,196.0,1.1688832531415971,342.1947206989497,202.0,1.6940332707868797,301.61140677665423,160.0,1.8850712923540889,336.79527258863897,160.0,2.1049704536789937
E:\N9_20251512_PKM2.lif,N9_20251512_PKM2,30,HAMI3379/5/R13,N9_20251512_PKM2_S31_HAMI3379_5_R13,14,14304,7914,0,7914,0,0,0,14041,7914,15,54,21,10.068181818181818,1.5042961839777609,94,262.5,8.0,45.0,45.0,0,0,0,0.0,,0,0.0,0.0,,,15,54,21,10.068181818181818,1.5042961839777609,94,262.5,8.0,45.0,45.0,141.408011119535,115.0,1.2296348793003042,273.93580995703815,196.0,1.3976316834542764,378.65642207709055,202.0,1.874536742955894,275.4248167803892,160.0,1.7214051048774324,,160.0,
E:\N9_20251512_PKM2.lif,N9_20251512_PKM2,30,HAMI3379/5/R13,N9_20251512_PKM2_S31_HAMI3379_5_R13,15,74470,19410,7512,16864,1,0,7512,50356,16864,33,112,22,12.753246753246753,2.033693972179289,288,752.5,10.0,170.0,142.5,6,74,20,8.666666666666666,1.2100638977635785,85,142.5,6.0,45.0,40.0,31,86,17,14.396825396825395,2.3180740037950662,288,752.5,9.0,35.0,142.5,123.01406491499228,115.0,1.0696875209999328,737.6693290734825,196.0,3.7636190258851143,359.11431374954003,202.0,1.7777936324234656,269.1344152498712,160.0,1.682090095311695,310.83029274501484,160.0,1.9426893296563428
E:\N9_20251512_PKM2.lif,N9_20251512_PKM2,30,HAMI3379/5/R13,N9_20251512_PKM2_S31_HAMI3379_5_R13,16,9269,4513,2506,4440,1,0,2506,65,4440,4,4,1,27.8,1.0864170175049856,58,117.5,7.0,35.0,27.5,3,7,2,10.833333333333334,1.0514764565043897,44,77.5,6.0,30.0,20.0,4,4,1,27.6,1.0810810810810811,57,112.5,8.0,40.0,25.0,117.8187458453357,115.0,1.0245108334377018,438.4313647246608,196.0,2.2368947179829632,315.1746031746032,202.0,1.5602703127455604,274.6168845557279,160.0,1.7163555284732994,269.51182707993473,160.0,1.6844489192495922
E:\N9_20251512_PKM2.lif,N9_20251512_PKM2,30,HAMI3379/5/R13,N9_20251512_PKM2_S31_HAMI3379_5_R13,17,35118,14204,4490,13974,1,0,4490,7449,13974,33,171,40,8.324324324324325,1.4622641509433962,123,462.5,13.0,70.0,57.5,14,48,17,8.17142857142857,1.7129175946547883,76,202.5,8.0,40.0,35.0,30,164,39,8.345794392523365,1.4863317589809646,124,447.5,8.0,65.0,60.0,133.12735849056602,115.0,1.1576292042657914,420.19175946547887,196.0,2.143835507476933,308.72131147540983,202.0,1.5283233241356922,254.583638411715,160.0,1.5911477400732188,255.16188947489107,160.0,1.594761809218069
E:\N9_20251512_PKM2.lif,N9_20251512_PKM2,30,HAMI3379/5/R13,N9_20251512_PKM2_S31_HAMI3379_5_R13,18,65939,25033,21713,17702,1,21713,0,44562,17702,28,161,40,13.037383177570094,2.1226780649542603,195,822.5,13.0,115.0,95.0,31,135,29,13.829787234042554,2.440611615161424,190,942.5,15.0,110.0,92.5,38,148,34,11.484848484848484,2.377753926110044,188,797.5,12.0,80.0,92.5,290.4572375995947,115.0,2.525715109561693,221.5118443654376,196.0,1.130162471252233,333.26198878031124,202.0,1.649811825645105,265.5930172172732,160.0,1.6599563576079577,335.71453590192647,160.0,2.0982158493870404
E:\N9_20251512_PKM2.lif,N9_20251512_PKM2,30,HAMI3379/5/R13,N9_20251512_PKM2_S31_HAMI3379_5_R13,19,42698,29824,9013,26636,1,9013,0,34518,26636,39,204,41,12.4375,1.4177172746781117,153,647.5,12.0,85.0,75.0,28,84,13,11.689655172413794,2.387218462221236,125,512.5,10.0,65.0,60.0,37,183,28,12.0,1.5694924162787205,155,677.5,13.0,90.0,75.0,246.28935981360257,115.0,2.141646607074805,220.83818401287556,196.0,1.12672542863712,338.81015171975537,202.0,1.6772779788106702,282.73615209227466,160.0,1.7671009505767166,302.98377723970947,160.0,1.893648607748184
E:\N9_20251512_PKM2.lif,N9_20251512_PKM2,30,HAMI3379/5/R13,N9_20251512_PKM2_S31_HAMI3379_5_R13,20,29476,12402,11937,8936,1,0,11937,6838,8936,14,72,24,11.166666666666666,1.812449604902435,156,357.5,7.0,55.0,75.0,15,91,32,10.910714285714286,1.8497109826589595,156,347.5,7.0,55.0,75.0,14,51,17,13.027027027027026,1.96911369740376,128,307.5,13.0,45.0,60.0,124.15924850830513,115.0,1.0796456392026532,553.7361146016588,196.0,2.825184258171728,280.8714153561517,202.0,1.390452551268078,263.56216739235606,160.0,1.6472635462022254,305.26151980598223,160.0,1.9078844987873889
E:\N9_20251512_PKM2.lif,N9_20251512_PKM2,30,HAMI3379/5/R13,N9_20251512_PKM2_S31_HAMI3379_5_R13,22,47332,27509,10436,26329,1,10436,0,37258,26329,26,123,22,16.17105263157895,1.765858446326657,179,672.5,9.0,155.0,87.5,26,95,30,9.80952380952381,1.935224223840552,122,437.5,10.0,70.0,57.5,25,122,22,16.2972972972973,1.8338713965589275,181,652.5,15.0,95.0,87.5,295.6443081640475,115.0,2.5708200709917177,234.8756770511469,196.0,1.19834529107728,349.1759066943601,202.0,1.728593597496832,315.9715729397652,160.0,1.974822330873532,321.0325285895807,160.0,2.0064533036848795
E:\N9_20251512_PKM2.lif,N9_20251512_PKM2,30,HAMI3379/5/R13,N9_20251512_PKM2_S31_HAMI3379_5_R13,23,43682,12221,1714,11999,1,0,1714,31589,11999,19,59,12,14.926829268292684,2.030930365763849,148,442.5,9.0,70.0,70.0,12,16,1,11.8,4.381563593932322,135,167.5,4.0,80.0,69.28571428571429,18,56,11,15.153846153846152,2.0589215767980664,146,447.5,11.0,70.0,70.0,139.24948858522217,115.0,1.2108651181323666,354.5659276546091,196.0,1.8090098349724952,295.7095680805733,202.0,1.4639087528741253,274.42500613697734,160.0,1.7151562883561084,309.1737718229801,160.0,1.9323360738936253
E:\N9_20251512_PKM2.lif,N9_20251512_PKM2,30,HAMI3379/5/R13,N9_20251512_PKM2_S31_HAMI3379_5_R13,24,50937,22070,19855,11640,1,17305,8358,40764,11640,20,71,26,17.0,1.9475758948799275,186,592.5,8.0,75.0,90.0,21,80,29,15.11111111111111,2.164845127171997,189,677.5,10.0,95.0,92.5,10,40,8,20.714285714285715,1.4969931271477663,130,367.5,13.0,55.0,62.5,368.71493787922566,115.0,3.2062168511237013,810.0831538645609,196.0,4.133077315635515,379.173864273696,202.0,1.8770983379885944,239.65704576347983,160.0,1.4978565360217488,285.4871891484552,160.0,1.7842949321778447
E:\N9_20251512_PKM2.lif,N9_20251512_PKM2,30,HAMI3379/5/R13,N9_20251512_PKM2_S31_HAMI3379_5_R13,25,15196,6383,0,6383,1,0,0,2372,6383,8,26,8,17.473684210526315,1.4582484725050917,89,252.5,11.0,45.0,42.5,0,0,0,0.0,,0,0.0,0.0,,,8,26,8,17.473684210526315,1.4582484725050917,89,252.5,11.0,45.0,42.5,137.7859940466865,115.0,1.198139078666839,277.5130816230613,196.0,1.4158830695054148,273.19023779724654,202.0,1.3524269197883492,315.1724894250352,160.0,1.96982805890647,277.14473190851146,160.0,1.7321545744281963
E:\N9_20251512_PKM2.lif,N9_20251512_PKM2,30,HAMI3379/5/R13,N9_20251512_PKM2_S31_HAMI3379_5_R13,26,9083,5820,0,5820,1,0,0,0,5820,14,46,10,9.65625,1.3969072164948453,82,222.5,8.0,35.0,37.5,0,0,0,0.0,,0,0.0,0.0,,,14,46,10,9.65625,1.3969072164948453,82,222.5,8.0,35.0,37.5,133.66752577319588,115.0,1.1623263110712685,216.94845360824743,196.0,1.1068798653482013,212.62972508591065,202.0,1.052622401415399,278.11237113402063,160.0,1.738202319587629,250.1516058791508,160.0,1.5634475367446925
E:\N9_20251512_PKM2.lif,N9_20251512_PKM2,30,HAMI3379/5/R13,N9_20251512_PKM2_S31_HAMI3379_5_R13,27,31055,4692,444,4444,1,32,412,28928,4444,6,14,3,17.916666666666668,1.2399829497016197,71,162.5,8.0,45.0,32.5,4,0,0,2.5,2.759009009009009,91,47.5,4.0,55.0,58.57142857142857,5,13,3,19.4,1.2301980198019802,70,132.5,7.0,45.0,32.5,336.65625,115.0,2.927445652173913,479.30582524271847,196.0,2.4454378838914206,352.83072800357303,202.0,1.746686772294916,266.16581415174767,160.0,1.663536338448423,283.55753424657536,160.0,1.772234589041096
E:\N9_20251512_PKM2.lif,N9_20251512_PKM2,30,HAMI3379/5/R13,N9_20251512_PKM2_S31_HAMI3379_5_R13,28,21599,15982,15982,6819,1,15747,1810,7256,6819,12,34,3,24.791666666666668,1.7072331372794394,187,407.5,8.0,70.0,90.0,12,34,3,24.791666666666668,1.7072331372794394,187,407.5,8.0,70.0,90.0,11,23,3,18.4375,1.6612406511218654,97,252.5,7.0,45.0,45.0,507.2503333968375,115.0,4.410872464320327,439.92983425414366,196.0,2.2445399706844062,300.78720890988865,202.0,1.4890455886628151,249.75053184832936,160.0,1.5609408240520586,252.3248959778086,160.0,1.577030599861304
E:\N9_20251512_PKM2.lif,N9_20251512_PKM2,30,HAMI3379/5/R13,N9_20251512_PKM2_S31_HAMI3379_5_R13,29,29457,6811,0,6811,1,0,0,14963,6811,7,35,8,11.11111111111111,1.6112171487299956,107,292.5,8.0,35.0,50.0,0,0,0,0.0,,0,0.0,0.0,,,7,35,8,11.11111111111111,1.6112171487299956,107,292.5,8.0,35.0,50.0,124.9202760240787,115.0,1.0862632697745973,240.41007194244605,196.0,1.2265819997063574,298.0823949464433,202.0,1.475655420526947,278.1228894435472,160.0,1.73826805902217,286.7808378588053,160.0,1.792380236617533
E:\N9_20251512_PKM2.lif,N9_20251512_PKM2,30,HAMI3379/5/R13,N9_20251512_PKM2_S31_HAMI3379_5_R13,30,56728,31977,31360,15751,1,31360,0,50407,15751,19,99,25,19.0,1.7966663539418957,218,702.5,9.0,95.0,107.5,20,100,27,18.410958904109588,1.813966836734694,220,672.5,9.0,85.0,107.5,20,68,13,16.67391304347826,2.820900260300933,205,492.5,9.0,155.0,114.83870967741936,492.8858099489796,115.0,4.285963564773736,192.78456390530692,196.0,0.9835947138025865,497.318935672129,202.0,2.461974929069945,232.06779873033744,160.0,1.4504237420646091,356.7121267969038,160.0,2.229450792480649
E:\N9_20251512_PKM2.lif,N9_20251512_PKM2,30,HAMI3379/5/R13,N9_20251512_PKM2_S31_HAMI3379_5_R13,31,36837,23223,21889,11909,2,20353,8668,22166,11909,24,72,14,17.017241379310345,1.770701459759721,262,547.5,8.0,240.0,147.94871794871796,21,79,15,16.603448275862068,1.4941751564712868,140,522.5,12.0,90.0,67.5,12,28,6,21.28,2.411873373079184,262,412.5,4.0,10.0,152.77777777777777,324.59996069375524,115.0,2.822608353858741,882.8877480387632,196.0,4.504529326728384,275.8077447859138,202.0,1.3653848751777913,227.4148473496103,160.0,1.4213427959350644,279.8045292014303,160.0,1.7487783075089394
E:\N9_20251512_PKM2.lif,N9_20251512_PKM2,30,HAMI3379/5/R13,N9_20251512_PKM2_S31_HAMI3379_5_R13,32,18759,10618,1269,10618,1,0,1269,0,10618,32,104,30,8.28048780487805,1.603409304953852,94,502.5,16.0,60.0,45.0,1,8,1,12.8,1.0591016548463357,37,47.5,4.0,20.0,15.0,32,104,30,8.28048780487805,1.603409304953852,94,502.5,16.0,60.0,45.0,130.34884158975325,115.0,1.1334681877369848,353.6509062253743,196.0,1.804341358292726,201.041721604822,202.0,0.9952560475486236,263.12912036165005,160.0,1.6445570022603129,237.18930536451168,160.0,1.482433158528198
E:\N9_20251512_PKM2.lif,N9_20251512_PKM2,30,HAMI3379/5/R13,N9_20251512_PKM2_S31_HAMI3379_5_R13,33,19067,12021,11625,2831,0,11563,82,15152,2831,13,45,7,20.928571428571427,1.6308127443640297,104,437.5,13.0,80.0,50.0,19,47,12,17.09090909090909,1.671741935483871,106,367.5,9.0,60.0,50.0,3,3,0,49.66666666666666,1.972447898269163,75,115.0,4.0,40.0,37.5,331.06538095649915,115.0,2.878829399621732,340.2560975609756,196.0,1.7360004977600796,435.2421393841167,202.0,2.154664056357013,182.7801347641627,160.0,1.1423758422760169,,160.0,
E:\N9_20251512_PKM2.lif,N9_20251512_PKM2,30,HAMI3379/5/R13,N9_20251512_PKM2_S31_HAMI3379_5_R13,34,12996,7961,948,7961,1,0,948,0,7961,11,57,8,11.514285714285714,1.167315663861324,80,212.5,6.0,50.0,37.5,2,0,0,8.0,1.029535864978903,31,42.5,6.0,20.0,12.5,11,57,8,11.514285714285714,1.167315663861324,80,212.5,6.0,50.0,37.5,113.0344177867102,115.0,0.9829079807540018,385.11708860759495,196.0,1.964883105140791,173.00954653937947,202.0,0.8564829036602944,260.7045597286773,160.0,1.629403498304233,242.51150627615064,160.0,1.5156969142259415
E:\N9_20251512_PKM2.lif,N9_20251512_PKM2,32,HAMI3379/5/R11,N9_20251512_PKM2_S33_HAMI3379_5_R11,1,16067,10626,0,10626,2,0,0,0,10626,24,76,22,9.96875,1.523527197440241,103,337.5,12.0,80.0,50.0,0,0,0,0.0,,0,0.0,0.0,,,24,76,22,9.96875,1.523527197440241,103,337.5,12.0,80.0,50.0,121.64238659890832,112.0,1.086092737490253,199.89092791266705,195.0,1.0250816816034207,190.9175607001694,201.0,0.949838610448604,291.4529456051195,159.0,1.83303739374289,270.3027108433735,159.0,1.7000170493293931
E:\N9_20251512_PKM2.lif,N9_20251512_PKM2,32,HAMI3379/5/R11,N9_20251512_PKM2_S33_HAMI3379_5_R11,4,39904,9317,0,9317,1,0,0,9727,9317,20,65,23,11.425531914893616,2.3061071160244717,132,352.5,9.0,50.0,62.5,0,0,0,0.0,,0,0.0,0.0,,,20,65,23,11.425531914893616,2.3061071160244717,132,352.5,9.0,50.0,62.5,140.1106579371042,112.0,1.2509880172955732,212.8186111409252,195.0,1.0913774930303857,296.4701055099648,201.0,1.4749756493033075,260.5951486529999,159.0,1.6389631990754712,263.6393156424581,159.0,1.658108903411686
E:\N9_20251512_PKM2.lif,N9_20251512_PKM2,32,HAMI3379/5/R11,N9_20251512_PKM2_S33_HAMI3379_5_R11,6,41056,6873,0,6873,1,0,0,28749,6873,15,46,15,10.571428571428571,1.4151025752946311,97,200.0,7.0,50.0,45.0,0,0,0,0.0,,0,0.0,0.0,,,15,46,15,10.571428571428571,1.4151025752946311,97,200.0,7.0,50.0,45.0,119.58387894660264,112.0,1.0677132048803808,226.64120471409865,195.0,1.162262588277429,262.5140128710816,201.0,1.3060398650302567,265.55434308162376,159.0,1.670153101142288,271.2942942942943,159.0,1.7062534232345552
E:\N9_20251512_PKM2.lif,N9_20251512_PKM2,32,HAMI3379/5/R11,N9_20251512_PKM2_S33_HAMI3379_5_R11,7,44506,16369,6728,14260,2,0,6728,34180,14260,28,153,45,9.529411764705882,1.6044352129024375,138,537.5,16.0,70.0,65.4,8,64,20,10.974358974358974,1.1324316290130796,67,162.5,12.0,45.0,30.0,25,116,37,9.714285714285714,1.764656381486676,135,425.0,9.0,55.0,65.21739130434783,125.59270572423485,112.0,1.1213634439663824,649.0734244946492,195.0,3.328581664075124,302.29074716267337,201.0,1.5039340654859372,285.5414503024009,159.0,1.7958581780025211,281.71811580711227,159.0,1.771812049101335
E:\N9_20251512_PKM2.lif,N9_20251512_PKM2,32,HAMI3379/5/R11,N9_20251512_PKM2_S33_HAMI3379_5_R11,8,10792,6336,251,6336,1,251,0,3325,6336,9,37,6,11.76923076923077,1.2736742424242424,89,177.5,7.0,45.0,42.5,2,0,0,3.0,1.0398406374501992,20,22.5,4.0,10.0,7.5,9,37,6,11.76923076923077,1.2736742424242424,89,177.5,7.0,45.0,42.5,272.3107569721116,112.0,2.431346044393853,221.6306818181818,195.0,1.136567599067599,276.052291801162,201.0,1.3733944865729455,257.98248106060606,159.0,1.6225313274251951,264.19482686691697,159.0,1.661602684697591
E:\N9_20251512_PKM2.lif,N9_20251512_PKM2,32,HAMI3379/5/R11,N9_20251512_PKM2_S33_HAMI3379_5_R11,9,31217,7618,622,7116,1,622,0,24636,7116,10,50,13,11.757575757575758,1.4239957994224206,103,212.5,8.0,55.0,47.5,4,4,1,10.25,1.1221864951768488,32,32.5,3.0,15.0,12.5,8,50,12,11.741935483870968,1.302417088251827,101,252.5,8.0,50.0,47.5,253.1945337620579,112.0,2.260665480018374,240.67655552638487,195.0,1.2342387462891533,299.15987654320986,201.0,1.4883575947423375,263.77907587293254,159.0,1.6589878985719029,265.3546073861599,159.0,1.6688969017997477
E:\N9_20251512_PKM2.lif,N9_20251512_PKM2,32,HAMI3379/5/R11,N9_20251512_PKM2_S33_HAMI3379_5_R11,10,48144,7553,0,7553,1,0,0,11648,7553,10,32,12,12.85,1.1692042896862174,81,212.5,11.0,50.0,37.5,0,0,0,0.0,,0,0.0,0.0,,,10,32,12,12.85,1.1692042896862174,81,212.5,11.0,50.0,37.5,128.7516218721038,112.0,1.1495680524294982,224.8024625976433,195.0,1.152833141526376,268.859553123575,201.0,1.3376097170327113,346.8907718787237,159.0,2.181702967790715,366.1790062520566,159.0,2.303012617937463
E:\N9_20251512_PKM2.lif,N9_20251512_PKM2,32,HAMI3379/5/R11,N9_20251512_PKM2_S33_HAMI3379_5_R11,11,11900,7723,1,7723,1,1,0,2499,7723,15,48,11,11.628571428571428,1.3736889809659458,100,237.5,11.0,55.0,47.5,0,0,0,1.0,1.0,10,0.0,0.0,5.0,,15,48,11,11.628571428571428,1.3736889809659458,100,237.5,11.0,55.0,47.5,194.0,112.0,1.7321428571428572,229.08299883464971,195.0,1.1747846094084602,257.55002592016587,201.0,1.2813434125381389,287.0888255859122,159.0,1.805590098024605,288.4011029411765,159.0,1.8138434147243805
E:\N9_20251512_PKM2.lif,N9_20251512_PKM2,32,HAMI3379/5/R11,N9_20251512_PKM2_S33_HAMI3379_5_R11,12,67581,32263,30600,9657,2,0,30600,14931,9657,40,193,41,13.123076923076924,1.9997520379381957,249,1127.5,19.0,120.0,122.5,38,195,39,13.304,2.029607843137255,233,1087.5,15.0,120.0,112.5,27,90,24,8.793650793650794,3.114735425080253,287,380.0,11.0,75.0,89.0,117.72501007345876,112.0,1.0511161613701676,522.4906209150327,195.0,2.679439081615552,270.5535632183908,201.0,1.346037627952193,218.16938908347024,159.0,1.3721345225375488,268.98741074783914,159.0,1.691744721684523
E:\N9_20251512_PKM2.lif,N9_20251512_PKM2,32,HAMI3379/5/R11,N9_20251512_PKM2_S33_HAMI3379_5_R11,13,69852,31169,30760,5326,1,8516,22649,6488,5326,67,243,50,11.508771929824562,1.9420257306939588,216,1287.5,17.0,105.0,105.0,66,240,50,11.455621301775148,1.9105981794538365,214,1392.5,22.0,110.0,105.0,9,9,1,23.166666666666668,3.4570033796470145,209,282.5,6.0,65.0,101.55172413793105,255.34816815406293,112.0,2.279894358518419,526.7622411585501,195.0,2.701344826454103,266.7489224137931,201.0,1.327109066735289,189.28589303474607,159.0,1.1904773146839376,212.8497576736672,159.0,1.3386777212180327
E:\N9_20251512_PKM2.lif,N9_20251512_PKM2,32,HAMI3379/5/R11,N9_20251512_PKM2_S33_HAMI3379_5_R11,14,116269,50839,50651,10622,1,49562,1089,24262,10622,47,195,33,18.03076923076923,2.6613426699974427,308,1637.5,16.0,135.0,150.0,43,191,33,18.436507936507937,2.5537896586444493,308,1602.5,16.0,135.0,150.0,16,36,6,19.96153846153846,4.216343438147241,463,460.0,5.0,260.0,291.8103448275862,456.94941689197367,112.0,4.0799055079640505,385.7052341597796,195.0,1.9779755597937412,308.59434128053425,201.0,1.5352952302514142,203.3427880170735,159.0,1.2788854592268777,273.1575668743129,159.0,1.7179721187063706
E:\N9_20251512_PKM2.lif,N9_20251512_PKM2,32,HAMI3379/5/R11,N9_20251512_PKM2_S33_HAMI3379_5_R11,16,21068,7956,27,7955,1,0,27,2846,7955,20,37,8,13.533333333333331,1.5365761689291102,106,277.5,6.0,35.0,50.0,4,0,0,2.2,3.259259259259259,28,30.0,3.0,10.0,10.0,19,34,8,14.392857142857142,1.5367693274670018,106,272.5,6.0,35.0,50.0,120.62921065862244,112.0,1.0770465237377005,353.1851851851852,195.0,1.8112060778727443,262.69628339140536,201.0,1.3069466835393302,240.25741578682755,159.0,1.5110529294769028,227.1042730448804,159.0,1.428328761288556
E:\N9_20251512_PKM2.lif,N9_20251512_PKM2,32,HAMI3379/5/R11,N9_20251512_PKM2_S33_HAMI3379_5_R11,17,27366,6006,0,6006,0,0,0,20492,6006,13,55,7,9.447368421052632,1.993006993006993,105,247.5,7.0,75.0,50.0,0,0,0,0.0,,0,0.0,0.0,,,13,55,7,9.447368421052632,1.993006993006993,105,247.5,7.0,75.0,50.0,134.02464202464202,112.0,1.1966485895057324,230.46886446886447,195.0,1.1818916126608434,331.2502210433245,201.0,1.6480110499667884,255.98851148851148,159.0,1.609990638292525,,159.0,
E:\N9_20251512_PKM2.lif,N9_20251512_PKM2,32,HAMI3379/5/R11,N9_20251512_PKM2_S33_HAMI3379_5_R11,18,15723,7886,0,7886,1,0,0,10426,7886,16,67,15,10.682926829268292,1.6010651787978696,95,310.0,13.0,60.0,45.0,0,0,0,0.0,,0,0.0,0.0,,,16,67,15,10.682926829268292,1.6010651787978696,95,310.0,13.0,60.0,45.0,151.6883083946234,112.0,1.354359896380566,283.72647730154705,195.0,1.4550075759053696,290.0803755868545,201.0,1.4431859481933058,235.01331473497336,159.0,1.4780711618551785,234.73347948637644,159.0,1.4763111917382166
E:\N9_20251512_PKM2.lif,N9_20251512_PKM2,32,HAMI3379/5/R11,N9_20251512_PKM2_S33_HAMI3379_5_R11,19,4459,3696,0,3696,0,0,0,0,3696,3,3,1,29.666666666666668,1.082792207792208,54,112.5,7.0,35.0,25.0,0,0,0,0.0,,0,0.0,0.0,,,3,3,1,29.666666666666668,1.082792207792208,54,112.5,7.0,35.0,25.0,121.62554112554112,112.0,1.0859423314780456,213.81872294372292,195.0,1.0965062715062714,233.2202380952381,201.0,1.16029969201611,327.5246212121212,159.0,2.0599032780636555,,159.0,
E:\N9_20251512_PKM2.lif,N9_20251512_PKM2,32,HAMI3379/5/R11,N9_20251512_PKM2_S33_HAMI3379_5_R11,21,43978,29831,28042,10239,1,28042,0,32818,10239,42,241,72,11.311258278145695,1.4484596560624854,169,902.5,16.0,85.0,82.5,39,196,46,12.59504132231405,1.485129448684117,171,872.5,12.0,85.0,82.5,38,160,59,7.150442477876106,2.110362340072273,137,447.5,9.0,60.0,65.0,406.2975180087012,112.0,3.627656410791975,193.22976098689284,195.0,0.9909218512148352,360.4284068939986,201.0,1.7931761537014856,221.24829874962288,159.0,1.3914987342743577,295.77142857142854,159.0,1.8601976639712487
E:\N9_20251512_PKM2.lif,N9_20251512_PKM2,32,HAMI3379/5/R11,N9_20251512_PKM2_S33_HAMI3379_5_R11,22,14285,6277,0,6277,1,0,0,22,6277,3,7,1,40.0,1.254580213477776,71,162.5,10.0,55.0,32.5,0,0,0,0.0,,0,0.0,0.0,,,3,7,1,40.0,1.254580213477776,71,162.5,10.0,55.0,32.5,122.67277361797036,112.0,1.095292621589021,220.0,195.0,1.1282051282051282,322.90909090909093,201.0,1.60651289009498,250.47841325473956,159.0,1.5753359324197456,250.35575719649563,159.0,1.574564510669784
E:\N9_20251512_PKM2.lif,N9_20251512_PKM2,32,HAMI3379/5/R11,N9_20251512_PKM2_S33_HAMI3379_5_R11,23,23991,10120,0,10120,1,0,0,3280,10120,29,97,35,9.647058823529411,1.5561264822134386,111,332.5,11.0,70.0,52.5,0,0,0,0.0,,0,0.0,0.0,,,29,97,35,9.647058823529411,1.5561264822134386,111,332.5,11.0,70.0,52.5,141.1465415019763,112.0,1.2602369776962168,221.78745059288536,195.0,1.1373715415019765,280.17483146067417,201.0,1.3939046341327073,249.73685770750987,159.0,1.5706720610535212,244.1691070915877,159.0,1.5356547615823126
E:\N9_20251512_PKM2.lif,N9_20251512_PKM2,32,HAMI3379/5/R11,N9_20251512_PKM2_S33_HAMI3379_5_R11,24,16541,7009,0,7009,1,0,0,1149,7009,22,26,16,12.928571428571429,1.84020545013554,113,282.5,9.0,55.0,52.5,0,0,0,0.0,,0,0.0,0.0,,,22,26,16,12.928571428571429,1.84020545013554,113,282.5,9.0,55.0,52.5,124.473106006563,112.0,1.1113670179157409,209.9905835354544,195.0,1.0768747873613047,269.652862362972,201.0,1.3415565291690148,280.12384077614496,159.0,1.7617851621141192,244.57511961722489,159.0,1.5382082994794015
E:\N9_20251512_PKM2.lif,N9_20251512_PKM2,32,HAMI3379/5/R11,N9_20251512_PKM2_S33_HAMI3379_5_R11,25,100202,52513,51479,25696,2,51079,10387,48872,25696,29,183,41,18.35593220338983,1.7127187553558167,262,972.5,13.0,140.0,127.5,31,199,45,17.573643410852714,1.7471201849297773,261,1102.5,16.0,150.0,127.5,25,126,22,14.758620689655173,1.575147882938979,177,627.5,10.0,110.0,85.0,653.3216194522211,112.0,5.833228745109117,872.8831231346876,195.0,4.476323708383013,472.1098993288591,201.0,2.3488054692978064,245.9833374592958,159.0,1.5470650154672692,310.731884057971,159.0,1.9542885789809497
E:\N9_20251512_PKM2.lif,N9_20251512_PKM2,32,HAMI3379/5/R11,N9_20251512_PKM2_S33_HAMI3379_5_R11,26,67612,38096,38092,4,0,38092,0,51056,4,58,349,89,11.367713004484305,1.902876942461151,246,1257.5,19.0,120.0,120.0,56,349,89,11.40990990990991,1.8656410794917568,246,1252.5,19.0,120.0,120.0,2,0,0,2.0,1.0,12,0.0,0.0,5.0,,307.6594560537646,112.0,2.7469594290514694,180.17482150356992,195.0,0.9239734436080508,391.57508417508416,201.0,1.948134747139722,169.51393847123057,159.0,1.0661253991901294,,159.0,
E:\N9_20251512_PKM2.lif,N9_20251512_PKM2,32,HAMI3379/5/R11,N9_20251512_PKM2_S33_HAMI3379_5_R11,28,95521,15535,11097,11806,2,0,11097,5165,11806,18,106,23,12.530303030303031,1.6405535886707434,118,467.5,10.0,75.0,55.0,17,103,26,11.390625,1.8333783905560064,127,472.5,9.0,65.0,60.0,10,30,6,22.5,1.4056411993901403,109,327.5,8.0,45.0,52.5,120.56626971355004,112.0,1.0764845510138397,471.6989276381004,195.0,2.418968859682566,267.6528201219512,201.0,1.3316060702584638,247.2438364982298,159.0,1.5549926823788038,268.6659829059829,159.0,1.68972316293071
E:\N9_20251512_PKM2.lif,N9_20251512_PKM2,32,HAMI3379/5/R11,N9_20251512_PKM2_S33_HAMI3379_5_R11,29,39341,30793,30684,13522,1,30684,0,12572,13522,44,202,86,10.383561643835616,1.4320462442762965,233,697.5,10.0,80.0,112.5,42,196,85,10.471830985915492,1.437133359405553,233,687.5,10.0,80.0,112.5,13,43,14,19.59259259259259,2.0439284129566637,204,427.5,6.0,65.0,100.0,882.0351649067918,112.0,7.875313972382069,188.51021336017925,195.0,0.9667190428727142,326.3783783783784,201.0,1.6237730267581014,242.37352645081677,159.0,1.5243618015774638,316.7335339351387,159.0,1.992034804623514
E:\N9_20251512_PKM2.lif,N9_20251512_PKM2,32,HAMI3379/5/R11,N9_20251512_PKM2_S33_HAMI3379_5_R11,30,23132,12765,12765,0,0,12765,0,19499,0,18,81,18,14.120689655172416,1.8347042694868785,126,537.5,15.0,90.0,60.0,18,81,18,14.120689655172416,1.8347042694868785,126,537.5,15.0,90.0,60.0,0,0,0,0.0,,0,0.0,0.0,,,297.9037994516256,112.0,2.6598553522466566,162.21370936153545,195.0,0.8318651762130023,343.6833818244053,201.0,1.709867571265698,156.6148061104583,159.0,0.98499878056892,,159.0,
E:\N9_20251512_PKM2.lif,N9_20251512_PKM2,32,HAMI3379/5/R11,N9_20251512_PKM2_S33_HAMI3379_5_R11,32,13564,3766,0,3766,1,0,0,0,3766,8,10,3,20.444444444444443,1.3693574083908655,66,142.5,9.0,35.0,30.0,0,0,0,0.0,,0,0.0,0.0,,,8,10,3,20.444444444444443,1.3693574083908655,66,142.5,9.0,35.0,30.0,116.12426978226236,112.0,1.036823837341628,223.07195963887412,195.0,1.1439587673788418,190.99707912904935,201.0,0.9502342245226336,255.88475836431223,159.0,1.609338102920203,232.5903790087464,159.0,1.4628325723820526
E:\N9_20251512_PKM2.lif,N9_20251512_PKM2,34,HAMI3379/5/R7,N9_20251512_PKM2_S35_HAMI3379_5_R7,1,25552,13382,9339,12503,1,0,9339,0,12503,15,46,7,17.03030303030303,1.7422657300851891,177,337.5,9.0,80.0,85.0,13,52,19,11.923076923076923,1.2061248527679622,94,217.5,9.0,50.0,45.0,12,32,3,18.84,1.8630728625129969,174,377.5,9.0,75.0,85.0,117.2876251681363,114.0,1.0288388172643534,485.4184602205804,193.0,2.5151215555470485,209.21469137647583,201.0,1.0408691113257504,341.2766402630399,169.0,2.019388403923313,429.775,169.0,2.5430473372781064
E:\N9_20251512_PKM2.lif,N9_20251512_PKM2,34,HAMI3379/5/R7,N9_20251512_PKM2_S35_HAMI3379_5_R7,2,6159,3576,0,3576,1,0,0,5443,3576,15,32,8,9.2,1.4317673378076063,63,162.5,7.0,40.0,30.0,0,0,0,0.0,,0,0.0,0.0,,,15,32,8,9.2,1.4317673378076063,63,162.5,7.0,40.0,30.0,122.11325503355704,114.0,1.071168903803132,187.41610738255036,193.0,0.9710679138992244,297.03234237177395,201.0,1.477772847620766,259.050615212528,169.0,1.532843876997207,240.9676175790285,169.0,1.425843891000169
E:\N9_20251512_PKM2.lif,N9_20251512_PKM2,34,HAMI3379/5/R7,N9_20251512_PKM2_S35_HAMI3379_5_R7,4,31730,7945,0,7945,1,0,0,22298,7945,15,57,9,12.026315789473683,1.6572687224669604,119,307.5,13.0,45.0,57.5,0,0,0,0.0,,0,0.0,0.0,,,15,57,9,12.026315789473683,1.6572687224669604,119,307.5,13.0,45.0,57.5,153.0191315292637,114.0,1.3422730835900325,188.76714915040907,193.0,0.9780681303130004,304.37685719279847,201.0,1.5143127223522312,278.92737570799244,169.0,1.6504578444259907,306.80137772675084,169.0,1.8153927676139103
E:\N9_20251512_PKM2.lif,N9_20251512_PKM2,34,HAMI3379/5/R7,N9_20251512_PKM2_S35_HAMI3379_5_R7,5,6473,5116,0,5116,1,0,0,0,5116,2,6,0,40.0,1.1456215793588742,62,132.5,7.0,45.0,27.5,0,0,0,0.0,,0,0.0,0.0,,,2,6,0,40.0,1.1456215793588742,62,132.5,7.0,45.0,27.5,129.08991399530885,114.0,1.1323676666255162,189.44976544175137,193.0,0.9816050022888672,193.74765441751367,201.0,0.963918678694098,356.3606333072713,169.0,2.1086428006347413,327.8572044866264,169.0,1.939983458500748
E:\N9_20251512_PKM2.lif,N9_20251512_PKM2,34,HAMI3379/5/R7,N9_20251512_PKM2_S35_HAMI3379_5_R7,6,37367,9885,5496,9697,1,5496,0,31936,9697,18,62,22,11.71111111111111,1.602225594334851,137,312.5,8.0,55.0,61.30434782608695,33,64,16,7.766666666666667,2.023471615720524,97,342.5,9.0,70.0,45.0,16,55,15,12.6,1.6212230586779417,137,292.5,7.0,75.0,61.30434782608695,267.53639010189227,114.0,2.346810439490283,229.404957005564,193.0,1.1886267202360827,348.4420497535252,201.0,1.73354253608719,357.6533131006576,169.0,2.116291793495015,343.5952140208965,169.0,2.0331077752715774
E:\N9_20251512_PKM2.lif,N9_20251512_PKM2,34,HAMI3379/5/R7,N9_20251512_PKM2_S35_HAMI3379_5_R7,7,78110,18013,8696,17340,1,8696,0,65307,17340,54,181,64,9.212121212121213,3.09976128351746,335,772.5,9.0,220.0,201.0,21,75,20,10.647058823529411,1.7706991720331189,117,397.5,12.0,45.0,55.0,48,193,70,9.3515625,3.220069204152249,335,767.5,9.0,220.0,201.0,250.30542778288867,114.0,2.195661647218321,223.635540998168,193.0,1.1587333730475025,366.4550061804697,201.0,1.823159234728705,261.33609060123246,169.0,1.546367400007293,321.14216366158115,169.0,1.900249489121782
E:\N9_20251512_PKM2.lif,N9_20251512_PKM2,34,HAMI3379/5/R7,N9_20251512_PKM2_S35_HAMI3379_5_R7,8,21074,8425,0,8425,1,0,0,7156,8425,20,79,24,8.910714285714286,1.465519287833828,93,267.5,7.0,65.0,45.0,0,0,0,0.0,,0,0.0,0.0,,,20,79,24,8.910714285714286,1.465519287833828,93,267.5,7.0,65.0,45.0,130.666587537092,114.0,1.1461981362902809,205.80379821958456,193.0,1.0663409234175365,279.92796798577143,201.0,1.3926764576406538,275.2113946587537,169.0,1.6284697908801995,279.84690157958687,169.0,1.6558988259147152
E:\N9_20251512_PKM2.lif,N9_20251512_PKM2,34,HAMI3379/5/R7,N9_20251512_PKM2_S35_HAMI3379_5_R7,9,13631,7913,1434,7220,1,1434,0,6821,7220,17,138,78,7.817073170731708,1.4694806015417667,88,332.5,10.0,60.0,40.0,5,35,12,5.791666666666667,1.3472803347280335,50,97.5,7.0,15.0,22.5,16,104,71,8.151515151515152,1.5526315789473684,85,302.5,10.0,45.0,40.0,231.4581589958159,114.0,2.030334728033473,211.709591810944,193.0,1.0969408902121451,299.1294480246568,201.0,1.4882062090778945,255.5297611525338,169.0,1.5120104210209102,259.3343132014965,169.0,1.5345225633224646
E:\N9_20251512_PKM2.lif,N9_20251512_PKM2,34,HAMI3379/5/R7,N9_20251512_PKM2_S35_HAMI3379_5_R7,10,5367,4141,0,4141,1,0,0,0,4141,4,10,2,20.5,1.1630041052885776,57,125.0,13.0,40.0,25.0,0,0,0,0.0,,0,0.0,0.0,,,4,10,2,20.5,1.1630041052885776,57,125.0,13.0,40.0,25.0,132.9263462931659,114.0,1.166020581518999,208.6851002173388,193.0,1.0812699493126363,236.4489253803429,201.0,1.176362812837527,276.2567012798841,169.0,1.6346550371590776,265.09413854351686,169.0,1.5686043700799814
E:\N9_20251512_PKM2.lif,N9_20251512_PKM2,34,HAMI3379/5/R7,N9_20251512_PKM2_S35_HAMI3379_5_R7,11,31150,4206,0,4206,0,0,0,0,4206,12,12,3,18.923076923076923,3.765335235378031,282,232.5,3.0,225.0,153.33333333333334,0,0,0,0.0,,0,0.0,0.0,,,12,12,3,18.923076923076923,3.765335235378031,282,232.5,3.0,225.0,153.33333333333334,326.6359961959106,114.0,2.8652280368062333,204.2824536376605,193.0,1.0584583090034223,329.5099857346648,201.0,1.6393531628590288,203.5290061816453,169.0,1.2043136460452382,,169.0,
E:\N9_20251512_PKM2.lif,N9_20251512_PKM2,34,HAMI3379/5/R7,N9_20251512_PKM2_S35_HAMI3379_5_R7,13,15419,13223,3141,12203,1,0,3141,11822,12203,7,27,6,23.157894736842103,1.1858882250623912,102,267.5,14.0,65.0,47.5,5,11,7,13.818181818181818,1.1821076090417064,50,152.5,14.0,35.0,22.5,8,30,8,21.4,1.2850118823240186,104,347.5,25.0,70.0,50.0,133.3699614308402,114.0,1.169911942375791,452.4135625596944,193.0,2.3441117231072246,294.4158042363865,201.0,1.4647552449571468,347.3022763366861,169.0,2.055043055246663,368.5968309859155,169.0,2.1810463371947666
E:\N9_20251512_PKM2.lif,N9_20251512_PKM2,34,HAMI3379/5/R7,N9_20251512_PKM2_S35_HAMI3379_5_R7,14,25058,13045,1278,12667,1,1278,0,98,12667,27,113,48,9.645569620253164,1.8262935990801072,135,417.5,7.0,65.0,65.0,8,19,5,6.466666666666667,1.9374021909233177,68,97.5,10.0,25.0,22.857142857142858,23,97,44,10.544117647058824,1.8807926107207704,136,437.5,10.0,65.0,65.0,235.8231611893584,114.0,2.068624220959284,215.41947106170943,193.0,1.116163062495904,261.43243243243245,201.0,1.300658867823047,266.5175162897662,169.0,1.5770267236080842,256.6881796690307,169.0,1.518864968455803
E:\N9_20251512_PKM2.lif,N9_20251512_PKM2,34,HAMI3379/5/R7,N9_20251512_PKM2_S35_HAMI3379_5_R7,15,49390,14506,0,14506,1,0,0,33001,14506,33,126,24,11.1875,2.2267337653384804,140,697.5,18.0,75.0,67.5,0,0,0,0.0,,0,0.0,0.0,,,33,126,24,11.1875,2.2267337653384804,140,697.5,18.0,75.0,67.5,130.97421756514547,114.0,1.1488966453082936,214.38446160209568,193.0,1.110800319181843,319.87630045776115,201.0,1.5914243803868713,279.25754860057907,169.0,1.6524115301809412,310.47716974555595,169.0,1.8371430162458933
E:\N9_20251512_PKM2.lif,N9_20251512_PKM2,34,HAMI3379/5/R7,N9_20251512_PKM2_S35_HAMI3379_5_R7,16,10025,3510,0,3510,1,0,0,0,3510,17,27,9,9.48,2.386894586894587,116,217.5,7.0,70.0,55.0,0,0,0,0.0,,0,0.0,0.0,,,17,27,9,9.48,2.386894586894587,116,217.5,7.0,70.0,55.0,117.03988603988604,114.0,1.0266656670165442,212.86068376068377,193.0,1.1029050972056154,209.619943019943,201.0,1.0428852886564328,226.76410256410256,169.0,1.341799423456228,203.7170203911777,169.0,1.2054261561608148
E:\N9_20251512_PKM2.lif,N9_20251512_PKM2,34,HAMI3379/5/R7,N9_20251512_PKM2_S35_HAMI3379_5_R7,17,6103,3946,0,3946,1,0,0,305,3946,9,27,8,12.333333333333334,1.6170805879371517,77,222.5,7.0,45.0,35.0,0,0,0,0.0,,0,0.0,0.0,,,9,27,8,12.333333333333334,1.6170805879371517,77,222.5,7.0,45.0,35.0,122.87151545869234,114.0,1.0778203110411608,225.26482513938168,193.0,1.1671752597895422,313.3354037267081,201.0,1.5588826056055127,247.50760263558035,169.0,1.4645420274294694,233.3789801292794,169.0,1.3809407108241385
E:\N9_20251512_PKM2.lif,N9_20251512_PKM2,34,HAMI3379/5/R7,N9_20251512_PKM2_S35_HAMI3379_5_R7,18,22562,7454,4988,6870,1,0,4988,12962,6870,11,61,19,12.297297297297296,1.9007244432519448,109,332.5,10.0,65.0,52.5,7,15,2,19.90909090909091,1.3380112269446671,72,152.5,6.0,50.0,32.5,13,55,16,12.16216216216216,2.0622998544395923,107,292.5,7.0,55.0,50.0,124.21612557016368,114.0,1.089615136580383,434.3548516439455,193.0,2.250543272766557,277.5753732869708,201.0,1.3809720064028397,291.5909578749665,169.0,1.7253902832838253,313.4161168708765,169.0,1.8545332359223463
E:\N9_20251512_PKM2.lif,N9_20251512_PKM2,34,HAMI3379/5/R7,N9_20251512_PKM2_S35_HAMI3379_5_R7,20,8899,5762,0,5762,1,0,0,3716,5762,18,57,13,9.25,1.7101700798333912,85,237.5,8.0,55.0,40.0,0,0,0,0.0,,0,0.0,0.0,,,18,57,13,9.25,1.7101700798333912,85,237.5,8.0,55.0,40.0,125.94272821936828,114.0,1.1047607738541076,228.1855258590767,193.0,1.182308424140294,259.8695652173913,201.0,1.2928834090417478,266.0418257549462,169.0,1.574211986715658,246.04019523399367,169.0,1.4558591433964123
E:\N9_20251512_PKM2.lif,N9_20251512_PKM2,34,HAMI3379/5/R7,N9_20251512_PKM2_S35_HAMI3379_5_R7,22,22739,10379,0,10379,1,0,0,20619,10379,24,100,23,10.966666666666669,2.1503034974467674,124,532.5,13.0,90.0,60.0,0,0,0,0.0,,0,0.0,0.0,,,24,100,23,10.966666666666669,2.1503034974467674,124,532.5,13.0,90.0,60.0,149.27863956065133,114.0,1.3094617505320292,238.26235668176125,193.0,1.234519982807053,320.38461538461536,201.0,1.593953310371221,269.62375951440407,169.0,1.5954068610319767,278.0815797992878,169.0,1.6454531349070285
E:\N9_20251512_PKM2.lif,N9_20251512_PKM2,34,HAMI3379/5/R7,N9_20251512_PKM2_S35_HAMI3379_5_R7,23,100018,12322,11145,8066,1,11145,0,20754,8066,26,107,31,11.909090909090908,2.9872585619217658,344,562.5,10.0,210.0,208.80434782608697,20,87,33,12.464285714285714,1.9176312247644685,124,492.5,12.0,70.0,60.0,15,45,12,15.448275862068966,3.607364244978924,315,362.5,6.0,260.0,195.54054054054052,273.03230148048453,114.0,2.395020188425303,217.49618568414215,193.0,1.126923241886747,282.80160709337764,201.0,1.4069731696187942,220.7329167342964,169.0,1.306111933339032,252.5862186014936,169.0,1.4945930094762931
E:\N9_20251512_PKM2.lif,N9_20251512_PKM2,34,HAMI3379/5/R7,N9_20251512_PKM2_S35_HAMI3379_5_R7,24,19295,13583,1,13583,1,0,1,16120,13583,25,102,24,11.27536231884058,1.4086726054627108,105,437.5,12.0,85.0,50.0,0,0,0,1.0,1.0,10,0.0,0.0,5.0,,25,102,24,11.27536231884058,1.4086726054627108,105,437.5,12.0,85.0,50.0,137.12375763822425,114.0,1.202839979282669,378.0,193.0,1.9585492227979275,325.3287973844659,201.0,1.6185512307684868,327.99631892807184,169.0,1.9408066208761647,352.50198484301694,169.0,2.085810561201284
E:\N9_20251512_PKM2.lif,N9_20251512_PKM2,34,HAMI3379/5/R7,N9_20251512_PKM2_S35_HAMI3379_5_R7,25,12015,6951,5215,4695,1,3541,2425,1834,4695,12,50,8,12.5,1.5699899295065458,91,297.5,15.0,50.0,42.5,10,43,14,11.037037037037036,1.6841802492809204,95,172.5,5.0,45.0,45.0,12,36,4,9.44,1.5699680511182108,80,232.5,11.0,40.0,37.5,246.47726630895227,114.0,2.162081283411862,409.7010309278351,193.0,2.1228032690561403,275.2663793103448,201.0,1.36948447418082,241.4103006761617,169.0,1.4284633176104242,233.5576809888169,169.0,1.3819981123598637
E:\N9_20251512_PKM2.lif,N9_20251512_PKM2,34,HAMI3379/5/R7,N9_20251512_PKM2_S35_HAMI3379_5_R7,26,49555,12748,5192,7822,1,5192,0,14297,7822,22,83,21,12.672131147540984,2.0544399121430814,200,587.5,10.0,90.0,97.5,10,24,3,18.55555555555556,2.0989984591679507,110,287.5,8.0,25.0,52.5,14,59,18,10.409090909090908,2.055995908974687,125,327.5,8.0,40.0,60.0,246.25828197226505,114.0,2.1601603681777632,246.30812676498277,193.0,1.2762079106993924,312.12476528270395,201.0,1.5528595287696714,247.5003922183872,169.0,1.4644993622389777,277.84979801689315,169.0,1.6440816450703737
E:\N9_20251512_PKM2.lif,N9_20251512_PKM2,34,HAMI3379/5/R7,N9_20251512_PKM2_S35_HAMI3379_5_R7,27,179374,103464,96405,31717,2,96405,0,84211,31717,82,429,98,15.628070175438596,1.7755064563519678,524,2437.5,18.0,310.0,260.0,77,374,80,16.47826086956522,1.767449821067372,294,2362.5,26.0,155.0,145.0,64,269,80,10.695652173913045,3.050477661821736,445,1182.5,8.0,95.0,188.40277777777777,625.0287848140657,114.0,5.482708638719875,216.612116291657,193.0,1.122342571459363,395.2051106586107,201.0,1.966194580391098,213.4629049717776,169.0,1.2630941122590391,324.31116555827793,169.0,1.919000979634781
E:\N9_20251512_PKM2.lif,N9_20251512_PKM2,34,HAMI3379/5/R7,N9_20251512_PKM2_S35_HAMI3379_5_R7,28,79233,54190,52989,22323,1,52989,46,51301,22323,48,293,54,15.719101123595506,1.687949806237313,253,1467.5,17.0,145.0,122.5,46,303,62,14.842391304347826,1.726207326048803,252,1412.5,15.0,115.0,122.5,46,140,31,13.3,2.678358643551494,279,942.5,11.0,250.0,139.1509433962264,361.2836249032818,114.0,3.1691546044147527,332.0869565217391,193.0,1.7206578058121198,318.452163207879,201.0,1.5843391204372088,229.88053146336964,169.0,1.360239831144199,343.68762957843813,169.0,2.0336546128901665
E:\N9_20251512_PKM2.lif,N9_20251512_PKM2,34,HAMI3379/5/R7,N9_20251512_PKM2_S35_HAMI3379_5_R7,29,47974,20945,20685,5143,1,20685,0,21869,5143,25,87,24,16.37878787878788,1.9298639293387445,153,615.0,12.0,110.0,72.5,31,97,28,14.586666666666666,1.95412134396906,152,687.5,11.0,110.0,72.5,4,10,1,24.625,1.2236048998638926,64,157.5,11.0,45.0,30.0,281.38685037466763,114.0,2.4683057050409443,187.1194079732633,193.0,0.9695306112604316,339.9213970293055,201.0,1.69115122900152,202.8070183814753,169.0,1.2000415288844692,238.5361958836054,169.0,1.4114567803763631
E:\N9_20251512_PKM2.lif,N9_20251512_PKM2,34,HAMI3379/5/R7,N9_20251512_PKM2_S35_HAMI3379_5_R7,30,18979,9526,2318,9484,1,98,2220,127,9484,14,44,8,13.393939393939394,1.6501154734411083,122,292.5,13.0,55.0,57.5,6,16,4,12.0,1.4900776531492663,117,140.0,4.0,10.0,55.0,13,41,7,14.266666666666667,1.656790383804302,122,287.5,13.0,55.0,57.5,206.5,114.0,1.8114035087719296,388.64414414414415,193.0,2.0137002287261354,269.6062992125984,201.0,1.3413248717044697,266.23483098887255,169.0,1.575354029519956,264.15349682107177,169.0,1.5630384427282351
E:\N9_20251512_PKM2.lif,N9_20251512_PKM2,34,HAMI3379/5/R7,N9_20251512_PKM2_S35_HAMI3379_5_R7,31,4174,2371,2371,0,0,2371,0,0,0,4,6,1,20.0,1.1994938844369465,50,97.5,6.0,30.0,22.5,4,6,1,20.0,1.1994938844369465,50,97.5,6.0,30.0,22.5,0,0,0,0.0,,0,0.0,0.0,,,257.1522564318853,114.0,2.2557215476481165,205.485027414593,193.0,1.0646892612155077,251.3357233234922,201.0,1.2504264841964787,184.71404470687477,169.0,1.0929825130584303,,169.0,
E:\N9_20251512_PKM2.lif,N9_20251512_PKM2,34,HAMI3379/5/R7,N9_20251512_PKM2_S35_HAMI3379_5_R7,32,9794,5229,0,5229,1,0,0,0,5229,10,6,1,25.125,1.3625932300631096,96,222.5,5.0,40.0,45.0,0,0,0,0.0,,0,0.0,0.0,,,10,6,1,25.125,1.3625932300631096,96,222.5,5.0,40.0,45.0,126.70587110346146,114.0,1.1114550096794864,219.63377318799004,193.0,1.1379988248082389,214.0629183400268,201.0,1.0649896434827204,234.76859820233315,169.0,1.3891633029723855,216.65784647629027,169.0,1.281999091575682
E:\N9_20251512_PKM2.lif,N9_20251512_PKM2,34,HAMI3379/5/R7,N9_20251512_PKM2_S35_HAMI3379_5_R7,33,14478,5764,0,5764,1,0,0,6,5764,8,16,3,19.692307692307693,1.558466342817488,94,217.5,6.0,40.0,45.0,0,0,0,0.0,,0,0.0,0.0,,,8,16,3,19.692307692307693,1.558466342817488,94,217.5,6.0,40.0,45.0,120.48907009021512,114.0,1.0569216674580273,221.59316446911868,193.0,1.1481511112389569,205.34541984732823,201.0,1.0216190042155633,260.1998612074948,169.0,1.5396441491567738,266.1233790292701,169.0,1.574694550469054
E:\N9_20251512_PKM2.lif,N9_20251512_PKM2,34,HAMI3379/5/R7,N9_20251512_PKM2_S35_HAMI3379_5_R7,34,23515,22335,21370,13897,1,0,21370,4621,13897,10,62,9,20.232558139534884,1.2171032012536378,146,332.5,9.0,100.0,70.0,14,74,16,17.4,1.2590547496490407,142,382.5,11.0,85.0,67.5,34,98,43,10.455696202531646,1.928617687270634,159,557.5,9.0,65.0,77.5,123.70799194089992,114.0,1.0851578240429818,1072.673607861488,193.0,5.557894341251234,303.3738670694864,201.0,1.5093227217387382,306.79014998880683,169.0,1.815326331294715,337.51916691820105,169.0,1.9971548338355087
E:\N9_20251512_PKM2.lif,N9_20251512_PKM2,34,HAMI3379/5/R7,N9_20251512_PKM2_S35_HAMI3379_5_R7,35,15806,9732,121,9698,1,0,121,32,9698,14,50,17,14.588235294117649,1.2108508014796548,91,207.5,8.0,70.0,42.5,5,3,1,6.25,1.900826446280992,29,27.5,3.0,5.0,12.5,13,49,22,13.942857142857145,1.2127242730459888,91,212.5,8.0,70.0,42.5,143.5374023838882,114.0,1.2591000209113,335.0661157024793,193.0,1.7360938637434162,215.16666666666663,201.0,1.0704809286898838,378.54017673653925,169.0,2.2398827025830723,367.8272960117088,169.0,2.176492875808928
E:\N9_20251512_PKM2.lif,N9_20251512_PKM2,34,HAMI3379/5/R7,N9_20251512_PKM2_S35_HAMI3379_5_R7,36,14527,4657,0,4657,1,0,0,0,4657,17,29,4,12.44,1.971440841743612,85,302.5,8.0,45.0,40.0,0,0,0,0.0,,0,0.0,0.0,,,17,29,4,12.44,1.971440841743612,85,302.5,8.0,45.0,40.0,116.73996134850762,114.0,1.0240347486711194,211.5756925059051,193.0,1.09624711142956,205.85613055615204,201.0,1.0241598535131942,220.44406270130983,169.0,1.304402737877573,208.71854958066103,169.0,1.2350210034358642
E:\N9_20251512_PKM2.lif,N9_20251512_PKM2,34,HAMI3379/5/R7,N9_20251512_PKM2_S35_HAMI3379_5_R7,37,6901,4428,0,4428,1,0,0,0,4428,10,28,5,12.12,1.3947606142728093,72,217.5,9.0,40.0,32.5,0,0,0,0.0,,0,0.0,0.0,,,10,28,5,12.12,1.3947606142728093,72,217.5,9.0,40.0,32.5,130.64408310749775,114.0,1.1460007290131382,224.1887985546522,193.0,1.161599992511151,204.0022583559169,201.0,1.0149366087359049,224.2472899728997,169.0,1.3269070412597617,218.923156001028,169.0,1.2954032899469117
E:\N9_20251512_PKM2.lif,N9_20251512_PKM2,34,HAMI3379/5/R7,N9_20251512_PKM2_S35_HAMI3379_5_R7,38,20122,11832,0,11832,1,0,0,0,11832,25,86,26,9.952380952380953,1.5815584854631508,106,302.5,13.0,60.0,50.0,0,0,0,0.0,,0,0.0,0.0,,,25,86,26,9.952380952380953,1.5815584854631508,106,302.5,13.0,60.0,50.0,116.17570993914808,114.0,1.0190851749048078,217.4121872887086,193.0,1.126488017039941,188.6317613252197,201.0,0.9384664742548244,293.3715348208249,169.0,1.7359262415433423,257.5321154979375,169.0,1.5238586715854292
E:\N9_20251512_PKM2.lif,N9_20251512_PKM2,34,HAMI3379/5/R7,N9_20251512_PKM2_S35_HAMI3379_5_R7,39,21472,11503,4576,11229,2,0,4576,0,11229,8,32,3,19.38095238095238,1.3399982613231332,96,257.5,10.0,70.0,45.0,5,9,0,19.714285714285715,1.47618006993007,77,177.5,8.0,65.0,35.0,8,30,3,18.727272727272727,1.3726956986374566,96,277.5,17.0,70.0,45.0,121.90550291228377,114.0,1.069346516774419,456.3625437062937,193.0,2.364572765317584,185.4279753107885,201.0,0.9225272403521816,344.6921672607146,169.0,2.039598622844465,357.86236596941467,169.0,2.11752879271843
E:\N9_20251512_PKM2.lif,N9_20251512_PKM2,34,HAMI3379/5/R7,N9_20251512_PKM2_S35_HAMI3379_5_R7,40,6628,5674,5080,4661,0,0,5080,117,4661,7,15,4,16.0,1.1540359534719775,68,152.5,10.0,45.0,32.5,7,21,4,15.0,1.2431102362204725,67,147.5,7.0,45.0,30.0,9,22,3,15.285714285714286,1.2565972967174426,68,187.5,11.0,45.0,32.5,119.3438491364117,114.0,1.0468758696176466,670.6805118110236,193.0,3.47502855860634,320.54700854700855,201.0,1.5947612365522814,332.26859358477265,169.0,1.966086352572619,,169.0,
E:\N9_20251512_PKM2.lif,N9_20251512_PKM2,36,HAMI3379/5/R3,N9_20251512_PKM2_S37_HAMI3379_5_R3,1,32368,16994,12949,13045,2,0,12949,8890,13045,19,67,12,15.604166666666666,1.3919030245969166,135,417.5,12.0,65.0,65.0,18,53,12,16.571428571428573,1.4294540118928103,117,342.5,7.0,45.0,55.0,17,39,7,14.857142857142858,1.506400919892679,129,402.5,8.0,65.0,62.5,114.698187595622,115.0,0.9973755443097564,586.0298864777203,198.0,2.959746901402628,267.94303797468353,205.0,1.307039209632603,249.36012710368365,174.0,1.4331041787568026,272.7030607583372,174.0,1.5672589698755008
E:\N9_20251512_PKM2.lif,N9_20251512_PKM2,36,HAMI3379/5/R3,N9_20251512_PKM2_S37_HAMI3379_5_R3,2,36198,8397,7568,4508,1,0,7568,0,4508,19,74,28,9.46774193548387,1.93319042515184,123,407.5,12.0,55.0,60.0,12,81,30,8.610169491525424,1.4398784355179703,94,312.5,8.0,35.0,45.0,14,17,5,13.0,2.284605146406389,138,250.0,6.0,30.0,71.875,120.41776825056569,115.0,1.0471110282657885,450.2592494714588,198.0,2.274036613492216,193.2280576396332,205.0,0.94257589092504,223.12897463379775,174.0,1.2823504289298724,218.97368421052636,174.0,1.2584694494857835
E:\N9_20251512_PKM2.lif,N9_20251512_PKM2,36,HAMI3379/5/R3,N9_20251512_PKM2_S37_HAMI3379_5_R3,3,18344,13444,7213,12105,0,0,7213,7718,12105,17,85,21,10.484375,1.3156054745611423,106,302.5,11.0,90.0,50.0,23,107,34,7.291666666666667,1.5890752807431028,105,297.5,10.0,60.0,50.0,12,87,28,11.58490566037736,1.4561751342420488,106,302.5,8.0,90.0,50.0,122.10473073490031,115.0,1.061780267260003,444.6306668515181,198.0,2.2456094285430206,274.5877390326209,205.0,1.33945238552498,294.04091044332046,174.0,1.6898902899041406,,174.0,
E:\N9_20251512_PKM2.lif,N9_20251512_PKM2,36,HAMI3379/5/R3,N9_20251512_PKM2_S37_HAMI3379_5_R3,4,16026,4031,2131,4011,1,0,2131,0,4011,12,43,12,7.933333333333334,1.4358719920615233,78,167.5,6.0,35.0,37.5,3,1,0,21.33333333333333,1.069920225246363,44,52.5,3.0,35.0,20.0,13,40,11,8.275862068965518,1.4427823485415108,78,172.5,7.0,50.0,37.5,131.21309848672786,115.0,1.1409834651019817,428.4073205068043,198.0,2.163673335892951,189.7112379062268,205.0,0.9254206727133012,284.1863061275118,174.0,1.6332546329167343,257.27027959958576,174.0,1.4785648252849757
E:\N9_20251512_PKM2.lif,N9_20251512_PKM2,36,HAMI3379/5/R3,N9_20251512_PKM2_S37_HAMI3379_5_R3,5,23603,13909,0,13909,0,0,0,14516,13909,39,154,40,8.57943925233645,1.5162125242648643,117,417.5,12.0,65.0,55.0,0,0,0,0.0,,0,0.0,0.0,,,39,154,40,8.57943925233645,1.5162125242648643,117,417.5,12.0,65.0,55.0,131.1169027248544,115.0,1.1401469802161253,233.623624991013,198.0,1.179917297934409,323.86804503139206,205.0,1.5798441221043515,279.37889136530305,174.0,1.6056258124442704,,174.0,
E:\N9_20251512_PKM2.lif,N9_20251512_PKM2,36,HAMI3379/5/R3,N9_20251512_PKM2_S37_HAMI3379_5_R3,6,16055,2364,0,2364,0,0,0,208,2364,2,0,0,117.0,1.3671742808798646,76,137.5,3.0,10.0,35.0,0,0,0,0.0,,0,0.0,0.0,,,2,0,0,117.0,1.3671742808798646,76,137.5,3.0,10.0,35.0,171.16624365482232,115.0,1.488402118737585,203.9505076142132,198.0,1.0300530687586524,215.0,205.0,1.048780487804878,207.13705583756345,174.0,1.1904428496411692,,174.0,
E:\N9_20251512_PKM2.lif,N9_20251512_PKM2,36,HAMI3379/5/R3,N9_20251512_PKM2_S37_HAMI3379_5_R3,7,53475,21994,6809,19736,1,6809,0,43148,19736,50,233,55,8.823529411764707,1.8318177684823131,154,797.5,17.0,100.0,75.0,15,34,7,12.137931034482758,2.9651931267440155,206,217.5,4.0,55.0,66.75,53,248,61,8.159509202453988,1.757245642480746,141,902.5,26.0,90.0,67.5,263.3881627258041,115.0,2.2903318497896006,234.88478676002543,198.0,1.1862868018183104,377.85530107689976,205.0,1.8431965906190235,250.4475311448577,174.0,1.439353627269297,284.89150800846176,174.0,1.63730751729001
E:\N9_20251512_PKM2.lif,N9_20251512_PKM2,36,HAMI3379/5/R3,N9_20251512_PKM2_S37_HAMI3379_5_R3,8,94836,53187,51933,16532,1,51933,0,54152,16532,58,260,44,15.6,1.9777389211649463,385,1342.5,11.0,280.0,216.640625,64,267,53,14.972527472527473,1.847919434656192,285,1500.0,15.0,155.0,140.0,40,127,28,12.170454545454543,3.276675538349867,325,747.5,13.0,240.0,207.67441860465115,421.282845204398,115.0,3.663329088733896,221.93434485870608,198.0,1.1208805295894246,333.8882354432305,205.0,1.6287230997230755,212.4423073307387,174.0,1.220932800751372,295.26695065672703,174.0,1.6969364980271668
E:\N9_20251512_PKM2.lif,N9_20251512_PKM2,36,HAMI3379/5/R3,N9_20251512_PKM2_S37_HAMI3379_5_R3,9,15550,9187,1198,9162,2,0,1198,0,9162,15,49,13,12.352941176470589,1.36802002830086,119,352.5,10.0,45.0,57.5,3,3,0,12.666666666666666,1.042570951585977,33,57.5,5.0,20.0,15.0,15,49,13,12.352941176470589,1.371752892381576,119,357.5,10.0,45.0,57.5,117.25927941656688,115.0,1.0196459079701468,402.5893155258765,198.0,2.0332793713428106,195.86611516272995,205.0,0.9554444642084388,279.08457603134866,174.0,1.603934345007751,264.2661612130886,174.0,1.518771041454532
E:\N9_20251512_PKM2.lif,N9_20251512_PKM2,36,HAMI3379/5/R3,N9_20251512_PKM2_S37_HAMI3379_5_R3,11,7282,3489,560,3489,1,0,560,0,3489,6,16,1,12.416666666666666,1.229292060762396,67,117.5,4.0,30.0,30.0,4,12,9,7.142857142857143,1.2464285714285714,34,57.5,4.0,10.0,15.0,6,16,1,12.416666666666666,1.229292060762396,67,117.5,4.0,30.0,30.0,123.76755517340212,115.0,1.0762396102034966,341.86071428571427,198.0,1.726569264069264,201.86185153339065,205.0,0.9846919586994666,234.8346231011751,174.0,1.3496242706964088,226.1449541284404,174.0,1.299683644416324
E:\N9_20251512_PKM2.lif,N9_20251512_PKM2,36,HAMI3379/5/R3,N9_20251512_PKM2_S37_HAMI3379_5_R3,12,13742,7117,0,7117,1,0,0,5297,7117,16,45,13,10.864864864864863,1.5009133061683293,97,292.5,8.0,40.0,45.0,0,0,0,0.0,,0,0.0,0.0,,,16,45,13,10.864864864864863,1.5009133061683293,97,292.5,8.0,40.0,45.0,129.66362231277225,115.0,1.1275097592414978,218.3367992131516,198.0,1.1027111071371294,283.45714285714286,205.0,1.3827177700348432,265.89897428691864,174.0,1.5281550246374636,247.062412342216,174.0,1.4198989215069884
E:\N9_20251512_PKM2.lif,N9_20251512_PKM2,36,HAMI3379/5/R3,N9_20251512_PKM2_S37_HAMI3379_5_R3,13,36752,8558,5631,7471,1,221,5410,1688,7471,28,73,20,10.660714285714286,2.476396354288385,144,487.5,11.0,50.0,70.0,20,34,5,11.96774193548387,2.114899662582135,114,287.5,9.0,35.0,53.75,21,57,17,10.625,2.3098648106009905,143,437.5,11.0,75.0,67.5,238.83710407239815,115.0,2.076844383238245,478.77338262476894,198.0,2.4180473869937824,260.1394230769231,205.0,1.268972795497186,247.35510633325543,174.0,1.4215810708807783,244.16316526610643,174.0,1.4032365819891175
E:\N9_20251512_PKM2.lif,N9_20251512_PKM2,36,HAMI3379/5/R3,N9_20251512_PKM2_S37_HAMI3379_5_R3,14,15400,8431,4421,6347,0,4421,0,13615,6347,15,96,36,6.802816901408451,1.9799549282410156,187,312.5,16.0,50.0,73.0952380952381,18,66,26,6.659090909090909,1.681972404433386,80,250.0,9.0,45.0,40.0,13,58,14,7.450980392156863,2.083661572396408,188,272.5,9.0,50.0,65.5,242.8443790997512,115.0,2.111690253041315,252.0751986715692,198.0,1.2731070639978244,391.5987490018632,205.0,1.910237800009089,242.28122405408607,174.0,1.392420827897047,,174.0,
E:\N9_20251512_PKM2.lif,N9_20251512_PKM2,36,HAMI3379/5/R3,N9_20251512_PKM2_S37_HAMI3379_5_R3,15,67255,43869,42674,15879,1,42674,0,50101,15879,58,261,60,14.538461538461538,1.5721124256308554,282,1302.5,13.0,245.0,137.5,60,266,57,14.08,1.6157847869897362,282,1302.5,12.0,220.0,137.5,33,125,19,10.674698795180722,2.0110838213993323,172,637.5,16.0,70.0,81.45161290322581,428.2747105966162,115.0,3.724127918231445,230.331441336707,198.0,1.1632901077611464,319.07189076708187,205.0,1.5564482476443018,236.41817684469672,174.0,1.3587251542798662,314.81766093697337,174.0,1.8092969019366285
E:\N9_20251512_PKM2.lif,N9_20251512_PKM2,36,HAMI3379/5/R3,N9_20251512_PKM2_S37_HAMI3379_5_R3,16,35119,27666,18770,18835,2,7077,14462,23409,18835,26,140,40,13.91304347826087,1.3567194390226271,171,562.5,14.0,85.0,82.5,17,78,19,14.709090909090907,1.3345231752797015,138,442.5,14.0,80.0,67.5,36,156,38,11.069306930693068,1.8206530395540217,157,732.5,16.0,95.0,75.0,291.84640384343646,115.0,2.537794816029882,862.5766145761305,198.0,4.356447548364296,353.9829241130615,205.0,1.7267459712832267,278.79306730282656,174.0,1.602259007487509,309.55333924349884,174.0,1.7790421795603382
E:\N9_20251512_PKM2.lif,N9_20251512_PKM2,36,HAMI3379/5/R3,N9_20251512_PKM2_S37_HAMI3379_5_R3,17,30439,18651,7310,16676,2,0,7310,11965,16676,24,160,49,11.333333333333334,1.643879684735403,159,537.5,11.0,70.0,77.5,17,78,17,9.282608695652174,1.6238030095759235,97,312.5,10.0,55.0,45.0,25,136,42,11.364705882352942,1.6434996402014872,160,577.5,9.0,55.0,77.5,138.14798134148302,115.0,1.2012867942737653,421.6264021887825,198.0,2.1294262736807195,275.80673360897816,205.0,1.3453987005316008,276.632673851268,174.0,1.589842953168207,270.80229408953323,174.0,1.5563350235030646
E:\N9_20251512_PKM2.lif,N9_20251512_PKM2,36,HAMI3379/5/R3,N9_20251512_PKM2_S37_HAMI3379_5_R3,18,52304,16061,4488,14188,1,4488,0,36731,14188,34,127,22,11.772727272727272,2.6482784384533966,323,695.0,8.0,155.0,159.3548387096774,13,29,7,14.142857142857142,2.778743315508021,166,330.0,6.0,55.0,80.0,32,123,18,11.523809523809524,2.842824922469693,261,707.5,13.0,75.0,127.22222222222224,254.6653297682709,115.0,2.2144811284197474,242.1360438328871,198.0,1.2229093122873087,319.71498316498315,205.0,1.559585283731625,263.8797086109209,174.0,1.516550049488051,294.92869327874445,174.0,1.694992490107727
E:\N9_20251512_PKM2.lif,N9_20251512_PKM2,36,HAMI3379/5/R3,N9_20251512_PKM2_S37_HAMI3379_5_R3,19,12346,10172,0,10172,1,0,0,1733,10172,7,33,11,19.48,1.193177349587102,96,207.5,6.0,50.0,45.0,0,0,0,0.0,,0,0.0,0.0,,,7,33,11,19.48,1.193177349587102,96,207.5,6.0,50.0,45.0,127.76297679905625,115.0,1.110982406948315,248.25884781753837,198.0,1.253832564735042,255.988218988219,205.0,1.2487230194547267,331.4503539127016,174.0,1.904887091452308,301.8943526699962,174.0,1.7350250153448057
E:\N9_20251512_PKM2.lif,N9_20251512_PKM2,36,HAMI3379/5/R3,N9_20251512_PKM2_S37_HAMI3379_5_R3,20,17803,11274,306,11214,1,306,0,15352,11214,9,37,4,19.52,1.4755188930282066,123,307.5,9.0,75.0,60.0,2,0,0,18.5,1.7843137254901962,57,37.5,4.0,15.0,19.0,9,37,4,19.56,1.4730693775637596,123,297.5,7.0,75.0,60.0,244.66666666666663,115.0,2.127536231884058,232.0062089764059,198.0,1.1717485301838682,266.357951698567,205.0,1.2993070814564245,304.6634734788008,174.0,1.7509395027517285,303.9195164075993,174.0,1.746663887399996
E:\N9_20251512_PKM2.lif,N9_20251512_PKM2,36,HAMI3379/5/R3,N9_20251512_PKM2_S37_HAMI3379_5_R3,22,36956,15105,1131,15105,1,1131,0,30942,15105,39,158,38,9.679245283018869,2.2961271102284013,171,772.5,11.0,60.0,82.5,5,9,2,10.857142857142858,1.1140583554376655,41,77.5,9.0,20.0,17.5,39,158,38,9.679245283018869,2.2961271102284013,171,772.5,11.0,60.0,82.5,224.41732979664013,115.0,1.951455041709914,220.7379013571665,198.0,1.114837885642255,331.9175497933108,205.0,1.61910999899176,261.0910956636875,174.0,1.5005235382970543,270.7102836879433,174.0,1.555806228091628
E:\N9_20251512_PKM2.lif,N9_20251512_PKM2,36,HAMI3379/5/R3,N9_20251512_PKM2_S37_HAMI3379_5_R3,23,42224,17389,0,17389,1,0,0,34092,17389,45,176,57,9.196850393700789,2.00902869630226,243,752.5,8.0,75.0,120.0,0,0,0,0.0,,0,0.0,0.0,,,45,176,57,9.196850393700789,2.00902869630226,243,752.5,8.0,75.0,120.0,122.60618781988612,115.0,1.0661407636511837,231.00920121916155,198.0,1.1667131374705129,303.3131905606329,205.0,1.4795765393201603,294.9997124619012,174.0,1.6954006463327655,368.5352022937241,174.0,2.11801840398692
E:\N9_20251512_PKM2.lif,N9_20251512_PKM2,36,HAMI3379/5/R3,N9_20251512_PKM2_S37_HAMI3379_5_R3,24,43708,16583,0,16583,0,0,0,34432,16583,32,102,30,13.840579710144928,2.5579810649460293,204,785.0,10.0,90.0,105.0,0,0,0,0.0,,0,0.0,0.0,,,32,102,30,13.840579710144928,2.5579810649460293,204,785.0,10.0,90.0,105.0,456.31490080202616,115.0,3.967955659148053,244.2585780618706,198.0,1.2336291821306595,355.6236322345331,205.0,1.7347494255343077,236.00006030271965,174.0,1.356322185647814,,174.0,
E:\N9_20251512_PKM2.lif,N9_20251512_PKM2,36,HAMI3379/5/R3,N9_20251512_PKM2_S37_HAMI3379_5_R3,26,22646,14221,2005,13709,1,188,1817,18981,13709,20,97,16,11.803030303030305,1.4564376626116309,121,382.5,8.0,75.0,57.5,5,3,0,10.0,1.7286783042394014,88,87.5,4.0,25.0,41.36363636363637,23,80,15,12.633333333333333,1.5108322999489388,121,412.5,10.0,65.0,57.5,217.9095744680851,115.0,1.8948658649398704,439.7182168409466,198.0,2.220799074954276,299.68598516075843,205.0,1.461882854442724,307.663174179031,174.0,1.768179161948454,333.25253185233584,174.0,1.9152444359329648
E:\N9_20251512_PKM2.lif,N9_20251512_PKM2,36,HAMI3379/5/R3,N9_20251512_PKM2_S37_HAMI3379_5_R3,27,34088,18467,15656,14113,1,15656,0,31499,14113,21,91,15,16.081967213114755,1.82330643851194,159,597.5,10.0,85.0,77.5,25,69,5,16.555555555555557,2.0198007153806845,167,647.5,10.0,50.0,80.0,25,95,19,12.21875,2.162545171118827,150,617.5,12.0,75.0,72.5,289.70484159427696,115.0,2.5191725356024084,224.98808685763797,198.0,1.1363034689779694,406.5409090909091,205.0,1.9831263858093129,254.0038446959441,174.0,1.4597922108962305,336.4238361266294,174.0,1.933470322566836
E:\N9_20251512_PKM2.lif,N9_20251512_PKM2,36,HAMI3379/5/R3,N9_20251512_PKM2_S37_HAMI3379_5_R3,29,45310,23138,17465,14701,2,17465,0,32577,14701,40,220,41,10.117241379310345,1.6934912265537212,156,847.5,18.0,75.0,75.0,32,138,26,11.410526315789474,1.9134268537074148,144,792.5,15.0,75.0,70.0,35,123,38,10.147727272727272,1.9461261138698047,232,472.5,6.0,130.0,123.71794871794872,280.04259948468365,115.0,2.435153038997249,217.72521393378855,198.0,1.0996222925948915,289.70938897168406,205.0,1.4132165315691905,236.9652519664621,174.0,1.3618692641750696,258.07010664993726,174.0,1.4831615324709038
E:\N9_20251512_PKM2.lif,N9_20251512_PKM2,36,HAMI3379/5/R3,N9_20251512_PKM2_S37_HAMI3379_5_R3,30,90633,15602,6387,13630,1,337,6050,81508,13630,33,68,16,14.698412698412698,3.841815151903602,469,635.0,7.0,230.0,267.6666666666667,9,39,6,11.923076923076923,1.4044152184124,96,247.5,11.0,45.0,45.0,33,66,21,14.129032258064516,4.397652237710932,469,625.0,7.0,230.0,267.6666666666667,210.43026706231453,115.0,1.8298284092375177,635.6719008264463,198.0,3.2104641455881127,428.91045996592845,205.0,2.0922461461752606,261.7757979746186,174.0,1.5044586090495324,293.237876802097,174.0,1.68527515403504
E:\N9_20251512_PKM2.lif,N9_20251512_PKM2,36,HAMI3379/5/R3,N9_20251512_PKM2_S37_HAMI3379_5_R3,31,75954,45723,29599,38487,1,29599,0,65276,38487,42,200,33,16.6328125,1.5218161537956827,190,1127.5,19.0,130.0,92.5,51,192,51,13.207692307692309,1.9630730767931348,167,1082.5,16.0,130.0,80.0,45,227,53,12.819354838709678,1.7627250759996882,189,1062.5,16.0,120.0,92.5,293.77999256731647,115.0,2.5546086310201432,226.9527152636529,198.0,1.1462258346649137,347.34425277623205,205.0,1.694362208664547,285.3985740218271,174.0,1.6402216897806154,341.788283277716,174.0,1.9643004786075635
E:\N9_20251512_PKM2.lif,N9_20251512_PKM2,36,HAMI3379/5/R3,N9_20251512_PKM2_S37_HAMI3379_5_R3,32,19849,7161,0,7161,1,0,0,17358,7161,15,56,16,11.18421052631579,1.551180002792906,103,250.0,11.0,50.0,47.5,0,0,0,0.0,,0,0.0,0.0,,,15,56,16,11.18421052631579,1.551180002792906,103,250.0,11.0,50.0,47.5,146.79192850160592,115.0,1.2764515521878776,234.99734673928225,198.0,1.1868552865620314,312.648961471381,205.0,1.5251168852262489,285.8715263231392,174.0,1.642939806454823,283.1193462561764,174.0,1.6271226796331977
E:\N9_20251512_PKM2.lif,N9_20251512_PKM2,36,HAMI3379/5/R3,N9_20251512_PKM2_S37_HAMI3379_5_R3,33,39856,24067,18687,13192,1,18687,0,30888,13192,23,159,30,12.81372549019608,1.661403581667844,150,702.5,18.0,75.0,72.5,32,149,21,12.45054945054945,1.9535505966714828,143,677.5,9.0,80.0,67.5,23,106,23,10.813333333333333,2.257504548211037,184,562.5,12.0,70.0,71.66666666666667,279.4685610317333,115.0,2.4301614002759417,214.6879544604645,198.0,1.0842825982851745,356.9818981386787,205.0,1.7413751128716033,244.66630656085096,174.0,1.4061281986255805,316.4401530967293,174.0,1.818621569521433
E:\N9_20251512_PKM2.lif,N9_20251512_PKM2,36,HAMI3379/5/R3,N9_20251512_PKM2_S37_HAMI3379_5_R3,34,65324,46097,33673,37006,2,33673,0,60347,37006,40,199,53,15.274074074074074,1.4739137037117382,209,982.5,20.0,125.0,102.5,48,231,58,12.167785234899329,1.9717280907552044,193,962.5,13.0,120.0,92.5,36,174,31,14.379310344827584,1.5606658379722207,218,812.5,19.0,110.0,105.0,316.48519585424526,115.0,2.752045181341263,231.2067162722086,198.0,1.1677106882434778,441.74471899781634,205.0,2.154852287794226,304.3851009827104,174.0,1.7493396608201746,349.26903914590747,174.0,2.007293328424756
E:\N9_20251512_PKM2.lif,N9_20251512_PKM2,36,HAMI3379/5/R3,N9_20251512_PKM2_S37_HAMI3379_5_R3,35,31139,21916,21891,7657,1,21891,0,12494,7657,26,178,60,11.0990990990991,1.46929184157693,151,492.5,13.0,80.0,72.5,26,187,66,10.817391304347826,1.4709698049426705,151,492.5,13.0,80.0,72.5,17,57,13,10.547619047619047,1.248922554525271,86,242.5,11.0,55.0,40.0,774.7425425974145,115.0,6.736891674760126,222.5838200401533,198.0,1.1241607072735016,314.4193313291428,205.0,1.533752835751916,241.7905639715277,174.0,1.3896009423651017,287.3348196189704,174.0,1.6513495380400598
E:\N9_20251512_PKM2.lif,N9_20251512_PKM2,36,HAMI3379/5/R3,N9_20251512_PKM2_S37_HAMI3379_5_R3,36,85563,48544,33041,44637,2,0,33041,39048,44637,59,374,85,12.022935779816514,1.943576961107449,293,1197.5,12.0,135.0,142.5,51,554,152,7.685975609756097,1.436124814624255,263,852.5,9.0,75.0,130.0,68,315,71,12.25257731958763,2.1136949167730807,296,1292.5,13.0,135.0,145.0,119.2113340474621,115.0,1.0366202960648878,471.7400199751824,198.0,2.382525353410012,288.116212338594,205.0,1.4054449382370438,294.1335283454186,174.0,1.690422576697808,340.04067654459044,174.0,1.95425676175052
E:\N9_20251512_PKM2.lif,N9_20251512_PKM2,36,HAMI3379/5/R3,N9_20251512_PKM2_S37_HAMI3379_5_R3,37,52390,29887,29753,6206,1,29753,0,5342,6206,37,186,35,13.03305785123967,2.9872854418308963,239,975.0,12.0,170.0,117.5,39,186,35,13.120967741935484,3.000739421234833,239,985.0,12.0,80.0,117.5,5,19,1,18.46153846153846,1.8043828553013213,140,147.5,7.0,45.0,46.07142857142857,440.5416596645716,115.0,3.830797040561493,202.5905577675913,198.0,1.0231846351898548,281.4389461626575,205.0,1.3728729081105244,206.8861377856593,174.0,1.1890007918716052,268.4543189368771,174.0,1.542840913430328
E:\N9_20251512_PKM2.lif,N9_20251512_PKM2,36,HAMI3379/5/R3,N9_20251512_PKM2_S37_HAMI3379_5_R3,38,32819,16015,15854,4041,1,15854,0,15,4041,27,85,27,12.766666666666667,1.7315641586013113,126,547.5,17.0,80.0,60.0,27,77,21,13.945454545454544,1.749148479878895,125,522.5,15.0,90.0,60.0,8,8,1,11.7,1.4724078198465729,103,142.5,6.0,30.0,51.25,379.6981834237416,115.0,3.3017233341194925,205.15722759912583,198.0,1.0361476141369992,399.6,205.0,1.949268292682927,203.0633780830472,174.0,1.1670309085232595,220.8876839659179,174.0,1.269469448079988
E:\N9_20251512_PKM2.lif,N9_20251512_PKM2,36,HAMI3379/5/R3,N9_20251512_PKM2_S37_HAMI3379_5_R3,39,38345,13597,3979,13364,2,0,3979,16654,13364,24,82,17,11.0,1.7153783922924175,239,407.5,5.0,150.0,131.75,12,26,7,9.782608695652174,1.6149786378487057,81,177.5,5.0,35.0,37.5,20,70,17,12.4,1.7452858425621072,239,392.5,5.0,150.0,131.75,113.91549606530852,115.0,0.9905695310026827,397.516461422468,198.0,2.0076588960730706,273.1114996114996,205.0,1.332251217617071,261.3615503419872,174.0,1.502077875528662,259.8062426383981,174.0,1.493139325508035
E:\N9_20251512_PKM2.lif,N9_20251512_PKM2,38,HAMI3379/5/R1,N9_20251512_PKM2_S39_HAMI3379_5_R1,1,12744,3791,0,3791,1,0,0,1124,3791,8,30,8,10.0,1.3086256924294382,62,127.5,5.0,40.0,27.5,0,0,0,0.0,,0,0.0,0.0,,,8,30,8,10.0,1.3086256924294382,62,127.5,5.0,40.0,27.5,124.77683988393564,123.0,1.0144458527149238,335.6826694803482,204.0,1.6455032817664126,253.52941176470588,209.0,1.2130593864339994,218.53257715642312,163.0,1.3406906574013688,216.85782843431315,163.0,1.3304161253638844
E:\N9_20251512_PKM2.lif,N9_20251512_PKM2,38,HAMI3379/5/R1,N9_20251512_PKM2_S39_HAMI3379_5_R1,2,24926,24538,24538,1322,0,144,24538,9578,1322,8,38,7,25.217391304347824,1.0920612926888906,138,312.5,11.0,90.0,65.0,8,38,7,25.217391304347824,1.0920612926888906,138,312.5,11.0,90.0,65.0,10,27,7,6.421052631578948,10.655068078668684,179,115.0,4.0,100.0,120.0,225.3125,123.0,1.8318089430894309,1723.1560029342245,204.0,8.446843151638355,264.44168893639767,209.0,1.2652712389301324,214.69610400195612,163.0,1.3171540122819396,,163.0,
E:\N9_20251512_PKM2.lif,N9_20251512_PKM2,38,HAMI3379/5/R1,N9_20251512_PKM2_S39_HAMI3379_5_R1,6,38279,28011,27778,8072,1,7502,26606,37243,8072,33,204,65,11.158730158730158,1.4061261647210024,180,552.5,10.0,110.0,85.3030303030303,32,207,63,10.763358778625957,1.3419612643098855,181,597.5,17.0,85.0,87.5,31,81,36,8.461538461538462,2.8536917740336967,289,457.5,11.0,150.0,167.11111111111111,285.93201812849907,123.0,2.3246505538902364,639.0855446139968,204.0,3.1327722775195923,329.8032988497432,209.0,1.5780062145920726,230.2219485202242,163.0,1.4124045921486148,247.69078947368425,163.0,1.519575395544075
E:\N9_20251512_PKM2.lif,N9_20251512_PKM2,38,HAMI3379/5/R1,N9_20251512_PKM2_S39_HAMI3379_5_R1,7,87047,20780,16793,9142,3,9599,7378,80355,9142,54,197,49,9.429577464788732,3.170500481231954,267,997.5,12.0,195.0,130.0,27,76,17,14.683333333333334,2.5233132852974456,307,662.5,7.0,35.0,150.0,45,161,45,6.473684210526316,6.085320498796762,482,550.0,7.0,405.0,280.07462686567163,253.4086884050422,123.0,2.060233239065384,469.37205204662513,204.0,2.300843392385417,394.85693961429024,209.0,1.889267653656891,214.0237247353224,163.0,1.3130289861062725,215.63694394574108,163.0,1.322926036476939
E:\N9_20251512_PKM2.lif,N9_20251512_PKM2,38,HAMI3379/5/R1,N9_20251512_PKM2_S39_HAMI3379_5_R1,8,65523,38134,28176,28480,1,27182,2129,65232,28480,79,449,182,7.927083333333333,1.8375727697068236,371,1097.5,9.0,110.0,178.5,94,387,144,7.392727272727273,2.483141680863146,371,1187.5,10.0,225.0,169.62121212121212,85,462,211,6.183333333333334,2.029810393258427,196,817.5,14.0,130.0,95.0,296.83481715841367,123.0,2.413291196409867,393.09065288868015,204.0,1.926914965140589,473.5474142452533,209.0,2.26577710165193,277.7141396129438,163.0,1.703767727686772,261.5022252653201,163.0,1.6043081304620863
E:\N9_20251512_PKM2.lif,N9_20251512_PKM2,38,HAMI3379/5/R1,N9_20251512_PKM2_S39_HAMI3379_5_R1,10,44452,30091,28399,14025,1,0,28399,43324,14025,27,75,21,16.4,1.252666910371872,144,552.5,14.0,100.0,70.0,31,110,40,13.258823529411766,1.299376738617557,143,597.5,14.0,95.0,70.0,39,169,56,7.277310924369748,2.205632798573975,192,517.5,9.0,90.0,92.5,161.16347080522416,123.0,1.3102721203676762,860.5599845064967,204.0,4.218431296600474,309.76161879024454,209.0,1.4821130085657634,244.9293144129474,163.0,1.5026338307542786,279.8962630792227,163.0,1.71715498821609
E:\N9_20251512_PKM2.lif,N9_20251512_PKM2,38,HAMI3379/5/R1,N9_20251512_PKM2_S39_HAMI3379_5_R1,11,23027,16202,8208,10195,0,453,7755,23010,10195,37,261,107,6.446327683615819,1.309961733119368,165,447.5,7.0,70.0,80.0,22,80,21,8.620689655172415,1.4499269005847952,146,272.5,8.0,30.0,70.0,48,232,135,4.93010752688172,1.6716037273173123,165,492.5,14.0,60.0,80.0,234.72626931567328,123.0,1.9083436529729532,661.196776273372,204.0,3.2411606680067258,414.7634229224591,209.0,1.984513985274924,246.7662017034934,163.0,1.5139030779355425,,163.0,
E:\N9_20251512_PKM2.lif,N9_20251512_PKM2,38,HAMI3379/5/R1,N9_20251512_PKM2_S39_HAMI3379_5_R1,12,11893,11677,11364,5488,1,0,11364,11794,5488,5,29,9,13.727272727272728,1.0811852359338872,86,192.5,15.0,60.0,40.0,6,18,7,18.866666666666667,1.1109644491376276,87,212.5,12.0,60.0,40.0,22,122,42,5.011904761904762,1.908527696793003,90,307.5,9.0,50.0,42.5,162.9690845251349,123.0,1.3249519067084137,933.8342133051742,204.0,4.577618692672423,325.89635515633097,209.0,1.5593127040972774,251.97473666181384,163.0,1.5458572801338273,242.1795511221945,163.0,1.4857641173140768
E:\N9_20251512_PKM2.lif,N9_20251512_PKM2,38,HAMI3379/5/R1,N9_20251512_PKM2_S39_HAMI3379_5_R1,13,7722,4557,3062,1585,1,3058,4,7311,1585,21,38,13,9.181818181818182,1.6019310950186527,76,220.0,9.0,40.0,35.0,14,22,6,9.85,2.02416721097322,77,177.5,6.0,15.0,35.0,13,22,7,6.722222222222222,2.13186119873817,84,102.5,5.0,25.0,39.09090909090909,267.5791366906475,123.0,2.175440135696321,325.5,204.0,1.5955882352941178,305.38791915480016,209.0,1.461186216051675,218.08602150537635,163.0,1.337951052180223,220.8206937095826,163.0,1.354728182267378
E:\N9_20251512_PKM2.lif,N9_20251512_PKM2,38,HAMI3379/5/R1,N9_20251512_PKM2_S39_HAMI3379_5_R1,14,56235,26694,25281,7525,1,25281,0,53461,7525,40,121,26,15.93103448275862,2.293961189780475,202,962.5,15.0,75.0,97.5,31,93,19,18.91044776119403,2.3412048574027926,197,797.5,14.0,125.0,95.0,33,85,27,7.731343283582089,2.6564784053156147,133,397.5,9.0,40.0,65.0,357.35793679047504,123.0,2.905349079597358,249.60414325316552,204.0,1.2235497218292428,367.2601184600197,209.0,1.7572254471771278,221.96126470367872,163.0,1.3617255503293173,236.69317792252315,163.0,1.4521053860277493
E:\N9_20251512_PKM2.lif,N9_20251512_PKM2,38,HAMI3379/5/R1,N9_20251512_PKM2_S39_HAMI3379_5_R1,15,34823,28255,23940,19502,2,21180,4268,34200,19502,24,122,37,13.34567901234568,1.3017872942841977,138,497.5,15.0,105.0,65.0,36,179,46,11.71551724137931,1.4575187969924812,136,672.5,21.0,100.0,65.0,42,144,58,8.24561403508772,1.7374115475335865,144,662.5,13.0,95.0,70.0,371.17998111425874,123.0,3.0177234236931603,428.1302717900656,204.0,2.098677802892478,352.75451919991445,209.0,1.6878206660282988,319.95522916298,163.0,1.9629155163373009,279.21255153458543,163.0,1.7129604388624873
E:\N9_20251512_PKM2.lif,N9_20251512_PKM2,38,HAMI3379/5/R1,N9_20251512_PKM2_S39_HAMI3379_5_R1,16,30599,24234,23352,11816,2,1,23352,30360,11816,30,130,24,14.270588235294118,1.1713295370141124,134,387.5,15.0,100.0,65.0,38,136,28,13.297872340425531,1.190433367591641,137,357.5,9.0,100.0,65.0,24,181,72,6.836206896551724,1.8039945836154367,211,417.5,11.0,85.0,102.5,224.0,123.0,1.8211382113821135,789.6426430284343,204.0,3.8707972697472273,292.99569572055293,209.0,1.4018932809595834,254.22274490385408,163.0,1.559648741741436,273.4966216216216,163.0,1.6778933841817276
E:\N9_20251512_PKM2.lif,N9_20251512_PKM2,38,HAMI3379/5/R1,N9_20251512_PKM2_S39_HAMI3379_5_R1,17,6728,3903,5,3903,0,0,5,5524,3903,10,39,9,7.666666666666667,1.393287214962849,63,177.5,13.0,45.0,27.5,2,0,0,2.5,1.6,15,2.5,1.0,5.0,5.0,10,39,9,7.666666666666667,1.393287214962849,63,177.5,13.0,45.0,27.5,176.53292339226238,123.0,1.4352270194492875,378.2,204.0,1.8539215686274508,317.411730879816,209.0,1.5187164156928994,262.7640276710223,163.0,1.612049249515474,,163.0,
E:\N9_20251512_PKM2.lif,N9_20251512_PKM2,38,HAMI3379/5/R1,N9_20251512_PKM2_S39_HAMI3379_5_R1,19,19105,9549,7944,2665,1,7944,0,19105,2665,22,66,18,10.037735849056604,1.7883548015499005,193,287.5,5.0,20.0,92.77777777777776,13,27,8,15.2,1.4838872104733132,167,207.5,5.0,20.0,80.0,31,51,20,5.019607843137255,4.190243902439025,165,277.5,12.0,100.0,82.29166666666667,331.35385196374625,123.0,2.693933755802815,247.43187768352703,204.0,1.21290136119376,397.7879359095193,209.0,1.9032915593756905,245.6463504031836,163.0,1.5070328245594085,236.90733590733592,163.0,1.4534192386953124
E:\N9_20251512_PKM2.lif,N9_20251512_PKM2,38,HAMI3379/5/R1,N9_20251512_PKM2_S39_HAMI3379_5_R1,20,41986,36853,36506,19309,1,34122,9473,40926,19309,31,197,38,12.753846153846156,1.2807098472308902,166,602.5,12.0,105.0,80.0,29,170,36,14.175438596491228,1.2811866542486168,165,647.5,10.0,110.0,80.0,62,339,134,5.796380090497737,2.078305453415506,162,780.0,11.0,70.0,82.5,537.5300392708516,123.0,4.370162920901232,566.6397128681516,204.0,2.7776456513144687,342.389411044992,209.0,1.6382268471052246,249.9788348302716,163.0,1.5336124836212983,255.29748892171344,163.0,1.5662422633233952
E:\N9_20251512_PKM2.lif,N9_20251512_PKM2,38,HAMI3379/5/R1,N9_20251512_PKM2_S39_HAMI3379_5_R1,21,32070,24976,19383,17145,0,9836,13395,32070,17145,34,230,60,10.618320610687023,1.4373798846893018,178,632.5,13.0,70.0,85.0,49,214,54,9.56060606060606,1.731826858587422,178,707.5,12.0,65.0,85.0,42,301,176,6.686813186813187,2.0451443569553804,173,647.5,10.0,100.0,85.0,284.4707198047987,123.0,2.3127700797138107,579.2173198954833,204.0,2.8393005877229576,424.5986547085202,209.0,2.031572510567082,269.0613388853299,163.0,1.6506830606461955,,163.0,
E:\N9_20251512_PKM2.lif,N9_20251512_PKM2,38,HAMI3379/5/R1,N9_20251512_PKM2_S39_HAMI3379_5_R1,22,25597,16208,15025,6672,0,15025,0,23842,6672,17,92,27,11.2,1.343410661401777,131,427.5,15.0,65.0,62.5,15,65,18,14.045454545454543,1.4261564059900167,125,377.5,12.0,70.0,60.0,34,229,141,4.493055555555555,1.4761690647482015,98,302.5,10.0,45.0,45.0,420.11354409317806,123.0,3.415557269050228,276.1289486673248,204.0,1.353573277781004,331.31598984771574,209.0,1.5852439705632333,224.65350444225075,163.0,1.3782423585414156,,163.0,
E:\N9_20251512_PKM2.lif,N9_20251512_PKM2,38,HAMI3379/5/R1,N9_20251512_PKM2_S39_HAMI3379_5_R1,23,33598,18509,18509,825,2,11013,14205,28527,825,31,156,30,11.031578947368422,1.6019774163920255,137,547.5,14.0,70.0,65.0,31,156,30,11.031578947368422,1.6019774163920255,137,547.5,14.0,70.0,65.0,3,3,0,2.0,1.0387878787878788,29,37.5,5.0,20.0,12.5,307.6234450195224,123.0,2.5010036180448973,773.3910594860964,204.0,3.791132644539689,293.11033667309727,209.0,1.4024418022636234,190.44610729915175,163.0,1.1683810263751642,194.36110221082987,163.0,1.1923994000664409
E:\N9_20251512_PKM2.lif,N9_20251512_PKM2,38,HAMI3379/5/R1,N9_20251512_PKM2_S39_HAMI3379_5_R1,25,50096,33389,28969,20420,0,17736,23361,48752,20420,64,316,102,9.44392523364486,1.4360418101770045,194,832.5,14.0,80.0,95.0,54,186,42,11.485714285714286,1.5077496634333252,192,632.5,9.0,85.0,92.5,93,421,210,5.634228187919463,1.9441723800195887,182,897.5,20.0,80.0,82.8125,345.0183243121336,123.0,2.805027026927915,633.3610290655366,204.0,3.1047109267918462,365.7254528985507,209.0,1.749882549753831,263.22174967803767,163.0,1.6148573599879612,,163.0,
E:\N9_20251512_PKM2.lif,N9_20251512_PKM2,38,HAMI3379/5/R1,N9_20251512_PKM2_S39_HAMI3379_5_R1,27,34046,29568,24059,17420,1,24059,0,34046,17420,42,238,90,9.748387096774191,1.200588474025974,130,542.5,13.0,90.0,62.5,33,162,34,12.468468468468467,1.355999833742051,124,517.5,16.0,90.0,60.0,62,329,196,5.921296296296297,1.6422502870264064,131,632.5,17.0,70.0,62.5,358.58053119414774,123.0,2.915288871497136,295.6446496212121,204.0,1.4492384785353536,409.898538961039,209.0,1.9612370285217176,273.77915313852816,163.0,1.6796267063713384,286.0437009218163,163.0,1.7548693308086891
E:\N9_20251512_PKM2.lif,N9_20251512_PKM2,38,HAMI3379/5/R1,N9_20251512_PKM2_S39_HAMI3379_5_R1,28,14427,2518,0,2518,1,0,0,13988,2518,16,34,8,6.625,1.720810166799047,116,130.0,3.0,80.0,65.0,0,0,0,0.0,,0,0.0,0.0,,,16,34,8,6.625,1.720810166799047,116,130.0,3.0,80.0,65.0,168.9054805401112,123.0,1.3732152889439937,227.890389197776,204.0,1.1171097509694905,293.60183339976084,209.0,1.4047934612428747,222.7672756155679,163.0,1.3666704025494965,218.21540062434963,163.0,1.3387447891064397
E:\N9_20251512_PKM2.lif,N9_20251512_PKM2,38,HAMI3379/5/R1,N9_20251512_PKM2_S39_HAMI3379_5_R1,29,17939,16673,15928,7122,0,2868,14821,16883,7122,10,38,4,22.26923076923077,1.1452048221675764,103,322.5,16.0,75.0,50.0,21,82,21,12.724137931034482,1.185271220492215,102,372.5,18.0,75.0,47.5,31,164,68,4.445454545454545,1.6864644762707104,105,287.5,8.0,55.0,50.0,264.43723849372384,123.0,2.149896247916454,860.9322582821671,204.0,4.220256168049839,317.0227981914284,209.0,1.5168554937388916,256.0405445930546,163.0,1.5708008870739547,,163.0,
E:\N9_20251512_PKM2.lif,N9_20251512_PKM2,38,HAMI3379/5/R1,N9_20251512_PKM2_S39_HAMI3379_5_R1,30,24592,22137,22058,154,1,21848,1359,23577,154,28,139,20,12.410526315789474,1.2788995798888738,139,432.5,9.0,75.0,67.5,28,137,20,12.36842105263158,1.2544201650194942,139,422.5,10.0,75.0,67.5,8,0,0,5.0,8.344155844155845,116,40.0,2.0,5.0,66.875,508.9043848407177,123.0,4.137434023095266,449.6563649742458,204.0,2.2041978675208127,358.76805117832447,209.0,1.7165935463077726,182.50237159506707,163.0,1.119646451503479,188.53635204081635,163.0,1.156664736446726
E:\N9_20251512_PKM2.lif,N9_20251512_PKM2,38,HAMI3379/5/R1,N9_20251512_PKM2_S39_HAMI3379_5_R1,31,41057,2129,0,2129,1,0,0,35406,2129,6,6,0,9.166666666666666,1.4786284640676377,81,102.5,5.0,25.0,38.07692307692308,0,0,0,0.0,,0,0.0,0.0,,,6,6,0,9.166666666666666,1.4786284640676377,81,102.5,5.0,25.0,38.07692307692308,159.2043212775951,123.0,1.2943440754276023,185.31892907468296,204.0,0.9084261229151124,342.0131900341964,209.0,1.6364267465751023,207.79520901831845,163.0,1.2748172332412175,206.88156972669935,163.0,1.2692120842128796
E:\N9_20251512_PKM2.lif,N9_20251512_PKM2,40,HAMI3379/5/R4,N9_20251512_PKM2_S41_HAMI3379_5_R4,1,77070,52884,48631,25291,3,47245,4688,47848,25291,40,234,56,16.22077922077922,1.527248317071326,195,1137.5,18.0,125.0,95.0,45,247,58,15.329192546583853,1.6549114762188728,193,1272.5,19.0,150.0,92.5,21,81,14,21.70689655172414,1.8730773793048912,185,727.5,19.0,90.0,90.0,392.1091967403958,127.0,3.0874739900818566,594.9662969283277,208.0,2.8604148890784984,321.0522609340252,209.0,1.5361352197800249,248.69402843960367,183.0,1.358983761965047,289.5874891398784,183.0,1.5824452958463298
E:\N9_20251512_PKM2.lif,N9_20251512_PKM2,40,HAMI3379/5/R4,N9_20251512_PKM2_S41_HAMI3379_5_R4,2,12479,7346,0,7346,0,0,0,0,7346,7,21,4,21.857142857142858,1.5068064252654505,99,242.5,10.0,65.0,47.5,0,0,0,0.0,,0,0.0,0.0,,,7,21,4,21.857142857142858,1.5068064252654505,99,242.5,10.0,65.0,47.5,134.67097740266811,127.0,1.0604013968714026,234.3742172610945,208.0,1.1267991214475697,216.1000544514021,209.0,1.0339715523990531,279.2084127416281,183.0,1.525729031375017,,183.0,
E:\N9_20251512_PKM2.lif,N9_20251512_PKM2,40,HAMI3379/5/R4,N9_20251512_PKM2_S41_HAMI3379_5_R4,3,8400,8261,8130,4541,0,0,8130,0,4541,5,29,13,10.142857142857142,1.048178186660211,79,202.5,13.0,45.0,37.5,5,25,10,10.6,1.0580565805658058,79,202.5,13.0,45.0,37.5,14,22,4,12.047619047619047,1.7648095133230566,91,227.5,7.0,20.0,42.5,131.87955453334948,127.0,1.0384216892389722,973.2835178351784,208.0,4.679247681899896,210.5046604527297,209.0,1.0071993323097117,243.43868781019248,183.0,1.3302660536076092,,183.0,
E:\N9_20251512_PKM2.lif,N9_20251512_PKM2,40,HAMI3379/5/R4,N9_20251512_PKM2_S41_HAMI3379_5_R4,4,13395,9604,7163,6612,0,2153,5085,6292,6612,5,43,12,14.642857142857142,1.190337359433569,82,242.5,10.0,65.0,37.5,14,67,14,8.863636363636363,1.4274745218483875,80,247.5,9.0,55.0,37.5,5,11,5,24.33333333333333,1.3445251058681185,85,182.5,8.0,45.0,40.0,242.3966558290757,127.0,1.9086350852683127,529.7020648967551,208.0,2.546644542772861,287.6479096492966,209.0,1.3763057877956777,309.9777176176593,183.0,1.6938673093861163,,183.0,
E:\N9_20251512_PKM2.lif,N9_20251512_PKM2,40,HAMI3379/5/R4,N9_20251512_PKM2_S41_HAMI3379_5_R4,5,29324,19945,10639,15463,1,10639,0,1893,15463,18,91,19,14.672413793103448,1.6606668337929305,166,502.5,8.0,100.0,80.0,18,103,31,11.083333333333334,2.7522323526647243,160,532.5,7.0,15.0,77.5,17,51,4,18.97142857142857,1.9062277695143248,166,462.5,7.0,20.0,80.0,257.29326064479744,127.0,2.0259311861795077,205.61900225620457,208.0,0.988552895462522,265.5699604743083,209.0,1.270669667341188,258.7070945099022,183.0,1.4136999699994657,270.1496437054632,183.0,1.4762275612320392
E:\N9_20251512_PKM2.lif,N9_20251512_PKM2,40,HAMI3379/5/R4,N9_20251512_PKM2_S41_HAMI3379_5_R4,6,21804,14664,14477,7204,0,14477,0,18297,7204,21,118,30,10.11111111111111,1.4365793780687397,125,402.5,12.0,60.0,60.0,20,119,41,10.45,1.4551357325412724,124,407.5,9.0,60.0,60.0,10,26,5,16.136363636363637,1.552609661299278,105,277.5,7.0,45.0,50.0,639.4159701595635,127.0,5.03477141857924,222.60467812329517,208.0,1.0702147986696882,509.0387709137709,209.0,2.4355922053290477,220.77250409165305,183.0,1.2064071261838962,,183.0,
E:\N9_20251512_PKM2.lif,N9_20251512_PKM2,40,HAMI3379/5/R4,N9_20251512_PKM2_S41_HAMI3379_5_R4,7,44093,27971,15368,24650,1,15368,0,42094,24650,36,164,35,12.929203539823009,1.4424940116549283,170,642.5,14.0,85.0,82.5,22,105,17,12.45945945945946,1.644781363872983,131,557.5,12.0,90.0,62.5,35,146,33,12.953271028037385,1.6368356997971605,172,672.5,13.0,90.0,82.5,279.0832248828735,127.0,2.197505707739161,265.03496478495583,208.0,1.2742065614661338,429.6761552815484,209.0,2.05586677168205,303.3960888062636,183.0,1.6579021246243912,333.3415254237288,183.0,1.8215383902936
E:\N9_20251512_PKM2.lif,N9_20251512_PKM2,40,HAMI3379/5/R4,N9_20251512_PKM2_S41_HAMI3379_5_R4,8,41445,36235,35021,23226,2,35021,0,38373,23226,20,112,16,18.94029850746269,1.2660963157168483,172,597.5,16.0,125.0,82.5,26,134,21,16.75294117647059,1.3098712201250675,174,627.5,13.0,125.0,85.0,32,133,27,13.047619047619047,1.7027899767501935,157,702.5,11.0,80.0,75.0,536.176351332058,127.0,4.221861034110693,266.24330067614187,208.0,1.2800158686352974,437.4613579660211,209.0,2.093116545291967,292.7168759486684,183.0,1.5995457702113027,305.2020905923345,183.0,1.667770986843358
E:\N9_20251512_PKM2.lif,N9_20251512_PKM2,40,HAMI3379/5/R4,N9_20251512_PKM2_S41_HAMI3379_5_R4,9,10439,9143,8991,5901,1,0,8991,0,5901,11,51,11,11.848484848484848,1.176747238324401,78,177.5,7.0,50.0,35.0,12,40,7,11.96774193548387,1.194750305861417,77,257.5,8.0,55.0,35.0,12,59,28,7.815789473684211,1.4404338247754618,79,232.5,10.0,40.0,37.5,147.43344635240075,127.0,1.1608932783653605,735.9542876209542,208.0,3.538241767408434,216.63491195450072,209.0,1.0365306792081377,262.6520835611944,183.0,1.4352572872196412,286.0087966220971,183.0,1.562889599027853
E:\N9_20251512_PKM2.lif,N9_20251512_PKM2,40,HAMI3379/5/R4,N9_20251512_PKM2_S41_HAMI3379_5_R4,10,55760,42338,41879,19463,1,41879,0,42311,19463,42,190,28,15.526717557251908,1.5570645755586,223,907.5,14.0,150.0,110.0,42,188,29,15.674418604651162,1.5741302323360156,222,957.5,11.0,150.0,107.5,20,97,23,17.14516129032258,2.2215999588963675,291,722.5,11.0,175.0,150.19230769230768,470.9962511043721,127.0,3.708631898459623,216.83095564268507,208.0,1.042456517512909,342.9501942985969,209.0,1.6409100205674492,232.50233832490903,183.0,1.270504581010432,315.5132024373731,183.0,1.724115860313514
E:\N9_20251512_PKM2.lif,N9_20251512_PKM2,40,HAMI3379/5/R4,N9_20251512_PKM2_S41_HAMI3379_5_R4,11,8748,7169,459,7142,1,0,459,7326,7142,11,53,6,10.82857142857143,1.229041707351095,78,162.5,11.0,55.0,35.0,2,0,0,23.0,1.0588235294117647,28,22.5,3.0,15.0,10.0,11,53,6,10.82857142857143,1.2336880425651078,78,152.5,9.0,55.0,35.0,151.7570093457944,127.0,1.194937081462948,370.2440087145969,208.0,1.7800192726663313,284.4371687467943,209.0,1.3609433911329871,293.67122332263915,183.0,1.6047607831838204,288.65605686032137,183.0,1.5773555019689691
E:\N9_20251512_PKM2.lif,N9_20251512_PKM2,40,HAMI3379/5/R4,N9_20251512_PKM2_S41_HAMI3379_5_R4,12,14410,9991,9991,0,0,9991,0,11442,0,10,56,8,13.461538461538462,1.3889500550495446,101,337.5,11.0,80.0,47.5,10,56,8,13.461538461538462,1.3889500550495446,101,337.5,11.0,80.0,47.5,0,0,0,0.0,,0,0.0,0.0,,,421.0029026123512,127.0,3.314983485136623,332.0814733259934,208.0,1.596545544836507,368.6086642599278,209.0,1.763677819425492,207.51516364728252,183.0,1.1339626428813254,,183.0,
E:\N9_20251512_PKM2.lif,N9_20251512_PKM2,40,HAMI3379/5/R4,N9_20251512_PKM2_S41_HAMI3379_5_R4,13,18735,15693,12947,13889,2,0,12947,14249,13889,22,97,19,11.666666666666666,1.2197157968520995,123,392.5,8.0,70.0,57.5,33,119,19,8.9,1.3715146365953503,115,457.5,12.0,60.0,55.0,25,89,25,11.123076923076924,1.372093023255814,123,387.5,11.0,55.0,57.5,142.9173516854649,127.0,1.125333477838306,649.8153240132849,208.0,3.124112134679254,290.67141931302655,209.0,1.3907723412106534,336.51156566622063,183.0,1.838861014569512,298.59040829552816,183.0,1.6316415753854
E:\N9_20251512_PKM2.lif,N9_20251512_PKM2,40,HAMI3379/5/R4,N9_20251512_PKM2_S41_HAMI3379_5_R4,14,62133,43295,43014,9441,1,43014,0,23374,9441,40,243,42,14.666666666666666,1.808615313546599,264,1050.0,15.0,170.0,130.0,38,249,43,14.280821917808218,1.8079230018133632,264,1015.0,14.0,170.0,130.0,8,34,7,19.714285714285715,2.5825654062069696,236,282.5,6.0,40.0,82.11538461538461,498.9550843911285,127.0,3.92878019205613,216.39976902644648,208.0,1.0403835049348389,286.65103322528364,209.0,1.3715360441401132,213.16149670862688,183.0,1.1648169219050648,283.83128415300547,183.0,1.550990623786915
E:\N9_20251512_PKM2.lif,N9_20251512_PKM2,40,HAMI3379/5/R4,N9_20251512_PKM2_S41_HAMI3379_5_R4,15,39766,29260,11556,28264,3,11456,581,36239,28264,29,174,52,11.271186440677964,1.4285372522214628,159,632.5,18.0,100.0,77.5,21,49,16,14.651162790697674,2.0479404638283145,131,485.0,8.0,60.0,62.5,34,190,55,10.31967213114754,1.4788777243136144,162,572.5,11.0,105.0,77.5,261.317562849162,127.0,2.057618605111512,348.5542168674699,208.0,1.6757414272474516,352.5000558139535,209.0,1.6866031378658062,364.3342788790157,183.0,1.990897698792436,393.58769425943547,183.0,2.1507524276471885
E:\N9_20251512_PKM2.lif,N9_20251512_PKM2,40,HAMI3379/5/R4,N9_20251512_PKM2_S41_HAMI3379_5_R4,16,29961,19442,9619,17397,2,297,9322,24762,17397,43,153,35,11.663366336633665,1.587748174056167,133,737.5,19.0,85.0,65.0,25,97,14,9.738461538461538,1.9152718577814745,122,337.5,10.0,65.0,57.5,42,169,38,10.081818181818182,1.7743863884577802,135,737.5,21.0,85.0,65.0,218.3973063973064,127.0,1.7196638299000504,519.4841235786312,208.0,2.497519824897265,294.2224051713624,209.0,1.407762704169198,303.70882625244315,183.0,1.6596110724177222,320.27288548555515,183.0,1.7501250572981155
E:\N9_20251512_PKM2.lif,N9_20251512_PKM2,40,HAMI3379/5/R4,N9_20251512_PKM2_S41_HAMI3379_5_R4,17,3142,2370,0,2370,0,0,0,2818,2370,4,6,1,25.6,1.280590717299578,48,57.5,3.0,25.0,20.0,0,0,0,0.0,,0,0.0,0.0,,,4,6,1,25.6,1.280590717299578,48,57.5,3.0,25.0,20.0,137.04303797468356,127.0,1.0790790391707368,551.4388185654009,208.0,2.651148166179812,289.1628242074928,209.0,1.3835541828109703,264.3523206751055,183.0,1.4445482004104124,,183.0,
E:\N9_20251512_PKM2.lif,N9_20251512_PKM2,40,HAMI3379/5/R4,N9_20251512_PKM2_S41_HAMI3379_5_R4,18,47375,34987,28329,26525,2,28329,992,41508,26525,36,165,32,15.186915887850468,1.612970531911853,234,872.5,17.0,110.0,115.0,38,141,22,14.305263157894736,1.7680821772741713,231,797.5,10.0,60.0,112.5,38,147,27,14.14,2.021036757775683,329,902.5,10.0,190.0,171.29310344827587,460.21211479402734,127.0,3.62371743932305,406.46975806451616,208.0,1.954181529156328,365.4517300164162,209.0,1.7485728708919437,290.83376682767886,183.0,1.5892555564354036,314.8114370224304,183.0,1.7202810766253025
E:\N9_20251512_PKM2.lif,N9_20251512_PKM2,40,HAMI3379/5/R4,N9_20251512_PKM2_S41_HAMI3379_5_R4,19,33061,22999,19864,10050,1,19864,0,19830,10050,33,174,37,11.90990990990991,1.3496673768424714,147,632.5,10.0,50.0,70.0,20,130,30,13.397590361445785,1.49405960531615,156,547.5,12.0,80.0,75.0,37,171,46,7.626086956521739,1.8414925373134328,110,447.5,12.0,55.0,52.5,356.2081655255739,127.0,2.804788704925779,214.9855645897648,208.0,1.0335844451431,283.4238972049278,209.0,1.3560952019374537,220.1929649115179,183.0,1.2032402454181306,237.7669491525424,183.0,1.299272946188756
E:\N9_20251512_PKM2.lif,N9_20251512_PKM2,40,HAMI3379/5/R4,N9_20251512_PKM2_S41_HAMI3379_5_R4,20,51681,37536,35066,19755,1,34115,5515,48503,19755,35,187,30,15.576,1.4591858482523443,200,847.5,10.0,120.0,97.5,35,151,26,17.79,1.5585182227799008,213,852.5,10.0,125.0,105.0,51,234,97,8.831168831168831,2.357226018729436,218,865.0,10.0,70.0,105.0,382.2658361424593,127.0,3.009967213720152,648.705167724388,208.0,3.118774844828789,498.4013133686207,209.0,2.384695279275697,254.88400468883205,183.0,1.392808768791432,321.7196866485013,183.0,1.7580310745819745
E:\N9_20251512_PKM2.lif,N9_20251512_PKM2,40,HAMI3379/5/R4,N9_20251512_PKM2_S41_HAMI3379_5_R4,22,86294,60146,54472,40080,2,54472,0,82286,40080,46,195,39,18.8705035971223,1.599524490406677,227,1182.5,15.0,125.0,110.0,39,202,33,18.2406015037594,1.6606697018651784,220,1212.5,19.0,155.0,107.5,67,234,70,13.029761904761903,2.279840319361277,227,1467.5,18.0,140.0,110.0,429.5626009693053,127.0,3.38238268479768,258.8347853556346,208.0,1.244398006517474,406.1697125238989,209.0,1.9433957537028657,278.304425896984,183.0,1.5207892125518252,354.19667705088267,183.0,1.935500967491162
E:\N9_20251512_PKM2.lif,N9_20251512_PKM2,40,HAMI3379/5/R4,N9_20251512_PKM2_S41_HAMI3379_5_R4,23,53017,24560,17479,19548,2,413,17464,11942,19548,31,117,8,15.265822784810126,1.7024022801302932,170,697.5,14.0,115.0,82.5,32,105,19,13.481012658227847,2.1768407803650094,157,732.5,12.0,95.0,75.0,24,108,18,14.785714285714286,2.013863310824637,170,632.5,10.0,65.0,82.5,231.1622276029056,127.0,1.8201750204953195,534.9764086120018,208.0,2.572001964480778,277.6982688509353,209.0,1.3286998509614127,276.25708469055377,183.0,1.5096015556860862,315.4808823529412,183.0,1.7239392478302795
E:\N9_20251512_PKM2.lif,N9_20251512_PKM2,40,HAMI3379/5/R4,N9_20251512_PKM2_S41_HAMI3379_5_R4,24,50283,35035,32135,18447,1,3183,30778,25996,18447,50,256,53,11.283236994219653,1.676609105180534,192,932.5,15.0,90.0,92.5,52,275,53,10.157608695652174,1.827913489964213,199,992.5,20.0,110.0,97.5,25,113,32,14.243243243243244,2.682658426844473,195,762.5,11.0,75.0,95.0,238.1187558906692,127.0,1.8749508337847969,560.1603418025862,208.0,2.6930785663585874,280.0517232497038,209.0,1.3399603983239416,259.8566861709719,183.0,1.4199818916446552,287.24962086745523,183.0,1.5696700593850013
E:\N9_20251512_PKM2.lif,N9_20251512_PKM2,40,HAMI3379/5/R4,N9_20251512_PKM2_S41_HAMI3379_5_R4,25,19645,13774,13528,5935,0,13528,0,19249,5935,19,69,11,13.98,1.5010164077246988,130,427.5,8.0,85.0,62.5,22,82,18,12.932203389830509,1.5283116499112952,129,367.5,8.0,80.0,62.5,16,55,6,10.214285714285714,2.043302443133951,106,282.5,7.0,60.0,50.0,357.3408486102897,127.0,2.81370746937236,261.140409467112,208.0,1.2554827378226536,468.0453499591776,209.0,2.239451435211376,230.24364745172065,183.0,1.2581620079328997,,183.0,
E:\N9_20251512_PKM2.lif,N9_20251512_PKM2,40,HAMI3379/5/R4,N9_20251512_PKM2_S41_HAMI3379_5_R4,26,45983,18412,126,18406,2,126,0,37918,18406,44,144,22,11.0,1.7284922876384967,151,682.5,13.0,80.0,72.5,5,9,6,3.0,1.6984126984126984,23,30.0,5.0,10.0,7.5,44,144,22,11.0,1.7290557426926003,151,682.5,13.0,80.0,72.5,203.34126984126985,127.0,1.6011123609548807,227.73826852053008,208.0,1.0948955217333176,313.30225059226115,209.0,1.4990538305849817,288.8747012817728,183.0,1.5785502802282665,318.93618912193386,183.0,1.742820705584338
E:\N9_20251512_PKM2.lif,N9_20251512_PKM2,40,HAMI3379/5/R4,N9_20251512_PKM2_S41_HAMI3379_5_R4,27,26852,18548,11327,15133,0,0,11327,22183,15133,37,178,75,8.575,1.4346560276040543,134,627.5,16.0,85.0,65.0,22,99,37,9.64179104477612,1.2614990730113886,109,317.5,8.0,50.0,52.5,38,196,67,7.548387096774194,1.6666226128328818,130,497.5,10.0,90.0,62.5,162.0921932283804,127.0,1.2763164821132316,683.3139401430211,208.0,3.2851631737645244,351.6111006937934,209.0,1.682349764085136,287.74746603407374,183.0,1.5723905247763592,,183.0,
E:\N9_20251512_PKM2.lif,N9_20251512_PKM2,40,HAMI3379/5/R4,N9_20251512_PKM2_S41_HAMI3379_5_R4,28,8395,8395,4040,8395,0,357,4040,6992,8395,3,3,0,40.0,1.1525908278737345,101,142.5,6.0,55.0,47.5,7,17,3,10.785714285714286,1.2131188118811882,61,112.5,5.0,35.0,27.5,3,3,0,40.0,1.1525908278737345,101,142.5,6.0,55.0,47.5,220.8683473389356,127.0,1.739120845188469,448.3670792079208,208.0,2.155610957730388,293.0762299771167,209.0,1.402278612330702,402.8800476474092,183.0,2.201530315013165,,183.0,
E:\N9_20251512_PKM2.lif,N9_20251512_PKM2,40,HAMI3379/5/R4,N9_20251512_PKM2_S41_HAMI3379_5_R4,29,24358,21550,19433,11812,2,290,19143,21346,11812,22,86,15,17.64516129032258,1.160232018561485,112,367.5,12.0,75.0,52.5,29,74,18,16.779661016949152,1.253640714248958,109,437.5,17.0,90.0,52.5,32,138,50,9.202247191011235,1.9674060277683711,112,522.5,12.0,65.0,52.5,227.0344827586207,127.0,1.7876730925875646,846.0972156924201,208.0,4.067775075444327,301.7634425296279,209.0,1.4438442226297987,286.1550348027842,183.0,1.5636887147693126,296.8647619047619,183.0,1.6222118136872234
E:\N9_20251512_PKM2.lif,N9_20251512_PKM2,40,HAMI3379/5/R4,N9_20251512_PKM2_S41_HAMI3379_5_R4,30,50968,41785,38817,20715,1,36558,6261,49384,20715,30,242,47,15.231884057971014,1.3957400981213357,215,872.5,14.0,120.0,105.0,48,267,52,13.33132530120482,1.488110879253935,217,1082.5,17.0,85.0,105.0,28,131,25,14.293333333333331,2.161090996862177,199,772.5,11.0,110.0,97.5,335.9469336396958,127.0,2.645251445981857,398.68934674972047,208.0,1.9167757055275023,393.70918769716087,209.0,1.8837760176897649,252.1948067488333,183.0,1.3781136980810564,325.2985130111524,183.0,1.7775875027931825
E:\N9_20251512_PKM2.lif,N9_20251512_PKM2,40,HAMI3379/5/R4,N9_20251512_PKM2_S41_HAMI3379_5_R4,31,28273,27653,27022,21175,2,16112,24712,26995,21175,9,55,7,19.416666666666668,1.1102231222652152,139,397.5,14.0,105.0,67.5,11,98,24,15.609375,1.1265635408185923,138,312.5,7.0,85.0,67.5,22,80,15,15.140350877192985,1.4373081463990556,148,392.5,10.0,100.0,70.0,395.2855635551142,127.0,3.112484752402474,841.6173518938168,208.0,4.046237268720273,450.584630534409,209.0,2.155907323131143,319.2572234477272,183.0,1.744574991517635,323.0086730268864,183.0,1.7650747159939144
E:\N9_20251512_PKM2.lif,N9_20251512_PKM2,40,HAMI3379/5/R4,N9_20251512_PKM2_S41_HAMI3379_5_R4,32,25565,23649,21185,13883,2,0,21185,11533,13883,17,127,17,13.532467532467532,1.0981859698084486,144,352.5,20.0,95.0,70.0,36,134,21,11.347826086956522,1.1309417040358745,118,472.5,27.0,85.0,57.5,21,98,26,12.015873015873016,1.54123748469351,126,432.5,13.0,60.0,60.0,135.35587128419806,127.0,1.0657942620802996,1044.0067028557942,208.0,5.019262994499011,295.5604470359572,209.0,1.4141648183538624,278.91826292866506,183.0,1.524143513271394,287.9817027632562,183.0,1.5736705069030392
E:\N9_20251512_PKM2.lif,N9_20251512_PKM2,40,HAMI3379/5/R4,N9_20251512_PKM2_S41_HAMI3379_5_R4,33,48131,32168,30157,9674,1,30157,0,42160,9674,41,180,54,13.008,1.6288547624968914,210,977.5,13.0,95.0,102.5,39,145,34,14.893203883495143,1.7374738866598136,206,982.5,14.0,70.0,100.0,22,83,33,9.116666666666667,1.9463510440355591,158,387.5,7.0,45.0,75.0,375.8732300958318,127.0,2.9596317330380457,207.7510569510072,208.0,0.9988031584183038,463.13632920110194,209.0,2.215963297612928,221.8380378015419,183.0,1.212229714762524,271.6480138169257,183.0,1.4844153760487746
E:\N9_20251512_PKM2.lif,N9_20251512_PKM2,40,HAMI3379/5/R4,N9_20251512_PKM2_S41_HAMI3379_5_R4,34,38671,32837,31692,15579,1,31692,0,37119,15579,22,107,13,19.767123287671232,1.3187867344763529,350,552.5,6.0,315.0,179.76923076923077,28,114,14,18.0625,1.3664331692540703,350,637.5,7.0,255.0,179.76923076923077,32,214,82,8.235294117647058,1.6075486231465437,110,597.5,19.0,85.0,52.5,528.834090622239,127.0,4.164047957655425,219.2181685294028,208.0,1.053933502545206,445.10702564919546,209.0,2.1296986873167247,239.91189816365684,183.0,1.3109939790363765,275.472602739726,183.0,1.5053147690695412
E:\N9_20251512_PKM2.lif,N9_20251512_PKM2,40,HAMI3379/5/R4,N9_20251512_PKM2_S41_HAMI3379_5_R4,35,9403,9403,9241,9262,1,0,9241,3940,9262,3,3,0,42.0,1.029777730511539,75,152.5,11.0,60.0,35.0,5,7,0,28.714285714285715,1.0468564008224217,74,187.5,14.0,55.0,35.0,4,4,0,23.2,1.0272079464478514,71,162.5,12.0,60.0,32.5,138.54567691162396,127.0,1.0909108418238107,827.9769505464776,208.0,3.9806584160888345,268.1269035532995,209.0,1.282903844752629,523.9947888971604,183.0,2.863359502170276,440.6355024711697,183.0,2.407844275798741
E:\N9_20251512_PKM2.lif,N9_20251512_PKM2,40,HAMI3379/5/R4,N9_20251512_PKM2_S41_HAMI3379_5_R4,36,6516,6199,6163,4006,0,0,6163,0,4006,8,12,2,12.2,1.058880464591063,71,177.5,11.0,50.0,32.5,7,9,1,13.375,1.0621450592244035,71,172.5,11.0,50.0,32.5,5,21,3,13.307692307692308,1.2561158262606091,73,182.5,13.0,40.0,32.5,125.86271979351508,127.0,0.9910450377442132,855.7742982313808,208.0,4.114299510727792,221.23342474592675,209.0,1.0585331327556304,228.67865784804,183.0,1.249610152175082,,183.0,
E:\N9_20251512_PKM2.lif,N9_20251512_PKM2,40,HAMI3379/5/R4,N9_20251512_PKM2_S41_HAMI3379_5_R4,37,64261,34327,24543,24162,3,14606,10838,19174,24162,58,346,65,10.004608294930875,1.6676085879919598,194,1137.5,19.0,140.0,95.0,54,245,55,9.921212121212122,1.826019639000937,194,1032.5,14.0,80.0,95.0,54,202,40,10.763513513513514,1.867270921281351,163,1002.5,17.0,110.0,77.5,284.7019033273997,127.0,2.2417472702944856,462.38420372762505,208.0,2.223000979459736,272.8708052000403,209.0,1.3056019387561737,241.4201357531972,183.0,1.319235714498345,243.4833490912911,183.0,1.330510104323995
E:\N9_20251512_PKM2.lif,N9_20251512_PKM2,40,HAMI3379/5/R4,N9_20251512_PKM2_S41_HAMI3379_5_R4,38,20754,18514,17571,12086,1,17571,315,16610,12086,14,93,20,14.9,1.2120557416009503,126,302.5,8.0,95.0,60.0,19,89,19,15.327586206896552,1.249558932331683,127,377.5,11.0,65.0,60.0,25,87,14,11.35483870967742,1.7474764189971868,125,432.5,8.0,45.0,60.0,412.5609811621422,127.0,3.248511662694033,358.0730158730159,208.0,1.721504884004884,306.3928909312069,209.0,1.4659946934507508,274.1350869612185,183.0,1.4980059396787897,297.7290901672787,183.0,1.626934918946878
E:\N9_20251512_PKM2.lif,N9_20251512_PKM2,40,HAMI3379/5/R4,N9_20251512_PKM2_S41_HAMI3379_5_R4,39,22786,19586,19289,9194,2,16219,10396,14112,9194,21,69,10,18.53061224489796,1.3746043092004494,136,417.5,7.0,80.0,65.0,19,60,10,20.066666666666663,1.3827570117683654,138,437.5,9.0,75.0,65.0,17,79,11,12.020833333333334,1.998477267783337,125,367.5,8.0,65.0,60.0,356.20192366977,127.0,2.804739556454882,774.9781646787226,208.0,3.725856560955397,298.3825092607505,209.0,1.4276675084246435,243.0640253242112,183.0,1.3282187176186402,276.655737704918,183.0,1.5117799874585685
E:\N9_20251512_PKM2.lif,N9_20251512_PKM2,40,HAMI3379/5/R4,N9_20251512_PKM2_S41_HAMI3379_5_R4,40,32592,11941,0,11941,2,0,0,19814,11941,27,83,21,11.087719298245617,1.7305920777154342,114,432.5,11.0,75.0,55.0,0,0,0,0.0,,0,0.0,0.0,,,27,83,21,11.087719298245617,1.7305920777154342,114,432.5,11.0,75.0,55.0,145.39787287496858,127.0,1.144865140747784,220.26220584540656,208.0,1.0589529127183008,287.2372531682876,209.0,1.37434092425018,277.42835608408006,183.0,1.5160019458146452,285.8069668649108,183.0,1.5617867041798406
E:\N9_20251512_PKM2.lif,N9_20251512_PKM2,40,HAMI3379/5/R4,N9_20251512_PKM2_S41_HAMI3379_5_R4,41,16954,14913,14199,7738,1,257,14191,4319,7738,15,51,13,15.578947368421051,1.2012338228391335,116,297.5,9.0,60.0,55.0,15,51,14,14.921052631578949,1.2085358123811536,116,302.5,11.0,60.0,55.0,14,34,8,15.0,1.948307056086844,167,250.0,5.0,155.0,80.0,214.55252918287937,127.0,1.6893899935659793,792.2906771897682,208.0,3.809089794181578,282.71314003701417,209.0,1.3526944499378668,232.49279152417355,183.0,1.2704524127004018,280.9370925684485,183.0,1.535175369226495
E:\N9_20251512_PKM2.lif,N9_20251512_PKM2,42,HAMI3379/5/R15,N9_20251512_PKM2_S43_HAMI3379_5_R15,1,33063,10638,0,10638,1,0,0,0,10638,35,114,37,9.18421052631579,1.6113931190073325,119,442.5,17.0,55.0,57.5,0,0,0,0.0,,0,0.0,0.0,,,35,114,37,9.18421052631579,1.6113931190073325,119,442.5,17.0,55.0,57.5,113.01156232374508,105.0,1.076300593559477,220.18593720624176,189.0,1.165004958763184,202.00310208685843,191.0,1.0576078643291018,379.3827787178041,150.0,2.5292185247853607,488.3715659340659,150.0,3.2558104395604395
E:\N9_20251512_PKM2.lif,N9_20251512_PKM2,42,HAMI3379/5/R15,N9_20251512_PKM2_S43_HAMI3379_5_R15,2,78559,6846,3434,6809,1,0,3434,0,6809,16,35,7,13.964285714285714,1.6444639205375402,87,307.5,12.0,50.0,40.0,7,13,1,18.7,1.3366336633663367,62,167.5,9.0,35.0,27.5,16,35,7,13.928571428571429,1.6507563518872082,88,327.5,9.0,35.0,40.0,113.40739117732984,105.0,1.080070392165046,410.87565521258006,189.0,2.1739452656750267,206.88635699678645,191.0,1.0831746439622327,239.5799006719252,150.0,1.5971993378128346,219.7382461701004,150.0,1.4649216411340025
E:\N9_20251512_PKM2.lif,N9_20251512_PKM2,42,HAMI3379/5/R15,N9_20251512_PKM2_S43_HAMI3379_5_R15,3,37559,13653,0,13653,1,0,0,0,13653,23,88,29,10.846153846153848,1.4819453599941406,132,382.5,12.0,70.0,62.5,0,0,0,0.0,,0,0.0,0.0,,,23,88,29,10.846153846153848,1.4819453599941406,132,382.5,12.0,70.0,62.5,111.71171171171171,105.0,1.063921063921064,233.0241705119754,189.0,1.232932119110981,219.91012964183696,191.0,1.1513619352975757,262.6838790009522,150.0,1.7512258600063475,284.8520446096654,150.0,1.8990136307311027
E:\N9_20251512_PKM2.lif,N9_20251512_PKM2,42,HAMI3379/5/R15,N9_20251512_PKM2_S43_HAMI3379_5_R15,4,31972,8018,0,8018,1,0,0,555,8018,16,58,15,11.763157894736842,1.5325517585432775,104,247.5,7.0,60.0,50.0,0,0,0,0.0,,0,0.0,0.0,,,16,58,15,11.763157894736842,1.5325517585432775,104,247.5,7.0,60.0,50.0,114.10651035170864,105.0,1.0867286700162728,214.9864055874283,189.0,1.1374942094572926,269.8288288288288,191.0,1.4127163813027688,292.1259665752058,150.0,1.9475064438347047,302.22255639097745,150.0,2.0148170426065164
E:\N9_20251512_PKM2.lif,N9_20251512_PKM2,42,HAMI3379/5/R15,N9_20251512_PKM2_S43_HAMI3379_5_R15,5,32634,8659,0,8659,1,0,0,0,8659,9,35,3,18.44,2.1345420949301306,115,342.5,8.0,60.0,55.0,0,0,0,0.0,,0,0.0,0.0,,,9,35,3,18.44,2.1345420949301306,115,342.5,8.0,60.0,55.0,109.04515532971476,105.0,1.038525288854426,207.66474188705396,189.0,1.0987552480796503,209.87550525464837,191.0,1.0988246348410908,217.91985217692573,150.0,1.4527990145128382,215.97264021887824,150.0,1.4398176014591884
E:\N9_20251512_PKM2.lif,N9_20251512_PKM2,42,HAMI3379/5/R15,N9_20251512_PKM2_S43_HAMI3379_5_R15,6,28263,7428,599,6829,1,599,0,2175,6829,8,29,6,15.15,1.690226171243942,191,222.5,4.0,15.0,105.17241379310344,4,6,0,5.6,1.0667779632721202,31,32.5,4.0,15.0,12.5,4,23,6,18.33333333333333,1.276907307072778,83,282.5,16.0,45.0,40.0,232.220367278798,105.0,2.2116225455123617,192.9559773828756,189.0,1.020931097263892,245.54246575342464,191.0,1.2855626479236892,285.7183629509962,150.0,1.9047890863399748,303.95481530343005,150.0,2.0263654353562
E:\N9_20251512_PKM2.lif,N9_20251512_PKM2,42,HAMI3379/5/R15,N9_20251512_PKM2_S43_HAMI3379_5_R15,7,19046,5876,0,5876,1,0,0,4918,5876,7,17,5,21.07692307692308,1.5621170864533696,88,202.5,8.0,50.0,42.5,0,0,0,0.0,,0,0.0,0.0,,,7,17,5,21.07692307692308,1.5621170864533696,88,202.5,8.0,50.0,42.5,120.5275697753574,105.0,1.1478816169081656,207.67562968005447,189.0,1.0988128554500236,266.42424242424244,191.0,1.3948913215928924,242.55956432947585,150.0,1.6170637621965056,230.3035901010805,150.0,1.535357267340537
E:\N9_20251512_PKM2.lif,N9_20251512_PKM2,42,HAMI3379/5/R15,N9_20251512_PKM2_S43_HAMI3379_5_R15,8,24926,9488,0,9488,1,0,0,4324,9488,9,27,7,21.61904761904762,1.8617200674536256,125,387.5,14.0,60.0,60.0,0,0,0,0.0,,0,0.0,0.0,,,9,27,7,21.61904761904762,1.8617200674536256,125,387.5,14.0,60.0,60.0,125.7670741989882,105.0,1.1977816590379828,195.83631956155145,189.0,1.0361710029711717,250.33530455351865,191.0,1.31065604478282,282.30986509274874,150.0,1.882065767284992,316.1263196214052,150.0,2.1075087974760347
E:\N9_20251512_PKM2.lif,N9_20251512_PKM2,42,HAMI3379/5/R15,N9_20251512_PKM2_S43_HAMI3379_5_R15,9,28708,6649,0,6649,1,0,0,0,6649,4,12,2,34.0,1.3991577680854264,111,247.5,7.0,65.0,52.5,0,0,0,0.0,,0,0.0,0.0,,,4,12,2,34.0,1.3991577680854264,111,247.5,7.0,65.0,52.5,108.487892916228,105.0,1.0332180277736,195.09129192359757,189.0,1.0322290577968125,185.9193863738908,191.0,0.9733999286591142,208.33990073695293,150.0,1.388932671579686,209.42553778268064,150.0,1.3961702518845376
E:\N9_20251512_PKM2.lif,N9_20251512_PKM2,42,HAMI3379/5/R15,N9_20251512_PKM2_S43_HAMI3379_5_R15,10,28713,8688,0,8688,1,0,0,0,8688,14,36,8,19.73076923076923,2.4163213627992635,129,372.5,7.0,35.0,62.5,0,0,0,0.0,,0,0.0,0.0,,,14,36,8,19.73076923076923,2.4163213627992635,129,372.5,7.0,35.0,62.5,108.08552025782689,105.0,1.029385907217399,191.61510128913443,189.0,1.013836514757325,183.70534069981585,191.0,0.9618080664911824,214.47882136279927,150.0,1.4298588090853284,222.73863179074448,150.0,1.4849242119382966
E:\N9_20251512_PKM2.lif,N9_20251512_PKM2,42,HAMI3379/5/R15,N9_20251512_PKM2_S43_HAMI3379_5_R15,11,18949,5930,0,5930,1,0,0,0,5930,7,7,0,32.875,1.9001686340640809,129,212.5,4.0,20.0,62.5,0,0,0,0.0,,0,0.0,0.0,,,7,7,0,32.875,1.9001686340640809,129,212.5,4.0,20.0,62.5,107.35632377740303,105.0,1.02244117883241,181.9902192242833,189.0,0.9629112128268956,174.50370994940977,191.0,0.9136319892639256,202.5397976391231,150.0,1.350265317594154,205.62884160756505,150.0,1.3708589440504335
E:\N9_20251512_PKM2.lif,N9_20251512_PKM2,44,HAMI3379/5/R14,N9_20251512_PKM2_S45_HAMI3379_5_R14,1,29699,13040,7820,11798,2,7820,0,28017,11798,7,47,6,18.33333333333333,1.3683282208588956,120,327.5,10.0,65.0,57.5,15,57,19,10.523809523809524,1.8205882352941176,112,315.0,8.0,70.0,55.0,6,38,5,20.48,1.4713510764536362,116,357.5,9.0,60.0,55.0,263.5225063938619,117.0,2.252329114477452,208.5944018404908,196.0,1.064257152247402,428.443516585479,206.0,2.079822896046015,282.5614263803681,160.0,1.7660089148773008,307.2034847542004,160.0,1.920021779713752
E:\N9_20251512_PKM2.lif,N9_20251512_PKM2,44,HAMI3379/5/R14,N9_20251512_PKM2_S45_HAMI3379_5_R14,2,18128,12785,11548,9085,0,11548,0,15432,9085,6,24,2,30.176470588235293,1.377630035197497,124,322.5,8.0,55.0,60.0,8,24,1,22.11111111111111,1.4018877727745065,117,302.5,9.0,45.0,55.0,17,57,10,14.384615384615383,1.883874518436984,127,412.5,9.0,70.0,60.0,472.56061655697954,117.0,4.0389796286921325,189.411576065702,196.0,0.966385592171949,424.0808959156785,206.0,2.0586451258042646,235.7903011341416,160.0,1.4736893820883847,,160.0,
E:\N9_20251512_PKM2.lif,N9_20251512_PKM2,44,HAMI3379/5/R14,N9_20251512_PKM2_S45_HAMI3379_5_R14,3,31386,23409,20725,13946,1,20725,0,13192,13946,20,133,39,13.647727272727272,1.604724678542441,170,567.5,8.0,75.0,82.5,26,137,22,13.726190476190476,1.706875753920386,181,537.5,7.0,75.0,87.5,13,69,18,13.254901960784316,1.5225154166069124,155,377.5,10.0,45.0,75.0,341.19401688781664,117.0,2.916188178528347,191.43132983040712,196.0,0.9766904583184036,296.2591658583899,206.0,1.4381512905747085,249.7599641163655,160.0,1.5609997757272844,265.5658387206533,160.0,1.659786492004083
E:\N9_20251512_PKM2.lif,N9_20251512_PKM2,44,HAMI3379/5/R14,N9_20251512_PKM2_S45_HAMI3379_5_R14,4,48218,32611,24659,27740,3,24659,0,45637,27740,18,157,25,16.1123595505618,1.5884210849099998,172,642.5,12.0,135.0,82.5,34,158,39,13.16,1.8123200454195223,158,780.0,17.0,120.0,77.5,27,143,27,14.755555555555556,1.7753064167267485,168,677.5,11.0,130.0,82.5,336.4453140841072,117.0,2.87560097507784,221.94998620097516,196.0,1.1323978887804853,448.7442588053154,206.0,2.1783701883753177,298.42973229891754,160.0,1.8651858268682344,333.36028451154016,160.0,2.083501778197126
E:\N9_20251512_PKM2.lif,N9_20251512_PKM2,44,HAMI3379/5/R14,N9_20251512_PKM2_S45_HAMI3379_5_R14,5,36381,18978,18828,7676,1,18828,0,1842,7676,28,115,30,13.047619047619047,1.7150911581831594,146,522.5,9.0,90.0,70.0,28,120,21,12.975609756097562,1.7287550456766518,146,522.5,9.0,90.0,70.0,11,22,5,18.142857142857142,2.3380667014069827,122,322.5,7.0,60.0,57.5,304.0886445719142,117.0,2.5990482442043947,183.41426915375695,196.0,0.9357870875191684,251.7189054726368,206.0,1.2219364343331884,199.2758457160923,160.0,1.245474035725577,227.4933121019108,160.0,1.4218332006369423
E:\N9_20251512_PKM2.lif,N9_20251512_PKM2,44,HAMI3379/5/R14,N9_20251512_PKM2_S45_HAMI3379_5_R14,6,63225,2885,0,2885,0,0,0,23199,2885,4,6,0,33.0,1.746620450606586,92,152.5,4.0,25.0,42.5,0,0,0,0.0,,0,0.0,0.0,,,4,6,0,33.0,1.746620450606586,92,152.5,4.0,25.0,42.5,375.3608318890815,117.0,3.2082122383682177,195.4149046793761,196.0,0.9970148197927352,356.2976707461508,206.0,1.7296003434279166,201.9733102253033,160.0,1.2623331889081455,,160.0,
E:\N9_20251512_PKM2.lif,N9_20251512_PKM2,44,HAMI3379/5/R14,N9_20251512_PKM2_S45_HAMI3379_5_R14,7,117068,70737,67861,46328,2,67861,0,109546,46328,57,223,34,18.862745098039216,1.4344967979982188,240,1032.5,13.0,150.0,117.5,61,252,41,16.916666666666668,1.4460146475884528,237,1007.5,13.0,135.0,115.0,44,171,31,15.314516129032258,1.6889570022448628,238,977.5,15.0,110.0,117.5,540.249598443878,117.0,4.6175179354177605,232.82294979996323,196.0,1.1878721928569551,447.3926689576174,206.0,2.171809072609793,295.7380154657393,160.0,1.8483625966608703,329.66266760762176,160.0,2.060391672547636
E:\N9_20251512_PKM2.lif,N9_20251512_PKM2,44,HAMI3379/5/R14,N9_20251512_PKM2_S45_HAMI3379_5_R14,8,87025,55991,49824,36404,2,49824,1144,48080,36404,42,202,35,16.958620689655174,1.5971674019038775,251,1237.5,13.0,190.0,122.5,43,168,40,17.10569105691057,1.7081928387925498,423,1097.5,9.0,140.0,212.3780487804878,28,142,23,16.33684210526316,1.7782386550928468,275,927.5,10.0,135.0,135.0,488.6875602119461,117.0,4.176816753948257,394.3505244755245,196.0,2.0119924718139006,378.00836532097946,206.0,1.834992064664949,283.9617974317301,160.0,1.774761233948313,349.42843264248705,160.0,2.1839277040155443
E:\N9_20251512_PKM2.lif,N9_20251512_PKM2,44,HAMI3379/5/R14,N9_20251512_PKM2_S45_HAMI3379_5_R14,9,62503,37964,34816,29666,1,34816,0,55951,29666,20,136,33,16.891304347826086,1.51353914234538,184,737.5,12.0,90.0,90.0,24,155,37,15.792079207920793,1.5896426930147058,185,722.5,15.0,120.0,90.0,21,142,27,14.876404494382022,1.6714420548776376,175,692.5,12.0,105.0,85.0,407.2250402113971,117.0,3.48055589924271,249.1269887261616,196.0,1.271056064929396,420.94992694913,206.0,2.043446247325874,298.13889474238755,160.0,1.8633680921399225,434.31666666666666,160.0,2.7144791666666666
E:\N9_20251512_PKM2.lif,N9_20251512_PKM2,44,HAMI3379/5/R14,N9_20251512_PKM2_S45_HAMI3379_5_R14,10,62192,7491,0,7491,0,0,0,58123,7491,12,62,16,11.357142857142858,2.259511413696436,127,322.5,11.0,45.0,60.0,0,0,0,0.0,,0,0.0,0.0,,,12,62,16,11.357142857142858,2.259511413696436,127,322.5,11.0,45.0,60.0,219.00707515685488,117.0,1.871855343220982,215.7655853691096,196.0,1.1008448233117836,298.2545167765988,206.0,1.4478374600805766,237.4185022026432,160.0,1.48386563876652,,160.0,
E:\N9_20251512_PKM2.lif,N9_20251512_PKM2,44,HAMI3379/5/R14,N9_20251512_PKM2_S45_HAMI3379_5_R14,11,138370,86635,79998,25342,1,78645,10836,70041,25342,78,486,119,14.035143769968052,1.6876551047498125,296,2092.5,20.0,175.0,145.0,76,452,103,13.845360824742269,1.7493187329683242,307,1852.5,18.0,180.0,150.0,38,149,38,13.865384615384617,3.902257122563334,320,1097.5,17.0,205.0,158.89830508474577,460.6978574607413,117.0,3.937588525305481,691.031746031746,196.0,3.525672173631357,284.3727083915805,206.0,1.3804500407358276,225.16927338835345,160.0,1.407307958677209,302.7181931205968,160.0,1.8919887070037296
E:\N9_20251512_PKM2.lif,N9_20251512_PKM2,44,HAMI3379/5/R14,N9_20251512_PKM2_S45_HAMI3379_5_R14,12,37617,18288,4545,16865,1,4545,0,23533,16865,41,147,35,10.422018348623851,2.0689523184601923,153,677.5,11.0,65.0,75.0,13,31,7,12.0,2.3931793179317933,133,212.5,5.0,45.0,65.0,35,124,28,11.204301075268818,2.209249925882004,151,652.5,10.0,60.0,72.5,241.18085808580855,117.0,2.061374855434261,216.8170384951881,196.0,1.1062093800774904,292.2494125019583,206.0,1.4186864684561082,262.7477580927384,160.0,1.642173488079615,305.279309077545,160.0,1.9079956817346564
E:\N9_20251512_PKM2.lif,N9_20251512_PKM2,44,HAMI3379/5/R14,N9_20251512_PKM2_S45_HAMI3379_5_R14,13,29179,16725,597,16655,1,557,77,11,16655,46,216,46,7.661971830985915,1.5767414050822122,139,590.0,12.0,90.0,67.5,8,6,0,5.714285714285714,3.0938023450586263,74,72.5,6.0,10.0,35.0,46,211,45,7.748201438848921,1.5833683578504951,139,590.0,12.0,90.0,67.5,247.5547576301616,117.0,2.1158526293176205,339.75324675324674,196.0,1.7334349324145242,249.54545454545453,206.0,1.2113857016769638,256.2248729446936,160.0,1.601405455904335,247.8664872697164,160.0,1.5491655454357276
E:\N9_20251512_PKM2.lif,N9_20251512_PKM2,44,HAMI3379/5/R14,N9_20251512_PKM2_S45_HAMI3379_5_R14,14,88113,58406,46004,42441,1,39023,13252,78119,42441,45,226,48,15.150943396226417,1.6103140088347088,287,952.5,10.0,150.0,140.0,59,247,50,12.764367816091951,1.8183853577949745,257,1002.5,12.0,160.0,125.0,55,232,87,12.26086956521739,2.022054145755284,315,1187.5,15.0,125.0,155.0,364.40722138226175,117.0,3.114591635745827,809.1442801086629,196.0,4.128287143411545,463.5413743971942,206.0,2.250200846588321,288.63080847858095,160.0,1.8039425529911308,359.8245614035088,160.0,2.24890350877193
E:\N9_20251512_PKM2.lif,N9_20251512_PKM2,44,HAMI3379/5/R14,N9_20251512_PKM2_S45_HAMI3379_5_R14,15,31046,9332,491,9203,1,0,491,25110,9203,33,109,18,10.63768115942029,2.204457779682812,131,562.5,15.0,60.0,62.5,2,0,0,11.0,1.034623217922607,27,22.5,3.0,15.0,10.0,32,106,18,10.8955223880597,2.235358035423232,132,557.5,16.0,60.0,62.5,153.91513073296184,117.0,1.3155139378885627,380.2016293279023,196.0,1.9398042312648076,305.91807443160167,206.0,1.485039196269911,246.99228461208745,160.0,1.5437017788255465,253.81524777636596,160.0,1.586345298602287
E:\N9_20251512_PKM2.lif,N9_20251512_PKM2,44,HAMI3379/5/R14,N9_20251512_PKM2_S45_HAMI3379_5_R14,16,39222,19341,8562,17998,1,4887,4391,31091,17998,33,188,47,9.694214876033058,1.6357478930768834,147,657.5,14.0,95.0,70.0,16,73,14,10.867924528301886,1.803200186872226,114,387.5,10.0,35.0,55.0,37,165,37,10.24074074074074,1.7505833981553507,146,687.5,18.0,95.0,70.0,238.46286065070595,117.0,2.038144108125692,390.7314962423138,196.0,1.9935280420526216,293.7740343609114,206.0,1.4260875454413176,295.8769970528928,160.0,1.84923123158058,335.6876701672501,160.0,2.098047938545313
E:\N9_20251512_PKM2.lif,N9_20251512_PKM2,44,HAMI3379/5/R14,N9_20251512_PKM2_S45_HAMI3379_5_R14,17,39889,27410,14622,25181,0,14554,457,35204,25181,20,84,20,16.586206896551722,1.5451295147756294,185,577.5,14.0,95.0,90.0,19,80,16,13.763636363636364,1.8647243879086308,182,467.5,7.0,95.0,87.5,21,66,13,17.591836734693878,1.6623247686747944,187,537.5,10.0,90.0,90.0,315.9513535797719,117.0,2.70043891948523,364.4835886214442,196.0,1.8596101460277763,379.5330431794754,206.0,1.8423934134925992,335.8067493615469,160.0,2.0987921835096683,,160.0,
E:\N9_20251512_PKM2.lif,N9_20251512_PKM2,44,HAMI3379/5/R14,N9_20251512_PKM2_S45_HAMI3379_5_R14,18,34543,13994,1534,13994,1,0,1534,208,13994,31,105,36,10.3013698630137,1.8836644276118335,164,487.5,11.0,75.0,80.0,4,31,19,6.318181818181818,1.4080834419817472,52,77.5,4.0,20.0,22.5,31,105,36,10.3013698630137,1.8836644276118335,164,487.5,11.0,75.0,80.0,139.19951407746177,117.0,1.1897394365595022,360.51629726206,196.0,1.8393688635819387,256.3269230769231,206.0,1.244305451829724,327.5921823638702,160.0,2.047451139774189,287.7371147371147,160.0,1.798356967106967
E:\N9_20251512_PKM2.lif,N9_20251512_PKM2,44,HAMI3379/5/R14,N9_20251512_PKM2_S45_HAMI3379_5_R14,19,26630,9685,5201,8719,1,5201,0,25257,8719,8,22,3,20.0625,1.2288074341765618,94,297.5,13.0,75.0,45.0,14,22,5,10.727272727272728,1.4199192462987886,92,227.5,8.0,60.0,42.5,11,46,8,14.0,1.1946324119738505,84,217.5,11.0,70.0,40.0,258.3560853681984,117.0,2.208171669813661,250.388229220444,196.0,1.2774909654104285,533.8431595250387,206.0,2.5914716481797995,270.10624677336085,160.0,1.6881640423335054,290.81516936671574,160.0,1.8175948085419733
E:\N9_20251512_PKM2.lif,N9_20251512_PKM2,44,HAMI3379/5/R14,N9_20251512_PKM2_S45_HAMI3379_5_R14,21,22151,7048,186,7020,1,186,0,14036,7020,17,43,7,11.117647058823527,1.513337116912599,156,237.5,6.0,115.0,75.0,3,3,0,3.0,1.0483870967741935,19,17.5,3.0,10.0,7.5,16,40,6,11.5625,1.5193732193732197,156,232.5,6.0,115.0,75.0,279.4301075268817,117.0,2.3882915173237755,232.18146992054483,196.0,1.1845993363293104,306.9114607797088,206.0,1.4898614600956737,258.49148694665155,160.0,1.615571793416572,257.1906890130354,160.0,1.6074418063314713
E:\N9_20251512_PKM2.lif,N9_20251512_PKM2,44,HAMI3379/5/R14,N9_20251512_PKM2_S45_HAMI3379_5_R14,22,71834,33604,33581,10590,1,33581,0,23649,10590,40,198,49,11.364341085271318,1.6058802523509106,223,677.5,9.0,95.0,107.5,40,198,49,11.356589147286822,1.606980137577797,223,677.5,9.0,95.0,107.5,12,30,4,20.94736842105263,1.391784702549575,144,302.5,8.0,45.0,70.0,775.4960840951728,117.0,6.628171658933101,230.7050053565052,196.0,1.1770663538597204,336.51923745221666,206.0,1.63358853132144,212.58561480776095,160.0,1.328660092548506,261.89729377241605,160.0,1.6368580860776003
E:\N9_20251512_PKM2.lif,N9_20251512_PKM2,44,HAMI3379/5/R14,N9_20251512_PKM2_S45_HAMI3379_5_R14,24,40144,21459,20608,6058,0,20608,0,33437,6058,22,113,22,14.88157894736842,1.6158721282445594,150,627.5,12.0,100.0,72.5,24,99,21,15.267605633802816,1.6496506211180124,146,577.5,12.0,100.0,70.0,16,48,14,12.971428571428572,3.1209970287223507,181,422.5,10.0,30.0,87.5,390.9474475931677,117.0,3.34143117600998,211.5795237429517,196.0,1.0794873660354676,377.1853252647504,206.0,1.8309967245861667,203.5172654830141,160.0,1.2719829092688382,,160.0,
E:\N9_20251512_PKM2.lif,N9_20251512_PKM2,44,HAMI3379/5/R14,N9_20251512_PKM2_S45_HAMI3379_5_R14,25,34953,14873,8623,7514,1,8455,168,13633,7514,17,55,12,20.61764705882353,1.7541182007664895,148,497.5,12.0,50.0,70.0,14,32,7,16.916666666666668,2.199002667285168,126,352.5,8.0,65.0,60.0,11,27,5,18.22222222222222,1.492547245142401,100,252.5,7.0,35.0,47.5,277.3591957421644,117.0,2.370591416599696,332.1547619047619,196.0,1.694667152575316,288.79954143465443,206.0,1.4019395215274486,200.0746318832784,160.0,1.25046644927049,223.07427905621904,160.0,1.394214244101369
E:\N9_20251512_PKM2.lif,N9_20251512_PKM2,44,HAMI3379/5/R14,N9_20251512_PKM2_S45_HAMI3379_5_R14,26,35260,4719,0,4719,1,0,0,14805,4719,8,12,3,15.818181818181818,1.3257045984318712,73,147.5,7.0,40.0,35.0,0,0,0,0.0,,0,0.0,0.0,,,8,12,3,15.818181818181818,1.3257045984318712,73,147.5,7.0,40.0,35.0,141.04746768383131,117.0,1.205533911827618,251.3824962915872,196.0,1.2825637565897303,291.3700038066235,206.0,1.4144174942069103,263.2896800169528,160.0,1.6455605001059546,220.5961403508772,160.0,1.3787258771929825
E:\N9_20251512_PKM2.lif,N9_20251512_PKM2,44,HAMI3379/5/R14,N9_20251512_PKM2_S45_HAMI3379_5_R14,27,22031,7759,0,7759,1,0,0,13244,7759,10,30,3,16.17391304347826,1.2665291919061734,89,247.5,6.0,35.0,42.5,0,0,0,0.0,,0,0.0,0.0,,,10,30,3,16.17391304347826,1.2665291919061734,89,247.5,6.0,35.0,42.5,130.55651501482149,117.0,1.115867649699329,220.29849207372084,196.0,1.1239718983353104,321.0510285866952,206.0,1.558500138770365,254.5253254285346,160.0,1.5907832839283411,270.09432544156334,160.0,1.6880895340097708
E:\N9_20251512_PKM2.lif,N9_20251512_PKM2,44,HAMI3379/5/R14,N9_20251512_PKM2_S45_HAMI3379_5_R14,28,29323,9020,0,9020,1,0,0,9941,9020,9,21,7,23.25,2.036252771618625,115,360.0,10.0,80.0,55.0,0,0,0,0.0,,0,0.0,0.0,,,9,21,7,23.25,2.036252771618625,115,360.0,10.0,80.0,55.0,126.41019955654102,117.0,1.080429056038812,188.42261640798228,196.0,0.9613398796325626,278.0594394825993,206.0,1.3498031042844627,216.07062084257203,160.0,1.3504413802660753,237.9192953707497,160.0,1.4869955960671857
E:\N9_20251512_PKM2.lif,N9_20251512_PKM2,44,HAMI3379/5/R14,N9_20251512_PKM2_S45_HAMI3379_5_R14,30,13683,4718,0,4718,1,0,0,6044,4718,1,3,1,82.5,1.2369648155998303,61,102.5,6.0,40.0,27.5,0,0,0,0.0,,0,0.0,0.0,,,1,3,1,82.5,1.2369648155998303,61,102.5,6.0,40.0,27.5,117.49533700720644,117.0,1.0042336496342432,189.48770665536244,196.0,0.9667740135477676,308.8262342691191,206.0,1.499156477034559,301.32280627384483,160.0,1.88326753921153,282.56123662306777,160.0,1.7660077288941736
E:\N9_20251512_PKM2.lif,N9_20251512_PKM2,46,HAMI3379/6/R2,N9_20251512_PKM2_S47_HAMI3379_6_R2,1,6368,4935,4876,544,0,4876,0,5658,544,11,38,10,9.464285714285714,1.2915906788247211,79,192.5,10.0,40.0,37.5,11,38,10,9.464285714285714,1.3022969647251843,78,167.5,6.0,40.0,35.0,2,0,0,16.0,1.036764705882353,27,22.5,3.0,15.0,10.0,305.4639048400328,132.0,2.31412049121237,200.07679837892604,211.0,0.948231271938038,315.6407723394701,205.0,1.539711084582781,191.43343465045592,191.0,1.0022692913636435,,191.0,
E:\N9_20251512_PKM2.lif,N9_20251512_PKM2,46,HAMI3379/6/R2,N9_20251512_PKM2_S47_HAMI3379_6_R2,3,36800,30660,25601,24852,4,24071,3194,33292,24852,30,120,33,14.457831325301203,1.2371819960861057,151,582.5,16.0,100.0,72.5,29,115,31,16.35,1.4498652396390763,155,777.5,19.0,95.0,75.0,38,106,36,11.183908045977011,1.4913890230162563,268,605.0,8.0,185.0,132.5,395.96248597897886,132.0,2.999715802871052,386.7495303694427,211.0,1.832936162888354,357.95316244281463,205.0,1.746112987525925,346.3083170254403,191.0,1.8131325498714157,375.0721810785439,191.0,1.9637286967463028
E:\N9_20251512_PKM2.lif,N9_20251512_PKM2,46,HAMI3379/6/R2,N9_20251512_PKM2_S47_HAMI3379_6_R2,4,5507,4934,3978,3445,1,0,3978,0,3445,5,22,2,15.538461538461538,1.1027563842723955,60,137.5,10.0,40.0,27.5,4,6,1,23.0,1.1279537456008044,55,122.5,9.0,40.0,25.0,6,48,15,9.555555555555555,1.4597968069666185,58,152.5,7.0,30.0,27.5,131.99067693554926,132.0,0.999929370723858,520.9640522875817,211.0,2.469023944490909,217.66558573165787,205.0,1.0617833450324774,268.2999594649372,191.0,1.4047118296593568,256.85634118967454,191.0,1.344797597851699
E:\N9_20251512_PKM2.lif,N9_20251512_PKM2,46,HAMI3379/6/R2,N9_20251512_PKM2_S47_HAMI3379_6_R2,5,19274,15219,15026,6237,1,15026,0,13149,6237,9,45,5,21.321428571428573,1.2822787305342007,120,332.5,10.0,65.0,57.5,9,57,9,17.11111111111111,1.2987488353520564,120,332.5,10.0,65.0,57.5,13,19,6,14.9375,1.891774891774892,163,222.5,4.0,85.0,82.77777777777777,467.5560362039132,132.0,3.5420911833629787,187.35146855903804,211.0,0.8879216519385689,282.7962142197599,205.0,1.3794937279012678,214.62638806754717,191.0,1.1236983668457965,207.067500948047,191.0,1.0841230416128116
E:\N9_20251512_PKM2.lif,N9_20251512_PKM2,46,HAMI3379/6/R2,N9_20251512_PKM2_S47_HAMI3379_6_R2,6,29383,20272,20195,8698,1,18439,3379,22570,8698,30,92,26,15.608108108108109,1.485053275453828,132,617.5,17.0,95.0,62.5,32,96,27,14.794871794871796,1.4907155236444665,131,617.5,11.0,60.0,62.5,9,27,6,21.181818181818183,1.9012416647505173,105,357.5,14.0,65.0,50.0,327.7436411952926,132.0,2.4829063726916103,571.1343592778928,211.0,2.7067979112696343,313.5057694643508,205.0,1.5292964364114674,232.22405288082084,191.0,1.2158327375959206,271.12646762831264,191.0,1.4195103017189143
E:\N9_20251512_PKM2.lif,N9_20251512_PKM2,46,HAMI3379/6/R2,N9_20251512_PKM2_S47_HAMI3379_6_R2,7,33935,25476,18472,16106,2,8156,13214,7239,16106,27,168,41,12.666666666666666,1.4515230020411367,147,542.5,12.0,105.0,70.0,28,162,45,10.892156862745098,1.95073624945864,234,512.5,11.0,205.0,125.0,22,84,16,13.789473684210526,1.617968458959394,137,470.0,13.0,85.0,67.5,279.5562775870525,132.0,2.117850587780701,555.5539579234146,211.0,2.632957146556467,267.80388978930307,205.0,1.3063604379966005,244.8202622075679,191.0,1.2817814775265337,249.73386372385477,191.0,1.30750713991547
E:\N9_20251512_PKM2.lif,N9_20251512_PKM2,46,HAMI3379/6/R2,N9_20251512_PKM2_S47_HAMI3379_6_R2,8,49324,44263,43494,34217,2,43114,6213,46984,34217,26,155,28,16.604166666666668,1.2643969003456612,224,632.5,13.0,125.0,110.0,36,216,33,15.142857142857142,1.2867521957051546,224,687.5,14.0,125.0,110.0,35,131,32,14.625,1.3783499430107842,171,612.5,17.0,115.0,82.5,477.4403442037389,132.0,3.61697230457378,430.824400450668,211.0,2.0418218030837343,544.4305154541582,205.0,2.655758611971504,349.45656643246053,191.0,1.8296155310600029,435.47491700479526,191.0,2.279973387459661
E:\N9_20251512_PKM2.lif,N9_20251512_PKM2,46,HAMI3379/6/R2,N9_20251512_PKM2_S47_HAMI3379_6_R2,9,8238,7882,7308,5169,0,423,6925,299,5169,6,22,3,17.733333333333334,1.0603907637655416,75,147.5,6.0,45.0,35.0,6,20,1,11.941176470588236,1.0998905309250138,73,132.5,4.0,45.0,35.0,15,31,5,14.833333333333334,1.567808086670536,122,272.5,8.0,25.0,57.5,263.3617021276596,132.0,1.995164410058027,804.9032490974729,211.0,3.814707341694184,265.5959595959596,205.0,1.295590046809559,287.02626236995684,191.0,1.502755300366266,,191.0,
E:\N9_20251512_PKM2.lif,N9_20251512_PKM2,46,HAMI3379/6/R2,N9_20251512_PKM2_S47_HAMI3379_6_R2,10,33750,30533,29589,20173,1,28097,9462,23669,20173,19,80,30,16.508196721311474,1.167458160023581,134,437.5,12.0,105.0,65.0,28,132,32,13.681818181818182,1.2041975058298693,133,532.5,17.0,115.0,65.0,23,83,18,13.634920634920634,1.414117880335101,127,517.5,18.0,85.0,60.0,689.2148627967399,132.0,5.2213247181571205,788.6822024941873,211.0,3.7378303435743474,374.8843174158533,205.0,1.8287039873944064,319.65145907706415,191.0,1.6735678485710164,349.23191624365484,191.0,1.82843935206102
E:\N9_20251512_PKM2.lif,N9_20251512_PKM2,46,HAMI3379/6/R2,N9_20251512_PKM2_S47_HAMI3379_6_R2,11,14355,11151,9776,7888,2,0,9776,0,7888,15,51,9,14.47222222222222,1.260425073984396,123,322.5,10.0,60.0,57.5,15,72,19,11.733333333333333,1.4239975450081832,122,307.5,8.0,55.0,57.5,11,29,1,16.523809523809526,1.2894269776876268,113,262.5,7.0,30.0,52.5,131.7541924491077,132.0,0.9981378215841492,620.6140548281505,211.0,2.9412988380481067,198.97058559770423,205.0,0.9705882224278256,253.12949511254595,191.0,1.3252853147253716,254.8507492507493,191.0,1.3342971164960695
E:\N9_20251512_PKM2.lif,N9_20251512_PKM2,46,HAMI3379/6/R2,N9_20251512_PKM2_S47_HAMI3379_6_R2,13,6217,6204,6204,3138,0,1472,6204,5689,3138,4,6,0,28.5,1.0443262411347518,65,97.5,7.0,50.0,30.0,4,6,0,28.5,1.0443262411347518,65,97.5,7.0,50.0,30.0,5,32,7,9.25,1.3387507966857872,61,137.5,11.0,30.0,27.5,282.25203804347825,132.0,2.138273015480896,1640.5261121856863,211.0,7.775005271022211,343.3514799154334,205.0,1.674885267880163,243.90409413281756,191.0,1.276984786035694,,191.0,
E:\N9_20251512_PKM2.lif,N9_20251512_PKM2,46,HAMI3379/6/R2,N9_20251512_PKM2_S47_HAMI3379_6_R2,15,42178,38879,38234,30625,0,37730,6708,39375,30625,26,193,58,14.909090909090908,1.2253401579258725,173,647.5,20.0,120.0,82.5,34,244,74,12.464285714285714,1.2436836323690956,172,582.5,16.0,105.0,82.5,32,135,24,15.352941176470589,1.5433142857142856,178,757.5,17.0,115.0,85.0,772.6573813941161,132.0,5.853465010561486,415.3078413834228,211.0,1.9682836084522408,545.4283758624466,205.0,2.660626223719252,325.9493556933049,191.0,1.706541129284319,,191.0,
E:\N9_20251512_PKM2.lif,N9_20251512_PKM2,46,HAMI3379/6/R2,N9_20251512_PKM2_S47_HAMI3379_6_R2,16,6240,5875,5819,3789,0,0,5819,0,3789,5,13,5,18.1,1.0558297872340423,61,132.5,12.0,50.0,27.5,7,19,2,14.133333333333333,1.0659907200549923,61,137.5,12.0,50.0,27.5,5,9,3,17.571428571428573,1.188968065452626,57,102.5,6.0,40.0,25.0,148.64663829787233,132.0,1.1261108961960025,957.2904279085752,211.0,4.536921459282348,218.6915744680851,205.0,1.0667881681370004,233.9807659574468,191.0,1.225030188258884,,191.0,
E:\N9_20251512_PKM2.lif,N9_20251512_PKM2,46,HAMI3379/6/R2,N9_20251512_PKM2_S47_HAMI3379_6_R2,17,19478,17005,14238,15575,1,0,14238,5622,15575,21,61,8,13.26530612244898,1.2301675977653632,145,392.5,12.0,60.0,70.0,26,84,24,12.862068965517242,1.352928782132322,139,392.5,9.0,60.0,67.5,16,63,12,10.883720930232558,1.338170144462279,146,392.5,13.0,70.0,70.0,136.73713613643045,132.0,1.035887394972958,864.1441213653603,211.0,4.095469769504077,303.30646651270206,205.0,1.4795437390863515,327.4957953543076,191.0,1.7146376720120815,334.35158227848103,191.0,1.7505318443899531
E:\N9_20251512_PKM2.lif,N9_20251512_PKM2,46,HAMI3379/6/R2,N9_20251512_PKM2_S47_HAMI3379_6_R2,19,98938,66439,56833,46500,2,56833,0,82700,46500,48,305,80,15.676616915422883,1.5950270172639565,229,1512.5,17.0,145.0,112.5,42,267,69,16.13872832369942,1.7753945770942938,231,1377.5,17.0,145.0,112.5,78,383,74,10.939516129032258,2.229096774193549,233,1642.5,19.0,170.0,115.0,394.3753453099432,132.0,2.987692009923812,257.64794774153734,211.0,1.22108032104994,345.2282302381288,205.0,1.6840401475030673,269.44630412859914,191.0,1.4107136341811473,317.3127101546738,191.0,1.6613230898150462
E:\N9_20251512_PKM2.lif,N9_20251512_PKM2,46,HAMI3379/6/R2,N9_20251512_PKM2_S47_HAMI3379_6_R2,20,36842,27118,12713,25839,1,12713,0,24397,25839,24,92,14,17.294117647058822,1.4418467438601668,264,627.5,7.0,235.0,130.0,27,93,34,11.057971014492754,1.7268937308267127,133,507.5,11.0,50.0,62.5,21,73,12,19.49122807017544,1.5132164557451917,264,607.5,7.0,235.0,130.0,307.7877762919846,132.0,2.33172557796958,250.63352754627925,211.0,1.1878366234420816,336.61733688152964,205.0,1.6420357896659985,315.5019544214175,191.0,1.6518426933058508,338.0515577612352,191.0,1.7699034437761003
E:\N9_20251512_PKM2.lif,N9_20251512_PKM2,46,HAMI3379/6/R2,N9_20251512_PKM2_S47_HAMI3379_6_R2,21,20916,12837,194,12837,0,194,0,20504,12837,30,141,52,8.474747474747474,1.706629274752668,128,527.5,10.0,95.0,60.0,2,0,0,15.0,1.0824742268041236,21,42.5,8.0,10.0,7.5,30,141,52,8.474747474747474,1.706629274752668,128,527.5,10.0,95.0,60.0,238.23711340206185,132.0,1.8048266166822868,256.77907610812497,211.0,1.216962446010071,412.1651195720579,205.0,2.0105615588880874,290.5064267352185,191.0,1.5209760562053325,,191.0,
E:\N9_20251512_PKM2.lif,N9_20251512_PKM2,46,HAMI3379/6/R2,N9_20251512_PKM2_S47_HAMI3379_6_R2,22,54467,51008,46684,40432,2,46091,1982,48976,40432,18,149,34,19.01098901098901,1.1508782936010038,182,617.5,15.0,110.0,87.5,37,206,45,15.371428571428572,1.2298432010967355,182,777.5,20.0,115.0,87.5,40,165,33,12.359649122807015,1.450905223585279,193,907.5,16.0,95.0,90.42857142857144,554.9349981558222,132.0,4.2040530163319865,408.7078708375378,211.0,1.9370041271921223,350.6308128831034,205.0,1.7103942091858702,342.7711927540778,191.0,1.7946135746286795,434.66311138199,191.0,2.2757230962407853
E:\N9_20251512_PKM2.lif,N9_20251512_PKM2,46,HAMI3379/6/R2,N9_20251512_PKM2_S47_HAMI3379_6_R2,23,37645,31076,22263,24956,2,22263,0,24090,24956,23,139,25,15.709302325581396,1.2426953275839876,144,562.5,13.0,105.0,70.0,23,113,21,14.48051948051948,1.5768315141714953,145,602.5,15.0,70.0,70.0,28,136,33,13.128205128205128,1.5268071806379226,156,632.5,15.0,85.0,75.0,462.6861608947581,132.0,3.505198188596653,272.3082443042863,211.0,1.2905603995463806,335.6438946162657,205.0,1.6372872908110525,317.6103423864075,191.0,1.6628813737508248,359.3305541080424,191.0,1.8813118016127877
E:\N9_20251512_PKM2.lif,N9_20251512_PKM2,46,HAMI3379/6/R2,N9_20251512_PKM2_S47_HAMI3379_6_R2,24,56017,51401,48125,44162,4,47734,5124,48954,44162,22,88,23,21.20634920634921,1.2246454349137177,197,697.5,22.0,140.0,95.0,29,177,42,16.20689655172414,1.2823064935064936,194,712.5,13.0,120.0,95.0,25,65,9,22.822222222222223,1.4076808115574475,203,677.5,14.0,115.0,100.0,619.5660325973101,132.0,4.693682065131138,697.7956674473068,211.0,3.30708847131425,364.0906199964419,205.0,1.776051804860692,373.058812085368,191.0,1.953187497829152,436.4715920365104,191.0,2.285191581342986
E:\N9_20251512_PKM2.lif,N9_20251512_PKM2,46,HAMI3379/6/R2,N9_20251512_PKM2_S47_HAMI3379_6_R2,25,61609,51065,43274,38642,2,43274,0,52319,38642,34,159,31,17.982142857142858,1.3360031332615294,203,932.5,19.0,120.0,97.5,51,191,31,16.674242424242426,1.536234228405047,200,1157.5,16.0,120.0,97.5,31,152,29,16.31313131313131,1.6300139744319653,201,967.5,15.0,95.0,97.5,377.0359800342007,132.0,2.856333182077278,256.333006951924,211.0,1.214848374179735,343.45749858517263,205.0,1.6754024321227934,318.63626750220305,191.0,1.668252709435618,391.4303192506213,191.0,2.0493733992179126
E:\N9_20251512_PKM2.lif,N9_20251512_PKM2,46,HAMI3379/6/R2,N9_20251512_PKM2_S47_HAMI3379_6_R2,26,5688,5684,5682,3525,0,2428,5509,4075,3525,2,0,0,21.0,1.0184729064039408,56,97.5,12.0,45.0,25.0,2,0,0,47.0,1.0188313973952834,56,102.5,13.0,45.0,25.0,17,41,11,7.71875,1.5270921985815602,58,147.5,10.0,40.0,25.0,259.22693574958816,132.0,1.963840422345365,829.6019241241605,211.0,3.931762673574221,261.7408588957055,205.0,1.276784677540027,270.7640745953554,191.0,1.417612955996625,,191.0,
E:\N9_20251512_PKM2.lif,N9_20251512_PKM2,46,HAMI3379/6/R2,N9_20251512_PKM2_S47_HAMI3379_6_R2,27,15485,13569,9369,12290,0,9369,0,11683,12290,7,15,2,26.357142857142858,1.177537032942737,96,297.5,18.0,65.0,45.0,10,68,11,14.63888888888889,1.600917920802647,99,437.5,18.0,70.0,47.5,7,19,5,21.928571428571427,1.2803905614320583,98,287.5,19.0,65.0,47.5,367.0150496317643,132.0,2.7804170426648813,287.6015918638072,211.0,1.3630407197336831,277.64130841121494,205.0,1.3543478459083655,393.92991377404377,191.0,2.0624602815394963,,191.0,
E:\N9_20251512_PKM2.lif,N9_20251512_PKM2,46,HAMI3379/6/R2,N9_20251512_PKM2_S47_HAMI3379_6_R2,28,29129,24080,17876,20828,2,5076,14717,20361,20828,20,122,27,14.27027027027027,1.2526162790697677,134,467.5,11.0,90.0,65.0,25,123,22,11.825581395348838,1.386663683150593,119,417.5,13.0,85.0,57.5,25,109,29,14.101449275362318,1.4458421355867102,134,532.5,12.0,90.0,65.0,259.8583530338849,132.0,1.9686238866203405,619.4216892029625,211.0,2.9356478161277844,273.134191702432,205.0,1.332361910743571,327.430938538206,191.0,1.7142981075298742,349.49975732082186,191.0,1.8298416613655597
E:\N9_20251512_PKM2.lif,N9_20251512_PKM2,46,HAMI3379/6/R2,N9_20251512_PKM2_S47_HAMI3379_6_R2,29,23531,23451,12470,23451,1,154,12470,21109,23451,3,1,0,41.333333333333336,1.056628715193382,112,222.5,8.0,85.0,52.5,29,129,24,8.545454545454545,1.5619887730553328,110,422.5,10.0,85.0,52.5,3,1,0,41.333333333333336,1.056628715193382,112,222.5,8.0,85.0,52.5,205.6883116883117,132.0,1.5582447855175128,430.3020850040096,211.0,2.039346374426586,275.2719897523484,205.0,1.3427901939138946,461.8736088013304,191.0,2.418186433514819,542.6004891062695,191.0,2.8408402571008877
E:\N9_20251512_PKM2.lif,N9_20251512_PKM2,46,HAMI3379/6/R2,N9_20251512_PKM2_S47_HAMI3379_6_R2,30,35899,29189,25657,18486,1,25657,0,28848,18486,23,107,14,19.054794520547944,1.2827434992634212,150,702.5,13.0,115.0,72.5,23,90,33,18.797101449275363,1.4469735354873914,221,737.5,15.0,145.0,112.25,32,102,15,14.554054054054054,1.873255436546576,136,737.5,15.0,95.0,65.0,386.9061074950306,132.0,2.931106874962353,248.22326903970676,211.0,1.1764135973445815,313.5154161321028,205.0,1.5293434933273309,271.5339682757203,191.0,1.4216438129618865,316.7708492731446,191.0,1.6584861218489246
E:\N9_20251512_PKM2.lif,N9_20251512_PKM2,46,HAMI3379/6/R2,N9_20251512_PKM2_S47_HAMI3379_6_R2,31,85563,66684,61702,43861,2,60515,9411,60451,43861,40,230,31,18.61379310344828,1.7359036650470878,233,1277.5,16.0,145.0,115.0,52,255,33,16.726190476190474,1.854332112411267,235,1427.5,15.0,140.0,115.0,58,197,37,14.020833333333334,2.445749070928616,224,1382.5,14.0,120.0,110.0,498.0554077501446,132.0,3.773147028410186,638.2409945808097,211.0,3.024838836875875,333.58816218418906,205.0,1.6272593277277516,269.13325535360804,191.0,1.4090746353592043,334.7002870813397,191.0,1.7523575239860718
E:\N9_20251512_PKM2.lif,N9_20251512_PKM2,46,HAMI3379/6/R2,N9_20251512_PKM2_S47_HAMI3379_6_R2,32,47881,35463,33882,27012,1,17710,24542,33706,27012,30,154,27,16.03061224489796,1.3780278036263147,176,717.5,13.0,120.0,85.0,34,148,29,15.747474747474747,1.4391417271707692,177,752.5,12.0,95.0,85.0,30,173,36,12.357798165137616,1.623685769287724,170,882.5,17.0,80.0,82.5,315.05025409373235,132.0,2.386744349194942,550.1206503137479,211.0,2.607206873524872,380.39239064398544,205.0,1.855572637287734,292.5128443730085,191.0,1.5314808605916674,369.7617414248021,191.0,1.935925347773833
E:\N9_20251512_PKM2.lif,N9_20251512_PKM2,46,HAMI3379/6/R2,N9_20251512_PKM2_S47_HAMI3379_6_R2,33,6679,4575,3574,3745,0,0,3574,0,3745,12,28,8,11.91304347826087,1.2675409836065574,67,167.5,7.0,35.0,30.0,7,27,8,11.136363636363637,1.344711807498601,63,142.5,7.0,30.0,27.5,13,29,5,9.454545454545457,1.4080106809078772,63,182.5,9.0,40.0,30.0,163.92393442622952,132.0,1.2418479880774964,403.34555120313377,211.0,1.9115902900622448,217.21726775956284,205.0,1.0595964280954284,245.7296174863388,191.0,1.2865424999284754,,191.0,
E:\N9_20251512_PKM2.lif,N9_20251512_PKM2,46,HAMI3379/6/R2,N9_20251512_PKM2_S47_HAMI3379_6_R2,34,35512,27338,25616,19394,1,25595,201,14608,19394,25,79,13,18.016393442622952,1.429475455410052,194,702.5,18.0,90.0,95.0,30,84,12,15.757575757575758,1.5005465334166146,194,657.5,15.0,90.0,95.0,27,117,22,13.86842105263158,1.9553985768794475,191,597.5,11.0,95.0,92.5,700.1532721234616,132.0,5.30419145548077,349.636815920398,211.0,1.6570465209497536,280.0035725885028,205.0,1.3658710857975744,288.5028897505304,191.0,1.5104863337724106,354.49705232129696,191.0,1.8560055095355863
E:\N9_20251512_PKM2.lif,N9_20251512_PKM2,46,HAMI3379/6/R2,N9_20251512_PKM2_S47_HAMI3379_6_R2,35,9320,7681,7138,6500,1,0,7138,0,6500,11,51,8,13.424242424242424,1.1553183179273532,72,157.5,10.0,50.0,32.5,18,68,27,9.0,1.228075091061922,71,202.5,13.0,50.0,32.5,13,41,10,11.818181818181818,1.2792307692307692,69,222.5,13.0,45.0,32.5,164.24645228485875,132.0,1.2442913051883238,517.8290837769683,211.0,2.4541662738244945,211.24697305038407,205.0,1.0304730392701662,275.85197239942715,191.0,1.4442511643949063,264.6204217536071,191.0,1.3854472343120792
E:\N9_20251512_PKM2.lif,N9_20251512_PKM2,46,HAMI3379/6/R2,N9_20251512_PKM2_S47_HAMI3379_6_R2,37,4392,3739,3080,3547,0,0,3080,0,3547,5,9,1,21.857142857142858,1.2447178389943836,66,132.5,6.0,30.0,30.0,5,17,4,10.75,1.2538961038961038,62,107.5,4.0,35.0,27.5,6,14,3,14.636363636363637,1.3075838736960812,65,117.5,4.0,30.0,30.0,154.3054292591602,132.0,1.1689805246906075,569.0175324675324,211.0,2.696765556718163,223.5710082909869,205.0,1.0905902843462776,344.0673976999197,191.0,1.801399987957695,,191.0,
E:\N9_20251512_PKM2.lif,N9_20251512_PKM2,46,HAMI3379/6/R2,N9_20251512_PKM2_S47_HAMI3379_6_R2,38,12403,8705,7124,4996,1,547,6898,2122,4996,12,44,6,13.030303030303031,1.423090178058587,92,275.0,8.0,45.0,42.5,17,65,13,9.26086956521739,1.7192588433464346,93,292.5,10.0,45.0,45.0,9,23,3,13.789473684210526,1.7431945556445156,116,220.0,7.0,70.0,57.25,225.3144424131627,132.0,1.7069275940391115,451.7929834734706,211.0,2.1411989738079176,269.7737397420868,205.0,1.3159694621565208,215.09236071223435,191.0,1.1261380142001798,215.06438631790743,191.0,1.1259915514026568
E:\N9_20251512_PKM2.lif,N9_20251512_PKM2,46,HAMI3379/6/R2,N9_20251512_PKM2_S47_HAMI3379_6_R2,39,117599,86370,84275,51649,4,84275,0,65917,51649,46,210,39,19.7843137254902,1.5490100729419938,298,1427.5,17.0,180.0,145.0,45,264,51,18.59036144578313,1.5548027291604865,295,1522.5,20.0,160.0,145.0,35,133,21,17.86021505376344,1.718329493310616,253,942.5,17.0,120.0,122.5,689.624894690003,132.0,5.224431020378811,210.7022808845664,211.0,0.9985890089315944,342.0434364724728,205.0,1.668504568158404,304.4767164524719,191.0,1.5941189343061355,409.24448651206814,191.0,2.1426412906391
E:\N9_20251512_PKM2.lif,N9_20251512_PKM2,46,HAMI3379/6/R2,N9_20251512_PKM2_S47_HAMI3379_6_R2,40,29534,19211,14569,12374,1,12901,2727,16208,12374,21,81,25,14.983333333333333,1.5060642340325856,128,517.5,12.0,95.0,60.0,17,54,16,17.29268292682927,1.465783512938431,108,377.5,9.0,65.0,52.5,23,91,23,11.770491803278688,1.8981735897850327,129,482.5,10.0,90.0,62.5,330.97868382295945,132.0,2.5074142713860565,434.1067106710671,211.0,2.0573777756922613,298.8920519847936,205.0,1.4580100096819195,238.04492218000104,191.0,1.2463084930890107,242.08581818181815,191.0,1.267465016658734
E:\N9_20251512_PKM2.lif,N9_20251512_PKM2,46,HAMI3379/6/R2,N9_20251512_PKM2_S47_HAMI3379_6_R2,41,18603,13061,11208,8820,0,11208,0,12772,8820,9,68,20,14.804878048780488,1.2633795268356174,100,332.5,14.0,75.0,47.5,11,69,24,13.0625,1.4358493932905068,98,327.5,9.0,70.0,47.5,9,38,9,15.92,1.4348072562358276,98,262.5,8.0,45.0,47.5,482.6191113490364,132.0,3.656205389007852,248.72184365668784,211.0,1.1787765102212693,324.0179372197309,205.0,1.5805753035108825,251.5368654773754,191.0,1.3169469396721225,,191.0,
E:\N9_20251512_PKM2.lif,N9_20251512_PKM2,46,HAMI3379/6/R2,N9_20251512_PKM2_S47_HAMI3379_6_R2,42,14220,8675,6497,7213,1,57,6497,446,7213,10,42,8,16.14814814814815,1.3226512968299713,80,267.5,11.0,65.0,37.5,11,25,3,17.15,1.478836386024319,80,227.5,8.0,45.0,37.5,15,47,10,11.088235294117649,1.524192430334119,80,252.5,10.0,65.0,37.5,250.859649122807,132.0,1.9004518872939928,500.87301831614593,211.0,2.37380577401017,244.58189655172413,205.0,1.1930824222035323,246.90743515850144,191.0,1.292709084599484,243.0213343677269,191.0,1.272363007160874
E:\N9_20251512_PKM2.lif,N9_20251512_PKM2,46,HAMI3379/6/R2,N9_20251512_PKM2_S47_HAMI3379_6_R2,43,17450,12205,2903,10781,1,2903,0,1316,10781,23,130,55,9.134831460674157,1.4158951249487914,104,477.5,13.0,65.0,50.0,10,35,13,9.16,3.5704443678952806,132,212.5,6.0,110.0,65.83333333333333,24,112,46,8.4875,1.480567665337167,104,412.5,11.0,50.0,50.0,220.5545986910093,132.0,1.6708681719015854,208.5877099549365,211.0,0.988567345757993,270.88184747583244,205.0,1.321374865735768,278.2294961081524,191.0,1.4566989325034156,319.0534879974223,191.0,1.670437109934148
E:\N9_20251512_PKM2.lif,N9_20251512_PKM2,46,HAMI3379/6/R2,N9_20251512_PKM2_S47_HAMI3379_6_R2,44,6711,3797,0,3797,0,0,0,0,3797,4,22,2,13.666666666666666,1.2322886489333684,57,92.5,4.0,35.0,25.0,0,0,0,0.0,,0,0.0,0.0,,,4,22,2,13.666666666666666,1.2322886489333684,57,92.5,4.0,35.0,25.0,139.69159863049777,132.0,1.05826968659468,386.9107189886753,211.0,1.8337000899937217,190.89544377139848,205.0,0.9311972866897488,237.4055833552805,191.0,1.2429611693993745,,191.0,
E:\N9_20251512_PKM2.lif,N9_20251512_PKM2,50,HAMI3379/6/R10,N9_20251512_PKM2_S51_HAMI3379_6_R10,1,28378,9479,9099,7347,1,0,9099,0,7347,13,51,14,12.567567567567568,1.502162675387699,114,337.5,10.0,65.0,55.0,13,25,9,16.84,1.564897241455105,111,312.5,9.0,60.0,52.5,6,44,12,11.62962962962963,1.4465768340819385,109,262.5,11.0,35.0,52.5,110.3523578436544,110.0,1.0032032531241308,581.601604571931,198.0,2.937381841272379,173.85072265006858,193.0,0.9007809463734124,292.0093891760734,157.0,1.8599324151342251,297.4437127626215,157.0,1.8945459411631944
E:\N9_20251512_PKM2.lif,N9_20251512_PKM2,50,HAMI3379/6/R10,N9_20251512_PKM2_S51_HAMI3379_6_R10,2,27155,15461,13598,8617,1,0,13598,0,8617,19,96,25,12.484848484848484,1.8775629002005043,179,492.5,12.0,90.0,87.5,19,98,26,11.515151515151516,1.6942932784232976,134,407.5,8.0,65.0,65.0,4,44,18,16.166666666666668,1.7898340489729605,161,282.5,4.0,55.0,77.5,116.54155617359808,110.0,1.0594686924872554,722.9181497279012,198.0,3.6511017663025314,191.7948386262208,193.0,0.9937556405503668,246.0381605329539,157.0,1.5671220416111713,375.96373429084383,157.0,2.3946734668206613
E:\N9_20251512_PKM2.lif,N9_20251512_PKM2,50,HAMI3379/6/R10,N9_20251512_PKM2_S51_HAMI3379_6_R10,3,16031,10363,0,10363,1,0,0,70,10363,34,94,36,9.264705882352942,1.326063881115507,101,357.5,15.0,55.0,47.5,0,0,0,0.0,,0,0.0,0.0,,,34,94,36,9.264705882352942,1.326063881115507,101,357.5,15.0,55.0,47.5,115.25687542217504,110.0,1.0477897765652278,204.35057415806236,198.0,1.0320736068589007,339.87142857142857,193.0,1.7609918578830497,429.0992955707807,157.0,2.733116532297966,447.9554597701149,157.0,2.853219488981624
E:\N9_20251512_PKM2.lif,N9_20251512_PKM2,50,HAMI3379/6/R10,N9_20251512_PKM2_S51_HAMI3379_6_R10,4,43733,36035,21970,33783,3,0,21970,3030,33783,32,108,20,15.786666666666669,1.21520743721382,153,562.5,12.0,100.0,72.5,82,239,100,8.73936170212766,1.712972234865726,147,1017.5,16.0,60.0,70.0,27,95,19,16.59090909090909,1.2804073054494864,151,627.5,14.0,110.0,72.5,127.43652004995144,110.0,1.1585138186359225,541.8223941738735,198.0,2.7364767382518864,260.8290909090909,193.0,1.3514460668864814,447.52535035382266,157.0,2.85047993855938,574.4610841192722,157.0,3.6589877969380393
E:\N9_20251512_PKM2.lif,N9_20251512_PKM2,50,HAMI3379/6/R10,N9_20251512_PKM2_S51_HAMI3379_6_R10,5,18258,11977,0,11977,1,0,0,0,11977,31,86,37,9.056338028169014,1.3210319779577524,91,357.5,20.0,60.0,42.5,0,0,0,0.0,,0,0.0,0.0,,,31,86,37,9.056338028169014,1.3210319779577524,91,357.5,20.0,60.0,42.5,118.70134424313268,110.0,1.0791031294830242,220.0049261083744,198.0,1.1111359904463352,193.93562661768388,193.0,1.004847806309243,453.7035150705519,157.0,2.889831306181859,399.26443001443,157.0,2.543085541493185
E:\N9_20251512_PKM2.lif,N9_20251512_PKM2,50,HAMI3379/6/R10,N9_20251512_PKM2_S51_HAMI3379_6_R10,6,34480,25372,15130,24397,1,0,15130,22382,24397,12,28,7,25.0,1.191707393977613,148,382.5,11.0,100.0,70.0,21,57,16,14.325581395348838,1.54256444150694,130,402.5,8.0,70.0,62.5,12,45,14,19.5,1.1842849530680002,146,407.5,9.0,90.0,70.0,189.8378921645909,110.0,1.725799019678099,638.5829477858559,198.0,3.2251664029588683,313.6271176539315,193.0,1.6250109723001631,463.8189736717641,157.0,2.954260978801045,394.7492314448836,157.0,2.5143263149355644
E:\N9_20251512_PKM2.lif,N9_20251512_PKM2,50,HAMI3379/6/R10,N9_20251512_PKM2_S51_HAMI3379_6_R10,7,18967,5553,0,5553,1,0,0,0,5553,11,33,1,12.416666666666666,1.4361606338915902,77,212.5,7.0,40.0,35.0,0,0,0,0.0,,0,0.0,0.0,,,11,33,1,12.416666666666666,1.4361606338915902,77,212.5,7.0,40.0,35.0,128.42841707185306,110.0,1.167531064289573,272.3760129659643,198.0,1.375636429121032,199.4950477219521,193.0,1.0336530970049331,286.1233567441023,157.0,1.8224417627012883,270.55733005733003,157.0,1.7232950959065607
E:\N9_20251512_PKM2.lif,N9_20251512_PKM2,50,HAMI3379/6/R10,N9_20251512_PKM2_S51_HAMI3379_6_R10,8,9564,4773,0,4773,1,0,0,0,4773,15,50,11,8.617647058823529,1.5989943431803897,77,257.5,13.0,40.0,35.0,0,0,0,0.0,,0,0.0,0.0,,,15,50,11,8.617647058823529,1.5989943431803897,77,257.5,13.0,40.0,35.0,113.3574271946365,110.0,1.0305220654057865,238.33019065577204,198.0,1.2036878315948083,190.46909700398072,193.0,0.9868865129739932,243.9415461973601,157.0,1.5537678101742685,229.2393078681032,157.0,1.4601229800516125
E:\N9_20251512_PKM2.lif,N9_20251512_PKM2,50,HAMI3379/6/R10,N9_20251512_PKM2_S51_HAMI3379_6_R10,9,42281,20381,20180,5658,1,0,20180,0,5658,31,148,43,12.05940594059406,2.0359648692409595,230,757.5,12.0,70.0,112.5,32,149,42,11.980582524271844,2.045292368681863,229,692.5,10.0,75.0,112.5,8,18,8,15.928571428571429,1.8308589607635208,123,187.5,7.0,45.0,57.5,118.13100436681222,110.0,1.0739182215164746,522.1219524281466,198.0,2.6369795577179125,201.75894215200432,193.0,1.0453831199585717,210.5346155733281,157.0,1.3409848125689687,269.29609929078015,157.0,1.7152617789221665
E:\N9_20251512_PKM2.lif,N9_20251512_PKM2,50,HAMI3379/6/R10,N9_20251512_PKM2_S51_HAMI3379_6_R10,10,67414,16145,14719,11326,1,14719,0,30102,11326,29,91,28,12.928571428571429,1.8418086094766184,132,642.5,14.0,80.0,62.5,28,103,34,11.628205128205128,1.9872273931652968,131,552.5,11.0,65.0,62.5,21,95,38,10.688524590163937,1.5377008652657602,112,372.5,11.0,80.0,52.5,284.63156464433723,110.0,2.587559678584884,223.0030349953546,198.0,1.126277954521993,355.45566697929445,193.0,1.8417392071466037,301.4580365438216,157.0,1.920114882444724,428.07070707070704,157.0,2.7265650131892167
E:\N9_20251512_PKM2.lif,N9_20251512_PKM2,50,HAMI3379/6/R10,N9_20251512_PKM2_S51_HAMI3379_6_R10,11,54696,8856,4177,8637,1,0,4177,0,8637,35,108,32,7.753246753246753,2.5752032520325203,192,562.5,9.0,30.0,92.5,10,20,7,12.470588235294118,1.388795786449605,67,152.5,5.0,35.0,30.0,36,105,43,7.653846153846154,2.640500173671413,192,562.5,9.0,30.0,92.5,112.22685185185183,110.0,1.0202441077441078,429.0641608810151,198.0,2.166990711520278,197.06458897922312,193.0,1.021060046524472,255.50011291779583,157.0,1.6273892542534767,254.32671300893745,157.0,1.619915369483678
E:\N9_20251512_PKM2.lif,N9_20251512_PKM2,50,HAMI3379/6/R10,N9_20251512_PKM2_S51_HAMI3379_6_R10,12,22213,9628,9201,4815,1,0,9201,79,4815,12,64,14,12.58974358974359,1.751973410884919,133,342.5,8.0,50.0,62.5,13,75,16,11.595238095238097,1.8332789914139769,135,392.5,10.0,45.0,65.0,5,25,5,11.941176470588236,1.1607476635514018,69,157.5,6.0,45.0,32.5,116.676983797258,110.0,1.0606998527023457,478.0627105749375,198.0,2.414458134216856,202.3918778562526,193.0,1.0486625795660756,221.5441420855837,157.0,1.411109185258495,234.3294820717132,157.0,1.4925444717943512
E:\N9_20251512_PKM2.lif,N9_20251512_PKM2,50,HAMI3379/6/R10,N9_20251512_PKM2_S51_HAMI3379_6_R10,13,94332,33381,32684,11788,1,0,32684,2787,11788,56,271,46,13.034883720930232,2.5417153470537133,225,1562.5,15.0,85.0,110.0,53,268,46,12.916666666666666,2.4687002814832946,225,1487.5,15.0,85.0,110.0,18,65,27,16.27659574468085,4.295639633525619,214,572.5,8.0,60.0,105.0,116.47919475150536,110.0,1.0589017704682304,489.83686207318567,198.0,2.47392354582417,272.2413793103448,193.0,1.410577094872253,208.31392109283723,157.0,1.3268402617378168,282.8986212489862,157.0,1.8019020461718869
E:\N9_20251512_PKM2.lif,N9_20251512_PKM2,50,HAMI3379/6/R10,N9_20251512_PKM2_S51_HAMI3379_6_R10,15,78223,38371,33499,25440,2,33499,0,38232,25440,40,183,40,13.910569105691057,1.5677464752026269,177,772.5,17.0,110.0,85.0,44,216,52,12.71830985915493,1.63016806471835,167,867.5,24.0,100.0,80.0,38,189,65,10.904761904761903,1.7346698113207548,178,742.5,13.0,115.0,87.5,313.36007044986417,110.0,2.8487279131805834,219.9492064319408,198.0,1.1108545779390948,297.7800867365378,193.0,1.542902003816258,285.9595788486096,157.0,1.821398591392418,375.95941176470586,157.0,2.394645934807044
E:\N9_20251512_PKM2.lif,N9_20251512_PKM2,50,HAMI3379/6/R10,N9_20251512_PKM2_S51_HAMI3379_6_R10,16,21655,11605,664,11324,1,664,0,8495,11324,18,100,24,9.81967213114754,1.2937526928048255,116,352.5,16.0,55.0,55.0,6,12,3,6.777777777777778,2.463855421686747,98,52.5,2.0,60.0,60.55555555555556,17,91,23,10.12280701754386,1.3237371953373367,117,322.5,9.0,70.0,55.0,225.50602409638557,110.0,2.050054764512596,231.6618698836708,198.0,1.1700094438569233,275.8349004424779,193.0,1.4291963753496262,382.8533390779836,157.0,2.4385562998597683,504.3851203501094,157.0,3.212644078663117
E:\N9_20251512_PKM2.lif,N9_20251512_PKM2,50,HAMI3379/6/R10,N9_20251512_PKM2_S51_HAMI3379_6_R10,17,11914,5905,1049,5905,1,0,1049,2383,5905,10,86,35,7.160714285714286,1.2204911092294666,74,182.5,7.0,50.0,35.0,5,10,6,7.555555555555555,1.3298379408960914,41,62.5,5.0,20.0,17.5,10,86,35,7.160714285714286,1.2204911092294666,74,182.5,7.0,50.0,35.0,119.697883149873,110.0,1.0881625740897545,371.0810295519543,198.0,1.8741466138987588,268.95022222222224,193.0,1.393524467472654,320.301100762066,157.0,2.0401343997583825,276.45541125541126,157.0,1.7608624920726832
E:\N9_20251512_PKM2.lif,N9_20251512_PKM2,50,HAMI3379/6/R10,N9_20251512_PKM2_S51_HAMI3379_6_R10,19,16196,9039,334,9020,1,0,334,0,9020,10,30,8,14.333333333333334,1.2581037725412103,97,207.5,5.0,60.0,45.0,8,6,1,4.285714285714286,5.523952095808383,63,62.5,6.0,10.0,34.285714285714285,9,27,8,15.5,1.2607538802660754,97,207.5,5.0,60.0,45.0,116.17324925323598,110.0,1.0561204477566908,352.7215568862275,198.0,1.7814220044758966,212.02478150237857,193.0,1.0985739974216506,384.2644097798429,157.0,2.447544011336579,377.6014141414141,157.0,2.4051045486714275
E:\N9_20251512_PKM2.lif,N9_20251512_PKM2,50,HAMI3379/6/R10,N9_20251512_PKM2_S51_HAMI3379_6_R10,20,7746,4994,0,4994,1,0,0,0,4994,6,22,2,14.2,1.1952342811373649,63,132.5,9.0,45.0,30.0,0,0,0,0.0,,0,0.0,0.0,,,6,22,2,14.2,1.1952342811373649,63,132.5,9.0,45.0,30.0,124.69263115738886,110.0,1.1335693741580806,230.64156988386063,198.0,1.1648564135548516,195.40008009611532,193.0,1.0124356481664007,307.6932318782539,157.0,1.959829502409261,261.6549180327869,157.0,1.6665918346037385
E:\N9_20251512_PKM2.lif,N9_20251512_PKM2,50,HAMI3379/6/R10,N9_20251512_PKM2_S51_HAMI3379_6_R10,21,59502,40097,32576,25490,2,0,32576,0,25490,63,328,65,10.744186046511627,1.5851061176646633,188,1122.5,21.0,95.0,92.5,75,399,84,8.883064516129032,1.6970776031434185,176,1062.5,20.0,100.0,85.0,31,98,22,16.4,1.9984307571596704,177,887.5,15.0,105.0,85.0,117.37770905554032,110.0,1.0670700823230936,496.1017313359529,198.0,2.505564299676529,218.5168466468813,193.0,1.132211640657416,280.4416539890765,157.0,1.786252573178831,383.6529661597479,157.0,2.443649465985656
E:\N9_20251512_PKM2.lif,N9_20251512_PKM2,50,HAMI3379/6/R10,N9_20251512_PKM2_S51_HAMI3379_6_R10,22,20841,16629,14068,12529,1,0,14068,0,12529,20,137,45,10.73404255319149,1.314390522581033,119,427.5,14.0,85.0,57.5,24,140,48,10.307692307692308,1.4854990048336651,111,447.5,14.0,65.0,52.5,16,77,21,13.11111111111111,1.701332907654242,124,477.5,14.0,85.0,60.0,114.19117204883035,110.0,1.038101564080276,569.1329968723344,198.0,2.8744090751128,206.27494136749053,193.0,1.0687820796243033,286.9588670395093,157.0,1.8277634843280848,293.8304015930965,157.0,1.8715312203381944
E:\N9_20251512_PKM2.lif,N9_20251512_PKM2,50,HAMI3379/6/R10,N9_20251512_PKM2_S51_HAMI3379_6_R10,23,17860,7741,0,7741,1,0,0,0,7741,4,12,2,35.5,1.5385609094432244,128,242.5,4.0,85.0,62.5,0,0,0,0.0,,0,0.0,0.0,,,4,12,2,35.5,1.5385609094432244,128,242.5,4.0,85.0,62.5,124.87288464022735,110.0,1.135208042183885,235.34362485466997,198.0,1.1886041659326765,248.9483270895233,193.0,1.289887705127064,249.5218963958145,157.0,1.5893114420115573,254.7912669533576,157.0,1.6228743118048254
E:\N9_20251512_PKM2.lif,N9_20251512_PKM2,50,HAMI3379/6/R10,N9_20251512_PKM2_S51_HAMI3379_6_R10,24,39176,21850,19278,11634,1,0,19278,0,11634,30,86,19,16.3015873015873,1.6247139588100687,180,537.5,11.0,75.0,87.5,29,108,24,12.921052631578949,1.4938271604938271,146,572.5,22.0,65.0,70.0,17,59,7,16.475,2.191249785112601,168,482.5,9.0,60.0,82.5,130.35212814645308,110.0,1.1850193467859371,687.3901857039112,198.0,3.471667604565208,220.13052631578947,193.0,1.1405726752113443,252.31546910755148,157.0,1.6071048987742131,319.7902321857486,157.0,2.0368804597818384
E:\N9_20251512_PKM2.lif,N9_20251512_PKM2,50,HAMI3379/6/R10,N9_20251512_PKM2_S51_HAMI3379_6_R10,25,67695,28390,27841,15251,1,27128,1501,181,15251,23,118,37,18.102564102564106,1.723212398731948,177,747.5,12.0,105.0,85.0,22,143,36,16.391304347826086,1.664846808663482,164,777.5,13.0,65.0,80.0,18,66,24,17.80851063829787,2.1038620418333225,170,597.5,10.0,65.0,82.5,305.813145089944,110.0,2.7801195008176727,425.2245169886742,198.0,2.14759857064987,280.61878453038673,193.0,1.4539833395356825,235.9962310672772,157.0,1.5031607074348867,351.8445678033307,157.0,2.2410482025689853
E:\N9_20251512_PKM2.lif,N9_20251512_PKM2,50,HAMI3379/6/R10,N9_20251512_PKM2_S51_HAMI3379_6_R10,26,33957,9097,0,9097,1,0,0,5458,9097,11,47,12,13.533333333333331,1.2966912168846874,89,252.5,15.0,60.0,42.5,0,0,0,0.0,,0,0.0,0.0,,,11,47,12,13.533333333333331,1.2966912168846874,89,252.5,15.0,60.0,42.5,152.32318346707706,110.0,1.384756213337064,329.6224029899967,198.0,1.6647596110605896,270.9162633107454,193.0,1.4037112088639658,266.1803891392767,157.0,1.6954164913329728,276.72971014492754,157.0,1.7626096187575002
E:\N9_20251512_PKM2.lif,N9_20251512_PKM2,50,HAMI3379/6/R10,N9_20251512_PKM2_S51_HAMI3379_6_R10,27,12171,7629,0,7629,1,0,0,0,7629,2,44,24,11.964285714285714,1.2144448813737057,101,222.5,9.0,70.0,47.5,0,0,0,0.0,,0,0.0,0.0,,,2,44,24,11.964285714285714,1.2144448813737057,101,222.5,9.0,70.0,47.5,120.08297286669288,110.0,1.091663389697208,220.45313933674137,198.0,1.113399693619906,209.55210381439244,193.0,1.0857621959294943,311.09804692620264,157.0,1.9815162224598892,297.3804487179487,157.0,1.8941429854646412
E:\N9_20251512_PKM2.lif,N9_20251512_PKM2,50,HAMI3379/6/R10,N9_20251512_PKM2_S51_HAMI3379_6_R10,28,70767,14964,7892,14709,1,7892,0,4258,14709,11,55,13,18.486486486486488,1.6271718791766907,126,417.5,11.0,70.0,60.0,26,78,20,10.314814814814817,1.940952863659402,100,387.5,9.0,50.0,47.5,12,56,14,17.128205128205128,1.6343055272282276,127,342.5,8.0,65.0,60.0,256.8310947795236,110.0,2.3348281343593054,257.43577920342153,198.0,1.3001807030475836,234.38525795241915,193.0,1.2144313883545037,313.8708233092756,157.0,1.9991772185304175,339.4042813455657,157.0,2.161810709207425
E:\N9_20251512_PKM2.lif,N9_20251512_PKM2,50,HAMI3379/6/R10,N9_20251512_PKM2_S51_HAMI3379_6_R10,29,67296,17008,12147,12794,1,12147,0,0,12794,25,148,35,10.62135922330097,1.809442615239887,219,572.5,11.0,50.0,107.5,23,126,33,9.741176470588234,1.605087675969375,119,507.5,11.0,60.0,57.5,18,61,9,17.0,2.2858371111458498,212,617.5,13.0,40.0,102.5,260.4633242775994,110.0,2.367848402523631,215.86159454374413,198.0,1.0902100734532532,240.067380056444,193.0,1.2438724355256168,229.2066674506115,157.0,1.4599150793032578,265.9895600298285,157.0,1.6942010192982708
E:\N9_20251512_PKM2.lif,N9_20251512_PKM2,50,HAMI3379/6/R10,N9_20251512_PKM2_S51_HAMI3379_6_R10,30,29083,6511,0,6511,1,0,0,1533,6511,12,69,13,8.973684210526315,1.4569190600522193,85,212.5,8.0,40.0,40.0,0,0,0,0.0,,0,0.0,0.0,,,12,69,13,8.973684210526315,1.4569190600522193,85,212.5,8.0,40.0,40.0,139.8769774228229,110.0,1.2716088856620265,225.28720626631852,198.0,1.1378141730622149,224.4508393285372,193.0,1.162957716728172,338.44923974811854,157.0,2.1557276417077613,305.76662143826326,157.0,1.947558098332887
E:\N9_20251512_PKM2.lif,N9_20251512_PKM2,50,HAMI3379/6/R10,N9_20251512_PKM2_S51_HAMI3379_6_R10,31,20731,9735,0,9735,1,0,0,8452,9735,17,75,13,10.339622641509434,1.4547508988186957,106,327.5,14.0,60.0,50.0,0,0,0,0.0,,0,0.0,0.0,,,17,75,13,10.339622641509434,1.4547508988186957,106,327.5,14.0,60.0,50.0,120.90333846944016,110.0,1.0991212588130923,223.80123266563945,198.0,1.130309255887068,268.37187302922007,193.0,1.3905278395296377,318.16620441705186,157.0,2.0265363338665723,330.0791104629967,157.0,2.10241471632482
E:\N9_20251512_PKM2.lif,N9_20251512_PKM2,50,HAMI3379/6/R10,N9_20251512_PKM2_S51_HAMI3379_6_R10,32,30046,11817,10787,8806,0,0,10787,0,8806,25,119,32,9.31578947368421,1.300922399932301,106,332.5,15.0,60.0,50.0,30,136,45,9.134146341463415,1.2727357003800872,103,362.5,15.0,55.0,47.5,13,78,17,10.829787234042554,1.4193731546672723,103,307.5,9.0,45.0,50.0,133.14140644833714,110.0,1.2103764222576103,582.7197552609623,198.0,2.943029066974557,223.7758314292968,193.0,1.1594602664730402,287.8002030972328,157.0,1.833122312721228,,157.0,
E:\N9_20251512_PKM2.lif,N9_20251512_PKM2,50,HAMI3379/6/R10,N9_20251512_PKM2_S51_HAMI3379_6_R10,33,55092,8112,5424,7792,1,5424,0,0,7792,12,45,10,12.290322580645162,1.1802268244575935,85,207.5,8.0,45.0,40.0,19,45,10,9.2,1.3460545722713864,90,257.5,13.0,35.0,42.5,7,30,3,16.714285714285715,1.194558521560575,83,202.5,11.0,45.0,37.5,263.9760324483776,110.0,2.3997821131670687,234.23311143984225,198.0,1.1829955123224354,218.19501972386587,193.0,1.1305441436469734,280.67085798816566,157.0,1.7877124712622017,273.6650422352177,157.0,1.7430894409886477
E:\N9_20251512_PKM2.lif,N9_20251512_PKM2,50,HAMI3379/6/R10,N9_20251512_PKM2_S51_HAMI3379_6_R10,34,6893,5076,0,5076,1,0,0,785,5076,2,10,3,20.75,1.13672182821119,59,157.5,12.0,40.0,27.5,0,0,0,0.0,,0,0.0,0.0,,,2,10,3,20.75,1.13672182821119,59,157.5,12.0,40.0,27.5,117.7846729708432,110.0,1.070769754280393,203.42474389282896,198.0,1.0273976964284293,285.94267515923565,193.0,1.4815682650737598,410.9245468873128,157.0,2.617353801830018,346.3876993166287,157.0,2.206291078449864
E:\N9_20251512_PKM2.lif,N9_20251512_PKM2,50,HAMI3379/6/R10,N9_20251512_PKM2_S51_HAMI3379_6_R10,35,40124,12469,0,12469,2,0,0,10027,12469,11,73,19,13.177777777777775,1.457855481594354,106,337.5,9.0,40.0,50.0,0,0,0,0.0,,0,0.0,0.0,,,11,73,19,13.177777777777775,1.457855481594354,106,337.5,9.0,40.0,50.0,120.52658593311412,110.0,1.0956962357555828,241.7545111877456,198.0,1.220982379736089,280.18524297815424,193.0,1.4517370102495035,313.71697810570214,157.0,1.9981973127751729,289.0288370328211,157.0,1.8409480065784785
E:\N9_20251512_PKM2.lif,N9_20251512_PKM2,50,HAMI3379/6/R10,N9_20251512_PKM2_S51_HAMI3379_6_R10,36,50698,22136,13739,20461,2,0,13739,0,20461,44,242,52,8.52980132450331,1.5043820021684131,242,605.0,8.0,185.0,117.5,73,327,102,6.101851851851852,1.7748016595094258,206,730.0,10.0,175.0,100.0,23,122,26,12.189873417721518,1.5040320609940865,160,527.5,10.0,80.0,77.5,114.58483917600287,110.0,1.0416803561454808,432.9818764102191,198.0,2.186777153586965,216.12247018431515,193.0,1.1198055449964517,296.9897903867004,157.0,1.891654715838856,311.09315358982127,157.0,1.9814850547122371
E:\N9_20251512_PKM2.lif,N9_20251512_PKM2,50,HAMI3379/6/R10,N9_20251512_PKM2_S51_HAMI3379_6_R10,37,33233,9109,6611,8392,1,37,6580,1561,8392,20,72,25,9.58,1.2614996157646283,98,232.5,13.0,55.0,47.5,9,35,5,12.217391304347826,1.3854182423234005,151,187.5,4.0,45.0,77.11538461538461,19,76,17,10.2,1.128813155386082,74,207.5,15.0,55.0,35.0,339.86486486486484,110.0,3.0896805896805897,557.6591185410334,198.0,2.816460194651684,266.96485260770976,193.0,1.3832375782782889,400.4218904380283,157.0,2.550457900879161,382.9690201729107,157.0,2.4392931221204504
E:\N9_20251512_PKM2.lif,N9_20251512_PKM2,50,HAMI3379/6/R10,N9_20251512_PKM2_S51_HAMI3379_6_R10,38,43571,22849,0,22849,2,0,0,0,22849,17,59,17,18.31914893617021,1.4298656396341196,146,492.5,10.0,105.0,70.0,0,0,0,0.0,,0,0.0,0.0,,,17,59,17,18.31914893617021,1.4298656396341196,146,492.5,10.0,105.0,70.0,113.9285307890936,110.0,1.0357139162644875,213.2975184909624,198.0,1.0772601943988,203.0714254453149,193.0,1.052183551530129,318.30977285658014,157.0,2.027450782525988,327.99053149854814,157.0,2.089111665595848
E:\N9_20251512_PKM2.lif,N9_20251512_PKM2,50,HAMI3379/6/R10,N9_20251512_PKM2_S51_HAMI3379_6_R10,39,57087,18920,18590,10893,1,0,18590,0,10893,23,111,25,13.511904761904765,1.9537526427061311,211,562.5,9.0,80.0,102.5,21,109,24,13.337349397590362,1.8576116191500809,184,632.5,12.0,80.0,90.0,10,48,9,17.5,1.8523822638391627,200,342.5,6.0,85.0,97.5,115.09080338266384,110.0,1.0462800307514897,662.6249596557288,198.0,3.346590705331964,195.5952959830867,193.0,1.013447129446045,290.7448731501057,157.0,1.8518781729306095,357.6634460547504,157.0,2.278111121367837
E:\N9_20251512_PKM2.lif,N9_20251512_PKM2,50,HAMI3379/6/R10,N9_20251512_PKM2_S51_HAMI3379_6_R10,40,24308,9531,0,9531,1,0,0,118,9531,12,44,14,14.962962962962964,1.596474661630469,103,262.5,7.0,55.0,50.0,0,0,0,0.0,,0,0.0,0.0,,,12,44,14,14.962962962962964,1.596474661630469,103,262.5,7.0,55.0,50.0,115.28674850487882,110.0,1.048061350044353,204.40342041758475,198.0,1.0323405071595189,333.728813559322,193.0,1.7291648370949328,339.5781135242892,157.0,2.1629179205368736,392.4965288258376,157.0,2.49997789061043
E:\N9_20251512_PKM2.lif,N9_20251512_PKM2,50,HAMI3379/6/R10,N9_20251512_PKM2_S51_HAMI3379_6_R10,41,83817,27090,23544,13867,2,0,23544,0,13867,38,224,53,11.181818181818182,2.424104835732743,227,922.5,13.0,80.0,110.0,37,232,55,10.356164383561644,2.071738022426096,218,882.5,15.0,80.0,107.5,17,81,19,11.892857142857142,2.398355808754597,315,375.0,6.0,290.0,194.375,111.72045035068292,110.0,1.015640457733481,614.8309972816853,198.0,3.105207056978209,186.2278700627538,193.0,0.9649112438484652,264.52705795496496,157.0,1.6848857194583755,315.1602258690665,157.0,2.007389973688322
E:\N9_20251512_PKM2.lif,N9_20251512_PKM2,52,HAMI3379/6/R6,N9_20251512_PKM2_S53_HAMI3379_6_R6,1,25535,15772,15772,0,0,15772,0,0,0,23,90,24,14.090909090909092,1.709928988080142,143,637.5,13.0,80.0,67.5,23,90,24,14.090909090909092,1.709928988080142,143,637.5,13.0,80.0,67.5,0,0,0,0.0,,0,0.0,0.0,,,344.8878392087243,108.0,3.193405918599299,199.1904007101192,188.0,1.059523408032549,198.77092315495813,191.0,1.0406854615442835,174.86412629977175,152.0,1.15042188355113,,152.0,
E:\N9_20251512_PKM2.lif,N9_20251512_PKM2,52,HAMI3379/6/R6,N9_20251512_PKM2_S53_HAMI3379_6_R6,3,21909,13381,8741,9868,1,8741,0,1891,9868,15,84,27,13.56,1.4202974366639265,112,337.5,12.0,75.0,52.5,19,73,13,10.88888888888889,1.9117949891316783,137,377.5,13.0,65.0,62.60869565217392,11,35,13,18.392857142857142,1.4346372111876773,104,257.5,9.0,70.0,50.0,360.59409678526487,108.0,3.338834229493193,208.22233016964356,188.0,1.107565586008742,261.1685456595265,191.0,1.3673745846048508,252.7373888349152,152.0,1.6627459791770736,296.0736040609137,152.0,1.9478526582954847
E:\N9_20251512_PKM2.lif,N9_20251512_PKM2,52,HAMI3379/6/R6,N9_20251512_PKM2_S53_HAMI3379_6_R6,4,29848,19671,2215,19671,0,0,2215,0,19671,12,43,7,21.0,1.231254130445834,113,322.5,12.0,80.0,55.0,21,67,40,4.625,2.7846501128668173,96,202.5,14.0,35.0,42.8125,12,43,7,21.0,1.231254130445834,113,322.5,12.0,80.0,55.0,116.11061969396572,108.0,1.0750983304996826,364.2920993227991,188.0,1.9377239325680804,210.25840069137308,191.0,1.100829322991482,470.2568247674241,152.0,3.093794899785685,,152.0,
E:\N9_20251512_PKM2.lif,N9_20251512_PKM2,52,HAMI3379/6/R6,N9_20251512_PKM2_S53_HAMI3379_6_R6,5,47048,23640,0,23640,1,0,0,13,23640,48,312,114,7.720812182741117,1.619289340101523,150,590.0,15.0,85.0,72.5,0,0,0,0.0,,0,0.0,0.0,,,48,312,114,7.720812182741117,1.619289340101523,150,590.0,15.0,85.0,72.5,110.4269035532995,108.0,1.0224713291972176,202.06649746192892,188.0,1.0748217950102603,364.0769230769231,191.0,1.906161900926299,265.22711505922166,152.0,1.744915230652774,263.45809037900875,152.0,1.7332769103882155
E:\N9_20251512_PKM2.lif,N9_20251512_PKM2,52,HAMI3379/6/R6,N9_20251512_PKM2_S53_HAMI3379_6_R6,6,25098,9599,0,9599,1,0,0,0,9599,44,161,61,6.21259842519685,1.491301177205959,134,432.5,10.0,40.0,65.0,0,0,0,0.0,,0,0.0,0.0,,,44,161,61,6.21259842519685,1.491301177205959,134,432.5,10.0,40.0,65.0,143.374101468903,108.0,1.3275379765639168,217.1498072715908,188.0,1.155052166338249,217.7595582873216,191.0,1.1401023994100608,241.26940306281904,152.0,1.5872987043606517,229.20157687253607,152.0,1.507905111003527
E:\N9_20251512_PKM2.lif,N9_20251512_PKM2,52,HAMI3379/6/R6,N9_20251512_PKM2_S53_HAMI3379_6_R6,7,42591,6892,2616,6892,1,2616,0,0,6892,3,7,1,53.5,1.855774811375508,114,242.5,6.0,55.0,55.0,13,35,17,6.655172413793103,1.8811162079510704,66,172.5,8.0,45.0,30.0,3,7,1,53.5,1.855774811375508,114,242.5,6.0,55.0,55.0,218.30963302752292,108.0,2.021385490995583,220.5970690655833,188.0,1.1733886652424643,224.49738827626237,191.0,1.1753789962107977,278.0159605339524,152.0,1.8290523719338971,302.7169898430286,152.0,1.991559143704136
E:\N9_20251512_PKM2.lif,N9_20251512_PKM2,52,HAMI3379/6/R6,N9_20251512_PKM2_S53_HAMI3379_6_R6,10,101549,29869,29509,12208,1,29509,0,15514,12208,46,182,40,12.952380952380953,1.914158492082092,224,877.5,16.0,100.0,110.0,51,205,43,12.207142857142856,1.9375105899894949,224,917.5,16.0,100.0,110.0,9,44,7,19.806451612903224,1.77129750982962,116,337.5,9.0,65.0,55.0,392.2409095530177,108.0,3.631860273639053,220.19341122903344,188.0,1.1712415490906034,314.39168838690995,191.0,1.6460297821304186,222.61682681040543,152.0,1.464584386910562,300.32893365752,152.0,1.975848247746842
E:\N9_20251512_PKM2.lif,N9_20251512_PKM2,52,HAMI3379/6/R6,N9_20251512_PKM2_S53_HAMI3379_6_R6,12,27158,12802,0,12802,1,0,0,0,12802,23,93,20,10.835820895522389,1.5977191063896266,114,447.5,13.0,95.0,55.0,0,0,0,0.0,,0,0.0,0.0,,,23,93,20,10.835820895522389,1.5977191063896266,114,447.5,13.0,95.0,55.0,111.54975785033588,108.0,1.0328681282438508,199.3879081393532,188.0,1.0605739794646447,198.6017809717232,191.0,1.039799900375514,252.45945945945945,152.0,1.6609174964438125,241.67886721880845,152.0,1.5899925474921608
E:\N9_20251512_PKM2.lif,N9_20251512_PKM2,52,HAMI3379/6/R6,N9_20251512_PKM2_S53_HAMI3379_6_R6,13,38656,6686,0,6686,1,0,0,1971,6686,11,32,4,12.48,1.4440622195632666,96,212.5,6.0,40.0,45.0,0,0,0,0.0,,0,0.0,0.0,,,11,32,4,12.48,1.4440622195632666,96,212.5,6.0,40.0,45.0,122.34819024828,108.0,1.13285361341,228.3598564163925,188.0,1.2146800873212364,277.32267441860466,191.0,1.4519511749665166,280.6049955130123,152.0,1.846085496796133,267.0285714285714,152.0,1.756766917293233
E:\N9_20251512_PKM2.lif,N9_20251512_PKM2,52,HAMI3379/6/R6,N9_20251512_PKM2_S53_HAMI3379_6_R6,15,31131,6325,0,6325,1,0,0,0,6325,8,30,5,19.23809523809524,1.805533596837945,106,287.5,7.0,25.0,50.0,0,0,0,0.0,,0,0.0,0.0,,,8,30,5,19.23809523809524,1.805533596837945,106,287.5,7.0,25.0,50.0,111.68853754940712,108.0,1.0341531254574734,211.31494071146244,188.0,1.1240156420822471,210.7677470355731,191.0,1.1034960577778696,216.92442687747035,152.0,1.4271343873517786,215.65261044176708,152.0,1.418767173958994
E:\N9_20251512_PKM2.lif,N9_20251512_PKM2,52,HAMI3379/6/R6,N9_20251512_PKM2_S53_HAMI3379_6_R6,16,17771,3839,0,3839,0,0,0,0,3839,5,15,3,16.0,1.6038030737171138,92,162.5,4.0,65.0,42.5,0,0,0,0.0,,0,0.0,0.0,,,5,15,3,16.0,1.6038030737171138,92,162.5,4.0,65.0,42.5,165.81219067465486,108.0,1.5352980618023595,208.01250325605628,188.0,1.1064494854045546,214.8924199010159,191.0,1.1250912036702403,188.07710341234696,152.0,1.2373493645549145,,152.0,
E:\N9_20251512_PKM2.lif,N9_20251512_PKM2,52,HAMI3379/6/R6,N9_20251512_PKM2_S53_HAMI3379_6_R6,17,30167,6646,0,6646,1,0,0,0,6646,8,18,2,24.0,1.5731266927475174,106,287.5,9.0,55.0,50.0,0,0,0,0.0,,0,0.0,0.0,,,8,18,2,24.0,1.5731266927475174,106,287.5,9.0,55.0,50.0,114.98901594944329,108.0,1.0647131106429932,224.1713812819741,188.0,1.1924009642658198,203.43379476376768,191.0,1.0650984019045429,237.62729461330125,152.0,1.5633374645611924,211.0557238037553,152.0,1.3885244987089165
E:\N9_20251512_PKM2.lif,N9_20251512_PKM2,52,HAMI3379/6/R6,N9_20251512_PKM2_S53_HAMI3379_6_R6,18,18779,7318,0,7318,1,0,0,0,7318,7,13,2,26.272727272727277,1.1827001913091009,84,217.5,9.0,50.0,40.0,0,0,0,0.0,,0,0.0,0.0,,,7,13,2,26.272727272727277,1.1827001913091009,84,217.5,9.0,50.0,40.0,117.50109319486198,108.0,1.0879730851376108,197.7220552063405,188.0,1.0517130596081945,193.64348182563543,191.0,1.0138402189823843,320.28122437824544,152.0,2.1071133182779307,322.00414651002075,152.0,2.118448332302768
E:\N9_20251512_PKM2.lif,N9_20251512_PKM2,52,HAMI3379/6/R6,N9_20251512_PKM2_S53_HAMI3379_6_R6,19,11984,6949,0,6949,1,0,0,0,6949,4,23,9,22.066666666666663,1.3591883724276874,89,247.5,10.0,45.0,42.5,0,0,0,0.0,,0,0.0,0.0,,,4,23,9,22.066666666666663,1.3591883724276874,89,247.5,10.0,45.0,42.5,119.09195567707584,108.0,1.1027032933062575,198.35069794215,188.0,1.055056903947606,175.30364081162756,191.0,0.9178201089614008,322.9195567707584,152.0,2.1244707682286736,311.13667348329926,152.0,2.046951799232232
E:\N9_20251512_PKM2.lif,N9_20251512_PKM2,54,HAMI3379/6/R8,N9_20251512_PKM2_S55_HAMI3379_6_R8,1,17263,6308,6308,0,0,6308,0,0,0,12,34,4,15.375,1.6515535827520609,101,272.5,7.0,50.0,47.5,12,34,4,15.375,1.6515535827520609,101,272.5,7.0,50.0,47.5,0,0,0,0.0,,0,0.0,0.0,,,307.9514901712112,107.0,2.8780513100113194,176.87048192771084,191.0,0.9260234655901092,228.90345592897907,189.0,1.2111293964496248,174.26775523145213,149.0,1.1695822498755175,,149.0,
E:\N9_20251512_PKM2.lif,N9_20251512_PKM2,54,HAMI3379/6/R8,N9_20251512_PKM2_S55_HAMI3379_6_R8,2,29023,14491,12760,8422,1,12760,0,13,8422,21,65,11,14.428571428571429,1.7131322890069698,138,382.5,7.0,75.0,65.0,24,58,10,15.108695652173912,1.9325235109717869,137,522.5,14.0,75.0,65.0,16,59,20,10.268292682926829,1.6017573023034908,92,257.5,12.0,55.0,42.5,322.55901253918495,107.0,3.014570210646588,224.2145469601822,191.0,1.1738981516239906,220.53846153846155,189.0,1.1668701668701669,263.88027051273207,149.0,1.7710085269310878,311.8314714331312,149.0,2.092828667336451
E:\N9_20251512_PKM2.lif,N9_20251512_PKM2,54,HAMI3379/6/R8,N9_20251512_PKM2_S55_HAMI3379_6_R8,3,58443,25233,25195,9953,1,0,25195,0,9953,21,156,33,14.545454545454543,1.619030634486585,179,622.5,13.0,85.0,87.5,21,172,36,13.27,1.6214725143877753,179,622.5,13.0,85.0,87.5,18,68,16,10.173913043478262,1.6378981211694967,103,327.5,8.0,50.0,50.0,111.60987595608924,107.0,1.0430829528606471,808.5464179400675,191.0,4.233227319057945,206.29350453770851,189.0,1.09150002400904,271.0800538976737,149.0,1.819329220789756,414.3749145591251,149.0,2.781039695027685
E:\N9_20251512_PKM2.lif,N9_20251512_PKM2,54,HAMI3379/6/R8,N9_20251512_PKM2_S55_HAMI3379_6_R8,5,21452,15928,15928,51,0,15928,0,0,51,19,76,18,15.82,1.364264188849824,128,442.5,9.0,85.0,60.0,19,76,18,15.82,1.364264188849824,128,442.5,9.0,85.0,60.0,2,0,0,8.0,1.1176470588235294,17,5.0,2.0,5.0,5.0,408.3447388247112,107.0,3.816305970324404,244.4583124058262,191.0,1.2798864523865243,270.5519211451532,189.0,1.4314916462706515,197.2295956805625,149.0,1.3236885616145138,,149.0,
E:\N9_20251512_PKM2.lif,N9_20251512_PKM2,54,HAMI3379/6/R8,N9_20251512_PKM2_S55_HAMI3379_6_R8,6,52379,15607,15539,6444,1,0,15539,0,6444,16,56,5,19.3,1.870827192926251,144,552.5,12.0,70.0,70.0,16,72,17,16.50943396226415,1.879014093571015,144,552.5,12.0,70.0,70.0,13,29,3,13.681818181818182,1.4432029795158288,82,187.5,7.0,45.0,37.5,112.56122252835266,107.0,1.0519740423210528,699.441984683699,191.0,3.661999919809943,212.16819375921065,189.0,1.122583035763019,282.8268725571859,149.0,1.8981669299139992,391.718890248878,149.0,2.6289858405964965
E:\N9_20251512_PKM2.lif,N9_20251512_PKM2,54,HAMI3379/6/R8,N9_20251512_PKM2_S55_HAMI3379_6_R8,7,51058,30828,30795,11480,1,30795,0,648,11480,24,148,32,16.45,1.462501621902167,153,802.5,15.0,120.0,72.5,25,151,30,16.11764705882353,1.4640688423445365,153,802.5,15.0,120.0,72.5,18,75,8,15.478260869565217,2.086236933797909,137,477.5,9.0,55.0,65.0,346.687838934892,107.0,3.240073261073757,239.04375892046195,191.0,1.2515380048191724,248.00174216027875,189.0,1.3121785299485649,214.49899442065652,149.0,1.4395905665815876,258.399209486166,149.0,1.73422288245749
E:\N9_20251512_PKM2.lif,N9_20251512_PKM2,54,HAMI3379/6/R8,N9_20251512_PKM2_S55_HAMI3379_6_R8,8,49103,21777,18751,16410,2,0,18751,0,16410,33,153,28,10.95744680851064,1.4408320705331312,143,582.5,11.0,75.0,67.5,33,178,45,9.527272727272727,1.5794357634259506,149,537.5,12.0,80.0,72.5,26,75,17,12.928571428571429,1.62187690432663,135,507.5,10.0,80.0,65.0,126.25701428112228,107.0,1.1799720960852549,675.2383339555224,191.0,3.5352792353692277,220.342012214722,189.0,1.1658307524588465,348.19295587087294,149.0,2.3368654756434424,427.9333724110981,149.0,2.8720360564503227
E:\N9_20251512_PKM2.lif,N9_20251512_PKM2,54,HAMI3379/6/R8,N9_20251512_PKM2_S55_HAMI3379_6_R8,9,48459,30914,30467,15184,1,19667,17692,19448,15184,41,177,44,12.853658536585366,1.4923012227469754,182,797.5,25.0,85.0,87.5,35,179,46,12.908333333333331,1.5137033511668363,181,747.5,16.0,85.0,87.5,37,122,38,10.176470588235292,1.9831401475237087,208,607.5,11.0,85.0,106.97368421052632,337.1792850968628,107.0,3.151208271933297,641.6264413294144,191.0,3.3593007399445782,281.58987522745,189.0,1.4898935197219574,269.74218800543446,149.0,1.81035025507003,382.0851478713032,149.0,2.5643298514852564
E:\N9_20251512_PKM2.lif,N9_20251512_PKM2,54,HAMI3379/6/R8,N9_20251512_PKM2_S55_HAMI3379_6_R8,10,24157,13684,9893,10344,1,9134,3043,14398,10344,30,86,17,10.671641791044776,1.517027185033616,210,450.0,7.0,50.0,102.5,24,52,5,12.25,1.9671484888304864,208,410.0,7.0,175.0,102.5,23,100,26,8.927536231884059,1.6874516627996907,173,322.5,5.0,10.0,91.5,307.05364571929056,107.0,2.8696602403672014,378.5330266184686,191.0,1.981848306902977,354.9533801841037,189.0,1.8780602126143051,281.4275796550716,149.0,1.888775702383031,304.17130866081646,149.0,2.041418178931654
E:\N9_20251512_PKM2.lif,N9_20251512_PKM2,54,HAMI3379/6/R8,N9_20251512_PKM2_S55_HAMI3379_6_R8,11,22024,9271,1705,9271,1,0,1705,1170,9271,21,98,26,8.972222222222221,1.6258224571243662,96,342.5,10.0,65.0,45.0,4,12,6,9.9,1.1618768328445748,43,72.5,5.0,25.0,20.0,21,98,26,8.972222222222221,1.6258224571243662,96,342.5,10.0,65.0,45.0,148.72689030309567,107.0,1.389970937412109,369.7366568914956,191.0,1.9357940151387203,278.6995012468828,189.0,1.4746005356977925,286.6783518498544,149.0,1.9240157842272103,268.8674033149171,149.0,1.8044792168786383
E:\N9_20251512_PKM2.lif,N9_20251512_PKM2,54,HAMI3379/6/R8,N9_20251512_PKM2_S55_HAMI3379_6_R8,12,14470,8789,7264,7454,1,7264,0,6181,7454,10,24,2,16.761904761904763,1.576743656843782,128,312.5,9.0,50.0,59.285714285714285,16,60,9,12.170731707317072,1.8323237885462555,128,347.5,9.0,50.0,59.285714285714285,6,17,2,23.76923076923077,1.295680171719882,86,182.5,5.0,35.0,40.0,282.6311949339207,107.0,2.641413036765614,251.22562293776312,191.0,1.3153173975799115,298.111272992169,189.0,1.577308322709889,312.35282739788374,149.0,2.096327700656938,314.55092447508616,149.0,2.1110800300341355
E:\N9_20251512_PKM2.lif,N9_20251512_PKM2,54,HAMI3379/6/R8,N9_20251512_PKM2_S55_HAMI3379_6_R8,13,5607,5502,4617,4353,0,0,4617,1,4353,5,5,0,25.285714285714285,1.0850599781897492,69,152.5,9.0,40.0,32.5,4,33,9,9.05,1.1407840589127138,72,117.5,7.0,40.0,32.5,8,32,9,9.791666666666666,1.2221456466804503,70,172.5,9.0,35.0,32.5,143.8309705561614,107.0,1.3442146780949662,637.3359324236517,191.0,3.336837342532208,200.0,189.0,1.058201058201058,383.99018538713193,149.0,2.577115338168671,,149.0,
E:\N9_20251512_PKM2.lif,N9_20251512_PKM2,54,HAMI3379/6/R8,N9_20251512_PKM2_S55_HAMI3379_6_R8,14,22437,8814,0,8814,1,0,0,0,8814,12,70,17,10.232558139534884,1.283866575901974,96,277.5,13.0,55.0,45.0,0,0,0,0.0,,0,0.0,0.0,,,12,70,17,10.232558139534884,1.283866575901974,96,277.5,13.0,55.0,45.0,117.1972997503971,107.0,1.095301866826141,217.81257090991605,191.0,1.1403799524079374,203.35375538915363,189.0,1.0759457957098075,396.8387792148854,149.0,2.663347511509298,417.5746956842494,149.0,2.802514736135902
E:\N9_20251512_PKM2.lif,N9_20251512_PKM2,54,HAMI3379/6/R8,N9_20251512_PKM2_S55_HAMI3379_6_R8,15,18280,6482,0,6482,1,0,0,0,6482,10,56,17,9.714285714285714,1.161987041036717,68,217.5,15.0,50.0,30.0,0,0,0,0.0,,0,0.0,0.0,,,10,56,17,9.714285714285714,1.161987041036717,68,217.5,15.0,50.0,30.0,113.40666460968836,107.0,1.0598753701840034,229.0513730330145,191.0,1.19922184834039,190.3603825979636,189.0,1.007197791523617,344.8992594878124,149.0,2.3147601307906878,337.7495045580658,149.0,2.2667751983762803
E:\N9_20251512_PKM2.lif,N9_20251512_PKM2,54,HAMI3379/6/R8,N9_20251512_PKM2_S55_HAMI3379_6_R8,16,23167,7326,0,7326,1,0,0,206,7326,5,19,2,23.83333333333333,1.2784602784602783,83,162.5,6.0,45.0,37.5,0,0,0,0.0,,0,0.0,0.0,,,5,19,2,23.83333333333333,1.2784602784602783,83,162.5,6.0,45.0,37.5,112.26030576030576,107.0,1.049161736077624,205.78378378378375,191.0,1.077402009339182,311.6341463414634,189.0,1.6488579171506,281.2443352443352,149.0,1.887545874123055,289.0525202678886,149.0,1.939949800455628
E:\N9_20251512_PKM2.lif,N9_20251512_PKM2,54,HAMI3379/6/R8,N9_20251512_PKM2_S55_HAMI3379_6_R8,17,26441,5489,0,5489,1,0,0,0,5489,17,25,6,14.9,2.244853343049736,91,317.5,8.0,50.0,42.5,0,0,0,0.0,,0,0.0,0.0,,,17,25,6,14.9,2.244853343049736,91,317.5,8.0,50.0,42.5,109.65020950992894,107.0,1.024768313176906,206.6799052650756,191.0,1.082093744843328,175.80943705593003,189.0,0.9302086616715874,212.74749498998,149.0,1.4278355368455031,195.3421592775041,149.0,1.3110212032047257
E:\N9_20251512_PKM2.lif,N9_20251512_PKM2,54,HAMI3379/6/R8,N9_20251512_PKM2_S55_HAMI3379_6_R8,18,18596,6900,0,6900,1,0,0,0,6900,6,28,7,14.571428571428571,1.3118840579710145,82,187.5,10.0,50.0,37.5,0,0,0,0.0,,0,0.0,0.0,,,6,28,7,14.571428571428571,1.3118840579710145,82,187.5,10.0,50.0,37.5,112.6631884057971,107.0,1.052926994446702,215.7395652173913,191.0,1.1295265194627817,179.2868115942029,189.0,0.9486074687523964,303.865652173913,149.0,2.03936679311351,283.0694143167028,149.0,1.899794726957737
E:\N9_20251512_PKM2.lif,N9_20251512_PKM2,56,HAMI3379/6/R5,N9_20251512_PKM2_S57_HAMI3379_6_R5,2,15510,6553,0,6553,1,0,0,5269,6553,7,19,3,18.0,1.1730505112162368,83,187.5,8.0,40.0,37.5,0,0,0,0.0,,0,0.0,0.0,,,7,19,3,18.0,1.1730505112162368,83,187.5,8.0,40.0,37.5,114.78620479169844,106.0,1.0828887244499854,204.1350526476423,192.0,1.0632033992064704,271.579304834199,190.0,1.429364762285258,346.12940637875784,153.0,2.262283701821947,363.3690050107373,153.0,2.3749608170636423
E:\N9_20251512_PKM2.lif,N9_20251512_PKM2,56,HAMI3379/6/R5,N9_20251512_PKM2_S57_HAMI3379_6_R5,4,28469,7889,0,7889,1,0,0,0,7889,17,51,20,7.486486486486487,1.1799974648244391,83,222.5,11.0,50.0,40.0,0,0,0,0.0,,0,0.0,0.0,,,17,51,20,7.486486486486487,1.1799974648244391,83,222.5,11.0,50.0,40.0,116.9558879452402,106.0,1.1033574334456624,210.43972620103943,192.0,1.0960402406304135,204.73342628977056,190.0,1.0775443488935292,403.8797059196349,153.0,2.639736639997614,458.51314016172506,153.0,2.9968179095537586
E:\N9_20251512_PKM2.lif,N9_20251512_PKM2,56,HAMI3379/6/R5,N9_20251512_PKM2_S57_HAMI3379_6_R5,5,55346,26876,4271,26876,1,0,4271,8,26876,37,129,43,12.33673469387755,1.689053430570025,174,707.5,21.0,85.0,85.0,10,39,15,9.827586206896552,1.6185904940295013,71,162.5,6.0,50.0,32.5,37,129,43,12.33673469387755,1.689053430570025,174,707.5,21.0,85.0,85.0,111.52132013692514,106.0,1.0520879258200484,401.4106766565207,192.0,2.0906806075860453,314.75,190.0,1.6565789473684212,392.18626283673166,153.0,2.5633089074296187,526.2389773023741,153.0,3.439470439884798
E:\N9_20251512_PKM2.lif,N9_20251512_PKM2,56,HAMI3379/6/R5,N9_20251512_PKM2_S57_HAMI3379_6_R5,6,24454,6624,0,6624,1,0,0,4915,6624,3,15,1,27.55555555555556,1.2407910628019323,73,162.5,11.0,45.0,35.0,0,0,0,0.0,,0,0.0,0.0,,,3,15,1,27.55555555555556,1.2407910628019323,73,162.5,11.0,45.0,35.0,114.98414855072464,106.0,1.0847561184030627,205.4184782608696,192.0,1.0698879076086956,286.8480343574496,190.0,1.5097264966181558,282.4110809178744,153.0,1.8458240582867609,282.4458239277652,153.0,1.8460511367827792
E:\N9_20251512_PKM2.lif,N9_20251512_PKM2,56,HAMI3379/6/R5,N9_20251512_PKM2_S57_HAMI3379_6_R5,7,58216,17338,8853,17239,1,0,8853,0,17239,7,23,3,30.95,2.319587034260007,250,552.5,5.0,45.0,122.5,6,83,23,9.456521739130435,1.468880605444482,148,307.5,9.0,50.0,70.0,7,21,2,33.705882352941174,2.332907941295898,250,542.5,5.0,150.0,122.5,112.01926404429577,106.0,1.0567855098518468,443.1173613464362,192.0,2.307902923679355,219.74039681624177,190.0,1.1565284042960091,308.01447687161146,153.0,2.0131665155007283,349.3691990374699,153.0,2.2834588172383654
E:\N9_20251512_PKM2.lif,N9_20251512_PKM2,56,HAMI3379/6/R5,N9_20251512_PKM2_S57_HAMI3379_6_R5,8,59699,14248,276,14155,1,0,276,0,14155,60,263,75,6.895027624309392,1.8957046603032004,160,667.5,14.0,65.0,77.5,9,17,7,3.4615384615384617,3.894927536231884,54,70.0,6.0,45.0,27.5,59,257,77,6.861111111111111,1.9081596608972096,160,647.5,14.0,65.0,77.5,110.9190763615946,106.0,1.0464063807697603,393.0144927536232,192.0,2.0469504830917877,215.52744244806289,190.0,1.1343549602529626,245.12850926445816,153.0,1.6021471193755434,243.4456140350877,153.0,1.5911478041509002
E:\N9_20251512_PKM2.lif,N9_20251512_PKM2,56,HAMI3379/6/R5,N9_20251512_PKM2_S57_HAMI3379_6_R5,10,22746,7092,0,7092,1,0,0,175,7092,13,44,10,10.290322580645162,1.289199097574732,85,157.5,7.0,45.0,40.0,0,0,0,0.0,,0,0.0,0.0,,,13,44,10,10.290322580645162,1.289199097574732,85,157.5,7.0,45.0,40.0,113.5947546531303,106.0,1.071648628803116,214.3197969543147,192.0,1.1162489424703892,306.85714285714283,190.0,1.6150375939849624,353.4915397631134,153.0,2.310402220673944,350.46747474747474,153.0,2.290637089852776
E:\N9_20251512_PKM2.lif,N9_20251512_PKM2,56,HAMI3379/6/R5,N9_20251512_PKM2_S57_HAMI3379_6_R5,11,20619,13325,0,13325,1,0,0,0,13325,14,44,8,17.8125,1.2336210131332082,120,297.5,8.0,55.0,57.5,0,0,0,0.0,,0,0.0,0.0,,,14,44,8,17.8125,1.2336210131332082,120,297.5,8.0,55.0,57.5,116.20960600375234,106.0,1.0963170377712486,232.90401500938088,192.0,1.2130417448405253,223.09013133208256,190.0,1.1741585859583292,348.7519699812383,153.0,2.2794246404002503,331.6034170333937,153.0,2.1673425949895013
E:\N9_20251512_PKM2.lif,N9_20251512_PKM2,56,HAMI3379/6/R5,N9_20251512_PKM2_S57_HAMI3379_6_R5,12,34898,12386,0,12386,1,0,0,604,12386,42,183,45,7.5,1.9146617148393348,142,662.5,14.0,105.0,67.5,0,0,0,0.0,,0,0.0,0.0,,,42,183,45,7.5,1.9146617148393348,142,662.5,14.0,105.0,67.5,110.4314548683998,106.0,1.0418061780037715,219.38188277087036,192.0,1.1426139727649496,279.8592233009709,190.0,1.4729432805314258,241.395850153399,153.0,1.5777506545973792,234.05517096706524,153.0,1.5297723592618644
E:\N9_20251512_PKM2.lif,N9_20251512_PKM2,56,HAMI3379/6/R5,N9_20251512_PKM2_S57_HAMI3379_6_R5,13,30587,18003,0,18003,1,0,0,0,18003,15,48,8,19.0,1.452591234794201,133,347.5,6.0,110.0,65.0,0,0,0,0.0,,0,0.0,0.0,,,15,48,8,19.0,1.452591234794201,133,347.5,6.0,110.0,65.0,115.59923346108982,106.0,1.0905588062366964,232.2445148030884,192.0,1.209606847932752,222.278509137366,190.0,1.1698868901966633,321.33022274065434,153.0,2.1001975342526427,326.4918259905791,153.0,2.1339335032063995
E:\N9_20251512_PKM2.lif,N9_20251512_PKM2,56,HAMI3379/6/R5,N9_20251512_PKM2_S57_HAMI3379_6_R5,14,17349,10110,0,10110,1,0,0,15442,10110,9,51,8,14.852941176470589,1.3341246290801188,85,252.5,8.0,55.0,40.0,0,0,0,0.0,,0,0.0,0.0,,,9,51,8,14.852941176470589,1.3341246290801188,85,252.5,8.0,55.0,40.0,119.63293768545994,106.0,1.1286126196741504,222.4076162215628,192.0,1.158373001153973,335.3403863845446,190.0,1.764949402023919,321.3363996043521,153.0,2.1002379059107983,419.1671483622351,153.0,2.7396545644590526
E:\N9_20251512_PKM2.lif,N9_20251512_PKM2,56,HAMI3379/6/R5,N9_20251512_PKM2_S57_HAMI3379_6_R5,15,57862,22101,19976,15510,1,19965,1464,25214,15510,19,73,13,16.914893617021278,1.447807791502647,141,492.5,11.0,85.0,67.5,27,141,26,12.388235294117647,1.5705847016419705,144,537.5,12.0,90.0,70.0,16,48,9,15.555555555555555,1.3479045776918115,106,317.5,11.0,90.0,50.0,332.3312797395442,106.0,3.1352007522598506,469.719262295082,192.0,2.446454491120219,346.7179614598863,190.0,1.8248313761046648,293.6307406904665,153.0,1.9191551679115455,382.28523364485983,153.0,2.498596298332417
E:\N9_20251512_PKM2.lif,N9_20251512_PKM2,56,HAMI3379/6/R5,N9_20251512_PKM2_S57_HAMI3379_6_R5,17,23676,8805,0,8805,1,0,0,12540,8805,9,31,4,18.68421052631579,1.2089721749006246,82,232.5,10.0,55.0,37.5,0,0,0,0.0,,0,0.0,0.0,,,9,31,4,18.68421052631579,1.2089721749006246,82,232.5,10.0,55.0,37.5,128.97376490630324,106.0,1.21673363119154,268.5927314026122,192.0,1.3989204760552718,308.5463736263736,190.0,1.6239282822440717,372.9856899488927,153.0,2.4378149669862266,340.83314109957706,153.0,2.2276675888861246
E:\N9_20251512_PKM2.lif,N9_20251512_PKM2,56,HAMI3379/6/R5,N9_20251512_PKM2_S57_HAMI3379_6_R5,18,31199,8246,0,8246,1,0,0,0,8246,9,35,10,14.84,1.3642978413776377,89,222.5,8.0,50.0,42.5,0,0,0,0.0,,0,0.0,0.0,,,9,35,10,14.84,1.3642978413776377,89,222.5,8.0,50.0,42.5,117.68154256609265,106.0,1.110203231755591,217.5865874363328,192.0,1.1332634762308995,212.99248120300751,190.0,1.1210130589631977,315.6210283773951,153.0,2.062882538414347,317.9205965336558,153.0,2.077912395644809
E:\N9_20251512_PKM2.lif,N9_20251512_PKM2,56,HAMI3379/6/R5,N9_20251512_PKM2_S57_HAMI3379_6_R5,19,16514,13256,0,13256,2,0,0,6340,13256,8,30,5,18.19047619047619,1.1081019915509958,93,192.5,10.0,65.0,42.5,0,0,0,0.0,,0,0.0,0.0,,,8,30,5,18.19047619047619,1.1081019915509958,93,192.5,10.0,65.0,42.5,133.8211375980688,106.0,1.262463562245932,238.16935727217864,192.0,1.2404654024592638,271.79299627020305,190.0,1.4304894540537003,426.5786813518407,153.0,2.7880959565479784,410.6115469724402,153.0,2.68373560112706
E:\N9_20251512_PKM2.lif,N9_20251512_PKM2,56,HAMI3379/6/R5,N9_20251512_PKM2_S57_HAMI3379_6_R5,20,16293,10765,0,10765,1,0,0,0,10765,17,67,18,12.416666666666666,1.4560148629818856,101,317.5,11.0,60.0,47.5,0,0,0,0.0,,0,0.0,0.0,,,17,67,18,12.416666666666666,1.4560148629818856,101,317.5,11.0,60.0,47.5,119.37882025081282,106.0,1.126215285385027,218.1407338597306,192.0,1.13614965551943,203.1386901997213,190.0,1.069151001051165,322.1378541569903,153.0,2.1054761709607206,344.03608431582705,153.0,2.2486018582733798
E:\N9_20251512_PKM2.lif,N9_20251512_PKM2,56,HAMI3379/6/R5,N9_20251512_PKM2_S57_HAMI3379_6_R5,21,20660,13393,4125,13393,1,0,4125,0,13393,13,55,10,11.628571428571428,1.275442395281117,121,292.5,11.0,70.0,57.5,4,6,1,26.2,1.123878787878788,55,142.5,10.0,40.0,25.0,13,55,10,11.628571428571428,1.275442395281117,121,292.5,11.0,70.0,57.5,117.70917643545135,106.0,1.1104639286363336,495.9781818181818,192.0,2.583219696969697,201.58157246322705,190.0,1.0609556445433002,500.1621742701411,153.0,3.2690338187590924,357.3199095022624,153.0,2.335424245112826
E:\N9_20251512_PKM2.lif,N9_20251512_PKM2,56,HAMI3379/6/R5,N9_20251512_PKM2_S57_HAMI3379_6_R5,22,8096,7963,7962,4353,1,0,7962,0,4353,5,29,4,14.36842105263158,1.0537485872158734,77,132.5,5.0,50.0,35.0,5,29,5,14.36842105263158,1.053880934438583,77,132.5,5.0,50.0,35.0,5,15,2,16.4,1.2053756030323914,69,167.5,8.0,35.0,32.5,111.20256184854954,106.0,1.0490807721561275,1361.7043456417985,192.0,7.092210133551034,189.5338440286324,190.0,0.997546547519118,279.1970362928545,153.0,1.8248172306722517,303.96986518636004,153.0,1.9867311450088887
E:\N9_20251512_PKM2.lif,N9_20251512_PKM2,56,HAMI3379/6/R5,N9_20251512_PKM2_S57_HAMI3379_6_R5,23,16405,10416,0,10416,1,0,0,53,10416,16,48,10,12.71875,1.567684331797235,121,322.5,9.0,80.0,57.5,0,0,0,0.0,,0,0.0,0.0,,,16,48,10,12.71875,1.567684331797235,121,322.5,9.0,80.0,57.5,127.26027265745007,106.0,1.200568609975944,190.31778033794163,192.0,0.9912384392601128,248.32075471698116,190.0,1.30695134061569,277.4758064516129,153.0,1.8135673624288424,267.4880478087649,153.0,1.748287894174934
E:\N9_20251512_PKM2.lif,N9_20251512_PKM2,56,HAMI3379/6/R5,N9_20251512_PKM2_S57_HAMI3379_6_R5,24,21447,9451,0,9451,1,0,0,0,9451,10,74,15,10.209302325581396,1.326632102423024,103,257.5,15.0,50.0,47.5,0,0,0,0.0,,0,0.0,0.0,,,10,74,15,10.209302325581396,1.326632102423024,103,257.5,15.0,50.0,47.5,113.24791027404508,106.0,1.0683765120192932,228.98053116072373,192.0,1.1926069331287694,193.1531054914824,190.0,1.0165952920604338,408.7142101364935,153.0,2.6713347067744677,431.5017695635077,153.0,2.8202730036830563
E:\N9_20251512_PKM2.lif,N9_20251512_PKM2,56,HAMI3379/6/R5,N9_20251512_PKM2_S57_HAMI3379_6_R5,25,15286,7949,0,7949,1,0,0,0,7949,11,29,10,14.38095238095238,1.1707132972700969,74,172.5,12.0,55.0,35.0,0,0,0,0.0,,0,0.0,0.0,,,11,29,10,14.38095238095238,1.1707132972700969,74,172.5,12.0,55.0,35.0,117.35073594162787,106.0,1.1070824145436593,195.79355893823123,192.0,1.0197581194699543,176.81381305824632,190.0,0.9305990160960332,255.88841363693547,153.0,1.6724732917446763,268.64048606994663,153.0,1.7558201703918082
E:\N9_20251512_PKM2.lif,N9_20251512_PKM2,56,HAMI3379/6/R5,N9_20251512_PKM2_S57_HAMI3379_6_R5,26,19091,7654,0,7654,1,0,0,0,7654,12,34,2,14.814814814814817,1.297883459628952,83,257.5,12.0,55.0,37.5,0,0,0,0.0,,0,0.0,0.0,,,12,34,2,14.814814814814817,1.297883459628952,83,257.5,12.0,55.0,37.5,120.28586360073164,106.0,1.1347722981201098,182.54115495165925,192.0,0.950735182039892,178.70081003396916,190.0,0.9405305791261536,295.0574862816828,153.0,1.9284803024946584,279.64057331863285,153.0,1.8277161654812604
E:\N9_20251512_PKM2.lif,N9_20251512_PKM2,56,HAMI3379/6/R5,N9_20251512_PKM2_S57_HAMI3379_6_R5,27,13989,4732,0,4732,1,0,0,0,4732,11,19,8,11.526315789473683,1.299027895181741,63,137.5,5.0,35.0,27.5,0,0,0,0.0,,0,0.0,0.0,,,11,19,8,11.526315789473683,1.299027895181741,63,137.5,5.0,35.0,27.5,122.74788672865596,106.0,1.1579989314024146,221.61369399830937,192.0,1.154237989574528,188.50950972104815,190.0,0.9921553143213062,294.0735418427726,153.0,1.922049293090017,252.6265880217786,153.0,1.6511541700769845
E:\N9_20251512_PKM2.lif,N9_20251512_PKM2,58,HAMI3379/6/R9,N9_20251512_PKM2_S59_HAMI3379_6_R9,1,8829,5227,0,5227,1,0,0,0,5227,3,40,11,13.26923076923077,1.4870862827625788,71,192.5,10.0,55.0,32.5,0,0,0,0.0,,0,0.0,0.0,,,3,40,11,13.26923076923077,1.4870862827625788,71,192.5,10.0,55.0,32.5,116.60589248134686,110.0,1.060053568012244,181.69944518844463,190.0,0.9563128694128664,165.91964798163383,191.0,0.8686892564483446,231.3992730055481,155.0,1.4928985355196651,229.03888587448,155.0,1.4776702314482582
E:\N9_20251512_PKM2.lif,N9_20251512_PKM2,58,HAMI3379/6/R9,N9_20251512_PKM2_S59_HAMI3379_6_R9,2,14992,14489,2989,14489,1,0,2989,0,14489,7,15,3,18.416666666666668,1.0624611774449582,107,267.5,17.0,65.0,50.0,4,12,2,14.875,1.5065239210438273,64,102.5,4.0,35.0,30.0,7,15,3,18.416666666666668,1.0624611774449582,107,267.5,17.0,65.0,50.0,114.34874732555733,110.0,1.0395340665959758,426.5373034459686,190.0,2.244933176031413,200.82448754227343,191.0,1.05143710755117,545.1773759403685,155.0,3.517273393163668,627.5303975058457,155.0,4.048583209715134
E:\N9_20251512_PKM2.lif,N9_20251512_PKM2,58,HAMI3379/6/R9,N9_20251512_PKM2_S59_HAMI3379_6_R9,3,15453,8818,3053,8814,1,0,3053,0,8814,15,82,27,8.9375,1.365842594692674,91,207.5,7.0,50.0,42.5,6,4,0,17.5,1.7867671143137898,120,122.5,2.0,15.0,62.63157894736842,15,84,27,8.895833333333334,1.3664624461084638,91,207.5,7.0,50.0,42.5,116.27409843501928,110.0,1.0570372585001753,387.2243694726498,190.0,2.038022997224473,178.77307779541846,191.0,0.935984700499573,334.5978679972783,155.0,2.1586959225630857,362.22533783783786,155.0,2.336937663469921
E:\N9_20251512_PKM2.lif,N9_20251512_PKM2,58,HAMI3379/6/R9,N9_20251512_PKM2_S59_HAMI3379_6_R9,4,19565,9680,0,9680,1,0,0,1281,9680,28,74,14,9.126984126984128,1.6015495867768594,107,352.5,8.0,35.0,50.0,0,0,0,0.0,,0,0.0,0.0,,,28,74,14,9.126984126984128,1.6015495867768594,107,352.5,8.0,35.0,50.0,123.77376033057853,110.0,1.1252160030052591,225.49059917355373,190.0,1.1867926272292302,357.76771653543307,191.0,1.873129405944676,275.02169421487605,155.0,1.7743335110637164,260.7494342062722,155.0,1.6822544142340143
E:\N9_20251512_PKM2.lif,N9_20251512_PKM2,58,HAMI3379/6/R9,N9_20251512_PKM2_S59_HAMI3379_6_R9,5,19739,6765,0,6765,1,0,0,0,6765,6,8,0,27.444444444444443,1.4113821138211382,97,182.5,4.0,50.0,45.0,0,0,0,0.0,,0,0.0,0.0,,,6,8,0,27.444444444444443,1.4113821138211382,97,182.5,4.0,50.0,45.0,112.34235033259424,110.0,1.021294093932675,205.55624538063563,190.0,1.081874975687556,197.8232076866223,191.0,1.03572360045352,258.1714708056172,155.0,1.6656223922943043,253.5732407127756,155.0,1.6359563916953264
E:\N9_20251512_PKM2.lif,N9_20251512_PKM2,58,HAMI3379/6/R9,N9_20251512_PKM2_S59_HAMI3379_6_R9,6,26749,6931,0,6931,1,0,0,0,6931,10,32,12,12.545454545454543,1.2875486942721108,84,187.5,8.0,45.0,40.0,0,0,0,0.0,,0,0.0,0.0,,,10,32,12,12.545454545454543,1.2875486942721108,84,187.5,8.0,45.0,40.0,147.11787620833934,110.0,1.3374352382576304,212.45678834223057,190.0,1.1181936228538452,193.24440917616505,191.0,1.0117508333830632,329.1372096378589,155.0,2.123465868631348,324.4718045112782,155.0,2.093366480717924
E:\N9_20251512_PKM2.lif,N9_20251512_PKM2,58,HAMI3379/6/R9,N9_20251512_PKM2_S59_HAMI3379_6_R9,7,129767,42360,25315,37978,2,0,25315,1299,37978,60,218,55,15.272727272727272,2.248512747875354,221,1437.5,16.0,115.0,107.5,40,235,46,10.517006802721088,1.704048982816512,166,787.5,16.0,100.0,80.0,55,193,48,15.823529411764708,2.5079519721944283,224,1447.5,16.0,120.0,110.0,143.56912181303116,110.0,1.3051738346639197,621.5460398972941,190.0,3.271294946827864,268.66204772902233,191.0,1.4066075797331012,362.3588999055713,155.0,2.3377993542294924,499.5204642638974,155.0,3.2227126726703057
E:\N9_20251512_PKM2.lif,N9_20251512_PKM2,58,HAMI3379/6/R9,N9_20251512_PKM2_S59_HAMI3379_6_R9,8,32420,9457,539,9225,1,0,539,16091,9225,28,121,32,7.08641975308642,1.4152479644707625,103,357.5,10.0,65.0,47.5,2,0,0,5.0,1.0352504638218925,24,62.5,11.0,15.0,10.0,29,116,27,7.153846153846154,1.450840108401084,103,367.5,10.0,65.0,47.5,131.47742413027387,110.0,1.195249310275217,418.582560296846,190.0,2.203066106825505,300.08218835873095,191.0,1.5711109338153453,305.68859046209155,155.0,1.9721844545941392,320.9682926829268,155.0,2.070763178599528
E:\N9_20251512_PKM2.lif,N9_20251512_PKM2,58,HAMI3379/6/R9,N9_20251512_PKM2_S59_HAMI3379_6_R9,9,36608,5141,943,5085,1,55,888,0,5085,16,18,4,17.11764705882353,2.81793425403618,107,287.5,9.0,50.0,50.0,6,0,0,8.4,3.4655355249204667,73,82.5,4.0,15.0,32.77777777777778,12,18,4,18.866666666666667,2.848967551622419,107,267.5,8.0,60.0,50.0,263.6,110.0,2.3963636363636365,376.5382882882883,190.0,1.9817804646752013,185.1770083641315,191.0,0.9695131327965,210.70492122155224,155.0,1.3593865885261436,202.9508978675645,155.0,1.309360631403642
E:\N9_20251512_PKM2.lif,N9_20251512_PKM2,58,HAMI3379/6/R9,N9_20251512_PKM2_S59_HAMI3379_6_R9,10,39891,15911,9482,15375,1,9482,131,11375,15375,30,100,15,14.34920634920635,2.158946640688832,267,600.0,8.0,205.0,152.5,12,78,14,10.76,1.8888420164522253,114,342.5,7.0,70.0,55.0,33,101,9,14.60655737704918,2.234211382113821,267,610.0,8.0,205.0,152.5,255.31333052098717,110.0,2.32103027746352,380.206106870229,190.0,2.0010847730012054,321.5383984695272,191.0,1.6834471124059014,300.9869901326127,155.0,1.9418515492426625,380.5466531440162,155.0,2.45513969770333
E:\N9_20251512_PKM2.lif,N9_20251512_PKM2,58,HAMI3379/6/R9,N9_20251512_PKM2_S59_HAMI3379_6_R9,11,16372,5539,0,5539,1,0,0,243,5539,16,30,10,12.884615384615383,2.586567972558224,116,312.5,9.0,40.0,55.0,0,0,0,0.0,,0,0.0,0.0,,,16,30,10,12.884615384615383,2.586567972558224,116,312.5,9.0,40.0,55.0,128.37010290666186,110.0,1.167000935515108,231.7105975807908,190.0,1.2195294609515304,258.0357142857143,191.0,1.350972326103216,239.11716916410904,155.0,1.5426914139619938,229.2710609799084,155.0,1.4791681353542474
E:\N9_20251512_PKM2.lif,N9_20251512_PKM2,58,HAMI3379/6/R9,N9_20251512_PKM2_S59_HAMI3379_6_R9,12,23390,14142,8803,10065,1,0,8803,0,10065,12,61,15,16.19047619047619,1.2815726205628624,112,267.5,12.0,75.0,52.5,7,40,10,14.0,1.267408837896172,86,217.5,7.0,40.0,40.0,11,37,5,19.33333333333333,1.42702434177844,104,332.5,13.0,60.0,50.0,116.86692122754914,110.0,1.0624265566140831,679.801204134954,190.0,3.577901074394495,221.23794371376044,191.0,1.1583138414333007,262.51817281855466,155.0,1.6936656310874494,279.6160927378112,155.0,1.803974791856846
E:\N9_20251512_PKM2.lif,N9_20251512_PKM2,58,HAMI3379/6/R9,N9_20251512_PKM2_S59_HAMI3379_6_R9,13,15315,9836,0,9836,1,0,0,2168,9836,22,57,19,11.173913043478262,1.477531516876779,107,322.5,12.0,50.0,50.0,0,0,0,0.0,,0,0.0,0.0,,,22,57,19,11.173913043478262,1.477531516876779,107,322.5,12.0,50.0,50.0,125.6519926799512,110.0,1.142290842545011,258.4595363969093,190.0,1.360313349457417,307.1425908667288,191.0,1.6080763919724022,366.3803375355836,155.0,2.3637441131327974,403.1018720069656,155.0,2.600657238754617
E:\N9_20251512_PKM2.lif,N9_20251512_PKM2,58,HAMI3379/6/R9,N9_20251512_PKM2_S59_HAMI3379_6_R9,14,27048,10841,0,10841,1,0,0,0,10841,19,56,13,13.025641025641026,1.5710727792639056,203,337.5,9.0,50.0,97.5,0,0,0,0.0,,0,0.0,0.0,,,19,56,13,13.025641025641026,1.5710727792639056,203,337.5,9.0,50.0,97.5,111.4399040678904,110.0,1.013090036980822,219.6139655013375,190.0,1.155862976322829,201.2429665160041,191.0,1.0536280969424296,248.18955815884144,155.0,1.6012229558634932,250.73917838433968,155.0,1.6176721186086431
E:\N9_20251512_PKM2.lif,N9_20251512_PKM2,58,HAMI3379/6/R9,N9_20251512_PKM2_S59_HAMI3379_6_R9,15,13639,9820,0,9820,1,0,0,0,9820,33,84,24,8.703125,1.329226069246436,91,322.5,10.0,55.0,42.5,0,0,0,0.0,,0,0.0,0.0,,,33,84,24,8.703125,1.329226069246436,91,322.5,10.0,55.0,42.5,115.66751527494908,110.0,1.0515228661359008,217.47902240325865,190.0,1.1446264337013614,211.04154786150715,191.0,1.1049295699555346,302.2987780040733,155.0,1.950314696800473,277.60164219955215,155.0,1.790978336771304
E:\N9_20251512_PKM2.lif,N9_20251512_PKM2,58,HAMI3379/6/R9,N9_20251512_PKM2_S59_HAMI3379_6_R9,16,40882,19239,4643,19217,1,4643,0,9751,19217,29,150,38,12.150537634408602,1.8710951712666977,158,737.5,15.0,80.0,75.0,5,13,2,18.363636363636363,1.6200732285160455,73,192.5,11.0,55.0,35.0,30,151,38,12.073684210526316,1.8732372378623092,158,737.5,15.0,80.0,75.0,249.6659487400388,110.0,2.2696904430912617,227.08087738447944,190.0,1.1951625125498917,278.26260987153483,191.0,1.456872302992329,313.117209834191,155.0,2.020111031188329,382.80536211699166,155.0,2.46971201365801
E:\N9_20251512_PKM2.lif,N9_20251512_PKM2,58,HAMI3379/6/R9,N9_20251512_PKM2_S59_HAMI3379_6_R9,17,27964,20891,0,20891,2,0,0,18834,20891,22,77,14,13.806451612903226,1.4960987985256808,155,412.5,10.0,85.0,75.0,0,0,0,0.0,,0,0.0,0.0,,,22,77,14,13.806451612903226,1.4960987985256808,155,412.5,10.0,85.0,75.0,126.59753003685798,110.0,1.150886636698709,246.5683787276818,190.0,1.297728309093062,272.22924725727694,191.0,1.425284017053806,355.3768608491695,155.0,2.292753940962384,387.2469558599696,155.0,2.498367457161094
E:\N9_20251512_PKM2.lif,N9_20251512_PKM2,58,HAMI3379/6/R9,N9_20251512_PKM2_S59_HAMI3379_6_R9,18,24906,7372,1854,7370,1,0,1854,0,7370,11,37,13,17.5,2.1371405317417254,168,332.5,10.0,45.0,80.0,3,11,2,12.25,1.1984897518878102,43,77.5,7.0,25.0,20.0,11,37,13,17.5,2.137720488466757,168,332.5,10.0,45.0,80.0,118.40830168204016,110.0,1.0764391062003649,375.5728155339806,190.0,1.9766990291262136,220.66915355398805,191.0,1.155335882481613,282.6980466630493,155.0,1.82385836556806,302.75010464629554,155.0,1.9532264815890037
E:\N9_20251512_PKM2.lif,N9_20251512_PKM2,58,HAMI3379/6/R9,N9_20251512_PKM2_S59_HAMI3379_6_R9,19,15760,8146,0,8146,1,0,0,0,8146,18,53,7,12.078947368421051,1.475448072673705,94,287.5,8.0,35.0,45.0,0,0,0,0.0,,0,0.0,0.0,,,18,53,7,12.078947368421051,1.475448072673705,94,287.5,8.0,35.0,45.0,114.73250675178,110.0,1.0430227886525456,233.15627301743183,190.0,1.227138279039115,213.0874048612816,191.0,1.1156408631480712,264.78504787625826,155.0,1.7082906314597308,253.8282387190684,155.0,1.6376015401230222
E:\N9_20251512_PKM2.lif,N9_20251512_PKM2,58,HAMI3379/6/R9,N9_20251512_PKM2_S59_HAMI3379_6_R9,20,17111,6935,1263,6935,1,0,1263,0,6935,14,28,5,16.363636363636363,1.8220620043258835,104,322.5,9.0,50.0,50.0,2,4,1,17.25,1.1694378463974664,54,77.5,5.0,20.0,25.0,14,28,5,16.363636363636363,1.8220620043258835,104,322.5,9.0,50.0,50.0,109.88795962509012,110.0,0.998981451137183,376.30087094220113,190.0,1.9805308996957955,193.51276135544344,191.0,1.013155818614887,233.87685652487383,155.0,1.5088829453217667,232.25827625570776,155.0,1.498440491972308
E:\N9_20251512_PKM2.lif,N9_20251512_PKM2,58,HAMI3379/6/R9,N9_20251512_PKM2_S59_HAMI3379_6_R9,21,26039,9018,0,9018,1,0,0,4820,9018,20,64,22,10.386363636363637,1.445775116433799,115,282.5,7.0,65.0,55.0,0,0,0,0.0,,0,0.0,0.0,,,20,64,22,10.386363636363637,1.445775116433799,115,282.5,7.0,65.0,55.0,122.02528276779772,110.0,1.1093207524345248,253.78709248170327,190.0,1.3357215393773856,256.0709709216363,191.0,1.3406857116316035,282.181414947882,155.0,1.820525257728271,306.8607594936709,155.0,1.979746835443038
E:\N9_20251512_PKM2.lif,N9_20251512_PKM2,58,HAMI3379/6/R9,N9_20251512_PKM2_S59_HAMI3379_6_R9,22,26437,10205,0,10205,1,0,0,0,10205,12,34,7,16.666666666666668,1.607251347378736,115,282.5,6.0,40.0,55.0,0,0,0,0.0,,0,0.0,0.0,,,12,34,7,16.666666666666668,1.607251347378736,115,282.5,6.0,40.0,55.0,112.8109750122489,110.0,1.025554318293172,222.2294953454189,190.0,1.1696289228706258,206.0939735423812,191.0,1.0790260394889066,289.86496815286625,155.0,1.8700965687281692,294.4037816407441,155.0,1.899379236391897
E:\N9_20251512_PKM2.lif,N9_20251512_PKM2,58,HAMI3379/6/R9,N9_20251512_PKM2_S59_HAMI3379_6_R9,23,54653,40334,40334,15468,0,40334,0,14511,15468,42,267,67,11.173652694610778,1.3415232806069322,185,697.5,15.0,125.0,90.0,42,267,67,11.173652694610778,1.3415232806069322,185,697.5,15.0,125.0,90.0,26,126,25,10.25287356321839,1.8846651150762863,167,512.5,9.0,75.0,80.0,825.371150890068,110.0,7.5033740990006175,221.3539693558784,190.0,1.1650208913467284,357.80892869541066,191.0,1.8733451764157627,243.5565527842515,155.0,1.5713325986080742,,155.0,
E:\N9_20251512_PKM2.lif,N9_20251512_PKM2,58,HAMI3379/6/R9,N9_20251512_PKM2_S59_HAMI3379_6_R9,24,105446,67239,67123,28289,1,67123,0,36356,28289,53,348,87,15.785046728971963,1.423296003807314,269,1177.5,20.0,140.0,132.5,54,347,87,15.564814814814817,1.4039747925450292,269,1167.5,20.0,140.0,132.5,49,158,47,12.55084745762712,2.1006751740959384,192,882.5,12.0,115.0,92.5,508.3144227760976,110.0,4.621040207055433,221.92841951843425,190.0,1.1680443132549172,286.99124733244673,191.0,1.5025719755625484,254.68391855916957,155.0,1.6431220552204486,403.08294930875576,155.0,2.6005351568306825
E:\N9_20251512_PKM2.lif,N9_20251512_PKM2,58,HAMI3379/6/R9,N9_20251512_PKM2_S59_HAMI3379_6_R9,25,52528,21801,21261,11394,0,21261,0,31148,11394,24,140,29,13.46987951807229,1.7417090959130317,205,757.5,14.0,65.0,100.0,21,139,31,13.235294117647058,1.669535769719204,178,637.5,16.0,90.0,85.0,27,80,20,10.435483870967742,2.003510619624364,164,472.5,8.0,50.0,80.0,388.09468040073375,110.0,3.5281334581884884,212.4365854777304,190.0,1.118087291988055,342.0085235238042,191.0,1.790620542009446,266.84863079675245,155.0,1.7216040696564674,,155.0,
E:\N9_20251512_PKM2.lif,N9_20251512_PKM2,58,HAMI3379/6/R9,N9_20251512_PKM2_S59_HAMI3379_6_R9,26,90201,39704,38487,17326,2,38487,0,33491,17326,45,227,64,14.20125786163522,1.4832006850695143,177,1097.5,20.0,125.0,85.0,52,273,68,13.066298342541437,1.5301010730896147,176,1182.5,19.0,115.0,85.0,14,63,12,17.046511627906977,1.5959251991227057,129,427.5,14.0,90.0,62.5,358.11092057058227,110.0,3.25555382336893,209.53581503123112,190.0,1.1028200791117428,338.67219030785094,191.0,1.7731528288369158,238.43501914164816,155.0,1.5382904460751496,329.5568345323741,155.0,2.126173126015317
E:\N9_20251512_PKM2.lif,N9_20251512_PKM2,58,HAMI3379/6/R9,N9_20251512_PKM2_S59_HAMI3379_6_R9,27,20042,7742,0,7742,1,0,0,0,7742,5,13,2,27.1,1.528158098682511,95,217.5,7.0,40.0,45.0,0,0,0,0.0,,0,0.0,0.0,,,5,13,2,27.1,1.528158098682511,95,217.5,7.0,40.0,45.0,122.77357272022734,110.0,1.1161233883657031,212.18754843709635,190.0,1.1167765707215598,199.57427021441487,191.0,1.0448914670911773,286.3726427279773,155.0,1.847565436954692,312.3508430609598,155.0,2.015166729425547
E:\N9_20251512_PKM2.lif,N9_20251512_PKM2,58,HAMI3379/6/R9,N9_20251512_PKM2_S59_HAMI3379_6_R9,28,100024,39142,36159,22560,1,33304,7721,6462,22560,48,196,54,15.563909774436093,2.033646722190997,184,1372.5,22.0,155.0,90.0,43,185,43,14.775193798449612,2.097181891092121,327,1257.5,12.0,165.0,160.0,29,87,9,21.33333333333333,2.74020390070922,320,927.5,13.0,185.0,159.8360655737705,287.33869805428776,110.0,2.612169982311707,737.8992358502785,190.0,3.883680188685677,298.2929857231533,191.0,1.5617433807494938,235.57751264626236,155.0,1.5198549202984666,367.9479865771812,155.0,2.3738579779172984
E:\N9_20251512_PKM2.lif,N9_20251512_PKM2,60,vehicle/5/R13,N9_20251512_PKM2_S61_vehicle_5_R13,1,42002,12674,12674,4405,1,0,12674,174,4405,12,54,16,16.939393939393938,2.1168534006627744,222,422.5,9.0,115.0,107.5,12,54,16,16.939393939393938,2.1168534006627744,222,422.5,9.0,115.0,107.5,8,43,9,8.538461538461538,1.1434733257661749,60,132.5,7.0,35.0,27.5,108.82389143127664,106.0,1.026640485200723,649.0813476408396,190.0,3.416217619162313,298.2980769230769,189.0,1.5782967032967032,229.928436168534,149.0,1.5431438669029127,280.30054332284817,149.0,1.8812117001533435
E:\N9_20251512_PKM2.lif,N9_20251512_PKM2,60,vehicle/5/R13,N9_20251512_PKM2_S61_vehicle_5_R13,3,42521,11051,0,11051,1,0,0,10037,11051,13,33,5,17.692307692307693,1.906162338249932,167,327.5,7.0,60.0,80.0,0,0,0,0.0,,0,0.0,0.0,,,13,33,5,17.692307692307693,1.906162338249932,167,327.5,7.0,60.0,80.0,113.57840919373812,106.0,1.07149442635602,232.06850058818208,190.0,1.221413160990432,268.46206225680936,189.0,1.42043419183497,357.66111664102795,149.0,2.400410178798845,419.840321453529,149.0,2.817720278211604
E:\N9_20251512_PKM2.lif,N9_20251512_PKM2,60,vehicle/5/R13,N9_20251512_PKM2_S61_vehicle_5_R13,4,17924,6446,0,6446,1,0,0,5790,6446,3,11,1,28.11111111111111,1.1310890474713,70,147.5,6.0,55.0,32.5,0,0,0,0.0,,0,0.0,0.0,,,3,11,1,28.11111111111111,1.1310890474713,70,147.5,6.0,55.0,32.5,148.2269624573379,106.0,1.3983675703522442,197.85975798945083,190.0,1.0413671473128991,259.49192492361414,189.0,1.3729731477439902,327.5190816009929,149.0,2.1981146416174018,344.2378839590444,149.0,2.3103213688526467
E:\N9_20251512_PKM2.lif,N9_20251512_PKM2,60,vehicle/5/R13,N9_20251512_PKM2_S61_vehicle_5_R13,5,144076,31091,31082,10583,1,0,31082,0,10583,37,171,42,14.290598290598291,2.331993181306488,222,1157.5,14.0,85.0,107.5,37,171,42,14.290598290598291,2.3326684254552474,222,1157.5,14.0,85.0,107.5,9,33,4,22.818181818181817,1.8917131248228287,165,365.0,7.0,55.0,80.0,109.62976424045544,106.0,1.0342430588722211,543.3871050768934,190.0,2.859932131983649,205.76227847286995,189.0,1.088689304089259,216.1548679682223,149.0,1.4507038118672635,313.1031894934334,149.0,2.101363687875392
E:\N9_20251512_PKM2.lif,N9_20251512_PKM2,60,vehicle/5/R13,N9_20251512_PKM2_S61_vehicle_5_R13,6,29036,5317,0,5317,1,0,0,3071,5317,8,14,4,19.83333333333333,1.6727477901072032,93,222.5,5.0,30.0,45.0,0,0,0,0.0,,0,0.0,0.0,,,8,14,4,19.83333333333333,1.6727477901072032,93,222.5,5.0,30.0,45.0,112.40925333834868,106.0,1.060464654135365,196.233402294527,190.0,1.0328073804975104,195.8773946360153,189.0,1.0363883314074886,213.36185819070903,149.0,1.4319587798034166,209.95652173913044,149.0,1.4091041727458418
E:\N9_20251512_PKM2.lif,N9_20251512_PKM2,60,vehicle/5/R13,N9_20251512_PKM2_S61_vehicle_5_R13,7,22444,5918,944,5918,1,0,944,0,5918,12,46,8,9.161290322580646,1.5833051706657657,86,192.5,8.0,45.0,40.0,1,21,2,9.625,1.1546610169491525,33,37.5,5.0,20.0,12.5,12,46,8,9.161290322580646,1.5833051706657657,86,192.5,8.0,45.0,40.0,113.65005069280164,106.0,1.0721702895547325,356.4819915254237,190.0,1.876221008028546,207.5212909766813,189.0,1.0979962485538697,257.9322406218317,149.0,1.7310888632337698,246.18763591177384,149.0,1.652266012830697
E:\N9_20251512_PKM2.lif,N9_20251512_PKM2,60,vehicle/5/R13,N9_20251512_PKM2_S61_vehicle_5_R13,9,55595,7643,0,7643,1,0,0,13189,7643,5,33,9,14.523809523809524,1.1223341619782807,72,152.5,12.0,50.0,32.5,0,0,0,0.0,,0,0.0,0.0,,,5,33,9,14.523809523809524,1.1223341619782807,72,152.5,12.0,50.0,32.5,117.75219154782154,106.0,1.110869731583222,227.59780191024467,190.0,1.197883167948656,289.67003827227995,189.0,1.5326457051443385,352.2584063849274,149.0,2.364150378422332,357.50394656952034,149.0,2.3993553461041635
E:\N9_20251512_PKM2.lif,N9_20251512_PKM2,60,vehicle/5/R13,N9_20251512_PKM2_S61_vehicle_5_R13,10,33569,12505,269,12505,1,0,269,0,12505,27,146,51,8.136842105263158,1.4167932826869252,119,450.0,12.0,55.0,57.5,5,9,1,2.7142857142857144,1.1301115241635689,22,17.5,3.0,10.0,7.5,27,146,51,8.136842105263158,1.4167932826869252,119,450.0,12.0,55.0,57.5,111.05677728908437,106.0,1.0477054461234374,376.5204460966543,190.0,1.9816865584034435,208.14906037584967,189.0,1.1013177797664004,245.62910835665733,149.0,1.648517505749378,250.73784470246736,149.0,1.682804326862197
E:\N9_20251512_PKM2.lif,N9_20251512_PKM2,60,vehicle/5/R13,N9_20251512_PKM2_S61_vehicle_5_R13,11,15393,6387,0,6387,1,0,0,0,6387,3,9,1,46.333333333333336,1.5519023015500235,92,222.5,9.0,40.0,42.5,0,0,0,0.0,,0,0.0,0.0,,,3,9,1,46.333333333333336,1.5519023015500235,92,222.5,9.0,40.0,42.5,110.09018318459373,106.0,1.0385866338169218,202.6759041803664,190.0,1.066715285159823,188.69610145608263,189.0,0.9983920711962044,253.10036010646627,149.0,1.6986601349427266,229.02869352869357,149.0,1.5371053256959295
E:\N9_20251512_PKM2.lif,N9_20251512_PKM2,60,vehicle/5/R13,N9_20251512_PKM2_S61_vehicle_5_R13,12,23635,9222,5376,8779,1,0,5376,0,8779,5,37,13,11.517241379310343,1.1706788115376274,76,197.5,13.0,60.0,35.0,4,6,0,39.4,1.5267857142857142,80,137.5,5.0,45.0,37.5,7,43,16,10.787878787878787,1.1866955234081331,77,272.5,12.0,60.0,35.0,112.62318369117328,106.0,1.0624828650110687,510.91090029761904,190.0,2.689004738408521,200.73866840164823,189.0,1.0621093566224773,362.7202342225114,149.0,2.4343639880705465,329.73746390128645,149.0,2.2130031134314527
E:\N9_20251512_PKM2.lif,N9_20251512_PKM2,60,vehicle/5/R13,N9_20251512_PKM2_S61_vehicle_5_R13,13,42487,11441,11192,7797,1,0,11192,1906,7797,18,74,13,11.901960784313726,1.5115811554934009,108,337.5,11.0,60.0,50.0,19,97,19,9.5,1.5444960686204432,108,322.5,10.0,60.0,50.0,8,49,17,8.75,1.1473643709118893,79,202.5,7.0,50.0,37.5,113.92352067127,106.0,1.074750195011981,626.389474624732,190.0,3.296786708551221,266.360972122945,189.0,1.4093173128198146,351.1429070885412,149.0,2.356663805963364,403.515227517019,149.0,2.7081558893759667
E:\N9_20251512_PKM2.lif,N9_20251512_PKM2,60,vehicle/5/R13,N9_20251512_PKM2_S61_vehicle_5_R13,14,79177,25813,24327,11027,1,0,24327,0,11027,34,154,31,13.576923076923077,2.5294618990431177,262,872.5,13.0,100.0,127.5,28,144,33,14.516129032258064,2.4300160315698607,263,767.5,11.0,100.0,130.0,22,66,20,12.06122448979592,3.0079804117166957,148,507.5,10.0,80.0,70.0,110.43772517723627,106.0,1.0418653318607196,666.7712418300654,190.0,3.5093223254213965,208.5248130786813,189.0,1.103305889305192,231.1919188006044,149.0,1.5516236161114387,260.29103519136913,149.0,1.7469196992709335
E:\N9_20251512_PKM2.lif,N9_20251512_PKM2,60,vehicle/5/R13,N9_20251512_PKM2_S61_vehicle_5_R13,15,80801,24062,23850,12374,1,0,23850,0,12374,26,118,27,15.746666666666666,2.242540104729449,239,757.5,12.0,90.0,117.5,29,133,33,14.44047619047619,2.2624737945492663,238,757.5,10.0,85.0,117.5,12,51,9,14.0,1.6954097300791984,128,342.5,6.0,75.0,60.0,118.62858449006733,106.0,1.119137589528937,665.3005450733752,190.0,3.50158181617566,217.1332391322417,189.0,1.148853117101808,279.7911644917297,149.0,1.8777930502800653,380.1003259688519,149.0,2.551008899119811
E:\N9_20251512_PKM2.lif,N9_20251512_PKM2,60,vehicle/5/R13,N9_20251512_PKM2_S61_vehicle_5_R13,16,52479,8594,0,8594,1,0,0,5613,8594,9,23,6,19.94117647058824,1.2585524784733535,90,197.5,7.0,60.0,42.5,0,0,0,0.0,,0,0.0,0.0,,,9,23,6,19.94117647058824,1.2585524784733535,90,197.5,7.0,60.0,42.5,113.91319525250177,106.0,1.07465278540096,225.64370491040265,190.0,1.187598446896856,280.4781199351702,189.0,1.484011216588202,340.4895275773796,149.0,2.285164614613286,315.006043956044,149.0,2.114134523194926
E:\N9_20251512_PKM2.lif,N9_20251512_PKM2,60,vehicle/5/R13,N9_20251512_PKM2_S61_vehicle_5_R13,17,17156,7674,935,7674,1,0,935,0,7674,14,35,2,11.592592592592592,1.2279124315871774,75,252.5,12.0,50.0,35.0,5,17,8,6.3,2.819251336898396,86,92.5,4.0,10.0,45.0,14,35,2,11.592592592592592,1.2279124315871774,75,252.5,12.0,50.0,35.0,114.16757883763356,106.0,1.077052630543713,356.7946524064172,190.0,1.8778665916127215,194.58717748240807,189.0,1.029561785621207,360.9783685170706,149.0,2.422673614208528,342.55963581183613,149.0,2.299057958468699
E:\N9_20251512_PKM2.lif,N9_20251512_PKM2,60,vehicle/5/R13,N9_20251512_PKM2_S61_vehicle_5_R13,18,17842,7768,0,7768,1,0,0,4314,7768,6,10,0,21.77777777777778,1.060247167868177,70,107.5,5.0,45.0,32.5,0,0,0,0.0,,0,0.0,0.0,,,6,10,0,21.77777777777778,1.060247167868177,70,107.5,5.0,45.0,32.5,120.31990216271883,106.0,1.135093416629423,224.71176622039133,190.0,1.1826935064231123,248.3676731793961,189.0,1.3141146729068576,399.2036560247168,149.0,2.6792191679511195,381.74604267033726,149.0,2.56205397765327
E:\N9_20251512_PKM2.lif,N9_20251512_PKM2,60,vehicle/5/R13,N9_20251512_PKM2_S61_vehicle_5_R13,19,25921,11970,3378,11782,1,0,3378,4892,11782,18,68,17,10.891304347826088,1.197827903091061,93,252.5,13.0,70.0,45.0,7,34,15,9.04,1.655417406749556,62,135.0,6.0,30.0,30.0,18,64,17,11.065217391304348,1.2169410965880156,94,267.5,9.0,70.0,45.0,116.40710108604846,106.0,1.0981801989249855,373.7430432208407,190.0,1.9670686485307407,256.86837146702555,189.0,1.359091912523945,434.5118629908104,149.0,2.9161869999383248,483.7288912867548,149.0,3.2465026260856025
E:\N9_20251512_PKM2.lif,N9_20251512_PKM2,60,vehicle/5/R13,N9_20251512_PKM2_S61_vehicle_5_R13,21,29989,6455,160,6451,1,160,0,19279,6451,5,19,5,17.384615384615383,1.1439194422927963,75,117.5,6.0,45.0,35.0,3,3,1,2.333333333333333,1.0875,19,27.5,5.0,10.0,7.5,5,19,5,17.307692307692307,1.1446287397302743,75,117.5,6.0,45.0,35.0,266.5625,106.0,2.514740566037736,218.40914020139428,190.0,1.149521790533654,251.3889227023737,189.0,1.3301001201183795,283.18838109992254,149.0,1.9005931617444465,277.2492908919004,149.0,1.8607334959187944
E:\N9_20251512_PKM2.lif,N9_20251512_PKM2,60,vehicle/5/R13,N9_20251512_PKM2_S61_vehicle_5_R13,22,53371,8692,0,8692,1,0,0,15835,8692,9,37,11,13.62962962962963,1.265186378278877,107,287.5,13.0,65.0,50.0,0,0,0,0.0,,0,0.0,0.0,,,9,37,11,13.62962962962963,1.265186378278877,107,287.5,13.0,65.0,50.0,114.36769443166128,106.0,1.0789405135062389,250.56132075471697,190.0,1.3187437934458788,265.3414464534075,189.0,1.4039229971079763,342.8810400368155,149.0,2.3012150338041306,312.1489491318916,149.0,2.0949593901469235
E:\N9_20251512_PKM2.lif,N9_20251512_PKM2,60,vehicle/5/R13,N9_20251512_PKM2_S61_vehicle_5_R13,23,68970,4667,0,4667,1,0,0,31785,4667,3,3,0,57.66666666666666,1.3865438182986929,66,172.5,10.0,40.0,30.0,0,0,0,0.0,,0,0.0,0.0,,,3,3,0,57.66666666666666,1.3865438182986929,66,172.5,10.0,40.0,30.0,114.57167345189627,106.0,1.080864843885814,233.1206342404114,190.0,1.226950706528481,278.6876111440427,189.0,1.4745376251007551,268.95478894364686,149.0,1.805065697608368,238.0437121721587,149.0,1.597608806524555
E:\N9_20251512_PKM2.lif,N9_20251512_PKM2,60,vehicle/5/R13,N9_20251512_PKM2_S61_vehicle_5_R13,24,46901,9196,3188,9196,1,0,3188,31464,9196,12,59,16,10.658536585365852,1.2758808177468464,98,262.5,9.0,50.0,47.5,4,21,10,10.0,1.4761606022584692,65,127.5,5.0,30.0,30.0,12,59,16,10.658536585365852,1.2758808177468464,98,262.5,9.0,50.0,47.5,115.2995867768595,106.0,1.0877319507250895,389.7634880803011,190.0,2.051386779370006,345.2453611190408,189.0,1.8266950323758773,334.38908220965635,149.0,2.244222028252727,318.6623918878616,149.0,2.138673771059474
E:\N9_20251512_PKM2.lif,N9_20251512_PKM2,60,vehicle/5/R13,N9_20251512_PKM2_S61_vehicle_5_R13,26,59975,8423,6597,7440,1,0,6597,37074,7440,14,34,5,12.689655172413794,1.3068977798884007,79,277.5,15.0,70.0,37.5,9,33,5,14.15,1.3042291950886766,76,162.5,7.0,55.0,35.0,13,51,13,10.457142857142856,1.3013440860215053,76,232.5,12.0,65.0,35.0,117.5971744034192,106.0,1.109407305692634,545.1849325450962,190.0,2.869394381816296,362.4712414223332,189.0,1.917837256202821,307.7508013771815,149.0,2.065441619981084,266.0909344490934,149.0,1.7858451976449223
E:\N9_20251512_PKM2.lif,N9_20251512_PKM2,62,vehicle/5/R11,N9_20251512_PKM2_S63_vehicle_5_R11,1,186961,94833,94472,20434,2,93487,6987,103675,20434,58,341,82,17.930434782608696,1.787911381059336,346,2042.5,21.0,215.0,161.5873015873016,58,346,82,17.956521739130434,1.717916419679905,300,2002.5,21.0,215.0,147.5,30,128,24,13.602409638554215,5.55980229030048,415,777.5,15.0,95.0,132.82051282051282,434.98440424871904,116.0,3.749865553868268,787.2474595677687,187.0,4.209879462929244,360.9486122965536,200.0,1.804743061482768,204.21720287241783,156.0,1.30908463379755,305.64459346186084,156.0,1.959260214499108
E:\N9_20251512_PKM2.lif,N9_20251512_PKM2,62,vehicle/5/R11,N9_20251512_PKM2_S63_vehicle_5_R11,2,27979,8370,0,8370,1,0,0,16732,8370,9,30,7,17.666666666666668,2.441457586618877,198,287.5,9.0,50.0,88.4,0,0,0,0.0,,0,0.0,0.0,,,9,30,7,17.666666666666668,2.441457586618877,198,287.5,9.0,50.0,88.4,130.92628434886498,116.0,1.1286748650764222,195.55746714456396,187.0,1.0457618563880424,314.07666666666665,200.0,1.5703833333333332,281.0927120669056,156.0,1.8018763594032408,286.2407282535401,156.0,1.8348764631637189
E:\N9_20251512_PKM2.lif,N9_20251512_PKM2,62,vehicle/5/R11,N9_20251512_PKM2_S63_vehicle_5_R11,3,57428,33269,25550,20407,2,6292,20921,30809,20407,34,106,30,16.584415584415584,1.5243019026721574,203,647.5,14.0,110.0,97.5,34,108,32,14.098765432098766,1.5082583170254402,210,567.5,11.0,85.0,102.5,28,106,25,12.76388888888889,1.5530455235948448,142,462.5,10.0,100.0,67.5,251.77082008900192,116.0,2.170438104215534,1037.3836814683812,187.0,5.547506318012734,315.4930147538843,200.0,1.5774650737694216,286.25928041119363,156.0,1.8349953872512408,362.9796185489903,156.0,2.3267924265960915
E:\N9_20251512_PKM2.lif,N9_20251512_PKM2,62,vehicle/5/R11,N9_20251512_PKM2_S63_vehicle_5_R11,4,17749,6357,2377,6159,1,2377,0,10289,6159,8,30,8,15.090909090909092,1.4316501494415603,85,212.5,11.0,50.0,40.0,5,9,1,21.428571428571427,1.7959612957509463,89,112.5,4.0,80.0,44.333333333333336,7,27,7,14.25,1.3380418899171944,84,247.5,14.0,50.0,40.0,256.42785023138407,116.0,2.210584915787794,202.30297310051915,187.0,1.0818340807514393,368.2594558725946,200.0,1.841297279362973,246.3059619317288,156.0,1.5788843713572358,233.6759379042691,156.0,1.4979226788735198
E:\N9_20251512_PKM2.lif,N9_20251512_PKM2,62,vehicle/5/R11,N9_20251512_PKM2_S63_vehicle_5_R11,5,90465,64245,64245,10976,1,64245,0,48182,10976,66,342,65,13.644444444444444,1.434508522063974,277,1277.5,18.0,130.0,135.0,66,342,65,13.644444444444444,1.434508522063974,277,1277.5,18.0,130.0,135.0,15,56,7,13.214285714285714,2.760112973760933,265,377.5,10.0,75.0,92.22222222222224,580.0520040470076,116.0,5.000448310750065,193.14567670635847,187.0,1.032864581317425,290.5280444513042,200.0,1.452640222256521,203.1027317300957,156.0,1.3019405880134345,306.23707721761326,156.0,1.963058187292393
E:\N9_20251512_PKM2.lif,N9_20251512_PKM2,62,vehicle/5/R11,N9_20251512_PKM2_S63_vehicle_5_R11,6,31226,7755,2771,7755,1,0,2771,8123,7755,9,33,19,14.73076923076923,1.389813023855577,88,252.5,8.0,45.0,40.0,3,9,1,22.33333333333333,1.5117286178274991,60,127.5,5.0,35.0,27.5,9,33,19,14.73076923076923,1.389813023855577,88,252.5,8.0,45.0,40.0,120.01212121212122,116.0,1.0345872518286312,400.0241789967521,187.0,2.1391667326029524,258.3879518072289,200.0,1.2919397590361443,362.7411992263056,156.0,2.325264097604523,368.9605488850772,156.0,2.365131723622289
E:\N9_20251512_PKM2.lif,N9_20251512_PKM2,62,vehicle/5/R11,N9_20251512_PKM2_S63_vehicle_5_R11,7,35544,20734,7288,16720,3,7288,0,20603,16720,36,98,22,13.307692307692308,1.7040609626700105,164,702.5,14.0,75.0,80.0,15,39,6,12.029411764705882,2.299259055982437,249,310.0,4.0,120.0,140.5,31,85,19,12.35820895522388,1.6654306220095694,121,562.5,10.0,40.0,57.5,281.0030186608123,116.0,2.4224398160414853,240.34084113051028,187.0,1.285245139735349,305.5487307532252,200.0,1.5277436537661258,279.50120574901126,156.0,1.7916743958269952,270.97891156462583,156.0,1.7370443049014477
E:\N9_20251512_PKM2.lif,N9_20251512_PKM2,62,vehicle/5/R11,N9_20251512_PKM2_S63_vehicle_5_R11,8,61062,29511,24077,20845,2,24077,0,53267,20845,28,120,29,13.7375,1.6806275626037748,179,587.5,9.0,90.0,87.5,29,119,30,12.585365853658535,1.7228059974249283,179,567.5,11.0,100.0,87.5,18,93,24,14.87878787878788,1.8619812904773327,171,517.5,11.0,90.0,82.5,386.13195165510655,116.0,3.328723721164712,224.5704652502457,187.0,1.2009115788783191,448.0483432159051,200.0,2.2402417160795256,290.54003591881,156.0,1.8624361276846797,338.68233046800384,156.0,2.1710405799231016
E:\N9_20251512_PKM2.lif,N9_20251512_PKM2,62,vehicle/5/R11,N9_20251512_PKM2_S63_vehicle_5_R11,9,51860,35405,34603,14926,1,34603,0,34304,14926,60,296,73,10.237113402061857,1.32919079226098,172,737.5,23.0,110.0,82.5,55,273,68,10.607734806629834,1.3254342109065689,173,757.5,40.0,110.0,85.0,30,107,26,9.013513513513514,1.7440707490285408,147,392.5,17.0,65.0,70.0,1041.5276421119556,116.0,8.978686569930652,231.20076260415195,187.0,1.2363677144607057,341.9456645641766,200.0,1.7097283228208828,333.5036576754696,156.0,2.1378439594581384,465.2902485659656,156.0,2.9826297984997794
E:\N9_20251512_PKM2.lif,N9_20251512_PKM2,62,vehicle/5/R11,N9_20251512_PKM2_S63_vehicle_5_R11,10,14436,6186,0,6186,1,0,0,6082,6186,7,33,7,15.052631578947368,1.196087940510831,75,132.5,6.0,50.0,35.0,0,0,0,0.0,,0,0.0,0.0,,,7,33,7,15.052631578947368,1.196087940510831,75,132.5,6.0,50.0,35.0,130.0119624959586,116.0,1.1207927801375743,221.94584545748464,187.0,1.18687617891703,301.0421753607103,200.0,1.5052108768035517,341.13385063045587,156.0,2.1867554527593325,344.5351775956284,156.0,2.208558830741208
E:\N9_20251512_PKM2.lif,N9_20251512_PKM2,62,vehicle/5/R11,N9_20251512_PKM2_S63_vehicle_5_R11,11,17831,8774,4235,4768,1,4235,0,2925,4768,19,58,10,12.744186046511627,1.6609300205151585,125,392.5,9.0,55.0,60.0,10,31,4,12.136363636363637,1.923022432113341,151,195.0,5.0,40.0,50.0,12,28,6,12.791666666666666,1.7921560402684564,75,207.5,7.0,50.0,35.0,247.46092089728447,116.0,2.13328380083866,198.083884203328,187.0,1.0592721080391871,275.7654109589041,200.0,1.3788270547945205,217.99772053795303,156.0,1.3974212854996988,232.3122249388753,156.0,1.4891809290953546
E:\N9_20251512_PKM2.lif,N9_20251512_PKM2,62,vehicle/5/R11,N9_20251512_PKM2_S63_vehicle_5_R11,12,11683,6078,0,6078,1,0,0,3724,6078,8,28,5,14.045454545454543,1.3937150378413952,140,237.5,5.0,40.0,69.6,0,0,0,0.0,,0,0.0,0.0,,,8,28,5,14.045454545454543,1.3937150378413952,140,237.5,5.0,40.0,69.6,129.99489963803882,116.0,1.120645686534817,220.16748930569267,187.0,1.1773662529716185,245.17093373493972,200.0,1.2258546686746987,267.4916090819348,156.0,1.7146898018072745,260.014896373057,156.0,1.666762156237545
E:\N9_20251512_PKM2.lif,N9_20251512_PKM2,62,vehicle/5/R11,N9_20251512_PKM2_S63_vehicle_5_R11,13,8999,5135,0,5135,1,0,0,7841,5135,12,36,9,11.608695652173912,1.703407984420643,81,227.5,9.0,35.0,37.5,0,0,0,0.0,,0,0.0,0.0,,,12,36,9,11.608695652173912,1.703407984420643,81,227.5,9.0,35.0,37.5,131.90613437195717,116.0,1.1371218480341134,231.26757546251216,187.0,1.2367250024733272,289.990811965812,200.0,1.44995405982906,307.3618305744888,156.0,1.9702681447082613,340.0173317210802,156.0,2.1795982802633347
E:\N9_20251512_PKM2.lif,N9_20251512_PKM2,62,vehicle/5/R11,N9_20251512_PKM2_S63_vehicle_5_R11,14,27648,9653,2712,7028,1,2712,0,17736,7028,24,73,12,11.037735849056604,2.2747332435512275,139,450.0,12.0,70.0,67.5,7,26,7,9.421052631578949,1.6087758112094397,67,112.5,4.0,55.0,30.0,21,49,9,11.0,2.1792828685258963,228,317.5,4.0,95.0,121.66666666666669,241.7146017699115,116.0,2.083746566981996,226.60602921371597,187.0,1.21179694766693,312.56243093922654,200.0,1.5628121546961329,269.85724645188026,156.0,1.7298541439223094,292.2596749226006,156.0,1.873459454632055
E:\N9_20251512_PKM2.lif,N9_20251512_PKM2,62,vehicle/5/R11,N9_20251512_PKM2_S63_vehicle_5_R11,15,10681,6610,0,6610,1,0,0,2100,6610,8,68,23,8.023255813953488,1.1874432677760969,71,197.5,14.0,50.0,32.5,0,0,0,0.0,,0,0.0,0.0,,,8,68,23,8.023255813953488,1.1874432677760969,71,197.5,14.0,50.0,32.5,131.8927382753404,116.0,1.1370063644425896,220.8694402420575,187.0,1.1811200012944252,265.8668373879641,200.0,1.3293341869398207,320.8512859304085,156.0,2.0567390123744134,341.0675168792198,156.0,2.1863302364052557
E:\N9_20251512_PKM2.lif,N9_20251512_PKM2,62,vehicle/5/R11,N9_20251512_PKM2_S63_vehicle_5_R11,16,45229,22346,21117,12383,1,0,21117,11828,12383,45,182,51,10.818897637795276,1.7427280050120828,143,797.5,19.0,95.0,67.5,39,187,47,10.375,1.65520670549794,136,707.5,16.0,85.0,65.0,23,82,20,12.403508771929824,2.238068319470241,140,517.5,8.0,95.0,67.5,122.81155464065156,116.0,1.058720298626307,541.2346450726902,187.0,2.8943029148272204,279.8462361755262,200.0,1.399231180877631,252.8723708941197,156.0,1.6209767365007677,297.0912052117264,156.0,1.904430802639272
E:\N9_20251512_PKM2.lif,N9_20251512_PKM2,62,vehicle/5/R11,N9_20251512_PKM2_S63_vehicle_5_R11,17,14475,8853,0,8853,1,0,0,6158,8853,13,61,11,12.13157894736842,1.4249406980684514,92,332.5,15.0,65.0,42.5,0,0,0,0.0,,0,0.0,0.0,,,13,61,11,12.13157894736842,1.4249406980684514,92,332.5,15.0,65.0,42.5,120.15960691291087,116.0,1.0358586802837144,215.51485372190217,187.0,1.1524858487802254,275.6113360323887,200.0,1.3780566801619434,255.9601265107873,156.0,1.640770041735816,252.6079098067287,156.0,1.6192814731200558
E:\N9_20251512_PKM2.lif,N9_20251512_PKM2,62,vehicle/5/R11,N9_20251512_PKM2_S63_vehicle_5_R11,18,20675,7936,0,7936,1,0,0,16647,7936,20,86,34,8.736842105263158,1.4908014112903225,97,312.5,13.0,45.0,45.0,0,0,0,0.0,,0,0.0,0.0,,,20,86,34,8.736842105263158,1.4908014112903225,97,312.5,13.0,45.0,45.0,128.61983366935485,116.0,1.108791669563404,256.3545866935484,187.0,1.3708801427462485,288.756784660767,200.0,1.443783923303835,314.0015120967742,156.0,2.0128302057485525,329.7292250233427,156.0,2.113648878354761
E:\N9_20251512_PKM2.lif,N9_20251512_PKM2,62,vehicle/5/R11,N9_20251512_PKM2_S63_vehicle_5_R11,19,6844,5788,0,5788,1,0,0,0,5788,5,25,6,15.058823529411764,1.168106427090532,62,157.5,13.0,50.0,27.5,0,0,0,0.0,,0,0.0,0.0,,,5,25,6,15.058823529411764,1.168106427090532,62,157.5,13.0,50.0,27.5,124.62629578438148,116.0,1.0743646188308749,231.15480304077403,187.0,1.2361219413945137,226.5302349689012,200.0,1.1326511748445058,353.42242570836214,156.0,2.2655283699253985,312.47296859825184,156.0,2.003031849988794
E:\N9_20251512_PKM2.lif,N9_20251512_PKM2,62,vehicle/5/R11,N9_20251512_PKM2_S63_vehicle_5_R11,20,20365,6602,0,6602,1,0,0,10727,6602,7,29,9,12.19047619047619,1.2147833989700092,66,232.5,16.0,55.0,30.0,0,0,0,0.0,,0,0.0,0.0,,,7,29,9,12.19047619047619,1.2147833989700092,66,232.5,16.0,55.0,30.0,126.44229021508632,116.0,1.0900197432335028,226.52029687973345,187.0,1.2113384859878793,291.8478215981829,200.0,1.4592391079909146,334.47667373523177,156.0,2.1440812418925117,315.226102292769,156.0,2.020680142902365
E:\N9_20251512_PKM2.lif,N9_20251512_PKM2,62,vehicle/5/R11,N9_20251512_PKM2_S63_vehicle_5_R11,21,13520,11322,8170,11319,1,0,8170,1663,11319,10,34,7,18.541666666666668,1.1161455573220278,80,212.5,22.0,65.0,37.5,6,33,7,13.304347826086955,1.272093023255814,74,200.0,12.0,60.0,37.5,10,34,7,18.541666666666668,1.1164413817475043,80,212.5,22.0,65.0,37.5,130.00768415474298,116.0,1.1207558978857153,613.0064871481028,187.0,3.2781095569417262,281.2883534136546,200.0,1.406441767068273,561.8278572690338,156.0,3.601460623519447,614.7717842323651,156.0,3.940844770720289
E:\N9_20251512_PKM2.lif,N9_20251512_PKM2,62,vehicle/5/R11,N9_20251512_PKM2_S63_vehicle_5_R11,22,37757,9668,9133,5974,1,9133,0,1608,5974,16,62,10,10.866666666666667,2.598779478692594,176,357.5,7.0,55.0,85.0,15,61,11,10.159090909090908,2.4006350596737107,172,322.5,6.0,50.0,82.5,5,29,9,15.333333333333334,1.4209909608302644,123,197.5,6.0,35.0,60.0,316.5619183181868,116.0,2.7289820544671275,214.55802647910636,187.0,1.1473691255567184,265.4251082251082,200.0,1.327125541125541,262.56309474555235,156.0,1.683096761189438,308.2958500669344,156.0,1.9762554491470157
E:\N9_20251512_PKM2.lif,N9_20251512_PKM2,62,vehicle/5/R11,N9_20251512_PKM2_S63_vehicle_5_R11,23,24190,10765,5207,7626,1,5207,0,14405,7626,13,61,12,15.5,1.843660009289364,128,437.5,12.0,80.0,62.5,13,29,3,11.8,2.0835413865949683,179,285.0,6.0,45.0,94.03225806451611,12,44,10,15.538461538461538,2.03842119066352,121,287.5,7.0,50.0,57.5,276.3938928365662,116.0,2.3827059727290187,185.5474222015792,187.0,0.9922322042865198,301.0094454600853,200.0,1.5050472273004265,207.59098931723176,156.0,1.3307114699822549,227.1000234796901,156.0,1.4557693812800645
E:\N9_20251512_PKM2.lif,N9_20251512_PKM2,62,vehicle/5/R11,N9_20251512_PKM2_S63_vehicle_5_R11,24,52793,12406,59,12406,1,59,0,12561,12406,16,92,14,12.844827586206897,2.781879735611801,173,432.5,9.0,70.0,78.5,2,0,0,9.0,1.1016949152542372,16,5.0,2.0,5.0,5.0,16,92,14,12.844827586206897,2.781879735611801,173,432.5,9.0,70.0,78.5,245.84745762711864,116.0,2.11937463471654,214.5262776076092,187.0,1.1471993454952365,285.4895410552607,200.0,1.4274477052763035,259.41173625665,156.0,1.6628957452349358,246.87944862155388,156.0,1.5825605680868835
E:\N9_20251512_PKM2.lif,N9_20251512_PKM2,62,vehicle/5/R11,N9_20251512_PKM2_S63_vehicle_5_R11,25,20386,12074,0,12074,2,0,0,2660,12074,15,87,42,10.0,1.2130197117773729,107,222.5,7.0,70.0,50.0,0,0,0,0.0,,0,0.0,0.0,,,15,87,42,10.0,1.2130197117773729,107,222.5,7.0,70.0,50.0,124.84454199105517,116.0,1.0762460516470274,249.8540665893656,187.0,1.3361180031516875,269.7775041050903,200.0,1.3488875205254516,347.6397217160841,156.0,2.2284597545902827,333.28115942028984,156.0,2.1364176885916017
E:\N9_20251512_PKM2.lif,N9_20251512_PKM2,62,vehicle/5/R11,N9_20251512_PKM2_S63_vehicle_5_R11,27,14889,2552,89,2550,1,89,0,1020,2550,6,20,9,13.533333333333331,2.57641065830721,87,147.5,4.0,15.0,40.0,2,6,0,2.6666666666666665,1.1685393258426966,19,7.5,1.0,5.0,7.5,6,16,8,15.307692307692308,2.574901960784313,87,147.5,4.0,15.0,40.0,233.80898876404493,116.0,2.015594730724525,187.2296238244514,187.0,1.0012279348901143,228.73037542662115,200.0,1.1436518771331057,186.96669278996865,156.0,1.1985044409613377,181.82864109953448,156.0,1.165568212176503
E:\N9_20251512_PKM2.lif,N9_20251512_PKM2,62,vehicle/5/R11,N9_20251512_PKM2_S63_vehicle_5_R11,28,14702,5304,0,5304,1,0,0,3415,5304,7,19,3,14.571428571428571,1.226998491704374,68,112.5,8.0,45.0,32.5,0,0,0,0.0,,0,0.0,0.0,,,7,19,3,14.571428571428571,1.226998491704374,68,112.5,8.0,45.0,32.5,121.32315233785822,116.0,1.0458892442918812,203.3163650075415,187.0,1.0872532888103823,268.25545851528386,200.0,1.3412772925764194,264.4690799396682,156.0,1.6953146149978728,254.29056347589952,156.0,1.6300677145890994
E:\N9_20251512_PKM2.lif,N9_20251512_PKM2,62,vehicle/5/R11,N9_20251512_PKM2_S63_vehicle_5_R11,29,91508,52498,52498,9514,1,52498,0,17197,9514,34,175,33,17.825,2.9614461503295364,387,1277.5,11.0,175.0,190.0,34,175,33,17.825,2.9614461503295364,387,1277.5,11.0,175.0,190.0,5,11,1,33.3,1.3869035106159344,147,247.5,5.0,50.0,70.0,532.9835803268696,116.0,4.5946860373006,186.8031544058821,187.0,0.9989473497640756,320.0638186000657,200.0,1.6003190930003286,180.97428473465652,156.0,1.160091568811901,287.0213119291448,156.0,1.8398802046740048
E:\N9_20251512_PKM2.lif,N9_20251512_PKM2,62,vehicle/5/R11,N9_20251512_PKM2_S63_vehicle_5_R11,30,29295,27595,0,27595,1,0,0,184,27595,3,3,1,72.66666666666667,1.0493567675303497,129,342.5,25.0,95.0,62.5,0,0,0,0.0,,0,0.0,0.0,,,3,3,1,72.66666666666667,1.0493567675303497,129,342.5,25.0,95.0,62.5,129.63924624026092,116.0,1.1175797089677666,212.0141692335568,187.0,1.1337656108746352,313.45652173913044,200.0,1.5672826086956522,462.1626381590868,156.0,2.9625810138403,485.3307288330985,156.0,3.111094415596785
E:\N9_20251512_PKM2.lif,N9_20251512_PKM2,62,vehicle/5/R11,N9_20251512_PKM2_S63_vehicle_5_R11,31,22714,11232,1393,11232,2,1393,0,15059,11232,7,49,11,18.677419354838708,1.7661146723646723,113,342.5,8.0,55.0,55.0,12,29,13,5.115384615384615,1.598707824838478,61,117.5,9.0,25.0,27.5,7,49,11,18.677419354838708,1.7661146723646723,113,342.5,8.0,55.0,55.0,217.5233309404164,116.0,1.8752011287966928,190.90527065527064,187.0,1.020883800295565,317.44458987783594,200.0,1.5872229493891796,283.1433404558405,156.0,1.8150214131784643,284.2769297235023,156.0,1.822288011048092
E:\N9_20251512_PKM2.lif,N9_20251512_PKM2,62,vehicle/5/R11,N9_20251512_PKM2_S63_vehicle_5_R11,32,123864,79204,79204,8821,1,79204,0,33336,8821,58,289,69,16.21693121693122,1.9254330589364173,292,1747.5,18.0,205.0,142.5,58,289,69,16.21693121693122,1.9254330589364173,292,1747.5,18.0,205.0,142.5,16,29,12,13.62962962962963,1.5449495522049654,110,307.5,8.0,50.0,52.5,539.810805009848,116.0,4.653541422498689,180.30699207110752,187.0,0.964208513749238,339.3230915426037,200.0,1.6966154577130186,174.39677289025806,156.0,1.1179280313478082,258.9991724137931,156.0,1.6602511052166222
E:\N9_20251512_PKM2.lif,N9_20251512_PKM2,62,vehicle/5/R11,N9_20251512_PKM2_S63_vehicle_5_R11,33,51317,36570,33537,7591,1,33537,0,1817,7591,29,179,34,15.035398230088497,1.4129067541700848,165,877.5,13.0,105.0,80.0,28,168,32,14.98148148148148,1.4688552941527269,168,777.5,11.0,115.0,82.5,10,32,8,21.318181818181817,2.6399683836121723,202,372.5,4.0,30.0,97.5,364.76181530846526,116.0,3.144498407831597,161.35242001640688,187.0,0.8628471658631384,305.2828162291169,200.0,1.5264140811455846,156.41312551271534,156.0,1.002648240466124,202.12497007421595,156.0,1.295672885091128
E:\N9_20251512_PKM2.lif,N9_20251512_PKM2,64,vehicle/5/R7,N9_20251512_PKM2_S65_vehicle_5_R7,1,17301,5980,5734,1351,0,5734,0,1292,1351,10,22,2,19.41176470588235,1.815217391304348,96,252.5,6.0,20.0,45.0,11,29,4,14.636363636363637,1.893093826299268,96,242.5,7.0,60.0,45.0,4,4,1,15.0,1.300518134715026,49,77.5,4.0,20.0,22.5,254.03522846180675,106.0,2.396558759073649,176.35234113712374,189.0,0.9330811700376918,272.9482517482517,191.0,1.4290484384725222,194.5852842809365,145.0,1.3419674777995618,,145.0,
E:\N9_20251512_PKM2.lif,N9_20251512_PKM2,64,vehicle/5/R7,N9_20251512_PKM2_S65_vehicle_5_R7,2,27572,21045,0,21045,1,0,0,0,21045,18,55,15,17.181818181818183,1.2271323354716084,126,362.5,11.0,90.0,60.0,0,0,0,0.0,,0,0.0,0.0,,,18,55,15,17.181818181818183,1.2271323354716084,126,362.5,11.0,90.0,60.0,108.60052268947491,106.0,1.0245332329195749,224.3984794488002,189.0,1.187293542057144,174.89693513898789,191.0,0.9156907598899888,379.6364457115705,145.0,2.6181823842177274,406.4277996787852,145.0,2.802950342612312
E:\N9_20251512_PKM2.lif,N9_20251512_PKM2,64,vehicle/5/R7,N9_20251512_PKM2_S65_vehicle_5_R7,3,11521,5957,0,5957,1,0,0,0,5957,8,22,2,17.166666666666668,1.395333221420178,69,295.0,15.0,55.0,32.5,0,0,0,0.0,,0,0.0,0.0,,,8,22,2,17.166666666666668,1.395333221420178,69,295.0,15.0,55.0,32.5,108.71814671814673,106.0,1.0256428935674218,192.88064461977504,189.0,1.0205325112157408,179.36662749706227,191.0,0.9390922905605354,233.90800738626825,145.0,1.6131586716294362,220.56122177954848,145.0,1.5211118743417136
E:\N9_20251512_PKM2.lif,N9_20251512_PKM2,64,vehicle/5/R7,N9_20251512_PKM2_S65_vehicle_5_R7,4,41115,24168,24138,10891,1,0,24138,0,10891,25,123,33,13.370786516853933,1.6497020854021849,207,732.5,16.0,75.0,100.0,25,145,38,12.489583333333334,1.651752423564504,207,732.5,16.0,75.0,100.0,27,138,50,7.629213483146067,2.0631714259480303,135,477.5,9.0,45.0,65.0,109.54170804369414,106.0,1.0334123400348505,664.5168613803961,189.0,3.515962229525905,194.10944223766964,191.0,1.016279802291464,254.69136875206885,145.0,1.75649219829013,327.1202815099168,145.0,2.2560019414477024
E:\N9_20251512_PKM2.lif,N9_20251512_PKM2,64,vehicle/5/R7,N9_20251512_PKM2_S65_vehicle_5_R7,5,23813,12333,11980,8242,1,0,11980,127,8242,8,48,9,20.107142857142858,1.5939349712154385,124,322.5,10.0,50.0,60.0,8,51,20,16.705882352941178,1.5580133555926543,116,352.5,10.0,75.0,55.0,11,39,8,13.35483870967742,1.6009463722397477,118,252.5,8.0,50.0,57.5,113.51763561177329,106.0,1.0709210906771065,730.3025041736227,189.0,3.864034413617051,318.5511811023622,191.0,1.66780723090242,295.36479364307144,145.0,2.0369985768487684,311.9115669132481,145.0,2.151114254574125
E:\N9_20251512_PKM2.lif,N9_20251512_PKM2,64,vehicle/5/R7,N9_20251512_PKM2_S65_vehicle_5_R7,6,25206,8894,51,8894,1,51,0,19745,8894,17,45,14,11.405405405405403,1.1179446818079604,81,237.5,15.0,60.0,37.5,2,0,0,7.0,1.0980392156862746,17,7.5,3.0,5.0,5.0,17,45,14,11.405405405405403,1.1179446818079604,81,237.5,15.0,60.0,37.5,237.35294117647055,106.0,2.2391786903440623,241.0942208230268,189.0,1.2756307980054329,292.05,191.0,1.529057591623037,408.53002023836297,145.0,2.817448415436986,405.6817462828219,145.0,2.797805146778082
E:\N9_20251512_PKM2.lif,N9_20251512_PKM2,64,vehicle/5/R7,N9_20251512_PKM2_S65_vehicle_5_R7,7,52704,28854,28832,11503,1,0,28832,0,11503,40,180,41,12.533898305084746,1.6005406529423998,163,777.5,17.0,90.0,77.5,39,193,38,12.283333333333331,1.6017619311875693,163,777.5,17.0,90.0,77.5,31,139,35,8.068965517241379,1.8092671477006,186,357.5,6.0,140.0,91.61764705882354,108.75310182297082,106.0,1.025972658707272,667.0971490011099,189.0,3.529614544979417,204.3204754973314,191.0,1.069740709410112,276.5722603451861,145.0,1.9073948989323184,348.8897689768977,145.0,2.4061363377717084
E:\N9_20251512_PKM2.lif,N9_20251512_PKM2,64,vehicle/5/R7,N9_20251512_PKM2_S65_vehicle_5_R7,8,55646,7514,0,7514,1,0,0,33831,7514,5,52,13,11.35483870967742,1.264306627628427,90,212.5,10.0,45.0,42.5,0,0,0,0.0,,0,0.0,0.0,,,5,52,13,11.35483870967742,1.264306627628427,90,212.5,10.0,45.0,42.5,148.49760447165292,106.0,1.400920796902386,221.7556561085973,189.0,1.173310349780938,299.8085324232082,191.0,1.569678180226221,330.5721320202289,145.0,2.279807807036061,322.7809364548495,145.0,2.2260754238265483
E:\N9_20251512_PKM2.lif,N9_20251512_PKM2,64,vehicle/5/R7,N9_20251512_PKM2_S65_vehicle_5_R7,9,34453,9267,133,9175,1,0,133,0,9175,20,98,13,9.73015873015873,1.4743714254882918,110,307.5,6.0,30.0,52.5,2,0,0,3.0,1.0902255639097744,18,2.5,1.0,5.0,5.0,19,97,13,9.754098360655735,1.4891553133514983,110,307.5,6.0,30.0,52.5,118.22876874932555,106.0,1.1153657429181658,435.3533834586466,189.0,2.3034570553367546,216.5192618970541,191.0,1.1336087010316966,243.18301499946045,145.0,1.6771242413755894,237.9317338609943,145.0,1.6409085093861675
E:\N9_20251512_PKM2.lif,N9_20251512_PKM2,64,vehicle/5/R7,N9_20251512_PKM2_S65_vehicle_5_R7,10,12676,8276,4823,8203,1,0,4823,0,8203,6,43,14,15.538461538461538,1.234654422426293,99,237.5,10.0,45.0,47.5,5,22,11,14.176470588235292,1.5409496164213146,79,232.5,7.0,40.0,37.5,6,39,13,16.608695652173914,1.2401560404729977,100,222.5,10.0,45.0,47.5,112.2543499275012,106.0,1.0590033012028417,490.61538461538464,189.0,2.595848595848596,209.2044465925568,191.0,1.095311238704486,390.55787820202994,145.0,2.6935026082898617,339.32929857231534,145.0,2.340202059119416
E:\N9_20251512_PKM2.lif,N9_20251512_PKM2,64,vehicle/5/R7,N9_20251512_PKM2_S65_vehicle_5_R7,11,55828,20613,20332,8607,1,0,20332,0,8607,17,160,35,11.8125,1.8976859263571533,175,712.5,18.0,70.0,85.0,18,158,46,11.67,1.923913043478261,175,720.0,18.0,70.0,85.0,5,27,5,20.285714285714285,2.420587893574997,143,312.5,5.0,35.0,67.5,108.26357153252802,106.0,1.0213544484200756,449.4612433602204,189.0,2.3781018167207426,208.21534953670013,191.0,1.0901327200874351,201.53733081065343,145.0,1.3899126262803687,224.88511105017824,145.0,1.5509318003460568
E:\N9_20251512_PKM2.lif,N9_20251512_PKM2,64,vehicle/5/R7,N9_20251512_PKM2_S65_vehicle_5_R7,12,24816,14164,2373,14164,1,0,2373,5234,14164,16,52,10,14.026315789473683,1.2514826320248518,130,297.5,6.0,70.0,62.5,5,23,11,9.352941176470589,1.603455541508639,72,157.5,7.0,45.0,32.5,16,52,10,14.026315789473683,1.2514826320248518,130,297.5,6.0,70.0,62.5,114.8538548432646,106.0,1.0835269324836283,385.4201432785504,189.0,2.039260017346827,251.9970420035496,191.0,1.319356240856281,374.27541654899744,145.0,2.5812097693034306,400.481201171875,145.0,2.761939318426724
E:\N9_20251512_PKM2.lif,N9_20251512_PKM2,64,vehicle/5/R7,N9_20251512_PKM2_S65_vehicle_5_R7,14,19184,6228,0,6228,2,0,0,0,6228,11,17,1,20.866666666666667,1.6844894026974953,107,307.5,7.0,30.0,50.0,0,0,0,0.0,,0,0.0,0.0,,,11,17,1,20.866666666666667,1.6844894026974953,107,307.5,7.0,30.0,50.0,109.85067437379575,106.0,1.0363271167339223,198.86624919717408,189.0,1.052202376704625,189.3151894669236,191.0,0.991179002444626,238.66040462427745,145.0,1.6459338249950168,211.71804600426844,145.0,1.4601244552018513
E:\N9_20251512_PKM2.lif,N9_20251512_PKM2,64,vehicle/5/R7,N9_20251512_PKM2_S65_vehicle_5_R7,19,49718,7112,0,7112,1,0,0,3913,7112,0,0,0,225.0,1.2871203599550056,74,162.5,6.0,55.0,35.0,0,0,0,0.0,,0,0.0,0.0,,,0,0,0,225.0,1.2871203599550056,74,162.5,6.0,55.0,35.0,128.0561023622047,106.0,1.2080764373792898,199.2134420697413,189.0,1.0540393760303772,296.22774566473987,191.0,1.5509306055745542,253.77179415073115,145.0,1.750150304487801,235.1169971671388,145.0,1.6214965321871642
E:\N9_20251512_PKM2.lif,N9_20251512_PKM2,66,vehicle/5/R3,N9_20251512_PKM2_S67_vehicle_5_R3,1,52691,27193,27179,10429,1,27179,0,16183,10429,23,90,23,20.31578947368421,1.9418600375096533,188,877.5,21.0,110.0,92.5,23,90,23,20.31578947368421,1.9428602965524853,188,872.5,21.0,110.0,92.5,6,33,8,23.05,1.8531019273180556,167,387.5,13.0,55.0,80.0,523.1044924390154,119.0,4.395836070916096,196.99812451733905,201.0,0.9800901717280548,293.32010096374484,203.0,1.4449266057327332,232.42194682455045,183.0,1.2700652831942647,258.7001370801919,183.0,1.4136619512578792
E:\N9_20251512_PKM2.lif,N9_20251512_PKM2,66,vehicle/5/R3,N9_20251512_PKM2_S67_vehicle_5_R3,2,14184,8526,7518,6973,1,7518,0,1067,6973,16,56,12,12.783783783783784,1.3810696692470092,86,262.5,11.0,55.0,40.0,9,49,20,12.857142857142858,1.412875764831072,85,252.5,13.0,55.0,40.0,14,32,5,13.64,1.5042306037573498,82,222.5,7.0,70.0,37.5,304.9804469273743,119.0,2.562860898549364,186.53506920009383,201.0,0.9280351701497206,264.2496570644719,203.0,1.3017224485934575,261.0310813980765,183.0,1.4263993519020572,269.96449704142015,183.0,1.4752158308274326
E:\N9_20251512_PKM2.lif,N9_20251512_PKM2,66,vehicle/5/R3,N9_20251512_PKM2_S67_vehicle_5_R3,4,36527,27858,27384,15388,1,27384,0,29558,15388,31,139,30,13.83157894736842,1.2976164835953763,146,622.5,19.0,85.0,70.0,35,117,20,14.883720930232558,1.3200774174700556,146,637.5,19.0,85.0,70.0,29,161,54,9.0990099009901,1.865154665973486,141,662.5,18.0,70.0,67.5,456.9569091440257,119.0,3.839974026420384,227.8415535932228,201.0,1.133540067627974,355.0706549331528,203.0,1.7491165267642996,253.816210783258,183.0,1.3869738294167102,293.58709899965504,183.0,1.604301087429809
E:\N9_20251512_PKM2.lif,N9_20251512_PKM2,66,vehicle/5/R3,N9_20251512_PKM2_S67_vehicle_5_R3,5,13964,8451,8451,0,0,8451,0,7836,0,9,15,2,23.6,1.520530114779316,105,262.5,8.0,50.0,50.0,9,15,2,23.6,1.520530114779316,105,262.5,8.0,50.0,50.0,0,0,0,0.0,,0,0.0,0.0,,,467.5504674003077,119.0,3.928995524372333,216.1946515205301,201.0,1.0755952811966671,340.7816961981765,203.0,1.678727567478702,194.28328008519705,183.0,1.0616572682251204,,183.0,
E:\N9_20251512_PKM2.lif,N9_20251512_PKM2,66,vehicle/5/R3,N9_20251512_PKM2_S67_vehicle_5_R3,6,66631,32431,32379,9329,1,32379,0,25299,9329,36,180,39,14.28688524590164,1.714131540809719,185,987.5,13.0,125.0,90.0,36,189,42,13.55813953488372,1.706198461966089,185,987.5,13.0,125.0,90.0,16,44,8,14.838709677419354,2.462857755386429,190,317.5,8.0,55.0,87.90322580645162,323.01556564439915,119.0,2.714416518020161,197.4206777466005,201.0,0.9821924266000024,285.28446876315314,203.0,1.4053422106559268,214.1801054546576,183.0,1.1703830899161618,303.1701317715959,183.0,1.656667386730032
E:\N9_20251512_PKM2.lif,N9_20251512_PKM2,66,vehicle/5/R3,N9_20251512_PKM2_S67_vehicle_5_R3,7,26761,12752,10286,9249,0,10286,0,24343,9249,33,128,18,10.244186046511627,2.0455614805520703,133,572.5,17.0,75.0,65.0,33,104,26,10.319444444444445,2.3871281353295744,132,522.5,10.0,75.0,62.5,17,55,20,13.386363636363637,2.744945399502649,132,522.5,10.0,120.0,62.5,263.21748006999803,119.0,2.2119115972268744,299.0593632371393,201.0,1.4878575285429816,433.1539229553208,203.0,2.13376316726759,244.3628450439147,183.0,1.335316093136146,,183.0,
E:\N9_20251512_PKM2.lif,N9_20251512_PKM2,66,vehicle/5/R3,N9_20251512_PKM2_S67_vehicle_5_R3,9,25708,8748,0,8748,1,0,0,21054,8748,17,41,3,14.294117647058824,1.6742112482853224,101,312.5,9.0,65.0,47.5,0,0,0,0.0,,0,0.0,0.0,,,17,41,3,14.294117647058824,1.6742112482853224,101,312.5,9.0,65.0,47.5,142.13008687700045,119.0,1.194370477957987,212.37151348879743,201.0,1.0565746939741163,320.89264833934567,203.0,1.5807519622627866,275.39334705075447,183.0,1.5048816778729752,284.0154273372416,183.0,1.5519968706953091
E:\N9_20251512_PKM2.lif,N9_20251512_PKM2,66,vehicle/5/R3,N9_20251512_PKM2_S67_vehicle_5_R3,10,79439,28473,17006,19754,1,17006,0,49278,19754,44,179,35,13.126050420168069,2.545323639939592,468,1052.5,12.0,260.0,230.0,22,128,17,13.547945205479452,2.3221216041397152,237,660.0,11.0,70.0,120.0,40,128,37,11.75824175824176,3.660625696061557,468,802.5,10.0,260.0,284.25,281.4827119840056,119.0,2.365400941042064,211.94366592912584,201.0,1.05444609914988,315.96710860627337,203.0,1.556488219735337,270.178695606364,183.0,1.4763863147888738,365.524907063197,183.0,1.997403863733317
E:\N9_20251512_PKM2.lif,N9_20251512_PKM2,66,vehicle/5/R3,N9_20251512_PKM2_S67_vehicle_5_R3,11,24648,14633,11557,8022,0,11557,0,21440,8022,31,99,28,10.972972972972974,1.6093077291054465,131,497.5,11.0,80.0,62.5,21,72,17,11.055555555555555,1.473219693692135,111,377.5,8.0,65.0,52.5,20,50,10,12.833333333333334,2.1408626277736227,103,357.5,10.0,55.0,47.5,338.62308557584146,119.0,2.845572147696146,217.13059522995968,201.0,1.0802517175619886,369.8038607644003,203.0,1.8216938953911344,231.98886079409556,183.0,1.26769869286391,,183.0,
E:\N9_20251512_PKM2.lif,N9_20251512_PKM2,66,vehicle/5/R3,N9_20251512_PKM2_S67_vehicle_5_R3,12,54421,35616,24523,30723,2,3643,24474,44198,30723,38,172,24,14.095652173913043,1.591279200359389,309,747.5,7.0,235.0,152.5,29,98,11,15.101449275362318,1.5363128491620113,309,452.5,5.0,200.0,152.5,29,131,30,14.494505494505496,1.7971877746313836,177,752.5,10.0,115.0,85.0,217.94208070271756,119.0,1.8314460563253572,577.1864018958895,201.0,2.87157413878552,327.046361794693,203.0,1.611065821648734,314.5286388140162,183.0,1.718735731224132,316.73456680306,183.0,1.7307899825303823
E:\N9_20251512_PKM2.lif,N9_20251512_PKM2,66,vehicle/5/R3,N9_20251512_PKM2_S67_vehicle_5_R3,13,13176,8261,135,8261,1,135,0,7430,8261,6,16,4,27.33333333333333,1.3618206028325868,82,192.5,8.0,50.0,37.5,3,3,1,4.5,1.362962962962963,22,17.5,3.0,10.0,7.5,6,16,4,27.33333333333333,1.3618206028325868,82,192.5,8.0,50.0,37.5,202.1925925925926,119.0,1.6990974167444757,222.7491829076383,201.0,1.1082048900877528,348.8211227402474,203.0,1.7183306538928445,304.75184602348384,183.0,1.6653106340081083,325.0986608362941,183.0,1.7764954144059786
E:\N9_20251512_PKM2.lif,N9_20251512_PKM2,66,vehicle/5/R3,N9_20251512_PKM2_S67_vehicle_5_R3,14,50938,40809,32583,33327,3,19065,24925,45861,33327,39,174,43,14.669354838709678,1.3377196206719106,180,692.5,13.0,115.0,87.5,30,169,45,13.433333333333334,1.4282294448025044,152,682.5,16.0,120.0,72.5,39,190,36,13.887096774193548,1.6380412278332883,178,917.5,14.0,115.0,85.0,297.04332546551274,119.0,2.496162398869855,824.0827683049148,201.0,4.099914270173706,368.1563366498124,203.0,1.8135780130532635,332.21255115293195,183.0,1.8153691319832348,322.63105963105966,183.0,1.7630112548145336
E:\N9_20251512_PKM2.lif,N9_20251512_PKM2,66,vehicle/5/R3,N9_20251512_PKM2_S67_vehicle_5_R3,15,15039,6377,0,6377,0,0,0,11966,6377,13,61,11,10.54054054054054,2.016308609063823,110,342.5,10.0,40.0,52.5,0,0,0,0.0,,0,0.0,0.0,,,13,61,11,10.54054054054054,2.016308609063823,110,342.5,10.0,40.0,52.5,136.9717735612357,119.0,1.1510233072372746,243.88035126234908,201.0,1.2133350809072094,306.7970024663252,203.0,1.5113152830853458,257.4753018660812,183.0,1.4069688626561816,,183.0,
E:\N9_20251512_PKM2.lif,N9_20251512_PKM2,66,vehicle/5/R3,N9_20251512_PKM2_S67_vehicle_5_R3,16,20900,15146,0,15146,1,0,0,17623,15146,17,30,14,20.785714285714285,1.422091641357454,217,337.5,11.0,165.0,107.25,0,0,0,0.0,,0,0.0,0.0,,,17,30,14,20.785714285714285,1.422091641357454,217,337.5,11.0,165.0,107.25,140.53822791496106,119.0,1.1809935118904291,229.45411329724016,201.0,1.141562752722588,274.6555659787367,203.0,1.352983083639097,353.277102865443,183.0,1.9304759719423117,329.8954074860632,183.0,1.8027071447325853
E:\N9_20251512_PKM2.lif,N9_20251512_PKM2,66,vehicle/5/R3,N9_20251512_PKM2_S67_vehicle_5_R3,17,40665,18789,12543,17378,1,12543,0,14587,17378,22,130,41,11.662650602409638,1.85911969769546,147,672.5,15.0,95.0,70.0,13,57,14,13.595238095238097,2.080363549390098,142,447.5,10.0,75.0,67.5,20,116,41,11.608108108108109,1.877028426746461,148,572.5,9.0,95.0,70.0,285.9024954157697,119.0,2.40254197828378,216.0478471446059,201.0,1.0748649111671935,323.1389732266078,203.0,1.5918176021015162,294.16222257703976,183.0,1.6074438392187964,362.7258064516129,183.0,1.9821082319760268
E:\N9_20251512_PKM2.lif,N9_20251512_PKM2,66,vehicle/5/R3,N9_20251512_PKM2_S67_vehicle_5_R3,18,29094,17973,513,17973,1,513,0,28152,17973,29,147,30,10.604395604395604,1.52456462471485,149,587.5,12.0,65.0,72.5,6,12,3,5.111111111111111,1.8869395711500971,56,92.5,7.0,45.0,27.142857142857142,29,147,30,10.604395604395604,1.52456462471485,149,587.5,12.0,65.0,72.5,219.21052631578948,119.0,1.8421052631578947,239.38880543036777,201.0,1.1909890817431232,415.6600790513834,203.0,2.0475865963122333,365.11789907082846,183.0,1.995179776343325,259.09296657381617,183.0,1.415808560512657
E:\N9_20251512_PKM2.lif,N9_20251512_PKM2,66,vehicle/5/R3,N9_20251512_PKM2_S67_vehicle_5_R3,19,109520,62969,60289,10561,1,60289,0,7704,10561,60,317,54,16.023474178403756,1.7163207292477252,226,1927.5,22.0,140.0,110.0,54,285,51,17.11578947368421,1.7157358722154954,216,1932.5,28.0,140.0,105.0,14,60,16,14.571428571428571,4.94138812612442,361,517.5,9.0,310.0,184.44444444444449,345.4848977425401,119.0,2.903234434811261,213.00133398974097,201.0,1.059708129302194,285.19825479930194,203.0,1.4049175113266106,203.09931871238228,183.0,1.1098323426906136,289.19024018299655,183.0,1.5802745365191069
E:\N9_20251512_PKM2.lif,N9_20251512_PKM2,66,vehicle/5/R3,N9_20251512_PKM2_S67_vehicle_5_R3,20,20395,15556,1240,15536,2,0,1240,17735,15536,36,146,40,9.094736842105265,1.3962458215479558,117,552.5,17.0,80.0,55.0,2,0,0,19.0,1.032258064516129,36,52.5,7.0,20.0,15.0,36,146,40,9.094736842105265,1.398043254376931,117,552.5,17.0,80.0,55.0,149.2719208022628,119.0,1.254385889094645,379.4524193548387,201.0,1.887822981864869,334.5244230909223,203.0,1.647903562024248,327.3734893288763,183.0,1.7889261711960454,334.3940116192462,183.0,1.8272896809794876
E:\N9_20251512_PKM2.lif,N9_20251512_PKM2,66,vehicle/5/R3,N9_20251512_PKM2_S67_vehicle_5_R3,21,34228,16526,13757,14300,1,13757,0,24585,14300,21,89,20,10.951612903225806,1.4351325184557666,119,402.5,11.0,60.0,57.5,13,45,7,18.75,1.6388747546703497,119,402.5,10.0,75.0,57.5,22,110,29,9.243589743589745,1.554825174825175,122,437.5,12.0,60.0,57.5,295.20992949044125,119.0,2.480755710003708,219.0557908749849,201.0,1.0898298053481834,327.41926205933106,203.0,1.6129027687651776,297.3383758925329,183.0,1.6247998682652074,382.6951576210595,183.0,2.0912303695139864
E:\N9_20251512_PKM2.lif,N9_20251512_PKM2,66,vehicle/5/R3,N9_20251512_PKM2_S67_vehicle_5_R3,22,16669,7350,2744,7154,1,2744,0,3410,7154,39,101,23,6.05,1.7340136054421769,91,402.5,12.0,70.0,42.5,18,42,13,5.470588235294118,2.2113702623906706,76,162.5,7.0,40.0,35.0,35,93,17,6.095890410958904,1.7531450936539,90,382.5,16.0,70.0,42.5,228.77332361516036,119.0,1.9224649043290785,229.1877551020408,201.0,1.1402375875723425,314.93903074517976,203.0,1.5514237967742843,310.47632653061225,183.0,1.6965919482547118,272.2299872935197,183.0,1.487595558980982
E:\N9_20251512_PKM2.lif,N9_20251512_PKM2,66,vehicle/5/R3,N9_20251512_PKM2_S67_vehicle_5_R3,23,15491,10406,0,10406,0,0,0,13557,10406,21,92,30,8.415384615384616,1.4561791274264848,148,325.0,6.0,120.0,72.5,0,0,0,0.0,,0,0.0,0.0,,,21,92,30,8.415384615384616,1.4561791274264848,148,325.0,6.0,120.0,72.5,189.28003075148956,119.0,1.590588493709996,408.83547953103977,201.0,2.034007360850944,373.267247079568,203.0,1.8387549117220097,315.7540841822026,183.0,1.725432154001107,,183.0,
E:\N9_20251512_PKM2.lif,N9_20251512_PKM2,66,vehicle/5/R3,N9_20251512_PKM2_S67_vehicle_5_R3,24,23812,11142,2825,9281,0,2825,0,20485,9281,38,139,20,8.814432989690722,2.085262968946329,134,582.5,12.0,70.0,65.0,11,41,7,7.730769230769231,1.8120353982300883,69,180.0,5.0,60.0,35.0,39,118,18,8.170454545454545,2.473117120999892,154,557.5,13.0,80.0,75.0,240.6803539823009,119.0,2.0225239830445454,226.04101597558787,201.0,1.1245821690327755,369.28523916658514,203.0,1.8191391091950009,240.95350924430085,183.0,1.316685842865032,,183.0,
E:\N9_20251512_PKM2.lif,N9_20251512_PKM2,66,vehicle/5/R3,N9_20251512_PKM2_S67_vehicle_5_R3,25,50913,36770,33875,18367,1,33832,2267,36485,18367,43,201,44,13.12,1.462251835735654,173,902.5,17.0,105.0,82.5,20,106,18,20.661538461538463,1.561859778597786,173,747.5,12.0,100.0,85.0,56,174,64,8.606060606060606,2.2659116894430227,180,957.5,22.0,95.0,81.93548387096774,446.8567037124616,119.0,3.755098350524887,442.163211292457,201.0,2.1998169716042635,337.7688096574958,203.0,1.6638857618595853,257.6696219744357,183.0,1.4080307211717795,339.8508804795804,183.0,1.8571086365004392
E:\N9_20251512_PKM2.lif,N9_20251512_PKM2,66,vehicle/5/R3,N9_20251512_PKM2_S67_vehicle_5_R3,26,9543,5337,4391,997,0,4391,0,0,997,7,17,9,18.375,1.4337642870526512,70,230.0,13.0,50.0,35.0,6,14,8,15.785714285714286,1.2912776132999315,65,172.5,12.0,40.0,30.0,2,0,0,65.0,1.1394182547642928,45,67.5,3.0,15.0,20.0,272.6064677749943,119.0,2.2908106535713806,240.9136218849541,201.0,1.198575233258478,240.99044406970208,203.0,1.1871450446783354,202.93591905564924,183.0,1.1089394483915258,,183.0,
E:\N9_20251512_PKM2.lif,N9_20251512_PKM2,66,vehicle/5/R3,N9_20251512_PKM2_S67_vehicle_5_R3,27,24407,14232,3281,14100,2,0,3281,21624,14100,21,77,30,11.267857142857142,1.676363125351321,121,422.5,8.0,80.0,57.5,6,8,1,16.444444444444443,1.8811338006705276,122,177.5,6.0,95.0,62.63157894736842,21,77,31,11.285714285714286,1.6788652482269504,121,417.5,8.0,80.0,57.5,137.08993816750984,119.0,1.1520162871219315,394.6068271868333,201.0,1.9632180457056383,346.3363686752712,203.0,1.7060904860850798,309.2187324339517,183.0,1.6897198493658565,315.1763862332696,183.0,1.7222753346080308
E:\N9_20251512_PKM2.lif,N9_20251512_PKM2,66,vehicle/5/R3,N9_20251512_PKM2_S67_vehicle_5_R3,28,9886,8937,7471,8408,1,0,7471,1673,8408,12,46,8,9.82857142857143,1.0808996307485734,77,202.5,14.0,50.0,35.0,4,36,13,11.35,1.1388033730424307,70,167.5,10.0,55.0,32.5,19,69,14,8.630434782608695,1.1204804947668887,76,152.5,8.0,50.0,35.0,132.4686136287345,119.0,1.1131816271322226,803.8891714629902,201.0,3.999448614243733,284.7249011857708,203.0,1.4025857201269496,456.3460892917086,183.0,2.493694477003872,417.74145569620254,183.0,2.282740195061216
E:\N9_20251512_PKM2.lif,N9_20251512_PKM2,66,vehicle/5/R3,N9_20251512_PKM2_S67_vehicle_5_R3,29,7701,4757,0,4757,1,0,0,819,4757,9,23,6,13.529411764705882,1.1847803237334456,62,177.5,18.0,40.0,27.5,0,0,0,0.0,,0,0.0,0.0,,,9,23,6,13.529411764705882,1.1847803237334456,62,177.5,18.0,40.0,27.5,129.78137481606055,119.0,1.0905997883702567,246.5919697288207,201.0,1.226825720043884,274.3549668874172,203.0,1.351502299938016,264.37986125709483,183.0,1.444698695393961,252.87772020725387,183.0,1.3818454656134092
E:\N9_20251512_PKM2.lif,N9_20251512_PKM2,66,vehicle/5/R3,N9_20251512_PKM2_S67_vehicle_5_R3,30,5065,3632,0,3632,0,0,0,189,3632,10,30,5,9.0,1.2315528634361232,55,102.5,9.0,40.0,25.0,0,0,0,0.0,,0,0.0,0.0,,,10,30,5,9.0,1.2315528634361232,55,102.5,9.0,40.0,25.0,128.7601872246696,119.0,1.0820183800392404,308.2307268722467,201.0,1.533486203344511,251.22988505747125,203.0,1.2375856406771983,263.5253303964758,183.0,1.4400291278495945,,183.0,
E:\N9_20251512_PKM2.lif,N9_20251512_PKM2,66,vehicle/5/R3,N9_20251512_PKM2_S67_vehicle_5_R3,31,15819,9054,0,9054,0,0,0,12156,9054,14,52,10,11.305555555555555,1.3711066931742877,85,232.5,12.0,60.0,40.0,0,0,0,0.0,,0,0.0,0.0,,,14,52,10,11.305555555555555,1.3711066931742877,85,232.5,12.0,60.0,40.0,147.01292246520876,119.0,1.2354027097916702,249.47095206538543,201.0,1.241149015250674,312.1810043999393,203.0,1.5378374600982232,314.12215595316985,183.0,1.7165145134052997,,183.0,
E:\N9_20251512_PKM2.lif,N9_20251512_PKM2,66,vehicle/5/R3,N9_20251512_PKM2_S67_vehicle_5_R3,32,22977,11990,11494,7958,1,11494,0,4877,7958,19,61,14,12.235294117647058,1.8053377814845704,115,402.5,7.0,60.0,55.0,19,59,13,13.767441860465116,1.863755002610057,115,402.5,7.0,65.0,55.0,8,26,9,13.5,1.6237748177934157,112,247.5,5.0,45.0,52.5,320.1626935792588,119.0,2.6904428031870484,208.46396997497916,201.0,1.0371341789799955,281.38042620363063,203.0,1.3861104739095105,263.03135946622183,183.0,1.4373298331487532,276.43609725685786,183.0,1.5105797664309173
E:\N9_20251512_PKM2.lif,N9_20251512_PKM2,66,vehicle/5/R3,N9_20251512_PKM2_S67_vehicle_5_R3,33,26421,11903,290,11903,0,290,0,18358,11903,34,104,26,11.14864864864865,2.138368478534823,214,522.5,9.0,90.0,111.71052631578948,3,3,0,7.25,1.196551724137931,28,37.5,5.0,10.0,12.5,34,104,26,11.14864864864865,2.138368478534823,214,522.5,9.0,90.0,111.71052631578948,205.24827586206897,119.0,1.7247754274123444,268.88515500294045,201.0,1.337737089566868,296.8369224109945,203.0,1.4622508493152435,265.6043014366126,183.0,1.451389625336681,,183.0,
E:\N9_20251512_PKM2.lif,N9_20251512_PKM2,66,vehicle/5/R3,N9_20251512_PKM2_S67_vehicle_5_R3,34,19468,11220,6014,10903,1,0,6014,9054,10903,26,113,46,7.61038961038961,1.5655080213903745,110,422.5,14.0,50.0,52.5,14,76,16,8.0,1.449950116395078,148,140.0,4.0,115.0,87.5,26,122,45,7.813333333333333,1.6101073099147023,111,422.5,19.0,50.0,52.5,131.5337789661319,119.0,1.105325873664974,599.1105753242434,201.0,2.980649628478823,317.81020733652315,203.0,1.5655675238252371,374.6977718360071,183.0,2.047528807847033,348.1392739273928,183.0,1.902400403974824
E:\N9_20251512_PKM2.lif,N9_20251512_PKM2,66,vehicle/5/R3,N9_20251512_PKM2_S67_vehicle_5_R3,35,7497,4414,37,4414,1,0,37,0,4414,6,10,2,17.0,1.1567739012233802,62,102.5,6.0,40.0,27.5,2,0,0,10.0,1.2972972972972974,15,12.5,5.0,5.0,5.0,6,10,2,17.0,1.1567739012233802,62,102.5,6.0,40.0,27.5,118.84888989578612,119.0,0.99873016719148,327.05405405405406,201.0,1.6271345972838511,211.5056637970095,203.0,1.0418998216601454,262.3715450838242,183.0,1.433724290075542,259.9715574054804,183.0,1.420609603308636
E:\N9_20251512_PKM2.lif,N9_20251512_PKM2,66,vehicle/5/R3,N9_20251512_PKM2_S67_vehicle_5_R3,36,9540,6660,0,6660,1,0,0,129,6660,3,17,3,20.363636363636363,1.2193693693693697,86,187.5,10.0,45.0,40.0,0,0,0,0.0,,0,0.0,0.0,,,3,17,3,20.363636363636363,1.2193693693693697,86,187.5,10.0,45.0,40.0,152.6006006006006,119.0,1.2823579882403413,234.1993993993994,201.0,1.1651711412905443,314.8125,203.0,1.5508004926108374,324.7996996996997,183.0,1.774861746992895,322.56088435374147,183.0,1.7626277833537785
E:\N9_20251512_PKM2.lif,N9_20251512_PKM2,66,vehicle/5/R3,N9_20251512_PKM2_S67_vehicle_5_R3,37,27250,10646,4384,9683,0,4384,0,0,9683,28,70,10,12.20754716981132,2.4235393575051662,212,462.5,9.0,185.0,102.5,9,30,6,11.318181818181818,1.7347171532846717,74,180.0,9.0,45.0,40.0,27,69,13,11.444444444444445,2.6609521842404216,212,442.5,7.0,85.0,102.5,241.72810218978103,119.0,2.031328589830093,540.4923915085478,201.0,2.689016873176855,266.2738117602855,203.0,1.3116936539915542,260.34670298703736,183.0,1.4226595791641383,,183.0,
E:\N9_20251512_PKM2.lif,N9_20251512_PKM2,66,vehicle/5/R3,N9_20251512_PKM2_S67_vehicle_5_R3,38,2977,2384,0,2384,0,0,0,0,2384,2,0,0,57.0,1.1078020134228188,48,57.5,5.0,30.0,20.0,0,0,0,0.0,,0,0.0,0.0,,,2,0,0,57.0,1.1078020134228188,48,57.5,5.0,30.0,20.0,119.86786912751678,119.0,1.0072930178782924,252.8787751677852,201.0,1.2581033590437076,177.89471476510067,203.0,0.8763286441630576,235.66904362416108,183.0,1.2878089815527929,,183.0,
E:\N9_20251512_PKM2.lif,N9_20251512_PKM2,66,vehicle/5/R3,N9_20251512_PKM2_S67_vehicle_5_R3,39,20705,11369,8172,9893,1,8172,0,8010,9893,14,48,12,16.135135135135137,1.4806931128507343,112,322.5,10.0,55.0,52.5,11,42,14,13.387096774193548,1.4326970141948117,78,227.5,11.0,55.0,37.5,15,65,14,14.078947368421051,1.693217426463156,113,327.5,8.0,55.0,52.5,275.29270680372,119.0,2.313384090787564,235.73480517195884,201.0,1.172809975979895,271.5339702760085,203.0,1.337605764906446,267.88723722403023,183.0,1.4638646842843182,305.46614291058734,183.0,1.6692138956862697
E:\N9_20251512_PKM2.lif,N9_20251512_PKM2,68,vehicle/5/R1,N9_20251512_PKM2_S69_vehicle_5_R1,3,19682,14924,13948,6242,1,13948,0,11531,6242,18,90,25,9.343283582089551,1.340793352988475,123,287.5,7.0,75.0,57.5,15,57,6,14.307692307692308,1.4280900487525092,125,317.5,9.0,60.0,60.0,23,48,18,9.204545454545457,1.9653957065043253,164,317.5,6.0,35.0,80.0,514.9618583309435,125.0,4.119694866647548,226.69726614848565,216.0,1.0495243803170633,305.5393088116411,207.0,1.4760353082687976,208.9243500402037,174.0,1.2007146554034696,202.99223163841808,174.0,1.1666220209104488
E:\N9_20251512_PKM2.lif,N9_20251512_PKM2,68,vehicle/5/R1,N9_20251512_PKM2_S69_vehicle_5_R1,5,13533,9933,9494,4629,0,0,9494,7667,4629,12,47,6,12.12121212121212,1.2240008053961542,79,222.5,12.0,65.0,37.5,14,53,8,11.324324324324325,1.277438382136086,81,237.5,14.0,60.0,37.5,6,14,4,22.363636363636363,1.3456470079930871,76,207.5,14.0,45.0,35.0,140.49994966274036,125.0,1.123999597301923,709.8867705919528,216.0,3.286512826814596,299.8336192109777,207.0,1.4484715903911969,221.82764522299405,174.0,1.2748715242700808,,174.0,
E:\N9_20251512_PKM2.lif,N9_20251512_PKM2,68,vehicle/5/R1,N9_20251512_PKM2_S69_vehicle_5_R1,6,22838,16375,13397,5909,0,13397,0,17301,5909,29,118,31,10.658536585365852,1.4257099236641222,133,495.0,9.0,95.0,65.0,27,69,21,13.196078431372548,1.657983130551616,138,550.0,11.0,30.0,70.0,18,66,17,8.46808510638298,2.9656456253173125,180,272.5,5.0,30.0,88.70967741935483,330.63439576024484,125.0,2.6450751660819587,237.95242748091604,216.0,1.1016316087079447,365.36061732385264,207.0,1.765027136830206,219.0671145038168,174.0,1.2590064051943493,,174.0,
E:\N9_20251512_PKM2.lif,N9_20251512_PKM2,68,vehicle/5/R1,N9_20251512_PKM2_S69_vehicle_5_R1,7,20538,16129,14124,10205,2,10817,5860,11020,10205,12,75,20,13.196078431372548,1.2728625457250915,115,317.5,6.0,70.0,55.0,11,53,13,17.485714285714284,1.4485981308411215,122,342.5,10.0,65.0,57.5,16,84,31,9.583333333333334,1.6229299363057326,106,297.5,6.0,65.0,50.0,382.78478321161134,125.0,3.062278265692891,741.1261092150171,216.0,3.431139394513968,296.56216570243424,207.0,1.432667467161518,239.7928575857152,174.0,1.378119871182271,248.55660974067047,174.0,1.4284862628774164
E:\N9_20251512_PKM2.lif,N9_20251512_PKM2,68,vehicle/5/R1,N9_20251512_PKM2_S69_vehicle_5_R1,8,19034,13572,12562,7079,1,12562,0,12091,7079,29,111,25,11.055555555555555,1.3775419982316537,108,467.5,25.0,70.0,50.0,30,80,18,12.862068965517242,1.4880592262378602,107,407.5,11.0,65.0,50.0,39,160,67,5.94017094017094,1.6147760983189716,85,442.5,14.0,60.0,40.0,383.4797006846044,125.0,3.0678376054768357,247.12857353374596,216.0,1.1441137663599348,316.6722632639355,207.0,1.5298176969272248,230.27593575007367,174.0,1.3234249181038718,236.97551789077207,174.0,1.3619282637400696
E:\N9_20251512_PKM2.lif,N9_20251512_PKM2,68,vehicle/5/R1,N9_20251512_PKM2_S69_vehicle_5_R1,9,4174,3480,671,3462,0,671,0,4170,3462,8,26,4,10.05,1.2206896551724138,57,152.5,10.0,35.0,25.0,4,6,1,6.4,1.052160953800298,29,32.5,4.0,15.0,12.5,10,32,5,9.208333333333334,1.226747544771808,57,157.5,11.0,35.0,25.0,276.3636363636364,125.0,2.210909090909091,250.0859195402299,216.0,1.1578051830566198,455.4044879171461,207.0,2.20002168075916,252.8706896551724,174.0,1.4532798256044392,,174.0,
E:\N9_20251512_PKM2.lif,N9_20251512_PKM2,68,vehicle/5/R1,N9_20251512_PKM2_S69_vehicle_5_R1,10,24643,21574,20912,12876,2,4180,19738,11123,12876,23,97,12,13.952380952380953,1.267590618336887,266,430.0,6.0,15.0,130.0,18,74,10,16.408163265306122,1.2892597551644989,149,417.5,13.0,120.0,72.5,40,166,53,7.454545454545454,1.9383348866107488,256,520.0,9.0,115.0,125.0,293.8808612440191,125.0,2.351046889952153,839.0024318573311,216.0,3.884270517858014,317.3938889432964,207.0,1.5333038113202726,274.9477148419394,174.0,1.5801592807008011,253.2894268909862,174.0,1.4556863614424491
E:\N9_20251512_PKM2.lif,N9_20251512_PKM2,68,vehicle/5/R1,N9_20251512_PKM2_S69_vehicle_5_R1,11,20859,6433,6433,57,0,6433,0,11059,57,8,22,4,16.4375,2.023783615731385,167,287.5,9.0,15.0,87.6923076923077,8,22,4,16.4375,2.023783615731385,167,287.5,9.0,15.0,87.6923076923077,3,3,1,3.5,2.017543859649123,23,20.0,4.0,5.0,7.5,326.33794497124205,125.0,2.6107035597699366,1225.7418000932691,216.0,5.674730555987357,299.6993080310337,207.0,1.447822744111274,240.33157158401988,174.0,1.3812159286437924,,174.0,
E:\N9_20251512_PKM2.lif,N9_20251512_PKM2,68,vehicle/5/R1,N9_20251512_PKM2_S69_vehicle_5_R1,12,49906,33314,20746,30116,3,715,20746,44225,30116,63,225,70,11.44078947368421,1.5367112925496789,202,857.5,13.0,85.0,97.5,52,200,60,9.418439716312056,1.4779716571869277,169,657.5,11.0,75.0,82.5,53,219,70,10.66906474820144,1.69903041572586,200,907.5,13.0,90.0,97.5,230.1958041958042,125.0,1.8415664335664332,538.6837944664031,216.0,2.493906455862977,376.37094246698007,207.0,1.8182171133670533,318.3910368013448,174.0,1.829833544835315,338.7043929611343,174.0,1.946576971041002
E:\N9_20251512_PKM2.lif,N9_20251512_PKM2,68,vehicle/5/R1,N9_20251512_PKM2_S69_vehicle_5_R1,13,21388,20838,20570,12891,2,19856,11642,20129,12891,12,64,20,16.369565217391305,1.0589307995009118,110,257.5,10.0,90.0,52.5,14,60,14,17.071428571428573,1.0727272727272728,112,317.5,14.0,80.0,52.5,16,54,8,12.976190476190476,1.4448064541152743,110,342.5,16.0,65.0,52.5,808.9262187751813,125.0,6.47140975020145,837.709070606425,216.0,3.8782827342890047,393.9932848349189,207.0,1.9033492021010572,311.14727900950186,174.0,1.7882027529281717,312.79252445612497,174.0,1.797658186529454
E:\N9_20251512_PKM2.lif,N9_20251512_PKM2,68,vehicle/5/R1,N9_20251512_PKM2_S69_vehicle_5_R1,14,19928,13713,13634,822,0,13634,0,17197,822,20,95,20,12.873015873015872,1.5806169328374535,151,502.5,11.0,45.0,72.5,20,97,22,13.016129032258064,1.588161948070999,151,527.5,12.0,60.0,72.5,8,8,1,6.545454545454546,7.295620437956204,231,67.5,4.0,20.0,79.5,296.444770426874,125.0,2.371558163414992,255.189819878947,216.0,1.1814343512914212,346.3453815261044,207.0,1.6731660943290068,215.4988696856997,174.0,1.2384992510672397,,174.0,
E:\N9_20251512_PKM2.lif,N9_20251512_PKM2,68,vehicle/5/R1,N9_20251512_PKM2_S69_vehicle_5_R1,15,31036,19515,19501,7723,1,18414,5900,25058,7723,20,70,16,16.18,1.6829618242377655,152,552.5,17.0,105.0,72.5,20,72,16,16.18,1.68417004256192,152,552.5,17.0,105.0,72.5,11,32,8,14.863636363636363,1.4360999611549916,127,242.5,5.0,95.0,60.0,388.8134571521669,125.0,3.110507657217335,661.7798305084746,216.0,3.063795511613308,288.9867033470885,207.0,1.3960710306622632,225.10397130412505,174.0,1.2937009845064658,248.87952256620665,174.0,1.4303420837138312
E:\N9_20251512_PKM2.lif,N9_20251512_PKM2,68,vehicle/5/R1,N9_20251512_PKM2_S69_vehicle_5_R1,16,19837,15126,14792,6728,1,11321,9891,16238,6728,17,59,11,15.23404255319149,1.317664947772048,114,462.5,14.0,65.0,55.0,18,52,12,15.418604651162791,1.341265548945376,114,462.5,14.0,65.0,55.0,19,41,4,12.290322580645162,2.1566587395957195,114,282.5,6.0,45.0,53.5,286.7509937284692,125.0,2.294007949827754,827.3262561924982,216.0,3.830214149039344,331.13201160541587,207.0,1.599671553649352,225.11014147824935,174.0,1.2937364452772953,245.2703703703704,174.0,1.4095998297147725
E:\N9_20251512_PKM2.lif,N9_20251512_PKM2,68,vehicle/5/R1,N9_20251512_PKM2_S69_vehicle_5_R1,17,33992,22123,20832,14499,2,20532,1043,28484,14499,35,89,10,17.615384615384617,1.781675179677259,157,752.5,18.0,100.0,75.0,32,66,6,20.384615384615383,1.8887288786482332,155,742.5,14.0,90.0,75.0,35,131,28,11.584269662921349,2.023311952548452,165,532.5,11.0,75.0,80.0,335.17002727449835,125.0,2.681360218195987,366.1351869606903,216.0,1.695070310003196,326.8161567364466,207.0,1.5788220132195487,250.8310807756633,174.0,1.441557935492318,291.27194913181705,174.0,1.673976719148374
E:\N9_20251512_PKM2.lif,N9_20251512_PKM2,68,vehicle/5/R1,N9_20251512_PKM2_S69_vehicle_5_R1,18,35238,35194,35173,27171,1,30095,34985,34662,27171,5,25,10,32.0,1.0567994544524637,157,332.5,6.0,115.0,75.0,4,36,5,30.23809523809524,1.05743041537543,157,332.5,6.0,115.0,75.0,30,133,27,12.76923076923077,1.346398733944279,151,552.5,10.0,120.0,72.5,938.087954809769,125.0,7.504703638478152,902.8453051307704,216.0,4.179839375605418,450.14691778843377,207.0,2.1746227912484724,353.1697448428709,174.0,2.029711177257879,341.4250093040566,174.0,1.9622126971497504
E:\N9_20251512_PKM2.lif,N9_20251512_PKM2,68,vehicle/5/R1,N9_20251512_PKM2_S69_vehicle_5_R1,19,31068,29077,28512,16575,2,20806,25987,19272,16575,22,72,13,15.145454545454545,1.0945420779310109,137,372.5,9.0,90.0,65.0,23,89,12,15.163934426229508,1.1124438832772163,137,392.5,10.0,95.0,65.0,29,135,40,9.060240963855422,1.5138461538461538,141,432.5,11.0,85.0,67.5,537.8870037489186,125.0,4.303096029991349,1003.334359487436,216.0,4.6450664791085,342.53523809523807,207.0,1.6547596043248216,280.2510231454414,174.0,1.610638064054261,320.8274264535557,174.0,1.8438357842158373
E:\N9_20251512_PKM2.lif,N9_20251512_PKM2,68,vehicle/5/R1,N9_20251512_PKM2_S69_vehicle_5_R1,20,13188,11148,9977,7516,1,561,9477,11747,7516,15,55,12,14.921052631578949,1.273232866881952,181,247.5,6.0,160.0,89.39393939393939,22,48,10,13.805555555555555,1.3667435100731682,181,257.5,6.0,160.0,89.39393939393939,12,45,10,13.142857142857142,1.4435870143693454,102,312.5,12.0,65.0,47.5,234.2959001782531,125.0,1.8743672014260249,661.8142872216946,216.0,3.0639550334337717,272.60923731388635,207.0,1.3169528372651516,284.5018837459634,174.0,1.6350682973905943,317.9020618556701,174.0,1.827023343998104
E:\N9_20251512_PKM2.lif,N9_20251512_PKM2,68,vehicle/5/R1,N9_20251512_PKM2_S69_vehicle_5_R1,21,8374,5075,1825,4902,1,1763,315,5702,4902,9,25,6,15.590909090909092,1.6076847290640397,82,287.5,9.0,30.0,37.5,10,35,10,5.32,2.2673972602739725,116,132.5,5.0,20.0,56.5625,8,29,9,13.75,1.664422684618523,83,242.5,7.0,55.0,37.5,225.9132161089053,125.0,1.8073057288712424,356.4634920634921,216.0,1.6502939447383893,295.10718113612006,207.0,1.4256385562131404,254.70600985221677,174.0,1.463827642828832,247.87600806451613,174.0,1.424574758991472
E:\N9_20251512_PKM2.lif,N9_20251512_PKM2,68,vehicle/5/R1,N9_20251512_PKM2_S69_vehicle_5_R1,22,9168,8884,8720,6486,1,212,8720,3102,6486,8,30,6,13.181818181818182,1.0431112111661414,79,162.5,6.0,60.0,37.5,11,39,8,11.464285714285714,1.0595183486238533,79,177.5,11.0,45.0,37.5,10,36,5,13.56,1.3254702436016037,79,232.5,9.0,60.0,37.5,212.13679245283015,125.0,1.6970943396226414,1018.0634174311926,216.0,4.713256562181448,268.8152734778122,207.0,1.2986245095546485,305.511256190905,174.0,1.755811817189109,276.0390365448505,174.0,1.586431244510635
E:\N9_20251512_PKM2.lif,N9_20251512_PKM2,68,vehicle/5/R1,N9_20251512_PKM2_S69_vehicle_5_R1,23,26856,22619,3733,22619,1,3155,1091,24241,22619,15,94,35,11.254237288135592,1.2604005482116805,174,467.5,8.0,50.0,85.0,13,51,10,8.8125,1.8473077953388692,85,247.5,13.0,55.0,40.0,15,94,35,11.254237288135592,1.2604005482116805,174,467.5,8.0,50.0,85.0,234.76703645007925,125.0,1.878136291600634,352.6269477543538,216.0,1.6325321655294158,349.40950978529355,207.0,1.687968646305766,588.501967372563,174.0,3.3821952147848444,553.4602346805736,174.0,3.180805946440078
E:\N9_20251512_PKM2.lif,N9_20251512_PKM2,68,vehicle/5/R1,N9_20251512_PKM2_S69_vehicle_5_R1,24,20161,18753,18278,9513,2,0,18278,4859,9513,12,96,23,12.841269841269842,1.0632432144190265,125,272.5,6.0,100.0,60.0,13,103,15,11.943661971830986,1.0831600831600832,127,302.5,8.0,90.0,60.0,21,82,14,9.916666666666666,1.9036055923473143,125,402.5,10.0,80.0,60.0,145.6051831706927,125.0,1.1648414653655417,915.5351241930188,216.0,4.238588537930643,291.8689833800993,207.0,1.4099950887927502,276.6369114275049,174.0,1.589867307054626,283.3717759764186,174.0,1.628573425151831
E:\N9_20251512_PKM2.lif,N9_20251512_PKM2,68,vehicle/5/R1,N9_20251512_PKM2_S69_vehicle_5_R1,25,9729,8123,8105,5717,1,0,8105,43,5717,10,34,6,10.923076923076923,1.178136156592392,79,192.5,9.0,55.0,37.5,9,31,6,10.666666666666666,1.1807526218383717,79,192.5,9.0,55.0,37.5,13,68,24,8.065217391304348,1.361028511457058,78,192.5,6.0,35.0,35.0,142.4721162132217,125.0,1.1397769297057736,739.0877236273905,216.0,3.4217024242008818,248.7906976744186,207.0,1.201887428378834,273.6013788009356,174.0,1.5724217172467565,277.58753822629967,174.0,1.5953306794614923
E:\N9_20251512_PKM2.lif,N9_20251512_PKM2,68,vehicle/5/R1,N9_20251512_PKM2_S69_vehicle_5_R1,26,16659,15891,15645,10007,1,1502,15629,4059,10007,13,44,14,18.47222222222222,1.087156251966522,103,257.5,11.0,65.0,47.5,15,50,25,16.57777777777778,1.1026526046660274,103,332.5,19.0,65.0,47.5,22,104,31,7.863013698630137,1.567402818027381,100,382.5,10.0,65.0,47.5,219.02862849533955,125.0,1.7522290279627164,905.0730692942608,216.0,4.19015309858454,274.2167290886392,207.0,1.32471849801275,346.89377635139385,174.0,1.9936423928241027,356.5430489731437,174.0,2.0490979826042746
E:\N9_20251512_PKM2.lif,N9_20251512_PKM2,68,vehicle/5/R1,N9_20251512_PKM2_S69_vehicle_5_R1,27,19471,13763,12579,8528,1,11849,2097,10930,8528,24,97,18,11.544117647058824,1.423599505921674,194,422.5,10.0,125.0,99.42857142857144,17,78,16,12.648148148148149,1.3275300103346848,96,367.5,12.0,65.0,45.0,21,85,19,8.542372881355933,2.070239212007505,180,377.5,10.0,110.0,100.35714285714286,424.9430331673559,125.0,3.3995442653388475,415.5627086313781,216.0,1.9239014288489729,275.44035476718403,207.0,1.330629733174802,252.5055583811669,174.0,1.4511813700067064,259.1328592814371,174.0,1.489269306215156
E:\N9_20251512_PKM2.lif,N9_20251512_PKM2,68,vehicle/5/R1,N9_20251512_PKM2_S69_vehicle_5_R1,28,17399,17399,9688,17399,1,0,9688,14035,17399,4,6,0,54.6,1.02770274153687,105,277.5,12.0,65.0,50.0,12,52,16,13.647058823529411,1.467072667217176,102,332.5,16.0,60.0,47.5,4,6,0,54.6,1.02770274153687,105,277.5,12.0,65.0,50.0,157.89114316914765,125.0,1.2631291453531812,488.2151114781173,216.0,2.260255145732024,287.0376202351265,207.0,1.3866551702180023,3917.607965975056,174.0,22.514988310201478,1928.4263920671244,174.0,11.082910299236348
E:\N9_20251512_PKM2.lif,N9_20251512_PKM2,68,vehicle/5/R1,N9_20251512_PKM2_S69_vehicle_5_R1,29,75168,71063,70701,43707,3,70146,6554,71504,43707,31,197,46,18.142857142857142,1.1156860813644232,197,632.5,12.0,140.0,95.0,32,248,50,17.529032258064515,1.1102388933678449,198,657.5,9.0,135.0,97.5,53,185,42,14.83941605839416,1.6004530166792506,207,1112.5,17.0,110.0,100.0,819.2784478088558,125.0,6.554227582470847,461.0743057674703,216.0,2.134603267441992,421.99170210252777,207.0,2.0386072565339504,306.08036530965484,174.0,1.75908255925089,360.68886462882097,174.0,2.07292450936104
E:\N9_20251512_PKM2.lif,N9_20251512_PKM2,68,vehicle/5/R1,N9_20251512_PKM2_S69_vehicle_5_R1,30,14191,12949,12613,7681,0,7281,12380,10936,7681,7,23,12,25.73333333333333,1.0929801529075605,94,202.5,9.0,70.0,45.0,11,21,7,23.38888888888889,1.0989455323872197,94,207.5,8.0,70.0,45.0,16,99,42,8.89655172413793,1.4676474417393568,92,362.5,12.0,45.0,42.5,296.27523691800576,125.0,2.3702018953440462,1130.2014539579968,216.0,5.23241413869443,305.294695481336,207.0,1.474853601359111,240.72831878909568,174.0,1.3834960849948028,,174.0,
E:\N9_20251512_PKM2.lif,N9_20251512_PKM2,68,vehicle/5/R1,N9_20251512_PKM2_S69_vehicle_5_R1,31,31995,22813,21598,6385,1,21598,373,21732,6385,25,162,29,13.702127659574469,1.4841099373164424,157,667.5,14.0,70.0,75.0,23,156,26,13.27777777777778,1.5670895453282712,158,562.5,10.0,90.0,77.5,26,54,13,11.560975609756095,2.684103367267032,143,422.5,13.0,30.0,62.60869565217392,359.18034077229373,125.0,2.8734427261783497,350.65683646112603,216.0,1.6234112799126206,343.3261685638169,207.0,1.6585805244628835,211.78718274667952,174.0,1.2171677169349395,227.9474467030243,174.0,1.3100427971438178
E:\N9_20251512_PKM2.lif,N9_20251512_PKM2,68,vehicle/5/R1,N9_20251512_PKM2_S69_vehicle_5_R1,32,21050,17082,15859,11515,2,5755,15104,15202,11515,16,69,21,14.86,1.2988525933731414,229,385.0,5.0,45.0,115.0,22,78,12,13.446428571428571,1.3840090800176557,224,425.0,7.0,180.0,112.5,24,100,30,10.602941176470589,1.6755536257056014,120,467.5,11.0,60.0,57.5,350.4387489139878,125.0,2.8035099913119024,643.7334480932203,216.0,2.98024744487602,325.4397002044061,207.0,1.572172464755585,289.29721344104905,174.0,1.662627663454305,334.56129933636043,174.0,1.9227660881400024
E:\N9_20251512_PKM2.lif,N9_20251512_PKM2,68,vehicle/5/R1,N9_20251512_PKM2_S69_vehicle_5_R1,33,36065,29048,28422,12792,2,1970,28001,22952,12792,34,170,53,13.29203539823009,1.3670132194987608,168,622.5,11.0,100.0,82.5,35,169,47,13.821428571428571,1.383153894870171,156,617.5,12.0,100.0,75.0,36,97,25,12.58904109589041,2.25750469043152,291,757.5,10.0,125.0,142.5,235.0243654822335,125.0,1.880194923857868,604.0313917360095,216.0,2.796441628407451,347.7920867208672,207.0,1.680155008313368,239.2894863673919,174.0,1.3752269331459304,261.5905059989567,174.0,1.5033937126376822
E:\N9_20251512_PKM2.lif,N9_20251512_PKM2,68,vehicle/5/R1,N9_20251512_PKM2_S69_vehicle_5_R1,34,38155,34906,23371,34473,3,14,23357,18029,34473,10,54,14,23.852941176470587,1.2180427433679024,164,467.5,12.0,100.0,80.0,28,116,21,14.275,1.710709854092679,156,592.5,11.0,85.0,75.0,11,35,9,27.357142857142858,1.2316885678647058,164,482.5,12.0,100.0,80.0,253.8571428571429,125.0,2.0308571428571427,735.1738236931112,216.0,3.403582517097737,307.05941914751713,207.0,1.4833788364614355,449.99100441184896,174.0,2.586155197769247,513.9759206798867,174.0,2.9538846016085443
E:\N9_20251512_PKM2.lif,N9_20251512_PKM2,68,vehicle/5/R1,N9_20251512_PKM2_S69_vehicle_5_R1,35,24737,19603,16881,14273,2,8933,10207,24154,14273,17,91,17,16.131147540983605,1.3212773555068102,153,457.5,8.0,65.0,75.0,18,78,18,15.479166666666666,1.4680409928321785,152,517.5,12.0,65.0,72.5,34,131,24,11.471264367816092,1.8043158410985776,291,707.5,10.0,145.0,142.5,352.06817418560394,125.0,2.8165453934848315,470.7162731458803,216.0,2.179242005305001,418.5600460684745,207.0,2.022029208060263,278.5389991327858,174.0,1.6007988455907232,278.1670247046187,174.0,1.5986610615207972
E:\N9_20251512_PKM2.lif,N9_20251512_PKM2,68,vehicle/5/R1,N9_20251512_PKM2_S69_vehicle_5_R1,36,47705,35126,33873,15400,1,33873,0,45398,15400,39,209,52,12.456375838926174,1.4564994590901326,191,827.5,15.0,100.0,92.5,35,186,54,12.845588235294118,1.4830986331296312,191,847.5,12.0,105.0,92.5,35,144,48,10.195876288659791,2.696038961038961,212,637.5,11.0,85.0,80.83333333333333,543.1296017477047,125.0,4.345036813981637,403.1743437909241,216.0,1.866547887920945,432.4772398310342,207.0,2.089262028169247,237.16896316119116,174.0,1.363040018167765,271.6140286448769,174.0,1.5610001646257297
E:\N9_20251512_PKM2.lif,N9_20251512_PKM2,68,vehicle/5/R1,N9_20251512_PKM2_S69_vehicle_5_R1,37,20193,18568,16529,15720,1,14683,4239,19201,15720,12,40,5,17.90625,1.1061503662214562,124,312.5,10.0,70.0,60.0,27,115,15,10.296296296296296,1.229717466271402,123,432.5,15.0,70.0,57.5,16,50,10,13.846153846153848,1.2966284987277354,124,382.5,10.0,65.0,60.0,438.77770210447454,125.0,3.5102216168357963,451.4038688369898,216.0,2.089832726097175,364.8508762138632,207.0,1.7625646193906432,350.3080568720379,174.0,2.0132646946668844,319.6827272727273,174.0,1.837257053291536
E:\N9_20251512_PKM2.lif,N9_20251512_PKM2,68,vehicle/5/R1,N9_20251512_PKM2_S69_vehicle_5_R1,38,26487,18635,9340,17338,2,8291,1756,23892,17338,18,104,28,14.109375,1.3204722296753422,124,417.5,17.0,80.0,60.0,20,95,19,10.642857142857142,2.0806209850107065,190,410.0,6.0,105.0,98.63636363636364,18,85,27,14.175438596491228,1.3806090667897104,123,352.5,9.0,80.0,57.5,248.98371728380167,125.0,1.9918697382704136,389.1133257403189,216.0,1.801450582131106,369.2977813266412,207.0,1.7840472527857063,322.1449423128521,174.0,1.851407714441679,326.6336768423099,174.0,1.87720503932362
E:\N9_20251512_PKM2.lif,N9_20251512_PKM2,68,vehicle/5/R1,N9_20251512_PKM2_S69_vehicle_5_R1,39,45451,27738,18250,22101,2,3426,14824,40336,22101,32,171,40,12.96551724137931,1.3646621962650516,152,597.5,15.0,85.0,72.5,27,114,30,12.467532467532468,1.4943561643835617,179,532.5,13.0,65.0,87.5,49,204,59,9.319444444444445,1.6670286412379531,159,707.5,13.0,90.0,77.5,262.99357851722124,125.0,2.1039486281377697,798.3097679438748,216.0,3.695878555295717,362.51879788796697,207.0,1.7512985405215795,285.0776552022496,174.0,1.638377328748561,297.8050133945656,174.0,1.7115230654860092
E:\N9_20251512_PKM2.lif,N9_20251512_PKM2,68,vehicle/5/R1,N9_20251512_PKM2_S69_vehicle_5_R1,40,18566,15217,14481,12183,1,6621,11611,17598,12183,18,71,12,14.183673469387756,1.2747584937898404,133,387.5,18.0,85.0,62.5,28,127,23,10.552941176470588,1.335059733443823,133,417.5,7.0,85.0,62.5,17,45,7,15.72972972972973,1.548305015185094,133,387.5,8.0,50.0,65.0,264.895635100438,125.0,2.119165080803504,477.7891654465593,216.0,2.211986877067404,348.8102496896124,207.0,1.6850736699981277,320.1891305776434,174.0,1.8401674171128928,354.69508945565286,174.0,2.0384775256072003
E:\N9_20251512_PKM2.lif,N9_20251512_PKM2,68,vehicle/5/R1,N9_20251512_PKM2_S69_vehicle_5_R1,41,38494,32419,30889,25317,4,23892,15381,34742,25317,25,115,28,17.10810810810811,1.3507819488571515,153,622.5,11.0,120.0,75.0,24,108,30,17.614285714285714,1.400725177247564,154,587.5,10.0,115.0,75.0,38,126,29,12.445652173913045,1.690998143539914,155,647.5,14.0,75.0,75.0,489.12179809141134,125.0,3.9129743847312906,625.2793706521032,216.0,2.8948119011671447,398.815695441643,207.0,1.9266458716987584,327.0747401215337,174.0,1.8797398857559409,354.0218250830302,174.0,2.0346081901323574
E:\N9_20251512_PKM2.lif,N9_20251512_PKM2,68,vehicle/5/R1,N9_20251512_PKM2_S69_vehicle_5_R1,42,11972,10571,9444,7249,0,5446,7153,9327,7249,6,20,4,20.857142857142858,1.1662094409232806,96,207.5,13.0,65.0,45.0,12,36,7,15.62962962962963,1.2940491317238458,127,270.0,6.0,80.0,60.0,8,21,9,13.8125,1.269692371361567,106,237.5,9.0,40.0,50.0,312.62835108336395,125.0,2.501026808666912,722.6374947574444,216.0,3.3455439572103907,297.12791378704463,207.0,1.4354005496958675,302.9756882035758,174.0,1.741239587376873,,174.0,
E:\N9_20251512_PKM2.lif,N9_20251512_PKM2,68,vehicle/5/R1,N9_20251512_PKM2_S69_vehicle_5_R1,43,14466,12963,8169,12908,1,4538,6278,14453,12908,13,55,18,11.052631578947368,1.1135539612743963,92,277.5,17.0,70.0,42.5,22,66,27,9.763636363636364,1.5834251438364548,107,297.5,7.0,45.0,50.0,12,49,14,11.555555555555555,1.1163619460799503,91,272.5,17.0,70.0,42.5,250.96606434552663,125.0,2.007728514764213,549.3365721567378,216.0,2.5432248710960086,402.6076447876448,207.0,1.9449644675731632,370.7293064876957,174.0,2.130628198205148,305.92768959435625,174.0,1.7582051126112428
E:\N9_20251512_PKM2.lif,N9_20251512_PKM2,68,vehicle/5/R1,N9_20251512_PKM2_S69_vehicle_5_R1,44,21073,9655,6724,7153,1,626,6394,17631,7153,14,46,9,17.032258064516128,1.574003107198343,194,285.0,4.0,115.0,95.0,10,36,10,13.36,1.23081499107674,72,222.5,13.0,40.0,32.5,16,34,6,16.25,2.00489305186635,194,335.0,7.0,45.0,97.36111111111111,207.52076677316293,125.0,1.6601661341853036,706.1701595245543,216.0,3.2693062940951587,368.4412603895298,207.0,1.7799094704808205,238.2887622993268,174.0,1.3694756453984298,254.7797513321492,174.0,1.464251444437639
E:\N9_20251512_PKM2.lif,N9_20251512_PKM2,68,vehicle/5/R1,N9_20251512_PKM2_S69_vehicle_5_R1,45,15075,13764,13344,6936,0,0,13344,1491,6936,6,40,13,19.52380952380953,1.0749055507120022,93,182.5,8.0,65.0,45.0,15,65,21,13.911111111111111,1.107763788968825,92,222.5,15.0,70.0,42.5,5,33,8,18.83333333333333,1.5745386389850058,82,262.5,10.0,55.0,37.5,140.67211566405115,125.0,1.1253769253124093,1056.611660671463,216.0,4.891720651256772,276.2335164835165,207.0,1.3344614322875192,239.2167974426039,174.0,1.37480918070462,,174.0,
E:\N9_20251512_PKM2.lif,N9_20251512_PKM2,68,vehicle/5/R1,N9_20251512_PKM2_S69_vehicle_5_R1,46,18160,12803,12120,6972,1,12120,0,15759,6972,22,111,38,9.3625,1.3720221823010232,105,322.5,8.0,80.0,50.0,24,88,21,12.049180327868852,1.4457095709570955,108,397.5,13.0,60.0,52.5,18,44,9,9.615384615384617,2.0493402180149167,148,327.5,7.0,20.0,70.0,306.7773102310231,125.0,2.4542184818481845,248.0820120284308,216.0,1.1485278334649576,365.1245257566816,207.0,1.763886597858365,225.85050378817465,174.0,1.2979914010814635,223.64141414141412,174.0,1.2852954835713457
E:\N9_20251512_PKM2.lif,N9_20251512_PKM2,68,vehicle/5/R1,N9_20251512_PKM2_S69_vehicle_5_R1,47,45636,15819,1261,15819,2,1261,0,34712,15819,34,173,39,9.74757281553398,2.337189455717808,178,655.0,11.0,75.0,90.0,6,16,3,7.090909090909091,1.1538461538461535,41,72.5,7.0,20.0,17.5,34,173,39,9.74757281553398,2.337189455717808,178,655.0,11.0,75.0,90.0,209.0364789849326,125.0,1.6722918318794606,231.75896074340983,216.0,1.0729581515898603,323.2920416308005,207.0,1.561797302564254,252.03849800872368,174.0,1.4484971149926649,253.13849287169043,174.0,1.454818924549945
E:\N9_20251512_PKM2.lif,N9_20251512_PKM2,68,vehicle/5/R1,N9_20251512_PKM2_S69_vehicle_5_R1,48,12028,10036,9599,7194,1,0,9599,366,7194,13,48,12,13.294117647058824,1.2018732562774013,84,322.5,14.0,70.0,40.0,9,45,10,14.321428571428571,1.2375247421606417,84,237.5,12.0,55.0,40.0,17,61,20,9.214285714285714,1.565332221295524,85,282.5,12.0,55.0,40.0,134.96243523316062,125.0,1.079699481865285,760.5328680070841,216.0,3.5209855000327965,261.6786703601108,207.0,1.2641481659908735,287.9224790753288,174.0,1.6547268912375217,277.02457912457913,174.0,1.5920952823251675
E:\N9_20251512_PKM2.lif,N9_20251512_PKM2,68,vehicle/5/R1,N9_20251512_PKM2_S69_vehicle_5_R1,49,17258,12735,11544,4916,1,11544,0,12026,4916,19,73,13,12.559322033898304,1.3012171181782488,103,382.5,9.0,55.0,50.0,12,76,12,14.91304347826087,1.4187456687456688,104,402.5,12.0,75.0,50.0,16,36,8,9.055555555555555,1.9804719283970709,91,242.5,6.0,45.0,42.5,302.5434857934858,125.0,2.4203478863478862,208.57636435021595,216.0,0.9656313164361848,386.6078969594595,207.0,1.867670999804152,207.96380054966627,174.0,1.1951942560325648,224.5783204288267,174.0,1.290680002464521
E:\N9_20251512_PKM2.lif,N9_20251512_PKM2,68,vehicle/5/R1,N9_20251512_PKM2_S69_vehicle_5_R1,50,22033,15618,15545,4863,1,0,15545,11,4863,17,133,34,11.4375,1.4079907798693816,124,407.5,8.0,65.0,60.0,21,133,33,10.89156626506024,1.4144741074300418,125,402.5,9.0,75.0,60.0,9,13,2,19.166666666666668,1.866954554801563,91,217.5,6.0,40.0,42.5,122.16058394160584,125.0,0.9772846715328468,772.3110968156964,216.0,3.5755143371097056,359.54545454545456,207.0,1.7369345630215196,218.6774875144065,174.0,1.2567671696230256,236.96589861751156,174.0,1.361872980560411
E:\N9_20251512_PKM2.lif,N9_20251512_PKM2,68,vehicle/5/R1,N9_20251512_PKM2_S69_vehicle_5_R1,51,20604,12289,7699,10913,1,5984,2827,3855,10913,13,41,8,15.529411764705882,1.246480592399707,115,302.5,11.0,80.0,55.0,13,54,13,10.545454545454543,1.6173529029744125,108,307.5,9.0,65.0,50.0,14,48,5,17.533333333333335,1.380097131861083,112,267.5,7.0,65.0,52.5,248.25969251336895,125.0,1.986077540106952,456.67916519278384,216.0,2.1142553944110363,293.1033781033781,207.0,1.415958348325498,262.50720156237287,174.0,1.5086620779446718,274.62827372571104,174.0,1.57832341221673
E:\N9_20251512_PKM2.lif,N9_20251512_PKM2,68,vehicle/5/R1,N9_20251512_PKM2_S69_vehicle_5_R1,52,17663,13264,13201,5575,1,8839,8508,10453,5575,14,36,7,19.22222222222222,1.2470597104945718,103,227.5,11.0,75.0,50.0,14,36,7,19.0,1.252253617150216,104,317.5,17.0,75.0,50.0,9,15,1,22.727272727272727,1.8552466367713003,148,162.5,3.0,10.0,73.75,331.28543952935854,125.0,2.650283516234868,717.7254348848143,216.0,3.3228029392815475,291.6696822345358,207.0,1.40903228132626,225.02834740651383,174.0,1.293266364405252,198.8244781783681,174.0,1.1426694148182075
E:\N9_20251512_PKM2.lif,N9_20251512_PKM2,68,vehicle/5/R1,N9_20251512_PKM2_S69_vehicle_5_R1,53,5215,5194,5076,3912,0,0,5076,87,3912,3,3,2,10.0,1.0173276857912976,57,117.5,9.0,40.0,25.0,2,12,3,13.857142857142858,1.037825059101655,58,112.5,9.0,40.0,27.5,8,37,5,9.818181818181818,1.2142126789366052,55,127.5,6.0,30.0,25.0,125.40623796688487,125.0,1.003249903735079,738.7253743104807,216.0,3.42002488106704,321.2413793103448,207.0,1.5518907213060136,244.16268771659608,174.0,1.4032338374517015,,174.0,
E:\N9_20251512_PKM2.lif,N9_20251512_PKM2,70,vehicle/5/R4,N9_20251512_PKM2_S71_vehicle_5_R4,1,50109,43116,37319,31662,1,37319,0,30703,31662,20,90,11,20.859375,1.1756888394099638,169,597.5,11.0,120.0,82.5,31,168,32,15.163934426229508,1.3556365390283769,175,802.5,14.0,90.0,85.0,43,145,36,11.392156862745098,1.4835765270671468,179,607.5,12.0,105.0,87.5,405.4820064846325,126.0,3.218111162576448,254.5953938213192,212.0,1.200921668968487,314.2866700057241,215.0,1.4617984651429028,320.36276556266813,191.0,1.677291966296692,360.0652093367914,191.0,1.8851581640669703
E:\N9_20251512_PKM2.lif,N9_20251512_PKM2,70,vehicle/5/R4,N9_20251512_PKM2_S71_vehicle_5_R4,2,47486,32496,25063,24845,2,25063,0,28593,24845,33,190,33,13.779661016949152,1.562407680945347,182,892.5,20.0,120.0,87.5,27,127,28,14.206521739130435,1.671986593783665,144,777.5,16.0,110.0,70.0,36,213,46,10.945736434108529,1.8320788891124973,174,872.5,16.0,95.0,85.0,292.11953876231894,126.0,2.318409037796182,208.93282250123093,212.0,0.98553218160958,323.3233605759875,215.0,1.5038295840743603,275.93796159527324,191.0,1.4447013696087605,320.28407567406526,191.0,1.676879977351127
E:\N9_20251512_PKM2.lif,N9_20251512_PKM2,70,vehicle/5/R4,N9_20251512_PKM2_S71_vehicle_5_R4,3,14570,13429,12744,7457,1,11589,8479,12180,7457,16,78,17,12.5,1.1056668404199863,97,222.5,9.0,75.0,45.0,18,90,19,11.362068965517242,1.143910860012555,95,332.5,15.0,60.0,45.0,14,36,8,15.714285714285714,1.809708998256672,98,317.5,7.0,75.0,47.5,321.3600828371732,126.0,2.550476847914073,813.5569052954357,212.0,3.8375325721482816,300.99822016552463,215.0,1.3999917217001143,238.2306947650607,191.0,1.2472811244244015,244.39417475728155,191.0,1.2795506531794845
E:\N9_20251512_PKM2.lif,N9_20251512_PKM2,70,vehicle/5/R4,N9_20251512_PKM2_S71_vehicle_5_R4,4,4652,3453,1685,3215,1,0,1685,821,3215,4,11,6,16.0,1.258036490008688,57,107.5,6.0,35.0,25.0,3,3,1,21.33333333333333,1.174480712166172,51,117.5,9.0,20.0,22.5,5,14,6,14.833333333333334,1.3511664074650078,57,107.5,6.0,45.0,25.0,133.20706631914277,126.0,1.0571989390408156,377.96439169139467,212.0,1.7828509042046918,228.2781774580336,215.0,1.0617589649210863,301.5586446568201,191.0,1.578841071501676,287.3893557422969,191.0,1.5046563127868948
E:\N9_20251512_PKM2.lif,N9_20251512_PKM2,70,vehicle/5/R4,N9_20251512_PKM2_S71_vehicle_5_R4,5,21976,21262,21172,13234,2,17947,11152,10002,13234,10,38,6,20.73076923076923,1.137240146740664,125,377.5,19.0,115.0,60.0,11,41,3,21.74074074074074,1.1343283582089552,125,382.5,18.0,115.0,60.0,25,77,16,13.62962962962963,1.7985491914765,130,477.5,8.0,55.0,62.5,439.4420237365576,126.0,3.4876351090202986,796.416068866571,212.0,3.756679570125335,287.28094703541177,215.0,1.3361904513274967,262.64570595428467,191.0,1.375108408137616,251.600157936299,191.0,1.3172783138026127
E:\N9_20251512_PKM2.lif,N9_20251512_PKM2,70,vehicle/5/R4,N9_20251512_PKM2_S71_vehicle_5_R4,6,41536,35232,29487,31240,2,144,29456,36761,31240,46,197,63,9.867768595041325,1.3034173478655768,168,752.5,17.0,110.0,82.5,54,231,65,9.895833333333334,1.43870180079357,147,792.5,18.0,95.0,70.0,34,131,57,11.629213483146067,1.441677336747759,167,572.5,10.0,105.0,80.0,215.65972222222223,126.0,1.7115850970017636,676.7203965236284,212.0,3.192077342092587,351.2805350668834,215.0,1.6338629537994576,357.9704246139873,191.0,1.8741907047852735,373.6879496402878,191.0,1.9564814117292555
E:\N9_20251512_PKM2.lif,N9_20251512_PKM2,70,vehicle/5/R4,N9_20251512_PKM2_S71_vehicle_5_R4,7,26589,20064,18292,13530,1,18292,0,8177,13530,24,84,14,16.677966101694917,1.4301236044657095,140,647.5,14.0,70.0,67.5,19,59,11,20.25,1.5623223267001969,139,497.5,11.0,70.0,67.5,24,103,17,12.720588235294118,1.868957871396896,124,517.5,11.0,80.0,60.0,376.4120380494205,126.0,2.987397127376353,218.3895035885168,212.0,1.030139167870362,279.7080291970803,215.0,1.3009675776608385,264.7409290271132,191.0,1.3860781624456189,304.89533602644144,191.0,1.5963106598243006
E:\N9_20251512_PKM2.lif,N9_20251512_PKM2,70,vehicle/5/R4,N9_20251512_PKM2_S71_vehicle_5_R4,8,19750,10363,9023,7235,1,9023,0,8849,7235,18,58,6,14.878048780487806,1.6843578114445623,159,362.5,7.0,85.0,77.5,18,69,20,11.26,1.8089327274742328,159,362.5,7.0,85.0,77.5,14,50,13,12.486486486486486,1.6913614374568071,98,292.5,8.0,65.0,45.0,278.56954449739555,126.0,2.2108694007729808,201.97143684261317,212.0,0.952695456804779,259.04733301297455,215.0,1.2048713163394165,255.41349030203608,191.0,1.337243404722702,264.2096659559346,191.0,1.3832966803975637
E:\N9_20251512_PKM2.lif,N9_20251512_PKM2,70,vehicle/5/R4,N9_20251512_PKM2_S71_vehicle_5_R4,9,32181,27253,19219,22309,2,19219,0,31515,22309,27,133,23,13.138297872340424,1.5188786555608558,172,567.5,10.0,135.0,82.5,35,162,45,10.9,2.1455330662365366,173,732.5,13.0,55.0,85.0,35,135,23,10.989583333333334,1.7942534403155677,321,520.0,6.0,125.0,173.72727272727272,286.9506217805297,126.0,2.277385887147061,232.88470994019008,212.0,1.0985127827367456,402.3785556346738,215.0,1.8715281657426688,303.01497082889955,191.0,1.5864658158581129,357.6579830274324,191.0,1.872554884960379
E:\N9_20251512_PKM2.lif,N9_20251512_PKM2,70,vehicle/5/R4,N9_20251512_PKM2_S71_vehicle_5_R4,11,14485,8325,3237,7334,0,3234,3,14371,7334,15,100,29,8.915254237288135,1.5753753753753754,165,255.0,4.0,95.0,92.5,10,32,8,11.571428571428571,2.219956750077232,102,177.5,6.0,15.0,35.0,23,78,19,8.781818181818181,1.7848377420234525,163,275.0,5.0,90.0,90.0,234.09245516388373,126.0,1.8578766282847916,355.3333333333333,212.0,1.6761006289308176,372.1656374863785,215.0,1.7310029650529233,296.556996996997,191.0,1.5526544345392512,,191.0,
E:\N9_20251512_PKM2.lif,N9_20251512_PKM2,70,vehicle/5/R4,N9_20251512_PKM2_S71_vehicle_5_R4,12,9325,5761,1541,5609,0,0,1541,7249,5609,20,45,14,10.941176470588236,1.411386911994445,70,217.5,9.0,40.0,32.5,9,9,0,13.77777777777778,1.9227774172615184,55,142.5,8.0,30.0,25.0,17,53,15,9.542857142857144,1.390800499197718,70,192.5,9.0,40.0,32.5,138.8158305849679,126.0,1.1017129411505389,376.7858533419857,212.0,1.7772917610471024,308.64471968709256,215.0,1.4355568357539188,252.64624197187987,191.0,1.3227551935700517,,191.0,
E:\N9_20251512_PKM2.lif,N9_20251512_PKM2,70,vehicle/5/R4,N9_20251512_PKM2_S71_vehicle_5_R4,13,33898,21427,17468,12256,0,7977,11462,30944,12256,28,179,38,10.991452991452991,1.5336724693144164,160,652.5,14.0,75.0,77.5,21,126,20,11.5,1.6776391115182048,152,532.5,10.0,80.0,72.5,27,109,20,10.5,2.3137238903394257,158,567.5,9.0,55.0,75.0,264.3019932305378,126.0,2.09763486690903,955.0998080614204,212.0,4.505187773874624,340.47887032535044,215.0,1.5836226526760486,236.96873104027628,191.0,1.2406739845040644,,191.0,
E:\N9_20251512_PKM2.lif,N9_20251512_PKM2,70,vehicle/5/R4,N9_20251512_PKM2_S71_vehicle_5_R4,14,33954,28955,22811,24453,2,12932,15800,28255,24453,19,128,30,14.756410256410255,1.2466931445346228,149,472.5,11.0,90.0,72.5,30,124,28,13.651685393258427,1.548375783613169,146,687.5,17.0,90.0,70.0,27,149,33,12.958762886597938,1.4590847748742486,145,617.5,14.0,95.0,70.0,327.6054747912156,126.0,2.6000434507239336,679.9374683544304,212.0,3.2072522092190114,320.6516393442623,215.0,1.4914029736942434,312.3460196857192,191.0,1.6353194747943416,326.6372093023256,191.0,1.7101424570802386
E:\N9_20251512_PKM2.lif,N9_20251512_PKM2,70,vehicle/5/R4,N9_20251512_PKM2_S71_vehicle_5_R4,15,6388,4934,0,4934,0,0,0,5408,4934,4,12,1,25.375,1.2361167409809486,66,115.0,4.0,40.0,32.5,0,0,0,0.0,,0,0.0,0.0,,,4,12,1,25.375,1.2361167409809486,66,115.0,4.0,40.0,32.5,143.2415889744629,126.0,1.1368380077338325,234.15707336846373,212.0,1.1045144970210554,347.74166472371184,215.0,1.6174030917381943,249.9319010944467,191.0,1.308543984787679,,191.0,
E:\N9_20251512_PKM2.lif,N9_20251512_PKM2,70,vehicle/5/R4,N9_20251512_PKM2_S71_vehicle_5_R4,16,73749,58887,55583,33682,2,55583,0,72479,33682,44,318,64,15.295,1.3759233786744105,260,1187.5,19.0,105.0,127.5,48,305,52,15.54591836734694,1.4575499703146646,260,1202.5,14.0,130.0,127.5,75,295,74,10.410891089108912,2.291491004097144,466,1342.5,11.0,195.0,230.0,386.7844844646745,126.0,3.06971813067202,246.4440199025252,212.0,1.1624717919930434,427.3704659175512,215.0,1.9877696089188424,260.8308624993632,191.0,1.36560660994431,317.32513996995766,191.0,1.6613881673819773
E:\N9_20251512_PKM2.lif,N9_20251512_PKM2,70,vehicle/5/R4,N9_20251512_PKM2_S71_vehicle_5_R4,17,12308,9959,5088,8483,1,0,5088,1299,8483,12,38,18,15.79310344827586,1.2748267898383372,107,292.5,6.0,90.0,50.0,8,16,2,20.53846153846154,1.6389544025157232,107,202.5,4.0,35.0,50.0,11,29,13,17.181818181818183,1.4918071436991631,102,277.5,7.0,50.0,47.5,127.11356561903806,126.0,1.008837822373318,382.5691823899371,212.0,1.8045716150468727,272.09068010075566,215.0,1.2655380469802588,273.1089466813937,191.0,1.4298897732010143,265.9010218393108,191.0,1.3921519468026742
E:\N9_20251512_PKM2.lif,N9_20251512_PKM2,70,vehicle/5/R4,N9_20251512_PKM2_S71_vehicle_5_R4,18,35191,26300,22683,17774,2,22683,0,27173,17774,28,134,19,15.719101123595506,1.4413307984790875,156,737.5,16.0,105.0,75.0,22,76,21,17.433333333333334,1.6356302076444915,153,602.5,12.0,105.0,75.0,42,138,24,10.547169811320757,1.9848655339259595,153,777.5,19.0,100.0,72.5,545.9057443900718,126.0,4.332585272937078,239.09425855513308,212.0,1.1278031063921372,313.7879206788064,215.0,1.4594787008316574,286.81022813688213,191.0,1.5016242310831525,305.84067174710697,191.0,1.6012600615031778
E:\N9_20251512_PKM2.lif,N9_20251512_PKM2,70,vehicle/5/R4,N9_20251512_PKM2_S71_vehicle_5_R4,19,55587,42964,42602,18389,1,42282,372,51115,18389,30,144,29,19.55208333333333,1.5810911460757844,194,842.5,15.0,135.0,95.0,33,147,32,18.918367346938776,1.5945260785878597,194,867.5,13.0,130.0,95.0,39,184,39,9.836206896551724,2.7461525912230136,178,712.5,9.0,100.0,85.0,468.52523532472446,126.0,3.718454248608925,356.1747311827957,212.0,1.6800694867113006,365.3058856459452,215.0,1.69909714253928,231.9690904012662,191.0,1.2144978555040111,297.4833964787163,191.0,1.5575046936058443
E:\N9_20251512_PKM2.lif,N9_20251512_PKM2,70,vehicle/5/R4,N9_20251512_PKM2_S71_vehicle_5_R4,20,7019,3557,0,3557,0,0,0,3286,3557,9,15,4,12.0,1.328366601068316,67,177.5,10.0,40.0,30.0,0,0,0,0.0,,0,0.0,0.0,,,9,15,4,12.0,1.328366601068316,67,177.5,10.0,40.0,30.0,127.44138318807984,126.0,1.0114395491117447,670.6963733483273,212.0,3.163662138435506,360.4905422446406,215.0,1.6767001964867003,246.33117795895416,191.0,1.289692031198713,,191.0,
E:\N9_20251512_PKM2.lif,N9_20251512_PKM2,70,vehicle/5/R4,N9_20251512_PKM2_S71_vehicle_5_R4,21,18334,14859,11405,11535,1,0,11405,707,11535,16,71,20,13.924528301886792,1.2811090921327142,113,407.5,13.0,70.0,52.5,12,54,13,14.787878787878787,1.471109162647961,108,327.5,12.0,65.0,50.0,25,66,26,10.728813559322036,1.5973125270914608,194,415.0,7.0,95.0,107.5,130.27909011373578,126.0,1.0339610326486963,613.887680841736,212.0,2.895696607744038,263.3541666666667,215.0,1.2249031007751938,290.0465711016892,191.0,1.518568435087378,280.26015171798304,191.0,1.4673306372669268
E:\N9_20251512_PKM2.lif,N9_20251512_PKM2,70,vehicle/5/R4,N9_20251512_PKM2_S71_vehicle_5_R4,22,6128,3426,0,3426,0,0,0,1492,3426,8,36,8,9.695652173913045,1.4568009340338588,70,157.5,6.0,30.0,32.5,0,0,0,0.0,,0,0.0,0.0,,,8,36,8,9.695652173913045,1.4568009340338588,70,157.5,6.0,30.0,32.5,135.14769410391128,126.0,1.0726007468564387,738.6485697606538,212.0,3.4841913667955366,261.39712918660285,215.0,1.2158006008679203,245.97343841214243,191.0,1.2878190492782329,,191.0,
E:\N9_20251512_PKM2.lif,N9_20251512_PKM2,70,vehicle/5/R4,N9_20251512_PKM2_S71_vehicle_5_R4,23,21029,20437,19729,11348,1,529,19600,9539,11348,4,87,15,17.892857142857142,1.1297646425600627,130,292.5,11.0,75.0,62.5,10,102,14,14.815384615384616,1.1701556084951088,130,347.5,13.0,75.0,62.5,20,116,44,10.767123287671232,2.0299612266478677,128,537.5,12.0,80.0,62.5,223.82041587901705,126.0,1.7763525069763255,1167.7902551020409,212.0,5.5084445995379285,264.1427055702917,215.0,1.2285707235827523,265.820521602975,191.0,1.3917304795967278,303.1312797946461,191.0,1.5870747633227544
E:\N9_20251512_PKM2.lif,N9_20251512_PKM2,70,vehicle/5/R4,N9_20251512_PKM2_S71_vehicle_5_R4,24,27513,22201,20635,13665,1,16193,14107,26813,13665,30,117,17,13.275862068965518,1.3326426737534345,135,562.5,16.0,75.0,65.0,29,112,19,13.182926829268292,1.4211776108553429,136,532.5,15.0,85.0,65.0,36,101,16,10.240506329113924,2.0098060739114527,139,587.5,12.0,85.0,67.5,398.6279256468845,126.0,3.1637136956101943,483.9808605656766,212.0,2.2829285875739465,417.172987759644,215.0,1.9403394779518324,266.2852123778208,191.0,1.3941634155906848,305.62245696400623,191.0,1.6001175757277812
E:\N9_20251512_PKM2.lif,N9_20251512_PKM2,70,vehicle/5/R4,N9_20251512_PKM2_S71_vehicle_5_R4,25,5693,3653,0,3653,0,0,0,4753,3653,6,56,35,8.454545454545455,1.5031480974541471,76,172.5,8.0,40.0,35.0,0,0,0,0.0,,0,0.0,0.0,,,6,56,35,8.454545454545455,1.5031480974541471,76,172.5,8.0,40.0,35.0,161.504243087873,126.0,1.281779707046611,292.36079934300574,212.0,1.379060374259461,296.12224322621296,215.0,1.3773127591916885,270.36025184779635,191.0,1.415498700773803,,191.0,
E:\N9_20251512_PKM2.lif,N9_20251512_PKM2,70,vehicle/5/R4,N9_20251512_PKM2_S71_vehicle_5_R4,26,24718,23111,21060,19069,0,21060,361,22283,19069,9,89,32,16.92,1.148370905629354,157,347.5,6.0,90.0,75.0,16,114,36,16.38235294117647,1.2492402659069326,157,407.5,6.0,80.0,75.0,18,60,19,15.886363636363637,1.3069904032723267,151,422.5,8.0,75.0,72.5,600.8739316239316,126.0,4.7688407271740605,388.7091412742382,212.0,1.8335336852558408,312.59042934237544,215.0,1.4539089736854671,321.5512093808143,191.0,1.6835141852398656,,191.0,
E:\N9_20251512_PKM2.lif,N9_20251512_PKM2,70,vehicle/5/R4,N9_20251512_PKM2_S71_vehicle_5_R4,27,17375,17364,17363,11113,1,1703,17363,17057,11113,4,31,10,24.33333333333333,1.1422483298779085,128,282.5,9.0,55.0,62.5,4,33,6,24.944444444444443,1.1423141162241548,128,282.5,9.0,55.0,62.5,21,72,21,9.615384615384617,1.6158553045982182,126,357.5,6.0,70.0,60.0,220.7874339401057,126.0,1.7522812217468706,1475.1415078039508,212.0,6.958214659452598,368.3215228485951,215.0,1.7131233620864887,303.0924902096291,191.0,1.5868716764902049,405.0069702602231,191.0,2.1204553416765606
E:\N9_20251512_PKM2.lif,N9_20251512_PKM2,70,vehicle/5/R4,N9_20251512_PKM2_S71_vehicle_5_R4,28,12180,11110,11066,9150,1,10843,358,11178,9150,15,49,8,10.558823529411764,1.1676867686768675,177,232.5,3.0,65.0,85.0,15,51,10,12.823529411764708,1.1723296584131575,177,237.5,3.0,65.0,85.0,4,10,1,27.75,1.1321311475409837,95,177.5,6.0,40.0,45.0,440.34971871253344,126.0,3.494839037401059,400.53072625698326,212.0,1.889295878570676,320.0734549622696,215.0,1.4887137440105562,348.834203420342,191.0,1.826357085970377,395.8737933500179,191.0,2.072637661518418
E:\N9_20251512_PKM2.lif,N9_20251512_PKM2,70,vehicle/5/R4,N9_20251512_PKM2_S71_vehicle_5_R4,29,8686,6948,6065,3899,1,1561,5223,7322,3899,8,36,7,12.96,1.2603626943005182,74,182.5,7.0,50.0,35.0,7,23,6,13.894736842105264,1.2842539159109645,73,152.5,6.0,45.0,35.0,18,54,16,8.885714285714286,2.0543729161323414,78,227.5,6.0,35.0,35.0,288.16335682254964,126.0,2.2870107684329337,625.4376794945433,212.0,2.950177733464827,323.43063186813185,215.0,1.5043285203168923,239.7740356937248,191.0,1.255361443422643,251.6512791991101,191.0,1.3175459643932468
E:\N9_20251512_PKM2.lif,N9_20251512_PKM2,70,vehicle/5/R4,N9_20251512_PKM2_S71_vehicle_5_R4,30,8711,8711,8711,5654,0,958,8711,8622,5654,4,6,0,23.8,1.0265181953851452,82,162.5,11.0,60.0,37.5,4,6,0,23.8,1.0265181953851452,82,162.5,11.0,60.0,37.5,13,21,6,14.0,1.4051998585072516,84,167.5,6.0,40.0,40.0,224.7567849686848,126.0,1.7837840076879743,1894.432786132476,212.0,8.936003708172057,502.2593365808397,215.0,2.336089937585301,306.504993686144,191.0,1.60473818683845,,191.0,
E:\N9_20251512_PKM2.lif,N9_20251512_PKM2,70,vehicle/5/R4,N9_20251512_PKM2_S71_vehicle_5_R4,31,10814,4026,0,4026,0,0,0,5963,4026,9,29,8,11.952380952380953,1.8025335320417288,98,192.5,5.0,65.0,45.0,0,0,0,0.0,,0,0.0,0.0,,,9,29,8,11.952380952380953,1.8025335320417288,98,192.5,5.0,65.0,45.0,736.6266766020865,126.0,5.846243465095925,219.8847491306508,212.0,1.037192212880428,294.57865583456424,215.0,1.3701332829514616,252.84500745156484,191.0,1.323795850531753,,191.0,
E:\N9_20251512_PKM2.lif,N9_20251512_PKM2,70,vehicle/5/R4,N9_20251512_PKM2_S71_vehicle_5_R4,32,40932,39440,36586,36687,1,36124,6154,38767,36687,12,53,12,25.484848484848484,1.100101419878296,149,387.5,13.0,110.0,72.5,42,267,68,11.484662576687116,1.184250806319357,150,622.5,15.0,110.0,72.5,9,21,5,35.11764705882353,1.1694878294763813,146,417.5,13.0,105.0,70.0,815.7312589967888,126.0,6.474057611085626,392.27819304517385,212.0,1.8503688351187448,422.3584099166488,215.0,1.9644577205425529,422.1933569979716,191.0,2.2104364240731496,528.4796259185036,191.0,2.766909036222532
E:\N9_20251512_PKM2.lif,N9_20251512_PKM2,70,vehicle/5/R4,N9_20251512_PKM2_S71_vehicle_5_R4,33,32351,25968,23562,19296,2,22649,2463,31566,19296,31,111,27,15.616438356164384,1.342267406038201,178,557.5,8.0,55.0,85.0,38,168,42,12.155172413793103,1.4746201510907393,174,747.5,13.0,95.0,85.0,25,81,21,14.36065573770492,1.6488909618573795,176,692.5,16.0,60.0,85.0,347.9365534902203,126.0,2.761401218176352,388.4778725131953,212.0,1.8324427948735629,442.3477988161041,215.0,2.0574316224004843,320.6859596426371,191.0,1.6789840818986237,379.05451281214295,191.0,1.984578601110696
E:\N9_20251512_PKM2.lif,N9_20251512_PKM2,70,vehicle/5/R4,N9_20251512_PKM2_S71_vehicle_5_R4,34,84258,61874,59590,23777,2,59590,0,79915,23777,42,227,45,18.2125,1.4138571936516149,232,1297.5,18.0,155.0,112.5,54,256,51,16.895027624309392,1.4506293002181574,229,1252.5,23.0,145.0,112.5,45,181,51,11.315384615384616,2.5360642637843296,197,780.0,13.0,125.0,97.5,431.5372042288975,126.0,3.424898446261091,269.9972848046029,212.0,1.2735720981349192,464.54860157427566,215.0,2.16069117011291,245.9117238258396,191.0,1.2874959362609404,249.99465920651068,191.0,1.3088725612906318
E:\N9_20251512_PKM2.lif,N9_20251512_PKM2,70,vehicle/5/R4,N9_20251512_PKM2_S71_vehicle_5_R4,35,8489,8489,8482,7063,0,0,8482,6234,7063,4,4,0,26.6,1.1205088938626455,100,202.5,6.0,70.0,47.5,4,24,3,14.823529411764708,1.1214336241452487,100,202.5,6.0,70.0,47.5,13,31,2,12.25,1.28628061730143,92,192.5,5.0,45.0,42.5,143.80810460596066,126.0,1.1413341635393703,2173.6289790143837,212.0,10.252966882143316,275.24173885145973,215.0,1.280194134192836,342.6938390858758,191.0,1.794208581601444,,191.0,
E:\N9_20251512_PKM2.lif,N9_20251512_PKM2,70,vehicle/5/R4,N9_20251512_PKM2_S71_vehicle_5_R4,36,13547,11265,10818,7564,1,3392,9790,10761,7564,19,35,6,13.333333333333334,1.2281402574345317,99,302.5,13.0,75.0,47.5,14,36,5,15.37037037037037,1.2063227953410982,100,287.5,12.0,60.0,47.5,23,59,15,9.866666666666667,1.7357218402961396,94,302.5,14.0,55.0,45.0,241.96668632075472,126.0,1.920370526355196,1036.1784473953014,212.0,4.887634185826894,281.67380202108006,215.0,1.310110707074791,301.2224589436307,191.0,1.5770809368776475,319.1557077625571,191.0,1.6709722919505607
E:\N9_20251512_PKM2.lif,N9_20251512_PKM2,70,vehicle/5/R4,N9_20251512_PKM2_S71_vehicle_5_R4,37,6412,6260,6256,3625,0,2754,6076,5764,3625,4,21,6,10.076923076923077,1.0613418530351435,70,127.5,8.0,45.0,32.5,4,13,7,13.7,1.0620204603580563,70,127.5,8.0,45.0,32.5,8,20,13,17.533333333333335,1.665103448275862,68,182.5,8.0,25.0,30.0,278.05991285403053,126.0,2.2068247051907184,1038.7432521395656,212.0,4.899732321413045,285.12909544159544,215.0,1.3261818392632343,255.30463258785943,191.0,1.3366734690463844,,191.0,
E:\N9_20251512_PKM2.lif,N9_20251512_PKM2,70,vehicle/5/R4,N9_20251512_PKM2_S71_vehicle_5_R4,38,28722,16508,15694,10184,1,6157,12594,22257,10184,32,116,29,11.53658536585366,1.7845287133511023,143,547.5,15.0,85.0,67.5,33,102,24,12.808219178082192,1.8717981394163372,144,552.5,13.0,85.0,70.0,24,81,17,10.224137931034482,2.5601924587588374,165,362.5,8.0,60.0,78.83333333333333,256.082832548319,126.0,2.0324034329231666,697.2060505002382,212.0,3.2887077853784823,293.73027758868466,215.0,1.366187337621789,278.3145747516356,191.0,1.4571443704274114,329.0829906542056,191.0,1.722947595048197
E:\N9_20251512_PKM2.lif,N9_20251512_PKM2,70,vehicle/5/R4,N9_20251512_PKM2_S71_vehicle_5_R4,39,27614,25767,24341,22146,1,23812,774,25451,22146,18,56,15,20.256410256410252,1.150269724841852,137,522.5,14.0,100.0,65.0,20,153,39,13.23076923076923,1.1866809087547758,135,452.5,11.0,80.0,65.0,14,36,5,22.89655172413793,1.2983834552515128,147,477.5,11.0,75.0,70.0,496.489921048211,126.0,3.940396198795325,387.9935400516796,212.0,1.8301582077909413,400.2443492939191,215.0,1.8616016246228797,386.4683121822486,191.0,2.0233943046191025,367.0723488602577,191.0,1.9218447584306688
E:\N9_20251512_PKM2.lif,N9_20251512_PKM2,70,vehicle/5/R4,N9_20251512_PKM2_S71_vehicle_5_R4,40,11064,5444,0,5444,0,0,0,8383,5444,13,45,6,14.0,1.7459588537839823,86,277.5,9.0,50.0,40.0,0,0,0,0.0,,0,0.0,0.0,,,13,45,6,14.0,1.7459588537839823,86,277.5,9.0,50.0,40.0,150.30437178545188,126.0,1.1928918395670784,299.4338721528288,212.0,1.4124239252491926,335.67821522309714,215.0,1.561294024293475,265.8728875826598,191.0,1.3920046470296326,,191.0,
E:\N9_20251512_PKM2.lif,N9_20251512_PKM2,70,vehicle/5/R4,N9_20251512_PKM2_S71_vehicle_5_R4,41,31175,30636,27285,29834,1,27270,21,30877,29834,9,25,5,35.125,1.0935500718109414,148,367.5,13.0,115.0,70.0,32,226,49,10.853146853146852,1.196994685724757,144,422.5,10.0,95.0,70.0,11,33,13,29.363636363636363,1.121371589461688,149,382.5,11.0,90.0,72.5,503.76633663366334,126.0,3.998145528838598,365.8571428571428,212.0,1.7257412398921832,503.2849891225526,215.0,2.340860414523501,387.8731884057971,191.0,2.0307496775172624,428.2048228639476,191.0,2.241910067350511
E:\N9_20251512_PKM2.lif,N9_20251512_PKM2,70,vehicle/5/R4,N9_20251512_PKM2_S71_vehicle_5_R4,42,16683,12890,11628,8175,1,421,11398,13480,8175,17,94,16,11.688524590163937,1.352055857253685,104,332.5,11.0,70.0,50.0,18,66,7,12.395833333333334,1.478500171998624,179,370.0,6.0,140.0,92.1875,19,79,19,10.764705882352942,2.044770642201835,104,392.5,11.0,65.0,50.0,236.0142517814727,126.0,1.8731289823926405,790.5780838743639,212.0,3.729141905067754,306.07392726191654,215.0,1.4235996616833326,268.49720713731574,191.0,1.4057445399859465,265.98477157360406,191.0,1.3925904270869325
E:\N9_20251512_PKM2.lif,N9_20251512_PKM2,70,vehicle/5/R4,N9_20251512_PKM2_S71_vehicle_5_R4,43,43644,35976,35963,5284,1,35963,0,27749,5284,40,206,42,14.208333333333334,1.4678674672003558,182,772.5,12.0,120.0,87.5,40,214,44,13.89864864864865,1.4683980758001278,182,772.5,12.0,120.0,87.5,19,41,13,9.764705882352942,3.34330052990159,223,287.5,8.0,185.0,142.6086956521739,382.1470678197036,126.0,3.032913236664314,186.62602846342008,212.0,0.8803114550161324,299.9395879611481,215.0,1.3950678509820842,188.82518901489885,191.0,0.9886135550518264,224.14171974522293,191.0,1.173516857304832
E:\N9_20251512_PKM2.lif,N9_20251512_PKM2,70,vehicle/5/R4,N9_20251512_PKM2_S71_vehicle_5_R4,44,16398,16317,16263,9395,1,0,16263,4040,9395,6,36,4,21.20833333333333,1.1405895691609975,115,277.5,8.0,65.0,55.0,4,32,4,23.8,1.14437680624731,116,277.5,9.0,65.0,55.0,30,64,12,11.76923076923077,1.81841405002661,201,437.5,5.0,90.0,97.5,156.3845682417111,126.0,1.2411473669977071,1432.6002582549345,212.0,6.757548387994974,291.75241875465144,215.0,1.3569879942076812,280.8570815713673,191.0,1.4704559244574205,278.5983902303636,191.0,1.4586303153422178
E:\N9_20251512_PKM2.lif,N9_20251512_PKM2,70,vehicle/5/R4,N9_20251512_PKM2_S71_vehicle_5_R4,45,9926,9670,9668,3435,0,0,9668,1460,3435,2,0,0,112.0,1.0430196483971044,76,147.5,10.0,55.0,35.0,2,0,0,112.0,1.0432354158047166,76,147.5,10.0,55.0,35.0,14,58,10,6.0,1.65764192139738,64,187.5,9.0,35.0,30.0,143.429265770424,126.0,1.1383275061144762,1532.12329333885,212.0,7.226996666692688,261.8715953307393,215.0,1.2180074201429734,227.04519131334024,191.0,1.1887182791274358,,191.0,
E:\N9_20251512_PKM2.lif,N9_20251512_PKM2,72,vehicle/5/R15,N9_20251512_PKM2_S73_vehicle_5_R15,2,7506,2263,2263,0,0,0,2263,0,0,2,0,0,68.0,1.1643835616438356,60,87.5,2.0,15.0,27.5,2,0,0,68.0,1.1643835616438356,60,87.5,2.0,15.0,27.5,0,0,0,0.0,,0,0.0,0.0,,,108.12417145382236,106.0,1.0200393533379468,535.2421564295183,185.0,2.893200845564964,194.02828104286343,185.0,1.0488015191506133,148.8775961113566,142.0,1.0484337754320887,,142.0,
E:\N9_20251512_PKM2.lif,N9_20251512_PKM2,74,vehicle/5/R14,N9_20251512_PKM2_S75_vehicle_5_R14,1,8859,4434,4237,3668,1,4237,0,4768,3668,6,24,4,15.1875,1.244700045105999,71,162.5,6.0,45.0,32.5,7,25,4,12.894736842105264,1.2907717724805288,70,147.5,6.0,40.0,32.5,4,4,1,25.2,1.2968920392584515,66,117.5,6.0,35.0,30.0,271.54543308945006,129.0,2.1050033572825586,174.15674334686514,197.0,0.8840443824713966,293.4200854700855,208.0,1.4106734878369496,235.936400541272,178.0,1.3254853962992807,228.4394572025052,178.0,1.283367737092726
E:\N9_20251512_PKM2.lif,N9_20251512_PKM2,74,vehicle/5/R14,N9_20251512_PKM2_S75_vehicle_5_R14,2,48737,25361,19099,20613,1,19099,302,12874,20613,34,158,32,13.455445544554456,1.8831670675446552,216,772.5,12.0,80.0,105.0,25,117,26,13.753246753246753,2.325043195978847,205,812.5,13.0,70.0,100.0,32,147,33,11.11111111111111,2.0768447096492504,222,697.5,8.0,55.0,107.5,289.1305303942615,129.0,2.2413219410407867,428.3675496688742,197.0,2.174454566847077,262.5878896686796,208.0,1.2624417772532674,279.32557864437524,178.0,1.569244823844805,315.7789351851852,178.0,1.7740389617145234
E:\N9_20251512_PKM2.lif,N9_20251512_PKM2,74,vehicle/5/R14,N9_20251512_PKM2_S75_vehicle_5_R14,3,32994,21512,17008,16073,3,17008,0,18978,16073,20,102,16,14.892307692307693,1.6211416883599852,157,522.5,10.0,80.0,75.0,26,94,14,13.970149253731345,2.0453316086547506,159,567.5,10.0,75.0,77.5,25,92,17,12.292307692307691,1.7586635973371492,154,512.5,11.0,70.0,75.0,320.8260230479774,129.0,2.487023434480445,215.43677947192265,197.0,1.093587713055445,303.95324330653347,208.0,1.4613136697429494,298.4098177761249,178.0,1.6764596504276683,339.59656963401375,178.0,1.907845896820302
E:\N9_20251512_PKM2.lif,N9_20251512_PKM2,74,vehicle/5/R14,N9_20251512_PKM2_S75_vehicle_5_R14,4,12919,3508,0,3508,0,0,0,1328,3508,11,48,10,7.3125,2.032212086659065,117,152.5,6.0,105.0,58.333333333333336,0,0,0,0.0,,0,0.0,0.0,,,11,48,10,7.3125,2.032212086659065,117,152.5,6.0,105.0,58.333333333333336,142.4330102622577,129.0,1.1041318624981218,299.2055302166477,197.0,1.5188097980540491,253.94434628975264,208.0,1.220886280239195,258.4079247434436,178.0,1.4517299142890088,,178.0,
E:\N9_20251512_PKM2.lif,N9_20251512_PKM2,74,vehicle/5/R14,N9_20251512_PKM2_S75_vehicle_5_R14,5,8480,4735,0,4735,0,0,0,0,4735,7,23,3,12.933333333333334,1.3932418162618796,69,177.5,11.0,60.0,32.5,0,0,0,0.0,,0,0.0,0.0,,,7,23,3,12.933333333333334,1.3932418162618796,69,177.5,11.0,60.0,32.5,196.71214361140443,129.0,1.5249003380729025,234.23189017951427,197.0,1.1889943663934734,208.9911298838437,208.0,1.0047650475184793,260.17972544878563,178.0,1.4616838508358745,,178.0,
E:\N9_20251512_PKM2.lif,N9_20251512_PKM2,74,vehicle/5/R14,N9_20251512_PKM2_S75_vehicle_5_R14,6,6974,2323,0,2323,0,0,0,152,2323,4,4,1,17.6,1.25312096427034,50,97.5,6.0,30.0,22.5,0,0,0,0.0,,0,0.0,0.0,,,4,4,1,17.6,1.25312096427034,50,97.5,6.0,30.0,22.5,224.35170038743004,129.0,1.739160468119613,247.0723202755058,197.0,1.254174214596476,265.4475524475524,208.0,1.276190155997848,220.87860525182955,178.0,1.2408910407406153,,178.0,
E:\N9_20251512_PKM2.lif,N9_20251512_PKM2,74,vehicle/5/R14,N9_20251512_PKM2_S75_vehicle_5_R14,7,10690,7698,3305,7696,1,3305,0,9620,7696,11,22,7,15.0,1.2529228371005456,78,167.5,9.0,55.0,35.0,11,39,14,7.464285714285714,1.5213313161875943,60,157.5,7.0,35.0,27.5,11,22,7,14.142857142857142,1.2532484407484408,78,167.5,9.0,55.0,35.0,232.76127080181544,129.0,1.8043509364481816,218.40478046245775,197.0,1.1086537079312575,372.4202516827627,208.0,1.7904819792440514,341.9033515198753,178.0,1.920805345617277,358.6265332472563,178.0,2.014755804759867
E:\N9_20251512_PKM2.lif,N9_20251512_PKM2,74,vehicle/5/R14,N9_20251512_PKM2_S75_vehicle_5_R14,8,13416,8955,6265,6983,1,6265,0,2410,6983,17,64,22,10.288461538461538,1.4262423227247347,94,317.5,12.0,70.0,45.0,20,47,9,12.028571428571428,2.0132482043096567,155,297.5,5.0,10.0,76.96428571428571,18,50,16,10.575,1.6742087927824718,90,282.5,9.0,50.0,42.5,259.8758180367119,129.0,2.01454122509079,233.97755443886095,197.0,1.187703322024675,264.7205692108668,208.0,1.2726950442830132,277.40848687883863,178.0,1.558474645386734,269.21577644145736,178.0,1.5124481822553784
E:\N9_20251512_PKM2.lif,N9_20251512_PKM2,74,vehicle/5/R14,N9_20251512_PKM2_S75_vehicle_5_R14,9,38936,27396,23140,21906,2,23140,0,13945,21906,33,129,23,16.45977011494253,1.6113666228646517,180,792.5,14.0,70.0,87.5,31,116,24,14.901234567901234,1.8118409680207432,187,690.0,11.0,70.0,90.0,34,125,18,13.27777777777778,1.8497215374783165,173,747.5,15.0,85.0,82.5,302.60414866032846,129.0,2.345768594266112,222.68933420937364,197.0,1.130402711722709,284.0239408959132,208.0,1.3654997158457365,287.02785078113595,178.0,1.6125160156243592,314.7224382116079,178.0,1.7681035854584712
E:\N9_20251512_PKM2.lif,N9_20251512_PKM2,74,vehicle/5/R14,N9_20251512_PKM2_S75_vehicle_5_R14,10,6585,3011,0,3011,1,0,0,281,3011,16,18,3,10.529411764705882,1.994686150780472,81,182.5,6.0,35.0,35.76923076923077,0,0,0,0.0,,0,0.0,0.0,,,16,18,3,10.529411764705882,1.994686150780472,81,182.5,6.0,35.0,35.76923076923077,124.83560278977085,129.0,0.967717851083495,205.5273995350382,197.0,1.0432862920560315,232.27777777777777,208.0,1.1167200854700854,236.09498505479908,178.0,1.3263763205325791,211.1740631163708,178.0,1.1863711411032067
E:\N9_20251512_PKM2.lif,N9_20251512_PKM2,74,vehicle/5/R14,N9_20251512_PKM2_S75_vehicle_5_R14,11,82758,71958,71236,23096,2,71236,0,76762,23096,47,309,76,15.931372549019608,1.341671530615081,270,1167.5,20.0,175.0,132.5,51,347,82,15.126696832579183,1.3552698074007523,271,1192.5,16.0,135.0,132.5,23,122,27,13.1625,1.7250606165569795,231,632.5,11.0,80.0,112.5,442.1547111011287,129.0,3.427555900008749,214.68409349898556,197.0,1.0897669720760688,378.9154212415699,208.0,1.821708755969086,239.30459434670223,178.0,1.3444078334084395,346.6441839220463,178.0,1.947439235517114
E:\N9_20251512_PKM2.lif,N9_20251512_PKM2,74,vehicle/5/R14,N9_20251512_PKM2_S75_vehicle_5_R14,12,13038,10593,9508,7439,0,9508,0,12718,7439,10,26,6,20.3,1.2412914188615125,97,252.5,11.0,55.0,45.0,11,33,8,18.28,1.3403449726546066,101,297.5,14.0,50.0,47.5,20,66,19,8.82,1.6316709235112246,107,277.5,9.0,60.0,50.0,346.20214556163234,129.0,2.683737562493274,210.30812800906256,197.0,1.0675539492845816,395.2921304810764,208.0,1.9004429350051748,285.3219106957425,178.0,1.602932082560351,,178.0,
E:\N9_20251512_PKM2.lif,N9_20251512_PKM2,74,vehicle/5/R14,N9_20251512_PKM2_S75_vehicle_5_R14,13,6227,5951,5949,4731,0,5949,0,4949,4731,6,8,1,21.444444444444443,1.0954461435052931,70,127.5,7.0,45.0,32.5,6,8,1,21.444444444444443,1.0958144225920323,70,127.5,7.0,45.0,32.5,8,22,11,9.61111111111111,1.2183470725005283,66,137.5,7.0,55.0,30.0,905.8571188435031,129.0,7.022148208089171,216.7642413039825,197.0,1.1003260979897589,338.81358050406163,208.0,1.6289114447310655,354.6874474878172,178.0,1.992626109482119,,178.0,
E:\N9_20251512_PKM2.lif,N9_20251512_PKM2,74,vehicle/5/R14,N9_20251512_PKM2_S75_vehicle_5_R14,14,7983,6997,120,6997,1,120,0,5251,6997,4,4,0,36.2,1.1389166785765328,68,152.5,11.0,50.0,30.0,2,4,2,3.6666666666666665,1.1333333333333333,19,7.5,1.0,5.0,7.5,4,4,0,36.2,1.1389166785765328,68,152.5,11.0,50.0,30.0,223.54166666666663,129.0,1.7328811369509045,225.39273974560527,197.0,1.1441255824650014,297.80314616561066,208.0,1.4317458950269744,359.5981134772045,178.0,2.0202141206584523,377.6891433418151,178.0,2.121849119897837
E:\N9_20251512_PKM2.lif,N9_20251512_PKM2,74,vehicle/5/R14,N9_20251512_PKM2_S75_vehicle_5_R14,15,19353,15819,13931,7659,1,13931,0,19202,7659,22,86,27,13.126984126984128,1.349769264808142,126,362.5,9.0,65.0,60.0,20,74,20,14.263157894736842,1.497738855789247,129,457.5,12.0,70.0,62.5,41,105,18,6.988372093023256,2.0100535317926624,136,470.0,9.0,40.0,65.0,340.66104371545475,129.0,2.6407832846159285,209.4084961122701,197.0,1.0629872899100004,434.2847027302884,208.0,2.087907224664848,255.1305392249826,178.0,1.433317636095408,254.94538897475528,178.0,1.4322774661503106
E:\N9_20251512_PKM2.lif,N9_20251512_PKM2,74,vehicle/5/R14,N9_20251512_PKM2_S75_vehicle_5_R14,16,18309,14129,7088,12645,1,7088,0,608,12645,18,102,42,10.370967741935484,1.223158043739826,106,307.5,9.0,65.0,50.0,18,52,8,13.0,2.3195541760722347,166,377.5,7.0,155.0,94.58333333333331,19,85,35,10.50943396226415,1.3402135231316723,107,327.5,10.0,45.0,50.0,249.56800225733636,129.0,1.93463567641346,234.82150187557505,197.0,1.1919873191653556,288.81456953642385,208.0,1.38853158430973,303.5701040413334,178.0,1.7054500227041205,294.94714162596955,178.0,1.6570064136290423
E:\N9_20251512_PKM2.lif,N9_20251512_PKM2,74,vehicle/5/R14,N9_20251512_PKM2_S75_vehicle_5_R14,17,12389,11350,11001,9629,1,11001,0,7262,9629,10,45,4,16.35483870967742,1.1416740088105728,97,242.5,12.0,60.0,45.0,11,47,12,16.96551724137931,1.1732569766384875,98,247.5,13.0,60.0,45.0,17,79,20,11.021739130434783,1.30117353826981,97,242.5,8.0,55.0,45.0,467.0518134715026,129.0,3.62055669357754,214.6308370044053,197.0,1.0894966345401285,300.6725820763088,208.0,1.445541259982254,348.5559471365639,178.0,1.9581794782953024,324.1152136752137,178.0,1.8208719869394028
E:\N9_20251512_PKM2.lif,N9_20251512_PKM2,74,vehicle/5/R14,N9_20251512_PKM2_S75_vehicle_5_R14,19,32215,24818,24199,15376,1,24199,0,20314,15376,28,105,22,15.474358974358974,1.42259650253848,147,597.5,15.0,85.0,70.0,29,101,23,15.4,1.458985908508616,148,652.5,20.0,85.0,72.5,29,116,37,11.223684210526317,1.9169484911550467,149,652.5,20.0,85.0,72.5,444.61547997851153,129.0,3.4466316277404,239.8456765251028,197.0,1.2174907437822475,286.9050544050544,208.0,1.379351223101223,265.98416471915544,178.0,1.4942930602199744,355.7010003705076,178.0,1.9983202268006044
E:\N9_20251512_PKM2.lif,N9_20251512_PKM2,74,vehicle/5/R14,N9_20251512_PKM2_S75_vehicle_5_R14,20,14160,10028,10002,56,0,10002,0,12368,56,18,54,7,15.45945945945946,1.44744714798564,104,342.5,10.0,60.0,50.0,18,54,7,15.297297297297296,1.4503099380123976,104,337.5,10.0,60.0,50.0,2,0,0,7.0,1.0357142857142858,15,2.5,1.0,5.0,5.0,375.3365326934613,129.0,2.909585524755514,236.89010769844435,197.0,1.202487856337281,356.0692179700499,208.0,1.7118712402406246,197.5454726765058,178.0,1.1098060262725045,,178.0,
E:\N9_20251512_PKM2.lif,N9_20251512_PKM2,74,vehicle/5/R14,N9_20251512_PKM2_S75_vehicle_5_R14,21,7972,7969,7969,3765,0,4675,7956,6544,3765,3,9,2,25.5,1.057221734220103,79,242.5,15.0,40.0,37.5,3,9,2,25.5,1.057221734220103,79,242.5,15.0,40.0,37.5,17,36,9,9.214285714285714,1.9458167330677287,76,257.5,13.0,40.0,35.0,292.6590374331551,129.0,2.268674708784148,2064.798642533937,197.0,10.481211383420998,350.9781479217604,208.0,1.6873949419315404,246.9418998619651,178.0,1.3873140441683434,,178.0,
E:\N9_20251512_PKM2.lif,N9_20251512_PKM2,74,vehicle/5/R14,N9_20251512_PKM2_S75_vehicle_5_R14,22,20862,12496,7193,9400,1,1148,6045,19571,9400,16,57,11,13.325581395348838,1.4771927016645328,142,397.5,21.0,60.0,67.5,16,37,4,11.966666666666669,1.5857083275406645,127,247.5,7.0,45.0,60.0,16,39,10,13.323529411764708,1.7172340425531916,127,437.5,12.0,55.0,60.0,222.39634146341464,129.0,1.7240026470032144,810.621670802316,197.0,4.114830816255411,439.99637620091016,208.0,2.1153671932736064,247.98279449423816,178.0,1.3931617668215628,249.5438744042613,178.0,1.4019318786756252
E:\N9_20251512_PKM2.lif,N9_20251512_PKM2,74,vehicle/5/R14,N9_20251512_PKM2_S75_vehicle_5_R14,23,83306,66809,66395,20277,1,66395,0,68637,20277,50,335,61,15.024390243902438,1.6593423041805744,296,1307.5,18.0,115.0,145.0,54,346,66,14.577464788732394,1.6696889826041117,296,1322.5,18.0,115.0,145.0,28,107,31,15.012345679012345,2.342999457513439,201,817.5,14.0,95.0,97.5,423.34002560433765,129.0,3.281705624839826,221.6912691403853,197.0,1.12533639157556,342.399214870848,208.0,1.6461500714944617,227.0598871409541,178.0,1.275617343488506,339.6101753179787,178.0,1.9079223332470716
E:\N9_20251512_PKM2.lif,N9_20251512_PKM2,74,vehicle/5/R14,N9_20251512_PKM2_S75_vehicle_5_R14,24,20127,14491,14159,5495,0,14159,0,14877,5495,16,72,22,17.108695652173914,1.562280035884342,148,442.5,11.0,100.0,72.5,16,68,24,16.67391304347826,1.5989123525672717,148,452.5,15.0,70.0,70.0,13,31,6,11.92,1.8181983621474067,126,272.5,6.0,50.0,60.0,308.8263295430468,129.0,2.3940025545972623,239.5117659236768,197.0,1.2157957661100345,281.4097234773179,208.0,1.3529313628717208,208.95348837209303,178.0,1.1738960020904103,,178.0,
E:\N9_20251512_PKM2.lif,N9_20251512_PKM2,74,vehicle/5/R14,N9_20251512_PKM2_S75_vehicle_5_R14,26,32376,19702,18670,10398,1,18670,0,28269,10398,32,92,24,14.2,1.6249619327987006,137,542.5,11.0,90.0,65.0,29,79,13,15.461538461538462,1.7147830744509909,140,637.5,12.0,85.0,67.5,24,79,19,10.066666666666666,2.003077514906713,121,352.5,7.0,65.0,57.5,335.1456882699518,129.0,2.5980285912399363,235.7253578316922,197.0,1.1965754204654426,300.47650812064967,208.0,1.4445985967338926,260.33514364023955,178.0,1.462556986742919,343.1916121585225,178.0,1.92804276493552
E:\N9_20251512_PKM2.lif,N9_20251512_PKM2,74,vehicle/5/R14,N9_20251512_PKM2_S75_vehicle_5_R14,27,23763,16678,14777,6013,1,14777,0,19817,6013,22,112,26,12.813333333333333,1.6989447175920374,151,522.5,10.0,115.0,72.5,29,103,28,12.626666666666669,1.915815118088922,148,642.5,10.0,50.0,70.0,11,39,6,12.862068965517242,2.2363213038416765,118,322.5,10.0,55.0,55.0,312.1526696893821,129.0,2.4197881371269934,208.8301954670824,197.0,1.060051753640012,340.64830655817514,208.0,1.6377322430681498,211.8501618899149,178.0,1.1901694488197463,241.7496542185339,178.0,1.358144124823224
E:\N9_20251512_PKM2.lif,N9_20251512_PKM2,74,vehicle/5/R14,N9_20251512_PKM2_S75_vehicle_5_R14,28,14729,7033,2370,6958,1,0,2370,11516,6958,7,21,11,14.941176470588236,1.2475472771221383,90,172.5,9.0,55.0,42.5,8,46,11,7.434782608695652,1.5172995780590717,71,132.5,5.0,20.0,32.5,7,25,10,13.75,1.2609945386605346,90,172.5,9.0,55.0,42.5,142.71534195933455,129.0,1.106320480304919,364.5122362869199,197.0,1.850315920238172,318.3650041220116,208.0,1.5306009813558248,273.826247689464,178.0,1.5383497061205842,297.9484536082474,178.0,1.6738677169002665
E:\N9_20251512_PKM2.lif,N9_20251512_PKM2,74,vehicle/5/R14,N9_20251512_PKM2_S75_vehicle_5_R14,29,29108,22788,22769,8773,1,22769,0,21804,8773,32,147,64,10.771929824561404,1.3407495172898016,143,502.5,12.0,95.0,70.0,32,147,64,10.763157894736842,1.3418683297465852,143,497.5,12.0,95.0,70.0,9,32,12,14.833333333333334,1.4407842243246325,110,272.5,9.0,50.0,52.5,964.742588607317,129.0,7.478624717886178,230.4024925399333,197.0,1.169555799695093,348.799876778313,208.0,1.67692248451112,265.43465859224153,178.0,1.4912059471474244,332.49562238294635,178.0,1.8679529347356536
E:\N9_20251512_PKM2.lif,N9_20251512_PKM2,74,vehicle/5/R14,N9_20251512_PKM2_S75_vehicle_5_R14,30,36469,14749,10883,12255,0,0,10883,30926,12255,13,94,17,13.944444444444445,1.6736727913756866,147,362.5,8.0,75.0,70.0,23,150,33,8.244186046511627,1.4731232197004502,116,397.5,10.0,45.0,55.0,19,63,10,15.318181818181818,1.9230518155854752,143,417.5,10.0,75.0,67.5,273.84283680249507,129.0,2.1228126883914347,494.8093356611229,197.0,2.511722516046309,423.968860026602,208.0,2.038311827050971,242.23384636246524,178.0,1.360864305407108,,178.0,
E:\N9_20251512_PKM2.lif,N9_20251512_PKM2,74,vehicle/5/R14,N9_20251512_PKM2_S75_vehicle_5_R14,31,17130,5946,2430,5883,1,2430,0,14908,5883,9,58,15,8.923076923076923,1.3249243188698283,77,187.5,8.0,50.0,35.0,17,38,14,4.727272727272728,1.631275720164609,90,107.5,4.0,35.0,47.69230769230769,9,56,14,9.647058823529411,1.3391126976032637,77,177.5,8.0,50.0,35.0,248.66213991769547,129.0,1.9276134877340731,201.98049108644463,197.0,1.025281680641851,334.59452554744524,208.0,1.6086275266704098,260.30104271779345,178.0,1.4623654085269295,257.1184486373166,178.0,1.444485666501779
E:\N9_20251512_PKM2.lif,N9_20251512_PKM2,74,vehicle/5/R14,N9_20251512_PKM2_S75_vehicle_5_R14,32,8373,6317,6008,3327,0,408,5937,7328,3327,7,43,6,11.384615384615383,1.0679119835364888,64,182.5,18.0,50.0,30.0,7,45,9,9.964285714285714,1.0830559254327563,64,122.5,6.0,40.0,30.0,7,7,2,21.22222222222222,1.565975353171025,66,172.5,9.0,35.0,30.0,244.14705882352945,129.0,1.8926128590971276,688.3690416035034,197.0,3.494259094434028,324.84781384875214,208.0,1.5617683358113084,251.1245844546462,178.0,1.4108122722171137,,178.0,
E:\N9_20251512_PKM2.lif,N9_20251512_PKM2,74,vehicle/5/R14,N9_20251512_PKM2_S75_vehicle_5_R14,33,11636,11458,11242,7066,0,1168,10681,0,7066,5,23,4,15.928571428571429,1.0318554721591902,83,177.5,9.0,60.0,37.5,5,21,2,20.857142857142858,1.0398505603985055,82,202.5,9.0,70.0,37.5,10,34,7,12.92,1.4472120011321823,88,247.5,9.0,45.0,42.5,246.3912671232877,129.0,1.9100098226611448,1502.9393315232655,197.0,7.629133662554647,228.15011345784603,208.0,1.0968755454704135,274.3019724210159,178.0,1.5410223169719992,,178.0,
E:\N9_20251512_PKM2.lif,N9_20251512_PKM2,74,vehicle/5/R14,N9_20251512_PKM2_S75_vehicle_5_R14,34,52568,49469,33736,48382,4,22621,18182,49973,48382,14,77,18,14.23404255319149,1.1985485859831408,208,592.5,17.0,160.0,102.5,81,341,99,8.162162162162161,1.5598174057386769,184,1017.5,15.0,160.0,90.0,18,98,34,11.810344827586206,1.2113802653879542,211,532.5,13.0,165.0,102.5,369.66460368683965,129.0,2.8656170828437184,471.2288527114729,197.0,2.392024633053162,382.1073926817341,208.0,1.837054772508337,671.6732499140876,178.0,3.7734452242364473,687.0380304552833,178.0,3.859764216040917
E:\N9_20251512_PKM2.lif,N9_20251512_PKM2,74,vehicle/5/R14,N9_20251512_PKM2_S75_vehicle_5_R14,35,23945,12655,12488,5779,1,0,12488,0,5779,20,105,37,10.013513513513514,1.459818253654682,107,442.5,15.0,65.0,50.0,18,116,36,9.384615384615383,1.4793401665598975,107,457.5,13.0,55.0,50.0,12,31,8,11.36,1.4424640941339333,80,212.5,9.0,40.0,37.5,148.28676412485183,129.0,1.149509799417456,651.9716527866752,197.0,3.3095007755668795,244.2212564203872,208.0,1.174140655867246,255.5096009482418,178.0,1.435447196338437,271.5932269365512,178.0,1.5258046457109615
E:\N9_20251512_PKM2.lif,N9_20251512_PKM2,74,vehicle/5/R14,N9_20251512_PKM2_S75_vehicle_5_R14,36,11257,9551,8919,5853,1,1,8918,2556,5853,9,41,10,15.703703703703704,1.2456287299759188,86,262.5,10.0,50.0,40.0,9,25,7,21.2,1.3203273909631124,86,257.5,11.0,55.0,40.0,18,48,12,9.5,1.8072783188108663,98,262.5,8.0,35.0,45.0,210.0,129.0,1.627906976744186,671.615048217089,197.0,3.4092134427263403,262.2560192616372,208.0,1.2608462464501788,298.4640351795624,178.0,1.676764242581811,312.8039513677812,178.0,1.7573255694819168
E:\N9_20251512_PKM2.lif,N9_20251512_PKM2,74,vehicle/5/R14,N9_20251512_PKM2_S75_vehicle_5_R14,37,27908,17579,15419,7199,1,15419,0,6391,7199,12,64,11,20.525,2.0189430570567155,169,562.5,13.0,100.0,82.5,17,58,12,17.833333333333332,2.30177054283676,158,627.5,18.0,105.0,77.5,13,66,21,9.630434782608695,1.638283094874288,89,262.5,9.0,45.0,42.5,267.71171930734806,129.0,2.075284645793396,219.6999260481256,197.0,1.1152280510057138,279.5523241954708,208.0,1.3440015586320713,210.4233460378861,178.0,1.1821536294263266,225.4800206238721,178.0,1.266741688898158
E:\N9_20251512_PKM2.lif,N9_20251512_PKM2,74,vehicle/5/R14,N9_20251512_PKM2_S75_vehicle_5_R14,39,21171,13344,12884,6714,1,0,12884,13168,6714,23,68,13,12.314814814814817,1.3819694244604317,101,442.5,19.0,70.0,47.5,21,52,11,14.088888888888889,1.392424712822105,100,392.5,14.0,65.0,47.5,18,57,15,10.209302325581396,1.877271373249925,102,337.5,12.0,55.0,45.588235294117645,137.93472721822542,129.0,1.069261451304073,592.048354548277,197.0,3.005321596691761,309.29792865362487,208.0,1.4870092723731965,255.9738459232614,178.0,1.4380553141756258,242.42958579881656,178.0,1.3619639651618909
E:\N9_20251512_PKM2.lif,N9_20251512_PKM2,74,vehicle/5/R14,N9_20251512_PKM2_S75_vehicle_5_R14,40,61053,22970,20553,7433,1,20553,0,51089,7433,29,136,32,16.05,2.234175010883761,300,897.5,7.0,150.0,149.12280701754386,26,130,31,15.293333333333331,2.045054249987836,155,822.5,11.0,110.0,75.0,15,41,12,14.21875,2.2692048970805865,196,342.5,4.0,25.0,96.11111111111111,269.70048168150635,129.0,2.09070140838377,207.6458424031345,197.0,1.0540398091529672,357.5645218091261,208.0,1.719060201005414,191.83151937309532,178.0,1.0777051650173897,235.4146593255334,178.0,1.322554265873783
E:\N9_20251512_PKM2.lif,N9_20251512_PKM2,74,vehicle/5/R14,N9_20251512_PKM2_S75_vehicle_5_R14,41,25596,7124,0,7124,1,0,0,19967,7124,15,43,7,15.285714285714286,2.240174059517125,109,372.5,10.0,40.0,52.5,0,0,0,0.0,,0,0.0,0.0,,,15,43,7,15.285714285714286,2.240174059517125,109,372.5,10.0,40.0,52.5,154.89149354295338,129.0,1.2007092522709564,194.2574396406513,197.0,0.9860783738104127,285.36206896551727,208.0,1.3719330238726792,211.85415496911847,178.0,1.19019188184898,205.5036231884058,178.0,1.1545147370135158
E:\N9_20251512_PKM2.lif,N9_20251512_PKM2,74,vehicle/5/R14,N9_20251512_PKM2_S75_vehicle_5_R14,43,16023,6228,2336,4753,1,2336,0,13336,4753,15,34,9,13.192307692307692,1.6245985870263326,81,282.5,9.0,55.0,37.5,10,23,3,9.176470588235292,1.773972602739726,91,117.5,5.0,25.0,40.76923076923077,9,11,5,19.818181818181817,1.6793604039553969,84,217.5,8.0,55.0,40.0,246.12371575342465,129.0,1.9079357810343,197.3848747591522,197.0,1.0019536789804682,356.88372985418266,208.0,1.7157871627604937,213.7758509955042,178.0,1.2009879269410348,206.7920656634747,178.0,1.1617531778846892
E:\N9_20251512_PKM2.lif,N9_20251512_PKM2,74,vehicle/5/R14,N9_20251512_PKM2_S75_vehicle_5_R14,44,26595,7455,2530,7434,1,2530,0,23946,7434,15,19,1,24.33333333333333,2.85083836351442,243,412.5,6.0,225.0,120.5813953488372,5,13,6,12.555555555555555,1.4134387351778657,56,112.5,6.0,35.0,25.0,15,19,1,24.27777777777778,2.8588915792305625,243,407.5,6.0,225.0,120.5813953488372,229.38418972332016,129.0,1.778172013359071,203.1601609657948,197.0,1.0312698526182476,369.28711755233496,208.0,1.7754188343862258,211.6764587525151,178.0,1.1891935884972755,210.79923184357543,178.0,1.184265347435817
E:\N9_20251512_PKM2.lif,N9_20251512_PKM2,74,vehicle/5/R14,N9_20251512_PKM2_S75_vehicle_5_R14,45,10594,6799,6662,2644,1,0,6662,572,2644,8,39,19,9.416666666666666,1.095455214002059,76,172.5,6.0,50.0,35.0,6,31,5,13.466666666666669,1.108676073251276,78,182.5,8.0,55.0,37.5,10,6,1,10.333333333333334,1.5015128593040847,104,142.5,6.0,20.0,50.0,120.679070451537,129.0,0.9354966701669534,709.6413989792856,197.0,3.602240603955764,295.4193548387097,208.0,1.4202853598014888,191.02735696425944,178.0,1.0731873986756149,192.3919639196392,178.0,1.0808537298856136
E:\N9_20251512_PKM2.lif,N9_20251512_PKM2,74,vehicle/5/R14,N9_20251512_PKM2_S75_vehicle_5_R14,46,12139,7552,7552,0,0,3470,6419,4736,0,5,11,2,24.4,1.3528866525423728,88,197.5,9.0,50.0,42.5,5,11,2,24.4,1.3528866525423728,88,197.5,9.0,50.0,42.5,0,0,0,0.0,,0,0.0,0.0,,,278.1746397694524,129.0,2.1563925563523445,649.1539180557719,197.0,3.2951975535825984,273.6318067075369,208.0,1.3155375322477738,195.35103283898303,178.0,1.0974777125785564,,178.0,
E:\N9_20251512_PKM2.lif,N9_20251512_PKM2,76,vehicle/6/R2,N9_20251512_PKM2_S77_vehicle_6_R2,1,8279,8210,8210,1602,1,0,8210,1336,1602,4,26,3,12.75,1.0311814859926918,75,112.5,4.0,50.0,35.0,4,26,3,12.75,1.0311814859926918,75,112.5,4.0,50.0,35.0,4,6,2,13.4,1.1941323345817727,42,107.5,8.0,30.0,17.5,130.20401948842874,117.0,1.112854867422468,1519.285383678441,205.0,7.411148213065565,270.4435857805255,202.0,1.338829632576859,205.831790499391,169.0,1.217939588753793,180.69530102790011,169.0,1.069202964662131
E:\N9_20251512_PKM2.lif,N9_20251512_PKM2,76,vehicle/6/R2,N9_20251512_PKM2_S77_vehicle_6_R2,2,49783,14930,14242,5415,1,14242,0,0,5415,21,78,11,15.18867924528302,1.8956463496316145,153,572.5,11.0,65.0,75.0,21,65,9,16.319148936170212,1.9872208959415807,153,512.5,8.0,80.0,72.5,8,27,2,13.210526315789474,1.430470914127424,81,197.5,7.0,40.0,37.5,291.2234938913074,117.0,2.4890896913786955,194.8371734762224,205.0,0.9504252364693776,226.62237106496983,202.0,1.1218929260642072,211.3582049564635,169.0,1.250640266014577,249.50661375661372,169.0,1.4763704956012649
E:\N9_20251512_PKM2.lif,N9_20251512_PKM2,76,vehicle/6/R2,N9_20251512_PKM2_S77_vehicle_6_R2,3,43972,15730,11809,10082,1,11809,0,25931,10082,27,134,32,10.517241379310343,1.687603305785124,148,455.0,9.0,70.0,75.0,25,105,20,10.231884057971014,1.7341011093233971,145,415.0,8.0,90.0,77.5,19,89,24,10.824561403508772,1.8949613171989683,155,362.5,6.0,45.0,75.0,246.61580150732493,117.0,2.1078273633104696,209.87005721551176,205.0,1.023756376661033,329.1557336004006,202.0,1.6294838297049534,232.20705657978385,169.0,1.3740062519513838,273.2361111111111,169.0,1.616781722550953
E:\N9_20251512_PKM2.lif,N9_20251512_PKM2,76,vehicle/6/R2,N9_20251512_PKM2_S77_vehicle_6_R2,5,55180,31470,31470,5584,1,31470,0,15440,5584,30,190,46,13.03305785123967,1.9645058786145533,206,852.5,15.0,85.0,100.0,30,190,46,13.03305785123967,1.9645058786145533,206,852.5,15.0,85.0,100.0,8,16,2,19.916666666666668,1.5594555873925502,88,192.5,9.0,35.0,42.5,552.6226882745472,117.0,4.723270839953394,224.50162059103909,205.0,1.095129856541654,305.5299090764077,202.0,1.512524302358454,189.4815379726724,169.0,1.1211925323826768,215.0415574691127,169.0,1.272435251296525
E:\N9_20251512_PKM2.lif,N9_20251512_PKM2,76,vehicle/6/R2,N9_20251512_PKM2_S77_vehicle_6_R2,6,8412,8356,8356,632,0,0,8356,25,632,4,24,7,17.4375,1.0921493537577789,81,167.5,9.0,55.0,37.5,4,24,7,17.4375,1.0921493537577789,81,167.5,9.0,55.0,37.5,2,0,0,34.0,1.2468354430379749,33,32.5,2.0,10.0,12.5,118.42735758736238,117.0,1.0121996374988238,1455.0887984681665,205.0,7.097994138869105,350.12,202.0,1.7332673267326733,179.44351364289133,169.0,1.0617959387153333,,169.0,
E:\N9_20251512_PKM2.lif,N9_20251512_PKM2,76,vehicle/6/R2,N9_20251512_PKM2_S77_vehicle_6_R2,7,13549,8051,8033,3812,1,0,8033,1902,3812,31,88,32,8.044776119402986,1.5386908458576574,115,377.5,9.0,45.0,55.0,32,77,30,8.555555555555555,1.542138677953442,115,387.5,9.0,40.0,55.0,8,24,5,11.058823529411764,1.424449108079748,83,147.5,5.0,25.0,37.5,123.65134765867596,117.0,1.0568491252878285,559.214365741317,205.0,2.7278749548356926,292.2407574391344,202.0,1.4467364229660118,225.41758787728236,169.0,1.3338318809306646,221.2052117263844,169.0,1.3089065782626297
E:\N9_20251512_PKM2.lif,N9_20251512_PKM2,76,vehicle/6/R2,N9_20251512_PKM2_S77_vehicle_6_R2,8,36262,14230,5066,13527,1,0,5066,23648,13527,22,81,23,14.018181818181818,1.440056219255095,148,327.5,8.0,75.0,72.5,7,59,28,8.6,1.0540860639557836,58,152.5,15.0,45.0,25.0,21,83,20,13.192982456140353,1.5148961336586086,148,327.5,7.0,60.0,70.0,134.4977512297962,117.0,1.149553429314497,627.4808527437821,205.0,3.060882208506254,291.4698759007206,202.0,1.4429201777263394,311.3798313422347,169.0,1.842484209125649,340.985248447205,169.0,2.017664191995296
E:\N9_20251512_PKM2.lif,N9_20251512_PKM2,76,vehicle/6/R2,N9_20251512_PKM2_S77_vehicle_6_R2,9,23050,8205,1648,8205,1,1648,0,327,8205,7,33,4,17.0,1.5196831200487508,116,232.5,7.0,60.0,55.0,14,21,9,5.954545454545454,2.3033980582524274,60,162.5,9.0,40.0,27.5,7,33,4,17.0,1.5196831200487508,116,232.5,7.0,60.0,55.0,214.43992718446603,117.0,1.8328198904655213,211.38964046313225,205.0,1.0311689778689377,288.40672782874617,202.0,1.4277560783601295,296.2705667276051,169.0,1.7530802764947049,288.1802942182689,169.0,1.7052088415282185
E:\N9_20251512_PKM2.lif,N9_20251512_PKM2,76,vehicle/6/R2,N9_20251512_PKM2_S77_vehicle_6_R2,12,76601,30851,29453,11457,1,29453,0,57760,11457,39,214,56,12.47222222222222,1.9523516255550877,216,1042.5,18.0,80.0,105.0,38,172,42,14.041322314049587,2.045020880725223,216,1072.5,17.0,80.0,105.0,22,66,11,13.95744680851064,2.315964039451864,139,542.5,12.0,50.0,67.5,280.1731232811598,117.0,2.394642079326152,221.3143172020356,205.0,1.079582035131881,324.3730609156262,202.0,1.6058072322555752,219.65459790606465,169.0,1.2997313485565951,248.110614908966,169.0,1.4681101473903313
E:\N9_20251512_PKM2.lif,N9_20251512_PKM2,76,vehicle/6/R2,N9_20251512_PKM2_S77_vehicle_6_R2,13,27184,7240,0,7240,1,0,0,19844,7240,14,44,2,11.666666666666666,1.698895027624309,112,237.5,11.0,50.0,51.578947368421055,0,0,0,0.0,,0,0.0,0.0,,,14,44,2,11.666666666666666,1.698895027624309,112,237.5,11.0,50.0,51.578947368421055,132.1310773480663,117.0,1.12932544741937,215.38232044198892,205.0,1.0506454655706778,299.5135056636654,202.0,1.4827401270478484,256.932044198895,169.0,1.5203079538396156,265.1620524178664,169.0,1.5690062273246532
E:\N9_20251512_PKM2.lif,N9_20251512_PKM2,76,vehicle/6/R2,N9_20251512_PKM2_S77_vehicle_6_R2,14,22050,13099,12745,4114,1,0,12745,9828,4114,26,70,12,12.272727272727272,1.5072906328727385,187,380.0,8.0,135.0,101.66666666666669,18,66,6,13.673913043478262,1.3857983522950177,99,347.5,13.0,60.0,47.5,25,31,9,8.28125,3.291200777831794,187,280.0,5.0,85.0,101.92307692307692,121.34666768455608,117.0,1.0371510058509066,928.1018438603372,205.0,4.527326067611401,273.9549159873565,202.0,1.356212455382953,221.80105351553556,169.0,1.3124322693226955,242.02057613168725,169.0,1.432074414980398
E:\N9_20251512_PKM2.lif,N9_20251512_PKM2,76,vehicle/6/R2,N9_20251512_PKM2_S77_vehicle_6_R2,15,25844,10869,0,10869,1,0,0,22573,10869,14,32,6,20.12,2.129450731438035,143,422.5,10.0,50.0,67.5,0,0,0,0.0,,0,0.0,0.0,,,14,32,6,20.12,2.129450731438035,143,422.5,10.0,50.0,67.5,143.79004508234428,117.0,1.2289747442935408,228.61459195878183,205.0,1.1151931315062529,323.282119205298,202.0,1.600406530719297,268.3811758211427,169.0,1.5880542947996608,306.534588917059,169.0,1.8138141356038997
E:\N9_20251512_PKM2.lif,N9_20251512_PKM2,76,vehicle/6/R2,N9_20251512_PKM2_S77_vehicle_6_R2,18,28763,6872,739,6872,1,739,0,14775,6872,8,46,11,12.766666666666667,1.59953434225844,88,272.5,10.0,30.0,40.0,10,28,4,4.055555555555555,1.3193504736129906,38,52.5,4.0,25.0,15.0,8,46,11,12.766666666666667,1.59953434225844,88,272.5,10.0,30.0,40.0,203.9296346414073,117.0,1.7429883302684386,236.44644935972065,205.0,1.1533973139498566,298.7137007874016,202.0,1.4787806969673347,266.98282887078,169.0,1.5797800524898225,264.251918585252,169.0,1.5636208200310766
E:\N9_20251512_PKM2.lif,N9_20251512_PKM2,76,vehicle/6/R2,N9_20251512_PKM2_S77_vehicle_6_R2,19,8941,3192,0,3192,1,0,0,0,3192,10,32,6,9.454545454545457,1.5097117794486214,65,147.5,6.0,30.0,30.0,0,0,0,0.0,,0,0.0,0.0,,,10,32,6,9.454545454545457,1.5097117794486214,65,147.5,6.0,30.0,30.0,121.24248120300751,117.0,1.0362605231026285,231.6058897243108,205.0,1.1297848279234672,223.1419172932331,202.0,1.1046629568971935,240.375,169.0,1.422337278106509,221.7600452744765,169.0,1.3121896170087368
E:\N9_20251512_PKM2.lif,N9_20251512_PKM2,76,vehicle/6/R2,N9_20251512_PKM2_S77_vehicle_6_R2,20,11988,9619,7843,7882,1,0,7843,4281,7882,16,44,11,12.333333333333334,1.2101050005198046,92,287.5,16.0,55.0,42.5,12,34,6,11.73076923076923,1.2056610990692338,79,232.5,10.0,55.0,37.5,24,75,26,9.545454545454543,1.4644760213143873,92,237.5,10.0,55.0,42.5,122.46002702983678,117.0,1.0466668976909126,698.3510136427387,205.0,3.4065903104523843,287.7434467373118,202.0,1.4244725086005534,343.12672835014035,169.0,2.030335670710889,344.67571174377224,169.0,2.0395012529217293
E:\N9_20251512_PKM2.lif,N9_20251512_PKM2,76,vehicle/6/R2,N9_20251512_PKM2_S77_vehicle_6_R2,21,128876,28065,19269,21871,1,19269,0,11969,21871,53,284,86,10.751412429378531,2.317049706039551,295,1097.5,10.0,45.0,145.0,32,166,47,10.780701754385966,2.576781358658986,276,817.5,7.0,60.0,135.0,65,270,83,9.126436781609195,2.943623976955786,325,1012.5,8.0,115.0,160.0,263.10317089625823,117.0,2.2487450503953696,226.1402814893996,205.0,1.1031233243385343,280.4136694807448,202.0,1.3881864825779444,244.0947799750579,169.0,1.4443478105033012,300.5696990660672,169.0,1.7785189293850123
E:\N9_20251512_PKM2.lif,N9_20251512_PKM2,76,vehicle/6/R2,N9_20251512_PKM2_S77_vehicle_6_R2,22,38991,15341,0,15341,1,0,0,26925,15341,23,110,35,10.893333333333333,1.737696369206701,147,537.5,19.0,50.0,70.0,0,0,0,0.0,,0,0.0,0.0,,,23,110,35,10.893333333333333,1.737696369206701,147,537.5,19.0,50.0,70.0,139.7268105077896,117.0,1.1942462436563213,253.62407926471548,205.0,1.2371906305595877,279.3625947906363,202.0,1.3829831425279024,328.285835343198,169.0,1.942519735758568,369.98750390502966,169.0,2.1892751710356784
E:\N9_20251512_PKM2.lif,N9_20251512_PKM2,76,vehicle/6/R2,N9_20251512_PKM2_S77_vehicle_6_R2,23,20940,4961,1961,4734,0,0,1961,12727,4734,18,39,5,9.724137931034482,1.8824833702882484,147,230.0,7.0,120.0,74.2,1,3,1,32.5,1.04742478327384,40,102.5,13.0,25.0,17.5,19,44,8,10.64516129032258,1.9727503168567808,147,240.0,6.0,40.0,74.2,151.36928038701873,117.0,1.2937545332223823,378.5390107088221,205.0,1.8465317595552293,278.29509991787575,202.0,1.3776985144449294,241.0268091110663,169.0,1.4261941367518718,,169.0,
E:\N9_20251512_PKM2.lif,N9_20251512_PKM2,76,vehicle/6/R2,N9_20251512_PKM2_S77_vehicle_6_R2,24,24134,13777,13057,9098,1,0,13057,4243,9098,24,72,11,14.035714285714286,1.5640560354213544,120,442.5,11.0,65.0,57.5,25,69,7,13.072727272727272,1.5848204028490465,118,402.5,9.0,90.0,55.0,15,96,23,10.210526315789474,1.9927456583864585,111,392.5,10.0,65.0,52.5,122.1927124918342,117.0,1.0443821580498651,781.7866278624492,205.0,3.813593306646094,249.9066128218072,202.0,1.2371614496129066,259.2738622341584,169.0,1.534164865290878,285.0356657608696,169.0,1.686601572549524
E:\N9_20251512_PKM2.lif,N9_20251512_PKM2,76,vehicle/6/R2,N9_20251512_PKM2_S77_vehicle_6_R2,25,34788,14718,8961,9016,0,8961,0,27792,9016,33,148,31,10.11111111111111,1.878923766816144,228,572.5,6.0,30.0,112.5,27,88,15,9.461538461538462,2.513000781162817,195,432.5,6.0,30.0,95.0,28,111,30,8.986486486486486,1.8189884649511976,122,435.0,9.0,50.0,57.5,259.7387568351746,117.0,2.219989374659612,244.2090637314853,205.0,1.1912637255194405,355.31920275967803,202.0,1.7590059542558318,232.50237804049465,169.0,1.3757537162159446,,169.0,
E:\N9_20251512_PKM2.lif,N9_20251512_PKM2,76,vehicle/6/R2,N9_20251512_PKM2_S77_vehicle_6_R2,27,149348,79528,73050,38180,2,73050,929,80329,38180,89,466,128,13.784375,1.948169198269792,303,2372.5,23.0,145.0,150.0,81,354,70,15.853754940711465,2.063134839151266,300,2282.5,21.0,145.0,147.5,70,325,94,10.761467889908255,2.581822943949712,473,1330.0,9.0,125.0,261.8292682926829,350.5695550992471,117.0,2.9963209837542486,378.3939720129171,205.0,1.845824253721547,364.2620558995293,202.0,1.8032775044531155,246.7534579016196,169.0,1.4600796325539618,303.6822097163202,169.0,1.796936152167575
E:\N9_20251512_PKM2.lif,N9_20251512_PKM2,76,vehicle/6/R2,N9_20251512_PKM2_S77_vehicle_6_R2,28,57822,35045,29847,27411,2,15525,19585,20257,27411,40,172,31,14.491228070175438,1.8269367955485805,211,817.5,12.0,100.0,102.5,49,290,66,9.413612565445026,1.964083492478306,209,747.5,11.0,90.0,102.5,47,154,38,12.060344827586206,2.2715698077414177,246,832.5,15.0,100.0,120.0,265.87529790660227,117.0,2.2724384436461733,524.1995404646414,205.0,2.557070929095812,298.27663098878696,202.0,1.4766169850930049,286.0104437152233,169.0,1.692369489439191,340.5332656170645,169.0,2.01498973737908
E:\N9_20251512_PKM2.lif,N9_20251512_PKM2,76,vehicle/6/R2,N9_20251512_PKM2_S77_vehicle_6_R2,29,58194,28174,27432,6808,1,27432,0,33298,6808,42,232,50,11.344370860927151,1.8405622204869736,166,1097.5,16.0,105.0,80.0,42,227,45,11.38255033557047,1.85382035578886,163,1062.5,18.0,95.0,80.0,12,22,4,17.705882352941178,2.6442420681551115,278,240.0,3.0,95.0,121.1842105263158,293.3306722076407,117.0,2.507099762458468,211.9372116135444,205.0,1.033840056651436,321.3908108108108,202.0,1.5910436178753011,201.80162561226663,169.0,1.1940924592441813,238.5258684405026,169.0,1.4113956712455775
E:\N9_20251512_PKM2.lif,N9_20251512_PKM2,76,vehicle/6/R2,N9_20251512_PKM2_S77_vehicle_6_R2,31,8425,7352,7352,0,0,0,7352,0,0,6,30,3,12.95,1.1150707290533188,74,187.5,10.0,50.0,35.0,6,30,3,12.95,1.1150707290533188,74,187.5,10.0,50.0,35.0,0,0,0,0.0,,0,0.0,0.0,,,118.62091947769316,117.0,1.013854012629856,901.4102285092492,205.0,4.397123065898777,212.3328346028292,202.0,1.0511526465486591,182.2610174102285,169.0,1.078467558640405,,169.0,
E:\N9_20251512_PKM2.lif,N9_20251512_PKM2,76,vehicle/6/R2,N9_20251512_PKM2_S77_vehicle_6_R2,32,27796,13877,12447,7972,1,0,12447,0,7972,17,83,16,14.215686274509803,1.8060099445125024,122,442.5,10.0,80.0,57.5,13,71,12,13.795454545454543,1.63862778179481,118,367.5,8.0,85.0,55.0,17,43,8,15.424242424242424,2.802558956347215,117,412.5,9.0,85.0,55.0,123.08193413562007,117.0,1.051982343039488,524.1022736402346,205.0,2.556596456781632,202.09490523888448,202.0,1.0004698279152695,247.50940404986667,169.0,1.4645526866856016,276.3107814761216,169.0,1.634975038320246
E:\N9_20251512_PKM2.lif,N9_20251512_PKM2,76,vehicle/6/R2,N9_20251512_PKM2_S77_vehicle_6_R2,33,58183,37875,32242,25505,2,30731,4046,14204,25505,31,181,46,15.083333333333334,1.5211881188118812,183,877.5,17.0,100.0,87.5,35,183,44,14.88135593220339,1.7410520439178712,182,957.5,18.0,90.0,87.5,28,132,36,13.146341463414634,1.7324054107037836,170,637.5,10.0,130.0,82.5,375.2482834922391,117.0,3.207250286258454,406.15348492338114,205.0,1.9812365118213715,282.3919027044327,202.0,1.397979716358578,295.1122376237624,169.0,1.7462262581287715,368.3115287314781,169.0,2.1793581581744266
E:\N9_20251512_PKM2.lif,N9_20251512_PKM2,76,vehicle/6/R2,N9_20251512_PKM2_S77_vehicle_6_R2,34,60579,31482,31481,6954,0,31467,83,22532,6954,30,108,23,19.123456790123456,1.9868813925417697,389,1040.0,11.0,200.0,200.0,30,108,23,19.123456790123456,1.986944506210095,389,1040.0,11.0,200.0,200.0,9,17,2,27.8,2.7257693413862527,133,372.5,6.0,55.0,65.0,397.5798455524836,117.0,3.398118338055415,422.8313253012048,205.0,2.0625918307375843,290.8220372798267,202.0,1.4397130558407265,189.80862079918683,169.0,1.123127933722999,,169.0,
E:\N9_20251512_PKM2.lif,N9_20251512_PKM2,76,vehicle/6/R2,N9_20251512_PKM2_S77_vehicle_6_R2,35,10322,5036,4311,4572,1,0,4311,0,4572,12,16,5,11.466666666666669,1.3272438443208896,68,137.5,7.0,40.0,32.5,8,12,3,16.0,1.3551380190211089,69,177.5,8.0,40.0,32.5,13,13,3,11.642857142857142,1.4363517060367454,68,182.5,13.0,40.0,32.5,118.2164416203336,117.0,1.0103969369259282,477.96265367664114,205.0,2.3315251398860544,185.11616362192217,202.0,0.916416651593674,257.67772041302624,169.0,1.5247202391303327,215.5230578768183,169.0,1.2752843661350195
E:\N9_20251512_PKM2.lif,N9_20251512_PKM2,76,vehicle/6/R2,N9_20251512_PKM2_S77_vehicle_6_R2,37,38568,5223,637,5021,1,637,0,0,5021,29,73,17,6.75,3.414321271300019,163,307.5,7.0,35.0,76.11111111111111,3,5,1,6.666666666666667,1.1004709576138147,36,47.5,3.0,15.0,15.0,28,75,15,6.440677966101695,3.370842461661024,161,327.5,10.0,35.0,76.11111111111111,220.0376766091052,117.0,1.8806639026419243,272.96515412598126,205.0,1.3315373371999086,231.9257131916523,202.0,1.1481470950081798,241.07179781734635,169.0,1.4264603421144757,212.75816831683167,169.0,1.2589240728806608
E:\N9_20251512_PKM2.lif,N9_20251512_PKM2,76,vehicle/6/R2,N9_20251512_PKM2_S77_vehicle_6_R2,38,13781,8823,7105,8177,1,0,7105,0,8177,19,45,22,9.78048780487805,1.2206732403944236,93,212.5,10.0,55.0,45.0,4,34,6,14.421052631578949,1.2878254750175933,72,195.0,10.0,15.0,37.5,17,37,18,10.666666666666666,1.2407973584444172,92,202.5,8.0,60.0,42.5,120.95330386489856,117.0,1.0337889219222098,533.8002814919071,205.0,2.6039038121556444,193.90774113113451,202.0,0.959939312530369,382.8950470361555,169.0,2.265651165894411,403.9033674963397,169.0,2.389960754416211
E:\N9_20251512_PKM2.lif,N9_20251512_PKM2,76,vehicle/6/R2,N9_20251512_PKM2_S77_vehicle_6_R2,39,24381,13951,13857,6523,1,0,13857,0,6523,16,66,11,14.122448979591836,1.4511504551645042,119,372.5,10.0,60.0,57.5,16,68,11,14.26530612244898,1.4609944432416828,118,377.5,10.0,65.0,55.0,7,15,3,20.857142857142858,1.5865399356124483,164,222.5,3.0,65.0,88.51851851851852,126.28521252956776,117.0,1.0793607908510066,789.3128382766832,205.0,3.850306528178943,183.62275105727187,202.0,0.9090235200855044,250.8542756791628,169.0,1.484344826503922,275.3432473444613,169.0,1.6292499842867534
E:\N9_20251512_PKM2.lif,N9_20251512_PKM2,76,vehicle/6/R2,N9_20251512_PKM2_S77_vehicle_6_R2,40,21838,4103,0,4103,0,0,0,0,4103,6,26,1,14.38888888888889,1.8557153302461613,89,197.5,8.0,30.0,42.5,0,0,0,0.0,,0,0.0,0.0,,,6,26,1,14.38888888888889,1.8557153302461613,89,197.5,8.0,30.0,42.5,139.51888861808433,117.0,1.1924691334879003,203.68778942237387,205.0,0.9935989727920675,251.34121374603947,202.0,1.244263434386334,242.5298562027785,169.0,1.4350879065253164,,169.0,
E:\N9_20251512_PKM2.lif,N9_20251512_PKM2,80,vehicle/6/R10,N9_20251512_PKM2_S81_vehicle_6_R10,1,29930,16724,9514,13595,1,9514,0,23783,13595,12,74,12,19.906976744186046,1.64183209758431,140,632.5,17.0,80.0,67.5,13,94,35,10.61111111111111,1.850220727349169,109,467.5,12.0,85.0,52.5,15,57,10,19.0,1.9350496506068409,133,547.5,11.0,60.0,62.5,309.7573050241749,113.0,2.7412150887095126,207.3763453719206,195.0,1.063468437804721,351.86861497236646,194.0,1.8137557472802397,284.49718966754364,163.0,1.7453815317027217,346.5363016446049,163.0,2.125989580641748
E:\N9_20251512_PKM2.lif,N9_20251512_PKM2,80,vehicle/6/R10,N9_20251512_PKM2_S81_vehicle_6_R10,2,53893,18543,18543,7181,1,0,18543,0,7181,24,123,28,11.950617283950615,2.3844038181524025,185,637.5,9.0,60.0,90.0,24,123,28,11.950617283950615,2.3844038181524025,185,637.5,9.0,60.0,90.0,8,31,21,13.090909090909092,1.3875504804344798,123,237.5,8.0,40.0,57.5,112.91285121069946,113.0,0.9992287717761014,622.9467184382247,195.0,3.19459855609346,192.7067896241169,194.0,0.9933339671346232,248.04848190691905,163.0,1.5217698276498102,353.83450479233227,163.0,2.170763833081793
E:\N9_20251512_PKM2.lif,N9_20251512_PKM2,80,vehicle/6/R10,N9_20251512_PKM2_S81_vehicle_6_R10,3,3204,3204,3204,0,0,0,3204,1182,0,2,0,0,24.0,1.0218476903870162,49,97.5,7.0,30.0,22.5,2,0,0,24.0,1.0218476903870162,49,97.5,7.0,30.0,22.5,0,0,0,0.0,,0,0.0,0.0,,,125.2974406991261,113.0,1.108826908841824,17494.55836454432,195.0,89.71568392074009,245.678510998308,194.0,1.2663840773108657,431.3461298377029,163.0,2.6462952750779314,,163.0,
E:\N9_20251512_PKM2.lif,N9_20251512_PKM2,80,vehicle/6/R10,N9_20251512_PKM2_S81_vehicle_6_R10,4,8254,7439,0,7439,1,0,0,0,7439,6,19,8,16.46153846153846,1.1020298427207955,83,172.5,9.0,45.0,40.0,0,0,0,0.0,,0,0.0,0.0,,,6,19,8,16.46153846153846,1.1020298427207955,83,172.5,9.0,45.0,40.0,117.999462293319,113.0,1.044243029144416,251.76125823363355,195.0,1.2910833755570952,201.1106331496169,194.0,1.0366527481939014,462.08455437558814,163.0,2.8348745667214,336.8074457593688,163.0,2.066303348216987
E:\N9_20251512_PKM2.lif,N9_20251512_PKM2,80,vehicle/6/R10,N9_20251512_PKM2_S81_vehicle_6_R10,5,28906,8459,0,8459,1,0,0,5379,8459,11,41,5,12.714285714285714,1.363991015486464,96,217.5,10.0,55.0,45.0,0,0,0,0.0,,0,0.0,0.0,,,11,41,5,12.714285714285714,1.363991015486464,96,217.5,10.0,55.0,45.0,120.10072112542854,113.0,1.06283824004804,233.60361744887103,195.0,1.1979672689685694,267.9859454855196,194.0,1.3813708530181423,344.0313275800922,163.0,2.1106216415956576,376.88830162085975,163.0,2.3121981694531275
E:\N9_20251512_PKM2.lif,N9_20251512_PKM2,80,vehicle/6/R10,N9_20251512_PKM2_S81_vehicle_6_R10,6,19418,18048,10197,17612,2,0,10197,4734,17612,7,19,2,27.0,1.0794547872340423,106,267.5,9.0,80.0,50.0,8,34,6,17.5,1.4446405805629106,102,317.5,11.0,60.0,47.5,9,25,5,20.2,1.0843742902566431,104,262.5,13.0,70.0,50.0,135.63175975177305,113.0,1.200281059750204,633.7734627831716,195.0,3.2501203219649826,264.04699738903395,194.0,1.3610669968506903,480.2738253546099,163.0,2.946465186224601,516.3224242424243,163.0,3.1676222346161
E:\N9_20251512_PKM2.lif,N9_20251512_PKM2,80,vehicle/6/R10,N9_20251512_PKM2_S81_vehicle_6_R10,7,51623,42626,30676,39403,2,29986,786,48790,39403,23,73,14,21.49056603773585,1.738281799840473,295,797.5,13.0,125.0,142.0,37,138,28,15.428571428571429,2.0838766462381013,247,942.5,15.0,125.0,114.20454545454544,22,64,12,21.829787234042552,1.856178463568764,301,732.5,9.0,80.0,140.83333333333334,421.0765023677717,113.0,3.726340728918333,366.704834605598,195.0,1.8805376133620408,546.1098882243357,194.0,2.814999423836782,691.15837751607,163.0,4.240235444883865,1295.1676942046856,163.0,7.945814074875372
E:\N9_20251512_PKM2.lif,N9_20251512_PKM2,80,vehicle/6/R10,N9_20251512_PKM2_S81_vehicle_6_R10,8,73079,46449,41918,19812,2,41918,0,8884,19812,42,241,55,13.12883435582822,1.752179810114319,227,907.5,10.0,130.0,110.0,42,213,56,13.387755102040815,1.826470728565294,211,1047.5,12.0,150.0,102.5,16,92,23,12.3,1.6731273975368464,213,487.5,7.0,40.0,102.5,527.2242234839448,113.0,4.6657010927782725,214.9027320286766,195.0,1.1020652924547518,272.32930934416714,194.0,1.4037593265163255,259.1306163749489,163.0,1.589758382668398,336.2574139976275,163.0,2.0629289202308434
E:\N9_20251512_PKM2.lif,N9_20251512_PKM2,80,vehicle/6/R10,N9_20251512_PKM2_S81_vehicle_6_R10,9,11057,9263,8112,8356,1,0,8112,0,8356,14,51,11,12.764705882352942,1.1516787217963942,88,277.5,15.0,55.0,42.5,11,50,16,11.647058823529411,1.1752958579881656,91,182.5,9.0,55.0,42.5,8,39,5,14.826086956521738,1.1564145524174243,84,207.5,10.0,45.0,40.0,126.28198207923998,113.0,1.1175396644180529,960.3472633136096,195.0,4.924857760582612,222.92497031199397,194.0,1.1490977851133708,457.9895282305948,163.0,2.8097517069361646,495.9116227255848,163.0,3.042402593408496
E:\N9_20251512_PKM2.lif,N9_20251512_PKM2,80,vehicle/6/R10,N9_20251512_PKM2_S81_vehicle_6_R10,10,6480,3031,0,3031,0,0,0,0,3031,3,19,3,13.384615384615383,1.4133949191685913,57,120.0,9.0,35.0,27.5,0,0,0,0.0,,0,0.0,0.0,,,3,19,3,13.384615384615383,1.4133949191685913,57,120.0,9.0,35.0,27.5,131.01649620587264,113.0,1.1594380195209968,292.4820191355988,195.0,1.4999077904389684,255.3652259980205,194.0,1.3163155979279406,253.0280435499835,163.0,1.5523192855827208,,163.0,
E:\N9_20251512_PKM2.lif,N9_20251512_PKM2,80,vehicle/6/R10,N9_20251512_PKM2_S81_vehicle_6_R10,11,9971,8598,7727,8360,0,0,7727,88,8360,18,52,13,9.81578947368421,1.1511979530123284,82,232.5,13.0,50.0,37.5,12,39,6,12.814814814814817,1.2537854277209783,83,232.5,15.0,50.0,37.5,20,44,16,10.292682926829269,1.175598086124402,81,212.5,10.0,50.0,37.5,123.85845545475692,113.0,1.0960925261482914,683.6333635304776,195.0,3.505812120669116,300.7386363636364,194.0,1.5501991565135895,431.1934170737381,163.0,2.6453583869554484,,163.0,
E:\N9_20251512_PKM2.lif,N9_20251512_PKM2,80,vehicle/6/R10,N9_20251512_PKM2_S81_vehicle_6_R10,12,36433,22781,22770,13428,1,0,22770,0,13428,24,91,26,14.523809523809524,1.572933585005048,175,487.5,10.0,90.0,85.0,24,93,28,14.738461538461538,1.5736934563021518,175,487.5,10.0,90.0,85.0,18,89,18,12.61818181818182,1.7622877569258266,127,412.5,11.0,80.0,60.0,122.92015275887802,113.0,1.087788962467947,822.1581027667984,195.0,4.216195398804095,216.9120319564549,194.0,1.1181032575074996,280.4152583293095,163.0,1.720339008155273,344.8196721311475,163.0,2.115458111234034
E:\N9_20251512_PKM2.lif,N9_20251512_PKM2,80,vehicle/6/R10,N9_20251512_PKM2_S81_vehicle_6_R10,13,7659,4897,0,4897,0,0,0,180,4897,15,61,14,8.38888888888889,1.4849908107004288,67,162.5,7.0,35.0,30.0,0,0,0,0.0,,0,0.0,0.0,,,15,61,14,8.38888888888889,1.4849908107004288,67,162.5,7.0,35.0,30.0,120.63998366346743,113.0,1.0676104748979418,417.2129875433939,195.0,2.139553782273815,278.2661870503597,194.0,1.4343617889193798,284.9262813967736,163.0,1.7480139962992245,,163.0,
E:\N9_20251512_PKM2.lif,N9_20251512_PKM2,80,vehicle/6/R10,N9_20251512_PKM2_S81_vehicle_6_R10,14,6177,5496,4028,4979,1,0,4028,4459,4979,8,18,2,12.461538461538462,1.092248908296943,69,132.5,8.0,45.0,32.5,9,15,3,14.25,1.1742800397219464,60,107.5,5.0,30.0,27.5,7,13,2,14.272727272727272,1.1287407109861418,61,132.5,10.0,45.0,27.5,145.10371179039302,113.0,1.28410364416277,567.4910625620655,195.0,2.9102105772413616,324.9752932368355,194.0,1.6751303775094617,322.9768922852984,163.0,1.9814533269036712,347.0526950925181,163.0,2.129157638604405
E:\N9_20251512_PKM2.lif,N9_20251512_PKM2,80,vehicle/6/R10,N9_20251512_PKM2_S81_vehicle_6_R10,15,32759,23739,15062,20464,2,0,15062,8916,20464,27,114,37,13.25609756097561,1.4696069758625048,159,627.5,19.0,85.0,77.5,30,97,34,10.7375,2.171358385340592,164,592.5,13.0,105.0,80.0,25,99,22,13.82089552238806,1.5769644253322908,159,617.5,18.0,80.0,77.5,126.85049917856692,113.0,1.1225707891908576,531.8623024830699,195.0,2.7274989870926665,278.113007256114,194.0,1.433572202351103,358.2548970049286,163.0,2.1978828037112184,384.0828473413379,163.0,2.3563364867566743
E:\N9_20251512_PKM2.lif,N9_20251512_PKM2,80,vehicle/6/R10,N9_20251512_PKM2_S81_vehicle_6_R10,16,9040,8454,0,8454,1,0,0,2029,8454,7,19,2,18.214285714285715,1.089070262597587,75,182.5,13.0,55.0,35.0,0,0,0,0.0,,0,0.0,0.0,,,7,19,2,18.214285714285715,1.089070262597587,75,182.5,13.0,55.0,35.0,126.12077123255264,113.0,1.116113019757103,297.62420156139103,195.0,1.5262779567250822,269.3891380169407,194.0,1.3886038042110345,474.1449018216229,163.0,2.9088644283535148,457.4400930593253,163.0,2.8063809390142658
E:\N9_20251512_PKM2.lif,N9_20251512_PKM2,80,vehicle/6/R10,N9_20251512_PKM2_S81_vehicle_6_R10,17,76422,44913,41415,16129,1,89,41326,598,16129,59,310,81,12.274881516587678,1.8708614432346984,266,1207.5,13.0,95.0,123.4375,59,305,83,11.86341463414634,1.94026318966558,256,1232.5,16.0,105.0,120.63829787234044,28,117,24,13.186666666666667,2.981585963171926,256,702.5,11.0,65.0,125.0,217.40449438202248,113.0,1.923933578601969,593.8142089725596,195.0,3.045201071654152,242.3968253968254,194.0,1.2494681721485843,230.864270923786,163.0,1.4163452203913252,305.93795141168744,163.0,1.876919947310966
E:\N9_20251512_PKM2.lif,N9_20251512_PKM2,80,vehicle/6/R10,N9_20251512_PKM2_S81_vehicle_6_R10,18,8983,7445,5033,7435,1,0,5033,0,7435,7,20,13,10.263157894736842,1.082068502350571,77,172.5,7.0,50.0,35.0,7,21,6,10.578947368421051,1.157957480627856,70,152.5,13.0,40.0,32.5,7,20,13,10.31578947368421,1.0835238735709485,77,172.5,7.0,50.0,35.0,132.24177300201478,113.0,1.1702811770089805,551.5761970991456,195.0,2.828595882559721,223.7370047011417,194.0,1.1532835293873285,439.4288784419073,163.0,2.6958826898276524,394.2716009129442,163.0,2.4188441773800258
E:\N9_20251512_PKM2.lif,N9_20251512_PKM2,80,vehicle/6/R10,N9_20251512_PKM2_S81_vehicle_6_R10,19,81175,45456,35996,26119,2,35886,110,43396,26119,41,189,29,16.0,1.8448829637451605,242,1077.5,13.0,145.0,117.5,36,186,27,14.746031746031743,2.0296144016001776,230,902.5,14.0,115.0,110.34883720930232,31,127,26,14.86046511627907,1.94528887017114,181,722.5,10.0,90.0,87.5,457.5755169146743,113.0,4.049340857651985,362.08181818181816,195.0,1.8568298368298368,399.3839763706849,194.0,2.058680290570541,285.7383623724041,163.0,1.752996088174258,397.4252063619891,163.0,2.438191450073553
E:\N9_20251512_PKM2.lif,N9_20251512_PKM2,80,vehicle/6/R10,N9_20251512_PKM2_S81_vehicle_6_R10,21,29974,20651,5967,16889,1,5967,0,4311,16889,12,66,14,18.3953488372093,1.4293738801995062,137,542.5,12.0,70.0,65.0,12,26,4,18.0,3.4017094017094016,198,362.5,5.0,180.0,99.85714285714286,7,51,12,19.677419354838708,1.7167979158031854,149,357.5,8.0,50.0,68.26923076923077,248.61270320093848,113.0,2.20011241770742,230.4855454941649,195.0,1.181977156380333,277.7597725657427,194.0,1.431751404978055,335.49556922182944,163.0,2.058255025900794,312.0308264101443,163.0,1.9142995485284928
E:\N9_20251512_PKM2.lif,N9_20251512_PKM2,80,vehicle/6/R10,N9_20251512_PKM2_S81_vehicle_6_R10,22,10552,9998,8625,5851,0,0,8625,2633,5851,4,36,6,18.8,1.1054210842168433,82,152.5,8.0,60.0,37.5,8,39,10,13.409090909090908,1.129623188405797,76,192.5,12.0,60.0,35.0,10,18,3,22.125,1.6480943428473764,138,270.0,6.0,90.0,67.5,132.23024604920985,113.0,1.1701791685770784,1306.4213333333332,195.0,6.69959658119658,310.61291666666665,194.0,1.6010975085910653,274.3525705141028,163.0,1.6831446043809988,,163.0,
E:\N9_20251512_PKM2.lif,N9_20251512_PKM2,80,vehicle/6/R10,N9_20251512_PKM2_S81_vehicle_6_R10,23,20479,10518,6454,9928,1,0,6454,8,9928,8,45,8,16.566666666666666,1.8425556189389616,129,382.5,7.0,55.0,62.5,3,49,20,14.192307692307692,1.9250077471335605,112,252.5,7.0,45.0,52.5,8,26,3,25.157894736842103,1.935737308622079,128,357.5,7.0,65.0,62.5,113.7715345122647,113.0,1.0068277390465905,403.0331577316393,195.0,2.066836706316099,425.625,194.0,2.193943298969072,273.73692717246627,163.0,1.6793676513648237,281.08055398530246,163.0,1.7244205765969476
E:\N9_20251512_PKM2.lif,N9_20251512_PKM2,80,vehicle/6/R10,N9_20251512_PKM2_S81_vehicle_6_R10,24,49049,17232,15874,12267,1,15754,631,2858,12267,29,69,23,15.821428571428571,2.2271355617455897,169,587.5,9.0,80.0,82.5,32,106,22,12.253333333333334,2.393158624165302,177,757.5,13.0,40.0,85.0,21,86,18,13.5,2.0716556615309365,143,492.5,8.0,55.0,70.0,296.0505903262664,113.0,2.6199167285510296,407.2393026941363,195.0,2.08840668048275,296.7365967365967,194.0,1.529570086271117,263.10753249767873,163.0,1.6141566410900536,335.3510638297872,163.0,2.057368489753296
E:\N9_20251512_PKM2.lif,N9_20251512_PKM2,80,vehicle/6/R10,N9_20251512_PKM2_S81_vehicle_6_R10,25,8724,7129,0,7129,1,0,0,0,7129,8,65,17,10.24390243902439,1.164539206059756,82,142.5,7.0,55.0,37.5,0,0,0,0.0,,0,0.0,0.0,,,8,65,17,10.24390243902439,1.164539206059756,82,142.5,7.0,55.0,37.5,112.07111796885958,113.0,0.9917798050341556,228.63683546079395,195.0,1.1724965921066357,198.82522092860148,194.0,1.0248722728278428,236.65535138168045,163.0,1.4518733213600028,238.96217062353247,163.0,1.4660255866474383
E:\N9_20251512_PKM2.lif,N9_20251512_PKM2,80,vehicle/6/R10,N9_20251512_PKM2_S81_vehicle_6_R10,26,68697,33585,32625,14024,1,31887,2996,15801,14024,55,223,55,11.795774647887324,1.6431144856334674,206,862.5,17.0,105.0,100.0,48,190,43,12.991935483870968,1.690942528735632,206,727.5,12.0,80.0,100.0,25,93,24,10.095238095238097,1.634341129492299,122,382.5,11.0,90.0,57.5,871.1592812117791,113.0,7.709374170015744,507.4592790387183,195.0,2.6023552771216325,315.66764790350373,194.0,1.6271528242448643,310.83177013547714,163.0,1.906943375064277,388.3299798792757,163.0,2.3823925145967837
E:\N9_20251512_PKM2.lif,N9_20251512_PKM2,80,vehicle/6/R10,N9_20251512_PKM2_S81_vehicle_6_R10,27,63815,13300,9277,11219,1,9277,0,8698,11219,17,67,9,17.025,3.046015037593985,213,512.5,6.0,45.0,102.5,18,68,9,12.547619047619047,2.7098199849089144,235,347.5,6.0,65.0,98.06451612903226,7,23,2,30.764705882352946,2.2160620376147606,199,452.5,9.0,40.0,97.5,253.16610973375012,113.0,2.240408050741152,214.938045112782,195.0,1.1022463851937536,298.34627727856224,194.0,1.5378674086523827,262.5940601503759,163.0,1.6110065039900363,285.85437541750167,163.0,1.7537078246472495
E:\N9_20251512_PKM2.lif,N9_20251512_PKM2,80,vehicle/6/R10,N9_20251512_PKM2_S81_vehicle_6_R10,28,12628,8048,291,8047,1,33,258,2585,8047,8,12,3,25.615384615384617,1.2460238568588469,131,210.0,4.0,70.0,64.56521739130434,4,0,0,2.5,2.350515463917526,55,17.5,1.0,5.0,25.0,8,12,3,25.615384615384617,1.2461787001366968,131,210.0,4.0,70.0,64.56521739130434,247.8181818181818,113.0,2.193081255028157,404.1046511627907,195.0,2.072331544424568,250.6592039800995,194.0,1.2920577524747396,277.7497514910537,163.0,1.703986205466587,264.2212059620596,163.0,1.6209889936322677
E:\N9_20251512_PKM2.lif,N9_20251512_PKM2,80,vehicle/6/R10,N9_20251512_PKM2_S81_vehicle_6_R10,29,11308,4737,0,4737,1,0,0,0,4737,5,13,2,23.5,1.5108718598268946,79,192.5,7.0,70.0,37.5,0,0,0,0.0,,0,0.0,0.0,,,5,13,2,23.5,1.5108718598268946,79,192.5,7.0,70.0,37.5,112.13489550348322,113.0,0.9923442079954268,211.94321300401097,195.0,1.086888271815441,198.95039054253743,194.0,1.025517477023389,216.74414186193795,163.0,1.3297186617296806,210.63236699585852,163.0,1.2922231104040405
E:\N9_20251512_PKM2.lif,N9_20251512_PKM2,80,vehicle/6/R10,N9_20251512_PKM2_S81_vehicle_6_R10,30,46364,10319,7242,9424,1,7242,0,0,9424,16,61,15,13.5,1.7645120651225894,121,382.5,10.0,60.0,57.5,17,52,11,11.078947368421051,1.542529687931511,94,272.5,14.0,55.0,45.0,12,50,8,13.529411764705882,1.7444821731748728,120,257.5,5.0,65.0,57.5,266.2485501242751,113.0,2.3561818595068598,228.39160771392577,195.0,1.171239013917568,212.0662854927803,194.0,1.0931251829524755,252.0877022967342,163.0,1.54655032083886,281.92792792792795,163.0,1.729619189741889
E:\N9_20251512_PKM2.lif,N9_20251512_PKM2,80,vehicle/6/R10,N9_20251512_PKM2_S81_vehicle_6_R10,31,27384,9183,0,9183,1,0,0,70,9183,18,75,15,10.5,1.6066644887291734,102,347.5,14.0,60.0,47.5,0,0,0,0.0,,0,0.0,0.0,,,18,75,15,10.5,1.6066644887291734,102,347.5,14.0,60.0,47.5,130.92616791898072,113.0,1.1586386541502718,210.3774365675705,195.0,1.078858649064464,213.06392246542524,194.0,1.0982676415743569,237.8816290972449,163.0,1.4593964975291098,223.6627329192547,163.0,1.3721640056395992
E:\N9_20251512_PKM2.lif,N9_20251512_PKM2,80,vehicle/6/R10,N9_20251512_PKM2_S81_vehicle_6_R10,32,33781,6262,611,6044,1,611,0,1773,6044,12,30,5,14.347826086956522,2.4611945065474288,118,317.5,8.0,40.0,55.0,5,7,4,5.0,1.1080196399345337,33,32.5,3.0,20.0,12.5,12,30,6,14.173913043478262,2.5499669093315687,119,372.5,14.0,40.0,57.5,218.04255319148936,113.0,1.929580116738844,206.3588310443948,195.0,1.058250415612281,236.1267605633803,194.0,1.2171482503267026,206.8465346534653,163.0,1.2689971451132842,209.81877022653725,163.0,1.28723171918121
E:\N9_20251512_PKM2.lif,N9_20251512_PKM2,80,vehicle/6/R10,N9_20251512_PKM2_S81_vehicle_6_R10,34,47729,7760,5213,7287,1,0,5213,0,7287,7,27,4,15.65,1.4256443298969073,101,217.5,5.0,50.0,47.5,5,45,11,11.85,1.4534816804143489,84,167.5,5.0,35.0,40.0,7,25,4,14.85,1.518183065733498,103,207.5,6.0,65.0,47.5,115.890206185567,113.0,1.0255770458899736,454.5584116631498,195.0,2.3310687777597425,190.97731958762887,194.0,0.9844191731321076,264.9033505154639,163.0,1.6251739295427232,263.8732867132867,163.0,1.6188545197134152
E:\N9_20251512_PKM2.lif,N9_20251512_PKM2,80,vehicle/6/R10,N9_20251512_PKM2_S81_vehicle_6_R10,36,18073,9026,8640,7452,1,8640,0,0,7452,9,49,16,14.758620689655173,1.2062929315311324,91,187.5,9.0,50.0,42.5,10,50,17,13.4,1.1883101851851852,79,187.5,9.0,50.0,37.5,9,45,10,12.548387096774194,1.2929414922168545,88,217.5,12.0,45.0,40.0,340.6324074074074,113.0,3.014446083251393,178.2124972302238,195.0,0.9139102422062758,170.44737425216042,194.0,0.8785947126400021,315.018612896078,163.0,1.932629526969804,365.7714564369311,163.0,2.243996665257246
E:\N9_20251512_PKM2.lif,N9_20251512_PKM2,82,vehicle/6/R6,N9_20251512_PKM2_S83_vehicle_6_R6,1,20024,19762,0,19762,1,0,0,0,19762,6,8,2,31.875,1.0272745673514827,108,187.5,6.0,70.0,52.5,0,0,0,0.0,,0,0.0,0.0,,,6,8,2,31.875,1.0272745673514827,108,187.5,6.0,70.0,52.5,110.04463111021153,106.0,1.0381568972661464,190.9055257565024,190.0,1.0047659250342231,195.38346321222548,192.0,1.017622204230341,578.8939884627061,149.0,3.885194553440981,562.5134142897487,149.0,3.775257814025159
E:\N9_20251512_PKM2.lif,N9_20251512_PKM2,82,vehicle/6/R6,N9_20251512_PKM2_S83_vehicle_6_R6,3,65068,53554,2733,53539,3,223,2510,15048,53539,25,99,32,22.74242424242424,1.4440191208873288,221,817.5,12.0,130.0,107.5,4,43,12,7.76,2.0552506403219906,110,162.5,12.0,30.0,45.833333333333336,25,99,32,22.727272727272727,1.4444236911410373,221,817.5,12.0,130.0,107.5,231.35874439461884,106.0,2.182629664100178,377.3382470119522,190.0,1.985990773747117,270.1776085774221,192.0,1.4071750446740736,413.6991821339209,149.0,2.7765045780800057,406.8869111830277,149.0,2.730784638812266
E:\N9_20251512_PKM2.lif,N9_20251512_PKM2,82,vehicle/6/R6,N9_20251512_PKM2_S83_vehicle_6_R6,4,34543,13321,0,13321,1,0,0,0,13321,26,126,40,9.314606741573034,1.9461001426319344,145,585.0,13.0,55.0,72.5,0,0,0,0.0,,0,0.0,0.0,,,26,126,40,9.314606741573034,1.9461001426319344,145,585.0,13.0,55.0,72.5,109.35883191952556,106.0,1.03168709358043,198.7187898806396,190.0,1.04588836779284,201.6916898130771,192.0,1.0504775511097766,249.68590946625628,149.0,1.675744358833935,247.92916303400173,149.0,1.6639541143221592
E:\N9_20251512_PKM2.lif,N9_20251512_PKM2,82,vehicle/6/R6,N9_20251512_PKM2_S83_vehicle_6_R6,5,119011,36956,36946,15732,1,450,36496,206,15732,57,347,84,9.684684684684685,2.018373200562832,239,987.5,11.0,95.0,115.33333333333331,57,349,83,9.68018018018018,2.018919504141179,239,987.5,11.0,95.0,115.33333333333331,26,115,18,10.316455696202532,1.5359140605136028,166,467.5,12.0,60.0,80.0,289.49111111111114,106.0,2.7310482180293505,523.5775701446734,190.0,2.7556714218140703,289.4854368932039,192.0,1.5077366504854368,214.8395659703431,149.0,1.4418762816801551,255.15320494394945,149.0,1.712437617073486
E:\N9_20251512_PKM2.lif,N9_20251512_PKM2,82,vehicle/6/R6,N9_20251512_PKM2_S83_vehicle_6_R6,8,56137,22920,13738,22819,2,128,13738,11507,22819,15,32,9,22.714285714285715,1.3024432809773123,137,387.5,8.0,115.0,65.0,14,56,9,15.825,1.4257533847721648,131,407.5,9.0,60.0,62.5,14,31,9,23.96153846153846,1.308208072220518,137,387.5,8.0,115.0,65.0,258.3515625,106.0,2.437278891509434,459.4429320133935,190.0,2.418120694807334,256.5757877280265,192.0,1.3363322277501382,371.445069808028,149.0,2.492919931597503,377.3677373641946,149.0,2.532669378283185
E:\N9_20251512_PKM2.lif,N9_20251512_PKM2,82,vehicle/6/R6,N9_20251512_PKM2_S83_vehicle_6_R6,9,30496,10240,9343,6000,1,0,9343,0,6000,11,57,13,12.210526315789474,1.47001953125,110,342.5,10.0,65.0,52.5,8,74,14,10.5,1.518570052445681,106,292.5,8.0,65.0,50.0,14,24,6,16.105263157894736,1.9433333333333331,123,317.5,8.0,55.0,57.5,110.115625,106.0,1.038826650943396,441.7524349780584,190.0,2.3250128156739915,199.501171875,192.0,1.0390686035156251,206.42138671875,149.0,1.3853784343540267,213.67277777777775,149.0,1.4340454884414615
E:\N9_20251512_PKM2.lif,N9_20251512_PKM2,82,vehicle/6/R6,N9_20251512_PKM2_S83_vehicle_6_R6,10,23588,8321,6957,6308,1,0,6957,0,6308,9,59,12,10.694444444444445,1.5600288426871771,124,272.5,8.0,70.0,60.0,16,26,6,14.166666666666666,1.7533419577404052,114,322.5,8.0,80.0,55.0,7,21,6,18.647058823529413,1.857799619530755,125,277.5,6.0,70.0,60.0,109.92753274846773,106.0,1.0370521957402616,445.0321977864022,190.0,2.3422747251915905,199.07823578896767,192.0,1.0368658114008733,211.89075832231703,149.0,1.4220856263242754,206.47701326751,149.0,1.3857517668960404
E:\N9_20251512_PKM2.lif,N9_20251512_PKM2,82,vehicle/6/R6,N9_20251512_PKM2_S83_vehicle_6_R6,11,16095,7901,0,7901,1,0,0,7,7901,26,88,22,7.693548387096774,1.693962789520314,101,327.5,10.0,40.0,47.5,0,0,0,0.0,,0,0.0,0.0,,,26,88,22,7.693548387096774,1.693962789520314,101,327.5,10.0,40.0,47.5,108.46006834577902,106.0,1.0232081919413116,197.55942285786608,190.0,1.039786436094032,436.7142857142857,192.0,2.274553571428572,300.64447538286294,149.0,2.017748156931966,255.2173493975904,149.0,1.7128681167623514
E:\N9_20251512_PKM2.lif,N9_20251512_PKM2,82,vehicle/6/R6,N9_20251512_PKM2_S83_vehicle_6_R6,12,15151,4757,0,4757,1,0,0,54,4757,8,18,5,17.23076923076923,1.6148833298297247,85,222.5,5.0,10.0,40.0,0,0,0,0.0,,0,0.0,0.0,,,8,18,5,17.23076923076923,1.6148833298297247,85,222.5,5.0,10.0,40.0,110.74437670800926,106.0,1.044758270830276,215.92390161866723,190.0,1.1364415874666696,195.62644523859572,192.0,1.0188877356176862,208.02438511667015,149.0,1.3961368128635585,198.19316877152696,149.0,1.3301554951109194
E:\N9_20251512_PKM2.lif,N9_20251512_PKM2,82,vehicle/6/R6,N9_20251512_PKM2_S83_vehicle_6_R6,13,25417,6454,0,6454,1,0,0,71,6454,9,29,8,15.1,1.6258134490238612,101,222.5,7.0,50.0,47.5,0,0,0,0.0,,0,0.0,0.0,,,9,29,8,15.1,1.6258134490238612,101,222.5,7.0,50.0,47.5,109.05794855903316,106.0,1.0288485713116335,199.91540130151844,190.0,1.052186322639571,316.3521126760563,192.0,1.6476672535211268,230.9578555934304,149.0,1.5500527221035598,213.0104297788168,149.0,1.4296001998578305
E:\N9_20251512_PKM2.lif,N9_20251512_PKM2,82,vehicle/6/R6,N9_20251512_PKM2_S83_vehicle_6_R6,14,19712,3048,0,3048,1,0,0,0,3048,8,0,0,23.2,2.768700787401575,127,182.5,6.0,70.0,67.89473684210526,0,0,0,0.0,,0,0.0,0.0,,,8,0,0,23.2,2.768700787401575,127,182.5,6.0,70.0,67.89473684210526,108.86581364829397,106.0,1.027035977814094,198.244750656168,190.0,1.0433934245061474,199.0157480314961,192.0,1.0365403543307086,214.1499343832021,149.0,1.437247881766457,194.16698087799625,149.0,1.3031340998523238
E:\N9_20251512_PKM2.lif,N9_20251512_PKM2,82,vehicle/6/R6,N9_20251512_PKM2_S83_vehicle_6_R6,17,13096,3903,0,3903,1,0,0,0,3903,8,34,4,13.65,2.2193184729695106,102,202.5,4.0,35.0,47.5,0,0,0,0.0,,0,0.0,0.0,,,8,34,4,13.65,2.2193184729695106,102,202.5,4.0,35.0,47.5,108.6236228542147,106.0,1.0247511590020255,189.31053036126056,190.0,0.9963712124276872,179.1506533435819,192.0,0.9330763194978222,182.6046630796823,149.0,1.225534651541492,179.8788032454361,149.0,1.207240290237826
E:\N9_20251512_PKM2.lif,N9_20251512_PKM2,82,vehicle/6/R6,N9_20251512_PKM2_S83_vehicle_6_R6,18,11846,5509,0,5509,1,0,0,0,5509,3,9,0,42.333333333333336,1.5489199491740788,81,175.0,5.0,60.0,40.0,0,0,0,0.0,,0,0.0,0.0,,,3,9,0,42.333333333333336,1.5489199491740788,81,175.0,5.0,60.0,40.0,107.04991831548377,106.0,1.0099048897687146,186.62007623888184,190.0,0.9822109275730624,174.8126701760755,192.0,0.91048265716706,258.1103648575059,149.0,1.732284327902724,232.4279437609842,149.0,1.5599190856441891
E:\N9_20251512_PKM2.lif,N9_20251512_PKM2,84,vehicle/6/R8,N9_20251512_PKM2_S85_vehicle_6_R8,1,62202,9345,5179,8897,0,0,5179,460,8897,30,27,7,13.3125,3.94242910647405,240,467.5,6.0,100.0,123.02631578947368,5,9,1,25.428571428571427,1.2571925082062174,71,177.5,7.0,45.0,32.5,32,29,7,12.323529411764708,4.14094638642239,240,462.5,6.0,100.0,123.02631578947368,115.93761369716424,107.0,1.0835290999734977,464.4078007337324,189.0,2.4571841308663087,308.1384615384615,190.0,1.6217813765182183,220.00010700909576,149.0,1.476510785295945,,149.0,
E:\N9_20251512_PKM2.lif,N9_20251512_PKM2,84,vehicle/6/R8,N9_20251512_PKM2_S85_vehicle_6_R8,3,7960,2241,0,2241,0,0,0,65,2241,3,3,1,40.0,2.237394020526551,120,122.5,3.0,10.0,63.42105263157895,0,0,0,0.0,,0,0.0,0.0,,,3,3,1,40.0,2.237394020526551,120,122.5,3.0,10.0,63.42105263157895,119.095046854083,107.0,1.1130378210661962,180.15930388219545,189.0,0.9532238300645262,293.44262295081967,190.0,1.544434857635893,168.37037037037038,149.0,1.1300024857071838,,149.0,
E:\N9_20251512_PKM2.lif,N9_20251512_PKM2,84,vehicle/6/R8,N9_20251512_PKM2_S85_vehicle_6_R8,5,24828,3227,2119,2271,0,139,2016,0,2271,16,12,2,8.733333333333333,5.218469166408429,197,192.5,3.0,110.0,100.0,7,9,1,9.625,3.206701274185937,157,87.5,3.0,25.0,67.5,15,3,1,8.2,7.31439894319683,197,187.5,4.0,110.0,93.4090909090909,221.07194244604315,107.0,2.066092920056478,408.5104166666667,189.0,2.1614307760141096,184.53300278896808,190.0,0.971226330468253,157.17508521846918,149.0,1.0548663437481154,,149.0,
E:\N9_20251512_PKM2.lif,N9_20251512_PKM2,84,vehicle/6/R8,N9_20251512_PKM2_S85_vehicle_6_R8,12,6956,2422,1934,1924,0,1934,0,95,1924,9,13,3,6.333333333333333,1.8649876135425267,82,192.5,14.0,20.0,37.5,12,12,7,4.714285714285714,2.0553257497414683,82,132.5,5.0,20.0,37.5,8,0,0,9.75,2.3123700623700625,81,122.5,5.0,55.0,38.84615384615385,278.74767321613234,107.0,2.605118441272265,193.01279933938892,189.0,1.0212317425364494,303.38947368421054,190.0,1.596786703601108,170.61354252683734,149.0,1.1450573323948814,,149.0,
E:\N9_20251512_PKM2.lif,N9_20251512_PKM2,84,vehicle/6/R8,N9_20251512_PKM2_S85_vehicle_6_R8,13,12439,2453,544,2453,0,544,0,19,2453,7,1,0,13.0,2.7692621280065226,127,152.5,5.0,70.0,72.8125,2,0,0,3.0,1.0294117647058822,25,82.5,15.0,15.0,10.0,7,1,0,13.0,2.7692621280065226,127,152.5,5.0,70.0,72.8125,276.12867647058823,107.0,2.580641836173722,202.5898899306971,189.0,1.071904179527498,264.0,190.0,1.3894736842105264,281.33102323685284,149.0,1.888127672730556,,149.0,
E:\N9_20251512_PKM2.lif,N9_20251512_PKM2,84,vehicle/6/R8,N9_20251512_PKM2_S85_vehicle_6_R8,14,14616,3053,0,3053,0,0,0,0,3053,9,3,1,22.33333333333333,2.361939076318375,146,167.5,5.0,100.0,68.94736842105263,0,0,0,0.0,,0,0.0,0.0,,,9,3,1,22.33333333333333,2.361939076318375,146,167.5,5.0,100.0,68.94736842105263,127.9489027186374,107.0,1.1957841375573588,187.0029479200786,189.0,0.9894335868787228,183.9511955453652,190.0,0.9681641870808696,205.62725188339337,149.0,1.3800486703583448,,149.0,
E:\N9_20251512_PKM2.lif,N9_20251512_PKM2,84,vehicle/6/R8,N9_20251512_PKM2_S85_vehicle_6_R8,16,3832,3373,1336,3373,0,1336,0,0,3373,3,9,2,22.714285714285715,1.1236288170767863,56,102.5,9.0,35.0,25.0,8,12,2,6.454545454545454,1.3345808383233533,50,77.5,4.0,25.0,22.5,3,9,2,22.714285714285715,1.1236288170767863,56,102.5,9.0,35.0,25.0,223.47155688622755,107.0,2.0885192232357714,186.6332641565372,189.0,0.9874775881298264,183.28698487992884,190.0,0.9646683414733096,300.72724577527424,149.0,2.018303662921304,,149.0,
E:\N9_20251512_PKM2.lif,N9_20251512_PKM2,86,vehicle/6/R5,N9_20251512_PKM2_S87_vehicle_6_R5,1,42589,9416,6607,8481,1,0,6607,0,8481,6,50,11,13.379310344827584,1.306711979609176,110,237.5,7.0,60.0,52.5,8,24,4,16.823529411764707,1.386105645527471,83,267.5,13.0,50.0,40.0,9,54,10,13.03225806451613,1.4393349840820655,113,252.5,7.0,50.0,55.0,113.06850042480885,106.0,1.0666839662717815,557.1846526411382,195.0,2.857357193031478,194.1101316907392,190.0,1.021632272056522,313.428632115548,149.0,2.103547866547302,284.58469945355193,149.0,1.9099644258627648
E:\N9_20251512_PKM2.lif,N9_20251512_PKM2,86,vehicle/6/R5,N9_20251512_PKM2_S87_vehicle_6_R5,2,8694,5077,0,5077,1,0,0,0,5077,7,40,9,10.583333333333334,1.1542249359858183,70,132.5,6.0,35.0,32.5,0,0,0,0.0,,0,0.0,0.0,,,7,40,9,10.583333333333334,1.1542249359858183,70,132.5,6.0,35.0,32.5,109.35690368327752,106.0,1.0316689026724295,199.4254480992712,195.0,1.0226946056372883,185.67992909198347,190.0,0.9772627846946498,222.1502856017333,149.0,1.4909415141055926,219.07435987372853,149.0,1.4702977172733458
E:\N9_20251512_PKM2.lif,N9_20251512_PKM2,86,vehicle/6/R5,N9_20251512_PKM2_S87_vehicle_6_R5,3,28334,8642,6876,7038,1,0,6876,0,7038,9,41,13,16.64,1.388914603101134,102,272.5,9.0,50.0,47.5,11,36,12,12.08,1.3417684700407213,132,190.0,5.0,25.0,72.5,11,32,4,15.28,1.6052855924978686,103,252.5,7.0,45.0,50.0,111.74716500809998,106.0,1.054218537812264,585.1304537521816,195.0,3.000668993600931,207.4714186530896,190.0,1.091954835016261,305.3356861837537,149.0,2.0492327931795558,293.05171717171714,149.0,1.9667900481323295
E:\N9_20251512_PKM2.lif,N9_20251512_PKM2,86,vehicle/6/R5,N9_20251512_PKM2_S87_vehicle_6_R5,4,24276,11310,5532,10951,1,0,5532,0,10951,17,59,8,15.023255813953488,1.77842617152962,165,432.5,9.0,70.0,80.0,10,34,5,11.62962962962963,1.7284887924801158,81,232.5,10.0,50.0,37.5,18,80,15,11.77777777777778,1.8145374851611724,165,412.5,11.0,40.0,80.0,111.18373121131742,106.0,1.04890312463507,463.13539407086046,195.0,2.3750533029274896,198.15411140583555,190.0,1.0429163758201871,236.39902740937225,149.0,1.586570653754176,250.41053952321204,149.0,1.6806076478067922
E:\N9_20251512_PKM2.lif,N9_20251512_PKM2,86,vehicle/6/R5,N9_20251512_PKM2_S87_vehicle_6_R5,6,31187,10994,4161,10461,2,0,4161,0,10461,24,96,33,9.457142857142856,1.9030380207385849,126,437.5,10.0,70.0,60.0,12,35,15,7.9,1.9500120163422252,97,192.5,7.0,40.0,42.8125,22,72,29,11.092592592592592,1.973138323296052,129,417.5,9.0,65.0,62.5,111.08732035655812,106.0,1.0479935882694162,397.6779620283586,195.0,2.039374164247993,205.03665635801343,190.0,1.0791402966211234,228.03283609241404,149.0,1.5304217187410338,224.12247034194,149.0,1.504177653301611
E:\N9_20251512_PKM2.lif,N9_20251512_PKM2,86,vehicle/6/R5,N9_20251512_PKM2_S87_vehicle_6_R5,7,36844,8262,7544,6273,1,0,7544,0,6273,8,32,7,17.454545454545453,1.6152263374485596,126,297.5,6.0,35.0,60.0,9,44,9,11.628571428571428,1.5823170731707317,111,312.5,8.0,35.0,52.5,6,12,0,27.166666666666668,1.7685318029650885,127,282.5,8.0,45.0,60.0,110.29738562091504,106.0,1.0405413737822171,448.6827942735949,195.0,2.300937406531256,210.141975308642,190.0,1.1060103963612735,211.01682401355603,149.0,1.4162202953929934,215.73778389538884,149.0,1.4479045899019385
E:\N9_20251512_PKM2.lif,N9_20251512_PKM2,86,vehicle/6/R5,N9_20251512_PKM2_S87_vehicle_6_R5,9,23178,9450,9189,6737,1,0,9189,0,6737,17,56,9,12.575,1.726878306878307,105,352.5,9.0,50.0,50.0,20,55,11,11.976744186046512,1.7358798563499838,105,332.5,9.0,50.0,50.0,17,47,18,8.277777777777779,1.6643906783434763,90,232.5,8.0,50.0,42.5,110.21481481481482,106.0,1.0397624039133473,450.87822396343455,195.0,2.3121960203253056,197.3804232804233,190.0,1.0388443330548591,276.6451851851852,149.0,1.856679095202585,316.0522922636103,149.0,2.121156323916848
E:\N9_20251512_PKM2.lif,N9_20251512_PKM2,86,vehicle/6/R5,N9_20251512_PKM2_S87_vehicle_6_R5,10,41219,12334,12136,5584,1,0,12136,0,5584,26,122,39,9.506172839506172,1.9717853089022213,132,392.5,10.0,55.0,62.5,25,109,35,10.324324324324325,1.6244232036914965,132,457.5,13.0,55.0,62.5,14,42,8,12.92,2.182664756446991,120,262.5,11.0,45.0,46.25,109.19555699691908,106.0,1.0301467641218782,441.1619149637442,195.0,2.262368794685868,204.19263823577103,190.0,1.0746980959777424,212.0711853413329,149.0,1.4232965459149858,228.33922145894667,149.0,1.5324779963687696
E:\N9_20251512_PKM2.lif,N9_20251512_PKM2,86,vehicle/6/R5,N9_20251512_PKM2_S87_vehicle_6_R5,11,11659,6042,2113,5893,1,0,2113,0,5893,15,38,10,13.20689655172414,1.4975173783515392,83,252.5,7.0,50.0,37.5,7,28,7,7.285714285714286,1.2915286322763844,67,117.5,4.0,15.0,30.0,14,29,4,16.26086956521739,1.5167147463091804,80,247.5,8.0,45.0,37.5,109.70572658060244,106.0,1.0349596847226643,362.1097964978703,195.0,1.856973315373694,191.2328699106256,190.0,1.0064887890032927,273.8346573982125,149.0,1.8378164926054528,265.3858472998138,149.0,1.781113069126267
E:\N9_20251512_PKM2.lif,N9_20251512_PKM2,86,vehicle/6/R5,N9_20251512_PKM2_S87_vehicle_6_R5,13,8195,5858,5858,0,0,0,5858,0,0,5,26,13,10.85,1.1452714236940935,65,162.5,9.0,45.0,30.0,5,26,13,10.85,1.1452714236940935,65,162.5,9.0,45.0,30.0,0,0,0,0.0,,0,0.0,0.0,,,110.44827586206895,106.0,1.041964866623292,650.1019119153294,195.0,3.333855958540151,197.14817343803347,190.0,1.037621965463334,179.63144417890064,149.0,1.2055801622745008,,149.0,
E:\N9_20251512_PKM2.lif,N9_20251512_PKM2,86,vehicle/6/R5,N9_20251512_PKM2_S87_vehicle_6_R5,14,19083,4854,0,4854,1,0,0,0,4854,7,25,7,13.894736842105264,1.7012772970745778,87,212.5,8.0,30.0,40.0,0,0,0,0.0,,0,0.0,0.0,,,7,25,7,13.894736842105264,1.7012772970745778,87,212.5,8.0,30.0,40.0,110.64730119489082,106.0,1.0438424641027435,231.46209311907705,195.0,1.186985092918344,198.42130201895344,190.0,1.044322642205018,206.5718994643593,149.0,1.3863885870091228,200.6370276278184,149.0,1.3465572324014654
E:\N9_20251512_PKM2.lif,N9_20251512_PKM2,86,vehicle/6/R5,N9_20251512_PKM2_S87_vehicle_6_R5,15,18334,5101,0,5101,1,0,0,16,5101,5,29,6,14.789473684210526,1.3126837874926485,65,162.5,13.0,45.0,30.0,0,0,0,0.0,,0,0.0,0.0,,,5,29,6,14.789473684210526,1.3126837874926485,65,162.5,13.0,45.0,30.0,110.13507155459712,106.0,1.0390101090056334,202.9670652813174,195.0,1.040856745032397,368.8125,190.0,1.9411184210526315,228.42501470299945,149.0,1.5330537899530163,222.26862611073136,149.0,1.4917357457096063
E:\N9_20251512_PKM2.lif,N9_20251512_PKM2,86,vehicle/6/R5,N9_20251512_PKM2_S87_vehicle_6_R5,17,32471,5487,2636,5104,1,0,2636,0,5104,4,12,3,36.5,1.59704756697649,132,232.5,5.0,15.0,62.5,4,8,3,15.0,1.328907435508346,55,97.5,4.0,25.0,25.0,5,9,2,38.0,1.7168887147335423,128,237.5,4.0,30.0,62.5,107.3542919628212,106.0,1.0127763392718985,409.0868740515933,195.0,2.097881405392786,164.49407690905778,190.0,0.8657582995213567,190.6282121377802,149.0,1.2793839740790618,197.09196121363777,149.0,1.322764840359985
E:\N9_20251512_PKM2.lif,N9_20251512_PKM2,86,vehicle/6/R5,N9_20251512_PKM2_S87_vehicle_6_R5,18,19030,3600,0,3600,1,0,0,130,3600,3,3,0,46.66666666666666,1.6163888888888889,73,137.5,4.0,20.0,32.5,0,0,0,0.0,,0,0.0,0.0,,,3,3,0,46.66666666666666,1.6163888888888889,73,137.5,4.0,20.0,32.5,111.25583333333331,106.0,1.049583333333333,209.50666666666663,195.0,1.0743931623931624,305.8987341772152,190.0,1.6099933377748168,183.36,149.0,1.2306040268456375,174.90453230472517,149.0,1.1738559215082225
E:\N9_20251512_PKM2.lif,N9_20251512_PKM2,86,vehicle/6/R5,N9_20251512_PKM2_S87_vehicle_6_R5,19,29743,9982,9155,8915,1,0,9155,0,8915,9,20,3,17.764705882352942,1.2838108595471849,103,242.5,16.0,60.0,47.5,11,58,14,10.833333333333334,1.299399235390497,94,292.5,16.0,60.0,45.0,5,17,1,17.0,1.2999439147504206,105,197.5,7.0,55.0,50.0,110.75726307353236,106.0,1.044879840316343,491.2739486619334,195.0,2.5193535828817097,196.91815267481468,190.0,1.0364113298674458,347.0483870967742,149.0,2.329183806018619,369.7767760548143,149.0,2.4817233292269414
E:\N9_20251512_PKM2.lif,N9_20251512_PKM2,88,vehicle/6/R9,N9_20251512_PKM2_S89_vehicle_6_R9,1,11473,4741,0,4741,1,0,0,1403,4741,2,6,2,46.5,1.1594600295296351,77,102.5,5.0,45.0,35.0,0,0,0,0.0,,0,0.0,0.0,,,2,6,2,46.5,1.1594600295296351,77,102.5,5.0,45.0,35.0,139.86542923433873,107.0,1.3071535442461564,195.57899177388737,190.0,1.029363114599407,226.8346094946401,188.0,1.2065670717800006,244.29339801729597,150.0,1.6286226534486397,254.32052613361023,150.0,1.6954701742240683
E:\N9_20251512_PKM2.lif,N9_20251512_PKM2,88,vehicle/6/R9,N9_20251512_PKM2_S89_vehicle_6_R9,2,18472,4378,224,4287,1,0,224,0,4287,6,6,2,22.857142857142858,1.2512562814070352,62,177.5,18.0,40.0,27.5,2,0,0,7.0,1.0446428571428572,20,37.5,7.0,10.0,7.5,7,9,3,19.11111111111111,1.277816655003499,63,187.5,17.0,40.0,30.0,109.3204659661946,107.0,1.0216865978149028,451.2366071428572,190.0,2.374929511278196,169.10004568296026,188.0,0.8994683281008524,228.3880767473732,150.0,1.5225871783158214,220.13249021379104,150.0,1.4675499347586067
E:\N9_20251512_PKM2.lif,N9_20251512_PKM2,88,vehicle/6/R9,N9_20251512_PKM2_S89_vehicle_6_R9,3,48668,8863,2758,8863,1,2758,0,807,8863,10,26,6,22.210526315789476,2.0907142051224192,134,302.5,8.0,65.0,65.0,11,14,16,7.5,1.565989847715736,66,137.5,8.0,35.0,30.0,10,26,6,22.210526315789476,2.0907142051224192,134,302.5,8.0,65.0,65.0,264.45467730239307,107.0,2.471539040209281,196.11587498589645,190.0,1.0321888157152443,272.0496894409938,188.0,1.4470728161754989,291.83312648087553,150.0,1.9455541765391704,314.0797052913597,150.0,2.093864701942398
E:\N9_20251512_PKM2.lif,N9_20251512_PKM2,88,vehicle/6/R9,N9_20251512_PKM2_S89_vehicle_6_R9,5,30664,5080,1394,5080,1,1394,0,0,5080,8,20,6,14.764705882352942,1.1679133858267716,62,112.5,7.0,40.0,27.5,6,16,3,7.1,1.10545193687231,40,57.5,5.0,25.0,17.5,8,20,6,14.764705882352942,1.1679133858267716,62,112.5,7.0,40.0,27.5,218.3364418938307,107.0,2.0405274943348664,188.56496062992127,190.0,0.992447161210112,173.26240157480314,188.0,0.9216085190149104,251.93405511811025,150.0,1.6795603674540682,225.18688,150.0,1.5012458666666666
E:\N9_20251512_PKM2.lif,N9_20251512_PKM2,88,vehicle/6/R9,N9_20251512_PKM2_S89_vehicle_6_R9,6,59411,9127,1280,9127,1,0,1280,0,9127,6,18,1,33.083333333333336,1.9160731894379317,157,322.5,8.0,75.0,75.0,2,0,0,29.0,1.0421875,38,57.5,5.0,25.0,15.0,6,18,1,33.083333333333336,1.9160731894379317,157,322.5,8.0,75.0,75.0,110.52065300756,107.0,1.0329032991360747,375.3078125,190.0,1.9753042763157893,190.1948066177276,188.0,1.0116745032857852,247.5226251780432,150.0,1.6501508345202878,247.18477970627504,150.0,1.6478985313751668
E:\N9_20251512_PKM2.lif,N9_20251512_PKM2,88,vehicle/6/R9,N9_20251512_PKM2_S89_vehicle_6_R9,7,37995,14675,11696,11520,1,0,11696,0,11520,10,72,14,15.46341463414634,1.7704940374787053,138,422.5,8.0,95.0,65.0,15,69,11,12.022222222222222,1.547708618331053,104,392.5,12.0,70.0,50.0,14,75,23,12.674418604651162,2.0133680555555555,141,422.5,10.0,60.0,67.5,114.69206132879046,107.0,1.0718884236335555,691.6632181942545,190.0,3.640332727338181,191.90787052810904,188.0,1.020786545362282,340.5331516183986,150.0,2.270221010789324,352.5644901897716,150.0,2.3504299345984774
E:\N9_20251512_PKM2.lif,N9_20251512_PKM2,88,vehicle/6/R9,N9_20251512_PKM2_S89_vehicle_6_R9,8,22292,9790,0,9790,1,0,0,256,9790,9,51,11,14.933333333333334,1.6288049029622065,117,257.5,6.0,60.0,55.0,0,0,0,0.0,,0,0.0,0.0,,,9,51,11,14.933333333333334,1.6288049029622065,117,257.5,6.0,60.0,55.0,123.85188968335036,107.0,1.157494296106078,231.53319713993872,190.0,1.21859577442073,290.859375,188.0,1.547124335106383,292.3473953013279,150.0,1.948982635342186,323.9430711610487,150.0,2.159620474406992
E:\N9_20251512_PKM2.lif,N9_20251512_PKM2,88,vehicle/6/R9,N9_20251512_PKM2_S89_vehicle_6_R9,9,31551,11120,0,11120,1,0,0,0,11120,11,32,9,15.772727272727272,1.416546762589928,106,307.5,12.0,55.0,50.0,0,0,0,0.0,,0,0.0,0.0,,,11,32,9,15.772727272727272,1.416546762589928,106,307.5,12.0,55.0,50.0,131.79172661870504,107.0,1.231698379614066,230.5594424460432,190.0,1.2134707497160169,214.3456834532374,188.0,1.140136614112965,336.5535071942446,150.0,2.24369004796163,352.5940082644628,150.0,2.3506267217630854
E:\N9_20251512_PKM2.lif,N9_20251512_PKM2,88,vehicle/6/R9,N9_20251512_PKM2_S89_vehicle_6_R9,10,11688,2794,0,2794,0,0,0,0,2794,3,3,0,42.66666666666666,1.2383679312813172,80,162.5,9.0,20.0,37.5,0,0,0,0.0,,0,0.0,0.0,,,3,3,0,42.66666666666666,1.2383679312813172,80,162.5,9.0,20.0,37.5,108.43736578382249,107.0,1.013433325082453,236.8464566929134,190.0,1.2465602983837547,196.9717251252684,188.0,1.0477219421556832,183.9856836077309,150.0,1.2265712240515392,,150.0,
E:\N9_20251512_PKM2.lif,N9_20251512_PKM2,88,vehicle/6/R9,N9_20251512_PKM2_S89_vehicle_6_R9,11,150425,13987,13107,10955,1,13107,0,107,10955,13,55,13,17.38888888888889,2.2789018374204617,186,422.5,7.0,70.0,90.0,16,66,15,13.88888888888889,2.055237659266041,184,432.5,7.0,55.0,90.0,9,33,4,23.0,2.6833409402099497,187,395.0,9.0,70.0,90.0,287.5838864728771,107.0,2.687699873578291,222.3975119754057,190.0,1.170513220923188,276.7196261682243,188.0,1.4719129051501292,261.37499106313004,150.0,1.742499940420867,344.16033925686594,150.0,2.29440226171244
E:\N9_20251512_PKM2.lif,N9_20251512_PKM2,88,vehicle/6/R9,N9_20251512_PKM2_S89_vehicle_6_R9,12,35560,21668,3830,21596,2,3830,0,7029,21596,12,46,8,19.21212121212121,1.513752999815396,194,532.5,14.0,75.0,95.0,9,23,4,10.117647058823527,1.3368146214099217,85,157.5,4.0,30.0,40.0,12,46,8,19.21212121212121,1.5187997777366178,194,527.5,14.0,75.0,95.0,269.93002610966056,107.0,2.522710524389351,227.4255584271737,190.0,1.1969766233009145,281.7345191040843,188.0,1.4985878675749165,471.3381484216356,150.0,3.142254322810904,543.6899135446686,150.0,3.624599423631124
E:\N9_20251512_PKM2.lif,N9_20251512_PKM2,88,vehicle/6/R9,N9_20251512_PKM2_S89_vehicle_6_R9,13,20041,11419,6262,11203,0,6262,0,1051,11203,17,41,7,14.46875,1.3784044136964708,125,317.5,13.0,55.0,60.0,9,31,4,13.291666666666666,1.3179495368891727,71,167.5,8.0,60.0,32.5,18,52,10,12.324324324324325,1.387753280371329,125,317.5,12.0,55.0,60.0,301.11833280102206,107.0,2.8141900261777764,213.48428058498996,190.0,1.1236014767631048,294.85252140818267,188.0,1.5683644755754398,338.5330589368596,150.0,2.256887059579064,,150.0,
E:\N9_20251512_PKM2.lif,N9_20251512_PKM2,88,vehicle/6/R9,N9_20251512_PKM2_S89_vehicle_6_R9,14,19024,11638,0,11638,1,0,0,0,11638,31,112,42,8.7625,1.5109984533424987,100,367.5,8.0,50.0,47.5,0,0,0,0.0,,0,0.0,0.0,,,31,112,42,8.7625,1.5109984533424987,100,367.5,8.0,50.0,47.5,112.26602509022167,107.0,1.0492151877590812,213.3038322735865,190.0,1.12265174880835,223.1507131809589,188.0,1.186971878622122,265.07063069255884,150.0,1.7671375379503922,262.7010284620904,150.0,1.7513401897472691
E:\N9_20251512_PKM2.lif,N9_20251512_PKM2,88,vehicle/6/R9,N9_20251512_PKM2_S89_vehicle_6_R9,15,18066,4303,0,4303,1,0,0,19,4303,13,33,5,8.807692307692308,1.549151754589821,76,157.5,7.0,45.0,35.0,0,0,0,0.0,,0,0.0,0.0,,,13,33,5,8.807692307692308,1.549151754589821,76,157.5,7.0,45.0,35.0,115.00929584011156,107.0,1.0748532321505753,206.46502440158028,190.0,1.086658023166212,188.3467348361608,188.0,1.001844334234898,232.18917034627003,150.0,1.5479278023084668,213.6651844101491,150.0,1.4244345627343271
E:\N9_20251512_PKM2.lif,N9_20251512_PKM2,88,vehicle/6/R9,N9_20251512_PKM2_S89_vehicle_6_R9,18,11602,3371,0,3371,0,0,0,0,3371,27,33,10,10.575757575757576,3.70008899436369,132,292.5,7.0,90.0,80.0,0,0,0,0.0,,0,0.0,0.0,,,27,33,10,10.575757575757576,3.70008899436369,132,292.5,7.0,90.0,80.0,113.82616434292495,107.0,1.063795928438551,321.6339365173539,190.0,1.6928101921965997,235.6552951646396,188.0,1.25348561257787,240.6484722634233,150.0,1.6043231484228222,,150.0,
E:\N9_20251512_PKM2.lif,N9_20251512_PKM2,88,vehicle/6/R9,N9_20251512_PKM2_S89_vehicle_6_R9,19,21403,16474,0,16474,2,0,0,5839,16474,20,102,25,11.492063492063492,1.277771033143135,108,312.5,12.0,70.0,50.0,0,0,0,0.0,,0,0.0,0.0,,,20,102,25,11.492063492063492,1.277771033143135,108,312.5,12.0,70.0,50.0,122.71512686657763,107.0,1.1468703445474546,243.56246206143013,190.0,1.2819076950601584,288.5215773809524,188.0,1.5346892413880446,361.01110841325726,150.0,2.4067407227550484,392.3645284390333,150.0,2.6157635229268887
E:\N9_20251512_PKM2.lif,N9_20251512_PKM2,88,vehicle/6/R9,N9_20251512_PKM2_S89_vehicle_6_R9,21,16159,9171,0,9171,1,0,0,233,9171,12,44,10,13.2,1.3199214916584887,93,222.5,11.0,55.0,42.5,0,0,0,0.0,,0,0.0,0.0,,,12,44,10,13.2,1.3199214916584887,93,222.5,11.0,55.0,42.5,117.74386653581944,107.0,1.1004099676244807,216.5347290371824,190.0,1.1396564686167496,310.3175965665236,188.0,1.6506255136517214,324.58456002616947,150.0,2.16389706684113,347.46273546273545,150.0,2.316418236418236
E:\N9_20251512_PKM2.lif,N9_20251512_PKM2,88,vehicle/6/R9,N9_20251512_PKM2_S89_vehicle_6_R9,22,26008,20490,0,20490,1,0,0,2,20490,28,88,20,11.916666666666666,1.2874572962420694,117,457.5,15.0,85.0,55.0,0,0,0,0.0,,0,0.0,0.0,,,28,88,20,11.916666666666666,1.2874572962420694,117,457.5,15.0,85.0,55.0,114.4929233772572,107.0,1.0700273212827776,211.28038067349928,190.0,1.112002003544733,419.5,188.0,2.231382978723404,537.9060029282576,150.0,3.5860400195217177,726.449166950017,150.0,4.842994446333447
E:\N9_20251512_PKM2.lif,N9_20251512_PKM2,88,vehicle/6/R9,N9_20251512_PKM2_S89_vehicle_6_R9,23,18960,8446,0,8446,1,0,0,1251,8446,16,55,10,10.4,1.5685531612597678,121,252.5,9.0,55.0,46.47058823529412,0,0,0,0.0,,0,0.0,0.0,,,16,55,10,10.4,1.5685531612597678,121,252.5,9.0,55.0,46.47058823529412,116.95121951219512,107.0,1.0930020515158425,226.3998342410609,190.0,1.191578074952952,239.57699805068225,188.0,1.2743457343121396,330.79516931091644,150.0,2.205301128739443,334.735441573467,150.0,2.23156961048978
E:\N9_20251512_PKM2.lif,N9_20251512_PKM2,88,vehicle/6/R9,N9_20251512_PKM2_S89_vehicle_6_R9,24,17056,10227,157,10227,1,0,157,2191,10227,14,51,18,13.08108108108108,1.5536325413122127,107,362.5,14.0,50.0,50.0,2,0,0,2.0,1.070063694267516,18,17.5,3.0,10.0,7.5,14,51,18,13.08108108108108,1.5536325413122127,107,362.5,14.0,50.0,50.0,118.42788696587463,107.0,1.1068026819240622,430.0509554140127,190.0,2.263426081126383,272.53394123606887,188.0,1.449648623596111,344.476777158502,150.0,2.2965118477233464,371.3841059602649,150.0,2.4758940397350995
E:\N9_20251512_PKM2.lif,N9_20251512_PKM2,88,vehicle/6/R9,N9_20251512_PKM2_S89_vehicle_6_R9,25,22624,17329,0,17329,2,0,0,1,17329,19,66,14,17.361702127659573,1.2668936464885452,111,397.5,18.0,80.0,52.5,0,0,0,0.0,,0,0.0,0.0,,,19,66,14,17.361702127659573,1.2668936464885452,111,397.5,18.0,80.0,52.5,122.6137688268221,107.0,1.14592307314787,198.97374343585895,190.0,1.047230228609784,422.0,188.0,2.24468085106383,389.7599976917306,150.0,2.5983999846115378,395.89051900930747,150.0,2.6392701267287166
E:\N9_20251512_PKM2.lif,N9_20251512_PKM2,88,vehicle/6/R9,N9_20251512_PKM2_S89_vehicle_6_R9,26,32381,13482,0,13482,1,0,0,0,13482,16,54,12,16.56756756756757,1.8721257973594423,141,372.5,7.0,60.0,67.5,0,0,0,0.0,,0,0.0,0.0,,,16,54,12,16.56756756756757,1.8721257973594423,141,372.5,7.0,60.0,67.5,128.53782821539832,107.0,1.201288114162601,212.11200118676757,190.0,1.116378953614566,209.67942441774215,188.0,1.1153160873284158,277.5434653612224,150.0,1.850289769074816,336.6011386470194,150.0,2.2440075909801296
E:\N9_20251512_PKM2.lif,N9_20251512_PKM2,88,vehicle/6/R9,N9_20251512_PKM2_S89_vehicle_6_R9,27,40317,16519,1209,16519,2,1209,0,0,16519,21,76,10,15.76923076923077,1.6712876082087291,127,487.5,14.0,75.0,60.0,7,29,12,4.578947368421052,1.259718775847808,42,77.5,6.0,30.0,17.5,21,76,10,15.76923076923077,1.6712876082087291,127,487.5,14.0,75.0,60.0,212.1877584780811,107.0,1.983063163346552,204.6319995157092,190.0,1.0770105237668903,193.76245535444036,188.0,1.0306513582682997,325.09019916459835,150.0,2.1672679944306554,337.3990602158023,150.0,2.2493270681053485
E:\N9_20251512_PKM2.lif,N9_20251512_PKM2,88,vehicle/6/R9,N9_20251512_PKM2_S89_vehicle_6_R9,28,19274,8122,0,8122,1,0,0,4,8122,13,57,12,11.439024390243905,1.6710169908889436,107,277.5,11.0,55.0,50.0,0,0,0,0.0,,0,0.0,0.0,,,13,57,12,11.439024390243905,1.6710169908889436,107,277.5,11.0,55.0,50.0,122.68640728884512,107.0,1.1466019372789262,196.9071657227284,190.0,1.0363535038038336,195.0,188.0,1.0372340425531914,316.5046786505787,150.0,2.110031191003858,312.35007122507125,150.0,2.082333808167142
E:\N9_20251512_PKM2.lif,N9_20251512_PKM2,94,RWT9996/5/R7,N9_20251512_PKM2_S95_RWT9996_5_R7,2,7980,3124,3124,0,0,0,3124,474,0,2,0,0,61.0,1.159731113956466,55,87.5,4.0,35.0,25.0,2,0,0,61.0,1.159731113956466,55,87.5,4.0,35.0,25.0,0,0,0,0.0,,0,0.0,0.0,,,107.199423815621,106.0,1.0113153190152926,611.4503841229193,185.0,3.30513721147524,274.7573839662448,189.0,1.4537427723081733,154.1654929577465,145.0,1.0632102962603205,,145.0,
E:\N9_20251512_PKM2.lif,N9_20251512_PKM2,96,RWT9996/5/R3,N9_20251512_PKM2_S97_RWT9996_5_R3,1,20424,8141,20,8141,1,20,0,6624,8141,4,6,0,35.75,1.3817712811693894,100,265.0,7.0,50.0,50.0,2,0,0,3.0,1.1,14,2.5,1.0,5.0,5.0,4,6,0,35.75,1.3817712811693894,100,265.0,7.0,50.0,50.0,246.35,108.0,2.2810185185185183,209.9559022233141,188.0,1.1167867139537984,295.1743851096832,193.0,1.5294009591175293,261.4356958604594,146.0,1.7906554510990371,273.59266802443994,146.0,1.8739223837290409
E:\N9_20251512_PKM2.lif,N9_20251512_PKM2,96,RWT9996/5/R3,N9_20251512_PKM2_S97_RWT9996_5_R3,2,16696,3829,0,3829,0,0,0,5559,3829,3,3,1,49.0,1.3624967354400628,63,137.5,6.0,45.0,30.0,0,0,0,0.0,,0,0.0,0.0,,,3,3,1,49.0,1.3624967354400628,63,137.5,6.0,45.0,30.0,150.8652389657874,108.0,1.3969003607943278,268.0344737529381,188.0,1.4257152859198834,328.7701421800948,193.0,1.7034722392751027,236.436406372421,146.0,1.619427440906993,,146.0,
E:\N9_20251512_PKM2.lif,N9_20251512_PKM2,98,RWT9996/5/R1,N9_20251512_PKM2_S99_RWT9996_5_R1,1,47981,35895,31497,15632,1,0,31497,36534,15632,26,217,37,13.108527131782946,1.506115057807494,178,772.5,12.0,85.0,85.0,19,151,29,15.855555555555556,1.6412039241832554,185,677.5,10.0,65.0,90.0,35,137,37,10.371134020618555,3.038510747185261,334,555.0,5.0,195.0,191.9811320754717,172.0392255188745,124.0,1.3874131090231814,782.7980442581833,220.0,3.558172928446288,295.2028990963855,215.0,1.3730367399831884,236.39713051957096,176.0,1.3431655143157442,280.3434196135618,176.0,1.5928603387134197
E:\N9_20251512_PKM2.lif,N9_20251512_PKM2,98,RWT9996/5/R1,N9_20251512_PKM2_S99_RWT9996_5_R1,2,30695,20140,18268,9228,1,1355,16914,20073,9228,27,75,19,13.53968253968254,1.6933962264150944,154,547.5,12.0,70.0,75.0,18,55,18,16.186046511627907,1.8420735712721696,150,482.5,8.0,70.0,72.5,40,130,28,7.908045977011494,2.247507585609016,145,542.5,11.0,55.0,70.0,237.250184501845,124.0,1.913307939531008,672.8431476883055,220.0,3.0583779440377525,293.02881638485354,215.0,1.3629247273714118,229.9848063555114,176.0,1.3067318542926785,238.96206373292867,176.0,1.3577389984825492
E:\N9_20251512_PKM2.lif,N9_20251512_PKM2,98,RWT9996/5/R1,N9_20251512_PKM2_S99_RWT9996_5_R1,3,25073,20604,19737,10133,1,0,19737,4989,10133,27,136,53,11.511111111111113,1.365608619685498,134,422.5,13.0,85.0,65.0,29,124,41,11.761363636363637,1.4255965952272385,134,527.5,13.0,95.0,65.0,24,104,36,9.485714285714286,1.6911082601401362,117,357.5,12.0,50.0,55.0,146.39725296059018,124.0,1.180623007746695,708.9182753204641,220.0,3.2223557969112004,282.9228656443122,215.0,1.3159203053223822,238.44326344399147,176.0,1.3547912695681334,274.0176826430898,176.0,1.556918651381192
E:\N9_20251512_PKM2.lif,N9_20251512_PKM2,98,RWT9996/5/R1,N9_20251512_PKM2_S99_RWT9996_5_R1,4,6725,5346,5232,3574,0,2937,4906,5693,3574,5,71,22,8.242424242424242,1.0695847362514028,61,172.5,17.0,40.0,27.5,2,58,19,8.333333333333334,1.051414373088685,60,197.5,23.0,40.0,27.5,8,36,6,8.736842105263158,1.3086177951874651,62,132.5,6.0,30.0,27.5,276.19033026898194,124.0,2.227341373136951,658.9739094985732,220.0,2.9953359522662417,380.0662836942112,215.0,1.7677501567172615,235.76936026936028,176.0,1.3395986378940925,,176.0,
E:\N9_20251512_PKM2.lif,N9_20251512_PKM2,98,RWT9996/5/R1,N9_20251512_PKM2_S99_RWT9996_5_R1,5,11263,11247,11234,5966,1,685,11234,8571,5966,2,16,1,21.0,1.0351204765715305,95,222.5,12.0,70.0,45.0,2,30,5,19.72222222222222,1.0363183193875734,95,222.5,12.0,70.0,45.0,25,113,46,6.868421052631579,1.8731143144485416,155,427.5,7.0,15.0,75.0,213.17518248175185,124.0,1.7191546974334824,1533.3302474630586,220.0,6.969682943013903,308.9760374050263,215.0,1.4370978483954713,266.84111318573844,176.0,1.516142688555332,276.12393566698205,176.0,1.5688859981078525
E:\N9_20251512_PKM2.lif,N9_20251512_PKM2,98,RWT9996/5/R1,N9_20251512_PKM2_S99_RWT9996_5_R1,6,17621,10574,10261,8043,1,10261,0,14547,8043,15,51,8,12.142857142857142,1.43559674673728,109,262.5,8.0,65.0,52.5,17,47,5,12.914285714285716,1.4622356495468278,108,267.5,8.0,55.0,50.0,27,94,21,7.828125,1.7694889966430436,147,290.0,6.0,120.0,72.5,332.33797875450733,124.0,2.6801449899557044,260.82977113675054,220.0,1.1855898688034114,294.0738577808313,215.0,1.3677853850271224,262.2164743710989,176.0,1.489866331653971,278.16846153846154,176.0,1.5805026223776224
E:\N9_20251512_PKM2.lif,N9_20251512_PKM2,98,RWT9996/5/R1,N9_20251512_PKM2_S99_RWT9996_5_R1,7,61301,38596,35435,25154,2,30933,14450,54465,25154,36,178,39,14.41880341880342,1.4660586589283864,202,792.5,17.0,155.0,97.5,37,149,29,15.303030303030305,1.551460420488218,194,747.5,13.0,135.0,95.0,39,206,46,10.25925925925926,1.6318676949988071,172,777.5,12.0,125.0,82.5,423.9325639284906,124.0,3.418810999423312,774.4018685121107,220.0,3.5200084932368667,437.78332335492297,215.0,2.036201503976386,263.5140429060006,176.0,1.4972388801477308,296.4035671819263,176.0,1.6841111771700357
E:\N9_20251512_PKM2.lif,N9_20251512_PKM2,98,RWT9996/5/R1,N9_20251512_PKM2_S99_RWT9996_5_R1,8,9825,4183,0,4183,0,0,0,9092,4183,8,24,8,14.77777777777778,1.601243126942386,73,217.5,8.0,30.0,35.0,0,0,0,0.0,,0,0.0,0.0,,,8,24,8,14.77777777777778,1.601243126942386,73,217.5,8.0,30.0,35.0,228.95888118575184,124.0,1.8464425902076764,309.52593832177865,220.0,1.406936083280812,679.5491344195519,215.0,3.1606936484630324,248.7365527133636,176.0,1.413275867689566,,176.0,
E:\N9_20251512_PKM2.lif,N9_20251512_PKM2,98,RWT9996/5/R1,N9_20251512_PKM2_S99_RWT9996_5_R1,9,15750,10171,8509,8319,0,7621,2427,14320,8319,25,70,17,11.15686274509804,1.6065283649591977,106,407.5,14.0,50.0,50.0,21,45,8,12.057142857142855,1.7166529556939711,107,307.5,9.0,65.0,50.0,21,68,15,11.48936170212766,1.857314581079457,105,322.5,7.0,45.0,50.0,289.2843458863666,124.0,2.33293827327715,423.0185414091471,220.0,1.9228115518597595,393.4622171476023,215.0,1.830056823942336,242.9063022318356,176.0,1.380149444499066,,176.0,
E:\N9_20251512_PKM2.lif,N9_20251512_PKM2,98,RWT9996/5/R1,N9_20251512_PKM2_S99_RWT9996_5_R1,10,17124,10784,9484,8036,2,8968,1514,14602,8036,25,85,19,10.866666666666667,1.5916172106824926,120,387.5,14.0,55.0,57.5,18,74,13,11.395833333333334,1.76940109658372,130,352.5,13.0,50.0,56.5,27,81,16,8.741379310344827,1.944748631159781,110,402.5,8.0,50.0,52.5,312.79727921498665,124.0,2.5225587033466663,365.0132100396301,220.0,1.6591509547255914,321.76121689647624,215.0,1.4965637995184942,253.8879821958457,176.0,1.4425453533854868,259.3470167064439,176.0,1.473562594922977
E:\N9_20251512_PKM2.lif,N9_20251512_PKM2,98,RWT9996/5/R1,N9_20251512_PKM2_S99_RWT9996_5_R1,11,33306,27177,25413,16917,1,0,25413,30773,16917,35,216,53,10.793893129770993,1.27335614674173,160,572.5,16.0,100.0,77.5,41,232,60,9.657894736842104,1.352772203203085,160,652.5,14.0,70.0,77.5,34,187,48,8.462809917355372,1.8480818111958384,160,562.5,11.0,95.0,77.5,147.11737866578358,124.0,1.186430473111158,619.2388934797151,220.0,2.814722243089614,357.243545952816,215.0,1.6615978881526323,256.5933325974169,176.0,1.4579166624853237,287.49792226839406,176.0,1.6335109219795116
E:\N9_20251512_PKM2.lif,N9_20251512_PKM2,98,RWT9996/5/R1,N9_20251512_PKM2_S99_RWT9996_5_R1,12,34597,33294,32888,16728,2,2270,32768,32804,16728,21,111,26,18.952380952380956,1.0805850904066798,141,372.5,11.0,95.0,67.5,33,85,19,18.365079365079364,1.0929214303089272,142,437.5,13.0,95.0,67.5,27,101,21,11.957142857142856,1.6348039215686274,146,472.5,10.0,70.0,70.0,237.0850220264317,124.0,1.9119759840841268,893.8851013183594,220.0,4.063114096901634,376.3026615248451,215.0,1.750244937324861,282.66945996275604,176.0,1.6060764770611138,278.5685139233526,176.0,1.5827756472917762
E:\N9_20251512_PKM2.lif,N9_20251512_PKM2,98,RWT9996/5/R1,N9_20251512_PKM2_S99_RWT9996_5_R1,13,45233,36412,31356,24265,2,1389,30992,42142,24265,38,262,75,12.088235294117649,1.365868395034604,161,777.5,15.0,95.0,77.5,47,362,91,9.246575342465754,1.5551728536803164,165,887.5,15.0,125.0,80.0,44,197,48,12.118110236220472,2.019369462188337,164,987.5,15.0,90.0,80.0,214.8200143988481,124.0,1.7324194709584524,563.8098864223025,220.0,2.562772211010466,365.0324483775812,215.0,1.697825341291075,271.43908601559923,176.0,1.542267534179541,299.00921985815603,176.0,1.698916021921341
E:\N9_20251512_PKM2.lif,N9_20251512_PKM2,98,RWT9996/5/R1,N9_20251512_PKM2_S99_RWT9996_5_R1,14,9751,8925,8058,5970,1,1582,8048,8690,5970,9,40,13,14.535714285714286,1.1794957983193275,89,182.5,11.0,55.0,42.5,20,48,16,9.75609756097561,1.2814594192107225,86,242.5,11.0,50.0,40.0,11,28,9,14.391304347826088,1.568676716917923,93,217.5,7.0,50.0,42.5,227.7111251580278,124.0,1.8363800415969984,770.365680914513,220.0,3.501662185975059,320.0808878856283,215.0,1.4887483157471082,258.25714285714287,176.0,1.4673701298701298,253.43094496365524,176.0,1.4399485509298593
E:\N9_20251512_PKM2.lif,N9_20251512_PKM2,98,RWT9996/5/R1,N9_20251512_PKM2_S99_RWT9996_5_R1,15,72482,53929,39754,40743,3,13,39754,67739,40743,68,360,107,11.19915254237288,1.8634315488883533,278,1252.5,19.0,155.0,135.0,60,246,37,12.922619047619047,2.263319414398551,305,977.5,13.0,140.0,150.0,69,368,143,8.952941176470588,2.400338708489802,284,1387.5,12.0,120.0,140.0,251.15384615384616,124.0,2.025434243176179,680.3645922422901,220.0,3.092566328374046,365.0117514837234,215.0,1.697729076668481,285.1486584212576,176.0,1.6201628319389636,298.62799241526426,176.0,1.6967499569049105
E:\N9_20251512_PKM2.lif,N9_20251512_PKM2,98,RWT9996/5/R1,N9_20251512_PKM2_S99_RWT9996_5_R1,16,3955,3955,3955,33,0,0,3955,3807,33,3,3,1,34.333333333333336,1.056131479140329,61,117.5,6.0,35.0,27.5,3,3,1,34.333333333333336,1.056131479140329,61,117.5,6.0,35.0,27.5,2,0,0,13.0,1.3333333333333333,19,10.0,2.0,5.0,7.5,136.87939317319848,124.0,1.103866073977407,2099.867762326169,220.0,9.544853465118951,259.3787759390596,215.0,1.2064129113444633,217.79671302149177,176.0,1.2374813239857487,,176.0,
E:\N9_20251512_PKM2.lif,N9_20251512_PKM2,98,RWT9996/5/R1,N9_20251512_PKM2_S99_RWT9996_5_R1,17,6076,5975,5975,2400,0,0,5975,6070,2400,4,12,2,12.285714285714286,1.0538912133891214,72,152.5,9.0,45.0,32.5,4,12,2,12.285714285714286,1.0538912133891214,72,152.5,9.0,45.0,32.5,14,26,3,8.363636363636363,1.742916666666667,92,140.0,4.0,70.0,44.66666666666666,160.90476987447698,124.0,1.2976191118909437,1341.701589958159,220.0,6.098643590718905,325.9174066007707,215.0,1.5158949144221892,232.6542259414226,176.0,1.3218990110308102,,176.0,
E:\N9_20251512_PKM2.lif,N9_20251512_PKM2,98,RWT9996/5/R1,N9_20251512_PKM2_S99_RWT9996_5_R1,18,56300,53669,38468,52828,2,37862,4251,54604,52828,9,50,13,21.457142857142856,1.169800070804375,208,567.5,12.0,135.0,100.0,39,182,43,15.041666666666666,1.59103670583342,197,917.5,14.0,100.0,95.0,7,50,20,20.41176470588235,1.1654047096236844,207,522.5,8.0,140.0,100.0,460.9899107284349,124.0,3.717660570390604,519.8619148435662,220.0,2.363008703834392,392.5857535510408,215.0,1.8259802490746084,1442.1336525741117,176.0,8.193941207807454,806.9471365638766,176.0,4.584926912294754
E:\N9_20251512_PKM2.lif,N9_20251512_PKM2,98,RWT9996/5/R1,N9_20251512_PKM2_S99_RWT9996_5_R1,19,19458,14991,13103,10176,1,0,13103,12465,10176,30,198,104,7.295081967213115,1.2778333666866786,100,392.5,15.0,65.0,47.5,21,111,39,10.59722222222222,1.3425932992444478,103,347.5,10.0,60.0,47.5,36,211,103,5.367647058823529,1.766116352201258,99,452.5,14.0,70.0,47.5,149.78820625708758,124.0,1.2079694052990937,645.7908112645958,220.0,2.935412778475436,295.95115627916624,215.0,1.3765170059496104,281.1137349076112,176.0,1.597237130156882,295.4887270204648,176.0,1.6789132217071865
E:\N9_20251512_PKM2.lif,N9_20251512_PKM2,98,RWT9996/5/R1,N9_20251512_PKM2_S99_RWT9996_5_R1,20,6384,5630,5403,4183,0,0,5403,5493,4183,4,6,0,25.8,1.1163410301953818,65,142.5,11.0,40.0,30.0,5,3,0,30.142857142857142,1.1593559133814548,64,157.5,10.0,45.0,30.0,5,21,2,13.5,1.2787473105426728,62,107.5,5.0,45.0,27.5,162.01261101243338,124.0,1.3065533146163983,721.8591523227836,220.0,3.281177965103562,280.23171946602906,215.0,1.3034033463536236,260.051865008881,176.0,1.4775674148231877,,176.0,
E:\N9_20251512_PKM2.lif,N9_20251512_PKM2,98,RWT9996/5/R1,N9_20251512_PKM2_S99_RWT9996_5_R1,21,43173,26834,18458,23444,2,18458,0,41614,23444,17,81,18,19.041666666666668,1.421778340910785,162,497.5,10.0,95.0,77.5,22,126,32,12.142857142857142,1.5691840936179435,160,502.5,15.0,90.0,77.5,14,50,10,18.57894736842105,1.4883978843200818,154,452.5,9.0,85.0,75.0,336.63825983313467,124.0,2.7148246760736665,250.3121413132593,220.0,1.137782460514815,555.0952997638456,215.0,2.58183860355277,333.7510248192592,176.0,1.896312641018518,331.21584892340275,176.0,1.8819082325193337
E:\N9_20251512_PKM2.lif,N9_20251512_PKM2,98,RWT9996/5/R1,N9_20251512_PKM2_S99_RWT9996_5_R1,22,12316,10895,8583,8017,1,255,8499,12316,8017,13,87,18,11.49090909090909,1.1512620468104635,83,282.5,16.0,55.0,37.5,16,54,18,11.585365853658535,1.247232902248631,77,272.5,15.0,55.0,35.0,19,79,28,9.35593220338983,1.47698640389173,85,332.5,15.0,65.0,40.0,245.2627450980392,124.0,1.9779253636938643,800.1619014001648,220.0,3.63709955181893,413.5037173015145,215.0,1.9232731037279744,294.15933914639743,176.0,1.6713598815136217,291.45893719806764,176.0,1.6560166886253844
E:\N9_20251512_PKM2.lif,N9_20251512_PKM2,98,RWT9996/5/R1,N9_20251512_PKM2_S99_RWT9996_5_R1,23,31112,25082,18256,20446,1,15937,5008,28581,20446,33,157,40,10.25,1.2897695558567897,148,572.5,14.0,80.0,70.0,29,109,12,10.81578947368421,1.3420245398773003,122,467.5,18.0,70.0,57.5,37,152,64,9.962962962962964,1.527731585640223,143,562.5,9.0,50.0,70.0,458.91598167785656,124.0,3.7009353361117454,758.1248003194888,220.0,3.44602181963404,392.5169774806474,215.0,1.8256603603751045,312.95116019456185,176.0,1.778131592014556,410.7933261571582,176.0,2.334052989529308
E:\N9_20251512_PKM2.lif,N9_20251512_PKM2,98,RWT9996/5/R1,N9_20251512_PKM2_S99_RWT9996_5_R1,24,8761,3613,0,3613,0,0,0,8512,3613,18,34,4,9.558823529411764,2.3977304179352337,140,287.5,6.0,40.0,49.72222222222222,0,0,0,0.0,,0,0.0,0.0,,,18,34,4,9.558823529411764,2.3977304179352337,140,287.5,6.0,40.0,49.72222222222222,178.7758095765292,124.0,1.4417403998107194,246.9443675615832,220.0,1.1224743980071965,340.3824200913242,215.0,1.5831740469363915,232.64129532244672,176.0,1.321825541604811,,176.0,
E:\N9_20251512_PKM2.lif,N9_20251512_PKM2,98,RWT9996/5/R1,N9_20251512_PKM2_S99_RWT9996_5_R1,25,10063,7845,4740,6094,0,1097,4164,8142,6094,15,75,27,9.346938775510203,1.2379859783301466,83,237.5,17.0,55.0,37.5,5,28,6,9.117647058823527,1.2622362869198311,70,122.5,7.0,45.0,32.5,22,95,38,6.636363636363637,1.5936987200525106,89,302.5,12.0,55.0,42.5,218.70829535095717,124.0,1.763776575410945,525.0196926032661,220.0,2.386453148196664,294.2676011970389,215.0,1.3686865171955298,258.0219247928617,176.0,1.4660336635958051,,176.0,
E:\N9_20251512_PKM2.lif,N9_20251512_PKM2,98,RWT9996/5/R1,N9_20251512_PKM2_S99_RWT9996_5_R1,26,28316,16502,12021,10451,2,8459,5260,18022,10451,22,105,26,14.164179104477611,1.6118652284571566,136,517.5,10.0,85.0,65.0,15,78,25,13.773584905660377,1.7021046501954913,116,477.5,13.0,80.0,55.0,16,46,6,15.84375,1.5715242560520524,115,320.0,8.0,80.0,55.0,243.8820191511999,124.0,1.9667904770258056,508.6389733840304,220.0,2.3119953335637744,282.30320039389466,215.0,1.3130381413669518,233.28608653496545,176.0,1.3254891280395764,247.9533261802575,176.0,1.4088257169332812
E:\N9_20251512_PKM2.lif,N9_20251512_PKM2,98,RWT9996/5/R1,N9_20251512_PKM2_S99_RWT9996_5_R1,27,7472,6338,5534,6152,1,5534,0,5030,6152,6,12,1,25.22222222222222,1.1284316819185862,70,187.5,10.0,45.0,32.5,10,40,12,12.0,1.2329237441272136,69,162.5,9.0,45.0,32.5,7,15,1,20.454545454545453,1.153446033810143,70,142.5,8.0,50.0,32.5,283.2466570292736,124.0,2.284247234107045,244.31271694540865,220.0,1.1105123497518574,267.55102545095133,215.0,1.244423374190471,309.7980435468602,176.0,1.760216156516251,324.87839673913044,176.0,1.845899981472332
E:\N9_20251512_PKM2.lif,N9_20251512_PKM2,98,RWT9996/5/R1,N9_20251512_PKM2_S99_RWT9996_5_R1,29,7824,2176,1408,2023,0,1408,0,5585,2023,15,43,16,7.133333333333334,3.1888786764705883,88,217.5,7.0,50.0,41.333333333333336,12,20,9,10.133333333333333,3.1860795454545454,67,170.0,6.0,30.0,32.5,15,37,17,7.148148148148148,3.430054374691053,118,212.5,3.0,15.0,57.5,232.02414772727272,124.0,1.8711624816715544,269.3336397058824,220.0,1.22424381684492,298.11268715524034,215.0,1.3865706379313505,253.3745404411765,176.0,1.4396280706885027,,176.0,
E:\N9_20251512_PKM2.lif,N9_20251512_PKM2,98,RWT9996/5/R1,N9_20251512_PKM2_S99_RWT9996_5_R1,30,29451,23679,23140,14293,2,22820,6524,14933,14293,27,139,42,13.333333333333334,1.2839646944550025,142,437.5,11.0,90.0,67.5,25,137,40,13.68235294117647,1.313872082973207,142,407.5,10.0,90.0,67.5,33,93,35,11.04109589041096,1.661862450150423,117,467.5,10.0,80.0,55.0,441.9048641542507,124.0,3.5637489044697634,663.5366339668915,220.0,3.016075608940416,264.53215704246867,215.0,1.230382125778924,264.59195911989525,176.0,1.503363404090314,274.45599232981783,176.0,1.5594090473285105
E:\N9_20251512_PKM2.lif,N9_20251512_PKM2,98,RWT9996/5/R1,N9_20251512_PKM2_S99_RWT9996_5_R1,32,8424,7797,7403,5871,1,9,7403,4317,5871,4,16,1,27.90909090909091,1.1074772348339106,70,137.5,5.0,40.0,32.5,7,19,3,22.571428571428573,1.123193300013508,71,172.5,8.0,50.0,32.5,12,42,11,11.310344827586206,1.3723386135241016,73,222.5,11.0,40.0,35.0,199.88888888888889,124.0,1.6120071684587811,696.2955558557342,220.0,3.164979799344246,270.09154929577466,215.0,1.2562397641663938,284.7887649095806,176.0,1.618117982440799,272.1852328273733,176.0,1.5465070047009846
E:\N9_20251512_PKM2.lif,N9_20251512_PKM2,98,RWT9996/5/R1,N9_20251512_PKM2_S99_RWT9996_5_R1,34,9463,8332,6960,7365,0,1878,6799,7151,7365,8,21,6,19.76923076923077,1.2327172347575612,91,212.5,7.0,40.0,42.5,11,46,13,9.310344827586206,1.1564655172413794,84,187.5,5.0,50.0,40.0,7,17,2,19.5,1.3788187372708758,89,222.5,13.0,70.0,42.5,221.24707135250267,124.0,1.7842505754234086,627.2478305633182,220.0,2.851126502560537,318.42036553524804,215.0,1.481024955977898,277.9975996159385,176.0,1.579531815999651,,176.0,
E:\N9_20251512_PKM2.lif,N9_20251512_PKM2,100,RWT9996/5/R4,N9_20251512_PKM2_S101_RWT9996_5_R4,1,46234,35165,33634,14683,1,31351,7404,25421,14683,18,177,50,15.544554455445544,1.3830228920801937,188,722.5,13.0,125.0,92.5,17,161,43,15.869565217391305,1.3533032050900875,190,642.5,12.0,125.0,92.5,21,80,25,12.783333333333331,2.6762923108356604,213,512.5,8.0,90.0,92.85714285714286,468.6979681668846,112.0,4.184803287204327,990.8641274986494,196.0,5.055429221931885,346.8215555758184,200.0,1.734107777879092,236.0363998293758,159.0,1.4845056593042505,356.4542943938139,159.0,2.2418509081371942
E:\N9_20251512_PKM2.lif,N9_20251512_PKM2,100,RWT9996/5/R4,N9_20251512_PKM2_S101_RWT9996_5_R4,2,74764,23149,9889,20686,1,9889,0,67759,20686,21,96,21,16.515151515151516,1.884271458810316,204,722.5,9.0,75.0,100.0,15,70,22,11.195652173913045,1.8399231469309332,112,402.5,13.0,85.0,52.5,23,108,22,15.44927536231884,1.9535434593444845,195,667.5,9.0,65.0,95.0,258.9842248963495,112.0,2.3123591508602632,222.3946606764871,196.0,1.134666636104526,549.473492840149,200.0,2.747367464200745,279.935461575014,159.0,1.760600387264239,278.00249066002493,159.0,1.7484433374844337
E:\N9_20251512_PKM2.lif,N9_20251512_PKM2,100,RWT9996/5/R4,N9_20251512_PKM2_S101_RWT9996_5_R4,3,6027,4212,443,3990,1,443,0,4600,3990,15,29,5,10.478260869565217,1.4195156695156694,109,172.5,4.0,40.0,52.5,3,3,1,7.666666666666667,1.0993227990970655,28,22.5,2.0,10.0,10.0,14,28,8,9.583333333333334,1.4511278195488722,105,172.5,6.0,45.0,50.0,239.85327313769756,112.0,2.141547081586585,223.3630104463438,196.0,1.139607196154815,277.9845132743363,200.0,1.3899225663716814,301.23361823361824,159.0,1.894551058073071,279.79777206512426,159.0,1.7597344155039265
E:\N9_20251512_PKM2.lif,N9_20251512_PKM2,100,RWT9996/5/R4,N9_20251512_PKM2_S101_RWT9996_5_R4,4,32458,26548,20310,19889,1,19496,3833,23452,19889,32,203,89,11.118110236220472,1.4383381045653156,220,527.5,9.0,85.0,107.5,27,123,28,14.061728395061728,1.472082717872969,167,572.5,11.0,80.0,80.0,36,122,59,11.329545454545457,1.875760470611896,246,572.5,9.0,70.0,117.02380952380952,346.75066680344685,112.0,3.095988096459347,409.013566397078,196.0,2.086803910189173,281.34928635857165,200.0,1.4067464317928582,307.40311887901163,159.0,1.9333529489246013,392.20532319391634,159.0,2.466700145873688
E:\N9_20251512_PKM2.lif,N9_20251512_PKM2,100,RWT9996/5/R4,N9_20251512_PKM2_S101_RWT9996_5_R4,5,11570,6458,0,6458,1,0,0,5204,6458,12,101,28,6.830769230769231,1.3628058222359865,92,225.0,13.0,50.0,42.5,0,0,0,0.0,,0,0.0,0.0,,,12,101,28,6.830769230769231,1.3628058222359865,92,225.0,13.0,50.0,42.5,129.65577578197585,112.0,1.157640855196213,230.03065964694952,196.0,1.1736258145252527,288.9555469655972,200.0,1.444777734827986,252.81433880458343,159.0,1.5900272880791413,248.60108429520807,159.0,1.5635288320453342
E:\N9_20251512_PKM2.lif,N9_20251512_PKM2,100,RWT9996/5/R4,N9_20251512_PKM2_S101_RWT9996_5_R4,6,25574,16891,7059,15641,1,7059,0,20099,15641,10,34,4,24.181818181818183,1.1387721271683144,118,282.5,7.0,55.0,55.0,14,55,11,11.083333333333334,1.8515370449072104,105,282.5,7.0,60.0,50.0,7,23,2,27.11764705882353,1.205933124480532,119,372.5,13.0,100.0,57.5,272.58946026349344,112.0,2.4338344666383342,231.3868924279202,196.0,1.180545369530205,315.8859680033829,200.0,1.5794298400169149,324.902847670357,159.0,2.043414136291553,311.545652173913,159.0,1.9594066174459936
E:\N9_20251512_PKM2.lif,N9_20251512_PKM2,100,RWT9996/5/R4,N9_20251512_PKM2_S101_RWT9996_5_R4,7,45409,24969,11824,18341,1,11824,0,39803,18341,41,164,34,12.135135135135137,1.7494893668148503,181,807.5,12.0,145.0,87.5,25,85,20,11.228070175438596,2.019029093369418,175,480.0,15.0,70.0,83.79310344827586,38,165,44,9.981308411214954,2.3409301564800176,277,802.5,10.0,250.0,135.0,281.2027232746956,112.0,2.510738600666925,229.7121230325604,196.0,1.1720006277171449,383.638675366464,200.0,1.9181933768323205,254.7110416916977,159.0,1.6019562370547027,261.0100502512563,159.0,1.6415726430896622
E:\N9_20251512_PKM2.lif,N9_20251512_PKM2,100,RWT9996/5/R4,N9_20251512_PKM2_S101_RWT9996_5_R4,8,29169,13536,108,13428,1,108,0,16273,13428,25,70,14,14.673469387755102,1.715130023640662,226,462.5,6.0,200.0,110.0,2,0,0,15.0,1.1666666666666667,20,12.5,2.0,10.0,7.5,23,70,14,14.666666666666666,1.678507596067918,129,447.5,15.0,80.0,62.5,217.55555555555557,112.0,1.9424603174603172,243.38563829787236,196.0,1.2417634607034302,283.96849302411533,200.0,1.4198424651205768,266.7930703309693,159.0,1.677943838559555,242.805236564079,159.0,1.527076959522509
E:\N9_20251512_PKM2.lif,N9_20251512_PKM2,100,RWT9996/5/R4,N9_20251512_PKM2_S101_RWT9996_5_R4,10,9743,5784,0,5784,1,0,0,555,5784,13,35,11,10.962962962962964,1.4036998616874137,73,177.5,7.0,45.0,32.5,0,0,0,0.0,,0,0.0,0.0,,,13,35,11,10.962962962962964,1.4036998616874137,73,177.5,7.0,45.0,32.5,138.1269017980636,112.0,1.2332759089112824,235.5911134163209,196.0,1.201995476613882,267.68791946308727,200.0,1.3384395973154364,275.74740663900417,159.0,1.7342604191132338,249.9768421052632,159.0,1.5721813968884475
E:\N9_20251512_PKM2.lif,N9_20251512_PKM2,100,RWT9996/5/R4,N9_20251512_PKM2_S101_RWT9996_5_R4,11,5812,5640,4621,4420,0,0,4621,2104,4420,5,13,5,10.75,1.0329787234042551,58,147.5,16.0,45.0,27.5,3,16,3,15.5,1.054750054100844,55,82.5,8.0,40.0,25.0,6,28,7,14.117647058823527,1.2782805429864252,62,157.5,8.0,45.0,27.5,131.21613475177304,112.0,1.1715726317122592,575.5078987232201,196.0,2.936264789404184,290.20428571428573,200.0,1.451021428571429,262.2608156028369,159.0,1.6494390918417414,,159.0,
E:\N9_20251512_PKM2.lif,N9_20251512_PKM2,100,RWT9996/5/R4,N9_20251512_PKM2_S101_RWT9996_5_R4,12,17108,7969,0,7969,1,0,0,5673,7969,11,45,4,15.838709677419354,1.5840130505709624,87,295.0,12.0,45.0,40.0,0,0,0,0.0,,0,0.0,0.0,,,11,45,4,15.838709677419354,1.5840130505709624,87,295.0,12.0,45.0,40.0,128.5875266658301,112.0,1.1481029166591974,219.10678880662567,196.0,1.1178917796256411,265.9355961705831,200.0,1.3296779808529156,260.9023716902999,159.0,1.6408954194358485,255.91546391752576,159.0,1.6095312196070803
E:\N9_20251512_PKM2.lif,N9_20251512_PKM2,100,RWT9996/5/R4,N9_20251512_PKM2_S101_RWT9996_5_R4,13,20841,10268,5030,7731,1,5030,0,736,7731,16,103,49,10.047619047619047,1.7036423841059605,116,430.0,11.0,35.0,55.0,14,32,4,12.041666666666666,2.196819085487077,149,257.5,5.0,95.0,80.83333333333333,13,86,46,9.941176470588236,1.9178631483637305,124,397.5,20.0,70.0,60.0,265.04771371769385,112.0,2.366497443907981,226.22808726139465,196.0,1.1542249350071154,279.28409090909093,200.0,1.3964204545454546,234.53252824308527,159.0,1.475047347440788,230.49085794655412,159.0,1.4496280373997117
E:\N9_20251512_PKM2.lif,N9_20251512_PKM2,100,RWT9996/5/R4,N9_20251512_PKM2_S101_RWT9996_5_R4,15,159607,93101,89053,44163,4,87984,12462,102240,44163,74,396,49,17.251908396946565,1.5152791054875887,277,1972.5,20.0,190.0,135.0,69,425,77,15.850694444444445,1.5453830864765925,277,2032.5,21.0,185.0,135.0,60,223,52,14.133333333333333,2.0719380476869778,415,1372.5,10.0,325.0,221.0810810810811,380.5677736861247,112.0,3.397926550768971,925.0548868560423,196.0,4.719667790081849,321.98197918514575,200.0,1.6099098959257288,248.3399211608898,159.0,1.5618862966093698,335.21635984057696,159.0,2.108278992708031
E:\N9_20251512_PKM2.lif,N9_20251512_PKM2,100,RWT9996/5/R4,N9_20251512_PKM2_S101_RWT9996_5_R4,16,12902,7710,0,7710,1,0,0,596,7710,17,75,27,9.470588235294118,1.6378728923476005,92,307.5,9.0,40.0,42.5,0,0,0,0.0,,0,0.0,0.0,,,17,75,27,9.470588235294118,1.6378728923476005,92,307.5,9.0,40.0,42.5,137.5076523994812,112.0,1.2277468964239393,224.69909208819715,196.0,1.1464239392254956,220.1875,200.0,1.1009375,281.23748378728925,159.0,1.7687892062093664,278.16821345707655,159.0,1.7494856192268966
E:\N9_20251512_PKM2.lif,N9_20251512_PKM2,100,RWT9996/5/R4,N9_20251512_PKM2_S101_RWT9996_5_R4,17,10576,4225,177,4218,1,177,0,1509,4218,26,36,7,9.875,2.010414201183432,86,227.5,11.0,45.0,40.0,2,0,0,8.0,1.0508474576271187,20,17.5,3.0,10.0,7.5,27,39,8,9.470588235294118,2.0137505926979613,86,232.5,11.0,45.0,40.0,298.93220338983053,112.0,2.669037530266344,238.1084023668639,196.0,1.2148387875860405,267.32127476313525,200.0,1.3366063738156762,235.18579881656805,159.0,1.4791559673997992,219.94124897288413,159.0,1.3832782954269445
E:\N9_20251512_PKM2.lif,N9_20251512_PKM2,100,RWT9996/5/R4,N9_20251512_PKM2_S101_RWT9996_5_R4,18,12225,9943,8272,6819,0,0,8272,3196,6819,12,34,8,14.96,1.226591571960173,101,172.5,7.0,65.0,41.0,23,41,11,8.952380952380953,1.3919245647969052,110,237.5,12.0,50.0,41.66666666666666,9,32,6,15.55,1.2625018331133595,72,162.5,7.0,60.0,32.5,125.02976968721714,112.0,1.116337229350153,914.9089700193424,196.0,4.667902908261951,294.235485975212,200.0,1.47117742987606,307.3142914613296,159.0,1.932794285920312,,159.0,
E:\N9_20251512_PKM2.lif,N9_20251512_PKM2,100,RWT9996/5/R4,N9_20251512_PKM2_S101_RWT9996_5_R4,19,12075,10934,10030,6658,0,0,10030,62,6658,13,49,12,12.882352941176473,1.1081031644411925,85,222.5,13.0,60.0,40.0,11,45,11,11.580645161290322,1.1366899302093718,86,227.5,21.0,60.0,40.0,17,91,39,8.10909090909091,1.6242114749173926,82,262.5,13.0,55.0,37.5,118.46707517834278,112.0,1.0577417426637747,1076.2172482552344,196.0,5.490904327832829,237.08064516129036,200.0,1.1854032258064515,241.54179623193707,159.0,1.519130793911554,,159.0,
E:\N9_20251512_PKM2.lif,N9_20251512_PKM2,100,RWT9996/5/R4,N9_20251512_PKM2_S101_RWT9996_5_R4,21,39856,15231,11171,13856,1,0,11171,891,13856,19,61,9,13.62,1.6711969010570549,144,372.5,9.0,50.0,70.0,19,118,22,9.070422535211268,1.4273565482051742,153,332.5,12.0,90.0,72.5,17,50,9,14.8,1.7815386836027711,136,417.5,8.0,55.0,65.0,121.1664368721686,112.0,1.0818431863586482,408.9759197923194,196.0,2.086611835675099,268.9166666666667,200.0,1.3445833333333337,247.43326111220537,159.0,1.556184032152235,261.9842300556586,159.0,1.6476995600984818
E:\N9_20251512_PKM2.lif,N9_20251512_PKM2,100,RWT9996/5/R4,N9_20251512_PKM2_S101_RWT9996_5_R4,22,54941,33947,32686,15542,1,0,32686,0,15542,59,330,91,10.05607476635514,1.4785400771791322,159,972.5,15.0,65.0,77.5,60,380,98,9.3109243697479,1.516490240469926,157,1012.5,16.0,100.0,75.0,37,106,23,9.571428571428571,2.624308325826792,257,597.5,7.0,170.0,131.52173913043478,120.1931245765458,112.0,1.0731528980048732,614.4671113014747,196.0,3.135036282150381,197.60930273661884,200.0,0.9880465136830944,242.6460953839809,159.0,1.5260760715973642,309.4881223560039,159.0,1.946466178339647
E:\N9_20251512_PKM2.lif,N9_20251512_PKM2,100,RWT9996/5/R4,N9_20251512_PKM2_S101_RWT9996_5_R4,23,13757,3734,0,3734,1,0,0,0,3734,14,8,1,13.23076923076923,1.5854311730048205,78,202.5,8.0,30.0,37.5,0,0,0,0.0,,0,0.0,0.0,,,14,8,1,13.23076923076923,1.5854311730048205,78,202.5,8.0,30.0,37.5,124.27129084092128,112.0,1.10956509679394,235.97054097482592,196.0,1.203931331504214,189.7495982860204,200.0,0.9487479914301018,227.42313872522763,159.0,1.4303342058190418,206.2346368715084,159.0,1.297073187871122
E:\N9_20251512_PKM2.lif,N9_20251512_PKM2,102,RWT9996/5/R15,N9_20251512_PKM2_S103_RWT9996_5_R15,1,4572,2817,2817,546,0,0,2817,0,546,2,0,0,48.0,1.1490947816826411,54,127.5,5.0,45.0,25.0,2,0,0,48.0,1.1490947816826411,54,127.5,5.0,45.0,25.0,4,0,0,8.5,1.9267399267399268,59,57.5,5.0,15.0,28.571428571428573,107.24103656372029,105.0,1.0213432053687646,596.9669861554845,183.0,3.2621146784452706,202.16932907348243,188.0,1.0753687716674598,160.2680156194533,146.0,1.0977261343798173,,146.0,
E:\N9_20251512_PKM2.lif,N9_20251512_PKM2,104,RWT9996/5/R14,N9_20251512_PKM2_S105_RWT9996_5_R14,1,5050,5050,5039,4980,0,613,5039,0,4980,3,3,0,21.666666666666668,1.0364356435643565,60,102.5,9.0,45.0,27.5,1,7,0,28.0,1.0386981543957134,60,102.5,9.0,45.0,27.5,3,3,0,27.33333333333333,1.045983935742972,61,112.5,6.0,40.0,27.5,216.8694942903752,151.0,1.436221816492551,1514.495534828339,213.0,7.110307675250418,199.0221782178218,210.0,0.9477246581801038,371.6605940594059,192.0,1.9357322607260723,,192.0,
E:\N9_20251512_PKM2.lif,N9_20251512_PKM2,104,RWT9996/5/R14,N9_20251512_PKM2_S105_RWT9996_5_R14,2,21216,15903,80,15902,0,80,0,20710,15902,7,51,16,14.5625,1.2334150789159275,120,277.5,11.0,65.0,57.5,2,0,0,13.0,1.2125,18,2.5,1.0,5.0,5.0,7,51,16,14.59375,1.2334926424349135,120,277.5,11.0,65.0,57.5,230.3375,151.0,1.5254139072847683,246.25416588065144,213.0,1.1561228445101006,498.46526126357736,210.0,2.37364410125513,377.55756775451175,192.0,1.966445665388082,,192.0,
E:\N9_20251512_PKM2.lif,N9_20251512_PKM2,104,RWT9996/5/R14,N9_20251512_PKM2_S105_RWT9996_5_R14,3,32636,29121,28070,19634,1,28070,0,13249,19634,23,135,34,12.411111111111111,1.240754094983002,143,442.5,11.0,95.0,67.5,36,197,43,10.882352941176473,1.2816886355539725,145,497.5,11.0,105.0,70.0,16,55,15,14.16279069767442,1.5098298869308342,231,382.5,5.0,10.0,117.02380952380952,549.419665122907,151.0,3.638540828628523,224.70375330517496,213.0,1.054947198615845,288.82280882004267,210.0,1.3753467086668698,313.29796366883005,192.0,1.6317602274418233,344.4108289996941,192.0,1.7938064010400734
E:\N9_20251512_PKM2.lif,N9_20251512_PKM2,104,RWT9996/5/R14,N9_20251512_PKM2_S105_RWT9996_5_R14,4,18579,12618,8708,12386,2,932,8669,11698,12386,7,14,1,29.545454545454547,1.3281819622761135,107,272.5,10.0,65.0,50.0,13,92,28,10.09433962264151,1.311437758383096,95,227.5,6.0,35.0,45.0,9,21,2,19.444444444444443,1.346439528499919,107,252.5,9.0,50.0,50.0,212.637339055794,151.0,1.4081942983827418,454.8435805744607,213.0,2.1354158712416,269.85280816921954,210.0,1.2850133722343788,351.1844983357109,192.0,1.8290859288318275,367.7286205026216,192.0,1.9152532317844877
E:\N9_20251512_PKM2.lif,N9_20251512_PKM2,104,RWT9996/5/R14,N9_20251512_PKM2_S105_RWT9996_5_R14,5,32386,26819,26102,20506,0,25691,1238,27082,20506,21,89,23,20.0,1.4443864424475186,179,652.5,12.0,80.0,87.5,21,85,20,19.91379310344828,1.4809976247030878,182,607.5,12.0,70.0,87.5,24,68,14,15.64406779661017,1.8351701940895349,199,622.5,7.0,75.0,97.5,562.9055700439843,151.0,3.727851457244929,452.13489499192247,213.0,2.122699037520763,391.45570567266645,210.0,1.8640747889174596,311.6421566799657,192.0,1.6231362327081549,,192.0,
E:\N9_20251512_PKM2.lif,N9_20251512_PKM2,104,RWT9996/5/R14,N9_20251512_PKM2_S105_RWT9996_5_R14,6,23527,23527,21292,23527,1,21143,2495,22844,23527,3,3,0,79.33333333333333,1.0597186211586689,115,297.5,25.0,90.0,55.0,14,56,11,18.88636363636364,1.151183543114785,115,397.5,19.0,90.0,55.0,3,3,0,79.33333333333333,1.0597186211586689,115,297.5,25.0,90.0,55.0,564.6508537104479,151.0,3.739409627221509,380.23446893787576,213.0,1.7851383518210129,422.0145333566801,210.0,2.009593015984191,548.3954180303481,192.0,2.8562261355747296,713.1487964989059,192.0,3.714316648431801
E:\N9_20251512_PKM2.lif,N9_20251512_PKM2,104,RWT9996/5/R14,N9_20251512_PKM2_S105_RWT9996_5_R14,7,22886,22842,21463,22783,2,21382,11367,22867,22783,9,19,3,28.933333333333334,1.042421854478592,118,352.5,19.0,85.0,55.0,20,80,18,14.854545454545455,1.104878162419047,117,382.5,21.0,90.0,55.0,6,10,1,36.77777777777778,1.044419084405039,118,352.5,19.0,85.0,55.0,532.2519408848564,151.0,3.524847290628188,763.8975103369403,213.0,3.586373287966856,368.75345046663455,210.0,1.7559688117458787,416.3140705717538,192.0,2.168302450894551,454.63073545554334,192.0,2.367868413830955
E:\N9_20251512_PKM2.lif,N9_20251512_PKM2,104,RWT9996/5/R14,N9_20251512_PKM2_S105_RWT9996_5_R14,8,34981,32299,31313,24459,1,31072,2554,30658,24459,23,98,17,18.104477611940297,1.280442118951051,161,527.5,7.0,105.0,77.5,27,152,27,15.45744680851064,1.3207613451282214,160,622.5,11.0,140.0,77.5,14,36,6,23.73333333333333,1.6356351445275767,172,482.5,7.0,120.0,82.5,527.8228952111225,151.0,3.4955158623253144,396.2490211433046,213.0,1.8603240429263128,333.8614464010942,210.0,1.589816411433782,320.0367813244992,192.0,1.6668582360651,363.8745632424878,192.0,1.8951800168879571
E:\N9_20251512_PKM2.lif,N9_20251512_PKM2,104,RWT9996/5/R14,N9_20251512_PKM2_S105_RWT9996_5_R14,9,20180,15077,9720,13484,1,3633,7262,20025,13484,15,77,27,13.796296296296296,1.4343702328049346,126,477.5,14.0,100.0,60.0,11,44,13,15.096774193548388,1.563168724279835,105,352.5,7.0,35.0,50.0,18,52,11,14.88888888888889,1.6026401661228122,131,452.5,9.0,40.0,62.5,265.654004954583,151.0,1.759298046056841,439.0519140732581,213.0,2.0612765918932303,486.09820471597,210.0,2.3147533557903333,304.20959076739405,192.0,1.5844249519135107,304.3428711176327,192.0,1.585119120404337
E:\N9_20251512_PKM2.lif,N9_20251512_PKM2,104,RWT9996/5/R14,N9_20251512_PKM2_S105_RWT9996_5_R14,10,51320,48995,47626,42842,3,45680,18126,50908,42842,18,114,31,15.948051948051948,1.2886825186243491,207,522.5,10.0,135.0,100.0,29,144,30,16.68686868686869,1.3256624532818209,207,562.5,8.0,115.0,100.0,26,112,35,15.69620253164557,1.470916390457962,216,752.5,16.0,135.0,105.0,756.1199430823117,151.0,5.007416841604713,676.9019640295708,213.0,3.1779434930965764,438.43486404709466,210.0,2.087785066890927,353.4718032452291,192.0,1.8409989752355684,381.06602521566026,192.0,1.984718881331564
E:\N9_20251512_PKM2.lif,N9_20251512_PKM2,104,RWT9996/5/R14,N9_20251512_PKM2_S105_RWT9996_5_R14,11,23135,21082,20388,14997,1,11249,15157,20013,14997,14,88,22,13.862745098039216,1.1193909496252727,129,367.5,13.0,75.0,62.5,16,96,23,14.7,1.1519030802432804,129,377.5,13.0,75.0,62.5,12,57,11,16.526315789473685,1.4517570180702808,121,387.5,11.0,60.0,57.5,375.9733309627522,151.0,2.489889609024849,1019.869037408458,213.0,4.788117546518583,304.6216862233811,210.0,1.4505794582065767,299.00284602978843,192.0,1.5573064897384814,295.2076709563462,192.0,1.5375399528976363
E:\N9_20251512_PKM2.lif,N9_20251512_PKM2,104,RWT9996/5/R14,N9_20251512_PKM2_S105_RWT9996_5_R14,12,12770,12706,11287,12573,1,9669,9273,12752,12573,3,3,0,46.0,1.0502124980324257,95,152.5,8.0,70.0,45.0,9,35,8,16.08,1.1630194028528396,93,222.5,10.0,70.0,42.5,3,3,0,50.0,1.0562316074127098,93,202.5,16.0,70.0,42.5,355.9140552280484,151.0,2.357046723364559,817.4872209640893,213.0,3.837968173540325,441.0383827238336,210.0,2.100182774875398,364.6033370061388,192.0,1.89897571357364,361.89029850746266,192.0,1.884845304726368
E:\N9_20251512_PKM2.lif,N9_20251512_PKM2,104,RWT9996/5/R14,N9_20251512_PKM2_S105_RWT9996_5_R14,13,18197,13560,13401,9648,1,13399,109,14157,9648,14,42,16,17.166666666666668,1.3536873156342182,115,287.5,8.0,70.0,55.0,14,36,14,17.96153846153846,1.358704574285501,116,282.5,9.0,80.0,55.0,7,29,9,21.789473684210527,1.6018864013266998,110,327.5,8.0,70.0,52.5,493.64109261885216,151.0,3.26914630873412,353.20183486238534,213.0,1.6582245768187105,327.09929335024464,210.0,1.5576156826202123,296.9503687315634,192.0,1.546616503810226,303.76832942751923,192.0,1.5821267157683294
E:\N9_20251512_PKM2.lif,N9_20251512_PKM2,104,RWT9996/5/R14,N9_20251512_PKM2_S105_RWT9996_5_R14,14,36486,33871,30213,29060,1,30213,0,35464,29060,15,73,15,19.88888888888889,1.2283074016119984,166,437.5,11.0,115.0,80.0,29,166,34,13.528846153846152,1.3434614238903784,163,552.5,9.0,75.0,80.0,20,79,14,15.224137931034482,1.3922918100481765,165,497.5,10.0,85.0,80.0,476.7582828583722,151.0,3.157339621578624,258.6075994213339,213.0,1.214120185076685,385.1180278281912,210.0,1.833895370610434,340.39960438132914,192.0,1.772914606152756,387.2724520686176,192.0,2.017044021190717
E:\N9_20251512_PKM2.lif,N9_20251512_PKM2,104,RWT9996/5/R14,N9_20251512_PKM2_S105_RWT9996_5_R14,15,23022,18129,15720,12302,0,15304,4140,22819,12302,18,76,21,15.132075471698114,1.3997462628937063,143,397.5,7.0,55.0,67.5,19,60,24,16.066666666666666,1.592175572519084,138,462.5,8.0,55.0,65.0,13,69,13,14.934782608695652,1.559421232319948,108,325.0,6.0,50.0,55.0,308.6953084161004,151.0,2.0443397908351018,495.22971014492754,213.0,2.3250221133564675,467.3324779649671,210.0,2.225392752214129,272.7595013514259,192.0,1.42062240287201,,192.0,
E:\N9_20251512_PKM2.lif,N9_20251512_PKM2,104,RWT9996/5/R14,N9_20251512_PKM2_S105_RWT9996_5_R14,16,27492,27049,26419,25476,1,25541,6960,27274,25476,7,61,11,19.714285714285715,1.156493770564531,148,372.5,7.0,125.0,70.0,12,99,16,17.763636363636362,1.179416329157046,149,467.5,12.0,70.0,72.5,10,39,5,22.96296296296296,1.2279007693515465,153,482.5,9.0,70.0,72.5,602.8630828863396,151.0,3.992470747591653,1192.423275862069,213.0,5.598231342075441,417.1089127356733,210.0,1.9862329177889204,380.8655033457799,192.0,1.9836744965926036,409.5690996665432,192.0,2.133172394096579
E:\N9_20251512_PKM2.lif,N9_20251512_PKM2,104,RWT9996/5/R14,N9_20251512_PKM2_S105_RWT9996_5_R14,17,11808,11050,9363,9930,0,9363,0,11219,9930,3,24,6,22.5,1.053212669683258,92,182.5,9.0,65.0,42.5,10,44,10,17.25,1.2086937947239134,91,217.5,10.0,65.0,42.5,8,21,4,19.9375,1.169989929506546,94,257.5,16.0,55.0,45.0,361.7537114172808,151.0,2.3957199431608,422.8161990950226,213.0,1.9850525779109045,353.9316503038803,210.0,1.6853888109708586,335.8360180995475,192.0,1.74914592760181,,192.0,
E:\N9_20251512_PKM2.lif,N9_20251512_PKM2,104,RWT9996/5/R14,N9_20251512_PKM2_S105_RWT9996_5_R14,18,68071,54855,51403,40497,3,51403,0,65604,40497,44,215,39,16.4,1.3027800565126242,195,822.5,18.0,125.0,95.0,48,290,49,14.292134831460674,1.3629943777600528,189,1067.5,23.0,130.0,92.5,66,283,58,10.715789473684213,1.709435266809887,203,1072.5,16.0,110.0,100.0,403.9670252708986,151.0,2.675278313052309,242.3757360313554,213.0,1.137914253668335,479.8110835494419,210.0,2.284814683568771,296.4916780603409,192.0,1.544227489897609,338.52629203340103,192.0,1.763157771007297
E:\N9_20251512_PKM2.lif,N9_20251512_PKM2,104,RWT9996/5/R14,N9_20251512_PKM2_S105_RWT9996_5_R14,19,6474,6338,6157,5415,0,3406,5488,6408,5415,4,4,1,25.6,1.0957715367623857,80,177.5,10.0,40.0,37.5,9,18,14,9.714285714285714,1.127659574468085,81,172.5,9.0,40.0,37.5,10,22,3,16.176470588235293,1.2413665743305633,77,187.5,13.0,40.0,35.0,295.7533763945977,151.0,1.958631631752303,1109.5940233236151,213.0,5.209361611847958,367.9610969387755,210.0,1.752195699708455,326.1508362259388,192.0,1.698702272010098,,192.0,
E:\N9_20251512_PKM2.lif,N9_20251512_PKM2,104,RWT9996/5/R14,N9_20251512_PKM2_S105_RWT9996_5_R14,20,8983,8764,8653,3706,0,2328,8580,2264,3706,5,11,2,25.0,1.0392514833409403,74,147.5,12.0,55.0,35.0,4,16,4,20.09090909090909,1.0465734427366231,74,152.5,10.0,55.0,35.0,8,21,15,12.473684210526317,2.09066378845116,117,212.5,5.0,10.0,58.42105263157895,243.30798969072168,151.0,1.6113111900047792,1369.241724941725,213.0,6.428364905829694,270.82487425697303,210.0,1.2896422583665383,245.18621633957096,192.0,1.2770115434352654,,192.0,
E:\N9_20251512_PKM2.lif,N9_20251512_PKM2,104,RWT9996/5/R14,N9_20251512_PKM2_S105_RWT9996_5_R14,21,6652,6416,6251,5156,0,5111,3923,2423,5156,8,22,6,13.0,1.083073566084788,61,212.5,20.0,50.0,27.5,9,37,16,12.275862068965518,1.110862262038074,62,227.5,18.0,45.0,27.5,12,57,18,7.73170731707317,1.2501939487975176,61,142.5,10.0,40.0,27.5,328.42516141655256,151.0,2.175001068983792,470.0662758093296,213.0,2.206883923987463,296.80025553662693,210.0,1.413334550174414,269.65321072319205,192.0,1.4044438058499586,,192.0,
E:\N9_20251512_PKM2.lif,N9_20251512_PKM2,104,RWT9996/5/R14,N9_20251512_PKM2_S105_RWT9996_5_R14,22,9429,8369,8014,3754,0,4588,7570,9020,3754,7,35,7,14.0,1.1102879674991035,74,182.5,12.0,50.0,35.0,6,24,4,14.6,1.1472423259296232,74,167.5,7.0,50.0,35.0,9,30,13,8.541666666666666,1.4038359083644112,66,222.5,10.0,45.0,30.0,306.40518744551,151.0,2.029173426791457,730.3630118890356,213.0,3.4289343281175384,349.80218969122893,210.0,1.6657247128153758,266.0309475445095,192.0,1.3855778517943202,,192.0,
E:\N9_20251512_PKM2.lif,N9_20251512_PKM2,104,RWT9996/5/R14,N9_20251512_PKM2_S105_RWT9996_5_R14,23,16282,15061,14883,11295,1,14734,715,13147,11295,8,100,22,11.333333333333334,1.0872452028417767,105,247.5,9.0,55.0,50.0,10,138,30,11.726190476190476,1.100248605791843,105,272.5,11.0,55.0,50.0,7,22,11,15.61111111111111,1.191412129260735,113,247.5,8.0,60.0,52.5,670.3336500610832,151.0,4.439295695768763,421.7650349650349,213.0,1.9801175350471123,307.77949438202245,210.0,1.4656166399143926,341.9008697961623,192.0,1.7807336968550118,405.6537129665256,192.0,2.1127797550339875
E:\N9_20251512_PKM2.lif,N9_20251512_PKM2,104,RWT9996/5/R14,N9_20251512_PKM2_S105_RWT9996_5_R14,24,30538,28921,27754,22419,2,27754,0,30308,22419,20,114,33,16.04,1.1432177310604752,144,397.5,9.0,95.0,70.0,25,157,42,13.69,1.1900266628233769,142,402.5,10.0,90.0,67.5,27,108,28,12.276315789473683,1.4335608189482136,143,567.5,11.0,80.0,67.5,460.7911292066008,151.0,3.05159688216292,264.9297050586079,213.0,1.243801432200037,422.21135888501743,210.0,2.010530280404845,319.97838940562224,192.0,1.666554111487616,358.79252088078965,192.0,1.8687110462541128
E:\N9_20251512_PKM2.lif,N9_20251512_PKM2,104,RWT9996/5/R14,N9_20251512_PKM2_S105_RWT9996_5_R14,25,19033,16101,14810,11634,0,14777,270,16911,11634,12,74,16,14.478260869565217,1.2147692689895038,120,337.5,11.0,80.0,57.5,27,102,18,12.161764705882351,1.3153274814314653,172,390.0,7.0,130.0,82.5,21,104,46,9.279411764705882,1.5724600309437855,124,425.0,13.0,80.0,60.0,383.3908777153685,151.0,2.539012435201116,378.962962962963,213.0,1.779168840201704,369.3048433048433,210.0,1.7585944919278254,292.86485311471336,192.0,1.525337776639132,,192.0,
E:\N9_20251512_PKM2.lif,N9_20251512_PKM2,104,RWT9996/5/R14,N9_20251512_PKM2_S105_RWT9996_5_R14,27,19886,15426,15345,10054,1,14550,3332,6182,10054,11,21,2,26.444444444444443,1.2965772073123298,132,362.5,8.0,35.0,62.5,11,21,1,26.38888888888889,1.3027696318018898,133,372.5,14.0,60.0,65.0,21,63,22,12.041666666666666,1.9035209866719716,148,392.5,8.0,45.0,68.26923076923077,414.5,151.0,2.7450331125827816,475.1785714285714,213.0,2.2308853118712277,265.5375494071146,210.0,1.2644645209862602,266.3737845196422,192.0,1.3873634610398031,309.5074356184258,192.0,1.6120178938459675
E:\N9_20251512_PKM2.lif,N9_20251512_PKM2,104,RWT9996/5/R14,N9_20251512_PKM2_S105_RWT9996_5_R14,28,2693,2505,2295,1774,0,2295,0,1965,1774,3,3,0,14.0,1.078243512974052,47,47.5,3.0,30.0,20.0,3,3,0,24.0,1.163834422657952,47,62.5,5.0,30.0,20.0,4,10,1,13.25,1.2683201803833146,45,72.5,5.0,25.0,20.0,336.0470588235294,151.0,2.2254772107518503,250.4754491017964,213.0,1.1759410755952884,324.4574811625404,210.0,1.5450356245835255,242.5584830339321,192.0,1.2633254324683965,,192.0,
E:\N9_20251512_PKM2.lif,N9_20251512_PKM2,104,RWT9996/5/R14,N9_20251512_PKM2_S105_RWT9996_5_R14,29,16369,14024,13456,10345,1,13456,246,15051,10345,17,85,22,12.203703703703704,1.3031232173417,117,347.5,17.0,75.0,55.0,18,62,9,13.886363636363637,1.301947086801427,116,347.5,11.0,75.0,55.0,18,89,19,12.04,1.7015949734171096,123,390.0,10.0,75.0,60.0,401.45436979785967,151.0,2.658638210581852,373.1138211382114,213.0,1.7517080804610865,352.64266873545387,210.0,1.6792508035021614,297.36950941243583,192.0,1.54879952818977,293.6142761394102,192.0,1.529241021559428
E:\N9_20251512_PKM2.lif,N9_20251512_PKM2,104,RWT9996/5/R14,N9_20251512_PKM2_S105_RWT9996_5_R14,30,18690,17277,15468,14224,1,15468,359,18197,14224,8,42,7,19.714285714285715,1.1226486079759217,113,277.5,7.0,65.0,55.0,13,68,25,15.645833333333334,1.2427592448926816,116,332.5,9.0,70.0,55.0,14,73,10,13.369565217391305,1.328810461192351,112,372.5,9.0,60.0,52.5,366.7283423842772,151.0,2.428664519101173,369.3064066852368,213.0,1.7338328952358533,374.3983565559128,210.0,1.7828493169329185,312.9110377959136,192.0,1.6297449885203834,312.4829650092081,192.0,1.627515442756292
E:\N9_20251512_PKM2.lif,N9_20251512_PKM2,104,RWT9996/5/R14,N9_20251512_PKM2_S105_RWT9996_5_R14,31,16109,13069,12800,269,0,2364,11830,14533,269,14,41,7,15.285714285714286,1.265513811309205,199,307.5,8.0,10.0,101.94444444444444,12,41,7,15.22222222222222,1.145859375,97,237.5,10.0,70.0,45.0,2,0,0,17.0,1.0520446096654277,23,42.5,8.0,10.0,7.5,255.5507614213198,151.0,1.6923891484855615,951.9628064243448,213.0,4.469308950349037,387.8296352971181,210.0,1.8468077871291335,198.2244242099625,192.0,1.0324188760935546,,192.0,
E:\N9_20251512_PKM2.lif,N9_20251512_PKM2,104,RWT9996/5/R14,N9_20251512_PKM2_S105_RWT9996_5_R14,32,23167,19187,18741,14512,1,18741,0,9706,14512,16,83,18,16.61111111111111,1.2358888830979309,119,412.5,12.0,75.0,57.5,18,73,16,16.49056603773585,1.2638599861266742,121,477.5,17.0,85.0,57.5,24,68,10,15.021739130434783,1.5406560088202867,116,507.5,17.0,65.0,55.0,557.9381036230724,151.0,3.694954328629618,257.7160056288112,213.0,1.209934298726813,304.6601299737772,210.0,1.4507625236846533,334.3072913952155,192.0,1.7411838093500809,371.5520115984052,192.0,1.9351667270750272
E:\N9_20251512_PKM2.lif,N9_20251512_PKM2,104,RWT9996/5/R14,N9_20251512_PKM2_S105_RWT9996_5_R14,33,15582,14581,13888,12963,1,13888,0,15305,12963,12,16,4,23.0,1.108565941979288,107,212.5,8.0,65.0,50.0,14,46,9,17.848484848484848,1.1575460829493087,107,257.5,10.0,65.0,50.0,11,25,4,19.3,1.240530741340739,112,282.5,11.0,65.0,52.5,478.5114487327189,151.0,3.16894999160741,287.40072697345863,213.0,1.3492991876688198,365.53681002839534,210.0,1.7406514763256922,348.57705232837253,192.0,1.81550548087694,338.7084375,192.0,1.7641064453125
E:\N9_20251512_PKM2.lif,N9_20251512_PKM2,104,RWT9996/5/R14,N9_20251512_PKM2_S105_RWT9996_5_R14,34,9819,6106,5223,3793,0,5223,0,8915,3793,4,24,7,22.23076923076923,1.3671798231247954,86,222.5,9.0,40.0,40.0,10,23,1,15.823529411764708,1.5701704001531689,82,217.5,7.0,35.0,37.5,10,53,15,7.857142857142857,1.3522277880305826,69,162.5,6.0,30.0,32.5,297.7114685046908,151.0,1.9715991291701376,269.3722567965935,213.0,1.264658482613115,375.70849717900495,210.0,1.7890880818047854,232.8172289551261,192.0,1.2125897341412817,,192.0,
E:\N9_20251512_PKM2.lif,N9_20251512_PKM2,104,RWT9996/5/R14,N9_20251512_PKM2_S105_RWT9996_5_R14,35,36326,36102,36003,18999,1,3045,35246,22213,18999,6,12,2,51.333333333333336,1.113123926652263,154,337.5,8.0,100.0,75.0,9,27,5,28.944444444444443,1.116184762380913,154,337.5,8.0,100.0,75.0,43,154,46,10.422018348623851,1.99605242381178,274,715.0,6.0,130.0,137.30769230769232,271.7727422003284,151.0,1.799819484770387,1683.7392611927594,213.0,7.904879160529386,308.33316658329164,210.0,1.4682531742061506,262.70176167525347,192.0,1.3682383420586115,282.35501923749564,192.0,1.470599058528623
E:\N9_20251512_PKM2.lif,N9_20251512_PKM2,104,RWT9996/5/R14,N9_20251512_PKM2_S105_RWT9996_5_R14,36,16714,13033,12723,10243,2,12723,0,3105,10243,15,45,11,14.823529411764708,1.2889587969001766,100,327.5,13.0,75.0,47.5,7,33,6,18.83333333333333,1.3149414446278394,102,252.5,7.0,70.0,47.5,20,95,35,8.636363636363637,1.4872595919164306,98,322.5,11.0,65.0,47.5,387.787707301737,151.0,2.568130511932033,213.4714187063608,213.0,1.002213233363196,267.2578785549577,210.0,1.2726565645474175,287.89587969001764,192.0,1.499457706718842,284.53016101898584,192.0,1.4819279219738846
E:\N9_20251512_PKM2.lif,N9_20251512_PKM2,104,RWT9996/5/R14,N9_20251512_PKM2_S105_RWT9996_5_R14,37,18878,18658,18532,14856,3,4408,18080,5638,14856,10,20,3,25.294117647058822,1.049522992818094,101,227.5,11.0,70.0,47.5,9,41,2,18.88888888888889,1.0513706022015972,102,257.5,16.0,85.0,47.5,15,37,11,19.71875,1.3078217555196554,104,387.5,13.0,90.0,50.0,262.45553539019966,151.0,1.7381161284119182,1062.9683628318585,213.0,4.990461797332669,302.6252923187624,210.0,1.4410728205655352,325.9117268731911,192.0,1.6974569107978703,330.23426418439715,192.0,1.719970125960402
E:\N9_20251512_PKM2.lif,N9_20251512_PKM2,104,RWT9996/5/R14,N9_20251512_PKM2_S105_RWT9996_5_R14,38,6295,6187,6019,4322,1,2386,5848,4687,4322,3,9,2,25.666666666666668,1.0358816874090837,71,132.5,10.0,40.0,32.5,4,6,1,26.6,1.057152350888852,71,152.5,10.0,40.0,32.5,7,7,0,21.25,1.2836649699213327,65,152.5,10.0,45.0,30.0,241.33780385582563,151.0,1.5982636016942096,1035.141586867305,213.0,4.859819656654015,329.6194384449244,210.0,1.569616373547259,281.2482624858574,192.0,1.464834700447174,253.6052303860523,192.0,1.320860574927356
E:\N9_20251512_PKM2.lif,N9_20251512_PKM2,104,RWT9996/5/R14,N9_20251512_PKM2_S105_RWT9996_5_R14,39,9718,9718,9718,3419,1,824,9718,4584,3419,3,3,1,38.333333333333336,1.0325169788022226,75,197.5,16.0,60.0,35.0,3,3,1,38.333333333333336,1.0325169788022226,75,197.5,16.0,60.0,35.0,7,23,4,14.5625,1.9455981281076336,118,175.0,4.0,30.0,63.42105263157895,226.1395631067961,151.0,1.497613000707259,1798.052994443301,213.0,8.441563354193901,264.7054973821989,210.0,1.2605023684866616,219.27793784729369,192.0,1.142072592954655,229.587974034848,192.0,1.1957706980981666
E:\N9_20251512_PKM2.lif,N9_20251512_PKM2,104,RWT9996/5/R14,N9_20251512_PKM2_S105_RWT9996_5_R14,40,6663,4078,4078,0,0,0,4078,5046,0,3,15,3,13.272727272727272,1.0313879352623836,56,122.5,12.0,35.0,25.0,3,15,3,13.272727272727272,1.0313879352623836,56,122.5,12.0,35.0,25.0,0,0,0,0.0,,0,0.0,0.0,,,195.88867091711623,151.0,1.297275966338518,686.1505640019617,213.0,3.221364150243952,275.4375446109922,210.0,1.311607355290439,174.61378126532614,192.0,0.9094467774235736,,192.0,
E:\N9_20251512_PKM2.lif,N9_20251512_PKM2,106,RWT9996/6/R2,N9_20251512_PKM2_S107_RWT9996_6_R2,1,31097,24431,24394,9654,1,24394,0,23158,9654,24,144,24,12.580645161290322,1.2851704801277066,134,452.5,10.0,90.0,65.0,24,152,29,12.577319587628866,1.2871197835533328,134,457.5,10.0,90.0,65.0,10,33,7,19.88,1.9667495338719705,121,392.5,9.0,85.0,57.5,401.6698778388128,124.0,3.239273208377522,287.05836846629285,198.0,1.4497897397287518,371.1218049034951,199.0,1.8649336929823872,224.9123245057509,170.0,1.3230136735632405,272.9934361667214,170.0,1.6058437421571845
E:\N9_20251512_PKM2.lif,N9_20251512_PKM2,106,RWT9996/6/R2,N9_20251512_PKM2_S107_RWT9996_6_R2,2,125492,81084,76978,49617,3,76823,6573,82610,49617,76,329,94,15.076595744680851,2.001948596517192,308,1912.5,18.0,145.0,152.5,82,341,92,14.567901234567902,2.0949621969913483,295,2007.5,17.0,125.0,145.0,47,163,43,16.93913043478261,2.307414797347683,280,1287.5,15.0,125.0,137.5,542.5056688752067,124.0,4.375045716735538,678.4504792332268,198.0,3.426517571884984,369.5003195500735,199.0,1.8567855253772536,310.56500665976023,170.0,1.8268529803515308,479.8857178309964,170.0,2.8228571637117432
E:\N9_20251512_PKM2.lif,N9_20251512_PKM2,106,RWT9996/6/R2,N9_20251512_PKM2_S107_RWT9996_6_R2,3,182978,142341,132450,96273,5,132450,0,171167,96273,115,760,160,13.278825995807129,1.4069312425794396,315,2447.5,25.0,205.0,155.0,128,748,148,13.641949152542374,1.5081842204605511,317,2647.5,27.0,195.0,155.0,98,459,132,13.577181208053693,1.8519938092715509,312,2352.5,29.0,170.0,152.5,496.4505171762929,124.0,4.00363320303462,228.05989138758332,198.0,1.151817633270623,450.78922346658754,199.0,2.265272479731596,334.70123154958867,170.0,1.9688307738211095,536.2002247912652,170.0,3.1541189693603835
E:\N9_20251512_PKM2.lif,N9_20251512_PKM2,106,RWT9996/6/R2,N9_20251512_PKM2_S107_RWT9996_6_R2,4,16600,8261,6233,7472,1,0,6233,0,7472,13,49,11,9.583333333333334,1.6056167534196828,156,207.5,5.0,100.0,75.0,8,8,1,19.1,1.3012995347344778,71,162.5,9.0,55.0,32.5,18,68,14,8.065217391304348,1.721627408993576,156,232.5,6.0,100.0,75.0,128.97494250090787,124.0,1.0401205040395796,551.3370768490294,198.0,2.784530691156714,206.4612032441593,199.0,1.0374934836389915,340.5271758866965,170.0,2.0031010346276266,315.58143431635386,170.0,1.8563613783314932
E:\N9_20251512_PKM2.lif,N9_20251512_PKM2,106,RWT9996/6/R2,N9_20251512_PKM2_S107_RWT9996_6_R2,6,3589,2457,14,2457,0,14,0,0,2457,7,9,0,12.25,1.4029304029304028,55,142.5,7.0,30.0,25.0,2,0,0,2.0,1.0,13,0.0,0.0,5.0,,7,9,0,12.25,1.4029304029304028,55,142.5,7.0,30.0,25.0,226.92857142857144,124.0,1.830069124423963,238.0899470899471,198.0,1.202474480252258,223.34106634106635,199.0,1.1223169162867657,301.05942205942205,170.0,1.7709377768201298,,170.0,
E:\N9_20251512_PKM2.lif,N9_20251512_PKM2,106,RWT9996/6/R2,N9_20251512_PKM2_S107_RWT9996_6_R2,7,11175,6343,0,6343,1,0,0,1122,6343,5,7,1,27.142857142857142,1.258395081191865,84,172.5,5.0,50.0,40.0,0,0,0,0.0,,0,0.0,0.0,,,5,7,1,27.142857142857142,1.258395081191865,84,172.5,5.0,50.0,40.0,127.58694623994955,124.0,1.0289269858060448,214.8169635819013,198.0,1.084934159504552,254.34011627906975,199.0,1.27809103657824,296.89153397446006,170.0,1.746420788085059,312.0420338983051,170.0,1.8355413758723829
E:\N9_20251512_PKM2.lif,N9_20251512_PKM2,106,RWT9996/6/R2,N9_20251512_PKM2_S107_RWT9996_6_R2,8,41676,27333,27331,11465,1,27331,0,18727,11465,24,150,41,12.68,1.5771777704606154,177,617.5,13.0,90.0,85.0,24,155,46,12.17142857142857,1.5772931835644506,177,617.5,13.0,90.0,85.0,10,49,18,15.166666666666666,1.7846489315307457,121,347.5,8.0,60.0,57.5,514.0429548863927,124.0,4.145507700696716,230.1452456737277,198.0,1.1623497256248874,356.4606440616059,199.0,1.791259517897517,267.23147843266383,170.0,1.5719498731333166,380.6273486430063,170.0,2.2389844037823896
E:\N9_20251512_PKM2.lif,N9_20251512_PKM2,106,RWT9996/6/R2,N9_20251512_PKM2_S107_RWT9996_6_R2,9,18835,13180,7319,9666,1,0,7319,10705,9666,17,67,21,11.660377358490566,1.288391502276176,124,357.5,9.0,45.0,60.0,13,63,23,10.476190476190476,1.2309058614564832,75,182.5,10.0,50.0,35.0,19,79,16,10.192307692307692,1.4727912269811712,106,367.5,11.0,60.0,50.0,134.93277693474965,124.0,1.0881675559254005,779.2356879355103,198.0,3.935533777452072,272.02446002002574,199.0,1.3669570855277675,306.61251896813354,170.0,1.8036030527537268,343.16539325842695,170.0,2.018619960343688
E:\N9_20251512_PKM2.lif,N9_20251512_PKM2,106,RWT9996/6/R2,N9_20251512_PKM2_S107_RWT9996_6_R2,10,20153,11821,9380,10295,1,9380,0,9097,10295,16,78,18,13.75,1.6633956518061075,151,352.5,9.0,110.0,74.25925925925925,24,99,18,8.686567164179104,1.821002132196162,136,342.5,6.0,105.0,66.66666666666667,12,54,12,15.38888888888889,1.6447790189412337,114,327.5,7.0,70.0,55.0,283.79360341151386,124.0,2.2886580920283377,239.34692496404705,198.0,1.208822853353773,280.8520982599795,199.0,1.4113170766833143,301.7063700194569,170.0,1.774743353055629,339.9144091087554,170.0,1.9994965241691496
E:\N9_20251512_PKM2.lif,N9_20251512_PKM2,106,RWT9996/6/R2,N9_20251512_PKM2_S107_RWT9996_6_R2,11,39776,30005,25383,22231,1,25383,0,37853,22231,28,118,25,18.2987012987013,1.3746708881853025,215,667.5,9.0,95.0,101.28205128205128,38,155,24,14.135922330097088,1.6079265650238348,210,807.5,11.0,80.0,96.62162162162164,27,110,18,15.944444444444445,1.7840852863119068,210,707.5,12.0,65.0,97.02702702702705,321.295473348304,124.0,2.591092527002451,224.57447092151307,198.0,1.1342144996036014,409.1095070422536,199.0,2.055826668554038,311.4358940176637,170.0,1.831975847162728,385.5577293136626,170.0,2.267986643021545
E:\N9_20251512_PKM2.lif,N9_20251512_PKM2,106,RWT9996/6/R2,N9_20251512_PKM2_S107_RWT9996_6_R2,12,15557,9263,2149,9054,1,847,1302,13113,9054,8,35,13,13.846153846153848,1.3565799417035518,87,297.5,12.0,55.0,40.0,8,18,10,11.428571428571429,2.576547231270358,110,145.0,3.0,30.0,62.5,9,38,12,13.642857142857142,1.387784404683013,87,272.5,12.0,50.0,40.0,209.47343565525384,124.0,1.6893019004455954,372.3079877112135,198.0,1.880343372278856,290.105315822389,199.0,1.4578156573989398,355.6538918277016,170.0,2.092081716633539,363.016157989228,170.0,2.135389164642518
E:\N9_20251512_PKM2.lif,N9_20251512_PKM2,106,RWT9996/6/R2,N9_20251512_PKM2_S107_RWT9996_6_R2,13,64878,40457,39873,19550,1,11899,34713,10818,19550,61,299,73,11.27,1.5060187359418642,189,947.5,17.0,120.0,92.5,63,362,81,10.56,1.5278007674366112,189,997.5,17.0,120.0,92.5,33,113,19,12.964285714285714,2.412071611253197,190,747.5,11.0,80.0,92.5,264.1947222455669,124.0,2.130602598754572,744.9691181977934,198.0,3.762470293928249,277.8498233215548,199.0,1.3962302679475114,277.41149862817315,170.0,1.6318323448716068,420.6947176684882,170.0,2.4746748098146365
E:\N9_20251512_PKM2.lif,N9_20251512_PKM2,106,RWT9996/6/R2,N9_20251512_PKM2_S107_RWT9996_6_R2,14,63229,48819,43811,40494,3,22989,35336,54596,40494,45,225,59,14.596153846153848,1.363792785595772,208,917.5,18.0,135.0,100.0,39,242,64,14.397435897435898,1.3657528931090366,184,882.5,19.0,120.0,90.0,44,146,33,17.635416666666668,1.6216229564873808,211,1187.5,20.0,135.0,102.5,344.0542868328331,124.0,2.7746313454260734,762.9744453248811,198.0,3.8534062895196017,350.628785620945,199.0,1.7619536965876632,353.7942399475614,170.0,2.0811425879268315,458.0846251004708,170.0,2.6946154417674757
E:\N9_20251512_PKM2.lif,N9_20251512_PKM2,106,RWT9996/6/R2,N9_20251512_PKM2_S107_RWT9996_6_R2,15,42913,29866,19248,27552,1,19248,0,41067,27552,33,115,22,17.666666666666668,1.6085515301680842,303,947.5,11.0,215.0,149.91228070175438,36,91,15,14.873239436619718,2.016313383208645,143,720.0,15.0,90.0,72.5,36,106,19,17.916666666666668,1.7436483739837398,303,1007.5,13.0,215.0,149.91228070175438,294.4642040731505,124.0,2.3747113231705685,228.458949976562,198.0,1.1538330806897068,387.223915307185,199.0,1.945848820639121,329.43631554275765,170.0,1.93786067966328,425.5328905755851,170.0,2.5031346504446184
E:\N9_20251512_PKM2.lif,N9_20251512_PKM2,106,RWT9996/6/R2,N9_20251512_PKM2_S107_RWT9996_6_R2,16,39297,21290,7339,15896,1,7339,0,24913,15896,35,157,34,10.722772277227724,1.68492249882574,175,687.5,15.0,95.0,85.0,15,46,14,11.428571428571429,2.6822455375391745,167,335.0,6.0,140.0,102.61904761904762,30,107,27,11.243243243243244,1.8439229994967288,156,602.5,15.0,85.0,75.0,266.31898078757325,124.0,2.1477337160288164,241.8949271958666,198.0,1.221691551494276,283.3501462566211,199.0,1.4238700816915633,334.28976045091594,170.0,1.9664103555936232,441.4517593643587,170.0,2.596775055084463
E:\N9_20251512_PKM2.lif,N9_20251512_PKM2,106,RWT9996/6/R2,N9_20251512_PKM2_S107_RWT9996_6_R2,17,27873,20287,7924,20050,1,7924,0,24446,20050,28,139,46,10.666666666666666,1.3581603982846158,129,417.5,11.0,100.0,62.5,25,61,7,12.386363636363637,1.8845280161534577,97,467.5,14.0,50.0,45.0,27,134,46,10.505882352941176,1.374214463840399,129,437.5,11.0,100.0,62.5,264.3171378091873,124.0,2.1315898210418327,249.0868043574703,198.0,1.2580141634215671,340.66309921962096,199.0,1.7118748704503566,370.92995514368806,170.0,2.18194091260993,518.2023300970874,170.0,3.048249000571102
E:\N9_20251512_PKM2.lif,N9_20251512_PKM2,106,RWT9996/6/R2,N9_20251512_PKM2_S107_RWT9996_6_R2,18,33827,11846,521,11846,1,521,0,26780,11846,20,44,13,17.647058823529413,2.135235522539254,214,482.5,8.0,100.0,105.0,8,24,10,4.368421052631579,3.72552783109405,66,80.0,3.0,20.0,29.444444444444443,20,44,13,17.647058823529413,2.135235522539254,214,482.5,8.0,100.0,105.0,204.4798464491363,124.0,1.6490310197510991,222.386121897687,198.0,1.1231622318065,327.06296983305674,199.0,1.6435325117239032,266.07344251224043,170.0,1.565137897130826,320.0598866052445,170.0,1.882705215324968
E:\N9_20251512_PKM2.lif,N9_20251512_PKM2,106,RWT9996/6/R2,N9_20251512_PKM2_S107_RWT9996_6_R2,19,40024,36030,35950,17910,1,31394,25141,31726,17910,26,132,18,18.069767441860463,1.226505689703025,183,612.5,13.0,90.0,87.5,26,143,18,17.445652173913043,1.2292350486787205,182,627.5,9.0,90.0,87.5,43,130,52,10.52127659574468,2.1724734785036293,297,702.5,10.0,270.0,145.0,371.6912467350449,124.0,2.997510054314878,927.3585776222108,198.0,4.683629179910155,321.39792696320706,199.0,1.6150649596141058,286.0709408825978,170.0,1.6827702404858695,426.3063000348069,170.0,2.507684117851805
E:\N9_20251512_PKM2.lif,N9_20251512_PKM2,106,RWT9996/6/R2,N9_20251512_PKM2_S107_RWT9996_6_R2,20,18119,13410,9142,12461,1,0,9142,0,12461,12,38,3,20.41379310344828,1.382475764354959,125,352.5,9.0,50.0,60.0,19,73,17,12.28,1.8198424852329904,120,357.5,10.0,70.0,57.5,6,22,2,34.0,1.4877618168686302,126,342.5,12.0,85.0,60.0,132.00268456375838,124.0,1.064537778739987,467.6365127980748,198.0,2.3618005696872464,222.53832960477257,199.0,1.1182830633405656,320.613870246085,170.0,1.8859639426240296,333.652123327516,170.0,1.962659548985388
E:\N9_20251512_PKM2.lif,N9_20251512_PKM2,106,RWT9996/6/R2,N9_20251512_PKM2_S107_RWT9996_6_R2,21,27445,21374,18893,14509,1,18749,322,7643,14509,29,93,19,15.492753623188406,1.5694769345934312,214,627.5,12.0,75.0,105.0,30,81,16,15.107692307692307,1.7630868575662944,218,592.5,10.0,60.0,107.5,22,75,13,15.961538461538462,2.2243435109242538,210,592.5,10.0,30.0,102.5,362.9336497946557,124.0,2.926884272537546,373.1149068322981,198.0,1.884418721375243,278.69241031722504,199.0,1.400464373453392,254.27884345466452,170.0,1.4957579026744974,330.26745040411464,170.0,1.9427497082594976
E:\N9_20251512_PKM2.lif,N9_20251512_PKM2,106,RWT9996/6/R2,N9_20251512_PKM2_S107_RWT9996_6_R2,22,16045,10696,7847,9044,1,0,7847,1749,9044,26,82,28,9.863636363636363,1.4942034405385192,108,307.5,8.0,45.0,50.0,25,96,27,8.457142857142857,1.5367656429208614,112,292.5,7.0,55.0,52.5,20,54,10,12.16279069767442,1.6587793011941618,111,327.5,9.0,45.0,52.5,126.70325355273,124.0,1.0218004318768548,443.1520326239327,198.0,2.238141578908751,282.3066037735849,199.0,1.4186261496160046,249.09424083769636,170.0,1.4652602402217432,236.48543123543124,170.0,1.391090771973125
E:\N9_20251512_PKM2.lif,N9_20251512_PKM2,106,RWT9996/6/R2,N9_20251512_PKM2_S107_RWT9996_6_R2,23,89230,77640,74384,53749,3,74384,0,77656,53749,36,197,49,20.1203007518797,1.3129314786192685,262,1072.5,14.0,120.0,127.5,60,301,71,15.74384236453202,1.3704022370402238,265,1422.5,17.0,140.0,130.0,50,232,54,15.24516129032258,1.677073061824406,246,1252.5,17.0,130.0,120.0,593.4960072058507,124.0,4.786258122627828,242.91053580628545,198.0,1.2268208879105325,368.28442235387945,199.0,1.8506754892154744,296.383771251932,170.0,1.7434339485407764,387.2013656114215,170.0,2.277655091831891
E:\N9_20251512_PKM2.lif,N9_20251512_PKM2,106,RWT9996/6/R2,N9_20251512_PKM2_S107_RWT9996_6_R2,24,26558,15559,15400,4027,0,15400,0,355,4027,13,25,7,25.818181818181817,1.8640015425155856,143,475.0,14.0,95.0,72.5,13,25,7,25.045454545454547,1.8692857142857144,142,430.0,13.0,95.0,70.0,5,9,2,31.285714285714285,4.088403277874348,224,227.5,6.0,140.0,138.14814814814815,462.7812987012987,124.0,3.7321072475911183,215.3469374638473,198.0,1.087610795271956,251.05490196078432,199.0,1.261582421913489,190.38967799987145,170.0,1.119939282352185,,170.0,
E:\N9_20251512_PKM2.lif,N9_20251512_PKM2,106,RWT9996/6/R2,N9_20251512_PKM2_S107_RWT9996_6_R2,25,5165,3300,0,3300,1,0,0,0,3300,7,15,0,19.545454545454547,1.5512121212121213,57,107.5,6.0,45.0,25.0,0,0,0,0.0,,0,0.0,0.0,,,7,15,0,19.545454545454547,1.5512121212121213,57,107.5,6.0,45.0,25.0,121.05515151515152,124.0,0.9762512218963832,269.15272727272725,198.0,1.3593572084481174,202.3615151515152,199.0,1.0168920359372622,239.69484848484848,170.0,1.4099696969696969,232.75949705724983,170.0,1.36917351210147
E:\N9_20251512_PKM2.lif,N9_20251512_PKM2,106,RWT9996/6/R2,N9_20251512_PKM2_S107_RWT9996_6_R2,26,7765,6098,1573,5807,1,1573,0,1123,5807,8,71,26,7.04,1.1505411610364054,63,175.0,13.0,45.0,30.0,12,34,11,5.047619047619048,2.0,81,137.5,5.0,5.0,37.5,9,58,22,7.6,1.1995867057000171,64,190.0,17.0,45.0,30.0,233.42466624284805,124.0,1.88245698582942,250.59216136438172,198.0,1.2656169765877867,245.6975914362177,199.0,1.2346612634985812,278.9775336175795,170.0,1.6410443153975267,261.89058938456526,170.0,1.5405328787327368
E:\N9_20251512_PKM2.lif,N9_20251512_PKM2,106,RWT9996/6/R2,N9_20251512_PKM2_S107_RWT9996_6_R2,27,14484,10913,10862,4610,0,10862,1,12928,4610,18,60,10,12.166666666666666,1.4433244753963164,126,342.5,12.0,80.0,60.0,19,63,10,11.772727272727272,1.450101270484257,126,332.5,12.0,80.0,60.0,11,23,5,11.80952380952381,1.3481561822125814,78,147.5,4.0,35.0,35.0,352.8233290370098,124.0,2.845349427717821,341.0,198.0,1.7222222222222223,441.6362547414653,199.0,2.2192776620174137,219.2317419591313,170.0,1.289598482112537,,170.0,
E:\N9_20251512_PKM2.lif,N9_20251512_PKM2,106,RWT9996/6/R2,N9_20251512_PKM2_S107_RWT9996_6_R2,28,29160,17609,17465,8089,0,17465,0,20564,8089,18,52,7,16.170731707317074,1.7398489408825033,160,427.5,7.0,70.0,77.5,18,58,9,16.069767441860463,1.7541941024906955,160,427.5,7.0,70.0,77.5,19,31,5,14.107142857142858,2.0951910001236245,202,322.5,5.0,90.0,93.61111111111111,428.97755511022046,124.0,3.459496412179197,331.2130160713272,198.0,1.6727930104612485,347.9290439745752,199.0,1.7483871556511317,245.7003236981089,170.0,1.445296021753582,,170.0,
E:\N9_20251512_PKM2.lif,N9_20251512_PKM2,106,RWT9996/6/R2,N9_20251512_PKM2_S107_RWT9996_6_R2,29,53269,39410,38494,23715,1,38494,0,31559,23715,35,185,38,15.28448275862069,1.4848515605176351,217,887.5,15.0,95.0,105.0,34,187,37,15.447368421052632,1.5201849638904763,217,867.5,14.0,95.0,105.0,23,87,13,18.084745762711865,1.9568627450980391,191,732.5,12.0,90.0,92.5,490.3932041357095,124.0,3.9547839043202377,225.1037046434915,198.0,1.1368873971893512,336.2826047785506,199.0,1.689862335570606,292.56287744227353,170.0,1.720958102601609,411.72824536376606,170.0,2.421930855080977
E:\N9_20251512_PKM2.lif,N9_20251512_PKM2,106,RWT9996/6/R2,N9_20251512_PKM2_S107_RWT9996_6_R2,30,14129,8397,6951,7766,1,6951,0,6220,7766,11,31,3,14.925925925925926,1.573061807788496,99,302.5,11.0,55.0,47.5,8,28,3,16.636363636363637,1.6728528269313767,96,262.5,10.0,40.0,45.0,9,19,3,17.7,1.624774658768993,98,287.5,10.0,55.0,45.0,267.44123147748525,124.0,2.1567841248184294,240.254733833512,198.0,1.2134077466338988,286.6967313836324,199.0,1.440687092380062,286.51994760033347,170.0,1.6854114564725498,302.5104299702001,170.0,1.7794731174717653
E:\N9_20251512_PKM2.lif,N9_20251512_PKM2,106,RWT9996/6/R2,N9_20251512_PKM2_S107_RWT9996_6_R2,31,21112,16486,14473,13563,2,3005,11929,4715,13563,25,130,35,10.724137931034482,1.319422540337256,119,397.5,13.0,75.0,57.5,39,139,39,9.049019607843135,1.4927796586747737,122,512.5,10.0,90.0,57.5,35,101,29,10.846153846153848,1.5097692250976922,122,457.5,12.0,75.0,57.5,255.3990016638935,124.0,2.0596693682572056,588.7714812641462,198.0,2.9735933397179104,294.3132372214941,199.0,1.4789609910627843,312.6102147276477,170.0,1.8388836160449864,334.1099882095334,170.0,1.9653528718207849
E:\N9_20251512_PKM2.lif,N9_20251512_PKM2,106,RWT9996/6/R2,N9_20251512_PKM2_S107_RWT9996_6_R2,32,46858,27209,27209,0,0,27209,0,34201,0,32,158,28,15.009900990099007,1.8716968650079016,235,957.5,11.0,115.0,115.0,32,158,28,15.009900990099007,1.8716968650079016,235,957.5,11.0,115.0,115.0,0,0,0,0.0,,0,0.0,0.0,,,334.5784483075453,124.0,2.6982132928027847,193.16472490719983,198.0,0.9755794187232314,344.6423097487079,199.0,1.7318709032598385,180.00260943070307,170.0,1.0588388790041356,,170.0,
E:\N9_20251512_PKM2.lif,N9_20251512_PKM2,106,RWT9996/6/R2,N9_20251512_PKM2_S107_RWT9996_6_R2,33,82991,50593,50283,12831,1,50283,0,60450,12831,53,229,37,17.29530201342282,1.8229004012412784,230,1462.5,16.0,130.0,112.5,52,224,37,17.346938775510203,1.833780800668218,230,1452.5,18.0,130.0,112.5,21,47,9,17.44736842105263,5.022445639466916,265,590.0,10.0,55.0,114.39024390243902,368.90434142752025,124.0,2.97503501151226,219.0815923151424,198.0,1.106472688460315,336.0132072317356,199.0,1.6885085790539476,208.9185855750796,170.0,1.2289328563239974,270.69225172790107,170.0,1.5923073631053004
E:\N9_20251512_PKM2.lif,N9_20251512_PKM2,106,RWT9996/6/R2,N9_20251512_PKM2_S107_RWT9996_6_R2,34,11231,8113,0,8113,1,0,0,0,8113,6,47,8,12.862068965517242,1.2600764205595958,84,207.5,7.0,50.0,40.0,0,0,0,0.0,,0,0.0,0.0,,,6,47,8,12.862068965517242,1.2600764205595958,84,207.5,7.0,50.0,40.0,124.02588438308888,124.0,1.0002087450249102,218.3678047577961,198.0,1.1028677007969503,201.5873289781832,199.0,1.0130016531566994,277.43448785899176,170.0,1.631967575641128,249.5693671407957,170.0,1.46805510082821
E:\N9_20251512_PKM2.lif,N9_20251512_PKM2,106,RWT9996/6/R2,N9_20251512_PKM2_S107_RWT9996_6_R2,35,29509,14888,10018,13653,1,10018,0,10979,13653,18,75,15,14.74,1.7895620634067706,128,632.5,13.0,60.0,62.5,24,87,26,10.672413793103448,2.127470553004592,124,430.0,13.0,80.0,60.0,16,53,11,17.135135135135137,1.7774848018750458,129,502.5,11.0,70.0,62.5,252.65022958674385,124.0,2.037501851505999,217.29157710908115,198.0,1.097432207621622,301.58311391960683,199.0,1.5154930347718936,297.1403143471252,170.0,1.7478842020419127,329.41690647482017,170.0,1.9377465086754129
E:\N9_20251512_PKM2.lif,N9_20251512_PKM2,106,RWT9996/6/R2,N9_20251512_PKM2_S107_RWT9996_6_R2,36,25319,14435,12078,11774,1,0,12078,8961,11774,17,61,7,14.83720930232558,1.529546241773467,147,427.5,7.0,55.0,70.0,14,64,8,13.902439024390244,1.316194734227521,143,367.5,7.0,60.0,70.0,15,19,2,20.84210526315789,1.6679123492440973,147,457.5,9.0,65.0,70.0,139.75822653273295,124.0,1.127082472038169,464.0727769498261,198.0,2.3438019037870004,248.52806964875413,199.0,1.2488847721042922,279.16002771042605,170.0,1.6421178100613296,285.41300527240776,170.0,1.6789000310141633
E:\N9_20251512_PKM2.lif,N9_20251512_PKM2,110,RWT9996/6/R10,N9_20251512_PKM2_S111_RWT9996_6_R10,2,134881,23428,23428,0,0,21388,6393,105736,0,44,151,43,11.26126126126126,2.267372374935974,194,1017.5,19.0,80.0,85.60606060606061,44,151,43,11.26126126126126,2.267372374935974,194,1017.5,19.0,80.0,85.60606060606061,0,0,0,0.0,,0,0.0,0.0,,,267.22465868711424,106.0,2.5209873461048518,500.1740966682309,187.0,2.674727789669684,395.8997724211602,194.0,2.040720476397733,236.73898753628137,145.0,1.6326826726640091,,145.0,
E:\N9_20251512_PKM2.lif,N9_20251512_PKM2,110,RWT9996/6/R10,N9_20251512_PKM2_S111_RWT9996_6_R10,5,44489,20640,0,20640,1,0,0,135,20640,26,107,22,13.093333333333334,1.5420058139534885,158,532.5,11.0,110.0,75.0,0,0,0,0.0,,0,0.0,0.0,,,26,107,22,13.093333333333334,1.5420058139534885,158,532.5,11.0,110.0,75.0,108.94932170542636,106.0,1.0278237896738336,201.27785852713177,187.0,1.0763521846370685,207.18880813953487,194.0,1.0679835471110044,254.2501937984496,145.0,1.7534496124031007,239.93046357615893,145.0,1.654692852249372
E:\N9_20251512_PKM2.lif,N9_20251512_PKM2,114,RWT9996/6/R8,N9_20251512_PKM2_S115_RWT9996_6_R8,1,3162,2287,2287,550,0,2287,0,0,550,6,2,5,6.818181818181818,1.0655881066899868,40,87.5,12.0,30.0,17.5,6,2,5,6.818181818181818,1.0655881066899868,40,87.5,12.0,30.0,17.5,2,0,0,11.0,1.0327272727272727,29,32.5,3.0,20.0,12.5,341.2015741145606,106.0,3.2188827746656656,194.2444250109313,183.0,1.0614449454149253,206.0052470485352,188.0,1.095772590683698,156.70747704416266,145.0,1.080741220994225,,145.0,
E:\N9_20251512_PKM2.lif,N9_20251512_PKM2,116,RWT9996/6/R5,N9_20251512_PKM2_S117_RWT9996_6_R5,2,14009,2460,2460,0,0,2460,0,0,0,7,27,12,4.25,1.079268292682927,42,142.5,24.0,30.0,17.5,7,27,12,4.25,1.079268292682927,42,142.5,24.0,30.0,17.5,0,0,0,0.0,,0,0.0,0.0,,,270.729674796748,107.0,2.530183876605121,208.08821138211383,191.0,1.0894670752990252,202.1418699186992,190.0,1.0639045785194694,157.58455284552846,146.0,1.0793462523666333,,146.0,
E:\N9_20251512_PKM2.lif,N9_20251512_PKM2,116,RWT9996/6/R5,N9_20251512_PKM2_S117_RWT9996_6_R5,5,17200,2025,236,2025,0,236,0,3280,2025,11,9,1,11.4,4.020740740740741,134,152.5,7.0,10.0,78.61111111111111,2,6,1,5.25,1.11864406779661,23,37.5,7.0,10.0,7.5,11,9,1,11.4,4.020740740740741,134,152.5,7.0,10.0,78.61111111111111,204.6822033898305,107.0,1.9129177886900048,198.2701234567901,191.0,1.0380634735957597,229.73684210526315,190.0,1.209141274238227,212.73481481481485,146.0,1.457087772704211,,146.0,
E:\N9_20251512_PKM2.lif,N9_20251512_PKM2,118,RWT9996/6/R9,N9_20251512_PKM2_S119_RWT9996_6_R9,2,126560,60891,46459,45395,3,44987,10190,30291,45395,49,208,54,17.66896551724138,2.016357097107947,291,1577.5,22.0,175.0,142.5,19,116,16,22.5974025974026,1.6990895197916442,212,1012.5,14.0,145.0,102.5,67,276,104,11.466321243523316,2.408767485405882,274,1562.5,22.0,160.0,135.0,443.89750372329786,111.0,3.999076610119801,736.1226692836113,199.0,3.699108890872419,296.5449303948716,198.0,1.4977016686609677,310.8653167134716,174.0,1.7865822799624804,345.2796850682047,174.0,1.9843660061391075
E:\N9_20251512_PKM2.lif,N9_20251512_PKM2,118,RWT9996/6/R9,N9_20251512_PKM2_S119_RWT9996_6_R9,3,9429,6280,0,6280,0,0,0,0,6280,5,21,3,16.764705882352942,1.335828025477707,81,187.5,7.0,55.0,37.5,0,0,0,0.0,,0,0.0,0.0,,,5,21,3,16.764705882352942,1.335828025477707,81,187.5,7.0,55.0,37.5,130.77452229299362,111.0,1.178148849486429,284.8316878980892,199.0,1.4313150145632625,194.46735668789808,198.0,0.9821583671105965,250.55509554140127,174.0,1.439971813456329,,174.0,
E:\N9_20251512_PKM2.lif,N9_20251512_PKM2,118,RWT9996/6/R9,N9_20251512_PKM2_S119_RWT9996_6_R9,4,36715,14867,7228,11489,1,0,7228,2478,11489,14,97,44,11.380281690140846,1.5740902670343715,260,362.5,5.0,35.0,127.5,6,63,40,7.76595744680851,1.1365522966242392,77,202.5,13.0,50.0,35.0,15,45,8,18.058823529411764,1.9903385847332231,260,372.5,4.0,100.0,127.5,119.38232326629448,111.0,1.0755164258224728,781.4616768123963,199.0,3.92694309955978,281.65054602184085,198.0,1.4224775051608125,297.1411179121544,174.0,1.707707574207784,370.085868309588,174.0,2.12693027764131
E:\N9_20251512_PKM2.lif,N9_20251512_PKM2,118,RWT9996/6/R9,N9_20251512_PKM2_S119_RWT9996_6_R9,5,32339,18921,130,18921,1,130,0,3394,18921,16,80,17,15.436363636363636,1.5322128851540615,131,452.5,10.0,95.0,62.5,5,13,8,3.6,1.7384615384615385,26,22.5,2.0,10.0,10.0,16,80,17,15.436363636363636,1.5322128851540615,131,452.5,10.0,95.0,62.5,197.47692307692307,111.0,1.779071379071379,194.86935151419056,199.0,0.9792429724331184,272.1801341424465,198.0,1.3746471421335682,342.14581681729294,174.0,1.966355269064902,423.2271689497717,174.0,2.4323400514354696
E:\N9_20251512_PKM2.lif,N9_20251512_PKM2,118,RWT9996/6/R9,N9_20251512_PKM2_S119_RWT9996_6_R9,6,21420,11238,0,11238,1,0,0,0,11238,10,40,10,18.666666666666668,1.5772379426944296,108,322.5,13.0,65.0,50.0,0,0,0,0.0,,0,0.0,0.0,,,10,40,10,18.666666666666668,1.5772379426944296,108,322.5,13.0,65.0,50.0,112.02589428723972,111.0,1.0092422908760337,208.337337604556,199.0,1.0469212944952562,204.26437088449904,198.0,1.0316382367903991,269.16159458978467,174.0,1.5469057160332451,262.1397779229262,174.0,1.5065504478329093
E:\N9_20251512_PKM2.lif,N9_20251512_PKM2,118,RWT9996/6/R9,N9_20251512_PKM2_S119_RWT9996_6_R9,7,8486,5759,0,5759,0,0,0,0,5759,5,11,1,33.55555555555556,1.4556346587949296,72,167.5,10.0,60.0,32.5,0,0,0,0.0,,0,0.0,0.0,,,5,11,1,33.55555555555556,1.4556346587949296,72,167.5,10.0,60.0,32.5,123.90762285118944,111.0,1.1162848905512563,226.58864386178155,199.0,1.1386364013154853,220.39555478381664,198.0,1.1131088625445285,262.5547838166348,174.0,1.5089355391760622,,174.0,
E:\N9_20251512_PKM2.lif,N9_20251512_PKM2,118,RWT9996/6/R9,N9_20251512_PKM2_S119_RWT9996_6_R9,8,56851,18800,9045,17891,1,9045,0,40680,17891,33,127,22,12.725,2.388563829787234,302,755.0,11.0,165.0,187.5,20,78,13,10.155172413793103,2.005970149253731,112,420.0,9.0,75.0,52.5,33,122,19,12.756410256410255,2.5099211894248503,302,735.0,12.0,165.0,187.5,258.1103372028745,111.0,2.32531835317905,200.27718085106383,199.0,1.0064179942264515,318.3016220600162,198.0,1.6075839497980615,283.00909574468085,174.0,1.626489056003913,386.1960411115341,174.0,2.219517477652494
E:\N9_20251512_PKM2.lif,N9_20251512_PKM2,118,RWT9996/6/R9,N9_20251512_PKM2_S119_RWT9996_6_R9,9,20172,10874,0,10874,1,0,0,0,10874,27,151,66,7.344444444444444,1.4223836674636747,97,325.0,12.0,70.0,45.0,0,0,0,0.0,,0,0.0,0.0,,,27,151,66,7.344444444444444,1.4223836674636747,97,325.0,12.0,70.0,45.0,115.81561522898656,111.0,1.043383920981861,213.5543498252713,199.0,1.0731374363078958,210.4050027588744,198.0,1.062651529085224,248.993746551407,174.0,1.430998543398891,244.9489005235602,174.0,1.4077523018595417
E:\N9_20251512_PKM2.lif,N9_20251512_PKM2,118,RWT9996/6/R9,N9_20251512_PKM2_S119_RWT9996_6_R9,11,25310,11536,0,11536,1,0,0,565,11536,37,167,36,7.196261682242991,1.6248266296809986,109,467.5,12.0,55.0,52.5,0,0,0,0.0,,0,0.0,0.0,,,37,167,36,7.196261682242991,1.6248266296809986,109,467.5,12.0,55.0,52.5,117.53935506241332,111.0,1.0589131086703902,218.07142857142856,199.0,1.0958363244795406,281.09302325581393,198.0,1.419661733615222,245.37196601941747,174.0,1.4101837127552728,231.31962918178155,174.0,1.3294231562171352
E:\N9_20251512_PKM2.lif,N9_20251512_PKM2,118,RWT9996/6/R9,N9_20251512_PKM2_S119_RWT9996_6_R9,12,25004,16403,0,16403,1,0,0,0,16403,21,175,71,9.54368932038835,1.413765774553435,108,412.5,11.0,80.0,52.5,0,0,0,0.0,,0,0.0,0.0,,,21,175,71,9.54368932038835,1.413765774553435,108,412.5,11.0,80.0,52.5,122.595317929647,111.0,1.1044623236905136,222.68993476803024,199.0,1.1190448983318102,224.16582332500155,198.0,1.132150622853543,261.1714930195696,174.0,1.5009855920664918,253.2048692048692,174.0,1.4552003977291332
E:\N9_20251512_PKM2.lif,N9_20251512_PKM2,118,RWT9996/6/R9,N9_20251512_PKM2_S119_RWT9996_6_R9,13,64253,13441,479,13182,1,0,479,0,13182,26,82,24,13.385964912280702,1.969793914143293,201,602.5,11.0,65.0,84.51612903225806,3,3,1,7.0,1.0605427974947808,26,52.5,9.0,15.0,10.0,24,76,22,13.9811320754717,2.0084964345319376,202,557.5,12.0,70.0,81.5,148.80730600401756,111.0,1.3406063603965546,383.21294363256783,199.0,1.9256931840832556,226.0217989732907,198.0,1.141524237238842,241.6846960791608,174.0,1.3889925062020734,231.65165228372973,174.0,1.331331334963964
E:\N9_20251512_PKM2.lif,N9_20251512_PKM2,118,RWT9996/6/R9,N9_20251512_PKM2_S119_RWT9996_6_R9,14,13061,7571,399,7571,1,0,399,227,7571,31,71,25,8.116666666666667,1.5489367322678642,81,277.5,10.0,55.0,37.5,7,21,9,2.571428571428572,1.167919799498747,25,57.5,9.0,15.0,10.0,31,71,25,8.116666666666667,1.5489367322678642,81,277.5,10.0,55.0,37.5,122.85919957733456,111.0,1.1068396358318429,337.4711779448622,199.0,1.6958350650495586,274.8942307692308,198.0,1.3883547008547008,299.4040417382116,174.0,1.7207128835529404,286.3576574482919,174.0,1.6457336634959303
E:\N9_20251512_PKM2.lif,N9_20251512_PKM2,118,RWT9996/6/R9,N9_20251512_PKM2_S119_RWT9996_6_R9,16,20465,8846,0,8846,0,0,0,0,8846,13,23,6,20.73684210526316,1.5698620845579925,99,282.5,10.0,65.0,47.5,0,0,0,0.0,,0,0.0,0.0,,,13,23,6,20.73684210526316,1.5698620845579925,99,282.5,10.0,65.0,47.5,168.26916120280353,111.0,1.5159383892144462,275.6521591679856,199.0,1.3851867294873643,257.249152159168,198.0,1.29923814221802,284.7353606149672,174.0,1.636410118476823,,174.0,
E:\N9_20251512_PKM2.lif,N9_20251512_PKM2,118,RWT9996/6/R9,N9_20251512_PKM2_S119_RWT9996_6_R9,17,28891,20504,0,20504,1,0,0,9829,20504,27,125,29,11.470588235294118,1.3657822863831448,131,537.5,14.0,60.0,62.5,0,0,0,0.0,,0,0.0,0.0,,,27,125,29,11.470588235294118,1.3657822863831448,131,537.5,14.0,60.0,62.5,121.01121732344907,111.0,1.0901911470580998,224.11309988294963,199.0,1.1261964818238677,289.8444674862983,198.0,1.4638609469004964,336.41001755754974,174.0,1.9333909055031595,418.5296610169492,174.0,2.405342879407754
E:\N9_20251512_PKM2.lif,N9_20251512_PKM2,118,RWT9996/6/R9,N9_20251512_PKM2_S119_RWT9996_6_R9,19,28491,22082,5604,20997,2,65,5539,16108,20997,12,47,12,24.33333333333333,1.2947649669414003,139,422.5,10.0,75.0,67.5,10,26,6,13.444444444444445,1.48197715917202,95,172.5,7.0,35.0,43.4375,13,42,9,25.77777777777778,1.361670714864028,141,417.5,13.0,80.0,67.5,264.4,111.0,2.3819819819819816,578.4955768189204,199.0,2.907012948838796,279.75699847306043,198.0,1.4129141337023254,384.1123086676931,174.0,2.207542003837317,403.0841983852365,174.0,2.316575852788715
E:\N9_20251512_PKM2.lif,N9_20251512_PKM2,118,RWT9996/6/R9,N9_20251512_PKM2_S119_RWT9996_6_R9,20,14993,5754,431,5754,1,0,431,0,5754,7,21,5,16.5,1.3072645116440738,78,217.5,9.0,55.0,35.0,1,3,1,17.5,1.0812064965197217,26,32.5,5.0,15.0,10.0,7,21,5,16.5,1.3072645116440738,78,217.5,9.0,55.0,35.0,114.27685088633994,111.0,1.0295211791562158,338.877030162413,199.0,1.7028996490573518,208.1932568647897,198.0,1.0514810952767155,260.80031282586026,174.0,1.4988523725624152,238.95600787918585,174.0,1.3733103901102632
E:\N9_20251512_PKM2.lif,N9_20251512_PKM2,118,RWT9996/6/R9,N9_20251512_PKM2_S119_RWT9996_6_R9,21,59386,44792,37454,36265,1,0,37454,5966,36265,39,223,57,13.46979865771812,1.4670030362564743,252,802.5,9.0,120.0,122.5,43,240,53,11.625,1.7154109040422918,249,767.5,10.0,135.0,122.5,36,124,32,16.03370786516854,1.6487798152488626,249,817.5,10.0,95.0,122.5,118.59834345418824,111.0,1.068453544632327,626.5731297057724,199.0,3.148608691988806,255.35045933991157,198.0,1.2896487845450078,346.9994195392034,174.0,1.994249537581629,422.8139050791008,174.0,2.42996497171897
E:\N9_20251512_PKM2.lif,N9_20251512_PKM2,118,RWT9996/6/R9,N9_20251512_PKM2_S119_RWT9996_6_R9,22,83674,31519,30551,15089,1,30551,0,0,15089,27,135,21,18.069767441860463,2.195691487674101,197,1062.5,14.0,110.0,95.0,31,178,28,14.518181818181818,2.2652613662400576,199,1067.5,13.0,75.0,97.5,12,40,11,24.166666666666668,2.138644045331036,143,512.5,9.0,70.0,70.0,285.78298582697784,111.0,2.5746214939367373,225.6800025381516,199.0,1.1340703645133243,235.47615723849103,198.0,1.1892735214065204,242.86849202068595,174.0,1.3957959311533674,346.8903420523139,174.0,1.9936226554730685
E:\N9_20251512_PKM2.lif,N9_20251512_PKM2,118,RWT9996/6/R9,N9_20251512_PKM2_S119_RWT9996_6_R9,23,14159,10272,0,10272,1,0,0,2269,10272,12,28,4,15.26086956521739,1.2140771028037385,105,252.5,8.0,65.0,50.0,0,0,0,0.0,,0,0.0,0.0,,,12,28,4,15.26086956521739,1.2140771028037385,105,252.5,8.0,65.0,50.0,118.25165498442368,111.0,1.065330225084898,235.9229945482866,199.0,1.1855426861722944,287.42949547218626,198.0,1.4516641185463952,384.34044003115264,174.0,2.208853103627314,424.18365019011407,174.0,2.437837070058127
E:\N9_20251512_PKM2.lif,N9_20251512_PKM2,118,RWT9996/6/R9,N9_20251512_PKM2_S119_RWT9996_6_R9,24,14748,10098,0,10098,1,0,0,0,10098,17,43,12,16.0,1.4216676569617746,94,395.0,14.0,75.0,45.0,0,0,0,0.0,,0,0.0,0.0,,,17,43,12,16.0,1.4216676569617746,94,395.0,14.0,75.0,45.0,112.4724697959992,111.0,1.0132654936576504,232.1246781540899,199.0,1.1664556691160295,210.5663497722321,198.0,1.0634664129910714,288.2943157060804,174.0,1.656863883368278,266.0385901723694,174.0,1.5289574147837324
E:\N9_20251512_PKM2.lif,N9_20251512_PKM2,118,RWT9996/6/R9,N9_20251512_PKM2_S119_RWT9996_6_R9,25,13404,8583,0,8583,1,0,0,0,8583,4,46,13,14.73076923076923,1.2061050914598626,86,222.5,7.0,45.0,40.0,0,0,0,0.0,,0,0.0,0.0,,,4,46,13,14.73076923076923,1.2061050914598626,86,222.5,7.0,45.0,40.0,113.5256903180706,111.0,1.022753966829465,226.232319701736,199.0,1.1368458276469149,216.42525923336828,198.0,1.0930568648149912,326.163579168123,174.0,1.874503328552431,315.2090525508247,174.0,1.811546279027728
E:\N9_20251512_PKM2.lif,N9_20251512_PKM2,118,RWT9996/6/R9,N9_20251512_PKM2_S119_RWT9996_6_R9,26,12855,6930,0,6930,1,0,0,0,6930,14,40,5,13.035714285714286,1.5096681096681095,93,237.5,7.0,45.0,42.5,0,0,0,0.0,,0,0.0,0.0,,,14,40,5,13.035714285714286,1.5096681096681095,93,237.5,7.0,45.0,42.5,117.4059163059163,111.0,1.0577109577109578,221.11789321789325,199.0,1.1111451920497146,216.8109668109668,198.0,1.0950048828836707,255.57503607503608,174.0,1.468822046408253,235.727761485826,174.0,1.3547572499185403
E:\N9_20251512_PKM2.lif,N9_20251512_PKM2,118,RWT9996/6/R9,N9_20251512_PKM2_S119_RWT9996_6_R9,27,54002,33057,26128,26142,1,0,26128,9498,26142,53,318,67,10.04102564102564,1.835435762470884,281,847.5,10.0,75.0,137.5,43,341,82,8.350467289719626,1.610647581139008,243,637.5,11.0,65.0,120.0,37,164,47,12.339449541284404,2.200711498737664,278,927.5,10.0,260.0,135.0,112.55948815682004,111.0,1.0140494428542346,466.13387936313535,199.0,2.3423813033323384,267.85176116029385,198.0,1.3527866725267366,272.4743322140545,174.0,1.5659444380118075,290.71020408163264,174.0,1.6707482993197278
E:\N9_20251512_PKM2.lif,N9_20251512_PKM2,118,RWT9996/6/R9,N9_20251512_PKM2_S119_RWT9996_6_R9,28,7643,7641,7641,4996,0,0,7641,3410,4996,4,6,1,22.0,1.1035204816123545,88,152.5,10.0,55.0,42.5,4,6,1,22.0,1.1035204816123545,88,152.5,10.0,55.0,42.5,8,18,2,15.76923076923077,1.2077662129703763,60,142.5,8.0,45.0,27.5,122.98494961392488,111.0,1.1079725190443683,1763.0745975657635,199.0,8.859671344551577,279.3067448680352,198.0,1.4106401255961374,323.55660253893467,174.0,1.859520704246751,,174.0,
E:\N9_20251512_PKM2.lif,N9_20251512_PKM2,118,RWT9996/6/R9,N9_20251512_PKM2_S119_RWT9996_6_R9,29,20045,14972,0,14972,1,0,0,6798,14972,19,95,19,10.921875,1.2728426395939083,97,367.5,16.0,75.0,45.0,0,0,0,0.0,,0,0.0,0.0,,,19,95,19,10.921875,1.2728426395939083,97,367.5,16.0,75.0,45.0,134.22902751803366,111.0,1.2092705181804837,230.9390195030724,199.0,1.160497585442575,277.8508919042537,198.0,1.403287332849766,335.8016965001336,174.0,1.929894807472032,291.35356942102305,174.0,1.6744458012702474
E:\N9_20251512_PKM2.lif,N9_20251512_PKM2,118,RWT9996/6/R9,N9_20251512_PKM2_S119_RWT9996_6_R9,30,41347,28448,6730,28282,1,6730,0,8303,28282,28,117,24,14.457831325301203,1.5891099550056242,183,812.5,21.0,115.0,90.0,14,48,13,11.117647058823527,1.547845468053492,163,222.5,4.0,105.0,80.0,28,117,24,14.481927710843374,1.598437168517078,184,702.5,17.0,115.0,90.0,301.84071322436847,111.0,2.71928570472404,233.4890677727784,199.0,1.1733118983556703,283.45798879701255,198.0,1.4316060040253158,343.29260404949383,174.0,1.9729460002844472,345.7007399287476,174.0,1.986785861659469
E:\N9_20251512_PKM2.lif,N9_20251512_PKM2,118,RWT9996/6/R9,N9_20251512_PKM2_S119_RWT9996_6_R9,31,14427,6682,0,6682,1,0,0,0,6682,20,74,19,10.122448979591836,1.63888057467824,127,372.5,9.0,25.0,60.0,0,0,0,0.0,,0,0.0,0.0,,,20,74,19,10.122448979591836,1.63888057467824,127,372.5,9.0,25.0,60.0,152.25381622268782,111.0,1.3716560020061963,217.83403172702785,199.0,1.0946433755127027,221.63738401676144,198.0,1.119380727357381,256.4865309787489,174.0,1.4740605228663728,256.39365158710325,174.0,1.473526733259214
E:\N9_20251512_PKM2.lif,N9_20251512_PKM2,118,RWT9996/6/R9,N9_20251512_PKM2_S119_RWT9996_6_R9,32,28879,15208,2835,15208,1,2835,0,2184,15208,14,54,14,16.0,1.970476065228827,148,422.5,7.0,100.0,70.0,9,24,4,9.105263157894736,1.4507936507936507,58,155.0,11.0,45.0,25.0,14,54,14,16.0,1.970476065228827,148,422.5,7.0,100.0,70.0,225.3710758377425,111.0,2.0303700525922745,234.77880063124672,199.0,1.1797929679962147,275.1528213166144,198.0,1.3896607137202748,385.4453577064703,174.0,2.2152032052096,438.9629365645046,174.0,2.522775497497153
E:\N9_20251512_PKM2.lif,N9_20251512_PKM2,118,RWT9996/6/R9,N9_20251512_PKM2_S119_RWT9996_6_R9,33,24215,12865,557,12519,1,0,557,10943,12519,18,46,7,18.34285714285714,1.9161290322580644,133,410.0,9.0,95.0,62.5,3,3,0,6.333333333333333,1.0466786355475763,27,32.5,5.0,15.0,10.0,19,43,11,17.916666666666668,1.9609393721543251,132,445.0,12.0,55.0,62.5,121.81274776525456,111.0,1.0974121420293204,382.0394973070018,199.0,1.919796468879406,308.273538961039,198.0,1.556937065459793,277.7763699961135,174.0,1.5964159195178935,281.7270955165692,174.0,1.6191212386009723
E:\N9_20251512_PKM2.lif,N9_20251512_PKM2,118,RWT9996/6/R9,N9_20251512_PKM2_S119_RWT9996_6_R9,34,47131,13545,2668,13545,1,2668,0,271,13545,23,69,20,15.4,1.9064599483204132,137,507.5,11.0,85.0,65.0,8,8,5,14.444444444444445,1.6458020989505249,63,112.5,4.0,25.0,30.0,23,69,20,15.4,1.9064599483204132,137,507.5,11.0,85.0,65.0,249.7713643178411,111.0,2.2501924713319017,216.12890365448504,199.0,1.0860748927361057,298.10648148148147,198.0,1.5055882903105124,305.7845699520118,174.0,1.7573825859311023,329.5613439033598,174.0,1.894030712088275
E:\N9_20251512_PKM2.lif,N9_20251512_PKM2,118,RWT9996/6/R9,N9_20251512_PKM2_S119_RWT9996_6_R9,35,18602,10422,0,10422,1,0,0,16409,10422,12,69,24,13.071428571428571,1.6599501055459605,124,337.5,9.0,90.0,60.0,0,0,0,0.0,,0,0.0,0.0,,,12,69,24,13.071428571428571,1.6599501055459605,124,337.5,9.0,90.0,60.0,135.0426021876799,111.0,1.216600019708828,226.66743427365188,199.0,1.1390323330334264,288.7614280947614,198.0,1.4583910509836435,312.72769142199195,174.0,1.7972855828850112,331.13069233617176,174.0,1.90304995595501
E:\N9_20251512_PKM2.lif,N9_20251512_PKM2,118,RWT9996/6/R9,N9_20251512_PKM2_S119_RWT9996_6_R9,36,20062,14154,0,14154,1,0,0,0,14154,14,26,3,20.8,1.476896990250106,129,332.5,17.0,80.0,62.5,0,0,0,0.0,,0,0.0,0.0,,,14,26,3,20.8,1.476896990250106,129,332.5,17.0,80.0,62.5,113.15204182563232,111.0,1.019387764194886,217.1322594319627,199.0,1.0911168815676515,206.84209410767275,198.0,1.0446570409478422,342.4883425180161,174.0,1.9683238075748053,396.3673387096774,174.0,2.2779732109751576
E:\N9_20251512_PKM2.lif,N9_20251512_PKM2,118,RWT9996/6/R9,N9_20251512_PKM2_S119_RWT9996_6_R9,37,42471,21400,9812,20468,2,6267,7724,20187,20468,19,79,19,16.02,1.609018691588785,172,462.5,18.0,90.0,67.8,15,51,13,11.052631578947368,1.2902568283734204,89,247.5,11.0,60.0,42.5,19,89,17,15.736842105263158,1.6822845417236665,174,477.5,14.0,85.0,71.53846153846153,252.70783468964416,111.0,2.2766471593661635,723.4893837389953,199.0,3.635625043914549,335.2267655416176,198.0,1.693064472432412,340.6806074766355,174.0,1.9579345257277905,366.8661586880901,174.0,2.10842619935684
E:\N9_20251512_PKM2.lif,N9_20251512_PKM2,118,RWT9996/6/R9,N9_20251512_PKM2_S119_RWT9996_6_R9,38,8504,4900,0,4900,0,0,0,0,4900,19,58,13,7.0,1.2577551020408164,115,155.0,5.0,100.0,60.0,0,0,0,0.0,,0,0.0,0.0,,,19,58,13,7.0,1.2577551020408164,115,155.0,5.0,100.0,60.0,230.95938775510203,111.0,2.080715205000919,220.17122448979592,199.0,1.1063880627627936,276.22,198.0,1.395050505050505,530.128775510204,174.0,3.0467171006333564,,174.0,
E:\N9_20251512_PKM2.lif,N9_20251512_PKM2,118,RWT9996/6/R9,N9_20251512_PKM2_S119_RWT9996_6_R9,39,47691,25447,17101,18853,2,0,17101,12508,18853,31,111,26,11.882352941176473,1.2045034778166386,244,432.5,6.0,110.0,120.0,33,103,24,10.276315789473683,1.4165253493947725,122,417.5,11.0,75.0,57.5,21,72,18,12.898305084745765,1.4024823635495678,234,447.5,7.0,205.0,115.0,121.608991236688,111.0,1.09557649762782,1019.5837670311678,199.0,5.1235365177445615,277.5934539190353,198.0,1.401987141005229,371.3039651039416,174.0,2.1339308339306986,540.8302978358689,174.0,3.1082201025049936
E:\N9_20251512_PKM2.lif,N9_20251512_PKM2,118,RWT9996/6/R9,N9_20251512_PKM2_S119_RWT9996_6_R9,40,23010,8245,0,8245,1,0,0,319,8245,11,33,3,13.928571428571429,1.3066100667070952,91,237.5,12.0,50.0,42.5,0,0,0,0.0,,0,0.0,0.0,,,11,33,3,13.928571428571429,1.3066100667070952,91,237.5,12.0,50.0,42.5,130.19053972104305,111.0,1.172887745234622,208.57938144329896,199.0,1.048137595192457,292.1849529780564,198.0,1.4756815806972543,314.7755003032141,174.0,1.809054599443759,344.70010200612035,174.0,1.981035069000692
E:\N9_20251512_PKM2.lif,N9_20251512_PKM2,122,MDL29951/5/R11,N9_20251512_PKM2_S123_MDL29951_5_R11,3,15660,5811,0,5811,1,0,0,0,5811,6,26,5,16.941176470588236,1.3080364825331268,83,167.5,13.0,45.0,37.5,0,0,0,0.0,,0,0.0,0.0,,,6,26,5,16.941176470588236,1.3080364825331268,83,167.5,13.0,45.0,37.5,111.77370504216142,109.0,1.0254468352491874,200.76716572018583,190.0,1.0566692932641362,193.57838581999656,194.0,0.99782673103091,224.8057133023576,154.0,1.4597773591062182,225.25914817036596,154.0,1.4627217413660123
E:\N9_20251512_PKM2.lif,N9_20251512_PKM2,122,MDL29951/5/R11,N9_20251512_PKM2_S123_MDL29951_5_R11,4,68629,7171,1102,7000,1,1102,0,0,7000,8,16,2,26.642857142857142,1.886487240273323,98,290.0,11.0,65.0,50.0,7,25,7,5.533333333333333,2.104355716878403,59,87.5,5.0,30.0,26.11111111111111,5,9,2,44.625,1.9325714285714288,99,285.0,8.0,65.0,52.5,244.21869328493648,109.0,2.240538470504005,195.2860131083531,190.0,1.0278211216229112,205.62153116720123,194.0,1.059904799830934,215.78887184493095,154.0,1.4012264405514998,211.5665790102797,154.0,1.373808954612206
E:\N9_20251512_PKM2.lif,N9_20251512_PKM2,122,MDL29951/5/R11,N9_20251512_PKM2_S123_MDL29951_5_R11,5,26245,13616,0,13616,1,0,0,0,13616,22,86,22,12.163934426229508,1.6757491186839013,123,437.5,9.0,40.0,57.5,0,0,0,0.0,,0,0.0,0.0,,,22,86,22,12.163934426229508,1.6757491186839013,123,437.5,9.0,40.0,57.5,113.88968860164512,109.0,1.0448595284554598,199.4585047003525,190.0,1.049781603686066,195.96650998824916,194.0,1.0101366494239643,261.2539659224442,154.0,1.6964543241717156,260.3427352453188,154.0,1.6905372418527196
E:\N9_20251512_PKM2.lif,N9_20251512_PKM2,122,MDL29951/5/R11,N9_20251512_PKM2_S123_MDL29951_5_R11,6,3719,2138,0,2138,0,0,0,0,2138,12,18,7,8.15,1.774087932647334,61,187.5,9.0,50.0,27.5,0,0,0,0.0,,0,0.0,0.0,,,12,18,7,8.15,1.774087932647334,61,187.5,9.0,50.0,27.5,110.59635173058932,109.0,1.0146454287210032,189.5042095416277,190.0,0.9973905765348826,186.02712815715623,194.0,0.9589027224595682,262.11646398503274,154.0,1.702054960941771,,154.0,
E:\N9_20251512_PKM2.lif,N9_20251512_PKM2,122,MDL29951/5/R11,N9_20251512_PKM2_S123_MDL29951_5_R11,7,25595,9932,0,9932,1,0,0,372,9932,18,72,11,12.73469387755102,1.747885622231172,115,337.5,7.0,40.0,55.0,0,0,0,0.0,,0,0.0,0.0,,,18,72,11,12.73469387755102,1.747885622231172,115,337.5,7.0,40.0,55.0,113.14609343536046,109.0,1.0380375544528482,219.2555376560612,190.0,1.1539765139792697,297.3766233766234,194.0,1.5328691926630071,249.20146999597264,154.0,1.618191363610212,243.6984126984127,154.0,1.5824572253143685
E:\N9_20251512_PKM2.lif,N9_20251512_PKM2,122,MDL29951/5/R11,N9_20251512_PKM2_S123_MDL29951_5_R11,8,25428,16630,0,16630,1,0,0,0,16630,20,108,33,12.09722222222222,1.539146121467228,120,497.5,19.0,85.0,57.5,0,0,0,0.0,,0,0.0,0.0,,,20,108,33,12.09722222222222,1.539146121467228,120,497.5,19.0,85.0,57.5,113.44660252555624,109.0,1.0407945185830847,218.70751653638004,190.0,1.151092192296737,228.16482260974144,194.0,1.1761073330399043,301.2754660252556,154.0,1.956334194969192,332.5816627358491,154.0,2.1596211865964228
E:\N9_20251512_PKM2.lif,N9_20251512_PKM2,122,MDL29951/5/R11,N9_20251512_PKM2_S123_MDL29951_5_R11,9,41507,8945,597,8753,1,0,597,27812,8753,21,47,7,15.108108108108109,2.7908328675237564,154,517.5,13.0,35.0,75.0,4,2,3,4.5,1.068676716917923,26,67.5,12.0,15.0,10.0,21,47,8,14.891891891891891,2.8520507254655545,152,502.5,12.0,85.0,72.5,118.66215762996087,109.0,1.0886436479812924,483.142378559464,190.0,2.5428546239971785,292.62919237993026,194.0,1.50839789886562,242.4871995528228,154.0,1.5745922048884595,244.71022589264027,154.0,1.5890274408613003
E:\N9_20251512_PKM2.lif,N9_20251512_PKM2,122,MDL29951/5/R11,N9_20251512_PKM2_S123_MDL29951_5_R11,10,62024,7376,0,7376,1,0,0,25217,7376,15,56,8,10.128205128205128,1.2921637744034706,85,207.5,11.0,50.0,40.0,0,0,0,0.0,,0,0.0,0.0,,,15,56,8,10.128205128205128,1.2921637744034706,85,207.5,11.0,50.0,40.0,116.90523318872016,109.0,1.0725250751258733,234.71610629067249,190.0,1.2353479278456443,275.54500818330604,194.0,1.4203350937283816,250.39818329718003,154.0,1.6259622292024678,249.56242312423123,154.0,1.6205352150924106
E:\N9_20251512_PKM2.lif,N9_20251512_PKM2,122,MDL29951/5/R11,N9_20251512_PKM2_S123_MDL29951_5_R11,11,14364,8608,0,8608,1,0,0,0,8608,29,97,19,9.181818181818182,1.58317843866171,94,397.5,13.0,50.0,45.0,0,0,0,0.0,,0,0.0,0.0,,,29,97,19,9.181818181818182,1.58317843866171,94,397.5,13.0,50.0,45.0,111.2421003717472,109.0,1.0205697281811672,200.47769516728624,190.0,1.0551457640383486,197.7642890334573,194.0,1.0194035517188518,249.5778345724907,154.0,1.6206352894317575,247.2625059552168,154.0,1.6056006880208882
E:\N9_20251512_PKM2.lif,N9_20251512_PKM2,122,MDL29951/5/R11,N9_20251512_PKM2_S123_MDL29951_5_R11,12,41959,8250,0,8250,1,0,0,33786,8250,16,54,24,11.024390243902438,1.2553939393939393,78,202.5,9.0,55.0,35.0,0,0,0,0.0,,0,0.0,0.0,,,16,54,24,11.024390243902438,1.2553939393939393,78,202.5,9.0,55.0,35.0,157.30363636363637,109.0,1.4431526271893245,224.9682424242424,190.0,1.1840433811802231,351.5518240484657,194.0,1.8121228043735345,320.6712727272727,154.0,2.082280991735537,332.9145968016332,154.0,2.161783096114501
E:\N9_20251512_PKM2.lif,N9_20251512_PKM2,122,MDL29951/5/R11,N9_20251512_PKM2_S123_MDL29951_5_R11,13,24043,12366,0,12366,0,0,0,602,12366,19,87,16,10.38888888888889,1.5486818696425684,103,342.5,12.0,80.0,50.0,0,0,0,0.0,,0,0.0,0.0,,,19,87,16,10.38888888888889,1.5486818696425684,103,342.5,12.0,80.0,50.0,122.6354520459324,109.0,1.125095890329655,500.13626071486334,190.0,2.6322961090255967,266.3645833333333,194.0,1.3730133161512026,333.38678634966845,154.0,2.164849262010834,,154.0,
E:\N9_20251512_PKM2.lif,N9_20251512_PKM2,122,MDL29951/5/R11,N9_20251512_PKM2_S123_MDL29951_5_R11,14,58837,31568,16621,29725,1,16621,0,49752,29725,46,215,66,11.795774647887324,1.7810757729346174,249,887.5,17.0,75.0,114.06976744186046,22,69,17,17.03846153846154,2.299440466879249,156,632.5,12.0,85.0,75.0,50,256,76,10.364197530864198,1.821900756938604,251,927.5,17.0,105.0,114.06976744186046,283.99181758016965,109.0,2.605429519084125,220.4271414090218,190.0,1.1601428495211674,402.6518127929418,194.0,2.0755248082110405,291.32140141915863,154.0,1.8916974118127183,371.93694362017806,154.0,2.415174958572585
E:\N9_20251512_PKM2.lif,N9_20251512_PKM2,122,MDL29951/5/R11,N9_20251512_PKM2_S123_MDL29951_5_R11,15,7629,2137,0,2137,0,0,0,0,2137,11,27,2,9.272727272727272,2.1731399157697706,92,195.0,5.0,55.0,44.66666666666666,0,0,0,0.0,,0,0.0,0.0,,,11,27,2,9.272727272727272,2.1731399157697706,92,195.0,5.0,55.0,44.66666666666666,113.80767430978008,109.0,1.0441071037594505,218.51380439868976,190.0,1.150072654729946,331.58118858212447,194.0,1.7091813844439403,229.4922788956481,154.0,1.4902096032184942,,154.0,
E:\N9_20251512_PKM2.lif,N9_20251512_PKM2,122,MDL29951/5/R11,N9_20251512_PKM2_S123_MDL29951_5_R11,16,26972,17172,0,17172,1,0,0,2400,17172,18,60,7,16.90909090909091,1.3800372699743768,126,407.5,10.0,65.0,60.0,0,0,0,0.0,,0,0.0,0.0,,,18,60,7,16.90909090909091,1.3800372699743768,126,407.5,10.0,65.0,60.0,115.527428371768,109.0,1.0598846639611743,221.26473328674587,190.0,1.1645512278249783,271.0813008130081,194.0,1.3973262928505572,316.22804565571863,154.0,2.0534288678942767,327.9188412206988,154.0,2.1293431248097328
E:\N9_20251512_PKM2.lif,N9_20251512_PKM2,122,MDL29951/5/R11,N9_20251512_PKM2_S123_MDL29951_5_R11,17,17578,13008,0,13008,2,0,0,623,13008,15,32,8,16.29032258064516,1.3720787207872078,114,337.5,19.0,70.0,55.0,0,0,0,0.0,,0,0.0,0.0,,,15,32,8,16.29032258064516,1.3720787207872078,114,337.5,19.0,70.0,55.0,118.01122386223862,109.0,1.0826717785526478,232.229704797048,190.0,1.2222616041949892,275.3434991974317,194.0,1.4192963876156277,325.8341020910209,154.0,2.115805857733902,306.0883955185528,154.0,1.9875869838867064
E:\N9_20251512_PKM2.lif,N9_20251512_PKM2,122,MDL29951/5/R11,N9_20251512_PKM2_S123_MDL29951_5_R11,18,5671,3572,0,3572,1,0,0,0,3572,17,55,26,6.725,1.6251399776035835,65,220.0,10.0,40.0,32.5,0,0,0,0.0,,0,0.0,0.0,,,17,55,26,6.725,1.6251399776035835,65,220.0,10.0,40.0,32.5,113.42945128779397,109.0,1.0406371677779265,207.64333706606945,190.0,1.0928596687687864,198.66685330347144,194.0,1.024055944863255,262.3409854423292,154.0,1.7035128924826572,250.74289156626503,154.0,1.6282005945861366
E:\N9_20251512_PKM2.lif,N9_20251512_PKM2,122,MDL29951/5/R11,N9_20251512_PKM2_S123_MDL29951_5_R11,19,102174,71817,59552,44328,1,59552,0,91532,44328,54,334,63,16.640552995391705,1.3630198977957866,230,1612.5,33.0,160.0,112.5,51,247,51,15.710982658959535,1.4425040300913488,336,1067.5,11.0,230.0,172.01612903225808,70,313,69,13.995121951219511,2.202513084280816,229,1942.5,30.0,170.0,112.5,454.7628291241268,109.0,4.172136047010338,211.02763969533677,190.0,1.1106717878701935,598.0770677547058,194.0,3.0828714832716795,256.7752342760071,154.0,1.6673716511429033,409.0187362233652,154.0,2.6559658196322413
E:\N9_20251512_PKM2.lif,N9_20251512_PKM2,122,MDL29951/5/R11,N9_20251512_PKM2_S123_MDL29951_5_R11,20,13489,8250,3984,7703,1,0,3984,1543,7703,8,40,11,15.592592592592592,1.456,95,277.5,10.0,60.0,45.0,2,52,23,8.333333333333334,1.2853915662650603,59,127.5,8.0,45.0,27.5,9,38,11,13.766666666666667,1.5445930157081655,94,317.5,16.0,55.0,45.0,126.66121212121212,109.0,1.162029469001946,449.7356927710844,190.0,2.3670299619530755,222.67518248175185,194.0,1.147810218978102,295.2810909090909,154.0,1.917409681227863,307.48890589135425,154.0,1.996681207086716
E:\N9_20251512_PKM2.lif,N9_20251512_PKM2,122,MDL29951/5/R11,N9_20251512_PKM2_S123_MDL29951_5_R11,21,69189,5564,0,5564,0,0,0,38318,5564,14,28,6,15.772727272727272,6.324406901509705,246,307.5,5.0,190.0,120.0,0,0,0,0.0,,0,0.0,0.0,,,14,28,6,15.772727272727272,6.324406901509705,246,307.5,5.0,190.0,120.0,197.4079798705967,109.0,1.8110823841339148,199.7557512580877,190.0,1.0513460592530932,272.704200178731,194.0,1.4056917534986135,197.0088066139468,154.0,1.2792779650256283,,154.0,
E:\N9_20251512_PKM2.lif,N9_20251512_PKM2,122,MDL29951/5/R11,N9_20251512_PKM2_S123_MDL29951_5_R11,23,19460,9170,0,9170,2,0,0,4424,9170,21,69,18,9.73076923076923,1.5346782988004362,112,380.0,10.0,55.0,52.5,0,0,0,0.0,,0,0.0,0.0,,,21,69,18,9.73076923076923,1.5346782988004362,112,380.0,10.0,55.0,52.5,121.17502726281351,109.0,1.1116974978239773,228.1703380588877,190.0,1.2008965160994087,264.4006276150628,194.0,1.3628898330673338,281.85299890948744,154.0,1.8302142786330355,252.45178713264497,154.0,1.6392973190431492
E:\N9_20251512_PKM2.lif,N9_20251512_PKM2,122,MDL29951/5/R11,N9_20251512_PKM2_S123_MDL29951_5_R11,24,11328,5884,0,5884,1,0,0,175,5884,25,81,10,7.428571428571429,1.726036709721278,112,317.5,10.0,55.0,52.5,0,0,0,0.0,,0,0.0,0.0,,,25,81,10,7.428571428571429,1.726036709721278,112,317.5,10.0,55.0,52.5,115.99473147518697,109.0,1.0641718483962106,199.8529911624745,190.0,1.05185784822355,333.1524390243902,194.0,1.7172806135277847,236.5343303874915,154.0,1.5359372103083864,223.77529159723875,154.0,1.4530863090729789
E:\N9_20251512_PKM2.lif,N9_20251512_PKM2,122,MDL29951/5/R11,N9_20251512_PKM2_S123_MDL29951_5_R11,25,150667,13040,4257,13039,1,3991,775,45786,13039,11,29,8,25.30434782608696,2.3063650306748467,327,482.5,8.0,45.0,159.4262295081967,7,32,13,9.8,1.3619920131548038,60,157.5,10.0,40.0,27.5,11,31,7,25.30434782608696,2.306541912723368,327,482.5,8.0,45.0,159.4262295081967,236.19844650463543,109.0,2.166958224813169,502.44129032258064,190.0,2.644427843803056,288.2043996333639,194.0,1.4855896888317726,269.266027607362,154.0,1.748480698749104,348.286133960047,154.0,2.2615982724678374
E:\N9_20251512_PKM2.lif,N9_20251512_PKM2,122,MDL29951/5/R11,N9_20251512_PKM2_S123_MDL29951_5_R11,26,7841,3562,0,3562,1,0,0,0,3562,6,4,0,23.33333333333333,1.487085906793936,74,122.5,6.0,35.0,33.333333333333336,0,0,0,0.0,,0,0.0,0.0,,,6,4,0,23.33333333333333,1.487085906793936,74,122.5,6.0,35.0,33.333333333333336,113.2599663110612,109.0,1.0390822597345064,199.0230207748456,190.0,1.047489583025503,174.2594048287479,194.0,0.8982443547873603,250.15440763615945,154.0,1.6243792703646718,206.11764705882356,154.0,1.3384262796027502
E:\N9_20251512_PKM2.lif,N9_20251512_PKM2,122,MDL29951/5/R11,N9_20251512_PKM2_S123_MDL29951_5_R11,27,15589,8179,463,8179,1,463,0,604,8179,11,44,12,13.96551724137931,1.2864653380608877,84,162.5,7.0,50.0,40.0,3,13,2,3.4285714285714284,1.105831533477322,27,27.5,4.0,15.0,10.0,11,44,12,13.96551724137931,1.2864653380608877,84,162.5,7.0,50.0,40.0,235.8401727861771,109.0,2.1636713099649274,188.6346741655459,190.0,0.9928140745555049,194.77417777234385,194.0,1.0039906070739373,299.8448465582589,154.0,1.9470444581705129,313.99405878674173,154.0,2.038922459654167
E:\N9_20251512_PKM2.lif,N9_20251512_PKM2,122,MDL29951/5/R11,N9_20251512_PKM2_S123_MDL29951_5_R11,28,9363,3725,0,3725,0,0,0,0,3725,4,4,1,24.8,1.283489932885906,61,122.5,10.0,35.0,27.5,0,0,0,0.0,,0,0.0,0.0,,,4,4,1,24.8,1.283489932885906,61,122.5,10.0,35.0,27.5,115.23812080536912,109.0,1.057230466104304,428.3675167785235,190.0,2.254565877781703,167.45664429530203,194.0,0.8631785788417631,246.2918120805369,154.0,1.5992974810424474,,154.0,
E:\N9_20251512_PKM2.lif,N9_20251512_PKM2,124,MDL29951/5/R7,N9_20251512_PKM2_S125_MDL29951_5_R7,1,17565,8129,0,8129,1,0,0,0,8129,19,75,20,11.369565217391305,1.822610407184156,94,470.0,22.0,70.0,50.0,0,0,0,0.0,,0,0.0,0.0,,,19,75,20,11.369565217391305,1.822610407184156,94,470.0,22.0,70.0,50.0,108.3861483577316,107.0,1.0129546575488932,180.2422192151556,186.0,0.9690441893287935,180.4979702300406,190.0,0.9499893170002136,232.8018206421454,150.0,1.5520121376143026,221.5945896545421,150.0,1.4772972643636142
E:\N9_20251512_PKM2.lif,N9_20251512_PKM2,124,MDL29951/5/R7,N9_20251512_PKM2_S125_MDL29951_5_R7,2,9342,2251,0,2251,0,0,0,8184,2251,9,9,6,14.4,1.5099955575299866,102,120.0,4.0,80.0,47.5,0,0,0,0.0,,0,0.0,0.0,,,9,9,6,14.4,1.5099955575299866,102,120.0,4.0,80.0,47.5,138.36428254109285,107.0,1.293124135898064,183.1559306974678,186.0,0.9847093048250956,305.962962962963,190.0,1.6103313840155946,243.30741892492225,150.0,1.6220494594994816,,150.0,
E:\N9_20251512_PKM2.lif,N9_20251512_PKM2,124,MDL29951/5/R7,N9_20251512_PKM2_S125_MDL29951_5_R7,3,10583,2131,0,2131,0,0,0,6872,2131,5,7,1,17.142857142857142,1.5391834819333643,58,137.5,7.0,40.0,25.0,0,0,0,0.0,,0,0.0,0.0,,,5,7,1,17.142857142857142,1.5391834819333643,58,137.5,7.0,40.0,25.0,123.47395588925389,107.0,1.153962204572466,181.12060065696852,186.0,0.9737666701987556,251.5785123966942,190.0,1.3240974336668117,229.10042233693105,150.0,1.5273361489128734,,150.0,
E:\N9_20251512_PKM2.lif,N9_20251512_PKM2,124,MDL29951/5/R7,N9_20251512_PKM2_S125_MDL29951_5_R7,4,19808,8711,0,8711,1,0,0,0,8711,16,46,8,11.257142857142858,1.5784640110205488,118,247.5,5.0,110.0,57.5,0,0,0,0.0,,0,0.0,0.0,,,16,46,8,11.257142857142858,1.5784640110205488,118,247.5,5.0,110.0,57.5,109.64826081965332,107.0,1.0247501011182554,192.2323499024222,186.0,1.0335072575399045,191.337159912754,190.0,1.0070376837513366,251.153024911032,150.0,1.67435349940688,240.45950665793492,150.0,1.6030633777195664
E:\N9_20251512_PKM2.lif,N9_20251512_PKM2,124,MDL29951/5/R7,N9_20251512_PKM2_S125_MDL29951_5_R7,5,59095,26226,0,26226,2,0,0,47715,26226,29,84,13,18.38235294117647,1.9631663234957677,198,745.0,11.0,95.0,95.0,0,0,0,0.0,,0,0.0,0.0,,,29,84,13,18.38235294117647,1.9631663234957677,198,745.0,11.0,95.0,95.0,130.4522611149241,107.0,1.2191800104198516,205.51948448104932,186.0,1.104943464951878,305.3399695776664,190.0,1.607052471461402,273.5909784183635,150.0,1.8239398561224232,299.4030902683654,150.0,1.996020601789103
E:\N9_20251512_PKM2.lif,N9_20251512_PKM2,124,MDL29951/5/R7,N9_20251512_PKM2_S125_MDL29951_5_R7,7,24976,8594,0,8594,1,0,0,0,8594,14,30,3,19.16,2.1451012334186643,127,387.5,8.0,40.0,60.0,0,0,0,0.0,,0,0.0,0.0,,,14,30,3,19.16,2.1451012334186643,127,387.5,8.0,40.0,60.0,109.7885734233186,107.0,1.0260614338627907,200.7308587386549,186.0,1.0791981652615854,200.73667675122175,190.0,1.0565088250064305,223.90318827088663,150.0,1.492687921805911,229.3297658862876,150.0,1.528865105908584
E:\N9_20251512_PKM2.lif,N9_20251512_PKM2,124,MDL29951/5/R7,N9_20251512_PKM2_S125_MDL29951_5_R7,8,37361,21016,660,20420,2,0,660,0,20420,17,70,29,16.074074074074073,1.7736010658545869,185,772.5,16.0,175.0,90.0,2,0,0,5.0,1.034848484848485,26,47.5,8.0,15.0,10.0,17,66,29,16.384615384615383,1.8253672869735555,183,627.5,15.0,75.0,90.0,114.12109821088694,107.0,1.0665523197279154,395.75757575757575,186.0,2.1277289019224503,217.51903311762467,190.0,1.1448370164085508,289.84635515797487,150.0,1.932309034386499,282.94737372719027,150.0,1.886315824847935
E:\N9_20251512_PKM2.lif,N9_20251512_PKM2,124,MDL29951/5/R7,N9_20251512_PKM2_S125_MDL29951_5_R7,9,27698,13286,0,13286,1,0,0,0,13286,4,12,2,49.125,1.6856841788348638,137,307.5,7.0,40.0,65.0,0,0,0,0.0,,0,0.0,0.0,,,4,12,2,49.125,1.6856841788348638,137,307.5,7.0,40.0,65.0,110.57895529128406,107.0,1.0334481802923745,204.3477344573235,186.0,1.0986437336415242,202.9741833508957,190.0,1.06828517553103,270.12261026644586,150.0,1.8008174017763057,263.1342100174048,150.0,1.7542280667826984
E:\N9_20251512_PKM2.lif,N9_20251512_PKM2,124,MDL29951/5/R7,N9_20251512_PKM2_S125_MDL29951_5_R7,10,17244,7683,0,7683,1,0,0,17,7683,7,19,4,26.214285714285715,1.815696993361968,103,257.5,9.0,60.0,47.5,0,0,0,0.0,,0,0.0,0.0,,,7,19,4,26.214285714285715,1.815696993361968,103,257.5,9.0,60.0,47.5,114.1193544188468,107.0,1.066536022606045,188.32539372640892,186.0,1.0125021168086503,198.20955355980735,190.0,1.0432081766305652,243.1362748926201,150.0,1.6209084992841338,229.01155821917808,150.0,1.5267437214611872
E:\N9_20251512_PKM2.lif,N9_20251512_PKM2,124,MDL29951/5/R7,N9_20251512_PKM2_S125_MDL29951_5_R7,11,13421,8556,0,8556,1,0,0,36,8556,6,12,2,20.55555555555556,1.099929873772791,87,152.5,5.0,55.0,40.0,0,0,0,0.0,,0,0.0,0.0,,,6,12,2,20.55555555555556,1.099929873772791,87,152.5,5.0,55.0,40.0,112.7364422627396,107.0,1.0536116099321458,201.84209911173448,186.0,1.08517257586954,346.55555555555554,190.0,1.8239766081871345,297.0850864890136,150.0,1.9805672432600905,304.26939058171746,150.0,2.0284626038781166
E:\N9_20251512_PKM2.lif,N9_20251512_PKM2,124,MDL29951/5/R7,N9_20251512_PKM2_S125_MDL29951_5_R7,12,24192,11087,0,11087,1,0,0,0,11087,19,66,16,13.27659574468085,1.626679895372959,228,397.5,6.0,75.0,119.63414634146342,0,0,0,0.0,,0,0.0,0.0,,,19,66,16,13.27659574468085,1.626679895372959,228,397.5,6.0,75.0,119.63414634146342,110.75223234418688,107.0,1.0350675920017465,211.8077027148913,186.0,1.138751089865007,210.92603950572743,190.0,1.1101370500301444,267.529088121223,150.0,1.7835272541414868,258.28593628593626,150.0,1.7219062419062416
E:\N9_20251512_PKM2.lif,N9_20251512_PKM2,124,MDL29951/5/R7,N9_20251512_PKM2_S125_MDL29951_5_R7,13,13842,6885,0,6885,1,0,0,1491,6885,15,35,5,12.23076923076923,1.4106027596223674,80,302.5,16.0,60.0,37.5,0,0,0,0.0,,0,0.0,0.0,,,15,35,5,12.23076923076923,1.4106027596223674,80,302.5,16.0,60.0,37.5,111.43718228031952,107.0,1.0414689932740144,209.2941176470588,186.0,1.125237191650854,225.5,190.0,1.186842105263158,257.49295570079886,150.0,1.7166197046719924,253.0807543520309,150.0,1.6872050290135396
E:\N9_20251512_PKM2.lif,N9_20251512_PKM2,124,MDL29951/5/R7,N9_20251512_PKM2_S125_MDL29951_5_R7,14,27835,12372,0,12372,1,0,0,0,12372,15,57,9,13.9,1.9784998383446493,129,397.5,7.0,45.0,62.5,0,0,0,0.0,,0,0.0,0.0,,,15,57,9,13.9,1.9784998383446493,129,397.5,7.0,45.0,62.5,111.4734076947947,107.0,1.041807548549483,212.65688651794372,186.0,1.1433165941824932,211.90623989654057,190.0,1.1152959994554767,270.9057549304882,150.0,1.8060383662032544,272.4782318969347,150.0,1.8165215459795645
E:\N9_20251512_PKM2.lif,N9_20251512_PKM2,124,MDL29951/5/R7,N9_20251512_PKM2_S125_MDL29951_5_R7,15,23596,13148,0,13148,1,0,0,0,13148,20,65,20,13.34,1.734636446607849,123,397.5,9.0,85.0,60.0,0,0,0,0.0,,0,0.0,0.0,,,20,65,20,13.34,1.734636446607849,123,397.5,9.0,85.0,60.0,111.85222087009431,107.0,1.0453478585990124,211.778293276544,186.0,1.1385929746050751,214.250076057195,190.0,1.1276319792483946,251.06662610282933,150.0,1.6737775073521954,246.229826546003,150.0,1.6415321769733533
E:\N9_20251512_PKM2.lif,N9_20251512_PKM2,124,MDL29951/5/R7,N9_20251512_PKM2_S125_MDL29951_5_R7,16,20145,11225,0,11225,1,0,0,0,11225,19,80,28,9.473684210526317,1.4455233853006682,118,337.5,6.0,85.0,57.5,0,0,0,0.0,,0,0.0,0.0,,,19,80,28,9.473684210526317,1.4455233853006682,118,337.5,6.0,85.0,57.5,110.26886414253896,107.0,1.0305501321732615,206.12115812917597,186.0,1.1081782695116986,206.19002227171487,190.0,1.0852106435353417,248.5624053452116,150.0,1.6570827023014103,236.8194752402069,150.0,1.5787965016013796
E:\N9_20251512_PKM2.lif,N9_20251512_PKM2,124,MDL29951/5/R7,N9_20251512_PKM2_S125_MDL29951_5_R7,17,25970,11939,0,11939,1,0,0,0,11939,10,48,16,14.882352941176473,1.7983080660021775,122,307.5,6.0,80.0,57.5,0,0,0,0.0,,0,0.0,0.0,,,10,48,16,14.882352941176473,1.7983080660021775,122,307.5,6.0,80.0,57.5,114.59150682636736,107.0,1.070948661928667,209.40958204204708,186.0,1.125857967967995,212.0081246335539,190.0,1.1158322349134415,268.81631627439486,150.0,1.7921087751626323,300.1115732811353,150.0,2.0007438218742357
E:\N9_20251512_PKM2.lif,N9_20251512_PKM2,124,MDL29951/5/R7,N9_20251512_PKM2_S125_MDL29951_5_R7,19,27380,14258,963,14258,1,826,166,3159,14258,7,33,5,22.045454545454547,1.510099593210829,126,317.5,13.0,55.0,60.0,5,19,4,6.5,1.150571131879543,34,82.5,10.0,20.0,15.0,7,33,5,22.045454545454547,1.510099593210829,126,317.5,13.0,55.0,60.0,245.52179176755448,107.0,2.2945961847435,407.2409638554217,186.0,2.189467547609794,293.07952146375794,190.0,1.5425237971776733,278.61593491373264,150.0,1.857439566091551,266.89597247520743,150.0,1.7793064831680496
E:\N9_20251512_PKM2.lif,N9_20251512_PKM2,124,MDL29951/5/R7,N9_20251512_PKM2_S125_MDL29951_5_R7,20,26368,12224,0,12224,1,0,0,0,12224,10,44,11,17.129032258064516,1.7774869109947644,117,332.5,10.0,45.0,55.0,0,0,0,0.0,,0,0.0,0.0,,,10,44,11,17.129032258064516,1.7774869109947644,117,332.5,10.0,45.0,55.0,111.01537958115183,107.0,1.0375269119733816,212.88833442408375,186.0,1.1445609377638912,216.32567081151836,190.0,1.138556162165886,248.071335078534,150.0,1.65380890052356,249.3822996010156,150.0,1.6625486640067706
E:\N9_20251512_PKM2.lif,N9_20251512_PKM2,124,MDL29951/5/R7,N9_20251512_PKM2_S125_MDL29951_5_R7,22,24941,10094,0,10094,1,0,0,120,10094,21,91,30,9.55,1.6061026352288488,112,400.0,12.0,60.0,52.5,0,0,0,0.0,,0,0.0,0.0,,,21,91,30,9.55,1.6061026352288488,112,400.0,12.0,60.0,52.5,112.51723796314644,107.0,1.051562971618191,212.50029720626117,186.0,1.1424747161626942,298.06666666666666,190.0,1.5687719298245617,249.2568852783832,150.0,1.661712568522555,240.6862322742775,150.0,1.6045748818285166
E:\N9_20251512_PKM2.lif,N9_20251512_PKM2,124,MDL29951/5/R7,N9_20251512_PKM2_S125_MDL29951_5_R7,23,28357,12798,0,12798,1,0,0,1385,12798,48,99,18,10.01219512195122,2.026488513830286,121,547.5,11.0,85.0,57.5,0,0,0,0.0,,0,0.0,0.0,,,48,99,18,10.01219512195122,2.026488513830286,121,547.5,11.0,85.0,57.5,109.88146585403967,107.0,1.0269295874209317,215.1954211595562,186.0,1.156964629890087,250.5342019543974,190.0,1.318601062917881,233.7773870917331,150.0,1.5585159139448872,229.43633562123543,150.0,1.5295755708082364
E:\N9_20251512_PKM2.lif,N9_20251512_PKM2,124,MDL29951/5/R7,N9_20251512_PKM2_S125_MDL29951_5_R7,24,11801,4137,0,4137,0,0,0,0,4137,1,1,0,91.5,1.328982354363065,65,137.5,6.0,55.0,30.0,0,0,0,0.0,,0,0.0,0.0,,,1,1,0,91.5,1.328982354363065,65,137.5,6.0,55.0,30.0,116.95987430505195,107.0,1.0930829374303923,225.4964950447184,186.0,1.2123467475522494,215.6543388929176,190.0,1.1350228362785135,208.6050277979212,150.0,1.3907001853194747,,150.0,
E:\N9_20251512_PKM2.lif,N9_20251512_PKM2,124,MDL29951/5/R7,N9_20251512_PKM2_S125_MDL29951_5_R7,25,33189,15738,0,15738,1,0,0,1438,15738,23,72,17,14.173076923076923,1.8977633752700471,219,490.0,7.0,105.0,109.8780487804878,0,0,0,0.0,,0,0.0,0.0,,,23,72,17,14.173076923076923,1.8977633752700471,219,490.0,7.0,105.0,109.8780487804878,112.86465878764773,107.0,1.054809895211661,219.96047782437407,186.0,1.1825832141095385,256.16141732283467,190.0,1.348217985909656,250.15929597153388,150.0,1.6677286398102258,238.34435186449937,150.0,1.588962345763329
E:\N9_20251512_PKM2.lif,N9_20251512_PKM2,124,MDL29951/5/R7,N9_20251512_PKM2_S125_MDL29951_5_R7,27,29575,11505,0,11505,1,0,0,0,11505,11,57,19,16.0625,1.457018687527162,202,447.5,7.0,140.0,97.5,0,0,0,0.0,,0,0.0,0.0,,,11,57,19,16.0625,1.457018687527162,202,447.5,7.0,140.0,97.5,119.17635810517166,107.0,1.1137977393006695,222.76992611907863,186.0,1.1976877748337562,221.8573663624511,190.0,1.1676703492760585,235.25971316818772,150.0,1.5683980877879182,219.8700180252353,150.0,1.4658001201682356
E:\N9_20251512_PKM2.lif,N9_20251512_PKM2,124,MDL29951/5/R7,N9_20251512_PKM2_S125_MDL29951_5_R7,28,36758,11358,0,11358,1,0,0,0,11358,12,26,2,24.714285714285715,2.388888888888889,146,452.5,10.0,75.0,70.0,0,0,0,0.0,,0,0.0,0.0,,,12,26,2,24.714285714285715,2.388888888888889,146,452.5,10.0,75.0,70.0,110.8943475964078,107.0,1.0363957719290449,195.50633914421556,186.0,1.051109350237718,195.4462933615073,190.0,1.02866470190267,212.64421553090327,150.0,1.4176281035393554,207.3847707847708,150.0,1.3825651385651383
E:\N9_20251512_PKM2.lif,N9_20251512_PKM2,124,MDL29951/5/R7,N9_20251512_PKM2_S125_MDL29951_5_R7,29,40882,17011,0,17011,1,0,0,0,17011,12,54,13,15.846153846153848,1.7823761095761566,162,387.5,9.0,110.0,77.5,0,0,0,0.0,,0,0.0,0.0,,,12,54,13,15.846153846153848,1.7823761095761566,162,387.5,9.0,110.0,77.5,110.93157368761388,107.0,1.0367436793234943,206.10728352242663,186.0,1.1081036748517563,208.68373405443535,190.0,1.098335442391765,267.8914819822468,150.0,1.7859432132149784,300.3185917951702,150.0,2.002123945301135
E:\N9_20251512_PKM2.lif,N9_20251512_PKM2,126,MDL29951/5/R3,N9_20251512_PKM2_S127_MDL29951_5_R3,1,140747,88056,88040,32591,2,88028,65,82784,32591,64,279,49,18.947089947089943,2.0428704460797675,356,1972.5,14.0,245.0,175.0,64,280,52,18.801047120418847,2.0432417083144023,356,1972.5,14.0,245.0,175.0,39,133,38,16.010416666666668,2.4398146727624197,297,1152.5,14.0,100.0,145.0,609.3113781978461,121.0,5.035631224775588,328.6307692307692,202.0,1.6268849961919267,344.88398503411344,206.0,1.6741941021073468,227.59078313800308,175.0,1.300518760788589,370.7235381812158,175.0,2.118420218178376
E:\N9_20251512_PKM2.lif,N9_20251512_PKM2,126,MDL29951/5/R3,N9_20251512_PKM2_S127_MDL29951_5_R3,2,34472,23610,22549,10604,1,22548,51,13157,10604,20,117,44,13.74025974025974,1.376535366370182,133,492.5,10.0,90.0,62.5,19,104,25,15.149253731343284,1.4028560024834804,132,442.5,10.0,105.0,62.5,15,66,24,11.311111111111112,1.610995850622407,109,452.5,12.0,65.0,52.5,437.250753947135,121.0,3.6136425946044217,321.5686274509804,202.0,1.5919238982721802,290.9843996494303,206.0,1.412545629366167,252.97047861075816,175.0,1.4455455920614753,389.42624166048927,175.0,2.22529280948851
E:\N9_20251512_PKM2.lif,N9_20251512_PKM2,126,MDL29951/5/R3,N9_20251512_PKM2_S127_MDL29951_5_R3,3,20857,12120,6441,10793,1,0,6441,76,10793,21,78,25,11.253968253968257,1.6567656765676568,173,477.5,9.0,70.0,82.5,2,22,5,23.46153846153846,1.2820990529420897,135,242.5,5.0,50.0,65.0,23,73,14,11.649122807017545,1.7903270638376725,166,442.5,8.0,35.0,80.0,133.24389438943894,121.0,1.101189209830074,458.02592765098586,202.0,2.2674550873811183,321.94736842105266,206.0,1.5628513030148188,252.71039603960395,175.0,1.444059405940594,254.70169374351883,175.0,1.4554382499629648
E:\N9_20251512_PKM2.lif,N9_20251512_PKM2,126,MDL29951/5/R3,N9_20251512_PKM2_S127_MDL29951_5_R3,4,18420,9657,2943,9217,1,2943,0,9120,9217,21,107,28,8.833333333333334,1.5789582686134411,95,337.5,8.0,60.0,45.0,19,73,25,4.754716981132075,1.958545701664968,95,172.5,11.0,35.0,44.66666666666666,22,88,22,8.983870967741936,1.6218943257025062,95,297.5,6.0,65.0,45.0,224.2874617737003,121.0,1.8536153865595064,210.41834938386663,202.0,1.041674996949835,267.16008139732065,206.0,1.2968935990161197,250.43957750854304,175.0,1.4310833000488177,256.8624873609707,175.0,1.4677856420626898
E:\N9_20251512_PKM2.lif,N9_20251512_PKM2,126,MDL29951/5/R3,N9_20251512_PKM2_S127_MDL29951_5_R3,5,9570,3516,656,3328,0,600,56,0,3328,7,5,1,18.875,1.4911831626848693,88,145.0,6.0,75.0,43.46153846153846,6,6,2,7.166666666666667,2.7820121951219514,91,50.0,2.0,5.0,57.5,7,5,1,18.5,1.5528846153846154,67,117.5,6.0,45.0,30.0,227.49666666666667,121.0,1.880137741046832,407.1428571428572,202.0,2.015558698727016,218.2866894197952,206.0,1.0596441233970642,224.24488054607508,175.0,1.281399317406143,,175.0,
E:\N9_20251512_PKM2.lif,N9_20251512_PKM2,126,MDL29951/5/R3,N9_20251512_PKM2_S127_MDL29951_5_R3,6,88534,41777,40928,8967,1,40928,0,55974,8967,46,185,41,15.286821705426355,1.988893410249659,203,1195.0,19.0,110.0,97.5,44,182,38,15.48,2.004324667709148,202,1257.5,14.0,115.0,97.5,14,37,7,16.161290322580644,4.702799152447865,325,347.5,4.0,115.0,132.02380952380952,353.6323788115715,121.0,2.922581643070839,211.01065179404932,202.0,1.0446071870992542,316.18670764502497,206.0,1.5348869303156552,214.22150944299491,175.0,1.2241229111028282,331.5895754228512,175.0,1.894797573844864
E:\N9_20251512_PKM2.lif,N9_20251512_PKM2,126,MDL29951/5/R3,N9_20251512_PKM2_S127_MDL29951_5_R3,7,67821,41744,41733,13045,1,41020,5810,31350,13045,25,99,14,22.671232876712327,1.9358949789191264,267,882.5,10.0,105.0,130.0,25,99,14,22.671232876712327,1.9364052428533771,267,872.5,10.0,105.0,130.0,15,51,7,18.90909090909091,1.728555001916443,210,342.5,5.0,15.0,102.5,564.7290102389079,121.0,4.667181902800892,702.6755593803787,202.0,3.4785918781206866,340.4917722224286,206.0,1.652872680691401,244.28348984285168,175.0,1.3959056562448668,395.2462399440364,175.0,2.2585499425373508
E:\N9_20251512_PKM2.lif,N9_20251512_PKM2,126,MDL29951/5/R3,N9_20251512_PKM2_S127_MDL29951_5_R3,8,4210,3079,84,2995,0,84,0,0,2995,7,9,3,15.666666666666666,1.2270217603117894,58,112.5,7.0,30.0,27.5,2,0,0,14.0,1.1904761904761905,22,25.0,4.0,5.0,7.5,5,9,3,16.0,1.0924874791318864,51,82.5,7.0,30.0,22.5,202.3095238095238,121.0,1.671979535615899,218.3374472231244,202.0,1.0808784515996257,273.223773952582,206.0,1.3263289997698156,244.5927249106853,175.0,1.3976727137753444,,175.0,
E:\N9_20251512_PKM2.lif,N9_20251512_PKM2,126,MDL29951/5/R3,N9_20251512_PKM2_S127_MDL29951_5_R3,9,15618,8226,4252,5850,1,1340,3862,11459,5850,6,28,4,20.05263157894737,1.325674690007294,86,237.5,7.0,40.0,40.0,1,9,1,35.4,1.1618062088428975,60,127.5,6.0,40.0,27.5,11,45,12,11.413793103448276,1.5762393162393162,97,217.5,8.0,35.0,45.0,256.42089552238804,121.0,2.11918095473048,451.2998446400829,202.0,2.234157646733084,292.76426609704,206.0,1.4211857577526212,247.2800875273523,175.0,1.4130290715848703,280.1625371655104,175.0,1.6009287838029165
E:\N9_20251512_PKM2.lif,N9_20251512_PKM2,126,MDL29951/5/R3,N9_20251512_PKM2_S127_MDL29951_5_R3,11,34567,13380,3745,11406,1,3745,0,2423,11406,52,178,37,7.761538461538461,2.27085201793722,202,662.5,9.0,120.0,99.05405405405403,16,34,13,9.413793103448276,3.930841121495327,190,262.5,4.0,25.0,94.65517241379312,44,156,37,7.776785714285714,1.9221462388216728,123,532.5,15.0,65.0,57.5,232.26969292389853,121.0,1.919584239040484,213.5462630792227,202.0,1.0571597182139738,266.22830578512395,206.0,1.2923704164326406,244.7698056801196,175.0,1.3986846038863976,235.04378219278885,175.0,1.343107326815936
E:\N9_20251512_PKM2.lif,N9_20251512_PKM2,126,MDL29951/5/R3,N9_20251512_PKM2_S127_MDL29951_5_R3,12,8564,6030,0,6030,1,0,0,1172,6030,14,59,24,6.954545454545454,1.3192371475953566,83,237.5,8.0,40.0,40.0,0,0,0,0.0,,0,0.0,0.0,,,14,59,24,6.954545454545454,1.3192371475953566,83,237.5,8.0,40.0,40.0,127.95771144278606,121.0,1.0575017474610418,218.2950248756219,202.0,1.0806684399783262,268.6708984375,206.0,1.3042276623179612,276.08905472636815,175.0,1.5776517412935325,263.3984782608696,175.0,1.5051341614906832
E:\N9_20251512_PKM2.lif,N9_20251512_PKM2,126,MDL29951/5/R3,N9_20251512_PKM2_S127_MDL29951_5_R3,13,51547,32248,20472,25671,1,20472,0,44567,25671,35,136,23,14.402061855670103,1.537211610022327,175,847.5,18.0,85.0,85.0,20,98,13,15.571428571428571,1.8025107463853067,171,625.0,15.0,80.0,85.0,38,131,19,14.10344827586207,1.7633126874683496,174,882.5,16.0,100.0,85.0,292.1515240328253,121.0,2.414475405229961,253.56620565616475,202.0,1.2552782458225975,383.35437185929646,206.0,1.8609435527150315,292.5363743487968,175.0,1.6716364248502675,311.4727820681861,175.0,1.7798444689610635
E:\N9_20251512_PKM2.lif,N9_20251512_PKM2,126,MDL29951/5/R3,N9_20251512_PKM2_S127_MDL29951_5_R3,14,15979,4999,2520,3471,0,2520,0,13436,3471,18,45,14,9.375,2.1118223644728946,193,297.5,5.0,125.0,113.6206896551724,7,17,6,12.466666666666669,2.7996031746031744,184,157.5,3.0,50.0,108.51851851851852,17,36,10,8.758620689655173,1.7533851915874388,74,225.0,9.0,30.0,37.5,227.59007936507936,121.0,1.8809097468188376,223.88797759551912,202.0,1.1083563247302926,399.9405416842996,206.0,1.9414589402150464,221.56691338267652,175.0,1.2660966479010087,,175.0,
E:\N9_20251512_PKM2.lif,N9_20251512_PKM2,126,MDL29951/5/R3,N9_20251512_PKM2_S127_MDL29951_5_R3,15,28849,15026,10449,10750,1,10449,0,26072,10750,21,96,24,12.461538461538462,1.5943032077731931,133,462.5,10.0,55.0,62.5,25,72,15,11.578947368421051,1.8725236864771748,118,417.5,10.0,65.0,57.5,23,66,19,10.92,1.822046511627907,142,487.5,11.0,65.0,67.5,289.7060005742176,121.0,2.3942644675555176,239.97524291228535,202.0,1.1879962520410168,363.61503823886784,206.0,1.765121544848873,256.1530680154399,175.0,1.4637318172310851,279.86700999697064,175.0,1.5992400571255465
E:\N9_20251512_PKM2.lif,N9_20251512_PKM2,126,MDL29951/5/R3,N9_20251512_PKM2_S127_MDL29951_5_R3,16,18646,14891,7180,14891,0,7180,0,13585,14891,13,30,4,15.434782608695652,1.2367873212007252,116,272.5,10.0,65.0,55.0,4,4,1,26.2,1.0676880222841223,78,157.5,7.0,35.0,35.0,13,30,4,15.434782608695652,1.2367873212007252,116,272.5,10.0,65.0,55.0,337.5232590529248,121.0,2.789448421924998,267.063528305688,202.0,1.3220966747806338,356.28095326754794,206.0,1.7295191906191647,603.7180175945202,175.0,3.4498172433972583,,175.0,
E:\N9_20251512_PKM2.lif,N9_20251512_PKM2,126,MDL29951/5/R3,N9_20251512_PKM2_S127_MDL29951_5_R3,17,22510,11859,1027,11350,1,0,1027,0,11350,30,114,37,8.939024390243903,1.5939792562610675,119,492.5,13.0,45.0,57.5,12,29,16,4.238095238095238,2.528724440116845,83,122.5,4.0,15.0,40.0,26,103,32,8.835443037974683,1.5920704845814977,118,502.5,9.0,45.0,57.5,121.80285015599966,121.0,1.0066351252561956,365.7770204479065,202.0,1.810777328950032,225.273716164938,206.0,1.0935617289560098,258.2856901931023,175.0,1.4759182296748703,244.53264331210192,175.0,1.3973293903548685
E:\N9_20251512_PKM2.lif,N9_20251512_PKM2,126,MDL29951/5/R3,N9_20251512_PKM2_S127_MDL29951_5_R3,18,34443,10440,5787,10266,1,5787,0,28454,10266,27,66,25,10.38181818181818,2.248659003831418,151,417.5,11.0,55.0,69.8076923076923,7,31,6,14.7,1.2208398133748055,73,182.5,9.0,50.0,35.0,28,69,27,10.403508771929824,2.2867718683031364,151,437.5,11.0,50.0,69.8076923076923,293.4107482287887,121.0,2.4248822167668487,228.46206896551723,202.0,1.1310003414134515,310.9345169471985,206.0,1.509390858966983,313.4955938697318,175.0,1.7914033935413245,373.8787241500176,175.0,2.136449852285814
E:\N9_20251512_PKM2.lif,N9_20251512_PKM2,126,MDL29951/5/R3,N9_20251512_PKM2_S127_MDL29951_5_R3,19,9413,6888,0,6888,1,0,0,334,6888,9,45,6,13.88888888888889,1.400987224157956,93,212.5,7.0,45.0,42.5,0,0,0,0.0,,0,0.0,0.0,,,9,45,6,13.88888888888889,1.400987224157956,93,212.5,7.0,45.0,42.5,126.556475029036,121.0,1.0459212812317025,219.1761033681765,202.0,1.0850302146939432,224.33333333333331,206.0,1.0889967637540454,257.36106271777004,175.0,1.470634644101543,237.18767226259084,175.0,1.3553581272148048
E:\N9_20251512_PKM2.lif,N9_20251512_PKM2,126,MDL29951/5/R3,N9_20251512_PKM2_S127_MDL29951_5_R3,20,62909,17411,960,17294,1,0,960,6709,17294,48,282,82,6.972222222222222,1.7720980989029924,139,657.5,15.0,85.0,67.5,1,27,7,8.0,1.4791666666666667,56,67.5,3.0,25.0,25.0,48,286,82,6.956043956043956,1.784086966578004,139,662.5,15.0,85.0,67.5,131.81299178680146,121.0,1.0893635684859624,360.61041666666665,202.0,1.7852000825082508,289.7807469414037,206.0,1.406702655055358,252.00959163747055,175.0,1.4400548093569747,257.62763134618785,175.0,1.4721578934067878
E:\N9_20251512_PKM2.lif,N9_20251512_PKM2,126,MDL29951/5/R3,N9_20251512_PKM2_S127_MDL29951_5_R3,21,23336,15490,0,15490,1,0,0,2294,15490,24,134,31,10.651162790697674,1.450484183344093,115,402.5,14.0,80.0,55.0,0,0,0,0.0,,0,0.0,0.0,,,24,134,31,10.651162790697674,1.450484183344093,115,402.5,14.0,80.0,55.0,123.90923176242735,121.0,1.0240432377060114,279.4164622336992,202.0,1.3832498130381148,275.7547817557626,206.0,1.3386154454163235,284.8525500322789,175.0,1.627728857327308,269.50418137892586,175.0,1.5400238935938622
E:\N9_20251512_PKM2.lif,N9_20251512_PKM2,126,MDL29951/5/R3,N9_20251512_PKM2_S127_MDL29951_5_R3,22,97497,23740,277,23697,1,277,0,76631,23697,40,214,63,11.511111111111113,3.3545492839090145,264,1002.5,10.0,90.0,130.0,6,6,2,3.4285714285714284,2.4151624548736463,55,37.5,2.0,10.0,27.5,39,211,63,11.62406015037594,3.360636367472676,264,997.5,10.0,90.0,130.0,235.93140794223828,121.0,1.9498463466300684,246.3317607413648,202.0,1.2194641620859643,317.44899205864385,206.0,1.5410145245565237,252.3336141533277,175.0,1.441906366590444,246.76430629888844,175.0,1.4100817502793626
E:\N9_20251512_PKM2.lif,N9_20251512_PKM2,126,MDL29951/5/R3,N9_20251512_PKM2_S127_MDL29951_5_R3,23,116129,66380,59458,13073,1,59458,0,6352,13073,102,511,112,11.663793103448276,1.9372401325700512,307,2257.5,23.0,160.0,150.0,75,324,67,14.898678414096915,2.109102223418211,400,2092.5,15.0,160.0,197.5,59,280,87,5.903743315508021,2.547770213416966,236,647.5,8.0,155.0,119.30232558139537,294.57824010225704,121.0,2.4345309099360084,204.54251280506176,202.0,1.0125866970547612,283.6193548387097,206.0,1.3767929846539304,202.03493522145223,175.0,1.1544853441225844,249.292313899536,175.0,1.4245275079973485
E:\N9_20251512_PKM2.lif,N9_20251512_PKM2,126,MDL29951/5/R3,N9_20251512_PKM2_S127_MDL29951_5_R3,24,24073,8061,2291,8029,1,2291,0,15292,8029,28,58,19,11.466666666666669,1.7767026423520655,126,432.5,12.0,65.0,60.0,10,28,4,8.263157894736842,2.2060235704932345,114,157.5,6.0,15.0,50.0,27,57,19,11.744186046511627,1.7837837837837838,126,412.5,8.0,40.0,60.0,236.61195984286337,121.0,1.9554707425030031,218.55315717652897,202.0,1.081946322656084,368.8249554367201,206.0,1.790412405032622,243.50514824463465,175.0,1.391457989969341,226.3596983175401,175.0,1.2934839903859436
E:\N9_20251512_PKM2.lif,N9_20251512_PKM2,126,MDL29951/5/R3,N9_20251512_PKM2_S127_MDL29951_5_R3,25,42791,10355,267,10248,1,267,0,22174,10248,32,73,15,11.980392156862743,2.158957025591502,137,597.5,11.0,50.0,65.0,4,0,0,3.0,2.4344569288389515,57,32.5,5.0,10.0,20.0,32,73,15,11.941176470588236,2.17652224824356,137,597.5,11.0,50.0,65.0,261.80149812734084,121.0,2.1636487448540564,227.056494447127,202.0,1.1240420517184504,283.37306970702844,206.0,1.375597425762274,235.80743602124576,175.0,1.3474710629785471,224.9660164890408,175.0,1.2855200942230904
E:\N9_20251512_PKM2.lif,N9_20251512_PKM2,126,MDL29951/5/R3,N9_20251512_PKM2_S127_MDL29951_5_R3,26,38300,11326,1581,9868,1,1581,0,11354,9868,41,85,17,9.256756756756756,2.4110012360939432,155,577.5,10.0,40.0,75.0,11,22,5,4.944444444444445,2.398481973434535,138,97.5,4.0,10.0,80.66666666666667,32,65,13,10.473684210526317,2.12515200648561,143,487.5,10.0,40.0,67.5,253.10183428209996,121.0,2.0917506965462804,214.2864206251104,202.0,1.0608238644807444,336.0483429613864,206.0,1.6313026357348857,225.74359879922304,175.0,1.289963421709846,215.9665742703408,175.0,1.234094710116233
E:\N9_20251512_PKM2.lif,N9_20251512_PKM2,126,MDL29951/5/R3,N9_20251512_PKM2_S127_MDL29951_5_R3,27,50395,26926,25888,7004,0,25888,0,14289,7004,29,107,11,18.444444444444443,1.903550471663077,173,812.5,10.0,85.0,82.5,28,113,14,16.5974025974026,1.9762824474660077,171,782.5,11.0,85.0,82.5,20,70,6,10.953488372093023,2.181039406053684,116,387.5,7.0,45.0,55.0,340.5120519159456,121.0,2.8141491893879804,201.14064473000076,202.0,0.9957457659901028,275.4554114308877,206.0,1.3371621914120762,208.70894302904256,175.0,1.192622531594529,,175.0,
E:\N9_20251512_PKM2.lif,N9_20251512_PKM2,126,MDL29951/5/R3,N9_20251512_PKM2_S127_MDL29951_5_R3,28,7517,3490,0,3490,0,0,0,6345,3490,12,36,11,8.703703703703704,1.7426934097421205,72,202.5,9.0,25.0,32.5,0,0,0,0.0,,0,0.0,0.0,,,12,36,11,8.703703703703704,1.7426934097421205,72,202.5,9.0,25.0,32.5,219.09885386819485,121.0,1.8107343294892135,208.14899713467048,202.0,1.0304405798746064,437.8734835355286,206.0,2.125599434638488,235.98166189111748,175.0,1.3484666393778142,,175.0,
E:\N9_20251512_PKM2.lif,N9_20251512_PKM2,126,MDL29951/5/R3,N9_20251512_PKM2_S127_MDL29951_5_R3,29,11263,5744,132,5743,1,132,0,2810,5743,16,64,15,8.019607843137255,1.4895543175487465,75,182.5,6.0,45.0,35.0,3,3,2,3.6666666666666665,1.106060606060606,18,7.5,1.0,5.0,7.5,16,64,15,8.019607843137255,1.4898136862267108,75,182.5,6.0,45.0,35.0,249.68939393939397,121.0,2.0635487102429253,209.90616295264624,202.0,1.0391394205576547,271.77109602327835,206.0,1.3192771651615454,246.93628133704732,175.0,1.4110644647831276,231.19977362761745,175.0,1.3211415635863852
E:\N9_20251512_PKM2.lif,N9_20251512_PKM2,126,MDL29951/5/R3,N9_20251512_PKM2_S127_MDL29951_5_R3,30,122231,43772,36727,20740,2,36727,0,91551,20740,52,251,77,14.087719298245617,2.2252810015535047,265,1562.5,18.0,100.0,130.0,45,201,56,13.956521739130435,1.9688512538459444,195,1122.5,14.0,145.0,95.0,34,157,42,12.701923076923077,4.537174541947927,258,902.5,13.0,180.0,127.5,304.6767773028018,121.0,2.5179898950644777,198.5104176185689,202.0,0.982724839695886,361.18456034055,206.0,1.7533231084492715,221.5160148039843,175.0,1.2658057988799103,257.7269401620068,175.0,1.4727253723543243
E:\N9_20251512_PKM2.lif,N9_20251512_PKM2,126,MDL29951/5/R3,N9_20251512_PKM2_S127_MDL29951_5_R3,31,99447,29218,22798,20644,2,46,22754,2604,20644,74,271,58,10.080213903743315,2.5345677322198643,281,1122.5,15.0,60.0,137.5,86,292,80,8.445544554455445,2.421879112202825,295,1027.5,11.0,95.0,145.0,43,131,18,12.649484536082474,2.4391590776981205,262,777.5,7.0,60.0,127.5,243.58695652173915,121.0,2.013115343154869,460.8416542146436,202.0,2.2813943277952653,289.2295150501672,206.0,1.4040267720881905,236.1340611951537,175.0,1.3493374925437351,234.2176906227183,175.0,1.33838680355839
E:\N9_20251512_PKM2.lif,N9_20251512_PKM2,126,MDL29951/5/R3,N9_20251512_PKM2_S127_MDL29951_5_R3,32,49120,18501,15236,16424,1,15236,0,10138,16424,15,55,9,21.41176470588235,1.4358683314415437,154,472.5,19.0,60.0,75.0,21,91,26,15.05084745762712,1.6173536361249672,138,372.5,8.0,55.0,65.0,16,50,12,20.97297297297297,1.5168655625913297,149,457.5,20.0,60.0,72.5,315.2373326332371,121.0,2.6052672118449345,212.7942273390628,202.0,1.0534367690052613,303.5575933075933,206.0,1.4735805500368608,343.930544294903,175.0,1.965317395970874,446.7474529175672,175.0,2.552842588100384
E:\N9_20251512_PKM2.lif,N9_20251512_PKM2,128,MDL29951/5/R1,N9_20251512_PKM2_S129_MDL29951_5_R1,1,39288,25867,25867,0,0,25867,0,18346,0,23,95,17,17.19672131147541,1.8245641164417985,195,577.5,11.0,105.0,95.0,23,95,17,17.19672131147541,1.8245641164417985,195,577.5,11.0,105.0,95.0,0,0,0,0.0,,0,0.0,0.0,,,607.3383848146286,124.0,4.897890200117973,260.3811033362972,217.0,1.199912918600448,322.3980142191714,210.0,1.5352286391389114,235.8406463834229,181.0,1.3029869965934966,,181.0,
E:\N9_20251512_PKM2.lif,N9_20251512_PKM2,128,MDL29951/5/R1,N9_20251512_PKM2_S129_MDL29951_5_R1,2,37745,16371,14212,8424,1,0,14212,0,8424,16,50,9,19.81081081081081,2.2372487935984364,217,507.5,9.0,60.0,89.53125,11,79,14,13.733333333333333,1.702856740782437,142,402.5,11.0,50.0,67.5,15,33,6,21.70833333333333,3.6797245963912633,219,362.5,13.0,85.0,86.66666666666667,129.87074705271516,124.0,1.04734473429609,673.2022234731213,217.0,3.102314393885352,199.8056319100849,210.0,0.9514553900480234,225.47419216907943,181.0,1.2457137688899418,246.10390946502056,181.0,1.3596901075415502
E:\N9_20251512_PKM2.lif,N9_20251512_PKM2,128,MDL29951/5/R1,N9_20251512_PKM2_S129_MDL29951_5_R1,3,91531,32707,32099,5412,1,32099,0,58205,5412,36,143,23,17.387755102040817,2.6132937903201148,283,1062.5,10.0,65.0,137.5,31,130,22,18.443181818181817,2.2765506713604786,271,1047.5,14.0,70.0,132.5,10,31,5,13.545454545454543,4.934405025868441,289,192.5,7.0,40.0,146.66666666666666,333.7318296520141,124.0,2.691385723000113,231.85422080900116,217.0,1.0684526304562263,345.3465514926375,210.0,1.6445073880601786,192.6190112208396,181.0,1.0641934321593347,235.27628458498023,181.0,1.2998689756076256
E:\N9_20251512_PKM2.lif,N9_20251512_PKM2,128,MDL29951/5/R1,N9_20251512_PKM2_S129_MDL29951_5_R1,4,36945,25993,23605,12459,1,23605,327,23855,12459,39,159,31,10.756756756756756,1.28146039318278,137,577.5,23.0,95.0,65.0,25,160,28,11.451923076923077,1.3296759161194662,137,502.5,23.0,90.0,65.0,47,132,43,8.141414141414142,1.949835460309816,192,517.5,8.0,95.0,92.5,712.0293581868249,124.0,5.742172243442136,392.2140672782875,217.0,1.8074380980566245,352.58864295691416,210.0,1.6789935378900671,239.85480706344012,181.0,1.325164679908509,242.4296087131908,181.0,1.3393901033877946
E:\N9_20251512_PKM2.lif,N9_20251512_PKM2,128,MDL29951/5/R1,N9_20251512_PKM2_S129_MDL29951_5_R1,6,52016,31970,30760,15116,1,30760,0,26793,15116,36,168,31,14.733333333333333,1.7276822020644351,208,767.5,11.0,95.0,102.5,40,190,35,13.260504201680671,1.7716514954486349,203,782.5,10.0,135.0,100.0,16,76,16,14.92156862745098,1.8664990738290552,164,452.5,8.0,45.0,80.0,512.2928153446034,124.0,4.131393672133898,237.3128245229903,217.0,1.0936074862810612,376.1676868944908,210.0,1.791274699497575,239.651704723178,181.0,1.32404256753137,286.1322532027129,181.0,1.580841177915541
E:\N9_20251512_PKM2.lif,N9_20251512_PKM2,128,MDL29951/5/R1,N9_20251512_PKM2_S129_MDL29951_5_R1,7,17459,11858,10776,7950,1,0,10776,1247,7950,29,148,51,7.916666666666667,1.3840445269016697,203,300.0,3.0,90.0,99.72972972972973,23,132,25,8.525641025641026,1.350965107646622,115,312.5,10.0,60.0,53.0,33,143,50,6.47191011235955,2.0124528301886797,203,455.0,8.0,100.0,108.48484848484848,126.89374262101536,124.0,1.0233366340404464,530.354305864885,217.0,2.4440290592851843,296.9104143337066,210.0,1.4138591158747935,260.6824085005903,181.0,1.440234301108234,263.89593023255816,181.0,1.4579885648207631
E:\N9_20251512_PKM2.lif,N9_20251512_PKM2,128,MDL29951/5/R1,N9_20251512_PKM2_S129_MDL29951_5_R1,8,13914,11336,10562,8270,2,0,10562,2305,8270,15,64,13,14.473684210526317,1.2814925899788283,139,352.5,7.0,50.0,67.5,13,38,8,15.642857142857142,1.3518273054345769,139,277.5,6.0,75.0,67.5,17,89,13,11.020833333333334,1.6883917775090689,138,367.5,12.0,40.0,65.0,127.37076570218773,124.0,1.0271835943724816,625.9332512781671,217.0,2.8844850289316453,261.93786407767,210.0,1.2473231622746188,262.0690719830628,181.0,1.4478954253207892,269.89302949061664,181.0,1.4911217098929097
E:\N9_20251512_PKM2.lif,N9_20251512_PKM2,128,MDL29951/5/R1,N9_20251512_PKM2_S129_MDL29951_5_R1,9,22055,13074,4809,12139,1,0,4809,12267,12139,20,77,19,14.226415094339623,1.6630717454489827,118,377.5,10.0,80.0,55.0,17,75,25,8.574468085106384,2.574339779579954,123,287.5,7.0,60.0,50.833333333333336,19,64,12,14.571428571428571,1.7911689595518576,119,392.5,8.0,75.0,57.5,139.21102952424658,124.0,1.1226695929374724,378.1258057808276,217.0,1.7425152340130303,275.974797479748,210.0,1.314165702284514,312.3321095303656,181.0,1.725591765361136,290.51669128508127,181.0,1.6050645927352556
E:\N9_20251512_PKM2.lif,N9_20251512_PKM2,128,MDL29951/5/R1,N9_20251512_PKM2_S129_MDL29951_5_R1,10,9229,6850,0,6850,0,0,0,931,6850,14,30,3,13.0,1.3594160583941606,82,252.5,7.0,55.0,37.5,0,0,0,0.0,,0,0.0,0.0,,,14,30,3,13.0,1.3594160583941606,82,252.5,7.0,55.0,37.5,147.38642335766423,124.0,1.18860018836826,261.4602919708029,217.0,1.2048861381142992,259.5213379469435,210.0,1.2358158949854452,317.607299270073,181.0,1.754736460055652,,181.0,
E:\N9_20251512_PKM2.lif,N9_20251512_PKM2,128,MDL29951/5/R1,N9_20251512_PKM2_S129_MDL29951_5_R1,11,16374,8404,0,8404,1,0,0,13863,8404,22,71,18,10.826923076923077,1.906592099000476,104,402.5,10.0,50.0,50.0,0,0,0,0.0,,0,0.0,0.0,,,22,71,18,10.826923076923077,1.906592099000476,104,402.5,10.0,50.0,50.0,128.49119466920513,124.0,1.0362193118484284,258.56413612565444,217.0,1.1915397978140758,354.3467282106978,210.0,1.6873653724318942,305.58257972394097,181.0,1.688301545436138,305.59709557581897,181.0,1.688381743512812
E:\N9_20251512_PKM2.lif,N9_20251512_PKM2,128,MDL29951/5/R1,N9_20251512_PKM2_S129_MDL29951_5_R1,12,74976,45901,32183,33984,1,21233,18402,71737,33984,63,415,115,9.78740157480315,1.7371299100237467,200,1342.5,17.0,145.0,97.5,35,171,36,13.033333333333331,1.8192213280303269,191,782.5,12.0,140.0,92.5,75,460,139,8.079584775086506,2.336805555555556,196,1417.5,18.0,165.0,95.0,272.830452597372,124.0,2.2002455854626777,741.6035213563744,217.0,3.417527748186057,475.1656591175674,210.0,2.262693614845559,261.5789634212762,181.0,1.445187643211471,305.51042983565105,181.0,1.6879029272687904
E:\N9_20251512_PKM2.lif,N9_20251512_PKM2,128,MDL29951/5/R1,N9_20251512_PKM2_S129_MDL29951_5_R1,13,36580,26414,18931,23477,3,0,18931,17621,23477,36,153,38,12.94,1.4966684334065268,164,687.5,11.0,95.0,80.0,19,107,21,12.101449275362318,1.7558501928054513,153,512.5,8.0,80.0,75.0,35,138,42,12.46,1.6756399880734336,167,767.5,12.0,90.0,80.0,132.27920799575983,124.0,1.066767806417418,562.8712165231631,217.0,2.593876573839461,301.2677247885004,210.0,1.4346082132785734,304.2475959718331,181.0,1.680925944595763,328.2394783639597,181.0,1.813477781016352
E:\N9_20251512_PKM2.lif,N9_20251512_PKM2,128,MDL29951/5/R1,N9_20251512_PKM2_S129_MDL29951_5_R1,14,14874,10177,0,10177,0,0,0,14435,10177,17,79,21,10.947368421052632,1.4651665520290853,95,372.5,11.0,65.0,45.0,0,0,0,0.0,,0,0.0,0.0,,,17,79,21,10.947368421052632,1.4651665520290853,95,372.5,11.0,65.0,45.0,157.29065539943008,124.0,1.2684730274147586,514.8477940453964,217.0,2.372570479471873,322.49788774894387,210.0,1.5357042273759232,290.2518423897023,181.0,1.603601339169626,,181.0,
E:\N9_20251512_PKM2.lif,N9_20251512_PKM2,128,MDL29951/5/R1,N9_20251512_PKM2_S129_MDL29951_5_R1,15,10133,8490,7177,4949,0,0,7177,8195,4949,19,41,30,11.054054054054054,1.190459363957597,77,272.5,18.0,55.0,35.0,6,22,5,16.666666666666668,1.1259579211369652,68,182.5,12.0,50.0,32.5,29,86,39,7.015873015873016,1.9751464942412609,115,362.5,6.0,60.0,55.0,128.8709069493522,124.0,1.039281507656066,682.2797826389857,217.0,3.144146463774128,319.58060798155884,210.0,1.521812418959804,244.82096584216723,181.0,1.3526020212274434,,181.0,
E:\N9_20251512_PKM2.lif,N9_20251512_PKM2,128,MDL29951/5/R1,N9_20251512_PKM2_S129_MDL29951_5_R1,16,66091,23114,7227,22383,1,7227,0,61436,22383,51,256,56,9.118012422360248,2.2181794583369387,198,947.5,16.0,85.0,95.0,19,67,17,9.617021276595745,2.1073751210737512,121,362.5,9.0,55.0,57.5,52,252,54,8.851851851851851,2.2906223473171603,198,962.5,15.0,90.0,95.0,250.5306489553065,124.0,2.020408459316988,253.7508869083672,217.0,1.1693589258450103,531.555324628383,210.0,2.5312158315637285,253.4894436272389,181.0,1.4004941636864028,298.5409717186367,181.0,1.6493976338046226
E:\N9_20251512_PKM2.lif,N9_20251512_PKM2,128,MDL29951/5/R1,N9_20251512_PKM2_S129_MDL29951_5_R1,17,22886,19084,7720,18924,2,119,7601,21165,18924,25,89,31,9.873015873015872,1.2427164116537412,115,437.5,18.0,85.0,55.0,32,103,23,7.644736842105263,1.9645077720207251,95,327.5,9.0,75.0,45.0,22,82,30,9.775862068965518,1.249260198689495,115,417.5,17.0,80.0,55.0,218.5378151260504,124.0,1.7624017348875034,427.8597552953559,217.0,1.971703941453253,312.99201675914395,210.0,1.4904381750435427,372.92868371410606,181.0,2.060379468033735,373.3359188544153,181.0,2.0626293859359963
E:\N9_20251512_PKM2.lif,N9_20251512_PKM2,128,MDL29951/5/R1,N9_20251512_PKM2_S129_MDL29951_5_R1,18,59906,45063,39161,31428,2,37939,2711,53235,31428,37,185,35,15.707317073170731,1.690899407496172,232,912.5,9.0,115.0,112.5,26,135,39,17.29787234042553,1.8981384540742063,236,952.5,15.0,130.0,115.0,45,194,61,11.217391304347826,2.25957744686267,222,1007.5,15.0,85.0,107.5,444.93950815783234,124.0,3.588221839982519,403.5108815935079,217.0,1.859497150200497,377.6264795817716,210.0,1.7982213313417692,294.96487140225906,181.0,1.629640173493144,355.1432615191068,181.0,1.962117466956391
E:\N9_20251512_PKM2.lif,N9_20251512_PKM2,128,MDL29951/5/R1,N9_20251512_PKM2_S129_MDL29951_5_R1,19,24150,14403,11614,11361,0,11614,0,22862,11361,20,60,8,17.21951219512195,1.6881205304450462,288,447.5,5.0,170.0,147.21153846153845,18,50,9,15.736842105263158,1.9479076976063368,267,437.5,6.0,165.0,137.1875,16,48,5,18.852941176470587,1.6019716574245224,146,407.5,6.0,75.0,70.0,376.81677286034096,124.0,3.0388449424221045,384.3129209192529,217.0,1.7710272853421791,562.7066999287241,210.0,2.6795557139463053,259.661320558217,181.0,1.4345929312608676,,181.0,
E:\N9_20251512_PKM2.lif,N9_20251512_PKM2,128,MDL29951/5/R1,N9_20251512_PKM2_S129_MDL29951_5_R1,20,27887,22990,21786,14459,1,0,21786,1155,14459,19,129,32,12.37037037037037,1.3578947368421053,157,497.5,10.0,70.0,75.0,28,145,47,9.94,1.4293583034976591,160,542.5,11.0,95.0,77.5,26,110,25,11.851851851851851,2.0263503700117576,151,617.5,12.0,50.0,72.5,130.36633318834276,124.0,1.0513413966801837,636.6826861287066,217.0,2.934021595063164,262.2582322357019,210.0,1.2488487249319138,268.0762940408873,181.0,1.4810844974634658,314.3616677440207,181.0,1.7368047941658602
E:\N9_20251512_PKM2.lif,N9_20251512_PKM2,128,MDL29951/5/R1,N9_20251512_PKM2_S129_MDL29951_5_R1,21,21206,12705,6198,11334,1,4841,1453,17110,11334,21,92,24,11.45,1.9023219205037387,138,447.5,9.0,70.0,67.5,17,52,12,9.421052631578949,2.600516295579219,140,292.5,6.0,35.0,66.8,17,86,20,12.037037037037036,1.9817363684489149,140,447.5,12.0,65.0,67.5,284.3802933278248,124.0,2.293389462321168,361.6703372333104,217.0,1.6666835817203245,393.8598702840961,210.0,1.875523191829029,246.19283746556476,181.0,1.3601814224616835,277.0843137254902,181.0,1.5308525620192828
E:\N9_20251512_PKM2.lif,N9_20251512_PKM2,128,MDL29951/5/R1,N9_20251512_PKM2_S129_MDL29951_5_R1,22,54197,38920,37692,21918,2,37692,0,49085,21918,31,136,24,19.22093023255814,1.5431397738951695,181,992.5,16.0,105.0,87.5,29,151,29,17.389473684210525,1.5891170540167674,184,897.5,14.0,120.0,90.0,18,77,8,18.745454545454542,2.107035313441008,272,667.5,9.0,200.0,132.5,579.1604053910644,124.0,4.6706484305731,258.73856628982526,217.0,1.192343623455416,421.2604877240465,210.0,2.00600232249546,258.8937564234327,181.0,1.43035224543333,306.60535250649093,181.0,1.6939522237927676
E:\N9_20251512_PKM2.lif,N9_20251512_PKM2,128,MDL29951/5/R1,N9_20251512_PKM2_S129_MDL29951_5_R1,23,32409,16179,14892,7128,1,14892,0,8351,7128,17,78,24,15.912280701754383,1.9326905247543111,173,577.5,15.0,90.0,85.0,13,55,19,18.95,1.9734756916465217,166,397.5,7.0,75.0,80.0,18,57,6,11.947368421052632,2.062008978675645,191,365.0,5.0,40.0,92.5,375.9169352672576,124.0,3.031588187639174,239.22980406700043,217.0,1.1024414933963154,319.48168421052634,210.0,1.5213413533834588,250.83330242907476,181.0,1.385819350436877,315.62823179791974,181.0,1.743802385623866
E:\N9_20251512_PKM2.lif,N9_20251512_PKM2,128,MDL29951/5/R1,N9_20251512_PKM2_S129_MDL29951_5_R1,24,16421,10784,8714,8381,1,0,8714,192,8381,14,48,11,16.70967741935484,1.4489057863501484,125,292.5,7.0,80.0,60.0,8,29,13,18.714285714285715,1.6178563231581364,129,242.5,4.0,50.0,62.5,16,24,3,14.357142857142858,1.8343873046175876,121,332.5,8.0,50.0,57.5,126.76270400593472,124.0,1.0222798710156027,532.5852650906587,217.0,2.4543099773763077,253.27567567567567,210.0,1.206074646074646,264.1061758160237,181.0,1.4591501426299651,245.69709543568464,181.0,1.3574425162192525
E:\N9_20251512_PKM2.lif,N9_20251512_PKM2,128,MDL29951/5/R1,N9_20251512_PKM2_S129_MDL29951_5_R1,25,42633,34222,30576,22581,1,28670,12620,41143,22581,45,195,52,11.1,1.2588101221436503,156,657.5,19.0,115.0,75.0,27,97,17,17.242857142857144,1.3461865515436944,157,587.5,12.0,90.0,75.0,64,343,117,7.245535714285714,1.87520481821,148,962.5,15.0,90.0,72.5,448.0725497035229,124.0,3.613488304060668,893.1119651347068,217.0,4.1157233416345935,545.4186194368756,210.0,2.597231521127979,263.63088072000465,181.0,1.456524202872954,268.76069246435844,181.0,1.484865704222975
E:\N9_20251512_PKM2.lif,N9_20251512_PKM2,128,MDL29951/5/R1,N9_20251512_PKM2_S129_MDL29951_5_R1,26,11478,4331,4331,0,0,4331,0,0,0,8,18,3,16.466666666666665,1.6268760101593165,70,212.5,9.0,50.0,32.5,8,18,3,16.466666666666665,1.6268760101593165,70,212.5,9.0,50.0,32.5,0,0,0,0.0,,0,0.0,0.0,,,276.1537751096744,124.0,2.2270465734651164,281.251443084738,217.0,1.2960895994688386,248.3043177095359,210.0,1.1824015129025518,213.1807896559686,181.0,1.1777944179887767,,181.0,
E:\N9_20251512_PKM2.lif,N9_20251512_PKM2,128,MDL29951/5/R1,N9_20251512_PKM2_S129_MDL29951_5_R1,27,19728,14651,10757,11607,2,10134,1492,19135,11607,31,134,39,10.977777777777778,1.4387413828407618,151,487.5,11.0,55.0,72.5,27,95,20,11.292307692307691,1.6891326578042205,251,502.5,8.0,190.0,124.5744680851064,26,112,54,10.0,1.7602308951494787,155,542.5,12.0,50.0,75.0,299.2299190842708,124.0,2.4131445087441192,382.5435656836461,217.0,1.7628735745790145,522.9543728908886,210.0,2.490258918528041,257.2582076308784,181.0,1.4213160642589968,243.2058823529412,181.0,1.3436789080272993
E:\N9_20251512_PKM2.lif,N9_20251512_PKM2,128,MDL29951/5/R1,N9_20251512_PKM2_S129_MDL29951_5_R1,28,22724,13200,11366,7615,1,0,11366,10666,7615,23,62,12,15.456521739130435,2.2421969696969697,235,562.5,10.0,50.0,112.7906976744186,12,32,7,23.772727272727277,2.0309695583318668,160,447.5,7.0,50.0,77.5,28,56,15,9.773584905660377,2.6973079448457,262,422.5,7.0,35.0,118.33333333333331,145.81113636363636,124.0,1.1758962609970676,512.7218898469118,217.0,2.362773685930469,325.7872412051844,210.0,1.5513678152627826,235.3567424242424,181.0,1.300313494056588,244.07825403067244,181.0,1.348498641053439
E:\N9_20251512_PKM2.lif,N9_20251512_PKM2,128,MDL29951/5/R1,N9_20251512_PKM2_S129_MDL29951_5_R1,29,21819,13362,10046,9359,0,6709,6974,6951,9359,35,174,89,7.745283018867925,1.698772638826523,155,467.5,11.0,75.0,75.0,15,55,14,13.36111111111111,1.558829384829783,109,397.5,14.0,70.0,52.5,43,207,98,6.248,2.4148947537130034,144,497.5,10.0,65.0,70.0,264.19406767029363,124.0,2.1305973199217227,619.0272440493261,217.0,2.852660110826388,303.48297326986454,210.0,1.4451570155707836,242.34306241580603,181.0,1.338911947048652,,181.0,
E:\N9_20251512_PKM2.lif,N9_20251512_PKM2,128,MDL29951/5/R1,N9_20251512_PKM2_S129_MDL29951_5_R1,30,40524,24689,21242,14086,1,6036,15344,11501,14086,44,155,42,13.153153153153154,2.9027097087771883,234,987.5,11.0,80.0,115.0,34,115,33,13.625,3.370869033047736,239,992.5,12.0,35.0,117.5,50,146,34,9.495238095238095,3.103790998154196,357,822.5,10.0,25.0,164.19354838709677,254.44184890656064,124.0,2.051950394407747,474.50182481751824,217.0,2.18664435399778,325.09662300204303,210.0,1.5480791571525858,224.00109360443923,181.0,1.237575102786957,237.65373517152932,181.0,1.3130040617211567
E:\N9_20251512_PKM2.lif,N9_20251512_PKM2,128,MDL29951/5/R1,N9_20251512_PKM2_S129_MDL29951_5_R1,31,22434,13298,10400,9745,1,10400,0,10055,9745,34,121,39,9.71264367816092,1.6492705670025567,120,577.5,19.0,85.0,57.5,24,59,11,12.244444444444444,1.694903846153846,115,420.0,9.0,65.0,55.0,33,113,30,7.8,1.839917906618779,119,557.5,20.0,60.0,57.5,296.9463461538461,124.0,2.3947285980148885,224.79079560836212,217.0,1.035902283909503,293.3846615638601,210.0,1.3970698169707625,280.0466235524139,181.0,1.5472189146542206,328.05902899056935,181.0,1.8124808231523168
E:\N9_20251512_PKM2.lif,N9_20251512_PKM2,128,MDL29951/5/R1,N9_20251512_PKM2_S129_MDL29951_5_R1,32,33880,25658,21013,23172,1,20234,4138,27672,23172,27,110,24,12.896103896103895,1.3273442980746746,154,392.5,7.0,100.0,75.0,20,86,13,15.133333333333333,1.6067196497406369,212,467.5,8.0,165.0,102.5,28,104,24,11.894736842105264,1.446271361988607,155,502.5,11.0,105.0,75.0,366.3245033112583,124.0,2.954229865413373,457.4159014016433,217.0,2.107907379731075,374.1418238856695,210.0,1.781627732788902,334.01278353729833,181.0,1.8453744946812063,357.0904552715655,181.0,1.972875443489312
E:\N9_20251512_PKM2.lif,N9_20251512_PKM2,128,MDL29951/5/R1,N9_20251512_PKM2_S129_MDL29951_5_R1,33,15012,11935,11569,5631,0,194,11375,1018,5631,17,45,15,12.35,1.2292417260159196,99,257.5,8.0,55.0,47.5,14,37,12,13.771428571428572,1.208661077016164,95,297.5,12.0,55.0,45.0,22,54,5,9.743589743589745,2.352690463505594,97,292.5,10.0,60.0,45.0,214.37113402061857,124.0,1.7287994679082144,856.8548571428571,217.0,3.948639894667544,296.4659949622166,210.0,1.4117428331534123,252.6311688311688,181.0,1.3957523139843582,,181.0,
E:\N9_20251512_PKM2.lif,N9_20251512_PKM2,128,MDL29951/5/R1,N9_20251512_PKM2_S129_MDL29951_5_R1,35,20692,14880,14714,7383,1,14714,0,15383,7383,16,72,12,17.081632653061224,1.469758064516129,126,467.5,14.0,70.0,60.0,16,78,14,16.775510204081634,1.4859317656653528,125,457.5,16.0,70.0,60.0,14,56,16,11.425,1.6281999187322227,94,297.5,10.0,50.0,45.0,398.6701100992252,124.0,3.215081533058268,249.03333333333333,217.0,1.1476190476190475,321.078074433657,210.0,1.5289432115888428,247.3668682795699,181.0,1.36666778055011,293.5818516247701,181.0,1.6219991802473486
E:\N9_20251512_PKM2.lif,N9_20251512_PKM2,128,MDL29951/5/R1,N9_20251512_PKM2_S129_MDL29951_5_R1,36,54282,32155,857,32155,3,842,15,49627,32155,52,202,74,10.375886524822697,1.720230135282227,314,742.5,9.0,300.0,161.0344827586207,7,9,2,6.222222222222222,2.157526254375729,92,47.5,4.0,20.0,32.857142857142854,52,202,74,10.375886524822697,1.720230135282227,314,742.5,9.0,300.0,161.0344827586207,219.3372921615202,124.0,1.7688491303348404,334.3333333333333,217.0,1.540706605222734,420.19888357789887,210.0,2.0009470646566614,420.3904524957238,181.0,2.322599185059248,343.9468193904684,181.0,1.9002586706655715
E:\N9_20251512_PKM2.lif,N9_20251512_PKM2,128,MDL29951/5/R1,N9_20251512_PKM2_S129_MDL29951_5_R1,37,15744,8742,8632,6081,1,0,8632,0,6081,12,35,9,14.615384615384617,1.732784259894761,111,292.5,7.0,55.0,52.5,11,32,8,14.68,1.7548656163113994,111,272.5,8.0,45.0,52.5,10,14,4,20.357142857142858,1.9011675711231704,109,297.5,5.0,35.0,52.5,117.31720430107526,124.0,0.946106486298994,480.1558155699722,217.0,2.212699610921531,174.97700754975978,210.0,0.8332238454750466,226.41901166781057,181.0,1.2509337661205004,226.02141680395388,181.0,1.2487371094141098
E:\N9_20251512_PKM2.lif,N9_20251512_PKM2,130,MDL29951/5/R4,N9_20251512_PKM2_S131_MDL29951_5_R4,1,22022,13301,11785,7637,1,9305,2533,691,7637,20,79,19,13.462962962962964,1.535448462521615,141,432.5,8.0,50.0,67.5,15,71,19,12.541666666666666,1.640390326686466,133,422.5,9.0,45.0,62.5,17,39,11,12.966666666666669,2.022783815634412,168,337.5,6.0,35.0,80.0,288.0765180010747,131.0,2.199057389321181,416.04224240031584,208.0,2.000203088463057,296.0172839506173,211.0,1.4029255163536365,216.66085256747613,189.0,1.1463537172882334,220.08732212160413,189.0,1.1644831858285931
E:\N9_20251512_PKM2.lif,N9_20251512_PKM2,130,MDL29951/5/R4,N9_20251512_PKM2_S131_MDL29951_5_R4,2,6832,5229,3757,3767,1,3757,0,0,3767,18,67,20,7.431372549019608,1.3105756358768408,71,242.5,15.0,40.0,32.5,14,30,4,11.043478260869565,1.7324993345754591,69,217.5,12.0,40.0,32.5,29,80,20,4.78125,1.6100345102203344,74,262.5,9.0,40.0,35.0,266.06308224647324,131.0,2.031015895011246,190.75827117995792,208.0,0.9171070729805668,187.32281506980303,211.0,0.8877858534113887,248.07592273857333,189.0,1.3125710197808114,246.9342331288344,189.0,1.3065303340149967
E:\N9_20251512_PKM2.lif,N9_20251512_PKM2,130,MDL29951/5/R4,N9_20251512_PKM2_S131_MDL29951_5_R4,3,12073,7049,5166,4428,1,5166,0,0,4428,19,67,10,9.25531914893617,1.5124131082423038,97,222.5,7.0,45.0,45.0,10,43,7,10.448275862068966,1.7038327526132404,100,245.0,8.0,35.0,47.5,18,40,9,9.2,1.854787714543812,86,192.5,6.0,40.0,40.0,251.1488579171506,131.0,1.9171668543293936,193.16257625195064,208.0,0.928666231980532,192.32614555256063,211.0,0.911498320154316,228.5433394807774,189.0,1.2092240184168117,215.7077922077922,189.0,1.1413110698824984
E:\N9_20251512_PKM2.lif,N9_20251512_PKM2,130,MDL29951/5/R4,N9_20251512_PKM2_S131_MDL29951_5_R4,4,84672,58472,54432,24557,3,54333,976,44266,24557,85,457,120,11.695652173913045,1.567553700916678,213,1557.5,22.0,115.0,102.5,96,385,116,12.145985401459852,1.6593915343915344,212,1607.5,23.0,155.0,102.5,35,166,61,11.72566371681416,1.950156778108075,183,790.0,15.0,90.0,90.0,366.0202087129369,131.0,2.794047394755244,342.234631147541,208.0,1.645358803593947,293.61445819867066,211.0,1.3915377165813776,228.95454234505405,189.0,1.211399694947376,267.68153496192264,189.0,1.4163044177879505
E:\N9_20251512_PKM2.lif,N9_20251512_PKM2,130,MDL29951/5/R4,N9_20251512_PKM2_S131_MDL29951_5_R4,5,7557,5308,0,5308,1,0,0,0,5308,8,37,8,11.5,1.296345139412208,73,150.0,7.0,40.0,35.0,0,0,0,0.0,,0,0.0,0.0,,,8,37,8,11.5,1.296345139412208,73,150.0,7.0,40.0,35.0,138.87396382818386,131.0,1.0601065941082737,227.38432554634517,208.0,1.093193872818967,188.52449133383573,211.0,0.8934810015821598,262.8466465712133,189.0,1.3907229977312872,253.1791421362489,189.0,1.3395721806150738
E:\N9_20251512_PKM2.lif,N9_20251512_PKM2,130,MDL29951/5/R4,N9_20251512_PKM2_S131_MDL29951_5_R4,6,28605,16444,16424,6124,1,16424,0,1092,6124,21,85,23,14.745762711864408,1.7728046703964973,137,572.5,13.0,90.0,65.0,22,87,24,14.37704918032787,1.77496346809547,137,572.5,13.0,90.0,65.0,6,37,6,12.291666666666666,1.2243631613324624,78,147.5,8.0,45.0,37.5,308.76187286897226,131.0,2.356960861595208,190.72835076623693,208.0,0.9169632248376776,275.6783536585366,211.0,1.3065324817940125,222.77803454147409,189.0,1.178719759478699,251.677664012135,189.0,1.3316278519160585
E:\N9_20251512_PKM2.lif,N9_20251512_PKM2,130,MDL29951/5/R4,N9_20251512_PKM2_S131_MDL29951_5_R4,7,22448,13930,5639,13264,2,0,5639,1640,13264,23,97,18,12.18032786885246,1.6594400574300072,137,482.5,9.0,65.0,65.0,8,49,10,10.32258064516129,1.6533073239936158,92,242.5,7.0,35.0,42.5,23,85,17,12.763636363636364,1.7427623642943306,137,472.5,14.0,85.0,65.0,126.17437185929649,131.0,0.9631631439640952,424.1202340840575,208.0,2.039039586942584,269.88960205391527,211.0,1.279097640065949,271.34824120603014,189.0,1.4357049799260857,266.0798994272943,189.0,1.40783015569997
E:\N9_20251512_PKM2.lif,N9_20251512_PKM2,130,MDL29951/5/R4,N9_20251512_PKM2_S131_MDL29951_5_R4,8,30389,14465,2711,14463,3,2711,0,5095,14463,24,108,26,11.52112676056338,1.5486346353266505,134,437.5,9.0,65.0,65.0,26,45,20,4.675,2.428624123939506,104,190.0,7.0,40.0,50.0,24,108,26,11.52112676056338,1.5488487865588052,134,432.5,9.0,65.0,65.0,239.21320545924013,131.0,1.8260550035056495,213.98167991704116,208.0,1.028758076524236,268.83429187634795,211.0,1.274096170030085,272.7311441410301,189.0,1.443021926672117,270.78273014330824,189.0,1.432712857901102
E:\N9_20251512_PKM2.lif,N9_20251512_PKM2,130,MDL29951/5/R4,N9_20251512_PKM2_S131_MDL29951_5_R4,9,21688,14306,6954,10471,0,6954,0,4596,10471,31,84,17,11.617647058823527,1.5136306444848315,126,442.5,9.0,70.0,60.0,20,50,17,11.51219512195122,2.011216566005177,93,327.5,8.0,40.0,42.5,20,46,7,12.707317073170731,1.4980422118231305,107,302.5,8.0,60.0,50.0,260.2134023583549,131.0,1.986361850063778,222.48867607996644,208.0,1.0696570965383,284.237955346651,211.0,1.3470993144391044,291.3228016216972,189.0,1.5413904847708846,,189.0,
E:\N9_20251512_PKM2.lif,N9_20251512_PKM2,130,MDL29951/5/R4,N9_20251512_PKM2_S131_MDL29951_5_R4,10,8837,4597,0,4597,0,0,0,6751,4597,14,35,11,12.148148148148149,2.0515553621927345,89,257.5,7.0,35.0,42.5,0,0,0,0.0,,0,0.0,0.0,,,14,35,11,12.148148148148149,2.0515553621927345,89,257.5,7.0,35.0,42.5,180.932782249293,131.0,1.3811662767121604,234.5538394605177,208.0,1.1276626897140276,358.7792062604807,211.0,1.7003753851207617,258.4276702197085,189.0,1.367342170474648,,189.0,
E:\N9_20251512_PKM2.lif,N9_20251512_PKM2,130,MDL29951/5/R4,N9_20251512_PKM2_S131_MDL29951_5_R4,11,12241,7478,465,7478,1,465,0,3163,7478,15,50,10,10.955555555555556,1.4951858785771597,86,257.5,8.0,60.0,40.0,5,17,10,2.5,1.5096774193548388,44,37.5,2.0,10.0,17.0,15,50,10,10.955555555555556,1.4951858785771597,86,257.5,8.0,60.0,40.0,223.78494623655916,131.0,1.708282032340146,210.6430863867344,208.0,1.0127071460900692,253.40164684354983,211.0,1.2009556722443122,284.0291521797272,189.0,1.5027997469826837,272.6446104589114,189.0,1.4425640765021768
E:\N9_20251512_PKM2.lif,N9_20251512_PKM2,130,MDL29951/5/R4,N9_20251512_PKM2_S131_MDL29951_5_R4,12,5160,3139,0,3139,0,0,0,0,3139,8,26,7,11.411764705882351,1.2539025167250717,59,127.5,7.0,30.0,27.5,0,0,0,0.0,,0,0.0,0.0,,,8,26,7,11.411764705882351,1.2539025167250717,59,127.5,7.0,30.0,27.5,151.6626314112775,131.0,1.1577300107731106,472.4447276202612,208.0,2.2713688827897176,259.85441223319526,211.0,1.2315374987355223,239.77795476266328,189.0,1.2686664273156787,,189.0,
E:\N9_20251512_PKM2.lif,N9_20251512_PKM2,130,MDL29951/5/R4,N9_20251512_PKM2_S131_MDL29951_5_R4,13,41353,34810,29242,30308,2,29178,5013,38572,30308,30,142,31,14.22,1.2604136742315426,167,547.5,14.0,110.0,80.0,32,140,40,13.27777777777778,1.4722317214964775,161,652.5,14.0,100.0,77.5,37,131,19,14.241379310344827,1.4351326382473275,172,662.5,16.0,105.0,82.5,623.8790869833437,131.0,4.762435778498807,448.5950528625573,208.0,2.156706984916141,438.1445717070793,211.0,2.0765145578534563,365.2170066072968,189.0,1.9323651143243212,487.0959724509657,189.0,2.577227367465427
E:\N9_20251512_PKM2.lif,N9_20251512_PKM2,130,MDL29951/5/R4,N9_20251512_PKM2_S131_MDL29951_5_R4,15,6672,3742,0,3742,0,0,0,0,3742,13,48,11,8.1875,1.4214323890967395,69,147.5,6.0,40.0,32.5,0,0,0,0.0,,0,0.0,0.0,,,13,48,11,8.1875,1.4214323890967395,69,147.5,6.0,40.0,32.5,160.44468198824157,131.0,1.2247685647957371,1068.4679315873864,208.0,5.136865055708588,278.56707642971674,211.0,1.3202231110413116,266.3794762159273,189.0,1.4094152180736894,,189.0,
E:\N9_20251512_PKM2.lif,N9_20251512_PKM2,130,MDL29951/5/R4,N9_20251512_PKM2_S131_MDL29951_5_R4,16,11180,7925,1820,7925,1,0,1820,2704,7925,20,35,8,12.28125,1.364416403785489,85,262.5,11.0,50.0,40.0,3,3,0,17.666666666666668,1.0763736263736263,44,67.5,6.0,25.0,20.0,20,35,8,12.28125,1.364416403785489,85,262.5,11.0,50.0,40.0,145.88971608832807,131.0,1.1136619548727331,379.5934065934066,208.0,1.8249683009298396,270.59611992945327,211.0,1.282446066016366,328.7155835962145,189.0,1.739235892043463,330.671647366455,189.0,1.7495854358013492
E:\N9_20251512_PKM2.lif,N9_20251512_PKM2,130,MDL29951/5/R4,N9_20251512_PKM2_S131_MDL29951_5_R4,17,103002,70364,66295,32028,1,66295,0,17237,32028,48,319,63,17.330049261083744,1.6319424705815473,250,1697.5,19.0,155.0,122.5,49,300,57,17.56756756756757,1.6881061920205145,250,1737.5,19.0,145.0,122.5,56,246,50,11.732142857142858,3.22008867241164,418,1505.0,13.0,185.0,232.27272727272728,482.1526359453956,131.0,3.680554472865615,230.83453186288443,208.0,1.1097814031869444,294.90692943420214,211.0,1.3976631726739437,239.74155818316183,189.0,1.2684738528209625,397.90658967391306,189.0,2.105325871290545
E:\N9_20251512_PKM2.lif,N9_20251512_PKM2,130,MDL29951/5/R4,N9_20251512_PKM2_S131_MDL29951_5_R4,18,17091,8955,0,8955,1,0,0,11067,8955,17,67,17,11.560975609756095,1.4321608040201006,104,322.5,9.0,60.0,50.0,0,0,0,0.0,,0,0.0,0.0,,,17,67,17,11.560975609756095,1.4321608040201006,104,322.5,9.0,60.0,50.0,169.4965940815187,131.0,1.2938671303932725,229.6762702400893,208.0,1.1042128376927371,271.71957364341085,211.0,1.2877704912009993,289.1446119486321,189.0,1.529865671685884,328.22432,189.0,1.7366366137566136
E:\N9_20251512_PKM2.lif,N9_20251512_PKM2,130,MDL29951/5/R4,N9_20251512_PKM2_S131_MDL29951_5_R4,19,31464,28479,24446,28350,2,10838,22989,28652,28350,11,25,6,34.578947368421055,1.2526422978334912,169,452.5,12.0,85.0,82.5,18,56,14,17.217391304347824,1.35404565164035,163,487.5,10.0,70.0,77.5,9,25,7,38.294117647058826,1.258342151675485,169,467.5,12.0,85.0,82.5,329.9832995017531,131.0,2.518956484746207,853.8176954195485,208.0,4.104892766440137,346.3970031841169,211.0,1.6416919582185634,464.0346571157695,189.0,2.4552098260093627,619.2967657342657,189.0,3.276702464202464
E:\N9_20251512_PKM2.lif,N9_20251512_PKM2,130,MDL29951/5/R4,N9_20251512_PKM2_S131_MDL29951_5_R4,20,13523,8054,1995,7248,1,1995,0,44,7248,24,82,20,8.892857142857142,1.6110007449714427,121,362.5,9.0,50.0,57.5,9,7,1,9.857142857142858,2.443107769423559,78,177.5,5.0,20.0,37.5,23,75,17,8.48,1.6248620309050772,123,322.5,9.0,35.0,60.0,244.06365914786969,131.0,1.86308136754099,255.982369009188,208.0,1.230684466390327,321.54545454545456,211.0,1.5239121068504955,251.83113980630745,189.0,1.3324398931550656,260.19659002841644,189.0,1.3767015345418858
E:\N9_20251512_PKM2.lif,N9_20251512_PKM2,130,MDL29951/5/R4,N9_20251512_PKM2_S131_MDL29951_5_R4,21,17584,6157,2399,6143,1,2399,0,6530,6143,12,28,3,14.857142857142858,1.7091115803150885,94,202.5,7.0,45.0,45.0,10,76,45,4.25531914893617,1.684868695289704,53,155.0,15.0,40.0,27.5,11,25,3,16.210526315789473,1.7130066742633892,94,212.5,7.0,45.0,45.0,214.1258857857441,131.0,1.6345487464560615,216.86779275621245,208.0,1.042633619020252,266.18118304611085,211.0,1.261522194531331,271.7916192951113,189.0,1.4380508957413296,295.4228804902962,189.0,1.5630840237581811
E:\N9_20251512_PKM2.lif,N9_20251512_PKM2,130,MDL29951/5/R4,N9_20251512_PKM2_S131_MDL29951_5_R4,22,22085,19503,17586,16795,1,17294,3013,19614,16795,14,44,7,20.17142857142857,1.2243244629031431,152,452.5,10.0,60.0,72.5,16,52,7,20.35,1.2349027635619243,155,407.5,8.0,55.0,75.0,15,51,10,16.742857142857144,1.324322715093778,152,337.5,7.0,65.0,72.5,575.7901006129293,131.0,4.39534427948801,476.2293395287089,208.0,2.289564132349562,393.9536281179138,211.0,1.867078806246037,382.1625903707122,189.0,2.022024287675726,448.0056561085973,189.0,2.3704002968708853
E:\N9_20251512_PKM2.lif,N9_20251512_PKM2,130,MDL29951/5/R4,N9_20251512_PKM2_S131_MDL29951_5_R4,23,60939,23593,20983,13500,1,8287,13097,0,13500,49,196,64,10.962121212121213,2.283643453566736,201,1037.5,11.0,145.0,97.5,45,190,66,10.02127659574468,2.537911642758424,201,1062.5,13.0,60.0,97.5,41,136,45,10.175824175824175,2.9266666666666667,280,725.0,9.0,60.0,137.5,321.5378303366719,131.0,2.4544872544784115,425.6451859204398,208.0,2.0463710861559608,237.5485525367694,211.0,1.125822523870945,225.45873776120035,189.0,1.1929033743978854,235.53680800942288,189.0,1.2462264974043538
E:\N9_20251512_PKM2.lif,N9_20251512_PKM2,130,MDL29951/5/R4,N9_20251512_PKM2_S131_MDL29951_5_R4,24,32304,16059,13387,11633,1,13387,0,9396,11633,29,133,32,10.465909090909092,1.949249641945327,147,537.5,11.0,70.0,70.0,27,123,21,10.121951219512194,2.162172256666916,153,537.5,9.0,105.0,75.0,19,71,17,12.214285714285714,2.1282558239491105,129,527.5,13.0,90.0,62.5,261.7384776275491,131.0,1.9980036460118251,211.6599414658447,208.0,1.0175958724319456,287.86096782117414,211.0,1.364269989673811,265.64873279780807,189.0,1.4055488507820533,344.029484029484,189.0,1.82026182026182
E:\N9_20251512_PKM2.lif,N9_20251512_PKM2,130,MDL29951/5/R4,N9_20251512_PKM2_S131_MDL29951_5_R4,25,32330,15490,3001,15031,1,3001,0,20948,15031,39,183,46,8.775862068965518,2.098579728857328,221,627.5,17.0,65.0,107.3170731707317,14,50,11,7.527777777777778,3.069310229923359,117,267.5,9.0,25.0,55.0,38,174,44,8.882882882882884,2.111436364845985,218,620.0,11.0,90.0,107.5,228.1959346884372,131.0,1.7419536999117342,209.306391220142,208.0,1.0062807270199134,292.40970350404314,211.0,1.3858279786921477,278.6986442866365,189.0,1.474596001516595,287.5130863573145,189.0,1.521233261149812
E:\N9_20251512_PKM2.lif,N9_20251512_PKM2,130,MDL29951/5/R4,N9_20251512_PKM2_S131_MDL29951_5_R4,26,23948,17036,10156,15771,1,1606,8664,13909,15771,23,60,16,14.217391304347826,1.4706503874148862,171,417.5,7.0,140.0,84.6774193548387,34,94,29,10.054054054054054,1.9600236313509256,153,447.5,11.0,55.0,78.8,22,50,11,13.857142857142858,1.4674402384122758,143,357.5,10.0,70.0,70.0,229.214196762142,131.0,1.7497266928407784,515.4644506001847,208.0,2.4781944740393493,268.62330188679243,211.0,1.27309621747295,340.1775064569148,189.0,1.7998809865445229,378.2521841794569,189.0,2.0013343078278143
E:\N9_20251512_PKM2.lif,N9_20251512_PKM2,130,MDL29951/5/R4,N9_20251512_PKM2_S131_MDL29951_5_R4,27,22501,2061,0,2061,0,0,0,13452,2061,9,31,9,8.681818181818182,1.4565744784085397,61,147.5,7.0,20.0,27.5,0,0,0,0.0,,0,0.0,0.0,,,9,31,9,8.681818181818182,1.4565744784085397,61,147.5,7.0,20.0,27.5,151.2120329936924,131.0,1.1542903281961252,207.25909752547307,208.0,0.9964379688724668,403.5532139093783,211.0,1.9125744735041623,226.6928675400291,189.0,1.1994331615874556,,189.0,
E:\N9_20251512_PKM2.lif,N9_20251512_PKM2,130,MDL29951/5/R4,N9_20251512_PKM2_S131_MDL29951_5_R4,28,59507,39250,30949,26794,2,29041,1908,13009,26794,39,213,52,14.433566433566432,2.0366369426751594,238,1267.5,18.0,85.0,115.0,37,136,16,17.135416666666668,2.52273094445701,347,1087.5,8.0,155.0,170.0,39,197,50,12.546153846153846,2.291035306411884,245,1232.5,16.0,100.0,120.0,377.58320994456113,131.0,2.8823145797294742,383.8998951781971,208.0,1.8456725729721013,281.2548387096774,211.0,1.332961320898945,257.08512101910827,189.0,1.3602387355508374,306.2360312546071,189.0,1.620296461664588
E:\N9_20251512_PKM2.lif,N9_20251512_PKM2,130,MDL29951/5/R4,N9_20251512_PKM2_S131_MDL29951_5_R4,30,31010,17924,14436,8673,2,11894,3325,1094,8673,21,87,13,17.20754716981132,1.701963847355501,160,712.5,10.0,60.0,77.5,17,65,8,17.2,1.979426433915212,158,572.5,9.0,55.0,77.5,14,40,8,17.17241379310345,2.1426265421422808,133,432.5,12.0,55.0,65.0,306.54523289053304,131.0,2.34003994572926,384.5834586466165,208.0,1.848958935801041,257.0183598531212,211.0,1.2180964921948871,217.71328944432045,189.0,1.1519221663720658,234.4752520623281,189.0,1.2406097992715774
E:\N9_20251512_PKM2.lif,N9_20251512_PKM2,130,MDL29951/5/R4,N9_20251512_PKM2_S131_MDL29951_5_R4,31,41097,20833,17298,13388,1,104,17194,8333,13388,42,158,32,11.853211009174313,1.9409110545768733,161,757.5,10.0,90.0,77.5,39,176,31,10.027027027027026,2.223320615100012,269,657.5,9.0,105.0,134.7058823529412,25,100,24,11.552631578947368,2.653420974006573,157,552.5,9.0,60.0,75.0,249.58653846153845,131.0,1.9052407516147971,481.05414679539376,208.0,2.3127603211317007,310.8129203539823,211.0,1.4730470158956506,244.2945327125234,189.0,1.2925636651456265,298.6455431754875,189.0,1.580135149076653
E:\N9_20251512_PKM2.lif,N9_20251512_PKM2,130,MDL29951/5/R4,N9_20251512_PKM2_S131_MDL29951_5_R4,32,4969,3548,228,3548,0,228,0,1148,3548,3,13,1,20.9,1.3652762119503945,60,147.5,8.0,40.0,27.5,4,2,4,4.25,1.1403508771929824,22,47.5,9.0,10.0,7.5,3,13,1,20.9,1.3652762119503945,60,147.5,8.0,40.0,27.5,206.08333333333331,131.0,1.5731552162849871,260.1820744081173,208.0,1.250875357731333,260.2287356321839,211.0,1.2333115432804924,253.663190529876,189.0,1.342133283226857,,189.0,
E:\N9_20251512_PKM2.lif,N9_20251512_PKM2,130,MDL29951/5/R4,N9_20251512_PKM2_S131_MDL29951_5_R4,33,12406,6982,2368,6944,1,0,2368,8272,6944,7,17,1,22.571428571428573,1.4558865654540247,81,252.5,8.0,60.0,37.5,5,15,2,12.7,1.398648648648649,64,97.5,3.0,30.0,30.0,6,20,2,20.73333333333333,1.450028801843318,81,242.5,8.0,60.0,37.5,130.76611286164422,131.0,0.998214601997284,380.4966216216216,208.0,1.829310680873181,289.4109432234432,211.0,1.3716158446608684,306.9176453738184,189.0,1.623902885575759,281.491293071508,189.0,1.4893719210132697
E:\N9_20251512_PKM2.lif,N9_20251512_PKM2,130,MDL29951/5/R4,N9_20251512_PKM2_S131_MDL29951_5_R4,34,23356,16177,5793,13982,1,5793,0,9600,13982,25,177,39,9.693693693693694,1.389070903134079,108,497.5,12.0,45.0,50.0,46,121,36,5.747126436781609,2.766960124287934,148,527.5,11.0,105.0,70.0,27,159,31,8.89795918367347,1.548991560577886,105,502.5,13.0,95.0,50.0,239.91921284308648,131.0,1.8314443728479883,220.56339247079185,208.0,1.0604009253403457,265.2440199335548,211.0,1.257080663192203,261.6291030475366,189.0,1.3842809685054849,256.6033665244192,189.0,1.3576897699704715
E:\N9_20251512_PKM2.lif,N9_20251512_PKM2,130,MDL29951/5/R4,N9_20251512_PKM2_S131_MDL29951_5_R4,35,32140,25994,24538,18706,1,24538,0,23367,18706,29,157,21,12.904255319148936,1.2135492806032162,125,457.5,12.0,90.0,60.0,28,184,34,10.145299145299145,1.2204336131714075,127,387.5,12.0,85.0,60.0,29,116,40,11.6875,1.5079118999251575,125,547.5,16.0,65.0,60.0,758.0329285190317,131.0,5.786510904725432,211.1359159806109,208.0,1.0150765191375526,424.9388932728349,211.0,2.0139284041366583,364.8226129106717,189.0,1.9302783751887391,420.2089351696338,189.0,2.223327699310232
E:\N9_20251512_PKM2.lif,N9_20251512_PKM2,130,MDL29951/5/R4,N9_20251512_PKM2_S131_MDL29951_5_R4,36,39691,29491,21040,26340,0,20064,1343,28790,26340,28,164,26,14.866666666666667,1.4698721643891357,223,855.0,13.0,115.0,112.5,25,133,48,13.05952380952381,1.877423954372624,162,797.5,12.0,80.0,77.5,37,195,35,12.064,1.6023158694001518,223,850.0,12.0,115.0,115.0,283.242523923445,131.0,2.162156671171336,369.2814594192107,208.0,1.7753916318231284,309.6937310650198,211.0,1.467742801256018,294.3925265335187,189.0,1.557632415521263,,189.0,
E:\N9_20251512_PKM2.lif,N9_20251512_PKM2,130,MDL29951/5/R4,N9_20251512_PKM2_S131_MDL29951_5_R4,37,6135,4045,0,4045,0,0,0,3,4045,13,21,2,12.294117647058824,1.4276885043263288,83,162.5,6.0,30.0,37.5,0,0,0,0.0,,0,0.0,0.0,,,13,21,2,12.294117647058824,1.4276885043263288,83,162.5,6.0,30.0,37.5,132.85611866501853,131.0,1.014168844771134,550.9253399258344,208.0,2.648679518874204,227.86254635352287,211.0,1.079917281296317,255.79357231149567,189.0,1.3534051445052682,,189.0,
E:\N9_20251512_PKM2.lif,N9_20251512_PKM2,130,MDL29951/5/R4,N9_20251512_PKM2_S131_MDL29951_5_R4,38,61787,31109,24518,19091,1,21705,5060,9195,19091,40,205,60,12.266666666666667,1.96631199974284,198,977.5,13.0,85.0,97.5,31,130,35,13.011363636363637,1.878334285015091,174,787.5,13.0,100.0,85.0,37,154,38,12.254901960784316,2.853281651039757,185,957.5,15.0,60.0,90.0,312.8943100668049,131.0,2.388506183716068,710.2656126482213,208.0,3.414738522347218,285.02076124567475,211.0,1.3508092950031978,232.10051753511848,189.0,1.2280450663233782,288.80606488011284,189.0,1.5280744173550944
E:\N9_20251512_PKM2.lif,N9_20251512_PKM2,130,MDL29951/5/R4,N9_20251512_PKM2_S131_MDL29951_5_R4,40,62871,50016,42708,31293,4,42227,1140,38514,31293,51,282,83,13.5,1.4680102367242482,211,1082.5,14.0,90.0,102.5,45,211,53,15.244897959183673,1.6076613280884144,200,1082.5,14.0,95.0,97.5,70,233,77,10.64327485380117,2.0707506471095773,203,1142.5,17.0,170.0,97.5,502.1736803466976,131.0,3.8333868728755545,365.8605263157895,208.0,1.75894483805668,354.0579487179487,211.0,1.6779997569571028,273.2919665706973,189.0,1.4459892411148008,289.69108260519306,189.0,1.5327570508211272
E:\N9_20251512_PKM2.lif,N9_20251512_PKM2,130,MDL29951/5/R4,N9_20251512_PKM2_S131_MDL29951_5_R4,41,10120,4717,0,4717,0,0,0,7250,4717,13,30,17,12.043478260869565,1.6262454950180198,76,192.5,9.0,45.0,35.0,0,0,0,0.0,,0,0.0,0.0,,,13,30,17,12.043478260869565,1.6262454950180198,76,192.5,9.0,45.0,35.0,152.56540173839304,131.0,1.1646213873159774,224.8781004875981,208.0,1.081144713882683,336.2387025228722,211.0,1.5935483531889678,250.7752808988764,189.0,1.3268533380892933,,189.0,
E:\N9_20251512_PKM2.lif,N9_20251512_PKM2,130,MDL29951/5/R4,N9_20251512_PKM2_S131_MDL29951_5_R4,42,22204,17717,9068,13622,1,7690,1378,5388,13622,21,81,18,15.275862068965518,1.315967714624372,138,462.5,13.0,65.0,65.0,15,47,9,15.216216216216216,2.117004852227613,219,467.5,5.0,85.0,113.28947368421052,22,70,17,14.27450980392157,1.6521068859198356,153,452.5,11.0,65.0,72.5,284.2873862158648,131.0,2.170132719205075,354.3701015965167,208.0,1.7037024115217148,295.90299034612667,211.0,1.40238384050297,278.64102274651464,189.0,1.4742911256429343,306.55102040816325,189.0,1.621963070942663
E:\N9_20251512_PKM2.lif,N9_20251512_PKM2,130,MDL29951/5/R4,N9_20251512_PKM2_S131_MDL29951_5_R4,43,44978,39965,34956,24020,1,18564,26213,13414,24020,31,231,61,13.373239436619718,1.3462279494557738,192,672.5,13.0,130.0,92.5,49,283,77,10.820224719101123,1.51304497082046,198,942.5,14.0,95.0,97.5,31,150,40,13.22222222222222,1.7735220649458785,225,652.5,12.0,80.0,110.0,314.50673346261584,131.0,2.4008147592566096,638.1323770648152,208.0,3.067944120503919,267.6313820996781,211.0,1.2683951758278584,268.4209183035156,189.0,1.4202164989603998,297.1013143483023,189.0,1.5719646261814937
E:\N9_20251512_PKM2.lif,N9_20251512_PKM2,130,MDL29951/5/R4,N9_20251512_PKM2_S131_MDL29951_5_R4,44,41885,37954,37853,23200,2,35157,3823,29380,23200,23,117,34,16.564705882352943,1.121252041945513,153,577.5,16.0,120.0,72.5,21,117,33,17.0609756097561,1.12345124560801,153,572.5,16.0,120.0,72.5,31,99,27,12.782051282051285,1.4883189655172413,143,602.5,14.0,75.0,70.0,960.9989760218448,131.0,7.3358700459682815,477.4572325398901,208.0,2.295467464134087,382.8922946405518,211.0,1.8146554248367384,301.47262475628395,189.0,1.5950932526787511,301.58516435225874,189.0,1.5956887002765012
E:\N9_20251512_PKM2.lif,N9_20251512_PKM2,132,MDL29951/5/R15,N9_20251512_PKM2_S133_MDL29951_5_R15,1,53306,26522,7311,26522,2,0,7311,13873,26522,36,163,56,11.398148148148149,1.627328255787648,176,697.5,17.0,90.0,85.0,10,60,28,9.416666666666666,1.7968814115716043,155,387.5,12.0,35.0,74.28571428571429,36,163,56,11.398148148148149,1.627328255787648,176,697.5,17.0,90.0,85.0,125.44374481562475,107.0,1.1723714468749975,390.97072903843525,185.0,2.11335529209965,288.4092363968907,189.0,1.5259747957507446,350.83892617449663,151.0,2.3234365971820967,351.56424440533067,151.0,2.3282400291743754
E:\N9_20251512_PKM2.lif,N9_20251512_PKM2,132,MDL29951/5/R15,N9_20251512_PKM2_S133_MDL29951_5_R15,2,25959,17078,209,17078,1,206,3,190,17078,9,33,10,21.875,1.4013936058086427,125,387.5,15.0,100.0,60.0,4,4,1,5.75,6.014354066985646,99,45.0,5.0,85.0,80.0,9,33,10,21.875,1.4013936058086427,125,387.5,15.0,100.0,60.0,270.55825242718447,107.0,2.5285817983849017,284.3333333333333,185.0,1.5369369369369368,284.3263157894737,189.0,1.5043720412141466,343.7321114884647,151.0,2.276371599261356,407.6072641755945,151.0,2.699385855467513
E:\N9_20251512_PKM2.lif,N9_20251512_PKM2,132,MDL29951/5/R15,N9_20251512_PKM2_S133_MDL29951_5_R15,4,31054,15507,0,15507,2,0,0,0,15507,18,62,15,16.0,1.5313729283549364,146,477.5,7.0,40.0,70.0,0,0,0,0.0,,0,0.0,0.0,,,18,62,15,16.0,1.5313729283549364,146,477.5,7.0,40.0,70.0,113.05958599342232,107.0,1.0566316447983397,232.33862126781452,185.0,1.255884439285484,217.2496936867221,189.0,1.1494692787657257,317.59560198619977,151.0,2.103282132358939,343.4632697155204,151.0,2.274591190169009
E:\N9_20251512_PKM2.lif,N9_20251512_PKM2,132,MDL29951/5/R15,N9_20251512_PKM2_S133_MDL29951_5_R15,6,27009,12478,404,12478,1,404,0,997,12478,9,45,12,19.032258064516128,1.8379548004487896,122,402.5,11.0,90.0,57.5,4,6,1,4.25,1.547029702970297,49,47.5,3.0,10.0,23.571428571428573,9,45,12,19.032258064516128,1.8379548004487896,122,402.5,11.0,90.0,57.5,270.9579207920792,107.0,2.532317016748404,224.84444622535665,185.0,1.2153753850019278,242.72200772200773,189.0,1.28424342710057,288.4281134797243,151.0,1.910119956819366,337.89068322981365,151.0,2.2376866439060508
E:\N9_20251512_PKM2.lif,N9_20251512_PKM2,132,MDL29951/5/R15,N9_20251512_PKM2_S133_MDL29951_5_R15,7,30982,15537,0,15537,2,0,0,408,15537,14,32,4,21.2,1.496363519340928,126,407.5,10.0,85.0,60.0,0,0,0,0.0,,0,0.0,0.0,,,14,32,4,21.2,1.496363519340928,126,407.5,10.0,85.0,60.0,117.40863744609642,107.0,1.0972769854775366,230.07446740039904,185.0,1.2436457697318868,278.7377450980392,189.0,1.4748028841166096,362.2054450666152,151.0,2.3987115567325508,364.5519237952933,151.0,2.414251150962207
E:\N9_20251512_PKM2.lif,N9_20251512_PKM2,132,MDL29951/5/R15,N9_20251512_PKM2_S133_MDL29951_5_R15,8,31432,15502,0,15502,1,0,0,0,15502,37,209,42,7.714285714285714,1.6039865823764676,120,437.5,14.0,75.0,57.5,0,0,0,0.0,,0,0.0,0.0,,,37,209,42,7.714285714285714,1.6039865823764676,120,437.5,14.0,75.0,57.5,110.3672429363953,107.0,1.031469560153227,205.1395303831764,185.0,1.108862326395548,208.58005418655657,189.0,1.103598170299241,269.71016643013803,151.0,1.7861600425836957,269.936698212408,151.0,1.7876602530623045
E:\N9_20251512_PKM2.lif,N9_20251512_PKM2,132,MDL29951/5/R15,N9_20251512_PKM2_S133_MDL29951_5_R15,9,27977,11973,0,11973,1,0,0,0,11973,13,39,6,18.379310344827587,1.7567025808068153,138,417.5,10.0,90.0,65.0,0,0,0,0.0,,0,0.0,0.0,,,13,39,6,18.379310344827587,1.7567025808068153,138,417.5,10.0,90.0,65.0,113.45911634510983,107.0,1.0603655733187836,208.7627161112503,185.0,1.1284471141148666,209.9432890670676,189.0,1.1108110532649078,274.3698321222751,151.0,1.8170187557766564,287.3530401851462,151.0,1.903000266126796
E:\N9_20251512_PKM2.lif,N9_20251512_PKM2,132,MDL29951/5/R15,N9_20251512_PKM2_S133_MDL29951_5_R15,10,32239,18376,147,18376,2,0,147,2802,18376,13,34,5,19.346153846153847,1.3795167609925991,151,372.5,8.0,105.0,72.5,2,0,0,6.0,1.0612244897959184,19,17.5,3.0,10.0,7.5,13,34,5,19.346153846153847,1.3795167609925991,151,372.5,8.0,105.0,72.5,124.85519155420111,107.0,1.1668709491046834,411.70068027210885,185.0,2.22540908255194,272.4687116564417,189.0,1.441633395007628,377.7841205920767,151.0,2.501881593325011,372.7493773758029,151.0,2.468538923018562
E:\N9_20251512_PKM2.lif,N9_20251512_PKM2,132,MDL29951/5/R15,N9_20251512_PKM2_S133_MDL29951_5_R15,11,20700,10326,0,10326,1,0,0,0,10326,6,36,9,17.523809523809526,1.500581057524695,107,297.5,9.0,30.0,50.0,0,0,0,0.0,,0,0.0,0.0,,,6,36,9,17.523809523809526,1.500581057524695,107,297.5,9.0,30.0,50.0,113.38640325392214,107.0,1.0596860117188984,214.40751501065276,185.0,1.1589595405981228,212.51907805539412,189.0,1.1244395664306568,290.6934921557234,151.0,1.92512246460744,298.7202675196278,151.0,1.9782799173485284
E:\N9_20251512_PKM2.lif,N9_20251512_PKM2,132,MDL29951/5/R15,N9_20251512_PKM2_S133_MDL29951_5_R15,12,29343,21379,6,21378,1,6,0,0,21378,27,98,20,13.816901408450704,1.3569858272136208,150,507.5,15.0,85.0,72.5,2,0,0,3.0,1.5,19,10.0,2.0,5.0,7.5,27,98,20,14.0,1.3544765646926746,150,502.5,14.0,75.0,72.5,185.16666666666663,107.0,1.730529595015576,207.94157818419944,185.0,1.1240085307254024,204.9555170962159,189.0,1.0844207253768037,376.3059544412741,151.0,2.492092413518372,378.9478604071458,151.0,2.509588479517522
E:\N9_20251512_PKM2.lif,N9_20251512_PKM2,132,MDL29951/5/R15,N9_20251512_PKM2_S133_MDL29951_5_R15,13,163894,80690,70560,35057,1,70560,0,1072,35057,83,392,84,16.215384615384615,2.149535258396332,483,2402.5,14.0,225.0,237.5,70,339,77,15.766233766233766,2.060062358276644,274,2002.5,19.0,175.0,135.0,54,207,56,15.303448275862069,4.168953418718088,483,1662.5,15.0,175.0,237.5,353.73829365079365,107.0,3.3059653612223707,196.167145866898,185.0,1.0603629506318812,259.13526119402985,189.0,1.37108603806365,217.06052794646175,151.0,1.4374869400427932,390.3756723210592,151.0,2.585269353119597
E:\N9_20251512_PKM2.lif,N9_20251512_PKM2,132,MDL29951/5/R15,N9_20251512_PKM2_S133_MDL29951_5_R15,14,27723,17222,0,17222,1,0,0,2062,17222,15,92,27,12.67741935483871,1.4387992103123912,116,400.0,9.0,65.0,55.0,0,0,0,0.0,,0,0.0,0.0,,,15,92,27,12.67741935483871,1.4387992103123912,116,400.0,9.0,65.0,55.0,119.27929392637324,107.0,1.1147597563212452,211.00481941702475,185.0,1.140566591443377,223.0078125,189.0,1.1799355158730158,295.3132040413425,151.0,1.9557165830552483,300.20714476139693,151.0,1.9881267864993173
E:\N9_20251512_PKM2.lif,N9_20251512_PKM2,132,MDL29951/5/R15,N9_20251512_PKM2_S133_MDL29951_5_R15,15,33495,12176,12176,0,0,12176,0,0,0,15,58,10,16.26829268292683,1.886005256241787,133,432.5,9.0,75.0,62.5,15,58,10,16.26829268292683,1.886005256241787,133,432.5,9.0,75.0,62.5,0,0,0,0.0,,0,0.0,0.0,,,254.5901773981603,107.0,2.379347452319255,185.5403252299606,185.0,1.0029206769187058,189.2486038107753,189.0,1.0013153640781762,153.80469776609723,151.0,1.0185741573913725,,151.0,
E:\N9_20251512_PKM2.lif,N9_20251512_PKM2,132,MDL29951/5/R15,N9_20251512_PKM2_S133_MDL29951_5_R15,16,21997,14971,0,14971,2,0,0,0,14971,12,38,12,18.607142857142858,1.3576915369714782,122,387.5,10.0,55.0,57.5,0,0,0,0.0,,0,0.0,0.0,,,12,38,12,18.607142857142858,1.3576915369714782,122,387.5,10.0,55.0,57.5,119.06024981631154,107.0,1.1127126151057154,209.177276067063,185.0,1.130687978740881,202.59080889720124,189.0,1.0719090417841337,317.5701689933872,151.0,2.103113701942961,316.39636766948564,151.0,2.095340183241627
E:\N9_20251512_PKM2.lif,N9_20251512_PKM2,132,MDL29951/5/R15,N9_20251512_PKM2_S133_MDL29951_5_R15,17,113287,48238,48227,10242,1,48227,0,0,10242,36,193,55,18.28,2.6348729217629256,365,1607.5,21.0,140.0,180.0,36,205,57,17.519083969465647,2.635473904659216,365,1612.5,21.0,140.0,180.0,5,26,18,24.894736842105264,2.0208943565709823,247,397.5,5.0,90.0,120.0,315.9416094718726,107.0,2.952725322167033,181.52048177785147,185.0,0.9811917933937916,183.42642729798084,189.0,0.970510197343814,185.879099465152,151.0,1.230987413676503,341.73192771084337,151.0,2.263125349078433
E:\N9_20251512_PKM2.lif,N9_20251512_PKM2,132,MDL29951/5/R15,N9_20251512_PKM2_S133_MDL29951_5_R15,18,44154,16642,7581,16011,1,7581,0,5928,16011,24,88,22,14.272727272727272,1.6651243840884509,137,472.5,9.0,100.0,65.0,13,40,10,13.5,1.6282812293892626,97,262.5,10.0,50.0,45.0,19,74,17,15.51851851851852,1.7307476110174256,137,462.5,9.0,100.0,65.0,270.5125972826804,107.0,2.528155114791405,200.40337699795697,185.0,1.083261497286254,262.35870116692035,189.0,1.3881412760154517,296.1007090493931,151.0,1.960931848009226,398.34485498609456,151.0,2.6380453972589044
E:\N9_20251512_PKM2.lif,N9_20251512_PKM2,132,MDL29951/5/R15,N9_20251512_PKM2_S133_MDL29951_5_R15,19,10064,6345,0,6345,1,0,0,0,6345,3,7,2,34.6,1.115524034672971,97,152.5,2.0,20.0,45.0,0,0,0,0.0,,0,0.0,0.0,,,3,7,2,34.6,1.115524034672971,97,152.5,2.0,20.0,45.0,119.01639085894404,107.0,1.1123027183078884,196.07927501970056,185.0,1.0598879730794626,191.37304964539007,189.0,1.012555818229577,324.154609929078,151.0,2.1467192710534966,307.10470139771286,151.0,2.033805969521277
E:\N9_20251512_PKM2.lif,N9_20251512_PKM2,132,MDL29951/5/R15,N9_20251512_PKM2_S133_MDL29951_5_R15,20,12231,7388,0,7388,1,0,0,0,7388,14,76,17,9.148936170212766,1.4151326475365458,85,267.5,14.0,55.0,40.0,0,0,0,0.0,,0,0.0,0.0,,,14,76,17,9.148936170212766,1.4151326475365458,85,267.5,14.0,55.0,40.0,111.3876556578235,107.0,1.0410061276432103,183.0113697888468,185.0,0.98925064750728,176.39550622631293,189.0,0.9333095567529784,245.84474824038983,151.0,1.6281109154992703,243.62001811594203,151.0,1.6133776034168346
E:\N9_20251512_PKM2.lif,N9_20251512_PKM2,134,MDL29951/5/R14,N9_20251512_PKM2_S135_MDL29951_5_R14,1,9582,6794,0,6794,0,0,0,0,6794,9,45,13,7.785714285714286,1.2243155725640271,75,177.5,6.0,50.0,35.0,0,0,0,0.0,,0,0.0,0.0,,,9,45,13,7.785714285714286,1.2243155725640271,75,177.5,6.0,50.0,35.0,418.3775390050044,145.0,2.885362337965548,182.74448042390344,203.0,0.9002191153886869,253.84765969973503,208.0,1.220421440864111,439.53193994701206,188.0,2.337935850781979,,188.0,
E:\N9_20251512_PKM2.lif,N9_20251512_PKM2,134,MDL29951/5/R14,N9_20251512_PKM2_S135_MDL29951_5_R14,2,24068,18120,18120,1165,0,18120,0,2008,1165,17,77,21,14.851851851851851,1.250496688741722,119,407.5,12.0,70.0,57.5,17,77,21,14.851851851851851,1.250496688741722,119,407.5,12.0,70.0,57.5,3,3,1,16.666666666666668,1.0592274678111588,37,62.5,6.0,20.0,15.0,424.0471854304636,145.0,2.9244633477963005,346.9644591611479,203.0,1.709184527887428,256.3260993717876,208.0,1.2323370162105172,197.96699779249448,188.0,1.053015945704758,,188.0,
E:\N9_20251512_PKM2.lif,N9_20251512_PKM2,134,MDL29951/5/R14,N9_20251512_PKM2_S135_MDL29951_5_R14,3,46609,34822,34695,3346,1,34695,0,3667,3346,40,166,35,14.8018018018018,1.457785308138533,197,677.5,15.0,85.0,95.0,41,167,38,14.701754385964913,1.462919729067589,196,722.5,12.0,85.0,95.0,16,16,5,9.31578947368421,1.8135086670651523,111,237.5,10.0,30.0,51.05263157894737,418.97648076091656,145.0,2.889492970764942,201.97656653839528,203.0,0.994958455854164,305.6033566433566,208.0,1.4692469069392144,196.92880937338464,188.0,1.0474936668797057,225.0818385650224,188.0,1.1972438221543746
E:\N9_20251512_PKM2.lif,N9_20251512_PKM2,134,MDL29951/5/R14,N9_20251512_PKM2_S135_MDL29951_5_R14,4,14836,6165,0,6165,0,0,0,8816,6165,24,76,40,8.092592592592593,1.5096512570965126,81,227.5,7.0,40.0,37.5,0,0,0,0.0,,0,0.0,0.0,,,24,76,40,8.092592592592593,1.5096512570965126,81,227.5,7.0,40.0,37.5,392.8183292781833,145.0,2.7090919260564363,197.64233576642332,203.0,0.9736075653518392,316.244877393349,208.0,1.5204080643911009,255.17777777777775,188.0,1.3573286052009457,,188.0,
E:\N9_20251512_PKM2.lif,N9_20251512_PKM2,134,MDL29951/5/R14,N9_20251512_PKM2_S135_MDL29951_5_R14,5,19554,11998,0,11998,1,0,0,16611,11998,28,85,18,11.491525423728811,1.634022337056176,133,342.5,8.0,75.0,65.0,0,0,0,0.0,,0,0.0,0.0,,,28,85,18,11.491525423728811,1.634022337056176,133,342.5,8.0,75.0,65.0,157.5218369728288,145.0,1.0863574963643363,227.49299883313887,203.0,1.1206551666657087,337.6778389194597,208.0,1.6234511486512486,310.5548424737456,188.0,1.651887459966732,299.4816472694718,188.0,1.5929874854759138
E:\N9_20251512_PKM2.lif,N9_20251512_PKM2,134,MDL29951/5/R14,N9_20251512_PKM2_S135_MDL29951_5_R14,6,15458,14610,13150,8812,1,13150,0,995,8812,11,44,6,18.363636363636363,1.2853524982888431,124,272.5,6.0,65.0,60.0,13,56,10,13.86046511627907,1.4280608365019012,123,337.5,8.0,60.0,60.0,20,63,18,11.41304347826087,1.947231048570132,120,397.5,8.0,40.0,57.5,492.8964258555133,145.0,3.3992856955552644,212.2952772073922,203.0,1.0457895428935575,292.7768844221105,208.0,1.4075811751063003,380.4835728952772,188.0,2.0238487919961554,263.50635930047696,188.0,1.401629570747218
E:\N9_20251512_PKM2.lif,N9_20251512_PKM2,134,MDL29951/5/R14,N9_20251512_PKM2_S135_MDL29951_5_R14,7,12953,9327,8329,4309,0,8329,0,8113,4309,12,26,4,18.666666666666668,1.3288302776884315,98,247.5,6.0,60.0,45.0,11,27,5,17.526315789473685,1.3677512306399329,92,247.5,7.0,65.0,42.5,9,13,2,19.666666666666668,2.1025760037131587,100,222.5,8.0,60.0,47.5,378.19678232681,145.0,2.608253671219379,213.40999249490727,203.0,1.0512807512064395,329.07151858853183,208.0,1.5820746085987107,227.4848289911011,188.0,1.2100256861228782,,188.0,
E:\N9_20251512_PKM2.lif,N9_20251512_PKM2,134,MDL29951/5/R14,N9_20251512_PKM2_S135_MDL29951_5_R14,8,7655,4065,0,4065,0,0,0,6839,4065,4,12,2,21.5,1.3923739237392374,67,152.5,7.0,40.0,30.0,0,0,0,0.0,,0,0.0,0.0,,,4,12,2,21.5,1.3923739237392374,67,152.5,7.0,40.0,30.0,182.76309963099632,145.0,1.2604351698689402,225.2558425584256,203.0,1.1096346924060372,367.2296637744035,208.0,1.7655272296846325,263.9011070110701,188.0,1.403729292612075,,188.0,
E:\N9_20251512_PKM2.lif,N9_20251512_PKM2,134,MDL29951/5/R14,N9_20251512_PKM2_S135_MDL29951_5_R14,9,14858,11518,8528,8148,0,8528,0,13708,8148,12,70,16,13.977272727272728,1.3190658100364647,106,292.5,9.0,70.0,50.0,11,29,10,19.681818181818183,1.5356472795497185,109,297.5,6.0,35.0,52.5,14,50,8,14.818181818181818,1.7117083946980851,103,332.5,9.0,45.0,47.5,338.7725140712945,145.0,2.336362166008928,284.1113040458413,203.0,1.3995630741174447,467.3191928671985,208.0,2.2467268887846084,276.517016843202,188.0,1.4708351959744783,,188.0,
E:\N9_20251512_PKM2.lif,N9_20251512_PKM2,134,MDL29951/5/R14,N9_20251512_PKM2_S135_MDL29951_5_R14,10,9522,5464,0,5464,0,0,0,7414,5464,13,34,4,9.814814814814817,1.6473279648609078,79,237.5,9.0,50.0,37.5,0,0,0,0.0,,0,0.0,0.0,,,13,34,4,9.814814814814817,1.6473279648609078,79,237.5,9.0,50.0,37.5,152.65629575402636,145.0,1.0528020396829405,322.4185578330893,203.0,1.5882687577984695,267.86766776161426,208.0,1.2878253257769916,310.3195461200586,188.0,1.650635883617333,,188.0,
E:\N9_20251512_PKM2.lif,N9_20251512_PKM2,134,MDL29951/5/R14,N9_20251512_PKM2_S135_MDL29951_5_R14,11,19405,15104,5284,14978,2,5282,2,16033,14978,19,104,41,10.384615384615383,1.2708554025423728,111,347.5,11.0,80.0,52.5,22,48,8,8.375,1.892316426949281,120,222.5,5.0,20.0,58.57142857142857,17,103,42,10.18032786885246,1.2791427426892776,111,342.5,11.0,80.0,52.5,258.81995456266566,145.0,1.7849652038804529,589.5,203.0,2.903940886699508,298.354431410883,208.0,1.4343963048600146,338.4858315677966,188.0,1.800456550892535,354.6710559635351,188.0,1.886548170018804
E:\N9_20251512_PKM2.lif,N9_20251512_PKM2,134,MDL29951/5/R14,N9_20251512_PKM2_S135_MDL29951_5_R14,12,31003,29070,24116,26676,1,24116,0,20832,26676,8,34,4,22.88,1.1046783625730994,159,357.5,14.0,100.0,77.5,26,133,34,14.651162790697674,1.3276248134018909,156,562.5,12.0,95.0,75.0,9,57,18,15.583333333333334,1.139188783925626,133,417.5,16.0,100.0,65.0,557.1240255432078,145.0,3.842234658918674,244.04884760921917,203.0,1.2022110719665968,298.80906725766044,208.0,1.4365820541233676,377.29184726522186,188.0,2.0068715280064997,458.7300613496933,188.0,2.440053517817517
E:\N9_20251512_PKM2.lif,N9_20251512_PKM2,134,MDL29951/5/R14,N9_20251512_PKM2_S135_MDL29951_5_R14,13,17762,17322,12375,17243,0,9657,7587,16703,17243,4,12,3,46.875,1.0773005426625102,101,252.5,12.0,75.0,47.5,19,63,7,12.727272727272728,1.4715151515151514,107,317.5,13.0,70.0,50.0,5,15,3,45.888888888888886,1.0815403352084905,101,247.5,12.0,75.0,47.5,326.4352283317801,145.0,2.251277436770897,820.7997891129563,203.0,4.043348714842149,336.7426059152678,208.0,1.6189548361310953,385.7209906477312,188.0,2.0517073970624,,188.0,
E:\N9_20251512_PKM2.lif,N9_20251512_PKM2,134,MDL29951/5/R14,N9_20251512_PKM2_S135_MDL29951_5_R14,14,15333,14000,12038,12301,1,12038,0,13623,12301,7,19,1,28.176470588235293,1.1409285714285715,105,282.5,9.0,60.0,50.0,15,65,14,14.767441860465116,1.2836019272304369,105,322.5,8.0,65.0,50.0,5,25,5,26.75,1.212584342736363,103,307.5,11.0,65.0,50.0,666.2455557401562,145.0,4.594796936139009,241.25907142857145,203.0,1.1884683321604503,381.13920896916846,208.0,1.832400043121002,339.0587857142857,188.0,1.803504179331307,347.2751031636864,188.0,1.8472079955515237
E:\N9_20251512_PKM2.lif,N9_20251512_PKM2,134,MDL29951/5/R14,N9_20251512_PKM2_S135_MDL29951_5_R14,15,13045,11539,8839,10129,1,2691,6835,8384,10129,6,38,5,16.24137931034483,1.1650056330704568,94,267.5,12.0,65.0,45.0,19,102,29,8.640625,1.4596673831881437,95,355.0,12.0,55.0,45.0,6,21,7,24.47058823529412,1.318392733734821,93,282.5,9.0,65.0,45.0,277.7506503158677,145.0,1.9155217263163289,419.4667154352597,203.0,2.0663384996810823,281.34403437815973,208.0,1.3526155498949988,314.864199670682,188.0,1.6748095727163936,280.9615156897573,188.0,1.494476147285943
E:\N9_20251512_PKM2.lif,N9_20251512_PKM2,134,MDL29951/5/R14,N9_20251512_PKM2_S135_MDL29951_5_R14,16,37172,32377,21589,29281,0,7202,15685,27069,29281,21,96,29,16.472727272727273,1.199400809216419,165,587.5,18.0,130.0,80.0,36,143,28,12.049019607843135,1.727175876603826,168,792.5,18.0,100.0,82.5,19,85,27,15.833333333333334,1.265018271233906,160,497.5,9.0,90.0,77.5,300.52749236323245,145.0,2.0726033956085,503.44928275422376,203.0,2.480045727853319,298.932317956371,208.0,1.4371746055594758,354.63860147635665,188.0,1.8863755397678543,,188.0,
E:\N9_20251512_PKM2.lif,N9_20251512_PKM2,134,MDL29951/5/R14,N9_20251512_PKM2_S135_MDL29951_5_R14,17,54278,51193,46075,43536,3,44968,3817,49032,43536,23,130,21,20.567901234567906,1.1776024065790245,185,532.5,8.0,120.0,90.0,47,255,41,13.918238993710691,1.3004015192620728,187,747.5,17.0,110.0,90.0,21,89,18,22.9344262295082,1.3793182653436236,182,797.5,25.0,120.0,87.5,531.3369062444405,145.0,3.66439245685821,523.6520827875295,203.0,2.5795669102833965,342.9469220835127,208.0,1.648783279247657,342.75869747817086,188.0,1.8231845610541,340.66559485530547,188.0,1.8120510364643907
E:\N9_20251512_PKM2.lif,N9_20251512_PKM2,134,MDL29951/5/R14,N9_20251512_PKM2_S135_MDL29951_5_R14,18,35488,34775,30002,34086,3,26133,11930,31041,34086,8,29,3,31.954545454545453,1.0774982027318476,139,367.5,11.0,100.0,67.5,50,185,43,11.626984126984128,1.2203519765348976,142,612.5,17.0,90.0,67.5,8,14,3,45.76923076923077,1.0944962741301414,141,382.5,12.0,100.0,67.5,549.7102131404737,145.0,3.7911049182101633,501.7694048616932,203.0,2.471770467298981,336.5511131157576,208.0,1.6180341976719117,544.0691301222142,188.0,2.893984734692629,661.3359739459555,188.0,3.5177445422657208
E:\N9_20251512_PKM2.lif,N9_20251512_PKM2,134,MDL29951/5/R14,N9_20251512_PKM2_S135_MDL29951_5_R14,19,19543,15213,7676,13945,1,7339,411,15747,13945,20,76,15,13.127272727272729,1.2979031091829356,115,407.5,20.0,85.0,55.0,14,54,22,11.054054054054054,1.6747003647733194,95,327.5,8.0,45.0,45.0,26,70,21,11.66101694915254,1.4159196844747222,116,377.5,14.0,65.0,55.0,323.7161738656493,145.0,2.232525337004478,349.647201946472,203.0,1.722400009588532,406.0596326627972,208.0,1.9522097724172944,340.4906330112404,188.0,1.8111203883576616,400.7118320610687,188.0,2.1314459152184506
E:\N9_20251512_PKM2.lif,N9_20251512_PKM2,134,MDL29951/5/R14,N9_20251512_PKM2_S135_MDL29951_5_R14,20,46504,35792,35265,16823,1,35265,0,41256,16823,36,189,34,12.84297520661157,1.4356001341081803,182,732.5,13.0,135.0,87.5,34,177,31,13.580357142857142,1.455409045796115,183,697.5,10.0,65.0,90.0,25,152,43,10.747474747474747,2.7964096772276053,306,722.5,7.0,230.0,162.73584905660377,617.1074719977314,145.0,4.255913599984354,231.7287941439428,203.0,1.1415211534184373,342.0443012732014,208.0,1.644443756121161,248.94149530621368,188.0,1.3241568899266685,282.303071672355,188.0,1.5016120833635902
E:\N9_20251512_PKM2.lif,N9_20251512_PKM2,134,MDL29951/5/R14,N9_20251512_PKM2_S135_MDL29951_5_R14,21,5011,4098,0,4098,0,0,0,4876,4098,4,4,1,22.2,1.1854563201561736,61,92.5,4.0,35.0,27.5,0,0,0,0.0,,0,0.0,0.0,,,4,4,1,22.2,1.1854563201561736,61,92.5,4.0,35.0,27.5,424.8640800390434,145.0,2.9300971037175407,246.6942410932162,203.0,1.2152425669616562,492.665745162101,208.0,2.368585313279332,370.8757930697901,188.0,1.972743580158458,,188.0,
E:\N9_20251512_PKM2.lif,N9_20251512_PKM2,134,MDL29951/5/R14,N9_20251512_PKM2_S135_MDL29951_5_R14,22,41125,38720,35541,33359,2,33941,3350,36154,33359,22,103,18,19.96825396825397,1.2215392561983471,206,587.5,11.0,145.0,100.0,34,201,41,15.064516129032258,1.3275372105455672,206,677.5,11.0,125.0,100.0,20,62,17,19.58695652173913,1.3544770526694443,206,592.5,12.0,130.0,100.0,536.0472879408385,145.0,3.696877847867852,409.24358208955226,203.0,2.015978236894346,327.238167760075,208.0,1.5732604219234374,388.8150309917355,188.0,2.068165058466678,443.1000798084597,188.0,2.356915318130105
E:\N9_20251512_PKM2.lif,N9_20251512_PKM2,134,MDL29951/5/R14,N9_20251512_PKM2_S135_MDL29951_5_R14,23,34374,30838,26712,26281,1,26712,0,27102,26281,16,62,11,21.307692307692307,1.2326674881639537,149,447.5,9.0,125.0,72.5,34,106,17,16.01298701298701,1.4062967954477388,150,657.5,11.0,85.0,72.5,20,63,10,19.17948717948718,1.4446177847113884,159,627.5,25.0,120.0,77.5,425.9609164420485,145.0,2.937661492703783,240.4008042026072,203.0,1.1842404147911685,303.2825106786901,208.0,1.4580889936475483,385.8856929761982,188.0,2.05258347327765,567.7227569077926,188.0,3.019801898445705
E:\N9_20251512_PKM2.lif,N9_20251512_PKM2,134,MDL29951/5/R14,N9_20251512_PKM2_S135_MDL29951_5_R14,24,26912,20082,16475,9648,1,16348,148,17166,9648,22,136,31,12.298850574712644,1.4990040832586395,151,492.5,12.0,65.0,72.5,22,126,34,11.972972972972974,1.7985432473444614,132,487.5,9.0,90.0,62.5,19,72,22,11.169811320754716,2.112769485903814,121,402.5,11.0,75.0,57.5,325.2566063126988,145.0,2.243149009053095,328.2432432432432,203.0,1.6169617893755823,322.83436421173764,208.0,1.5520882894795078,224.28164525445672,188.0,1.1929874747577485,251.36101234051452,188.0,1.3370266613857156
E:\N9_20251512_PKM2.lif,N9_20251512_PKM2,134,MDL29951/5/R14,N9_20251512_PKM2_S135_MDL29951_5_R14,25,4914,2917,2359,1406,0,2359,0,0,1406,7,17,9,13.357142857142858,1.65341103873843,68,185.0,8.0,30.0,32.5,5,13,9,15.0,1.7435353963543874,65,137.5,7.0,40.0,30.0,6,8,3,16.125,2.603129445234708,64,130.0,7.0,25.0,37.5,235.39720220432383,145.0,1.6234289807194748,227.3071648954405,203.0,1.119739728548968,246.83030510798767,208.0,1.1866841591730175,222.75042852245457,188.0,1.1848427049066732,,188.0,
E:\N9_20251512_PKM2.lif,N9_20251512_PKM2,134,MDL29951/5/R14,N9_20251512_PKM2_S135_MDL29951_5_R14,26,31859,30522,21061,30095,1,21061,0,29868,30095,13,61,8,21.92682926829268,1.0682786187012647,137,352.5,14.0,110.0,65.0,25,104,18,15.026666666666667,1.4907174398176726,137,742.5,18.0,90.0,65.0,14,50,8,21.97142857142857,1.0797806944675197,137,367.5,13.0,110.0,65.0,320.01547884715825,145.0,2.207003302394195,262.8942402201691,203.0,1.2950455183259562,364.6142496670639,208.0,1.7529531233993454,381.6666994299194,188.0,2.030142018244252,452.07922057179366,188.0,2.404676705169116
E:\N9_20251512_PKM2.lif,N9_20251512_PKM2,134,MDL29951/5/R14,N9_20251512_PKM2_S135_MDL29951_5_R14,27,28335,24852,18901,24205,2,5584,15926,25675,24205,12,83,21,17.56,1.2140270400772573,142,382.5,6.0,55.0,67.5,27,119,36,12.4875,1.5649436537749326,148,562.5,10.0,75.0,70.0,12,82,16,18.21276595744681,1.2463540590787028,142,367.5,7.0,85.0,67.5,265.87410458452723,145.0,1.8336145143760496,494.1154715559463,203.0,2.434066362344563,346.061690647482,208.0,1.6637581281128944,347.3988411395461,188.0,1.8478661762741813,340.7447939106707,188.0,1.8124723080354823
E:\N9_20251512_PKM2.lif,N9_20251512_PKM2,134,MDL29951/5/R14,N9_20251512_PKM2_S135_MDL29951_5_R14,28,25936,21738,17280,18380,2,4404,16288,17707,18380,33,105,26,10.62962962962963,1.2394884533995767,129,442.5,12.0,75.0,62.5,32,128,30,11.573170731707316,1.5140046296296297,132,532.5,11.0,95.0,62.5,19,51,13,15.26086956521739,1.4267138193688793,125,452.5,11.0,80.0,60.0,226.98183469573115,145.0,1.5653919634188356,624.2552185658153,203.0,3.075148859930125,308.66559399302764,208.0,1.483969201889556,333.9577698040298,188.0,1.776371115978882,335.868671679198,188.0,1.7865354876553083
E:\N9_20251512_PKM2.lif,N9_20251512_PKM2,134,MDL29951/5/R14,N9_20251512_PKM2_S135_MDL29951_5_R14,29,6324,4694,2549,3353,0,2549,0,5391,3353,10,36,3,10.03448275862069,1.3206220707285896,71,222.5,16.0,40.0,32.5,6,16,2,11.571428571428571,1.4162416633974106,58,142.5,6.0,20.0,27.5,7,17,1,14.214285714285714,1.444378168804056,64,172.5,5.0,20.0,30.0,246.77677520596316,145.0,1.7019087945238838,247.05368555602897,203.0,1.2170132293400442,345.46848635235733,208.0,1.6609061843863333,242.91925862803575,188.0,1.2921237161065733,,188.0,
E:\N9_20251512_PKM2.lif,N9_20251512_PKM2,134,MDL29951/5/R14,N9_20251512_PKM2_S135_MDL29951_5_R14,30,48210,44243,38333,36329,2,32356,15597,44747,36329,18,123,16,20.17808219178082,1.197138530388988,188,617.5,16.0,105.0,92.5,30,179,36,15.154471544715449,1.3792554717867112,187,777.5,14.0,70.0,90.0,22,101,39,17.903225806451612,1.4221145641223265,192,712.5,16.0,115.0,92.5,362.53724193349,145.0,2.5002568409206205,578.448227223184,203.0,2.8494986562718423,367.66770465880063,208.0,1.767633195475003,340.7974820875619,188.0,1.812752564295542,369.23859919184144,188.0,1.964035102084263
E:\N9_20251512_PKM2.lif,N9_20251512_PKM2,134,MDL29951/5/R14,N9_20251512_PKM2_S135_MDL29951_5_R14,31,5621,4484,3894,3489,0,0,3894,0,3489,3,3,0,49.333333333333336,1.2343889384478144,88,142.5,3.0,25.0,40.0,4,14,1,14.76923076923077,1.29763739085773,87,137.5,3.0,45.0,40.0,4,9,7,17.7,1.355689309257667,97,167.5,5.0,15.0,45.0,126.0307760927743,145.0,0.8691777661570642,442.8143297380586,203.0,2.181351378019993,263.5619982158787,208.0,1.2671249914224938,248.7049509366637,188.0,1.3228986751950196,,188.0,
E:\N9_20251512_PKM2.lif,N9_20251512_PKM2,134,MDL29951/5/R14,N9_20251512_PKM2_S135_MDL29951_5_R14,32,20568,14917,4054,14660,1,87,3967,10543,14660,28,120,45,10.52808988764045,1.3890862774016224,115,482.5,13.0,70.0,55.0,8,22,1,18.73333333333333,2.525653675382338,93,212.5,7.0,70.0,42.5,26,128,32,10.0,1.41343792633015,116,462.5,16.0,70.0,55.0,242.816091954023,145.0,1.6745937376139517,365.8908495084447,203.0,1.802417977874112,290.7123581336696,208.0,1.3976555679503346,313.786217067775,188.0,1.669075622700931,320.6350119904077,188.0,1.7055053829277005
E:\N9_20251512_PKM2.lif,N9_20251512_PKM2,134,MDL29951/5/R14,N9_20251512_PKM2_S135_MDL29951_5_R14,33,4374,4374,4374,1989,0,3033,4374,3849,1989,3,3,1,19.666666666666668,1.028577960676726,55,167.5,23.0,40.0,25.0,3,3,1,19.666666666666668,1.028577960676726,55,167.5,23.0,40.0,25.0,16,33,8,6.392857142857143,1.6867772750125691,83,142.5,4.0,50.0,37.5,314.8529508737224,145.0,2.1713996611980853,3120.1554641060816,203.0,15.370223961113702,335.87815016887504,208.0,1.6147987988888224,244.72770919067216,188.0,1.301743133992937,,188.0,
E:\N9_20251512_PKM2.lif,N9_20251512_PKM2,134,MDL29951/5/R14,N9_20251512_PKM2_S135_MDL29951_5_R14,34,15467,13959,8014,13554,1,8014,0,13094,13554,13,21,2,18.823529411764707,1.132889175442367,96,277.5,14.0,75.0,45.0,13,41,12,12.433333333333334,1.4473421512353382,92,247.5,11.0,45.0,42.5,14,34,3,14.0,1.165486203334809,95,287.5,9.0,50.0,45.0,310.48415273271775,145.0,2.1412700188463294,282.6035532631277,203.0,1.392135730360235,340.2384320905459,208.0,1.6357616927430092,403.8087971917759,188.0,2.147919133998808,396.9208766716196,188.0,2.111281258891594
E:\N9_20251512_PKM2.lif,N9_20251512_PKM2,134,MDL29951/5/R14,N9_20251512_PKM2_S135_MDL29951_5_R14,35,11098,10921,9474,10546,1,154,9418,8811,10546,4,18,1,22.181818181818183,1.0445929859902938,100,207.5,6.0,60.0,47.5,14,30,8,16.458333333333332,1.193793540215326,104,247.5,7.0,45.0,50.0,5,7,2,31.142857142857142,1.0785131803527404,103,247.5,7.0,45.0,50.0,210.0584415584416,145.0,1.448678907299597,647.2825440645572,203.0,3.1885839609091486,291.2648216767022,208.0,1.4003116426764528,384.46744803589417,188.0,2.045039617212203,419.4005578202103,188.0,2.2308540309585654
E:\N9_20251512_PKM2.lif,N9_20251512_PKM2,134,MDL29951/5/R14,N9_20251512_PKM2_S135_MDL29951_5_R14,36,53553,37573,36831,13545,1,36831,0,51930,13545,35,214,40,15.992537313432836,1.444494716951002,171,957.5,13.0,105.0,82.5,34,192,41,16.244094488188978,1.4711520186799163,170,1077.5,17.0,125.0,82.5,33,109,19,11.025641025641026,2.550682908822444,185,607.5,11.0,60.0,90.0,354.86090521571504,145.0,2.4473165876945866,224.23162909536103,203.0,1.104589305888478,451.1959503770904,208.0,2.1692112998898576,223.44209937987384,188.0,1.188521805212095,301.12047769582017,188.0,1.6017046685947882
E:\N9_20251512_PKM2.lif,N9_20251512_PKM2,134,MDL29951/5/R14,N9_20251512_PKM2_S135_MDL29951_5_R14,37,4257,2008,920,1134,1,0,920,0,1134,9,41,12,7.083333333333333,1.8082669322709164,59,137.5,10.0,35.0,27.5,1,21,6,7.9,1.1228260869565216,39,62.5,4.0,15.0,17.5,9,15,7,7.076923076923077,3.009700176366843,67,102.5,4.0,15.0,30.0,124.64043824701196,145.0,0.8595892292897377,355.7554347826087,203.0,1.7524898265153137,209.8371513944223,208.0,1.0088324586270303,224.22111553784865,188.0,1.192665508180046,205.25323149236192,188.0,1.091772507938095
E:\N9_20251512_PKM2.lif,N9_20251512_PKM2,134,MDL29951/5/R14,N9_20251512_PKM2_S135_MDL29951_5_R14,38,56793,46422,38786,31884,3,38741,45,50921,31884,34,251,44,15.207792207792208,1.3043169187023391,173,847.5,14.0,120.0,82.5,41,185,32,15.587786259541986,1.5452998504615068,169,927.5,14.0,130.0,82.5,55,190,41,13.28358208955224,1.8380692510350016,186,1197.5,22.0,125.0,90.0,353.00921504349395,145.0,2.434546310644786,360.1333333333333,203.0,1.774055829228243,368.5072268584209,208.0,1.7716693598962543,275.3459566584809,188.0,1.464606152438728,333.47828784119105,188.0,1.7738206800063354
E:\N9_20251512_PKM2.lif,N9_20251512_PKM2,134,MDL29951/5/R14,N9_20251512_PKM2_S135_MDL29951_5_R14,39,36507,26611,24721,18541,2,24721,0,31644,18541,21,126,29,16.205479452054796,1.4523317425124949,141,587.5,11.0,110.0,67.5,23,107,25,16.185714285714287,1.550544071841754,145,582.5,10.0,105.0,70.0,33,155,39,11.37,1.9503802383905935,142,702.5,14.0,55.0,67.5,391.01783908417946,145.0,2.696674752304686,219.1925895306452,203.0,1.079766450889878,367.2342810390673,208.0,1.7655494280724389,261.09499830897,188.0,1.3888031824945213,293.90877080665814,188.0,1.5633445255673306
E:\N9_20251512_PKM2.lif,N9_20251512_PKM2,134,MDL29951/5/R14,N9_20251512_PKM2_S135_MDL29951_5_R14,40,16396,13989,10984,11520,1,48,10984,11390,11520,20,81,17,11.671641791044776,1.206805347058403,102,347.5,16.0,70.0,47.5,36,133,25,8.172043010752688,1.516569555717407,101,387.5,13.0,65.0,47.5,20,56,13,12.148936170212766,1.4434027777777778,100,377.5,12.0,50.0,47.5,260.3541666666667,145.0,1.7955459770114943,489.0020939548434,203.0,2.408877310122381,309.3202182352324,208.0,1.4871164338232328,314.1519050682679,188.0,1.671020771639723,327.4912891986063,188.0,1.7419749425457782
E:\N9_20251512_PKM2.lif,N9_20251512_PKM2,134,MDL29951/5/R14,N9_20251512_PKM2_S135_MDL29951_5_R14,41,21694,12937,4782,12455,2,0,4782,9815,12455,29,65,11,11.066666666666666,1.597974800958491,120,502.5,13.0,80.0,57.5,9,20,4,15.0,1.575909661229611,140,167.5,6.0,10.0,71.25,29,67,14,10.951612903225806,1.6598153352067442,121,507.5,13.0,55.0,57.5,129.8511246811471,145.0,0.8955249978010145,446.2578419071518,203.0,2.198314492153457,292.1382947976879,208.0,1.4045110326811918,269.13117415165806,188.0,1.4315487986790325,261.47214625017995,188.0,1.390809288564787
E:\N9_20251512_PKM2.lif,N9_20251512_PKM2,134,MDL29951/5/R14,N9_20251512_PKM2_S135_MDL29951_5_R14,42,6325,5041,994,4814,0,994,0,5065,4814,4,26,13,12.761904761904765,1.2281293394167825,61,152.5,8.0,40.0,27.5,5,9,1,11.428571428571429,1.414486921529175,44,72.5,3.0,15.0,20.0,5,25,9,13.789473684210526,1.2860407145824675,62,170.0,8.0,20.0,27.5,242.751509054326,145.0,1.6741483383056963,228.608212656219,203.0,1.1261488308188128,291.91289910600256,208.0,1.4034273995480893,270.838325729022,188.0,1.440629392175649,,188.0,
E:\N9_20251512_PKM2.lif,N9_20251512_PKM2,134,MDL29951/5/R14,N9_20251512_PKM2_S135_MDL29951_5_R14,43,13654,9202,7874,7855,1,7874,0,10956,7855,13,34,3,14.37037037037037,1.3005868289502285,95,262.5,15.0,60.0,45.0,10,30,6,15.523809523809524,1.3241046482092964,93,192.5,8.0,45.0,42.5,9,38,4,14.416666666666666,1.267218332272438,91,207.5,7.0,60.0,42.5,300.9751079502159,145.0,2.0756903996566614,202.68256900673768,203.0,0.9984363005258012,335.80343025592924,208.0,1.6144395685381214,272.15648772006085,188.0,1.4476408921279833,312.22930142302715,188.0,1.6607941565054636
E:\N9_20251512_PKM2.lif,N9_20251512_PKM2,134,MDL29951/5/R14,N9_20251512_PKM2_S135_MDL29951_5_R14,44,17358,9862,8039,5929,0,8039,0,13540,5929,12,49,16,16.87878787878788,1.5423849117825998,107,337.5,8.0,45.0,50.0,15,33,6,16.925925925925927,1.85035452170668,106,357.5,14.0,45.0,50.0,11,33,6,14.68,2.1261595547309837,103,327.5,8.0,60.0,47.5,285.56176141311107,145.0,1.969391458021456,1220.3212330156157,203.0,6.01143464539712,376.8126576473286,208.0,1.8115993156121568,223.48509430135877,188.0,1.188750501602972,,188.0,
E:\N9_20251512_PKM2.lif,N9_20251512_PKM2,134,MDL29951/5/R14,N9_20251512_PKM2_S135_MDL29951_5_R14,45,12963,7694,7653,155,0,7653,0,11686,155,14,46,10,13.030303030303031,1.6749415128671692,109,272.5,6.0,35.0,52.5,12,40,9,13.862068965517242,1.6529465569057886,109,267.5,6.0,35.0,52.5,7,1,0,11.0,17.10322580645161,147,55.0,2.0,5.0,61.5,289.1825427936757,145.0,1.994362364094315,267.7449961008578,203.0,1.3189408674919103,421.48443337484434,208.0,2.02636746814829,199.51754613984923,188.0,1.0612635432970705,,188.0,
E:\N9_20251512_PKM2.lif,N9_20251512_PKM2,134,MDL29951/5/R14,N9_20251512_PKM2_S135_MDL29951_5_R14,46,19240,16847,15788,12813,1,15471,317,13028,12813,11,65,22,14.04255319148936,1.1536772125600998,101,327.5,20.0,75.0,47.5,16,62,19,14.551020408163266,1.2076260450975425,101,312.5,13.0,75.0,47.5,14,74,20,12.2,1.3417622726917977,112,352.5,23.0,65.0,52.5,471.66194816107554,145.0,3.252841021800521,350.5646687697161,203.0,1.7269195505897343,310.4591394262842,208.0,1.4925920164725202,311.863299103698,188.0,1.658847335657968,309.4733292458614,188.0,1.6461347300311775
E:\N9_20251512_PKM2.lif,N9_20251512_PKM2,134,MDL29951/5/R14,N9_20251512_PKM2_S135_MDL29951_5_R14,47,20552,12921,10508,8822,1,0,10508,5796,8822,23,55,10,14.2,1.4605680674870367,118,477.5,22.0,65.0,55.0,8,20,3,23.75,1.438808526836696,106,272.5,10.0,90.0,50.0,23,57,7,12.0,1.980163228292904,124,377.5,12.0,60.0,60.0,140.61434873461806,145.0,0.9697541292042624,606.4875333079558,203.0,2.98762331678796,298.661449752883,208.0,1.4358723545811682,256.1113690890798,188.0,1.3622945164312756,290.77749763630635,188.0,1.5466888172143956
E:\N9_20251512_PKM2.lif,N9_20251512_PKM2,136,MDL29951/6/R2,N9_20251512_PKM2_S137_MDL29951_6_R2,1,186165,104373,96081,23002,2,96081,0,17745,23002,56,347,63,19.464285714285715,2.02351182777155,388,2537.5,25.0,195.0,190.0,62,361,66,17.70762711864407,1.8480344709151653,304,2332.5,22.0,175.0,150.0,22,68,13,22.282608695652176,4.568428832275455,292,777.5,6.0,205.0,142.5,379.6543125071554,115.0,3.301341847888308,195.57747693368972,195.0,1.002961420172768,274.1398201144726,201.0,1.3638797020620528,189.72847383901967,171.0,1.1095232388246763,247.3082727780883,171.0,1.4462472092285863
E:\N9_20251512_PKM2.lif,N9_20251512_PKM2,136,MDL29951/6/R2,N9_20251512_PKM2_S137_MDL29951_6_R2,2,14806,11175,0,11175,1,0,0,0,11175,8,26,6,19.05555555555556,1.181297539149888,96,197.5,7.0,65.0,45.0,0,0,0,0.0,,0,0.0,0.0,,,8,26,6,19.05555555555556,1.181297539149888,96,197.5,7.0,65.0,45.0,125.17369127516778,115.0,1.0884668806536328,189.502192393736,195.0,0.9718061148396718,200.59615212527964,201.0,0.9979908065934312,386.8757046979866,171.0,2.2624310216256527,341.14215384615386,171.0,1.9949833558254613
E:\N9_20251512_PKM2.lif,N9_20251512_PKM2,136,MDL29951/6/R2,N9_20251512_PKM2_S137_MDL29951_6_R2,4,38514,13586,4815,11365,1,4815,0,31371,11365,21,86,17,13.824561403508772,1.8542617400264976,165,512.5,18.0,70.0,76.37931034482759,21,59,18,10.255813953488373,2.2454828660436137,100,342.5,10.0,50.0,47.5,15,66,12,14.372093023255816,1.8117905851297844,155,377.5,7.0,60.0,73.21428571428571,238.7773624091381,115.0,2.0763248905142446,225.0595465920801,195.0,1.1541515209850262,275.7962623351672,201.0,1.3721207081351603,249.51059914617989,171.0,1.4591263107963737,268.1137237169342,171.0,1.5679165129645276
E:\N9_20251512_PKM2.lif,N9_20251512_PKM2,136,MDL29951/6/R2,N9_20251512_PKM2_S137_MDL29951_6_R2,5,32459,12021,10559,7601,1,0,10559,8459,7601,18,61,18,12.44186046511628,2.451376757341319,163,432.5,9.0,70.0,63.75,10,40,9,15.56,1.4998579410929065,123,307.5,8.0,70.0,57.5,17,56,20,11.25,3.415997895013814,163,342.5,7.0,75.0,61.52173913043478,123.43016387987689,115.0,1.0733057728684947,554.9738611610948,195.0,2.846019800826127,277.14331413947536,201.0,1.37882245840535,220.37783878213128,171.0,1.2887592911235748,243.36137931034483,171.0,1.4231659608792095
E:\N9_20251512_PKM2.lif,N9_20251512_PKM2,136,MDL29951/6/R2,N9_20251512_PKM2_S137_MDL29951_6_R2,6,25768,14549,6015,13589,2,0,6015,13367,13589,18,135,33,10.710526315789474,1.3950786995669806,126,367.5,11.0,75.0,60.0,12,56,12,10.38888888888889,1.6372402327514548,95,292.5,9.0,60.0,45.0,16,122,33,10.74626865671642,1.4322613878872616,128,322.5,9.0,75.0,62.5,130.92185029898965,115.0,1.1384508721651272,415.33699085619287,195.0,2.129933286442015,303.0110403948565,201.0,1.5075176139047586,283.9860471510069,171.0,1.6607371178421455,285.92690428804053,171.0,1.6720871595791844
E:\N9_20251512_PKM2.lif,N9_20251512_PKM2,136,MDL29951/6/R2,N9_20251512_PKM2_S137_MDL29951_6_R2,7,39669,17197,15036,10290,1,15036,0,35526,10290,32,126,28,12.393258426966293,2.003663429667965,162,677.5,13.0,90.0,77.5,23,101,23,13.264705882352942,2.136805001330141,159,650.0,8.0,65.0,77.5,26,96,15,11.548387096774194,2.1666666666666665,124,427.5,10.0,60.0,60.0,274.3975791433892,115.0,2.3860659055946885,217.8431703204047,195.0,1.1171444631815626,323.29280546623795,201.0,1.6084219177424774,243.95045647496656,171.0,1.426610856578752,303.1557807807808,171.0,1.7728408232794195
E:\N9_20251512_PKM2.lif,N9_20251512_PKM2,136,MDL29951/6/R2,N9_20251512_PKM2_S137_MDL29951_6_R2,8,34681,13229,9650,8793,1,9650,0,24390,8793,15,83,19,12.961538461538462,1.4572530047622647,139,447.5,9.0,115.0,67.5,16,68,14,12.813953488372093,1.8766839378238345,133,390.0,13.0,110.0,65.0,15,55,14,11.83783783783784,1.699647446832708,143,282.5,8.0,45.0,57.0,257.8953367875648,115.0,2.242568145978824,204.39814044901357,195.0,1.0481955920462234,329.2791804233832,201.0,1.6382048777282745,242.1962355431249,171.0,1.4163522546381575,267.159187684245,171.0,1.5623344309020175
E:\N9_20251512_PKM2.lif,N9_20251512_PKM2,136,MDL29951/6/R2,N9_20251512_PKM2_S137_MDL29951_6_R2,9,28326,15418,13474,9981,1,653,12892,7899,9981,28,66,14,12.981818181818182,1.986833571150603,157,515.0,8.0,95.0,75.0,16,69,22,11.729166666666666,1.843847409826332,134,342.5,9.0,80.0,65.0,26,38,9,13.829268292682928,2.705941288448052,161,520.0,13.0,130.0,77.5,221.55589586523735,115.0,1.9265730075238032,625.3642569035061,195.0,3.2069961892487493,329.7164134644028,201.0,1.640380166489566,218.08100921001423,171.0,1.2753275392398495,224.79339449541283,171.0,1.3145812543591395
E:\N9_20251512_PKM2.lif,N9_20251512_PKM2,136,MDL29951/6/R2,N9_20251512_PKM2_S137_MDL29951_6_R2,10,15111,9402,0,9402,1,0,0,3884,9402,14,41,9,12.3125,1.2930227611146563,85,237.5,11.0,65.0,40.0,0,0,0,0.0,,0,0.0,0.0,,,14,41,9,12.3125,1.2930227611146563,85,237.5,11.0,65.0,40.0,119.11912359072538,115.0,1.0358184660063077,216.37832376090196,195.0,1.1096324295430868,293.5743045387994,201.0,1.4605686792975097,358.11412465432886,171.0,2.0942346471013384,346.406432748538,171.0,2.025768612564549
E:\N9_20251512_PKM2.lif,N9_20251512_PKM2,136,MDL29951/6/R2,N9_20251512_PKM2_S137_MDL29951_6_R2,11,68120,39885,38498,20536,1,38498,0,32295,20536,45,178,44,14.83898305084746,1.7165350382349254,199,937.5,13.0,140.0,97.5,43,180,38,14.210084033613445,1.6817237259078397,196,872.5,13.0,130.0,95.0,23,70,21,16.96153846153846,2.4824211141410206,204,632.5,9.0,115.0,92.28571428571428,594.9463088991636,115.0,5.173446164340553,215.12488404161965,195.0,1.1032045335467675,355.9733293119049,201.0,1.771011588616442,306.7516359533659,171.0,1.793869216101555,509.2136976047904,171.0,2.9778578807297684
E:\N9_20251512_PKM2.lif,N9_20251512_PKM2,136,MDL29951/6/R2,N9_20251512_PKM2_S137_MDL29951_6_R2,12,15078,11709,1,11709,1,0,1,11329,11709,16,38,17,15.892857142857142,1.2757707746178153,167,252.5,5.0,130.0,80.0,0,0,0,1.0,1.0,10,0.0,0.0,5.0,,16,38,17,15.892857142857142,1.2757707746178153,167,252.5,5.0,130.0,80.0,133.96899820650782,115.0,1.1649478104913724,589.0,195.0,3.0205128205128204,283.8619126589276,201.0,1.4122483216862067,384.803996925442,171.0,2.250315771493813,384.20647419072617,171.0,2.2468214864954748
E:\N9_20251512_PKM2.lif,N9_20251512_PKM2,136,MDL29951/6/R2,N9_20251512_PKM2_S137_MDL29951_6_R2,13,58889,28737,7619,26107,1,7619,0,57181,26107,40,183,56,12.852459016393444,1.7820579740404356,165,982.5,20.0,90.0,80.0,26,71,22,9.944444444444445,3.0586691166819797,191,407.5,7.0,115.0,102.75862068965516,41,173,52,12.453781512605042,1.93005707281572,166,887.5,15.0,105.0,80.0,263.3560834755217,115.0,2.290052899787145,229.7724536312072,195.0,1.1783202750318316,516.0014311270126,201.0,2.567171299139366,285.07659115426105,171.0,1.6671145681535735,380.1042192571222,171.0,2.2228316915621185
E:\N9_20251512_PKM2.lif,N9_20251512_PKM2,136,MDL29951/6/R2,N9_20251512_PKM2_S137_MDL29951_6_R2,14,110367,81907,56407,68957,3,55801,5748,104073,68957,50,302,63,18.38586956521739,1.525290878679478,459,1397.5,9.0,370.0,229.7752808988764,62,272,65,15.251336898395722,1.9402910986225117,270,1537.5,22.0,145.0,132.5,63,293,63,16.630434782608695,1.8067491335179893,459,1697.5,10.0,290.0,229.7752808988764,360.4423039013638,115.0,3.13428090349012,559.383959638135,195.0,2.8686356904519745,506.99258063276056,201.0,2.522351147426669,317.4358968097965,171.0,1.8563502737415,351.3909926284964,171.0,2.054918085546763
E:\N9_20251512_PKM2.lif,N9_20251512_PKM2,136,MDL29951/6/R2,N9_20251512_PKM2_S137_MDL29951_6_R2,15,12552,8170,3923,6901,1,3923,0,9349,6901,13,57,12,11.973684210526317,1.474908200734394,103,277.5,8.0,45.0,47.5,11,43,6,8.538461538461538,1.9913331633953608,124,162.5,4.0,20.0,60.0,9,31,8,15.25,1.5183306767135198,100,262.5,9.0,55.0,47.5,265.51185317359165,115.0,2.308798723248623,232.64749082007344,195.0,1.1930640554875562,330.80603015075377,201.0,1.6458011450286256,274.8296205630355,171.0,1.6071907635265237,265.83893643031786,171.0,1.554613663335192
E:\N9_20251512_PKM2.lif,N9_20251512_PKM2,136,MDL29951/6/R2,N9_20251512_PKM2_S137_MDL29951_6_R2,16,45443,32968,29593,28054,3,23724,11838,43094,28054,22,92,14,18.31746031746032,1.3026267896141712,201,572.5,11.0,105.0,97.5,24,158,32,14.415841584158416,1.381745683100733,179,697.5,14.0,75.0,87.5,18,68,13,18.711111111111112,1.4906252227846295,205,567.5,8.0,70.0,100.0,339.910681166751,115.0,2.9557450536239216,557.6346511235006,195.0,2.8596648775564133,466.7758123437801,201.0,2.3222677231033835,351.24247755399176,171.0,2.0540495763391333,405.2587755102041,171.0,2.369934359708796
E:\N9_20251512_PKM2.lif,N9_20251512_PKM2,136,MDL29951/6/R2,N9_20251512_PKM2_S137_MDL29951_6_R2,17,64184,33384,11082,31970,1,0,11082,1274,31970,56,244,54,12.1625,2.547777378384855,304,1227.5,12.0,115.0,150.0,35,150,46,8.224489795918368,1.797509474824039,132,477.5,12.0,75.0,62.5,50,197,46,13.755725190839694,2.6604629340006256,304,1272.5,12.0,60.0,150.0,117.92307692307692,115.0,1.0254180602006688,429.2088070745353,195.0,2.201070805510437,264.83910386965374,201.0,1.317607481938576,268.0360352264558,171.0,1.567462194306759,284.97536029753604,171.0,1.666522574839392
E:\N9_20251512_PKM2.lif,N9_20251512_PKM2,136,MDL29951/6/R2,N9_20251512_PKM2_S137_MDL29951_6_R2,18,7376,4685,0,4685,0,0,0,6935,4685,12,22,1,15.22222222222222,1.5479188900747065,71,222.5,9.0,40.0,32.5,0,0,0,0.0,,0,0.0,0.0,,,12,22,1,15.22222222222222,1.5479188900747065,71,222.5,9.0,40.0,32.5,142.14300960512273,115.0,1.236026170479328,240.05080042689437,195.0,1.2310297457789454,395.3758674725767,201.0,1.9670441167789885,326.91334044823907,171.0,1.911773920749936,,171.0,
E:\N9_20251512_PKM2.lif,N9_20251512_PKM2,136,MDL29951/6/R2,N9_20251512_PKM2_S137_MDL29951_6_R2,19,100776,72141,71635,21455,1,71635,0,83225,21455,55,278,58,16.18421052631579,1.5314453639400618,294,1287.5,14.0,100.0,145.0,51,272,57,16.335135135135136,1.5422628603336357,295,1217.5,12.0,150.0,145.0,38,107,20,13.025641025641026,2.419808902353764,190,657.5,10.0,115.0,88.67647058823529,726.5462134431493,115.0,6.317793160375212,220.7745941974744,195.0,1.1321774061408942,436.1918508090666,201.0,2.1701087104928685,245.4596692588126,171.0,1.4354366623322374,437.2406114988368,171.0,2.556962640344075
E:\N9_20251512_PKM2.lif,N9_20251512_PKM2,136,MDL29951/6/R2,N9_20251512_PKM2_S137_MDL29951_6_R2,20,12843,7487,3264,7066,1,946,2397,11155,7066,11,48,10,10.944444444444445,1.3758514758915454,82,212.5,9.0,50.0,37.5,19,48,13,7.589743589743589,2.7169117647058822,103,227.5,6.0,20.0,47.5,12,33,4,14.08,1.3549391452023776,80,197.5,8.0,60.0,37.5,240.615221987315,115.0,2.092306278150565,370.0834376303713,195.0,1.8978637827198528,269.97654941373537,201.0,1.343166912506146,286.6460531588086,171.0,1.6762927085310446,287.1573902288188,171.0,1.6792829837942622
E:\N9_20251512_PKM2.lif,N9_20251512_PKM2,136,MDL29951/6/R2,N9_20251512_PKM2_S137_MDL29951_6_R2,21,12779,6866,0,6866,0,0,0,5615,6866,11,52,15,12.258064516129032,1.4314011069035828,86,227.5,7.0,45.0,40.0,0,0,0,0.0,,0,0.0,0.0,,,11,52,15,12.258064516129032,1.4314011069035828,86,227.5,7.0,45.0,40.0,125.69414506262744,115.0,1.0929925657619777,443.66414214972326,195.0,2.27520072897294,274.0297671676982,201.0,1.3633321749636726,270.5364113020682,171.0,1.5820842766202818,,171.0,
E:\N9_20251512_PKM2.lif,N9_20251512_PKM2,136,MDL29951/6/R2,N9_20251512_PKM2_S137_MDL29951_6_R2,22,17070,10468,0,10468,1,0,0,108,10468,9,37,6,19.0,1.57680550248376,98,310.0,12.0,65.0,50.0,0,0,0,0.0,,0,0.0,0.0,,,9,37,6,19.0,1.57680550248376,98,310.0,12.0,65.0,50.0,116.65131830340084,115.0,1.01435928959479,237.49398165838747,195.0,1.2179178546583973,278.8425925925926,201.0,1.38727658006265,283.9226213221246,171.0,1.660366206562132,278.36811661267933,171.0,1.6278837228811656
E:\N9_20251512_PKM2.lif,N9_20251512_PKM2,136,MDL29951/6/R2,N9_20251512_PKM2_S137_MDL29951_6_R2,23,31604,12849,10118,3972,0,10118,0,28273,3972,17,63,16,15.977272727272728,2.308739979764962,252,622.5,6.0,45.0,120.63829787234044,13,57,17,13.282051282051285,2.229491994465309,249,417.5,6.0,55.0,122.5,6,6,0,46.0,6.120845921450151,232,297.5,4.0,120.0,91.5,277.70241154378334,115.0,2.4148035786415942,291.53288193633745,195.0,1.495040420186346,429.69210999743,201.0,2.1377716915295024,192.97758580434277,171.0,1.1285238935926476,,171.0,
E:\N9_20251512_PKM2.lif,N9_20251512_PKM2,136,MDL29951/6/R2,N9_20251512_PKM2_S137_MDL29951_6_R2,24,20045,10398,5566,7733,0,5566,0,18991,7733,22,99,24,10.707692307692309,1.7993844970186574,137,447.5,9.0,75.0,60.43478260869565,13,53,7,10.441176470588236,1.7761408551922386,117,312.5,10.0,40.0,55.0,22,113,25,7.833333333333333,2.1368162420794,132,382.5,6.0,30.0,57.95454545454545,250.47035573122528,115.0,2.1780030933150023,293.5505866512791,195.0,1.5053876238527133,483.46005962784005,201.0,2.4052739284967166,253.9618195806886,171.0,1.4851568396531496,,171.0,
E:\N9_20251512_PKM2.lif,N9_20251512_PKM2,136,MDL29951/6/R2,N9_20251512_PKM2_S137_MDL29951_6_R2,25,10969,9085,0,9085,1,0,0,0,9085,9,66,11,12.210526315789474,1.1844799119427627,83,202.5,10.0,55.0,40.0,0,0,0,0.0,,0,0.0,0.0,,,9,66,11,12.210526315789474,1.1844799119427627,83,202.5,10.0,55.0,40.0,119.87022564667032,115.0,1.042349788231916,236.4862960924601,195.0,1.2127502363715903,214.1976884975234,201.0,1.0656601417787233,306.54672537149145,171.0,1.792670908605213,298.0279381205264,171.0,1.742853439301324
E:\N9_20251512_PKM2.lif,N9_20251512_PKM2,136,MDL29951/6/R2,N9_20251512_PKM2_S137_MDL29951_6_R2,26,17728,8138,7112,4871,0,7112,0,17192,4871,18,66,15,11.408163265306122,1.5108134676824774,95,297.5,13.0,55.0,45.0,14,49,12,13.02777777777778,1.6923509561304837,100,292.5,13.0,50.0,47.5,18,43,11,9.63888888888889,1.807226442208992,72,237.5,11.0,60.0,32.5,266.93560179977504,115.0,2.3211791460850004,287.2350700417793,195.0,1.4730003591886118,561.6014013234721,201.0,2.7940368225048364,225.2778323912509,171.0,1.3174142245102392,,171.0,
E:\N9_20251512_PKM2.lif,N9_20251512_PKM2,136,MDL29951/6/R2,N9_20251512_PKM2_S137_MDL29951_6_R2,27,34827,6933,2835,6914,1,2213,622,33192,6914,20,38,8,11.774193548387096,2.8305206981104862,188,332.5,9.0,50.0,66.95652173913044,7,19,10,10.0,1.7171075837742504,102,117.5,4.0,20.0,50.0,20,38,8,11.806451612903226,2.83829910326873,188,322.5,8.0,50.0,66.95652173913044,245.05422503389065,115.0,2.130906304642527,361.411575562701,195.0,1.8533926951933384,303.154452690167,201.0,1.5082311079112785,281.38381652964085,171.0,1.6455193949101805,283.3563915857605,171.0,1.657054921554155
E:\N9_20251512_PKM2.lif,N9_20251512_PKM2,136,MDL29951/6/R2,N9_20251512_PKM2_S137_MDL29951_6_R2,28,32958,19714,13765,16757,1,0,13765,15,16757,25,105,17,14.333333333333334,1.6089581008420413,134,592.5,13.0,85.0,65.0,23,107,18,11.388059701492535,1.8329822012350163,137,490.0,10.0,60.0,65.0,17,58,8,19.02380952380953,1.720057289490959,139,482.5,10.0,100.0,67.5,125.55828345338338,115.0,1.0918111604642031,544.238503450781,195.0,2.7909666843629792,219.1740894795577,201.0,1.0904183556196898,308.8044536877346,171.0,1.8058739981738867,324.2423398328691,171.0,1.8961540341103456
E:\N9_20251512_PKM2.lif,N9_20251512_PKM2,136,MDL29951/6/R2,N9_20251512_PKM2_S137_MDL29951_6_R2,29,27339,7786,1667,7713,1,59,1608,26094,7713,37,95,18,9.194444444444445,2.4698176213716927,201,485.0,19.0,150.0,114.83333333333331,6,4,1,11.833333333333334,2.8614277144571085,156,75.0,3.0,145.0,102.6923076923077,34,86,20,9.71641791044776,1.8564760793465576,116,437.5,12.0,35.0,55.0,209.35593220338984,115.0,1.8204863669859983,398.79477611940297,195.0,2.0451014159969385,380.6615824594852,201.0,1.8938387187039063,281.60480349344977,171.0,1.6468117163359637,271.51325989392086,171.0,1.5877968414849173
E:\N9_20251512_PKM2.lif,N9_20251512_PKM2,136,MDL29951/6/R2,N9_20251512_PKM2_S137_MDL29951_6_R2,30,27983,13452,9498,11394,1,227,9271,16978,11394,25,81,16,12.854545454545455,1.4946476360392509,218,382.5,6.0,105.0,107.25,20,123,28,9.042857142857144,1.4204042956411875,100,302.5,12.0,60.0,47.5,22,62,13,13.170212765957446,1.75337897138845,218,387.5,6.0,135.0,111.71052631578948,207.5770925110132,115.0,1.805018195747941,494.8214863553015,195.0,2.537546083873341,317.2170265651701,201.0,1.5781941620157716,282.116339577758,171.0,1.6498031554254853,326.66215454032715,171.0,1.9103049973118549
E:\N9_20251512_PKM2.lif,N9_20251512_PKM2,136,MDL29951/6/R2,N9_20251512_PKM2_S137_MDL29951_6_R2,31,7538,5514,0,5514,1,0,0,247,5514,6,12,0,20.22222222222222,1.2569822270583968,71,167.5,8.0,45.0,32.5,0,0,0,0.0,,0,0.0,0.0,,,6,12,0,20.22222222222222,1.2569822270583968,71,167.5,8.0,45.0,32.5,114.30486035545884,115.0,0.9939553074387724,210.78708741385563,195.0,1.080959422635157,296.12955465587044,201.0,1.4732813664471165,259.7446499818644,171.0,1.5189745612974526,253.9121771217712,171.0,1.484866532875855
E:\N9_20251512_PKM2.lif,N9_20251512_PKM2,136,MDL29951/6/R2,N9_20251512_PKM2_S137_MDL29951_6_R2,32,35382,13672,1240,13572,1,412,828,33745,13572,32,100,27,10.31081081081081,1.6113955529549444,274,622.5,9.0,80.0,135.0,11,41,10,4.88,2.544354838709677,77,117.5,4.0,15.0,35.0,31,80,24,11.59375,1.6232684939581492,274,617.5,9.0,80.0,135.0,226.4635922330097,115.0,1.969248628113128,344.8816425120773,195.0,1.7686238077542424,371.0303263546798,201.0,1.8459220216650736,296.6100058513751,171.0,1.7345614377273395,321.1736702909198,171.0,1.8782085981925132
E:\N9_20251512_PKM2.lif,N9_20251512_PKM2,136,MDL29951/6/R2,N9_20251512_PKM2_S137_MDL29951_6_R2,33,15507,10453,962,10453,1,0,962,188,10453,12,61,14,13.88095238095238,1.3397110877260117,88,282.5,11.0,65.0,40.0,2,10,2,9.833333333333334,1.08004158004158,40,47.5,3.0,15.0,17.5,12,61,14,13.88095238095238,1.3397110877260117,88,282.5,11.0,65.0,40.0,116.55658662584904,115.0,1.0135355358769482,359.41268191268193,195.0,1.843141958526574,209.28358208955223,201.0,1.041211851191802,276.5369750310916,171.0,1.617175292579483,274.2952725393955,171.0,1.6040659212830146
E:\N9_20251512_PKM2.lif,N9_20251512_PKM2,136,MDL29951/6/R2,N9_20251512_PKM2_S137_MDL29951_6_R2,34,13199,9792,4444,8964,2,0,4444,816,8964,10,61,12,12.666666666666666,1.2379493464052287,91,242.5,9.0,45.0,42.5,3,9,1,14.333333333333334,1.0747074707470747,56,142.5,14.0,40.0,25.0,12,71,15,10.673913043478262,1.352298081213744,91,302.5,11.0,45.0,42.5,117.2059844771242,115.0,1.0191824737141233,588.8348334833483,195.0,3.01966581273512,263.6482670089859,201.0,1.3116829204427158,280.8862336601307,171.0,1.642609553568016,260.223867721064,171.0,1.5217770042167484
E:\N9_20251512_PKM2.lif,N9_20251512_PKM2,136,MDL29951/6/R2,N9_20251512_PKM2_S137_MDL29951_6_R2,35,10875,4991,0,4991,1,0,0,6862,4991,8,22,4,16.75,1.7784011220196354,80,207.5,6.0,45.0,37.5,0,0,0,0.0,,0,0.0,0.0,,,8,22,4,16.75,1.7784011220196354,80,207.5,6.0,45.0,37.5,128.90402724904828,115.0,1.1209045847743329,210.39310759366865,195.0,1.0789390133008647,278.1761067708333,201.0,1.383960730203151,245.49008214786616,171.0,1.4356145154845974,220.2678996036988,171.0,1.288116371951455
E:\N9_20251512_PKM2.lif,N9_20251512_PKM2,136,MDL29951/6/R2,N9_20251512_PKM2_S137_MDL29951_6_R2,36,26844,13471,1054,13362,1,0,1054,20059,13362,30,159,33,9.34020618556701,1.6378887981590082,116,557.5,18.0,75.0,55.0,4,6,1,14.4,1.2514231499051234,37,62.5,7.0,20.0,15.0,29,152,32,9.53191489361702,1.65124981290226,114,545.0,21.0,75.0,55.0,134.23784425803578,115.0,1.1672856022437894,369.27893738140415,195.0,1.8937381404174567,330.37731330285214,201.0,1.643668225387324,288.7064805879296,171.0,1.6883419917422784,285.9917514434974,171.0,1.672466382710511
E:\N9_20251512_PKM2.lif,N9_20251512_PKM2,142,MDL29951/6/R6,N9_20251512_PKM2_S143_MDL29951_6_R6,1,18746,2058,519,2058,0,0,519,513,2058,2,0,0,3.5,1.4635568513119537,79,92.5,5.0,70.0,38.333333333333336,3,3,5,5.833333333333333,1.1714836223506744,28,67.5,12.0,15.0,10.0,2,0,0,3.5,1.4635568513119537,79,92.5,5.0,70.0,38.333333333333336,107.3172983479106,106.0,1.012427342904817,334.373795761079,189.0,1.7691735225453915,251.75,191.0,1.318062827225131,193.89261418853252,145.0,1.337190442679535,,145.0,
E:\N9_20251512_PKM2.lif,N9_20251512_PKM2,144,MDL29951/6/R8,N9_20251512_PKM2_S145_MDL29951_6_R8,2,4131,2990,2990,523,0,2990,0,0,523,7,20,5,6.388888888888889,1.123076923076923,60,132.5,7.0,45.0,27.5,7,20,5,6.388888888888889,1.123076923076923,60,132.5,7.0,45.0,27.5,2,0,0,5.0,1.0305927342256214,26,52.5,9.0,15.0,10.0,437.2688963210703,106.0,4.125178267179908,180.99163879598663,188.0,0.9627214829573756,185.47290969899663,191.0,0.9710623544450088,147.76688963210702,143.0,1.033334892532217,,143.0,
E:\N9_20251512_PKM2.lif,N9_20251512_PKM2,146,MDL29951/6/R5,N9_20251512_PKM2_S147_MDL29951_6_R5,1,56429,19301,18803,7119,0,18803,134,19170,7119,48,121,23,10.775510204081632,2.172063623646443,347,757.5,6.0,185.0,175.23809523809524,47,115,20,10.610526315789471,2.1992235281604,349,697.5,9.0,20.0,178.59375,23,25,6,13.535714285714286,4.943531394858828,335,525.0,8.0,180.0,180.09259259259258,402.9118757645057,108.0,3.730665516338016,421.0597014925373,189.0,2.2278291084261235,340.6406042106911,194.0,1.755879403147892,181.60048702139787,145.0,1.252417151871709,,145.0,
E:\N9_20251512_PKM2.lif,N9_20251512_PKM2,146,MDL29951/6/R5,N9_20251512_PKM2_S147_MDL29951_6_R5,3,34194,9557,2681,6901,0,2681,0,11041,6901,28,103,28,7.140845070422535,2.059118970388197,124,477.5,11.0,40.0,60.0,17,82,24,4.581818181818182,3.299515106303618,121,212.5,6.0,45.0,47.0,15,15,4,14.9375,2.2915519489928995,165,272.5,7.0,110.0,76.03448275862068,253.4337933606863,108.0,2.346609197784133,194.1462802134561,189.0,1.027228995838392,270.25672105672106,194.0,1.3930758817356756,251.63367165428485,145.0,1.735404632098516,,145.0,
E:\N9_20251512_PKM2.lif,N9_20251512_PKM2,146,MDL29951/6/R5,N9_20251512_PKM2_S147_MDL29951_6_R5,4,28670,14153,13756,9612,0,13756,0,3607,9612,14,48,13,15.13157894736842,1.40874726206458,111,362.5,16.0,70.0,52.5,15,57,14,14.363636363636363,1.4079674323931377,111,317.5,11.0,70.0,52.5,13,27,7,14.72,1.716708281315023,112,312.5,11.0,45.0,52.5,329.6596394300669,108.0,3.0524040687969154,195.49982335900515,189.0,1.034390599783096,270.34141494435613,194.0,1.3935124481667842,293.2167738288702,145.0,2.0221846470956564,,145.0,
E:\N9_20251512_PKM2.lif,N9_20251512_PKM2,148,MDL29951/6/R9,N9_20251512_PKM2_S149_MDL29951_6_R9,1,80540,38046,29103,26117,1,29103,0,925,26117,32,156,38,16.274509803921568,1.6402249908006097,238,937.5,13.0,110.0,115.0,27,127,29,15.770114942528735,1.8265127306463247,237,812.5,11.0,140.0,115.0,25,117,34,14.91025641025641,2.0653214381437377,229,722.5,8.0,180.0,112.5,402.21252104594026,109.0,3.690023128861837,225.54205435525415,190.0,1.187063443975022,265.012972972973,192.0,1.380275900900901,290.6925038111759,149.0,1.950956401417288,382.5916230366492,149.0,2.5677290136687865
E:\N9_20251512_PKM2.lif,N9_20251512_PKM2,148,MDL29951/6/R9,N9_20251512_PKM2_S149_MDL29951_6_R9,2,53687,17536,18,17536,1,18,0,9373,17536,19,96,24,13.492063492063492,1.7615761861313868,177,477.5,8.0,85.0,85.0,2,0,0,3.0,1.1111111111111112,13,5.0,2.0,5.0,5.0,19,96,24,13.492063492063492,1.7615761861313868,177,477.5,8.0,85.0,85.0,277.72222222222223,109.0,2.5479102956167177,223.05286268248176,190.0,1.1739624351709566,270.11908684396326,192.0,1.4068702439789753,302.08411268248176,149.0,2.0274101522314214,298.84328028293544,149.0,2.005659599214332
E:\N9_20251512_PKM2.lif,N9_20251512_PKM2,148,MDL29951/6/R9,N9_20251512_PKM2_S149_MDL29951_6_R9,3,24423,15041,0,15041,0,0,0,0,15041,18,97,35,10.477611940298509,1.467189681537132,130,467.5,9.0,55.0,62.5,0,0,0,0.0,,0,0.0,0.0,,,18,97,35,10.477611940298509,1.467189681537132,130,467.5,9.0,55.0,62.5,144.91669436872547,109.0,1.329510957511243,234.43334884648627,190.0,1.2338597307709804,252.94594774283624,192.0,1.3174268111606051,367.145934445848,149.0,2.464066674133208,,149.0,
E:\N9_20251512_PKM2.lif,N9_20251512_PKM2,148,MDL29951/6/R9,N9_20251512_PKM2_S149_MDL29951_6_R9,4,30482,19678,0,19678,1,0,0,7,19678,34,152,54,10.83,1.4641731883321476,135,537.5,19.0,90.0,65.0,0,0,0,0.0,,0,0.0,0.0,,,34,152,54,10.83,1.4641731883321476,135,537.5,19.0,90.0,65.0,118.8325541213538,109.0,1.0902069185445302,223.79911576379715,190.0,1.177890082967353,401.3333333333333,192.0,2.0902777777777777,307.7310194125419,149.0,2.0653088551177308,286.942021369767,149.0,1.925785378320584
E:\N9_20251512_PKM2.lif,N9_20251512_PKM2,148,MDL29951/6/R9,N9_20251512_PKM2_S149_MDL29951_6_R9,5,16536,11057,4520,10996,1,209,4324,290,10996,17,52,9,12.875,1.4603418648819753,104,277.5,9.0,60.0,50.0,8,18,2,11.27777777777778,1.415486725663717,69,152.5,7.0,45.0,32.5,19,49,7,13.075,1.468443070207348,105,302.5,10.0,65.0,50.0,254.5933014354067,109.0,2.335718361792722,455.4791859389454,190.0,2.397258873362871,307.848275862069,192.0,1.6033764367816092,348.56398661481416,149.0,2.3393556148645245,335.57203134418324,149.0,2.252161284189149
E:\N9_20251512_PKM2.lif,N9_20251512_PKM2,148,MDL29951/6/R9,N9_20251512_PKM2_S149_MDL29951_6_R9,6,15352,6534,0,6534,0,0,0,0,6534,16,63,12,8.581395348837209,1.4595959595959596,86,287.5,13.0,40.0,40.0,0,0,0,0.0,,0,0.0,0.0,,,16,63,12,8.581395348837209,1.4595959595959596,86,287.5,13.0,40.0,40.0,121.582338536884,109.0,1.1154342985035228,216.51239669421489,190.0,1.139538929969552,213.0324456688093,192.0,1.109543987858382,327.84879093970005,149.0,2.200327455971141,,149.0,
E:\N9_20251512_PKM2.lif,N9_20251512_PKM2,148,MDL29951/6/R9,N9_20251512_PKM2_S149_MDL29951_6_R9,7,50689,27719,0,27719,1,0,0,369,27719,44,256,99,9.265895953757225,1.5805764998737328,164,782.5,18.0,115.0,80.0,0,0,0,0.0,,0,0.0,0.0,,,44,256,99,9.265895953757225,1.5805764998737328,164,782.5,18.0,115.0,80.0,125.7791045853025,109.0,1.153936739314702,219.70034994047404,190.0,1.156317631265653,280.27884615384613,192.0,1.459785657051282,291.13416789927487,149.0,1.9539205899280192,286.4639984680199,149.0,1.922577170926308
E:\N9_20251512_PKM2.lif,N9_20251512_PKM2,148,MDL29951/6/R9,N9_20251512_PKM2_S149_MDL29951_6_R9,8,113517,46528,41212,26382,1,41212,0,6681,26382,29,169,41,18.63063063063063,2.393139614855571,243,1140.0,16.0,200.0,125.0,27,161,39,17.186274509803923,2.490900708531496,248,1117.5,16.0,175.0,122.5,24,95,20,18.614285714285717,3.323895079978773,241,930.0,10.0,130.0,117.5,413.5006066194312,109.0,3.793583546967259,211.10275533012376,190.0,1.111067133316441,266.62586423632933,192.0,1.388676376230882,248.20361932599724,149.0,1.6657961028590418,429.5065906661917,149.0,2.8825945682294742
E:\N9_20251512_PKM2.lif,N9_20251512_PKM2,148,MDL29951/6/R9,N9_20251512_PKM2_S149_MDL29951_6_R9,9,27327,11342,0,11342,0,0,0,0,11342,17,53,10,16.41025641025641,1.561982013754188,120,327.5,7.0,55.0,57.5,0,0,0,0.0,,0,0.0,0.0,,,17,53,10,16.41025641025641,1.561982013754188,120,327.5,7.0,55.0,57.5,143.08710985716806,109.0,1.312725778506129,221.2026979368718,190.0,1.164224725983536,236.5865808499383,192.0,1.2322217752600952,328.1231705166637,149.0,2.2021689296420384,,149.0,
E:\N9_20251512_PKM2.lif,N9_20251512_PKM2,148,MDL29951/6/R9,N9_20251512_PKM2_S149_MDL29951_6_R9,10,30608,12806,0,12806,0,0,0,0,12806,31,109,30,10.819444444444445,1.7361393096985789,140,477.5,10.0,80.0,67.5,0,0,0,0.0,,0,0.0,0.0,,,31,109,30,10.819444444444445,1.7361393096985789,140,477.5,10.0,80.0,67.5,122.25113228174293,109.0,1.1215700209334214,205.15516164297983,190.0,1.0797640086472624,212.35811338435107,192.0,1.1060318405434952,319.8419490863658,149.0,2.1465902623246027,,149.0,
E:\N9_20251512_PKM2.lif,N9_20251512_PKM2,148,MDL29951/6/R9,N9_20251512_PKM2_S149_MDL29951_6_R9,11,34290,10606,1320,9820,1,1320,0,20,9820,14,52,8,14.942857142857145,1.747878559306053,157,350.0,10.0,60.0,77.5,7,9,3,18.5,3.857575757575757,117,167.5,5.0,65.0,65.9375,9,31,4,22.68421052631579,1.6768839103869653,160,335.0,10.0,55.0,80.0,246.8318181818182,109.0,2.264512093411176,189.06100320573265,190.0,0.995057911609119,392.3,192.0,2.043229166666667,258.19272110126343,149.0,1.7328370543708955,249.9991513437058,149.0,1.6778466533134615
E:\N9_20251512_PKM2.lif,N9_20251512_PKM2,148,MDL29951/6/R9,N9_20251512_PKM2_S149_MDL29951_6_R9,12,25854,7872,34,7872,1,34,0,4473,7872,11,29,4,16.625,1.4751016260162602,89,287.5,8.0,40.0,42.5,2,0,0,3.0,1.0588235294117647,14,10.0,4.0,5.0,5.0,11,29,4,16.625,1.4751016260162602,89,287.5,8.0,40.0,42.5,278.2647058823529,109.0,2.5528872099298434,220.630081300813,190.0,1.1612109542148052,303.88325791855203,192.0,1.5827253016591252,331.8205030487805,149.0,2.226983241938124,351.0031859816806,149.0,2.355726080413964
E:\N9_20251512_PKM2.lif,N9_20251512_PKM2,148,MDL29951/6/R9,N9_20251512_PKM2_S149_MDL29951_6_R9,14,48863,20529,0,20529,1,0,0,2490,20529,37,156,54,10.726415094339623,1.5991037069511422,151,652.5,16.0,105.0,72.5,0,0,0,0.0,,0,0.0,0.0,,,37,156,54,10.726415094339623,1.5991037069511422,151,652.5,16.0,105.0,72.5,113.36090408690146,109.0,1.040008294375243,198.64601295727996,190.0,1.045505331354105,273.27004030452304,192.0,1.4232814599193908,270.0987870816893,149.0,1.812743537461002,282.88825373409554,149.0,1.8985788841214464
E:\N9_20251512_PKM2.lif,N9_20251512_PKM2,148,MDL29951/6/R9,N9_20251512_PKM2_S149_MDL29951_6_R9,16,28019,13917,584,13917,1,0,584,0,13917,30,89,15,12.029411764705882,1.9069483365667887,194,592.5,13.0,55.0,95.0,4,25,21,4.615384615384615,1.125,32,82.5,11.0,20.0,12.5,30,89,15,12.029411764705882,1.9069483365667887,194,592.5,13.0,55.0,95.0,117.8784220737228,109.0,1.0814534135203926,361.3664383561644,190.0,1.901928622927181,197.1487389523604,192.0,1.0268163487102104,263.9659409355464,149.0,1.771583496211721,259.4659980430528,149.0,1.741382537201697
E:\N9_20251512_PKM2.lif,N9_20251512_PKM2,150,pranlukast/5/R13,N9_20251512_PKM2_S151_pranlukast_5_R13,1,19340,10430,6,10430,1,0,6,0,10430,19,55,9,11.926829268292684,1.5804410354745926,125,342.5,8.0,60.0,60.0,2,0,0,1.3333333333333333,3.0,20,7.5,1.0,5.0,7.5,19,55,9,11.926829268292684,1.5804410354745926,125,342.5,8.0,60.0,60.0,108.62233940556088,107.0,1.0151620505192605,326.5,188.0,1.7367021276595744,187.3758389261745,190.0,0.9861886259272342,272.7497603068073,146.0,1.86814904319731,261.5956208425721,146.0,1.79175082768885
E:\N9_20251512_PKM2.lif,N9_20251512_PKM2,150,pranlukast/5/R13,N9_20251512_PKM2_S151_pranlukast_5_R13,2,23406,17115,9618,15501,0,0,9618,0,15501,8,45,14,16.741935483870968,1.158924919661116,116,287.5,8.0,80.0,55.0,6,35,9,15.708333333333334,1.1721771678103556,94,197.5,6.0,65.0,45.0,10,32,5,20.565217391304348,1.2664344235855751,116,342.5,11.0,75.0,55.0,110.72334209757524,107.0,1.0347975896969648,710.5226658348929,188.0,3.7793758821004944,221.7048203330412,190.0,1.166867475437059,388.595734735612,146.0,2.6616146214767946,,146.0,
E:\N9_20251512_PKM2.lif,N9_20251512_PKM2,150,pranlukast/5/R13,N9_20251512_PKM2_S151_pranlukast_5_R13,3,65003,21165,14609,19400,1,14609,0,52693,19400,18,72,9,19.10204081632653,1.4309473186865107,142,447.5,13.0,90.0,67.5,29,121,36,12.569620253164556,1.6953247997809568,118,502.5,10.0,40.0,57.5,16,72,7,18.69047619047619,1.5611340206185569,144,497.5,10.0,90.0,70.0,260.1273872270518,107.0,2.4310970768883347,199.710843373494,188.0,1.0622917200717763,450.927600931677,190.0,2.3733031627983,396.234868887314,146.0,2.7139374581322877,642.756392536282,146.0,4.402441044769055
E:\N9_20251512_PKM2.lif,N9_20251512_PKM2,150,pranlukast/5/R13,N9_20251512_PKM2_S151_pranlukast_5_R13,4,14294,9409,0,9409,2,0,0,0,9409,7,27,3,20.2,1.2524178977574665,97,192.5,6.0,45.0,45.0,0,0,0,0.0,,0,0.0,0.0,,,7,27,3,20.2,1.2524178977574665,97,192.5,6.0,45.0,45.0,111.02550749282602,107.0,1.037621565353514,201.96078222978,188.0,1.0742594799456382,194.38282495483048,190.0,1.0230674997622655,253.91454989903283,146.0,1.7391407527331015,256.38820806100216,146.0,1.756083616856179
E:\N9_20251512_PKM2.lif,N9_20251512_PKM2,150,pranlukast/5/R13,N9_20251512_PKM2_S151_pranlukast_5_R13,5,125504,19399,12124,14565,1,12096,28,59027,14565,34,122,21,13.753086419753089,3.982473323367184,255,832.5,9.0,60.0,125.0,26,103,20,10.37878787878788,2.457852193995381,280,527.5,13.0,200.0,170.75,19,57,10,19.575,4.732852729145211,267,670.0,10.0,55.0,132.5,323.93022486772486,107.0,3.0273852791376155,317.1428571428572,188.0,1.6869300911854104,391.768233599581,190.0,2.061938071576742,228.8999432960462,146.0,1.5678078307948369,266.2695009242144,146.0,1.8237637049603728
E:\N9_20251512_PKM2.lif,N9_20251512_PKM2,150,pranlukast/5/R13,N9_20251512_PKM2_S151_pranlukast_5_R13,6,16550,7248,3690,7221,1,105,3690,6260,7221,11,39,14,12.392857142857142,1.386037527593819,99,262.5,9.0,20.0,47.5,3,37,14,8.909090909090908,1.469918699186992,79,137.5,4.0,40.0,37.5,11,39,15,12.357142857142858,1.3912200526242902,99,262.5,9.0,20.0,47.5,239.6952380952381,107.0,2.240142412105029,377.75365853658536,188.0,2.009327970939284,280.366455078125,190.0,1.4756129214638158,260.2835264900662,146.0,1.7827638800689467,266.20069974554707,146.0,1.8232924640105963
E:\N9_20251512_PKM2.lif,N9_20251512_PKM2,150,pranlukast/5/R13,N9_20251512_PKM2_S151_pranlukast_5_R13,9,46977,25169,20075,18983,1,0,20075,0,18983,19,98,21,17.4,2.2207874766577933,274,732.5,11.0,115.0,135.0,26,171,50,11.636363636363637,2.487322540473225,285,707.5,8.0,75.0,140.0,8,16,1,49.15384615384615,2.6474740557340777,249,597.5,6.0,230.0,122.5,115.7611347292304,107.0,1.0818797638245832,757.36,188.0,4.028510638297872,220.1890818069848,190.0,1.1588899042472882,337.65290635305337,146.0,2.312691139404475,504.1426999266324,146.0,3.453032191278304
E:\N9_20251512_PKM2.lif,N9_20251512_PKM2,150,pranlukast/5/R13,N9_20251512_PKM2_S151_pranlukast_5_R13,10,128320,70337,17667,70152,3,0,17667,39036,70152,64,285,59,15.556756756756757,1.5618948775182335,318,1497.5,19.0,120.0,155.0,68,365,120,6.351464435146443,1.7682685232354107,159,662.5,9.0,75.0,77.5,63,294,65,14.926701570680628,1.5660137986087352,318,1507.5,19.0,120.0,155.0,115.97392552994869,107.0,1.0838684628967166,429.4191996377427,188.0,2.284144678924163,303.13448724821933,190.0,1.5954446697274702,341.58205496395925,146.0,2.3396031161915016,485.357997899895,146.0,3.3243698486294178
E:\N9_20251512_PKM2.lif,N9_20251512_PKM2,150,pranlukast/5/R13,N9_20251512_PKM2_S151_pranlukast_5_R13,11,14612,6838,0,6838,1,0,0,0,6838,5,9,1,29.571428571428573,1.5172565077508042,91,192.5,7.0,70.0,42.5,0,0,0,0.0,,0,0.0,0.0,,,5,9,1,29.571428571428573,1.5172565077508042,91,192.5,7.0,70.0,42.5,110.89997075168178,107.0,1.0364483247820726,215.4915179877157,188.0,1.1462314786580623,204.6804621234279,190.0,1.0772655901233048,269.00775080432874,146.0,1.8425188411255395,296.15540132770064,146.0,2.0284616529294563
E:\N9_20251512_PKM2.lif,N9_20251512_PKM2,150,pranlukast/5/R13,N9_20251512_PKM2_S151_pranlukast_5_R13,12,99168,42899,40112,32943,1,40089,548,73947,32943,28,135,27,19.4468085106383,1.8126529755938368,258,1047.5,15.0,140.0,125.0,29,152,31,17.277227722772277,1.709837455125648,232,877.5,12.0,115.0,112.5,25,80,13,26.036363636363635,2.2075099414139574,252,987.5,10.0,125.0,122.5,516.8306767442441,107.0,4.830193240600412,421.3412408759124,188.0,2.241176813169747,593.4166855931562,190.0,3.1232457136481906,363.43166507377794,146.0,2.489257979957383,693.7973977695167,146.0,4.752036971024087
E:\N9_20251512_PKM2.lif,N9_20251512_PKM2,150,pranlukast/5/R13,N9_20251512_PKM2_S151_pranlukast_5_R13,13,82346,46668,39317,24402,1,129,39194,3126,24402,62,345,97,12.35813953488372,1.8003128482043371,220,1392.5,15.0,135.0,107.5,52,338,100,10.65277777777778,1.849149222982425,232,1187.5,18.0,95.0,112.5,30,65,15,26.77083333333333,3.219981968691091,218,1007.5,13.0,90.0,107.5,225.96124031007756,107.0,2.111787292617547,647.5164310863908,188.0,3.4442363355659085,280.4252805670408,190.0,1.4759225293002145,239.827333504757,146.0,1.6426529692106644,348.77425431711146,146.0,2.388864755596654
E:\N9_20251512_PKM2.lif,N9_20251512_PKM2,150,pranlukast/5/R13,N9_20251512_PKM2_S151_pranlukast_5_R13,14,21516,11242,4939,11191,1,0,4939,16148,11191,12,34,8,14.962962962962964,1.2472869596157268,92,297.5,19.0,60.0,42.5,6,16,1,14.066666666666666,1.200040494027131,70,132.5,5.0,45.0,32.5,14,36,10,16.066666666666666,1.2529711375212225,92,292.5,14.0,60.0,42.5,111.98212061910692,107.0,1.0465618749449246,621.7463049200243,188.0,3.307161196383108,332.36870485298607,190.0,1.749308972910453,523.2217576943605,146.0,3.583710669139456,562.8861816916116,146.0,3.8553848061069287
E:\N9_20251512_PKM2.lif,N9_20251512_PKM2,150,pranlukast/5/R13,N9_20251512_PKM2_S151_pranlukast_5_R13,15,58778,23502,22176,14001,1,0,22176,3739,14001,41,221,70,10.092198581560284,2.084801293506936,184,917.5,15.0,70.0,90.0,36,214,66,9.75373134328358,1.8230970418470416,179,792.5,13.0,70.0,87.5,18,54,9,17.71794871794872,2.973930433540461,185,487.5,7.0,45.0,88.38235294117646,110.12713811590504,107.0,1.0292255898682712,680.7563131313132,188.0,3.621044218783581,267.9823182711198,190.0,1.4104332540585254,300.17602757212154,146.0,2.056000188850148,399.6838365896981,146.0,2.7375605245869727
E:\N9_20251512_PKM2.lif,N9_20251512_PKM2,150,pranlukast/5/R13,N9_20251512_PKM2_S151_pranlukast_5_R13,16,22352,16150,0,16150,1,0,0,0,16150,17,55,4,18.24324324324324,1.317770897832817,117,347.5,12.0,75.0,55.0,0,0,0,0.0,,0,0.0,0.0,,,17,55,4,18.24324324324324,1.317770897832817,117,347.5,12.0,75.0,55.0,109.5056346749226,107.0,1.0234171464946038,245.97925696594427,188.0,1.308400303010342,203.2577708978328,190.0,1.0697777415675411,320.66167182662537,146.0,2.19631282073031,327.64693689543986,146.0,2.2441571020235607
E:\N9_20251512_PKM2.lif,N9_20251512_PKM2,150,pranlukast/5/R13,N9_20251512_PKM2_S151_pranlukast_5_R13,17,62428,16613,0,16613,1,0,0,57937,16613,27,90,20,14.393939393939394,2.053030759044122,170,612.5,13.0,105.0,82.5,0,0,0,0.0,,0,0.0,0.0,,,27,90,20,14.393939393939394,2.053030759044122,170,612.5,13.0,105.0,82.5,151.1442845964004,107.0,1.4125634074429945,231.2377054114248,188.0,1.2299877947416211,495.5555486824199,190.0,2.608187098328526,287.78799735147174,146.0,1.9711506667909025,412.4791086350975,146.0,2.8251993742129966
E:\N9_20251512_PKM2.lif,N9_20251512_PKM2,150,pranlukast/5/R13,N9_20251512_PKM2_S151_pranlukast_5_R13,18,46396,25383,7678,25383,4,880,6798,33248,25383,18,68,12,16.695652173913043,1.6695426072568254,179,537.5,9.0,55.0,87.5,22,53,12,9.62162162162162,1.5343839541547275,128,292.5,7.0,60.0,62.5,18,68,12,16.695652173913043,1.6695426072568254,179,537.5,9.0,55.0,87.5,214.14772727272728,107.0,2.001380628717077,456.78478964401296,188.0,2.429706327893686,469.7731472925522,190.0,2.4724902489081697,487.0574794153568,146.0,3.336010132981896,555.456509444633,146.0,3.804496640031733
E:\N9_20251512_PKM2.lif,N9_20251512_PKM2,150,pranlukast/5/R13,N9_20251512_PKM2_S151_pranlukast_5_R13,19,41571,28727,18019,27914,3,0,18019,16107,27914,16,56,12,18.256410256410252,1.2668221533748738,160,427.5,13.0,90.0,77.5,29,108,19,10.909090909090908,1.2702702702702702,127,367.5,9.0,50.0,60.0,13,49,13,20.032258064516128,1.2869169592319267,159,377.5,9.0,90.0,77.5,111.20475510843455,107.0,1.0392967767143415,812.066485376547,188.0,4.319502581790144,351.8618832775433,190.0,1.8519046488291755,511.907438994674,146.0,3.506215335579959,525.0030766075274,146.0,3.5959114836132016
E:\N9_20251512_PKM2.lif,N9_20251512_PKM2,150,pranlukast/5/R13,N9_20251512_PKM2_S151_pranlukast_5_R13,20,42473,13792,6160,13632,1,6160,0,34199,13632,13,43,5,15.870967741935484,1.3695620649651972,100,342.5,11.0,75.0,47.5,24,63,28,7.107142857142857,2.2912337662337663,124,312.5,5.0,10.0,60.0,13,49,7,14.970588235294118,1.385343309859155,100,327.5,9.0,65.0,47.5,244.3425324675325,107.0,2.283575069790023,207.52871229698377,188.0,1.1038761292392754,432.9204777620619,190.0,2.2785288303266418,398.7133120649652,146.0,2.730913096335378,504.4344545740333,146.0,3.45503051078105
E:\N9_20251512_PKM2.lif,N9_20251512_PKM2,150,pranlukast/5/R13,N9_20251512_PKM2_S151_pranlukast_5_R13,21,39415,17621,12233,11599,2,0,12233,0,11599,14,74,21,13.549019607843135,1.397423528744112,120,407.5,8.0,85.0,57.5,15,76,20,11.24,1.3542875827679228,95,317.5,10.0,65.0,45.0,14,61,21,11.24390243902439,1.4466764376239332,121,282.5,6.0,65.0,57.5,108.32705294818682,107.0,1.012402364001746,779.1221286683561,188.0,4.144266641852958,177.5407184609273,190.0,0.9344248340048804,284.4040065830543,146.0,1.947972647829139,321.0107288198298,146.0,2.1987036220536287
E:\N9_20251512_PKM2.lif,N9_20251512_PKM2,150,pranlukast/5/R13,N9_20251512_PKM2_S151_pranlukast_5_R13,22,16188,6334,5914,4997,1,0,5914,4832,4997,6,6,0,22.0,1.114935269971582,65,172.5,11.0,50.0,30.0,6,10,5,14.090909090909092,1.1051741630030436,65,112.5,6.0,45.0,30.0,11,29,4,8.857142857142858,1.1520912547528517,61,172.5,9.0,40.0,27.5,108.92548152826018,107.0,1.0179951544697212,797.0338180588434,188.0,4.23954158541938,287.77173569396143,190.0,1.514588082599797,333.306125670982,146.0,2.282918668979329,288.1267893660532,146.0,1.97347116004146
E:\N9_20251512_PKM2.lif,N9_20251512_PKM2,152,pranlukast/5/R11,N9_20251512_PKM2_S153_pranlukast_5_R11,1,16413,9467,6309,8345,0,0,6309,12608,8345,17,44,11,15.125,1.6527939157071934,98,277.5,8.0,60.0,47.5,15,54,13,9.916666666666666,1.4904105246473291,85,242.5,9.0,60.0,40.0,18,56,6,13.62162162162162,1.8726183343319356,100,342.5,9.0,60.0,47.5,112.65617407837752,108.0,1.04311272294794,440.81819622761134,192.0,2.2959281053521425,318.1021688006271,195.0,1.6312931733365492,267.04658286680046,145.0,1.8417005714951755,,145.0,
E:\N9_20251512_PKM2.lif,N9_20251512_PKM2,152,pranlukast/5/R11,N9_20251512_PKM2_S153_pranlukast_5_R11,2,23349,11201,820,11201,1,0,820,0,11201,11,44,7,17.0,1.7384162128381395,123,357.5,6.0,40.0,60.0,2,0,0,20.0,1.0463414634146342,33,37.5,4.0,15.0,12.5,11,44,7,17.0,1.7384162128381395,123,357.5,6.0,40.0,60.0,114.55807517185966,108.0,1.0607229182579598,368.469512195122,192.0,1.919112042682927,198.2716721721275,195.0,1.0167778060109105,284.30238371573967,145.0,1.960706094591308,317.6497617426821,145.0,2.190688012018497
E:\N9_20251512_PKM2.lif,N9_20251512_PKM2,152,pranlukast/5/R11,N9_20251512_PKM2_S153_pranlukast_5_R11,4,41805,15438,7709,14905,1,0,7709,0,14905,14,61,13,13.9,1.1838968778339165,136,307.5,7.0,70.0,65.0,15,109,36,8.378787878787879,1.717343364898171,110,392.5,14.0,60.0,52.5,16,79,16,13.320754716981131,1.2189869171418988,136,317.5,7.0,100.0,65.0,110.5420391242389,108.0,1.0235373992985084,395.9156829679595,192.0,2.062060848791456,190.9676771602539,195.0,0.9793214213346354,282.40737142116853,145.0,1.9476370442839208,305.75346687211095,145.0,2.1086445991180067
E:\N9_20251512_PKM2.lif,N9_20251512_PKM2,152,pranlukast/5/R11,N9_20251512_PKM2_S153_pranlukast_5_R11,5,5008,4068,0,4068,1,0,0,0,4068,3,3,0,32.0,1.0545722713864307,65,102.5,4.0,40.0,30.0,0,0,0,0.0,,0,0.0,0.0,,,3,3,0,32.0,1.0545722713864307,65,102.5,4.0,40.0,30.0,112.98008849557522,108.0,1.0461119305145854,203.30063913470997,192.0,1.058857495493281,195.0233529990167,195.0,1.0001197589693165,230.11356932153396,145.0,1.586990133251958,228.4833174451859,145.0,1.575747016863351
E:\N9_20251512_PKM2.lif,N9_20251512_PKM2,152,pranlukast/5/R11,N9_20251512_PKM2_S153_pranlukast_5_R11,6,74490,19779,16883,14617,1,0,16883,0,14617,13,61,14,20.17391304347826,2.551342332777188,269,542.5,13.0,105.0,132.5,20,94,23,14.379310344827584,2.2607948824261093,222,522.5,8.0,70.0,107.5,9,35,10,28.875,2.8369022371211603,252,492.5,8.0,105.0,122.5,112.10789220890844,108.0,1.0380360389713743,431.0264171059646,192.0,2.244929255760232,217.36816825926488,195.0,1.1147085551757172,234.852368673846,145.0,1.6196715080954898,297.44478114478113,145.0,2.0513433182398697
E:\N9_20251512_PKM2.lif,N9_20251512_PKM2,152,pranlukast/5/R11,N9_20251512_PKM2_S153_pranlukast_5_R11,9,31607,7831,0,7831,0,0,0,3284,7831,8,10,1,38.1,2.094623930532499,144,357.5,5.0,100.0,70.0,0,0,0,0.0,,0,0.0,0.0,,,8,10,1,38.1,2.094623930532499,144,357.5,5.0,100.0,70.0,112.14659685863874,108.0,1.0383944153577662,340.5506321031797,192.0,1.7737012088707276,286.97659107534747,195.0,1.4716748260274228,224.6691354871664,145.0,1.5494423137045958,,145.0,
E:\N9_20251512_PKM2.lif,N9_20251512_PKM2,152,pranlukast/5/R11,N9_20251512_PKM2_S153_pranlukast_5_R11,10,42153,27985,8862,27846,3,7214,1885,28649,27846,14,44,6,18.806451612903224,1.2502412006432018,147,442.5,10.0,115.0,70.0,17,73,22,7.428571428571429,1.8702324531708416,154,277.5,5.0,55.0,75.0,14,44,6,18.677419354838708,1.2564820800114918,147,442.5,10.0,115.0,70.0,288.8886886609371,108.0,2.674895265379047,377.1432360742705,192.0,1.9642876878868256,330.3918793400858,195.0,1.6943173299491578,493.2524209397892,145.0,3.4017408340675117,539.6502718734553,145.0,3.721726012920381
E:\N9_20251512_PKM2.lif,N9_20251512_PKM2,152,pranlukast/5/R11,N9_20251512_PKM2_S153_pranlukast_5_R11,11,43161,15853,4484,15682,1,4484,0,30797,15682,13,35,11,20.115384615384617,1.2933829559073993,132,332.5,8.0,65.0,62.5,14,38,21,9.448275862068966,1.7352809991079394,102,215.0,7.0,75.0,47.5,12,32,5,21.565217391304348,1.3011095523530165,133,337.5,9.0,65.0,62.5,241.10771632471008,108.0,2.2324788548584267,256.3323661136693,192.0,1.3350644068420277,497.4375787310217,195.0,2.5509619422103675,415.4827477449063,145.0,2.8653982603096986,631.1869756292449,145.0,4.353013625029275
E:\N9_20251512_PKM2.lif,N9_20251512_PKM2,152,pranlukast/5/R11,N9_20251512_PKM2_S153_pranlukast_5_R11,12,16390,7577,0,7577,1,0,0,3312,7577,11,18,5,18.857142857142858,1.68087633628085,103,237.5,9.0,65.0,50.0,0,0,0,0.0,,0,0.0,0.0,,,11,18,5,18.857142857142858,1.68087633628085,103,237.5,9.0,65.0,50.0,115.83146363996303,108.0,1.07251355222188,259.46020852580176,192.0,1.3513552527385508,273.56732740943266,195.0,1.402909371330424,292.26686023492147,145.0,2.0156335188615278,308.68958930276983,145.0,2.1288937193294477
E:\N9_20251512_PKM2.lif,N9_20251512_PKM2,152,pranlukast/5/R11,N9_20251512_PKM2_S153_pranlukast_5_R11,13,62200,24937,3768,24912,1,3382,386,51518,24912,16,68,10,23.95744680851064,1.8132493884589165,163,752.5,16.0,105.0,77.5,20,76,18,5.5,2.762473460721868,140,262.5,5.0,70.0,67.5,16,72,11,23.0,1.8150690430314709,163,752.5,16.0,105.0,77.5,218.02779420461263,108.0,2.018775872264932,430.17098445595855,192.0,2.240473877374784,416.9930728733721,195.0,2.1384260147352414,326.6593816417372,145.0,2.252823321667153,479.1592920353982,145.0,3.304546841623436
E:\N9_20251512_PKM2.lif,N9_20251512_PKM2,152,pranlukast/5/R11,N9_20251512_PKM2_S153_pranlukast_5_R11,14,30450,18254,15176,12338,1,0,15176,4274,12338,29,102,17,13.92753623188406,1.5538512106935467,221,477.5,7.0,170.0,107.5,23,92,15,12.491803278688524,1.3706510279388509,109,402.5,10.0,60.0,52.5,25,63,12,14.936170212765957,2.2989139244610146,221,417.5,10.0,165.0,127.27272727272728,116.19508053029472,108.0,1.0758803752805068,919.2611360042172,192.0,4.787818416688631,273.1801886792453,195.0,1.4009240445089504,287.56064424235785,145.0,1.9831768568438477,467.2687224669604,145.0,3.222542913565244
E:\N9_20251512_PKM2.lif,N9_20251512_PKM2,152,pranlukast/5/R11,N9_20251512_PKM2_S153_pranlukast_5_R11,16,43182,28549,1802,28047,1,0,1802,2016,28047,34,193,41,12.172131147540984,1.555536095835231,148,797.5,18.0,105.0,70.0,11,37,16,7.962962962962963,1.648723640399556,66,152.5,7.0,15.0,30.0,35,174,33,12.429824561403509,1.5826291581987375,147,737.5,12.0,95.0,70.0,120.90381449437808,108.0,1.119479763836834,378.9744728079911,192.0,1.973825379208287,259.71021611001964,195.0,1.331847262102665,307.5695120669725,145.0,2.121169048737742,326.47839427256457,145.0,2.2515751329142386
E:\N9_20251512_PKM2.lif,N9_20251512_PKM2,152,pranlukast/5/R11,N9_20251512_PKM2_S153_pranlukast_5_R11,17,39842,23602,4064,23600,2,4064,0,26718,23600,38,208,71,9.902097902097902,1.726209643250572,144,852.5,18.0,70.0,70.0,7,20,4,12.615384615384617,1.3919783464566928,65,167.5,9.0,50.0,30.0,38,208,71,9.902097902097902,1.72635593220339,144,852.5,18.0,70.0,70.0,249.58169291338584,108.0,2.3109416010498687,234.1413439539022,192.0,1.219486166426574,335.6176394124529,195.0,1.7211160995510404,314.76857893398864,145.0,2.170817785751646,333.3925303454715,145.0,2.2992588299687693
E:\N9_20251512_PKM2.lif,N9_20251512_PKM2,152,pranlukast/5/R11,N9_20251512_PKM2_S153_pranlukast_5_R11,18,10524,6769,0,6769,1,0,0,1534,6769,13,37,10,12.724137931034482,1.3713990249667602,77,210.0,7.0,50.0,35.0,0,0,0,0.0,,0,0.0,0.0,,,13,37,10,12.724137931034482,1.3713990249667602,77,210.0,7.0,50.0,35.0,116.64559019057468,108.0,1.0800517610238396,220.44083321022308,192.0,1.1481293396365786,274.35230024213075,195.0,1.406934873036568,289.23962180528883,145.0,1.994756012450268,294.6643924626381,145.0,2.0321682238802627
E:\N9_20251512_PKM2.lif,N9_20251512_PKM2,152,pranlukast/5/R11,N9_20251512_PKM2_S153_pranlukast_5_R11,19,31368,14371,4092,14267,2,0,4092,0,14267,6,39,8,19.59259259259259,1.4259967991093174,123,332.5,10.0,110.0,57.5,5,13,3,15.555555555555555,1.5097751710654936,118,157.5,5.0,40.0,57.5,7,42,8,18.79310344827586,1.43639167309175,123,332.5,10.0,110.0,57.5,113.54790898336928,108.0,1.0513695276237895,400.50439882697947,192.0,2.0859604105571847,213.5600167002992,195.0,1.0951795728220473,287.3142439635377,145.0,1.981477544576122,307.3369516056083,145.0,2.1195651834869538
E:\N9_20251512_PKM2.lif,N9_20251512_PKM2,152,pranlukast/5/R11,N9_20251512_PKM2_S153_pranlukast_5_R11,20,5502,2308,0,2308,0,0,0,3802,2308,4,19,6,9.846153846153848,1.2227036395147313,49,82.5,4.0,30.0,22.5,0,0,0,0.0,,0,0.0,0.0,,,4,19,6,9.846153846153848,1.2227036395147313,49,82.5,4.0,30.0,22.5,147.26299826689774,108.0,1.3635462802490532,270.70710571923746,192.0,1.409932842287695,278.1332073689183,195.0,1.4263241403534273,223.24220103986136,145.0,1.5396013864818026,,145.0,
E:\N9_20251512_PKM2.lif,N9_20251512_PKM2,152,pranlukast/5/R11,N9_20251512_PKM2_S153_pranlukast_5_R11,21,36764,3411,120,3411,1,0,120,0,3411,3,3,1,21.666666666666668,1.0633245382585752,55,97.5,5.0,30.0,25.0,5,6,3,2.333333333333333,1.45,22,32.5,6.0,10.0,7.5,3,3,1,21.666666666666668,1.0633245382585752,55,97.5,5.0,30.0,25.0,110.3702726473175,108.0,1.0219469689566436,375.2,192.0,1.9541666666666664,207.22104954558785,195.0,1.0626720489517325,203.56904133685137,145.0,1.403924423012768,204.64343958487768,145.0,1.4113340661026048
E:\N9_20251512_PKM2.lif,N9_20251512_PKM2,152,pranlukast/5/R11,N9_20251512_PKM2_S153_pranlukast_5_R11,22,26083,22161,0,22161,1,0,0,246,22161,6,8,2,43.66666666666666,1.1333874825143269,128,262.5,7.0,60.0,62.5,0,0,0,0.0,,0,0.0,0.0,,,6,8,2,43.66666666666666,1.1333874825143269,128,262.5,7.0,60.0,62.5,126.07973466901312,108.0,1.1674049506390105,238.47177473940707,192.0,1.2420404934344118,271.4471544715447,195.0,1.3920366895976652,518.084923965525,145.0,3.5729994756243104,484.81968153779945,145.0,3.3435840106055137
E:\N9_20251512_PKM2.lif,N9_20251512_PKM2,152,pranlukast/5/R11,N9_20251512_PKM2_S153_pranlukast_5_R11,23,119547,40719,30218,24169,2,29856,370,67671,24169,52,234,43,14.986666666666666,2.199931236032319,304,1367.5,15.0,130.0,148.1578947368421,51,217,49,12.582781456953642,2.0965649612813557,179,1242.5,17.0,65.0,87.5,28,96,16,18.014285714285716,3.1062518101700527,343,867.5,9.0,70.0,166.71875,283.2959539121115,108.0,2.6231106843714027,345.8675675675676,192.0,1.801393581081081,324.9014351475765,195.0,1.6661612058850075,254.15496451288092,145.0,1.7527928587095238,334.9247551967016,145.0,2.309825897908287
E:\N9_20251512_PKM2.lif,N9_20251512_PKM2,152,pranlukast/5/R11,N9_20251512_PKM2_S153_pranlukast_5_R11,24,33744,27552,0,27552,2,0,0,0,27552,14,36,6,24.25925925925926,1.3014300232288036,183,467.5,9.0,70.0,90.0,0,0,0,0.0,,0,0.0,0.0,,,14,36,6,24.25925925925926,1.3014300232288036,183,467.5,9.0,70.0,90.0,123.95285278745644,108.0,1.147711599883856,211.98856707317077,192.0,1.1041071201727644,212.0766913472706,195.0,1.0875727761398493,389.8450203252033,145.0,2.6885863470703675,400.7931034482759,145.0,2.764090368608799
E:\N9_20251512_PKM2.lif,N9_20251512_PKM2,152,pranlukast/5/R11,N9_20251512_PKM2_S153_pranlukast_5_R11,25,26080,11498,0,11498,1,0,0,1977,11498,9,27,5,26.95,1.6620281788137068,150,362.5,10.0,45.0,72.5,0,0,0,0.0,,0,0.0,0.0,,,9,27,5,26.95,1.6620281788137068,150,362.5,10.0,45.0,72.5,112.82292572621326,108.0,1.0446567196871597,221.58775439206815,192.0,1.1541028874586885,263.1214659685864,195.0,1.349340851120956,285.2691772482171,145.0,1.9673736361946008,281.91113892365456,145.0,1.9442147511976176
E:\N9_20251512_PKM2.lif,N9_20251512_PKM2,152,pranlukast/5/R11,N9_20251512_PKM2_S153_pranlukast_5_R11,27,56825,32139,31445,18899,1,31445,0,26129,18899,25,129,41,15.75824175824176,1.3158156756588568,185,547.5,15.0,120.0,90.0,27,137,43,15.06060606060606,1.3448560979487996,186,607.5,16.0,120.0,90.0,13,43,9,18.0,1.3599132229218478,136,347.5,9.0,80.0,65.0,1022.586770551757,108.0,9.46839602362738,211.841967702791,192.0,1.1033435817853698,429.153140621604,195.0,2.200785336521046,388.2718503998258,145.0,2.6777368993091435,637.7225783475783,145.0,4.398086747224678
E:\N9_20251512_PKM2.lif,N9_20251512_PKM2,152,pranlukast/5/R11,N9_20251512_PKM2_S153_pranlukast_5_R11,29,51040,18954,16421,14583,1,16421,0,40683,14583,19,75,13,17.245283018867923,1.651735781365411,129,627.5,24.0,90.0,62.5,18,106,26,12.691176470588236,1.7571402472443822,131,482.5,12.0,85.0,62.5,24,83,24,13.396825396825395,1.9186038538023729,129,547.5,11.0,60.0,62.5,291.9064003410267,108.0,2.702837040194692,219.3763849319405,192.0,1.14258533818719,396.8092666782791,195.0,2.034919316298867,292.7685448981745,145.0,2.0190934130908587,370.2234280242579,145.0,2.553265020856951
E:\N9_20251512_PKM2.lif,N9_20251512_PKM2,152,pranlukast/5/R11,N9_20251512_PKM2_S153_pranlukast_5_R11,31,19831,9146,0,9146,1,0,0,2030,9146,5,27,3,22.94736842105263,1.393286682702821,112,337.5,7.0,60.0,52.5,0,0,0,0.0,,0,0.0,0.0,,,5,27,3,22.94736842105263,1.393286682702821,112,337.5,7.0,60.0,52.5,122.89142794664336,108.0,1.1378835920985495,181.61010277717037,192.0,0.9458859519644288,240.7191011235955,195.0,1.2344569288389513,239.0919527662366,145.0,1.648910019077494,239.96337741607329,145.0,1.6549198442487811
E:\N9_20251512_PKM2.lif,N9_20251512_PKM2,152,pranlukast/5/R11,N9_20251512_PKM2_S153_pranlukast_5_R11,33,17924,9710,0,9710,2,0,0,0,9710,13,29,7,18.681818181818183,1.524510813594233,85,382.5,14.0,75.0,40.0,0,0,0,0.0,,0,0.0,0.0,,,13,29,7,18.681818181818183,1.524510813594233,85,382.5,14.0,75.0,40.0,114.07538619979402,108.0,1.0562535759240188,240.07950566426365,192.0,1.250414092001373,181.12533470648816,195.0,0.9288478702896829,329.7817713697219,145.0,2.2743570439291165,287.2718948109885,145.0,1.981185481455093
E:\N9_20251512_PKM2.lif,N9_20251512_PKM2,154,pranlukast/5/R7,N9_20251512_PKM2_S155_pranlukast_5_R7,1,34036,7043,0,7043,1,0,0,9327,7043,10,44,11,12.357142857142858,1.1480903024279427,72,177.5,10.0,55.0,32.5,0,0,0,0.0,,0,0.0,0.0,,,10,44,11,12.357142857142858,1.1480903024279427,72,177.5,10.0,55.0,32.5,113.6162146812438,108.0,1.0520019877892943,192.574045151214,195.0,0.9875592059036612,292.4943531827515,196.0,1.4923181284834262,352.2276018742013,153.0,2.3021411887202703,361.00444292549554,153.0,2.359506162911736
E:\N9_20251512_PKM2.lif,N9_20251512_PKM2,154,pranlukast/5/R7,N9_20251512_PKM2_S155_pranlukast_5_R7,2,62084,33179,30205,21044,2,0,30205,10207,21044,27,143,50,13.757575757575758,1.304529973778595,191,577.5,10.0,120.0,92.5,32,148,46,12.980392156862743,1.300314517463996,170,602.5,11.0,110.0,82.5,21,50,10,20.63157894736842,1.6396597605018055,208,562.5,9.0,110.0,100.0,112.75291600108504,108.0,1.044008481491528,990.6717099817912,195.0,5.080367743496365,278.9138987043581,196.0,1.4230300954303985,362.3526628288978,153.0,2.3683180577052143,487.4763174082428,153.0,3.186119721622502
E:\N9_20251512_PKM2.lif,N9_20251512_PKM2,154,pranlukast/5/R7,N9_20251512_PKM2_S155_pranlukast_5_R7,3,61691,20228,0,20228,1,0,0,29497,20228,32,155,33,10.931372549019608,1.9630215542811944,180,722.5,11.0,75.0,87.5,0,0,0,0.0,,0,0.0,0.0,,,32,155,33,10.931372549019608,1.9630215542811944,180,722.5,11.0,75.0,87.5,119.39311844967372,108.0,1.1054918374969789,209.9092841605695,195.0,1.0764578674901,280.7430975545622,196.0,1.4323627426253174,256.42060510183904,153.0,1.6759516673322814,263.8259587020649,153.0,1.724352671255326
E:\N9_20251512_PKM2.lif,N9_20251512_PKM2,154,pranlukast/5/R7,N9_20251512_PKM2_S155_pranlukast_5_R7,4,20196,9083,1748,9083,1,1748,0,4038,9083,22,89,27,8.491525423728813,1.4320158537927998,88,342.5,13.0,50.0,40.0,10,32,5,6.28,1.2105263157894737,43,92.5,7.0,25.0,20.0,22,89,27,8.491525423728813,1.4320158537927998,88,342.5,13.0,50.0,40.0,214.61441647597252,108.0,1.987170522925672,216.30628646922824,195.0,1.1092630075345038,274.02403846153845,196.0,1.3980818288854002,412.9701640427172,153.0,2.6991513989720075,378.6335849056604,153.0,2.474729313108891
E:\N9_20251512_PKM2.lif,N9_20251512_PKM2,154,pranlukast/5/R7,N9_20251512_PKM2_S155_pranlukast_5_R7,5,15147,9454,0,9454,1,0,0,13763,9454,14,51,15,11.617647058823527,1.2805161836259784,88,252.5,12.0,50.0,42.5,0,0,0,0.0,,0,0.0,0.0,,,14,51,15,11.617647058823527,1.2805161836259784,88,252.5,12.0,50.0,42.5,114.42923630209437,108.0,1.059529965760133,212.094034271208,195.0,1.087661714211323,392.571560800648,196.0,2.002916126533918,365.2840067696213,153.0,2.3874771684288976,385.0471953578336,153.0,2.5166483356721154
E:\N9_20251512_PKM2.lif,N9_20251512_PKM2,154,pranlukast/5/R7,N9_20251512_PKM2_S155_pranlukast_5_R7,6,17675,7538,0,7538,1,0,0,31,7538,6,36,9,15.541666666666666,1.410453701247015,94,222.5,11.0,50.0,45.0,0,0,0,0.0,,0,0.0,0.0,,,6,36,9,15.541666666666666,1.410453701247015,94,222.5,11.0,50.0,45.0,113.7653223666755,108.0,1.0533826145062546,199.4479968161316,195.0,1.022810240082726,205.4193548387097,196.0,1.0480579328505597,286.6785619527726,153.0,1.8737160911945925,294.0463422707713,153.0,1.921871518109616
E:\N9_20251512_PKM2.lif,N9_20251512_PKM2,154,pranlukast/5/R7,N9_20251512_PKM2_S155_pranlukast_5_R7,7,44536,19568,0,19568,1,0,0,20331,19568,33,133,43,12.956043956043956,2.073947260834015,225,837.5,12.0,90.0,110.0,0,0,0,0.0,,0,0.0,0.0,,,33,133,43,12.956043956043956,2.073947260834015,225,837.5,12.0,90.0,110.0,127.52033932951758,108.0,1.1807438826807184,218.62428454619788,195.0,1.1211501771599892,283.01069518716577,196.0,1.443932118301866,318.5733340147179,153.0,2.0821786536909666,480.06372730640976,153.0,3.137671420303332
E:\N9_20251512_PKM2.lif,N9_20251512_PKM2,154,pranlukast/5/R7,N9_20251512_PKM2_S155_pranlukast_5_R7,8,87193,30911,27107,22964,2,27107,0,64647,22964,28,82,15,19.306451612903224,2.087832810326421,433,742.5,9.0,270.0,175.0,22,82,12,16.57894736842105,1.3834802818460177,165,492.5,16.0,95.0,80.0,13,35,4,28.307692307692307,2.593929628984497,433,627.5,7.0,210.0,168.07692307692307,611.3054561552367,108.0,5.660235705141081,227.18850894503572,195.0,1.165069276641209,615.5354726266147,196.0,3.1404871052378303,317.3727475655915,153.0,2.0743316834352385,389.0965319985699,153.0,2.543114588225947
E:\N9_20251512_PKM2.lif,N9_20251512_PKM2,154,pranlukast/5/R7,N9_20251512_PKM2_S155_pranlukast_5_R7,9,7662,6180,0,6180,1,0,0,0,6180,9,25,2,13.863636363636363,1.212621359223301,71,197.5,10.0,50.0,32.5,0,0,0,0.0,,0,0.0,0.0,,,9,25,2,13.863636363636363,1.212621359223301,71,197.5,10.0,50.0,32.5,113.75582524271844,108.0,1.053294678173319,251.07702265372168,195.0,1.2875744751472906,213.44935275080903,196.0,1.0890273099531074,334.2948220064725,153.0,2.184933477166487,313.2280431432974,153.0,2.047242112047696
E:\N9_20251512_PKM2.lif,N9_20251512_PKM2,154,pranlukast/5/R7,N9_20251512_PKM2_S155_pranlukast_5_R7,10,12929,10430,6705,10195,1,0,6705,0,10195,8,41,14,13.10344827586207,1.1778523489932886,86,242.5,10.0,60.0,40.0,5,39,12,15.238095238095235,1.2821774794929155,85,187.5,9.0,45.0,40.0,8,22,9,15.904761904761903,1.2050024521824425,87,232.5,14.0,60.0,40.0,116.14745925215723,108.0,1.0754394375199745,644.0772557792692,195.0,3.302960286047534,217.64228187919463,196.0,1.110419805506095,441.3582933844679,153.0,2.884694728003058,433.2546408393866,153.0,2.8317296786888013
E:\N9_20251512_PKM2.lif,N9_20251512_PKM2,154,pranlukast/5/R7,N9_20251512_PKM2_S155_pranlukast_5_R7,11,22338,10674,0,10674,1,0,0,0,10674,12,38,14,15.35483870967742,1.3675285741053027,109,282.5,13.0,85.0,52.5,0,0,0,0.0,,0,0.0,0.0,,,12,38,14,15.35483870967742,1.3675285741053027,109,282.5,13.0,85.0,52.5,113.8660296046468,108.0,1.0543150889319148,230.44519392917368,195.0,1.1817702252778135,228.4315158328649,196.0,1.1654669175146168,262.26119542814314,153.0,1.714125460314661,253.78195673549652,153.0,1.6587055995784088
E:\N9_20251512_PKM2.lif,N9_20251512_PKM2,154,pranlukast/5/R7,N9_20251512_PKM2_S155_pranlukast_5_R7,12,12340,6217,1504,6144,1,0,1504,0,6144,2,6,0,66.0,1.7030722213286151,138,262.5,7.0,45.0,65.0,3,3,0,20.33333333333333,1.1296542553191489,50,57.5,3.0,25.0,22.5,2,6,0,66.0,1.7233072916666667,138,262.5,7.0,45.0,65.0,109.2612192375744,108.0,1.0116779559034663,416.86103723404256,195.0,2.137748908892526,191.06900434293067,196.0,0.9748418588925034,217.0857326684896,153.0,1.4188609978332654,221.94732641660016,153.0,1.4506361203699356
E:\N9_20251512_PKM2.lif,N9_20251512_PKM2,154,pranlukast/5/R7,N9_20251512_PKM2_S155_pranlukast_5_R7,13,31348,11003,0,11003,1,0,0,455,11003,9,29,4,25.68421052631579,1.82395710260838,126,367.5,7.0,50.0,60.0,0,0,0,0.0,,0,0.0,0.0,,,9,29,4,25.68421052631579,1.82395710260838,126,367.5,7.0,50.0,60.0,114.217940561665,108.0,1.0575735237191204,210.89720985185855,195.0,1.0815241530864543,283.83870967741933,196.0,1.4481566820276497,250.7947832409343,153.0,1.6391815898100282,246.92942583732057,153.0,1.6139178159301997
E:\N9_20251512_PKM2.lif,N9_20251512_PKM2,154,pranlukast/5/R7,N9_20251512_PKM2_S155_pranlukast_5_R7,14,13443,9523,0,9523,1,0,0,0,9523,14,59,19,12.08108108108108,1.3656410794917568,87,272.5,15.0,65.0,40.0,0,0,0,0.0,,0,0.0,0.0,,,14,59,19,12.08108108108108,1.3656410794917568,87,272.5,15.0,65.0,40.0,117.41835556022262,108.0,1.0872069959279873,213.24855612727083,195.0,1.0935823391142094,207.3292029822535,196.0,1.0578020560319057,259.19668171794603,153.0,1.6940959589408238,241.77243031358884,153.0,1.580211962833914
E:\N9_20251512_PKM2.lif,N9_20251512_PKM2,154,pranlukast/5/R7,N9_20251512_PKM2_S155_pranlukast_5_R7,15,13656,9300,0,9300,1,0,0,706,9300,14,62,10,12.054054054054054,1.6206451612903223,132,307.5,6.0,55.0,62.5,0,0,0,0.0,,0,0.0,0.0,,,14,62,10,12.054054054054054,1.6206451612903223,132,307.5,6.0,55.0,62.5,111.1316129032258,108.0,1.0289964157706093,226.34774193548387,195.0,1.1607576509511994,271.6227810650888,196.0,1.385830515638208,254.8121505376344,153.0,1.6654388924028394,252.4159790702355,153.0,1.6497776409819311
E:\N9_20251512_PKM2.lif,N9_20251512_PKM2,154,pranlukast/5/R7,N9_20251512_PKM2_S155_pranlukast_5_R7,16,88179,35122,31432,16755,1,0,31432,0,16755,34,243,63,12.579617834394904,2.2562496440977164,336,847.5,11.0,150.0,166.796875,28,255,64,11.15625,1.8900801730720285,237,762.5,20.0,100.0,115.0,22,70,18,14.345454545454546,3.8168307967770816,336,497.5,7.0,265.0,192.7659574468085,110.66223449689652,108.0,1.0246503194157086,1065.0985937897683,195.0,5.46204407071676,210.59344570354764,196.0,1.074456355630345,259.85843630772735,153.0,1.6984211523380872,363.751425313569,153.0,2.3774602961671176
E:\N9_20251512_PKM2.lif,N9_20251512_PKM2,154,pranlukast/5/R7,N9_20251512_PKM2_S155_pranlukast_5_R7,17,20379,8849,0,8849,1,0,0,0,8849,7,36,11,18.13636363636364,1.5640185331675895,97,252.5,7.0,40.0,45.0,0,0,0,0.0,,0,0.0,0.0,,,7,36,11,18.13636363636364,1.5640185331675895,97,252.5,7.0,40.0,45.0,111.0575206237993,108.0,1.02831037614629,242.32365239010056,195.0,1.2426853968723106,217.1553847892417,196.0,1.1079356366798043,236.7642671488304,153.0,1.5474788702537934,230.6197819728796,153.0,1.5073188364240495
E:\N9_20251512_PKM2.lif,N9_20251512_PKM2,154,pranlukast/5/R7,N9_20251512_PKM2_S155_pranlukast_5_R7,18,8843,5050,0,5050,1,0,0,1278,5050,3,3,1,46.66666666666666,1.2255445544554455,89,182.5,7.0,80.0,42.5,0,0,0,0.0,,0,0.0,0.0,,,3,3,1,46.66666666666666,1.2255445544554455,89,182.5,7.0,80.0,42.5,111.0229702970297,108.0,1.027990465713238,208.2510891089109,195.0,1.06795430312262,238.31513903192584,196.0,1.2158935664894177,219.42871287128716,153.0,1.4341745939299813,210.5248366013072,153.0,1.3759793241915503
E:\N9_20251512_PKM2.lif,N9_20251512_PKM2,154,pranlukast/5/R7,N9_20251512_PKM2_S155_pranlukast_5_R7,19,32630,17524,10654,15477,1,0,10654,2339,15477,24,141,42,9.923913043478262,1.5600890207715137,137,407.5,8.0,70.0,65.0,8,84,27,10.358490566037736,1.1623803266378825,88,212.5,13.0,65.0,40.0,31,141,52,9.379310344827584,1.7334754797441363,136,572.5,14.0,80.0,65.0,116.68648710340103,108.0,1.0804304361426025,935.6003379012576,195.0,4.797950450775681,263.40581395348835,196.0,1.3439072140484098,393.63073499201096,153.0,2.572749901908568,498.9195278969957,153.0,3.260911947039188
E:\N9_20251512_PKM2.lif,N9_20251512_PKM2,154,pranlukast/5/R7,N9_20251512_PKM2_S155_pranlukast_5_R7,20,31290,15099,0,15099,1,0,0,0,15099,21,111,26,13.424242424242424,1.7562090204649314,168,420.0,8.0,70.0,80.0,0,0,0,0.0,,0,0.0,0.0,,,21,111,26,13.424242424242424,1.7562090204649314,168,420.0,8.0,70.0,80.0,108.6126233525399,108.0,1.0056724384494435,216.63666467978013,195.0,1.1109572547681033,197.7836280548381,196.0,1.0091001431369289,248.1789522484933,153.0,1.6220846552189103,251.99575461685416,153.0,1.6470310759271514
E:\N9_20251512_PKM2.lif,N9_20251512_PKM2,154,pranlukast/5/R7,N9_20251512_PKM2_S155_pranlukast_5_R7,21,34702,11264,5652,11154,1,0,5652,0,11154,21,49,10,12.902439024390244,1.8597301136363635,206,357.5,4.0,30.0,105.0,6,12,1,25.666666666666668,1.353326256192498,76,202.5,9.0,50.0,35.0,19,45,12,12.62162162162162,1.8780706473014168,206,362.5,4.0,30.0,105.0,114.8037109375,108.0,1.0629973234953705,467.9081740976645,195.0,2.399529097936741,200.6681463068182,196.0,1.0238170729939704,413.7867542613636,153.0,2.704488589943553,546.2632864996946,153.0,3.5703482777757816
E:\N9_20251512_PKM2.lif,N9_20251512_PKM2,154,pranlukast/5/R7,N9_20251512_PKM2_S155_pranlukast_5_R7,22,41611,15061,0,15061,1,0,0,12852,15061,8,18,5,26.066666666666663,1.2517761104840317,177,327.5,5.0,40.0,85.0,0,0,0,0.0,,0,0.0,0.0,,,8,18,5,26.066666666666663,1.2517761104840317,177,327.5,5.0,40.0,85.0,139.3435362857712,108.0,1.2902179285719555,213.65267910497312,195.0,1.0956547646408878,253.968741505844,196.0,1.295758885233898,305.9731093552885,153.0,1.9998242441522125,333.9683278993945,153.0,2.182799528754213
E:\N9_20251512_PKM2.lif,N9_20251512_PKM2,154,pranlukast/5/R7,N9_20251512_PKM2_S155_pranlukast_5_R7,23,58103,22268,21424,13901,2,13946,9608,118,13901,18,95,35,13.63934426229508,1.5877941440632295,147,527.5,14.0,90.0,70.0,19,102,38,13.742424242424242,1.645537714712472,147,557.5,14.0,90.0,70.0,9,33,8,22.217391304347824,1.407093014891015,143,292.5,7.0,85.0,67.5,307.1188871360964,108.0,2.8436933994083,697.1419650291424,195.0,3.5750870001494484,331.4888888888889,196.0,1.6912698412698413,289.48086940901743,153.0,1.8920318262027285,333.6656233698488,153.0,2.180821067776789
E:\N9_20251512_PKM2.lif,N9_20251512_PKM2,154,pranlukast/5/R7,N9_20251512_PKM2_S155_pranlukast_5_R7,24,15437,8926,854,8734,1,0,854,0,8734,12,46,21,12.090909090909092,1.269997759354694,90,207.5,13.0,55.0,42.5,3,3,0,10.0,1.0667447306791569,31,72.5,11.0,20.0,12.5,12,46,21,11.87878787878788,1.2520036638424548,91,202.5,11.0,55.0,42.5,115.0648666816043,108.0,1.0654154322370768,646.7353629976581,195.0,3.316591605116195,208.6078870714766,196.0,1.064325954446309,443.00806632310105,153.0,2.895477557667327,498.07538237436273,153.0,3.2553946560415863
E:\N9_20251512_PKM2.lif,N9_20251512_PKM2,154,pranlukast/5/R7,N9_20251512_PKM2_S155_pranlukast_5_R7,25,5152,3173,0,3173,0,0,0,527,3173,7,21,3,13.6875,1.442483454144343,59,242.5,14.0,30.0,27.5,0,0,0,0.0,,0,0.0,0.0,,,7,21,3,13.6875,1.442483454144343,59,242.5,14.0,30.0,27.5,131.133312322723,108.0,1.214197336321509,241.227860069335,195.0,1.237065949073513,267.1640091116173,196.0,1.3630816791409046,249.7576426095178,153.0,1.6324028928726653,,153.0,
E:\N9_20251512_PKM2.lif,N9_20251512_PKM2,156,pranlukast/5/R3,N9_20251512_PKM2_S157_pranlukast_5_R3,1,54930,34008,9259,32622,2,4819,4803,41261,32622,33,111,15,16.329113924050635,1.6334980004704776,305,742.5,7.0,170.0,150.0,20,61,12,11.44186046511628,1.9735392590992549,141,372.5,10.0,10.0,63.91304347826087,34,153,27,13.612244897959185,1.672920115259641,305,722.5,7.0,170.0,150.0,260.74102510894375,108.0,2.414268751008738,469.16052467207993,191.0,2.456337825508272,429.5450513939977,197.0,2.180431732964456,325.3828804987062,148.0,2.1985329763426096,347.76510067114094,148.0,2.3497641937239253
E:\N9_20251512_PKM2.lif,N9_20251512_PKM2,156,pranlukast/5/R3,N9_20251512_PKM2_S157_pranlukast_5_R3,3,98374,21263,4043,21263,1,4043,0,82360,21263,26,108,31,12.01388888888889,1.720124159337817,171,542.5,8.0,65.0,82.5,14,22,9,11.055555555555555,1.50408112787534,99,187.5,4.0,30.0,47.5,26,108,31,12.01388888888889,1.720124159337817,171,542.5,8.0,65.0,82.5,251.187979223349,108.0,2.3258146224384166,283.22884823402154,191.0,1.4828735509634636,607.3616747028215,197.0,3.0830541863087384,354.8270704980483,148.0,2.3974802060678937,425.41280193236713,148.0,2.8744108238673456
E:\N9_20251512_PKM2.lif,N9_20251512_PKM2,156,pranlukast/5/R3,N9_20251512_PKM2_S157_pranlukast_5_R3,4,34557,14135,6258,13596,1,0,6258,20944,13596,11,30,5,18.166666666666668,1.3025114962858153,153,317.5,7.0,105.0,72.5,7,23,10,11.0,1.3922978587408117,107,197.5,3.0,30.0,50.0,12,35,5,17.307692307692307,1.327081494557223,156,322.5,9.0,35.0,75.0,128.11517509727628,108.0,1.1862516212710768,480.872962607862,191.0,2.517659490093518,286.39827145250905,197.0,1.453798332246239,393.1953307392996,148.0,2.65672520769797,430.4651350261991,148.0,2.9085482096364803
E:\N9_20251512_PKM2.lif,N9_20251512_PKM2,156,pranlukast/5/R3,N9_20251512_PKM2_S157_pranlukast_5_R3,5,30660,7370,0,7370,1,0,0,7169,7370,6,12,2,29.55555555555556,1.410719131614654,132,212.5,4.0,75.0,62.5,0,0,0,0.0,,0,0.0,0.0,,,6,12,2,29.55555555555556,1.410719131614654,132,212.5,4.0,75.0,62.5,128.91424694708277,108.0,1.1936504346952108,239.96214382632292,191.0,1.2563463027556174,266.90967204002226,197.0,1.35487143167524,299.7393487109905,148.0,2.025265869668855,330.3864388092613,148.0,2.232340802765279
E:\N9_20251512_PKM2.lif,N9_20251512_PKM2,156,pranlukast/5/R3,N9_20251512_PKM2_S157_pranlukast_5_R3,6,34823,33602,26526,30106,2,26526,1909,29787,30106,9,31,4,35.73913043478261,1.1338015594309865,150,392.5,14.0,105.0,72.5,25,157,35,13.43877551020408,1.3620221669305588,141,517.5,19.0,80.0,67.5,18,53,14,22.94117647058824,1.2589184880090347,153,482.5,15.0,95.0,75.0,519.8328809469954,108.0,4.813267416175883,864.3190151911996,191.0,4.525230446027223,334.301503245644,197.0,1.6969619454093603,357.6646330575561,148.0,2.416652926064568,405.1102847814257,148.0,2.737231653928552
E:\N9_20251512_PKM2.lif,N9_20251512_PKM2,156,pranlukast/5/R3,N9_20251512_PKM2_S157_pranlukast_5_R3,7,89993,55804,51141,33198,2,0,51141,31133,33198,56,510,107,10.353896103896105,1.487922012758942,286,847.5,11.0,125.0,140.0,55,584,136,9.6189111747851,1.5998904988169962,279,807.5,10.0,185.0,137.5,33,138,23,15.31958762886598,1.6916982950780168,234,797.5,23.0,110.0,115.0,114.4528349222278,108.0,1.0597484715021093,462.4230851958311,191.0,2.421063273276603,343.73247377803574,197.0,1.7448348922742931,272.2027274030536,148.0,1.8392076175881995,327.98884192730344,148.0,2.2161408238331317
E:\N9_20251512_PKM2.lif,N9_20251512_PKM2,156,pranlukast/5/R3,N9_20251512_PKM2_S157_pranlukast_5_R3,8,46581,14082,12940,9109,1,0,12940,161,9109,26,54,17,13.354166666666666,1.8021587842635989,221,322.5,9.0,195.0,115.94594594594597,23,43,15,13.25,1.6761205564142194,239,275.0,4.0,205.0,126.5,13,49,12,12.909090909090908,2.409485124602042,217,267.5,6.0,195.0,120.3225806451613,116.2219855134214,108.0,1.0761294954946423,729.3989953632148,191.0,3.8188429076608106,246.5217391304348,197.0,1.2513793864489076,278.8468967476211,148.0,1.8841006537001423,287.38432736025675,148.0,1.9417859956774104
E:\N9_20251512_PKM2.lif,N9_20251512_PKM2,156,pranlukast/5/R3,N9_20251512_PKM2_S157_pranlukast_5_R3,9,45172,17633,13527,15507,1,207,13527,15273,15507,17,95,26,14.758064516129032,1.4903306300686214,172,437.5,12.0,80.0,82.5,32,164,36,8.884615384615385,1.465956974939011,115,387.5,11.0,75.0,55.0,11,43,9,20.375,1.57761011156252,173,457.5,10.0,65.0,85.0,202.0193236714976,108.0,1.870549293254607,459.07836179492864,191.0,2.403551632434181,383.0570760436515,197.0,1.9444521626581293,288.37962910451995,148.0,1.9485110074629728,332.1221264367816,148.0,2.2440684218701463
E:\N9_20251512_PKM2.lif,N9_20251512_PKM2,156,pranlukast/5/R3,N9_20251512_PKM2_S157_pranlukast_5_R3,10,24780,7963,0,7963,1,0,0,961,7963,10,45,23,10.96774193548387,1.4636443551425342,114,262.5,10.0,50.0,55.0,0,0,0,0.0,,0,0.0,0.0,,,10,45,23,10.96774193548387,1.4636443551425342,114,262.5,10.0,50.0,55.0,120.83875423835238,108.0,1.1188773540588184,241.2811754363933,191.0,1.263252227415672,267.3150326797386,197.0,1.3569290998971502,281.5104859977395,148.0,1.9020978783631048,303.2691391629806,148.0,2.0491158051552745
E:\N9_20251512_PKM2.lif,N9_20251512_PKM2,156,pranlukast/5/R3,N9_20251512_PKM2_S157_pranlukast_5_R3,11,43070,24185,5645,23654,3,0,5645,32540,23654,23,95,25,14.73134328358209,1.5161877196609468,159,562.5,11.0,100.0,77.5,7,25,7,13.866666666666667,1.525243578387954,99,192.5,10.0,45.0,47.5,22,92,25,14.738461538461538,1.5401200642597446,158,557.5,10.0,95.0,75.0,119.92073599338433,108.0,1.110377185123929,429.014880425155,191.0,2.246151206414424,396.8622182060306,197.0,2.014529026426551,382.9830886913376,148.0,2.587723572238768,395.0303145611365,148.0,2.669123747034706
E:\N9_20251512_PKM2.lif,N9_20251512_PKM2,156,pranlukast/5/R3,N9_20251512_PKM2_S157_pranlukast_5_R3,14,12353,7448,6021,5714,1,0,6021,0,5714,6,10,4,27.375,1.1616541353383458,81,227.5,14.0,40.0,37.5,6,10,4,19.0,1.044012622487959,58,207.5,33.0,45.0,27.5,4,12,2,23.125,1.3097654882744136,80,147.5,6.0,40.0,37.5,115.812432867884,108.0,1.0723373413692965,612.2456402590932,191.0,3.205474556330331,208.45233619763692,197.0,1.058133686282421,278.7576530612245,148.0,1.8834976558190848,328.8012916045703,148.0,2.221630348679529
E:\N9_20251512_PKM2.lif,N9_20251512_PKM2,156,pranlukast/5/R3,N9_20251512_PKM2_S157_pranlukast_5_R3,15,42909,15250,13519,6481,1,0,13519,0,6481,15,70,9,13.520833333333334,1.5644590163934426,141,452.5,9.0,70.0,67.5,15,82,10,11.450980392156865,1.4897551594052814,125,432.5,13.0,60.0,60.0,9,25,2,16.444444444444443,1.750192871470452,146,237.5,5.0,50.0,70.0,111.924131147541,108.0,1.0363345476624166,744.3049042088912,191.0,3.896884315229797,196.4055737704918,197.0,0.9969826079720396,244.53816393442625,148.0,1.6522848914488255,353.7126058325494,148.0,2.389950039409117
E:\N9_20251512_PKM2.lif,N9_20251512_PKM2,156,pranlukast/5/R3,N9_20251512_PKM2_S157_pranlukast_5_R3,16,10607,5151,0,5151,1,0,0,1525,5151,9,21,3,15.333333333333334,1.3362453892448067,95,197.5,5.0,80.0,45.0,0,0,0,0.0,,0,0.0,0.0,,,9,21,3,15.333333333333334,1.3362453892448067,95,197.5,5.0,80.0,45.0,115.92292758687634,108.0,1.0733604406192254,219.33158609978645,191.0,1.1483329115172063,310.68461538461537,197.0,1.5770792659117532,251.34148708988545,148.0,1.6982532911478747,238.34029850746268,148.0,1.6104074223477207
E:\N9_20251512_PKM2.lif,N9_20251512_PKM2,156,pranlukast/5/R3,N9_20251512_PKM2_S157_pranlukast_5_R3,18,14884,8773,0,8773,1,0,0,2763,8773,12,32,5,16.416666666666668,1.2970477601732588,93,202.5,8.0,55.0,45.0,0,0,0,0.0,,0,0.0,0.0,,,12,32,5,16.416666666666668,1.2970477601732588,93,202.5,8.0,55.0,45.0,119.55317451270945,108.0,1.106973838080643,231.2626239598769,191.0,1.2107990783239628,292.5412844036697,197.0,1.4849811391049226,417.4492191952582,148.0,2.820602832400393,452.18888888888887,148.0,3.0553303303303303
E:\N9_20251512_PKM2.lif,N9_20251512_PKM2,156,pranlukast/5/R3,N9_20251512_PKM2_S157_pranlukast_5_R3,19,42225,17646,0,17646,2,0,0,32297,17646,35,121,18,11.51219512195122,1.868525444860025,177,542.5,9.0,40.0,85.0,0,0,0,0.0,,0,0.0,0.0,,,35,121,18,11.51219512195122,1.868525444860025,177,542.5,9.0,40.0,85.0,131.5549132947977,108.0,1.2181010490259043,233.0789980732177,191.0,1.220308890435695,369.3288994052568,197.0,1.8747659868287143,305.04454267256034,148.0,2.061111774814597,309.1222522175087,148.0,2.0886638663345183
E:\N9_20251512_PKM2.lif,N9_20251512_PKM2,156,pranlukast/5/R3,N9_20251512_PKM2_S157_pranlukast_5_R3,20,100344,70525,38742,65996,5,34620,8095,73561,65996,35,137,39,20.44117647058824,1.2704856433888692,228,847.5,11.0,160.0,112.5,40,141,30,13.623853211009177,1.5759382582210522,210,827.5,12.0,125.0,102.5,25,105,38,24.426666666666662,1.2555306382204985,230,712.5,14.0,195.0,112.5,626.8524841132294,108.0,5.804189667715087,507.3951822112415,191.0,2.6565192785928877,425.8845998587143,197.0,2.1618507607041333,467.0198794753633,148.0,3.1555397261848874,532.8040232793522,148.0,3.600027184319948
E:\N9_20251512_PKM2.lif,N9_20251512_PKM2,156,pranlukast/5/R3,N9_20251512_PKM2_S157_pranlukast_5_R3,21,23097,9201,0,9201,2,0,0,3824,9201,11,53,19,10.275,1.2761656341701988,86,182.5,6.0,60.0,40.0,0,0,0,0.0,,0,0.0,0.0,,,11,53,19,10.275,1.2761656341701988,86,182.5,6.0,60.0,40.0,124.48179545701554,108.0,1.1526092171945883,235.7065536354744,191.0,1.23406572584018,266.35364906832297,197.0,1.3520489800422486,349.9677208999022,148.0,2.364646762837177,331.5794886047804,148.0,2.2404019500323
E:\N9_20251512_PKM2.lif,N9_20251512_PKM2,156,pranlukast/5/R3,N9_20251512_PKM2_S157_pranlukast_5_R3,22,56368,24780,24460,14349,1,24460,0,33223,14349,27,74,8,17.25,1.7897497982243744,199,587.5,10.0,85.0,97.5,23,78,12,17.016666666666666,1.8114472608340144,199,562.5,10.0,85.0,97.5,14,84,14,13.641509433962264,1.6055474249076591,129,382.5,8.0,45.0,62.5,538.3555600981193,108.0,4.984773704612216,210.7487086359968,191.0,1.1033963802931768,462.5828560427396,197.0,2.348136325090049,263.4958837772397,148.0,1.7803775930894576,313.9366998577525,148.0,2.121193917957787
E:\N9_20251512_PKM2.lif,N9_20251512_PKM2,156,pranlukast/5/R3,N9_20251512_PKM2_S157_pranlukast_5_R3,23,16484,7029,0,7029,1,0,0,10500,7029,14,55,10,9.971428571428572,1.5232607767819035,100,222.5,16.0,50.0,43.0,0,0,0,0.0,,0,0.0,0.0,,,14,55,10,9.971428571428572,1.5232607767819035,100,222.5,16.0,50.0,43.0,141.6776212832551,108.0,1.3118298266968065,200.7126191492389,191.0,1.0508514091583183,270.00262725779965,197.0,1.370571711968526,313.2549438042396,148.0,2.116587458136754,297.79168332666933,148.0,2.012105968423441
E:\N9_20251512_PKM2.lif,N9_20251512_PKM2,158,pranlukast/5/R1,N9_20251512_PKM2_S159_pranlukast_5_R1,1,4653,3504,3473,1415,1,0,3473,0,1415,1,8,1,16.8,1.0739155251141552,56,122.5,9.0,40.0,25.0,1,3,1,48.5,1.083501295709761,56,122.5,9.0,40.0,25.0,2,0,0,53.0,1.192226148409894,44,77.5,6.0,30.0,20.0,115.89440639269408,111.0,1.0440937512855322,466.6993953354449,253.0,1.8446616416420747,184.0408105022831,208.0,0.8848115889532842,165.48858447488584,168.0,0.9850510980647966,171.5079825834543,168.0,1.0208808487110377
E:\N9_20251512_PKM2.lif,N9_20251512_PKM2,158,pranlukast/5/R1,N9_20251512_PKM2_S159_pranlukast_5_R1,2,17200,14467,13349,8719,2,0,13349,9916,8719,6,37,16,15.692307692307692,1.1079007396142946,122,257.5,7.0,45.0,57.5,14,56,10,14.552631578947368,1.1847329387969137,128,272.5,6.0,60.0,60.0,11,21,2,21.5625,1.4386970982910885,111,307.5,7.0,45.0,52.5,117.92700629017764,111.0,1.0624054620736725,775.4903738107723,253.0,3.0651793431255823,288.27204630575415,208.0,1.3859232995468949,289.0488698417087,168.0,1.720528987153028,288.08114446529083,168.0,1.7147687170553023
E:\N9_20251512_PKM2.lif,N9_20251512_PKM2,158,pranlukast/5/R1,N9_20251512_PKM2_S159_pranlukast_5_R1,3,25583,12520,3199,12368,1,3199,0,22174,12368,13,73,15,14.340425531914894,1.522444089456869,116,357.5,8.0,65.0,55.0,19,67,25,5.8604651162790695,2.083150984682713,82,202.5,8.0,30.0,37.5,12,75,26,13.173076923076923,1.5411545924967658,115,417.5,10.0,65.0,55.0,228.45639262269455,111.0,2.058165699303555,295.8622204472844,253.0,1.1694158910959855,450.8878129634476,208.0,2.1677298700165752,255.62963258785945,168.0,1.5216049558801157,259.46738738738736,168.0,1.5444487344487343
E:\N9_20251512_PKM2.lif,N9_20251512_PKM2,158,pranlukast/5/R1,N9_20251512_PKM2_S159_pranlukast_5_R1,4,23578,20122,16130,16925,1,1332,15934,21731,16925,21,109,29,12.805970149253731,1.157986283669615,110,432.5,17.0,95.0,52.5,26,103,29,11.355263157894736,1.321264724116553,110,362.5,16.0,70.0,52.5,20,110,22,11.906666666666666,1.325612998522895,114,432.5,11.0,55.0,55.0,205.32657657657657,111.0,1.8497889781673564,799.6503702773942,253.0,3.1606734003059063,463.2040319965409,208.0,2.226942461521831,298.8407712950999,168.0,1.778814114851785,333.83938223938225,168.0,1.987139179996323
E:\N9_20251512_PKM2.lif,N9_20251512_PKM2,158,pranlukast/5/R1,N9_20251512_PKM2_S159_pranlukast_5_R1,5,8458,8458,8458,711,0,0,8458,1234,711,3,3,1,58.333333333333336,1.1935445731851502,84,167.5,6.0,50.0,40.0,3,3,1,58.333333333333336,1.1935445731851502,84,167.5,6.0,50.0,40.0,2,0,0,38.0,1.181434599156118,34,47.5,4.0,10.0,15.0,120.23516197682667,111.0,1.083199657448889,1865.7812721683613,253.0,7.374629534262297,339.37520259319285,208.0,1.6316115509288118,198.69449042326792,168.0,1.1827053001384995,,168.0,
E:\N9_20251512_PKM2.lif,N9_20251512_PKM2,158,pranlukast/5/R1,N9_20251512_PKM2_S159_pranlukast_5_R1,6,13125,10050,10009,7320,0,0,10009,11554,7320,8,18,3,18.9375,1.137213930348259,94,177.5,6.0,75.0,45.0,9,13,4,21.857142857142858,1.1415725846737936,94,187.5,6.0,75.0,45.0,10,39,8,11.5,1.301775956284153,83,142.5,5.0,65.0,37.5,126.28009950248756,111.0,1.1376585540764643,677.6781896293336,253.0,2.678569919483532,413.8717543463536,208.0,1.9897680497420844,252.5167164179105,168.0,1.5030756929637528,,168.0,
E:\N9_20251512_PKM2.lif,N9_20251512_PKM2,158,pranlukast/5/R1,N9_20251512_PKM2_S159_pranlukast_5_R1,7,16854,13947,13524,8506,1,0,13524,16464,8506,17,59,12,14.068181818181818,1.188571018857102,98,337.5,18.0,70.0,45.0,28,92,31,9.666666666666666,1.2221236320615203,99,332.5,14.0,55.0,47.5,11,37,5,15.148148148148149,1.41594168822008,92,237.5,8.0,50.0,42.5,137.49207714920772,111.0,1.238667361704574,1014.2139160011832,253.0,4.008750656131158,549.7451529671949,208.0,2.643005543111514,275.38710833871085,168.0,1.6392089782066122,300.65445430003854,168.0,1.789609847024039
E:\N9_20251512_PKM2.lif,N9_20251512_PKM2,158,pranlukast/5/R1,N9_20251512_PKM2_S159_pranlukast_5_R1,8,14016,12186,11512,7307,0,0,11512,11511,7307,8,49,11,13.235294117647058,1.1408993927457738,95,202.5,6.0,65.0,45.0,14,65,14,11.95744680851064,1.152970813064628,97,237.5,7.0,50.0,45.0,11,53,17,12.75,1.6941289174763925,93,312.5,9.0,55.0,42.5,126.15091088133924,111.0,1.136494692624678,711.9811501042391,253.0,2.814154743495016,340.4823988298391,208.0,1.6369346097588418,233.41974396848843,168.0,1.3894032379076693,,168.0,
E:\N9_20251512_PKM2.lif,N9_20251512_PKM2,158,pranlukast/5/R1,N9_20251512_PKM2_S159_pranlukast_5_R1,9,25914,13214,13206,5522,1,0,13206,2501,5522,32,135,35,9.686046511627907,1.3869380959588316,119,377.5,11.0,90.0,57.5,32,133,35,9.709302325581396,1.3877782825988187,119,377.5,11.0,90.0,57.5,3,3,1,35.0,1.0548714233973198,64,102.5,4.0,35.0,30.0,112.1169214469502,111.0,1.0100623553779298,666.6860517946388,253.0,2.6351227343661616,269.43104141535986,208.0,1.2953415452661532,230.0298168609051,168.0,1.3692251003625304,285.088575560376,168.0,1.696955806907
E:\N9_20251512_PKM2.lif,N9_20251512_PKM2,158,pranlukast/5/R1,N9_20251512_PKM2_S159_pranlukast_5_R1,10,29807,17214,3819,15875,3,0,3819,28101,15875,25,83,17,13.571428571428571,1.742999883815499,130,607.5,9.0,100.0,62.5,6,12,2,16.333333333333332,2.824823252160251,168,157.5,4.0,25.0,94.47368421052632,25,87,23,12.970149253731345,1.8873700787401573,133,592.5,11.0,30.0,62.5,139.32868595329384,111.0,1.255213386966611,396.4951557999476,253.0,1.567174528853548,485.17565749235473,208.0,2.332575276405552,260.5709887301034,168.0,1.5510177900601394,263.3222585642968,168.0,1.567394396216052
E:\N9_20251512_PKM2.lif,N9_20251512_PKM2,158,pranlukast/5/R1,N9_20251512_PKM2_S159_pranlukast_5_R1,12,38722,30033,20842,27229,3,16331,17208,36986,27229,25,88,26,16.53846153846154,1.312855858555589,174,532.5,11.0,100.0,85.0,29,119,47,11.244444444444444,1.5296036848670953,158,442.5,9.0,95.0,77.5,30,71,22,17.19672131147541,1.408938998861508,168,502.5,11.0,110.0,82.5,444.8153205559978,111.0,4.007345230234215,498.8971989772199,253.0,1.9719256876569955,865.3857137881796,208.0,4.160508239366248,404.3169513535111,168.0,2.406648519961376,367.8162313432836,168.0,2.189382329424307
E:\N9_20251512_PKM2.lif,N9_20251512_PKM2,158,pranlukast/5/R1,N9_20251512_PKM2_S159_pranlukast_5_R1,13,27862,20219,11700,15590,1,0,11700,24704,15590,20,160,31,11.463157894736842,1.3251891784954746,129,427.5,8.0,90.0,62.5,34,125,40,8.83695652173913,1.5875213675213675,130,452.5,13.0,85.0,62.5,22,150,32,9.846153846153848,1.712508017960231,135,472.5,12.0,100.0,65.0,132.2964538305554,111.0,1.191859944419418,562.5894871794872,253.0,2.2236738623695143,400.7191157347204,208.0,1.9265342102630787,257.59805133785056,168.0,1.5333217341538723,280.4555013143072,168.0,1.6693779840137333
E:\N9_20251512_PKM2.lif,N9_20251512_PKM2,158,pranlukast/5/R1,N9_20251512_PKM2_S159_pranlukast_5_R1,14,51409,45076,32922,37583,4,0,32922,34854,37583,41,205,51,12.513513513513514,1.2063847723844174,229,762.5,14.0,140.0,112.5,86,332,93,8.123348017621145,1.5432233764655854,221,872.5,14.0,115.0,107.5,33,162,40,13.92436974789916,1.4458664821860947,235,822.5,11.0,135.0,115.0,123.35311473955096,111.0,1.1112893219779367,610.7227689690784,253.0,2.413923988020073,289.55298822483894,208.0,1.3920816741578794,347.181138521608,168.0,2.066554395961952,430.6017171894165,168.0,2.5631054594608123
E:\N9_20251512_PKM2.lif,N9_20251512_PKM2,158,pranlukast/5/R1,N9_20251512_PKM2_S159_pranlukast_5_R1,15,7736,5735,0,5735,0,0,0,7127,5735,5,47,6,11.91304347826087,1.29590235396687,69,147.5,5.0,50.0,32.5,0,0,0,0.0,,0,0.0,0.0,,,5,47,6,11.91304347826087,1.29590235396687,69,147.5,5.0,50.0,32.5,143.4217959895379,111.0,1.2920882521579993,332.4087183958152,253.0,1.3138684521573722,327.6645546030563,208.0,1.5753103586685395,252.2406277244987,168.0,1.501432307883921,,168.0,
E:\N9_20251512_PKM2.lif,N9_20251512_PKM2,158,pranlukast/5/R1,N9_20251512_PKM2_S159_pranlukast_5_R1,17,15678,15098,14989,10581,1,10941,13997,15337,10581,7,29,11,16.61904761904762,1.0466949264803285,116,252.5,6.0,70.0,55.0,7,29,13,16.636363636363637,1.048502234972313,114,217.5,5.0,80.0,55.0,14,39,8,12.67741935483871,1.2145354881391173,116,252.5,7.0,50.0,55.0,479.8302714559912,111.0,4.322795238342263,1013.0570836607844,253.0,4.004178196287685,728.7267005076142,208.0,3.503493752440453,317.94191283613725,168.0,1.8925113859293885,428.7089201877934,168.0,2.551838810641628
E:\N9_20251512_PKM2.lif,N9_20251512_PKM2,158,pranlukast/5/R1,N9_20251512_PKM2_S159_pranlukast_5_R1,18,86543,84753,84395,44760,3,37458,83904,80939,44760,19,67,12,28.666666666666668,1.0814484443028565,233,662.5,24.0,170.0,112.5,20,84,15,25.214285714285715,1.086035902600865,234,602.5,15.0,165.0,115.0,30,152,42,14.931372549019608,1.4053395889186775,206,742.5,16.0,110.0,100.0,648.1878370441561,111.0,5.839530063460866,3966.411112700229,253.0,15.677514279447545,439.2373693434706,208.0,2.1117181218436087,301.8298821280663,168.0,1.79660644123849,428.85139259824496,168.0,2.552686860703839
E:\N9_20251512_PKM2.lif,N9_20251512_PKM2,158,pranlukast/5/R1,N9_20251512_PKM2_S159_pranlukast_5_R1,20,22849,18612,18260,10427,1,0,18260,17084,10427,20,85,20,14.63157894736842,1.2389856006877284,137,362.5,8.0,90.0,65.0,29,119,27,12.49367088607595,1.2621029572836802,136,387.5,8.0,95.0,65.0,15,66,15,9.576923076923077,1.5353409417857486,96,272.5,9.0,55.0,45.0,130.21233612722975,111.0,1.173084109254322,768.5377327491785,253.0,3.037698548415725,361.4103428489456,208.0,1.7375497252353154,281.1082097571459,168.0,1.673263153316345,377.5593517301796,168.0,2.247377093632021
E:\N9_20251512_PKM2.lif,N9_20251512_PKM2,158,pranlukast/5/R1,N9_20251512_PKM2_S159_pranlukast_5_R1,21,19757,19577,19527,13276,1,0,19527,12791,13276,3,31,9,20.894736842105264,1.019052970322317,108,197.5,6.0,70.0,52.5,4,51,12,16.65625,1.0213550468581964,108,197.5,6.0,70.0,52.5,14,45,13,16.785714285714285,1.3483730039168424,116,272.5,10.0,60.0,55.0,128.14246309444758,111.0,1.1544366044544827,1167.3279561632612,253.0,4.613944490763879,293.24703944788644,208.0,1.4098415358071463,334.41135005363435,168.0,1.990543750319252,502.1565080613449,168.0,2.9890268336984813
E:\N9_20251512_PKM2.lif,N9_20251512_PKM2,158,pranlukast/5/R1,N9_20251512_PKM2_S159_pranlukast_5_R1,22,34093,33229,33218,21439,1,16788,33029,33611,21439,14,54,20,23.33333333333333,1.063107526558127,133,437.5,12.0,85.0,62.5,15,53,12,23.676470588235293,1.0634595701125895,133,442.5,12.0,85.0,62.5,28,95,25,13.246153846153844,1.395494192826158,124,542.5,14.0,80.0,60.0,353.4766499880867,111.0,3.184474324216997,820.3823912319477,253.0,3.2426181471618487,594.7442819189544,208.0,2.859347509225742,313.7258719792952,168.0,1.867415904638662,410.69386958219445,168.0,2.444606366560681
E:\N9_20251512_PKM2.lif,N9_20251512_PKM2,158,pranlukast/5/R1,N9_20251512_PKM2_S159_pranlukast_5_R1,23,16209,13605,12617,7571,1,0,12617,12540,7571,16,95,23,11.287878787878787,1.199191473722896,98,267.5,9.0,75.0,45.0,17,104,31,10.32857142857143,1.2930966156772608,99,367.5,11.0,80.0,47.5,16,64,12,9.425531914893616,1.4445912032756572,85,247.5,9.0,45.0,40.0,125.7268651231165,111.0,1.132674460568617,551.5030514385353,253.0,2.17985395825508,297.98519147330694,208.0,1.432621112852437,231.38816611539875,168.0,1.3773105125916592,249.61358984854687,168.0,1.485795177669922
E:\N9_20251512_PKM2.lif,N9_20251512_PKM2,158,pranlukast/5/R1,N9_20251512_PKM2_S159_pranlukast_5_R1,24,30784,19803,15663,11630,1,0,15663,17077,11630,32,147,36,10.840425531914894,1.4653335353229309,151,532.5,11.0,75.0,72.5,42,184,44,7.387096774193548,1.5073102215412115,135,547.5,9.0,55.0,65.0,11,59,17,12.7,1.3749785038693034,122,267.5,5.0,55.0,57.5,118.51875978387112,111.0,1.0677365746294696,483.6382557619869,253.0,1.911613659138288,388.8496766299598,208.0,1.869469599182499,238.04256930768065,168.0,1.416920055402861,273.87271423449266,168.0,1.6301947275862658
E:\N9_20251512_PKM2.lif,N9_20251512_PKM2,158,pranlukast/5/R1,N9_20251512_PKM2_S159_pranlukast_5_R1,25,12251,10225,10213,6900,1,0,10213,7441,6900,9,25,3,16.352941176470587,1.1480684596577018,80,217.5,10.0,50.0,37.5,9,25,3,16.352941176470587,1.1480466072652502,80,217.5,10.0,50.0,37.5,8,34,15,12.4,1.3108695652173914,80,182.5,6.0,60.0,37.5,122.13163814180928,111.0,1.1002850283045882,808.952315676099,253.0,3.1974399829094824,288.55825589706933,208.0,1.3872993071974489,292.9320293398533,168.0,1.7436430317848408,316.74310051107324,168.0,1.8853755982801976
E:\N9_20251512_PKM2.lif,N9_20251512_PKM2,158,pranlukast/5/R1,N9_20251512_PKM2_S159_pranlukast_5_R1,26,9415,9370,9370,0,0,0,9370,6421,0,3,15,4,19.214285714285715,1.0310565635005335,77,177.5,11.0,60.0,35.0,3,15,4,19.214285714285715,1.0310565635005335,77,177.5,11.0,60.0,35.0,0,0,0,0.0,,0,0.0,0.0,,,116.82347918890076,111.0,1.0524637764765834,1199.2137673425827,253.0,4.739975364990445,377.51019447929735,208.0,1.814952858073545,206.83970117395944,168.0,1.2311886974640442,,168.0,
E:\N9_20251512_PKM2.lif,N9_20251512_PKM2,158,pranlukast/5/R1,N9_20251512_PKM2_S159_pranlukast_5_R1,27,15743,15588,15588,6511,1,0,15588,5450,6511,5,9,1,35.42857142857143,1.0888503977418529,101,197.5,8.0,90.0,47.5,5,9,1,35.42857142857143,1.0888503977418529,101,197.5,8.0,90.0,47.5,14,49,9,8.91891891891892,1.4197511902933495,88,272.5,12.0,45.0,40.0,119.54445727482678,111.0,1.0769770925660072,829.3345522196562,253.0,3.278002182686388,285.3873394495413,208.0,1.3720545165843332,239.75506800102644,168.0,1.4271135000061097,275.9716394716395,168.0,1.6426883301883304
E:\N9_20251512_PKM2.lif,N9_20251512_PKM2,158,pranlukast/5/R1,N9_20251512_PKM2_S159_pranlukast_5_R1,28,35765,30363,29435,18593,2,9855,29121,29835,18593,26,96,32,15.181818181818182,1.26805651615453,146,512.5,11.0,85.0,70.0,34,101,29,12.19277108433735,1.3046373365041617,145,517.5,11.0,85.0,70.0,25,88,35,12.044117647058824,1.414994890550207,125,462.5,11.0,70.0,60.0,296.1220700152207,111.0,2.66776639653352,883.1785309570413,253.0,3.490824233031784,533.0731124432923,208.0,2.562851502131213,297.8930606330073,168.0,1.7731729799583766,326.3008383233533,168.0,1.9422668947818649
E:\N9_20251512_PKM2.lif,N9_20251512_PKM2,158,pranlukast/5/R1,N9_20251512_PKM2_S159_pranlukast_5_R1,29,17708,14829,13176,9788,1,0,13176,7506,9788,15,42,6,14.87878787878788,1.1851102569289904,99,282.5,8.0,50.0,47.5,26,71,17,11.09433962264151,1.3044930176077718,100,367.5,11.0,45.0,47.5,10,16,7,19.0,1.328769922353903,96,242.5,6.0,55.0,45.0,119.48755816305886,111.0,1.0764644879554852,673.1114905889496,253.0,2.660519725648022,289.3147208121827,208.0,1.3909361577508783,319.37763841122126,168.0,1.9010573714953647,371.7754820936639,168.0,2.212949298176571
E:\N9_20251512_PKM2.lif,N9_20251512_PKM2,158,pranlukast/5/R1,N9_20251512_PKM2_S159_pranlukast_5_R1,30,29187,21110,16349,13815,2,0,16349,20002,13815,21,112,16,14.985507246376812,1.220416864045476,129,442.5,14.0,80.0,62.5,42,166,37,9.193277310924367,1.368095908006606,116,522.5,11.0,15.0,55.0,16,47,15,16.194444444444443,1.5425986246833152,115,377.5,7.0,60.0,55.0,125.0155850307911,111.0,1.1262665318089289,511.9609150406753,253.0,2.023560929014527,311.4685905946475,208.0,1.4974451470896513,278.850544765514,168.0,1.6598246712232974,297.394772420009,168.0,1.77020697869053
E:\N9_20251512_PKM2.lif,N9_20251512_PKM2,158,pranlukast/5/R1,N9_20251512_PKM2_S159_pranlukast_5_R1,31,45226,40988,37695,31624,4,0,37695,43078,31624,28,97,27,20.492957746478872,1.2479994144627695,179,592.5,10.0,100.0,87.5,51,254,61,11.352201257861635,1.2636423928903038,187,642.5,12.0,80.0,90.0,36,102,15,16.16216216216216,1.5330761447002277,176,707.5,14.0,95.0,85.0,130.9248560554309,111.0,1.1795032077065843,740.4500331608966,253.0,2.9266799729679707,435.5213400524502,208.0,2.093852596406011,320.5090026349175,168.0,1.9077916823506995,381.6505774355937,168.0,2.27172962759282
E:\N9_20251512_PKM2.lif,N9_20251512_PKM2,158,pranlukast/5/R1,N9_20251512_PKM2_S159_pranlukast_5_R1,32,2999,2999,2999,0,0,0,2999,0,0,2,0,0,7.0,1.0190063354451484,44,47.5,3.0,35.0,20.0,2,0,0,7.0,1.0190063354451484,44,47.5,3.0,35.0,20.0,0,0,0,0.0,,0,0.0,0.0,,,116.52150716905636,111.0,1.0497433078293366,1450.5445148382794,253.0,5.733377529005057,214.94764921640547,208.0,1.033402159694257,218.54851617205736,168.0,1.3008840248336748,,168.0,
E:\N9_20251512_PKM2.lif,N9_20251512_PKM2,158,pranlukast/5/R1,N9_20251512_PKM2_S159_pranlukast_5_R1,33,21091,19207,19201,7101,2,0,19201,6379,7101,15,72,12,14.333333333333334,1.1579111782162752,120,327.5,12.0,90.0,57.5,15,76,13,13.849056603773583,1.1582730066142388,120,327.5,12.0,90.0,57.5,15,27,11,14.608695652173912,2.0905506266723,104,292.5,7.0,75.0,50.0,117.71177174988286,111.0,1.0604664121611067,819.565543461278,253.0,3.239389499846949,270.1981657386178,208.0,1.299029642974124,210.98740042692768,168.0,1.2558773834936172,234.9536571747627,168.0,1.3985336736593017
E:\N9_20251512_PKM2.lif,N9_20251512_PKM2,158,pranlukast/5/R1,N9_20251512_PKM2_S159_pranlukast_5_R1,34,24986,20752,20653,10385,2,0,20653,0,10385,15,47,7,18.24242424242424,1.1262528912875869,114,327.5,11.0,75.0,55.0,13,41,6,18.517241379310345,1.1228877160703046,113,357.5,13.0,80.0,55.0,20,58,17,11.975609756097562,1.3061145883485796,101,317.5,11.0,50.0,47.5,118.22715882806476,111.0,1.0651095389915743,1021.8434609984022,253.0,4.038906960467993,216.03956245181183,208.0,1.0386517425567878,269.4052139552814,168.0,1.603602464019532,338.6051482417835,168.0,2.015506834772521
E:\N9_20251512_PKM2.lif,N9_20251512_PKM2,160,pranlukast/5/R4,N9_20251512_PKM2_S161_pranlukast_5_R4,1,17684,15829,13128,12475,0,0,13128,767,12475,10,56,16,16.433333333333334,1.0821909154084275,95,182.5,9.0,70.0,45.0,16,92,14,10.339285714285714,1.2113040828762949,97,287.5,14.0,70.0,45.0,10,48,19,13.483870967741936,1.1874949899799598,102,287.5,12.0,80.0,47.5,119.97934171457452,113.0,1.061764085969686,875.3573278488726,204.0,4.290967293376826,249.62857142857143,198.0,1.2607503607503607,376.1897150799166,162.0,2.3221587350612136,,162.0,
E:\N9_20251512_PKM2.lif,N9_20251512_PKM2,160,pranlukast/5/R4,N9_20251512_PKM2_S161_pranlukast_5_R4,3,76486,47605,43055,32602,4,35013,24842,66743,32602,40,206,40,16.30708661417323,1.4819241676294508,226,937.5,12.0,125.0,110.0,42,175,36,15.709401709401709,1.4889327604227152,195,877.5,11.0,140.0,95.0,33,202,59,11.676923076923076,1.7644623029262008,228,877.5,15.0,105.0,112.5,332.891754491189,113.0,2.9459447300105217,848.2274374043958,204.0,4.157977634335274,448.8580422464885,198.0,2.2669598093256997,291.5677554878689,162.0,1.79980095980166,386.0447423240648,162.0,2.3829922365683016
E:\N9_20251512_PKM2.lif,N9_20251512_PKM2,160,pranlukast/5/R4,N9_20251512_PKM2_S161_pranlukast_5_R4,4,14750,12093,10869,7534,1,0,10869,14,7534,12,47,9,13.193548387096774,1.1722484081700155,89,207.5,7.0,65.0,42.5,17,61,17,10.159090909090908,1.2224675683135524,92,242.5,15.0,60.0,42.5,19,34,6,12.423076923076923,1.4494292540483142,90,287.5,20.0,65.0,42.5,116.75539568345324,113.0,1.0332335901190552,874.0649553776797,204.0,4.284632134204312,389.2857142857143,198.0,1.966089466089466,274.81890349789137,162.0,1.696412984554885,246.5027985074627,162.0,1.5216222130090291
E:\N9_20251512_PKM2.lif,N9_20251512_PKM2,160,pranlukast/5/R4,N9_20251512_PKM2_S161_pranlukast_5_R4,5,55484,35678,25966,30424,2,0,25966,19903,30424,37,123,32,15.0,1.825662873479455,243,787.5,10.0,155.0,117.5,31,115,26,12.047619047619047,1.7706616344450434,230,617.5,10.0,95.0,112.5,31,114,25,15.487179487179487,2.10514725216934,240,817.5,11.0,160.0,117.5,126.1207747071024,113.0,1.1161130505053312,607.5858430254949,204.0,2.978361975615171,300.61709175223586,198.0,1.518268140162807,334.2460059420372,162.0,2.0632469502594883,323.2857426135237,162.0,1.995591003787184
E:\N9_20251512_PKM2.lif,N9_20251512_PKM2,160,pranlukast/5/R4,N9_20251512_PKM2_S161_pranlukast_5_R4,6,98871,65623,54708,45306,2,53181,16218,59906,45306,59,293,47,15.766304347826088,1.8033006720204807,445,1507.5,9.0,330.0,220.0,44,203,26,17.76865671641791,1.933629450902976,272,1367.5,15.0,180.0,132.5,65,281,64,12.507772020725389,2.4661413499315765,438,1457.5,11.0,125.0,235.72368421052636,428.83999924785167,113.0,3.795044241131431,682.9563448020717,204.0,3.3478252196179987,332.5464425974975,198.0,1.679527487866149,284.1384270758728,162.0,1.7539409078757582,372.9822485207101,162.0,2.302359558769816
E:\N9_20251512_PKM2.lif,N9_20251512_PKM2,160,pranlukast/5/R4,N9_20251512_PKM2_S161_pranlukast_5_R4,7,46361,21630,11566,13981,1,0,11566,24671,13981,12,70,11,20.82926829268293,1.5955617198335643,198,545.0,13.0,70.0,95.0,11,55,10,13.181818181818182,1.556717966453398,136,342.5,10.0,40.0,65.0,12,46,8,20.61290322580645,1.669265431657249,166,397.5,7.0,95.0,80.0,138.98617660656495,113.0,1.2299661646598667,584.1838146290853,204.0,2.863646150142575,290.8564610093353,198.0,1.4689720252996732,239.15857605177996,162.0,1.4762875064924688,265.9961962723469,162.0,1.6419518288416477
E:\N9_20251512_PKM2.lif,N9_20251512_PKM2,160,pranlukast/5/R4,N9_20251512_PKM2_S161_pranlukast_5_R4,8,40485,14159,0,14159,0,0,0,29373,14159,19,55,5,18.60975609756097,2.2868846669962566,205,682.5,11.0,50.0,100.0,0,0,0,0.0,,0,0.0,0.0,,,19,55,5,18.60975609756097,2.2868846669962566,205,682.5,11.0,50.0,100.0,197.2075711561551,113.0,1.7451997447447354,236.1039621442192,204.0,1.157372363452055,384.8356006265974,198.0,1.943614144578775,249.62433787696872,162.0,1.5408909745491897,,162.0,
E:\N9_20251512_PKM2.lif,N9_20251512_PKM2,160,pranlukast/5/R4,N9_20251512_PKM2_S161_pranlukast_5_R4,9,8809,8486,6124,8485,0,0,6124,26,8485,4,6,1,18.8,1.035234503888758,67,152.5,13.0,55.0,30.0,11,43,13,10.966666666666669,1.1085891574134552,65,172.5,17.0,45.0,30.0,4,6,1,18.8,1.0353565114908665,67,152.5,13.0,55.0,30.0,126.01284468536412,113.0,1.115157917569594,572.9923252775964,204.0,2.808785908223512,225.2692307692308,198.0,1.1377233877233877,490.2749234032525,162.0,3.02638841606946,,162.0,
E:\N9_20251512_PKM2.lif,N9_20251512_PKM2,160,pranlukast/5/R4,N9_20251512_PKM2_S161_pranlukast_5_R4,10,34799,27718,23313,24168,2,0,23313,27260,24168,24,82,17,17.1,1.382134353127931,153,557.5,14.0,105.0,72.5,26,64,11,17.18,1.4749710461974006,157,447.5,9.0,85.0,75.0,24,84,25,15.9,1.5400115855676928,146,522.5,11.0,105.0,70.0,128.97968828919835,113.0,1.1414131707008703,732.7083601424098,204.0,3.5917076477569108,333.2807135795812,198.0,1.6832359271696018,346.2158885922505,162.0,2.1371351147669784,372.64079706345046,162.0,2.300251833725003
E:\N9_20251512_PKM2.lif,N9_20251512_PKM2,160,pranlukast/5/R4,N9_20251512_PKM2_S161_pranlukast_5_R4,11,21376,19259,9072,18867,1,1118,8298,17025,18867,15,35,8,17.11111111111111,1.1249805285840386,113,332.5,17.0,90.0,52.5,34,103,39,8.486486486486486,1.7221119929453264,97,342.5,10.0,50.0,45.0,16,32,17,17.2,1.1479302485821803,116,312.5,10.0,90.0,55.0,247.2602862254025,113.0,2.1881441258885177,522.525909857797,204.0,2.56140151891077,272.7063821869379,198.0,1.3773049605400904,503.1093514720391,162.0,3.1056132806915997,728.4662921348314,162.0,4.4967055070051325
E:\N9_20251512_PKM2.lif,N9_20251512_PKM2,160,pranlukast/5/R4,N9_20251512_PKM2_S161_pranlukast_5_R4,12,3729,3050,0,3050,0,0,0,0,3050,9,40,21,6.296296296296297,1.137377049180328,50,117.5,8.0,35.0,22.5,0,0,0,0.0,,0,0.0,0.0,,,9,40,21,6.296296296296297,1.137377049180328,50,117.5,8.0,35.0,22.5,155.46196721311475,113.0,1.3757696213549977,308.0672131147541,204.0,1.5101333976213436,301.4118032786885,198.0,1.522281834740851,311.8432786885246,162.0,1.9249585104229916,,162.0,
E:\N9_20251512_PKM2.lif,N9_20251512_PKM2,160,pranlukast/5/R4,N9_20251512_PKM2_S161_pranlukast_5_R4,13,7597,3717,3290,3327,0,3290,0,6810,3327,3,5,0,30.166666666666668,1.202851762173796,60,97.5,5.0,35.0,27.5,4,30,7,11.058823529411764,1.213677811550152,55,110.0,7.0,40.0,25.0,3,7,2,30.666666666666668,1.259693417493237,61,137.5,8.0,40.0,27.5,248.17841945288757,113.0,2.19626919869812,370.8523002421308,204.0,1.8179034325594643,434.79566563467495,198.0,2.195937705225631,241.9198278181329,162.0,1.493332270482302,,162.0,
E:\N9_20251512_PKM2.lif,N9_20251512_PKM2,160,pranlukast/5/R4,N9_20251512_PKM2_S161_pranlukast_5_R4,14,75031,43138,33980,31026,1,30208,6908,35496,31026,45,252,66,13.625766871165643,1.5878112105336362,190,1037.5,16.0,115.0,92.5,32,202,54,12.992592592592592,1.6124484991171275,177,837.5,14.0,115.0,85.0,55,200,56,12.013245033112582,2.062044736672468,194,1147.5,15.0,85.0,95.0,381.7148106461864,113.0,3.3780071738600568,388.6596699478865,204.0,1.9051944605288555,317.960466256743,198.0,1.6058609406906212,276.21709397746764,162.0,1.7050437899843682,356.8015509340853,162.0,2.2024787094696623
E:\N9_20251512_PKM2.lif,N9_20251512_PKM2,160,pranlukast/5/R4,N9_20251512_PKM2_S161_pranlukast_5_R4,15,9685,8662,0,8662,1,0,0,4799,8662,8,15,1,13.714285714285714,1.123066266451166,88,162.5,6.0,55.0,40.0,0,0,0,0.0,,0,0.0,0.0,,,8,15,1,13.714285714285714,1.123066266451166,88,162.5,6.0,55.0,40.0,126.70491803278688,113.0,1.1212824604671403,262.68760101593165,204.0,1.2876843187055471,265.9114855244424,198.0,1.3429873006284967,488.6252597552528,162.0,3.0162053071311905,581.889007470651,162.0,3.591907453522537
E:\N9_20251512_PKM2.lif,N9_20251512_PKM2,160,pranlukast/5/R4,N9_20251512_PKM2_S161_pranlukast_5_R4,16,47999,28870,14715,28502,1,0,14715,7920,28502,28,109,12,15.4,1.9129892622099065,282,672.5,8.0,150.0,137.5,18,143,34,10.975,2.196398233095481,245,477.5,5.0,80.0,120.0,32,122,23,14.172413793103448,1.9376885832573152,282,672.5,7.0,145.0,137.5,122.3071354347073,113.0,1.08236403039564,413.5450220863065,204.0,2.027181480815228,279.3077620602104,198.0,1.4106452629303554,353.0988569449255,162.0,2.179622573734108,619.7616626133098,162.0,3.8256892753908014
E:\N9_20251512_PKM2.lif,N9_20251512_PKM2,160,pranlukast/5/R4,N9_20251512_PKM2_S161_pranlukast_5_R4,17,8710,7852,3639,6671,1,3639,0,7520,6671,8,28,6,12.2,1.1267193071828834,94,187.5,8.0,45.0,45.0,8,12,0,16.181818181818183,1.8744160483649357,84,202.5,8.0,45.0,40.0,8,33,13,9.0,1.2212561834807376,81,182.5,7.0,50.0,37.5,264.5776312173674,113.0,2.3413949665253755,248.3702241467142,204.0,1.217501098758403,266.3674069716135,198.0,1.345289934200068,313.2322975038207,162.0,1.9335327006408685,317.6025641025641,162.0,1.9605096549540992
E:\N9_20251512_PKM2.lif,N9_20251512_PKM2,160,pranlukast/5/R4,N9_20251512_PKM2_S161_pranlukast_5_R4,18,118444,73333,49771,50778,3,49458,10316,99823,50778,61,335,96,15.383928571428571,1.9286133118786903,290,1972.5,19.0,150.0,142.5,54,252,68,14.195266272189349,2.3704365996262884,308,1567.5,20.0,135.0,150.0,64,291,70,14.239795918367347,2.752609397770688,286,1827.5,15.0,160.0,140.0,407.3363864288892,113.0,3.604746782556541,436.9554090732842,204.0,2.141938279771001,416.343454907058,198.0,2.102744721752818,262.4892749512498,162.0,1.6203041663657396,297.56100263121454,162.0,1.8367963125383613
E:\N9_20251512_PKM2.lif,N9_20251512_PKM2,160,pranlukast/5/R4,N9_20251512_PKM2_S161_pranlukast_5_R4,19,34901,4280,0,4280,0,0,0,18597,4280,9,9,2,25.22222222222222,5.795560747663552,246,287.5,7.0,205.0,131.36363636363637,0,0,0,0.0,,0,0.0,0.0,,,9,9,2,25.22222222222222,5.795560747663552,246,287.5,7.0,205.0,131.36363636363637,276.1348130841121,113.0,2.44367091224878,234.32406542056077,204.0,1.1486473795125527,345.2914110429448,198.0,1.743896015368408,208.93014018691588,162.0,1.289692223376024,,162.0,
E:\N9_20251512_PKM2.lif,N9_20251512_PKM2,160,pranlukast/5/R4,N9_20251512_PKM2_S161_pranlukast_5_R4,20,44608,31640,30769,15218,1,512,30616,5093,15218,37,134,33,14.237113402061857,1.3049620733249052,167,637.5,21.0,95.0,80.0,37,157,34,12.73913043478261,1.307289804673535,156,637.5,25.0,95.0,75.0,24,63,30,12.267857142857142,2.127677750032856,183,487.5,13.0,65.0,84.6875,231.4609375,113.0,2.0483268805309733,952.0262281160178,204.0,4.666795235862833,266.74223946784923,198.0,1.3471830276154002,309.3798672566372,162.0,1.9097522670162788,565.3002428658166,162.0,3.489507672011213
E:\N9_20251512_PKM2.lif,N9_20251512_PKM2,160,pranlukast/5/R4,N9_20251512_PKM2_S161_pranlukast_5_R4,21,33304,28877,26253,26212,4,373,25880,15261,26212,19,43,6,19.789473684210527,1.143539841396267,128,422.5,23.0,100.0,60.0,42,100,22,13.756410256410255,1.1947586942444672,125,502.5,20.0,85.0,60.0,10,18,4,39.05882352941177,1.216580192278346,130,362.5,12.0,90.0,62.5,237.42091152815013,113.0,2.101070013523453,986.9766615146832,204.0,4.8381208897778585,326.4426530144418,198.0,1.6487002677497062,415.9602798074592,162.0,2.567656048194193,466.5040141896938,162.0,2.879654408578357
E:\N9_20251512_PKM2.lif,N9_20251512_PKM2,160,pranlukast/5/R4,N9_20251512_PKM2_S161_pranlukast_5_R4,22,30797,13310,10149,7770,1,0,10149,0,7770,14,88,20,11.84313725490196,1.5220886551465065,138,382.5,12.0,80.0,65.0,11,71,14,11.69047619047619,1.4364962065228102,115,282.5,7.0,50.0,55.0,8,32,7,14.23076923076923,1.4104247104247103,103,237.5,6.0,35.0,47.5,114.55432006010518,113.0,1.013755044779692,645.0924228988077,204.0,3.162217759307881,194.01021788129225,198.0,0.9798495852590516,251.1613824192337,162.0,1.55037890382243,273.9891445940078,162.0,1.691291016012394
E:\N9_20251512_PKM2.lif,N9_20251512_PKM2,160,pranlukast/5/R4,N9_20251512_PKM2_S161_pranlukast_5_R4,23,8146,4378,0,4378,0,0,0,0,4378,7,21,4,13.875,1.358611238008223,74,177.5,6.0,45.0,35.0,0,0,0,0.0,,0,0.0,0.0,,,7,21,4,13.875,1.358611238008223,74,177.5,6.0,45.0,35.0,116.15783462768388,113.0,1.0279454391830432,417.6169483782549,204.0,2.047141903814975,215.26610324349016,198.0,1.0872025416337887,278.1413887619918,162.0,1.716922152851801,,162.0,
E:\N9_20251512_PKM2.lif,N9_20251512_PKM2,160,pranlukast/5/R4,N9_20251512_PKM2_S161_pranlukast_5_R4,25,61300,23034,9241,20522,1,9241,0,44294,20522,25,80,8,16.557692307692307,2.1081010679864547,199,617.5,8.0,80.0,97.5,14,61,12,14.205128205128204,1.635537279515204,113,372.5,11.0,60.0,55.0,20,65,11,17.547619047619047,2.3452392554331936,202,587.5,9.0,105.0,97.5,304.3671680554053,113.0,2.693514761552259,221.267778067205,204.0,1.0846459709176717,337.50995889977867,198.0,1.7045957520190842,289.04150386385345,162.0,1.784206813974404,316.73005617977526,162.0,1.95512380357886
E:\N9_20251512_PKM2.lif,N9_20251512_PKM2,160,pranlukast/5/R4,N9_20251512_PKM2_S161_pranlukast_5_R4,27,21355,17721,14084,15994,2,0,14084,97,15994,5,37,8,18.57692307692308,1.1458156988883246,104,212.5,11.0,80.0,50.0,24,56,19,13.333333333333334,1.2739278614030105,101,342.5,13.0,80.0,47.5,11,65,17,13.063829787234043,1.268100537701638,106,307.5,13.0,75.0,50.0,118.16827492805146,113.0,1.045736946265942,591.915861971031,204.0,2.9015483429952496,285.8556701030928,198.0,1.4437155055711757,349.9725184808984,162.0,2.1603241881536936,426.4958005249344,162.0,2.632690126697126
E:\N9_20251512_PKM2.lif,N9_20251512_PKM2,160,pranlukast/5/R4,N9_20251512_PKM2_S161_pranlukast_5_R4,28,16826,9660,0,9660,0,0,0,0,9660,11,71,17,11.434782608695652,1.4570393374741202,106,237.5,6.0,40.0,50.0,0,0,0,0.0,,0,0.0,0.0,,,11,71,17,11.434782608695652,1.4570393374741202,106,237.5,6.0,40.0,50.0,114.34948240165632,113.0,1.0119423221385515,620.2688405797102,204.0,3.040533532253481,207.93260869565216,198.0,1.0501646903820816,286.0047619047619,162.0,1.765461493239271,,162.0,
E:\N9_20251512_PKM2.lif,N9_20251512_PKM2,160,pranlukast/5/R4,N9_20251512_PKM2_S161_pranlukast_5_R4,29,18017,11814,3318,10118,1,3318,0,6094,10118,14,56,12,14.205128205128204,1.3736245132893177,115,322.5,13.0,65.0,55.0,20,61,15,6.166666666666667,2.0120554550934298,126,282.5,9.0,35.0,60.0,7,29,3,20.3,1.2381893654872504,94,262.5,11.0,65.0,45.0,242.88065099457503,113.0,2.1493862919873896,245.9090909090909,204.0,1.2054367201426024,289.45176582128465,198.0,1.4618776051580034,313.8262231251058,162.0,1.9371989081796652,361.6263698630137,162.0,2.2322615423642818
E:\N9_20251512_PKM2.lif,N9_20251512_PKM2,160,pranlukast/5/R4,N9_20251512_PKM2_S161_pranlukast_5_R4,30,7881,6233,0,6233,1,0,0,362,6233,6,24,3,18.5,1.194930210171667,67,137.5,6.0,50.0,30.0,0,0,0,0.0,,0,0.0,0.0,,,6,24,3,18.5,1.194930210171667,67,137.5,6.0,50.0,30.0,118.46831381357292,113.0,1.048392157642238,294.3603401251404,204.0,1.4429428437506882,280.87016574585635,198.0,1.4185361906356382,269.8509545965025,162.0,1.665746633311744,268.2519422863485,162.0,1.6558761869527685
E:\N9_20251512_PKM2.lif,N9_20251512_PKM2,160,pranlukast/5/R4,N9_20251512_PKM2_S161_pranlukast_5_R4,31,9134,5375,0,5375,1,0,0,831,5375,4,18,1,22.0,1.2113488372093024,74,187.5,8.0,55.0,35.0,0,0,0,0.0,,0,0.0,0.0,,,4,18,1,22.0,1.2113488372093024,74,187.5,8.0,55.0,35.0,115.98120930232558,113.0,1.0263823832064212,227.6052093023256,204.0,1.1157118103055177,199.9375,198.0,1.0097853535353536,234.46623255813952,162.0,1.447322423198392,233.89205256570716,162.0,1.4437781022574514
E:\N9_20251512_PKM2.lif,N9_20251512_PKM2,160,pranlukast/5/R4,N9_20251512_PKM2_S161_pranlukast_5_R4,32,23309,7852,6644,4020,1,6443,262,14552,4020,18,77,26,8.88679245283019,1.706826286296485,108,367.5,15.0,40.0,50.0,21,72,17,8.884615384615385,2.0082781456953644,111,312.5,7.0,40.0,52.5,4,30,6,9.444444444444445,1.152487562189055,58,102.5,7.0,40.0,25.0,237.7805370169176,113.0,2.104252539972722,472.7213740458016,204.0,2.3172616374794197,286.26115638339155,198.0,1.445763416077735,220.1413652572593,162.0,1.3588973164028353,243.9566996249574,162.0,1.5059055532404777
E:\N9_20251512_PKM2.lif,N9_20251512_PKM2,160,pranlukast/5/R4,N9_20251512_PKM2_S161_pranlukast_5_R4,33,19523,13781,13781,180,0,13781,0,15818,180,21,55,9,16.625,1.735432842319135,135,392.5,13.0,80.0,65.0,21,55,9,16.625,1.735432842319135,135,392.5,13.0,80.0,65.0,2,0,0,16.0,1.1611111111111112,24,17.5,2.0,10.0,10.0,425.6961758943473,113.0,3.767222795525197,181.19838908642333,204.0,0.8882273974824674,336.54250774771754,198.0,1.6997096350894825,177.63914084609246,162.0,1.0965379064573608,,162.0,
E:\N9_20251512_PKM2.lif,N9_20251512_PKM2,162,pranlukast/5/R15,N9_20251512_PKM2_S163_pranlukast_5_R15,1,17124,11565,11314,8629,0,0,11314,0,8629,15,49,10,13.35897435897436,1.375702550799827,97,317.5,13.0,65.0,45.0,15,45,10,14.027027027027026,1.3797065582464203,93,302.5,13.0,60.0,42.5,18,26,6,11.454545454545457,1.5661142658477227,99,302.5,15.0,55.0,47.5,109.28378728923477,105.0,1.0407979741831883,824.7998055506453,180.0,4.582221141948029,176.67047124945958,187.0,0.944761878339356,394.6072632944228,137.0,2.880344987550532,,137.0,
E:\N9_20251512_PKM2.lif,N9_20251512_PKM2,164,pranlukast/5/R14,N9_20251512_PKM2_S165_pranlukast_5_R14,1,8187,6250,1035,6250,1,0,1035,913,6250,8,10,2,22.2,1.2744,81,162.5,13.0,50.0,37.5,2,26,6,5.714285714285714,1.4144927536231884,47,100.0,6.0,15.0,20.0,8,10,2,22.2,1.2744,81,162.5,13.0,50.0,37.5,122.43392,114.0,1.0739817543859649,371.27536231884056,205.0,1.811099328384588,312.4088541666667,202.0,1.5465784859735974,356.93376,161.0,2.216979875776397,231.1626195732156,161.0,1.4357926681566189
E:\N9_20251512_PKM2.lif,N9_20251512_PKM2,164,pranlukast/5/R14,N9_20251512_PKM2_S165_pranlukast_5_R14,3,20412,17374,7511,17087,0,0,7511,19152,17087,6,10,1,43.5,1.2073212846782548,109,267.5,6.0,65.0,52.5,7,27,11,15.1,1.1424577286646251,73,192.5,12.0,50.0,35.0,7,11,1,39.5,1.227599929771171,108,297.5,11.0,65.0,50.0,141.94106135604926,114.0,1.245097029439029,668.2055651710824,205.0,3.259539342297963,420.2026252983293,202.0,2.080211016328363,484.2477840451249,161.0,3.007750211460403,,161.0,
E:\N9_20251512_PKM2.lif,N9_20251512_PKM2,164,pranlukast/5/R14,N9_20251512_PKM2_S165_pranlukast_5_R14,4,27506,21624,13230,19389,1,12518,2251,23733,19389,14,35,8,21.7,1.1919626341102478,133,302.5,10.0,110.0,62.5,17,81,11,11.824561403508772,1.284278155706727,105,357.5,13.0,60.0,50.0,26,75,22,12.229508196721312,1.2682448811181597,131,367.5,9.0,75.0,62.5,329.4095702188848,114.0,2.8895576334989896,389.39271434917816,205.0,1.8994766553618447,366.6496380558428,202.0,1.815097218098232,457.616490935997,161.0,2.8423384530186158,768.0681818181819,161.0,4.770609824957651
E:\N9_20251512_PKM2.lif,N9_20251512_PKM2,164,pranlukast/5/R14,N9_20251512_PKM2_S165_pranlukast_5_R14,6,60052,35962,35780,19126,1,35780,0,25821,19126,43,132,29,14.90721649484536,1.7001279127968412,191,822.5,16.0,115.0,92.5,42,139,34,14.474747474747474,1.7087479038569031,191,812.5,12.0,115.0,92.5,20,60,25,17.162790697674417,2.159050507163024,260,422.5,8.0,190.0,150.76923076923077,844.0485466741196,114.0,7.4039346199484175,288.06771036093653,205.0,1.4052083432240807,323.62068412613576,202.0,1.6020825946838404,305.0840053389689,161.0,1.894931710179931,445.7903650733911,161.0,2.76888425511423
E:\N9_20251512_PKM2.lif,N9_20251512_PKM2,164,pranlukast/5/R14,N9_20251512_PKM2_S165_pranlukast_5_R14,7,74072,55224,38149,45131,3,34712,3655,67024,45131,36,160,25,20.27,1.523413733159496,239,982.5,19.0,130.0,117.5,37,145,22,17.4020618556701,1.9855566332013943,290,882.5,12.0,105.0,142.5,29,152,25,19.091954022988507,1.524052203585119,205,907.5,19.0,130.0,100.0,385.3952523622955,114.0,3.380660108441188,444.5545827633379,205.0,2.1685589403089653,428.3952912261538,202.0,2.120768768446306,354.26501158916415,161.0,2.2004037986904605,457.6283520378027,161.0,2.8424121244584017
E:\N9_20251512_PKM2.lif,N9_20251512_PKM2,164,pranlukast/5/R14,N9_20251512_PKM2_S165_pranlukast_5_R14,8,22381,16074,16074,7303,1,12628,8448,18263,7303,19,78,14,14.51851851851852,1.3478287918377505,127,372.5,10.0,65.0,60.0,19,78,14,14.51851851851852,1.3478287918377505,127,372.5,10.0,65.0,60.0,13,27,4,13.909090909090908,1.924414624127071,111,252.5,5.0,40.0,52.5,354.99073487488124,114.0,3.1139538146919405,875.3209043560606,205.0,4.269858070029564,336.52795459774524,202.0,1.6659799732561644,230.38285429886773,161.0,1.4309494055830294,256.80854042702134,161.0,1.5950841020311886
E:\N9_20251512_PKM2.lif,N9_20251512_PKM2,164,pranlukast/5/R14,N9_20251512_PKM2_S165_pranlukast_5_R14,9,18425,12233,0,12233,1,0,0,14712,12233,28,99,27,9.666666666666666,1.4975884901495953,120,402.5,15.0,60.0,57.5,0,0,0,0.0,,0,0.0,0.0,,,28,99,27,9.666666666666666,1.4975884901495953,120,402.5,15.0,60.0,57.5,138.51034088122293,114.0,1.215002990186166,270.39744952178535,205.0,1.3190119488867578,396.0388636811995,202.0,1.960588434065344,275.4438813046677,161.0,1.7108315608985571,263.8896959913909,161.0,1.6390664347291362
E:\N9_20251512_PKM2.lif,N9_20251512_PKM2,164,pranlukast/5/R14,N9_20251512_PKM2_S165_pranlukast_5_R14,10,23943,18853,14875,16812,1,6507,13782,17161,16812,25,66,16,13.173076923076923,1.362011350978624,150,397.5,14.0,85.0,66.8,15,57,4,13.16279069767442,1.2563361344537816,120,352.5,14.0,80.0,57.5,29,78,20,12.362068965517242,1.5246252676659529,145,462.5,17.0,80.0,64.375,249.6626709697249,114.0,2.19002342955899,991.9508779567552,205.0,4.838784770520757,330.8432335864225,202.0,1.6378377900317946,358.03659894976926,161.0,2.223829807141424,440.4365983295368,161.0,2.7356310455250736
E:\N9_20251512_PKM2.lif,N9_20251512_PKM2,164,pranlukast/5/R14,N9_20251512_PKM2_S165_pranlukast_5_R14,11,33492,19696,14415,16798,1,0,14415,25364,16798,34,158,35,10.925233644859814,1.9461819658813968,249,667.5,13.0,80.0,122.5,27,115,35,10.9125,2.202428026361429,247,592.5,9.0,45.0,120.0,36,132,23,12.229885057471265,2.191510894154066,252,602.5,8.0,65.0,120.3191489361702,143.4645613322502,114.0,1.2584610643179843,471.6315643426986,205.0,2.3006417772814567,278.3314378554021,202.0,1.3778784052247628,270.36230706742487,161.0,1.6792689879964278,304.06787066705505,161.0,1.8886203147022047
E:\N9_20251512_PKM2.lif,N9_20251512_PKM2,164,pranlukast/5/R14,N9_20251512_PKM2_S165_pranlukast_5_R14,12,62756,50530,35695,42157,4,34015,15683,58757,42157,28,164,31,19.173076923076923,1.3103700771818725,266,727.5,11.0,130.0,130.0,37,207,63,14.097744360902256,1.5178876593360415,226,882.5,13.0,115.0,110.0,29,95,17,20.78082191780822,1.48962212681168,273,817.5,10.0,30.0,132.5,383.6698221372924,114.0,3.3655247555902843,447.7592935025186,205.0,2.184191675622042,423.47765473395526,202.0,2.096424033336412,356.4171383336632,161.0,2.2137710455507027,382.1688224985396,161.0,2.373719394400867
E:\N9_20251512_PKM2.lif,N9_20251512_PKM2,164,pranlukast/5/R14,N9_20251512_PKM2_S165_pranlukast_5_R14,14,12392,11920,10078,11527,1,172,10006,11247,11527,6,12,3,21.0,1.0552013422818791,87,257.5,12.0,60.0,40.0,22,26,5,12.766666666666667,1.2286167890454456,92,267.5,9.0,60.0,42.5,5,17,0,29.46153846153846,1.077123275787282,87,212.5,7.0,55.0,40.0,248.0523255813953,114.0,2.175897592819257,911.7829302418548,205.0,4.4477216109358775,363.0531467252104,202.0,1.7972928055703483,472.2136744966443,161.0,2.9330041894201506,692.5233251490705,161.0,4.301387112727146
E:\N9_20251512_PKM2.lif,N9_20251512_PKM2,164,pranlukast/5/R14,N9_20251512_PKM2_S165_pranlukast_5_R14,15,36301,18984,18136,15155,1,18063,282,34762,15155,17,45,5,21.147058823529413,1.635693215339233,147,397.5,8.0,85.0,70.0,22,70,26,15.75,1.6948059108954563,146,467.5,9.0,105.0,70.0,19,75,14,15.3,1.8932365555922137,149,417.5,6.0,55.0,72.5,339.0018269390467,114.0,2.973700236307427,381.7588652482269,205.0,1.8622383670645213,659.8533444816054,202.0,3.266600715255472,294.05357142857144,161.0,1.8264196983141083,329.9023508137432,161.0,2.0490829243089643
E:\N9_20251512_PKM2.lif,N9_20251512_PKM2,164,pranlukast/5/R14,N9_20251512_PKM2_S165_pranlukast_5_R14,16,26259,17820,16604,15721,1,0,16604,11344,15721,18,90,16,14.758064516129032,1.804040404040404,177,522.5,10.0,75.0,85.0,19,118,40,10.975609756097562,1.893278728017345,173,527.5,6.0,80.0,82.5,15,59,12,19.425,2.038356338655302,176,527.5,10.0,75.0,85.0,132.54304152637485,114.0,1.162658259003288,477.1666465911828,205.0,2.3276421784935746,276.67565424266456,202.0,1.3696814566468545,282.26066217732887,161.0,1.7531718147660178,323.3767752715121,161.0,2.0085513992019384
E:\N9_20251512_PKM2.lif,N9_20251512_PKM2,164,pranlukast/5/R14,N9_20251512_PKM2_S165_pranlukast_5_R14,17,41405,40798,40300,35068,2,28000,38782,39681,35068,6,29,10,37.27272727272727,1.130128927888622,169,377.5,7.0,135.0,82.5,12,71,12,22.272727272727277,1.142952853598015,168,497.5,16.0,130.0,80.0,25,70,18,21.9,1.2919470742557315,172,562.5,15.0,90.0,82.5,617.2573571428571,114.0,5.414538220551378,667.9310762724975,205.0,3.258200372060964,576.2810058718406,202.0,2.8528762666922804,437.6334869356341,161.0,2.71822041574928,544.0285563194077,161.0,3.3790593560211657
E:\N9_20251512_PKM2.lif,N9_20251512_PKM2,164,pranlukast/5/R14,N9_20251512_PKM2_S165_pranlukast_5_R14,18,14212,5728,3018,5349,1,0,3018,0,5349,10,12,2,22.363636363636363,1.6777234636871508,158,272.5,9.0,40.0,77.5,3,26,13,8.0625,1.2392312789927105,79,122.5,3.0,25.0,37.5,10,12,2,22.0,1.796597494858852,158,267.5,9.0,40.0,77.5,120.8021997206704,114.0,1.0596684186023717,384.3860172299536,205.0,1.8750537425851397,238.52828212290504,202.0,1.1808330798163615,208.72363826815644,161.0,1.29642011346681,207.14976769609183,161.0,1.286644519851502
E:\N9_20251512_PKM2.lif,N9_20251512_PKM2,164,pranlukast/5/R14,N9_20251512_PKM2_S165_pranlukast_5_R14,19,33648,26758,23546,22941,2,0,23546,3634,22941,33,151,31,13.402061855670103,1.3647881007549143,198,625.0,13.0,70.0,95.0,43,223,66,9.938356164383562,1.534867918117727,195,645.0,10.0,75.0,95.0,28,139,26,13.160919540229886,1.5729915871147726,205,607.5,16.0,70.0,100.0,124.55874878540996,114.0,1.0926206033807893,490.8912341799032,205.0,2.3945913862434303,274.4456797966963,202.0,1.3586419791915658,390.19351222064427,161.0,2.423562187705865,438.80956630376585,161.0,2.7255252565451293
E:\N9_20251512_PKM2.lif,N9_20251512_PKM2,164,pranlukast/5/R14,N9_20251512_PKM2_S165_pranlukast_5_R14,20,36756,33736,32506,26599,3,0,32506,28587,26599,19,64,15,23.125,1.1129950201565093,141,412.5,17.0,100.0,67.5,22,110,28,18.88888888888889,1.1043192026087492,140,422.5,21.0,100.0,67.5,31,81,19,14.5625,1.3940373698259334,138,632.5,16.0,105.0,67.5,135.31067702157932,114.0,1.186935763347187,1216.637666892266,205.0,5.934817887279347,393.0347267125632,202.0,1.9457164688740756,434.28456248517904,161.0,2.6974196427650874,607.6563821456539,161.0,3.774263243140708
E:\N9_20251512_PKM2.lif,N9_20251512_PKM2,164,pranlukast/5/R14,N9_20251512_PKM2_S165_pranlukast_5_R14,22,27141,17552,15118,11736,1,0,15118,1865,11736,36,147,33,10.596153846153848,1.5645510483135825,163,570.0,12.0,65.0,80.0,31,153,33,9.284313725490197,1.50608546103982,157,460.0,8.0,60.0,75.0,32,68,21,14.055555555555555,2.168626448534424,165,630.0,9.0,40.0,80.0,125.76088195077484,114.0,1.1031656311471478,469.7180844026988,205.0,2.2913077287936523,242.86811779769525,202.0,1.2023174148400757,220.28800136736555,161.0,1.3682484556979226,228.01403705783267,161.0,1.4162362550175942
E:\N9_20251512_PKM2.lif,N9_20251512_PKM2,164,pranlukast/5/R14,N9_20251512_PKM2_S165_pranlukast_5_R14,23,10990,6070,5720,1319,0,0,5720,1958,1319,9,59,11,11.057142857142855,1.2965403624382208,82,205.0,8.0,45.0,37.5,8,56,9,10.787878787878787,1.2977272727272726,83,197.5,11.0,45.0,35.38461538461539,4,6,2,18.666666666666668,1.2752084912812738,69,107.5,2.0,10.0,32.5,125.89686985172982,114.0,1.1043585074713145,456.2833916083916,205.0,2.225772641992154,259.2148817802503,202.0,1.2832419890111402,206.7367380560132,161.0,1.2840791183603302,,161.0,
E:\N9_20251512_PKM2.lif,N9_20251512_PKM2,164,pranlukast/5/R14,N9_20251512_PKM2_S165_pranlukast_5_R14,24,73768,52255,44450,29353,3,39575,12469,61384,29353,40,279,57,14.404624277456648,1.5746627117022294,242,1142.5,18.0,115.0,117.5,40,207,32,14.524475524475523,1.6503937007874017,220,1072.5,23.0,120.0,107.5,36,221,58,11.528571428571428,1.92746908322829,234,842.5,12.0,65.0,115.0,347.7435502210992,114.0,3.050382019483326,563.3654663565643,205.0,2.748124226129582,383.3431486052557,202.0,1.8977383594319588,258.9926514209167,161.0,1.6086500088255693,323.200319724545,161.0,2.0074554020158075
E:\N9_20251512_PKM2.lif,N9_20251512_PKM2,164,pranlukast/5/R14,N9_20251512_PKM2_S165_pranlukast_5_R14,26,4493,3923,2876,3911,0,0,2876,0,3911,9,27,5,8.157894736842104,1.1345908743308692,57,92.5,7.0,40.0,25.0,4,6,2,17.4,1.1324756606397774,57,107.5,6.0,35.0,25.0,9,27,5,8.157894736842104,1.13372538992585,55,127.5,9.0,30.0,25.0,123.54754014784604,114.0,1.083750352174088,429.12378303198886,205.0,2.0932867464975065,214.64185572266123,202.0,1.0625834441715902,351.15931684935,161.0,2.181113769250621,,161.0,
E:\N9_20251512_PKM2.lif,N9_20251512_PKM2,164,pranlukast/5/R14,N9_20251512_PKM2_S165_pranlukast_5_R14,27,16314,7062,5076,6566,1,0,5076,13950,6566,6,18,2,18.25,1.1396205041064855,77,172.5,8.0,55.0,35.0,11,23,5,12.473684210526317,1.3041765169424744,73,202.5,13.0,50.0,35.0,9,33,5,11.954545454545457,1.163265306122449,76,147.5,8.0,45.0,35.0,123.20546587369016,114.0,1.080749700646405,485.8108747044917,205.0,2.36980914489996,354.0833333333333,202.0,1.752887788778878,320.6362220334183,161.0,1.9915293294001133,316.8884083044983,161.0,1.9682509832577533
E:\N9_20251512_PKM2.lif,N9_20251512_PKM2,164,pranlukast/5/R14,N9_20251512_PKM2_S165_pranlukast_5_R14,29,14025,7107,0,7107,0,0,0,9980,7107,10,20,7,18.8125,1.3755452370901928,87,212.5,7.0,50.0,40.0,0,0,0,0.0,,0,0.0,0.0,,,10,20,7,18.8125,1.3755452370901928,87,212.5,7.0,50.0,40.0,117.83185591670184,114.0,1.033612771199139,231.59195159701704,205.0,1.1297168370586197,328.7838335481495,202.0,1.627642740337374,294.8732235823836,161.0,1.8315107054806432,,161.0,
E:\N9_20251512_PKM2.lif,N9_20251512_PKM2,164,pranlukast/5/R14,N9_20251512_PKM2_S165_pranlukast_5_R14,30,16378,11859,11603,7488,1,3237,10442,2677,7488,11,21,5,19.904761904761905,1.2412513702673076,94,367.5,17.0,75.0,45.0,12,32,5,16.36,1.26044988365078,93,332.5,11.0,70.0,45.0,12,24,5,16.15,1.3851495726495726,94,207.5,8.0,50.0,45.0,245.50169910410875,114.0,2.1535236763518317,819.1258379620763,205.0,3.995735794936957,320.7944572748268,202.0,1.5880913726476575,314.7981280040476,161.0,1.9552678758015376,346.06347101174686,161.0,2.149462552867993
E:\N9_20251512_PKM2.lif,N9_20251512_PKM2,164,pranlukast/5/R14,N9_20251512_PKM2_S165_pranlukast_5_R14,31,7920,5432,2652,5432,1,0,2652,279,5432,8,51,26,8.083333333333334,1.153902798232695,67,157.5,13.0,40.0,30.0,3,1,0,24.33333333333333,1.099924585218703,45,72.5,6.0,35.0,20.0,8,51,26,8.083333333333334,1.153902798232695,67,157.5,13.0,40.0,30.0,122.31075110456554,114.0,1.072901325478645,433.3763197586727,205.0,2.1140308280910864,250.6025641025641,202.0,1.2406067529829907,386.2192562592047,161.0,2.3988773680695945,313.9709277469004,161.0,1.9501299860055925
E:\N9_20251512_PKM2.lif,N9_20251512_PKM2,164,pranlukast/5/R14,N9_20251512_PKM2_S165_pranlukast_5_R14,33,35267,27653,26628,16114,1,0,26628,23882,16114,22,70,14,20.64,1.2089104256319387,157,442.5,9.0,90.0,75.0,22,75,14,18.673076923076923,1.2047468829803214,151,357.5,7.0,95.0,72.5,17,55,9,17.216216216216218,1.5687600843986595,158,407.5,12.0,75.0,75.0,173.8603406502007,114.0,1.5250907074579008,1153.8108006609584,205.0,5.628345369077846,348.5730572115887,202.0,1.725609194116776,290.95190395255486,161.0,1.8071546829351235,364.0716392751791,161.0,2.2613145296594976
E:\N9_20251512_PKM2.lif,N9_20251512_PKM2,164,pranlukast/5/R14,N9_20251512_PKM2_S165_pranlukast_5_R14,34,16414,11788,11788,0,0,11788,0,0,0,14,46,11,16.21212121212121,1.3682558534102478,101,297.5,11.0,80.0,47.5,14,46,11,16.21212121212121,1.3682558534102478,101,297.5,11.0,80.0,47.5,0,0,0,0.0,,0,0.0,0.0,,,747.5655751611808,114.0,6.557592764571762,197.6999491007805,205.0,0.9643899956135632,206.84636918900577,202.0,1.0239919266782465,170.99363759755684,161.0,1.0620722832146388,,161.0,
E:\N9_20251512_PKM2.lif,N9_20251512_PKM2,166,pranlukast/6/R2,N9_20251512_PKM2_S167_pranlukast_6_R2,2,135190,58710,57160,22874,1,57160,0,86897,22874,45,248,46,16.644171779141104,1.924357009027423,247,1497.5,19.0,105.0,120.0,50,266,54,15.47191011235955,1.9476906927921624,251,1452.5,21.0,105.0,122.5,26,103,26,14.972602739726028,2.218457637492349,213,722.5,11.0,90.0,102.5,483.16553533939816,112.0,4.313977994101769,230.94312723556465,196.0,1.178281261405942,419.6873078254495,200.0,2.098436539127248,233.44774314426843,158.0,1.477517361672585,317.61472742066724,158.0,2.0102197938016912
E:\N9_20251512_PKM2.lif,N9_20251512_PKM2,166,pranlukast/6/R2,N9_20251512_PKM2_S167_pranlukast_6_R2,4,23429,9105,49,9105,1,49,0,0,9105,26,111,34,6.662337662337662,1.528610653487095,97,337.5,8.0,50.0,45.0,2,0,0,3.0,1.0816326530612246,16,2.5,1.0,5.0,5.0,26,111,34,6.662337662337662,1.528610653487095,97,337.5,8.0,50.0,45.0,258.44897959183675,112.0,2.307580174927114,249.1727622185612,196.0,1.2712896031559249,240.47863811092807,200.0,1.2023931905546403,287.5951674903899,158.0,1.8202225790531008,242.3642350557244,158.0,1.5339508547830658
E:\N9_20251512_PKM2.lif,N9_20251512_PKM2,166,pranlukast/6/R2,N9_20251512_PKM2_S167_pranlukast_6_R2,5,56539,37786,30302,28848,1,29645,13290,45037,28848,32,187,47,13.672268907563025,1.4608055893717249,241,722.5,15.0,100.0,116.11111111111111,24,127,44,14.08695652173913,1.4253844630717445,185,677.5,15.0,85.0,90.0,44,213,67,11.18978102189781,1.7896907931225734,240,987.5,24.0,80.0,116.11111111111111,411.38714791701807,112.0,3.673099534973376,520.5398043641836,196.0,2.655815328388692,391.7440542933019,200.0,1.9587202714665093,305.42049965595726,158.0,1.9330411370630207,331.8415109034268,158.0,2.1002627272368786
E:\N9_20251512_PKM2.lif,N9_20251512_PKM2,166,pranlukast/6/R2,N9_20251512_PKM2_S167_pranlukast_6_R2,6,16695,10162,0,10162,2,0,0,283,10162,8,41,5,16.037037037037038,1.441448533753198,99,252.5,6.0,75.0,47.5,0,0,0,0.0,,0,0.0,0.0,,,8,41,5,16.037037037037038,1.441448533753198,99,252.5,6.0,75.0,47.5,127.94577839008068,112.0,1.142373021340006,227.10076756543987,196.0,1.1586773855379584,281.8617021276596,200.0,1.409308510638298,295.5116118874237,158.0,1.87032665751534,298.6842400448682,158.0,1.890406582562457
E:\N9_20251512_PKM2.lif,N9_20251512_PKM2,166,pranlukast/6/R2,N9_20251512_PKM2_S167_pranlukast_6_R2,7,31378,17876,2945,17871,2,2723,223,23960,17871,15,64,14,16.225,1.5387670619825464,171,432.5,14.0,55.0,82.5,18,18,3,9.35,2.8838709677419354,185,197.5,5.0,90.0,114.1304347826087,15,64,14,16.275,1.5363437972133624,171,437.5,16.0,55.0,82.5,248.6213734851267,112.0,2.2198336918314885,343.6412556053812,196.0,1.753271712272353,357.9506790564689,200.0,1.7897533952823446,359.243846498098,158.0,2.27369523100062,391.3107670147641,158.0,2.4766504241440765
E:\N9_20251512_PKM2.lif,N9_20251512_PKM2,166,pranlukast/6/R2,N9_20251512_PKM2_S167_pranlukast_6_R2,8,40464,16237,0,16237,1,0,0,24585,16237,20,84,22,11.741379310344827,1.4581511362936503,138,437.5,11.0,50.0,65.0,0,0,0,0.0,,0,0.0,0.0,,,20,84,22,11.741379310344827,1.4581511362936503,138,437.5,11.0,50.0,65.0,140.8708505265751,112.0,1.257775451130135,279.4508221962185,196.0,1.4257695010011149,356.48347914105995,200.0,1.7824173957052998,399.4046313974257,158.0,2.527877413907757,548.632387312187,158.0,3.4723568817227024
E:\N9_20251512_PKM2.lif,N9_20251512_PKM2,166,pranlukast/6/R2,N9_20251512_PKM2_S167_pranlukast_6_R2,9,21894,14428,0,14428,2,0,0,9260,14428,12,41,11,15.516129032258064,1.3892431383421129,122,342.5,9.0,95.0,57.5,0,0,0,0.0,,0,0.0,0.0,,,12,41,11,15.516129032258064,1.3892431383421129,122,342.5,9.0,95.0,57.5,120.05274466315498,112.0,1.0718995059210266,240.71340449126697,196.0,1.228129614751362,277.268721376408,200.0,1.38634360688204,361.5535070695869,158.0,2.288313335883461,412.107342143906,158.0,2.6082743173664937
E:\N9_20251512_PKM2.lif,N9_20251512_PKM2,166,pranlukast/6/R2,N9_20251512_PKM2_S167_pranlukast_6_R2,10,42102,21384,13204,19764,1,0,13204,2006,19764,34,120,33,13.422222222222222,1.911522633744856,253,697.5,9.0,45.0,125.0,23,145,28,9.80722891566265,1.6919872765828536,228,542.5,9.0,90.0,110.0,30,96,25,15.408450704225352,2.0558085407812183,249,672.5,8.0,45.0,122.5,115.2547699214366,112.0,1.0290604457271124,453.3277037261436,196.0,2.312896447582365,255.50306748466255,200.0,1.2775153374233128,264.50257201646093,158.0,1.6740669114965885,304.22467382962395,158.0,1.9254726191748357
E:\N9_20251512_PKM2.lif,N9_20251512_PKM2,166,pranlukast/6/R2,N9_20251512_PKM2_S167_pranlukast_6_R2,11,8133,2719,0,2719,0,0,0,0,2719,4,18,5,14.636363636363637,1.2758367046708348,52,142.5,9.0,35.0,22.5,0,0,0,0.0,,0,0.0,0.0,,,4,18,5,14.636363636363637,1.2758367046708348,52,142.5,9.0,35.0,22.5,148.57190143435088,112.0,1.3265348342352756,288.53953659433614,196.0,1.4721404928282456,271.73777123942625,200.0,1.358688856197131,226.5969106289077,158.0,1.4341576622082766,,158.0,
E:\N9_20251512_PKM2.lif,N9_20251512_PKM2,166,pranlukast/6/R2,N9_20251512_PKM2_S167_pranlukast_6_R2,12,57128,34567,2470,34567,3,2470,0,29709,34567,22,90,18,20.95,1.6955767061069806,237,705.0,9.0,70.0,117.5,21,63,17,4.58,2.588259109311741,113,165.0,7.0,75.0,58.52941176470589,22,90,18,20.95,1.6955767061069806,237,705.0,9.0,70.0,117.5,218.52955465587044,112.0,1.9511567379988437,248.71212428038305,196.0,1.268939409593791,300.4840471816688,200.0,1.5024202359083438,336.10186015563977,158.0,2.1272269630103784,362.2473695992836,158.0,2.292704870881542
E:\N9_20251512_PKM2.lif,N9_20251512_PKM2,166,pranlukast/6/R2,N9_20251512_PKM2_S167_pranlukast_6_R2,13,30829,7832,0,7832,1,0,0,19134,7832,23,81,22,8.90566037735849,2.002808988764045,144,312.5,9.0,65.0,69.61538461538461,0,0,0,0.0,,0,0.0,0.0,,,23,81,22,8.90566037735849,2.002808988764045,144,312.5,9.0,65.0,69.61538461538461,121.42224208375892,112.0,1.0841271614621333,261.6248723186925,196.0,1.3348207771361864,318.82782272247624,200.0,1.5941391136123813,403.74310520939736,158.0,2.5553361089202364,424.33142857142855,158.0,2.6856419529837248
E:\N9_20251512_PKM2.lif,N9_20251512_PKM2,166,pranlukast/6/R2,N9_20251512_PKM2_S167_pranlukast_6_R2,14,51566,19158,19147,10133,1,19147,253,21160,10133,10,63,21,16.0,1.182169328739952,123,382.5,12.0,70.0,57.5,11,77,20,15.744186046511627,1.1828484880137882,123,382.5,12.0,70.0,57.5,4,12,2,39.125,1.1792164215928156,91,212.5,13.0,60.0,42.5,558.9456833968768,112.0,4.990586458900686,371.2450592885376,196.0,1.8941074453496811,366.8075969760813,200.0,1.8340379848804065,263.75425409750494,158.0,1.6693307221361071,321.83834710743804,158.0,2.036951563971127
E:\N9_20251512_PKM2.lif,N9_20251512_PKM2,166,pranlukast/6/R2,N9_20251512_PKM2_S167_pranlukast_6_R2,16,23249,9228,7022,8913,1,0,7022,104,8913,5,21,9,10.571428571428571,1.0552665799739922,75,232.5,13.0,50.0,35.0,4,8,0,35.142857142857146,1.280974081458274,73,140.0,6.0,60.0,37.5,7,33,12,10.347826086956522,1.0655222708403456,74,192.5,12.0,60.0,35.0,115.8004984828782,112.0,1.0339330221685554,545.0622329820563,196.0,2.7809297601125325,205.6346153846154,200.0,1.028173076923077,416.89607715648026,158.0,2.6385827668131663,386.86658556366586,158.0,2.448522693440923
E:\N9_20251512_PKM2.lif,N9_20251512_PKM2,166,pranlukast/6/R2,N9_20251512_PKM2_S167_pranlukast_6_R2,18,13207,5882,1584,5844,1,1584,0,3247,5844,2,24,4,18.692307692307693,1.13855831349881,66,127.5,8.0,45.0,30.0,12,46,11,5.1,1.1092171717171715,42,77.5,5.0,20.0,17.5,2,6,1,50.25,1.14596167008898,66,142.5,8.0,45.0,30.0,289.06439393939394,112.0,2.580932088744589,197.00731043862632,196.0,1.0051393389725831,271.02364687335785,200.0,1.3551182343667891,278.14467868072086,158.0,1.7604093587387395,261.89965921999243,158.0,1.6575927798733698
E:\N9_20251512_PKM2.lif,N9_20251512_PKM2,170,pranlukast/6/R10,N9_20251512_PKM2_S171_pranlukast_6_R10,3,29672,13312,0,13312,1,0,0,10,13312,21,81,11,10.0,1.4615384615384617,120,332.5,10.0,60.0,57.5,0,0,0,0.0,,0,0.0,0.0,,,21,81,11,10.0,1.4615384615384617,120,332.5,10.0,60.0,57.5,111.15670072115384,106.0,1.0486481200108853,237.0322265625,189.0,1.2541387648809523,222.2,189.0,1.1756613756613756,381.06265024038464,146.0,2.610018152331401,450.4805858310627,146.0,3.08548346459632
E:\N9_20251512_PKM2.lif,N9_20251512_PKM2,172,pranlukast/6/R6,N9_20251512_PKM2_S173_pranlukast_6_R6,1,4150,2145,0,2145,1,0,0,0,2145,3,3,1,30.0,1.365967365967366,51,102.5,6.0,30.0,22.5,0,0,0,0.0,,0,0.0,0.0,,,3,3,1,30.0,1.365967365967366,51,102.5,6.0,30.0,22.5,108.28997668997668,106.0,1.0216035536790251,229.4946386946387,196.0,1.1708910137481563,169.60792540792542,190.0,0.8926732916206601,221.4354312354312,154.0,1.437892410619683,209.4998204667864,154.0,1.3603884445895218
E:\N9_20251512_PKM2.lif,N9_20251512_PKM2,172,pranlukast/6/R6,N9_20251512_PKM2_S173_pranlukast_6_R6,3,15452,5866,1463,5866,1,0,1463,0,5866,10,33,7,10.875,1.0992158199795432,65,147.5,8.0,45.0,30.0,4,10,1,8.125,1.1339712918660287,42,52.5,3.0,20.0,17.5,10,33,7,10.875,1.0992158199795432,65,147.5,8.0,45.0,30.0,111.85509717013296,106.0,1.0552367657559714,374.9104579630895,196.0,1.912808458995355,194.95158540743267,190.0,1.026060975828593,422.68990794408455,154.0,2.744739661974575,397.6576535288726,154.0,2.582192555382289
E:\N9_20251512_PKM2.lif,N9_20251512_PKM2,172,pranlukast/6/R6,N9_20251512_PKM2_S173_pranlukast_6_R6,4,15716,9691,0,9691,1,0,0,0,9691,21,66,22,9.20754716981132,1.2590031988442885,92,247.5,8.0,55.0,42.5,0,0,0,0.0,,0,0.0,0.0,,,21,66,22,9.20754716981132,1.2590031988442885,92,247.5,8.0,55.0,42.5,110.99298318027036,106.0,1.047103614908211,201.1373439273553,196.0,1.026210938404874,192.44216283149316,190.0,1.012853488586806,426.6772262924363,154.0,2.7706313395612745,429.92620320855616,154.0,2.791728592263352
E:\N9_20251512_PKM2.lif,N9_20251512_PKM2,172,pranlukast/6/R6,N9_20251512_PKM2_S173_pranlukast_6_R6,5,19305,5510,0,5510,1,0,0,0,5510,5,27,9,18.0,1.27513611615245,87,162.5,5.0,55.0,40.0,0,0,0,0.0,,0,0.0,0.0,,,5,27,9,18.0,1.27513611615245,87,162.5,5.0,55.0,40.0,112.64791288566244,106.0,1.0627161592987022,237.74900181488204,196.0,1.2130051113004183,201.9214156079855,190.0,1.062744292673608,263.0284936479129,154.0,1.707977231479954,245.73523660539692,154.0,1.5956833545804996
E:\N9_20251512_PKM2.lif,N9_20251512_PKM2,172,pranlukast/6/R6,N9_20251512_PKM2_S173_pranlukast_6_R6,6,21187,8706,0,8706,1,0,0,0,8706,14,83,16,10.521739130434783,1.5941879163795083,104,342.5,12.0,55.0,50.0,0,0,0,0.0,,0,0.0,0.0,,,14,83,16,10.521739130434783,1.5941879163795083,104,342.5,12.0,55.0,50.0,111.54801286469102,106.0,1.052339744006519,230.07121525384792,196.0,1.1738327308869791,193.69239604870205,190.0,1.0194336634142214,301.93154146565587,154.0,1.9605944251016612,347.4041308089501,154.0,2.2558709792788965
E:\N9_20251512_PKM2.lif,N9_20251512_PKM2,172,pranlukast/6/R6,N9_20251512_PKM2_S173_pranlukast_6_R6,7,5474,2218,0,2218,0,0,0,0,2218,7,11,2,12.545454545454543,1.313345356176736,49,127.5,11.0,30.0,22.5,0,0,0,0.0,,0,0.0,0.0,,,7,11,2,12.545454545454543,1.313345356176736,49,127.5,11.0,30.0,22.5,109.57799819657347,106.0,1.0337546999676743,235.84445446348064,196.0,1.203288032976942,207.9945897204689,190.0,1.0947083669498363,228.58611361587012,154.0,1.4843254130900658,,154.0,
E:\N9_20251512_PKM2.lif,N9_20251512_PKM2,172,pranlukast/6/R6,N9_20251512_PKM2_S173_pranlukast_6_R6,8,57277,25460,13782,25320,0,0,13782,12512,25320,39,215,70,9.453846153846154,1.5050274941084054,188,622.5,13.0,100.0,92.5,64,337,106,6.177033492822966,1.397837759396314,114,622.5,21.0,65.0,55.0,38,207,78,9.325757575757576,1.513349131121643,188,622.5,14.0,100.0,92.5,112.36508248232522,106.0,1.0600479479464644,493.3637353069221,196.0,2.517161914831235,256.35241483398016,190.0,1.3492232359683167,331.85545954438334,154.0,2.154905581457035,,154.0,
E:\N9_20251512_PKM2.lif,N9_20251512_PKM2,172,pranlukast/6/R6,N9_20251512_PKM2_S173_pranlukast_6_R6,10,59236,40034,15226,39093,1,113,15226,15731,39093,41,142,42,12.626168224299066,1.4422740670430134,211,747.5,11.0,145.0,102.5,80,299,75,6.2949308755760365,2.1153947195586498,168,852.5,14.0,75.0,82.5,33,124,29,14.044943820224718,1.4655053334356534,209,717.5,12.0,145.0,102.5,320.6106194690266,106.0,3.0246284855568546,392.6565742808354,196.0,2.0033498687797726,261.35434882650713,190.0,1.3755492043500377,383.9123495029225,154.0,2.492937334434562,419.72360248447205,154.0,2.7254779382108576
E:\N9_20251512_PKM2.lif,N9_20251512_PKM2,172,pranlukast/6/R6,N9_20251512_PKM2_S173_pranlukast_6_R6,11,81453,33580,55,33580,0,0,55,76624,33580,65,331,164,6.990338164251208,1.896902918403812,203,667.5,11.0,85.0,95.13513513513512,6,4,1,2.571428571428572,3.2181818181818183,33,22.5,2.0,15.0,12.5,65,331,164,6.990338164251208,1.896902918403812,203,667.5,11.0,85.0,95.13513513513512,116.0450565812984,106.0,1.09476468472923,401.3818181818182,196.0,2.0478664192949907,441.6858853774768,190.0,2.324662554618299,370.382966051221,154.0,2.405084195137799,,154.0,
E:\N9_20251512_PKM2.lif,N9_20251512_PKM2,172,pranlukast/6/R6,N9_20251512_PKM2_S173_pranlukast_6_R6,12,15512,12866,12795,4881,0,0,12795,5,4881,10,82,22,11.51851851851852,1.1604228198352249,90,297.5,14.0,70.0,42.5,11,95,26,11.589285714285714,1.1665494333724111,90,302.5,14.0,70.0,42.5,5,9,2,26.142857142857142,1.5867650071706618,79,172.5,9.0,35.0,37.5,110.33367013834912,106.0,1.0408836805504635,1091.8528331379446,196.0,5.570677720091554,221.415980102596,190.0,1.1653472636978737,217.32496502409447,154.0,1.4112010715850294,,154.0,
E:\N9_20251512_PKM2.lif,N9_20251512_PKM2,172,pranlukast/6/R6,N9_20251512_PKM2_S173_pranlukast_6_R6,13,18030,12675,8,12675,1,8,0,3050,12675,14,43,8,13.8125,1.3026429980276135,104,307.5,10.0,75.0,50.0,2,0,0,2.0,1.0,13,0.0,0.0,5.0,,14,43,8,13.8125,1.3026429980276135,104,307.5,10.0,75.0,50.0,259.375,106.0,2.446933962264151,220.5484812623274,196.0,1.1252473533792215,265.41016393442624,190.0,1.3968955996548749,515.8584615384615,154.0,3.3497302697302693,643.3639344262295,154.0,4.177687885884607
E:\N9_20251512_PKM2.lif,N9_20251512_PKM2,172,pranlukast/6/R6,N9_20251512_PKM2_S173_pranlukast_6_R6,14,28634,21985,1097,21985,1,0,1097,24790,21985,24,83,36,11.696969696969695,1.2870138730952922,214,315.0,4.0,5.0,112.10526315789474,13,47,15,3.8857142857142857,4.864175022789426,126,172.5,9.0,20.0,54.642857142857146,24,83,36,11.696969696969695,1.2870138730952922,214,315.0,4.0,5.0,112.10526315789474,115.72831476006368,106.0,1.0917765543402234,379.5970829535096,196.0,1.9367198109872936,275.8310787201118,190.0,1.4517425195795357,334.1931316806914,154.0,2.1700852706538405,356.7192073170732,154.0,2.316358489071904
E:\N9_20251512_PKM2.lif,N9_20251512_PKM2,172,pranlukast/6/R6,N9_20251512_PKM2_S173_pranlukast_6_R6,15,14372,9045,9045,177,0,0,9045,0,177,11,23,3,17.210526315789473,1.2315091210613598,85,192.5,10.0,55.0,40.0,11,23,3,17.210526315789473,1.2315091210613598,85,192.5,10.0,55.0,40.0,2,0,0,14.0,1.0677966101694916,21,12.5,2.0,10.0,7.5,111.23991155334438,106.0,1.0494331278617397,819.5575456053068,196.0,4.181416049006668,214.81370923161967,190.0,1.1305984696401037,201.77578772802653,154.0,1.310232387844328,,154.0,
E:\N9_20251512_PKM2.lif,N9_20251512_PKM2,172,pranlukast/6/R6,N9_20251512_PKM2_S173_pranlukast_6_R6,17,11117,8846,0,8846,1,0,0,0,8846,5,11,4,26.444444444444443,1.1366719421207323,81,177.5,8.0,40.0,37.5,0,0,0,0.0,,0,0.0,0.0,,,5,11,4,26.444444444444443,1.1366719421207323,81,177.5,8.0,40.0,37.5,110.67669002939182,106.0,1.0441197172584131,220.73117793352927,196.0,1.1261794792527002,211.2936920642098,190.0,1.1120720634958412,444.6639158941895,154.0,2.8874280252869444,467.9251506501744,154.0,3.038475004221912
E:\N9_20251512_PKM2.lif,N9_20251512_PKM2,172,pranlukast/6/R6,N9_20251512_PKM2_S173_pranlukast_6_R6,18,11008,10961,0,10961,1,0,0,3939,10961,5,7,2,21.571428571428573,1.0201623939421585,79,157.5,14.0,60.0,37.5,0,0,0,0.0,,0,0.0,0.0,,,5,7,2,21.571428571428573,1.0201623939421585,79,157.5,14.0,60.0,37.5,113.97627953653864,106.0,1.075247920156025,277.014962138491,196.0,1.4133416435637296,279.9289159685199,190.0,1.4733100840448417,514.0853936684609,154.0,3.338216842002993,615.6983167889513,154.0,3.998041018110073
E:\N9_20251512_PKM2.lif,N9_20251512_PKM2,172,pranlukast/6/R6,N9_20251512_PKM2_S173_pranlukast_6_R6,19,21663,12114,0,12114,1,0,0,3933,12114,23,72,24,12.150943396226417,1.3596665015684333,100,317.5,12.0,55.0,47.5,0,0,0,0.0,,0,0.0,0.0,,,23,72,24,12.150943396226417,1.3596665015684333,100,317.5,12.0,55.0,47.5,115.1778933465412,106.0,1.0865838994956716,231.63356447086016,196.0,1.1818039003615315,270.09552418143585,190.0,1.4215553904286098,414.9236420670299,154.0,2.6943093640716227,486.1997187060478,154.0,3.157141030558752
E:\N9_20251512_PKM2.lif,N9_20251512_PKM2,172,pranlukast/6/R6,N9_20251512_PKM2_S173_pranlukast_6_R6,20,48141,24767,2373,24763,1,0,2373,0,24763,44,199,78,9.390070921985815,1.740864860499859,169,767.5,11.0,110.0,82.5,6,19,8,9.0,1.3122629582806573,62,117.5,7.0,25.0,27.5,44,199,78,9.390070921985815,1.7411460646932924,169,767.5,11.0,110.0,82.5,109.99184398594905,106.0,1.0376589055278211,396.57353560893387,196.0,2.0233343653517037,213.44478539992733,190.0,1.1233936073680386,286.5305850526911,154.0,1.8605882146278645,282.76846485361864,154.0,1.8361588626858356
E:\N9_20251512_PKM2.lif,N9_20251512_PKM2,172,pranlukast/6/R6,N9_20251512_PKM2_S173_pranlukast_6_R6,21,16073,16073,15919,16073,0,0,15919,10022,16073,2,0,0,145.0,1.0832451938032726,118,162.5,3.0,60.0,55.0,6,37,8,19.285714285714285,1.0933475720836736,118,167.5,3.0,60.0,55.0,2,0,0,145.0,1.0832451938032726,118,162.5,3.0,60.0,55.0,120.33042991351957,106.0,1.1351927350332034,1394.2252654061183,196.0,7.113394211255707,295.717222111355,190.0,1.5564064321650264,865.9003297455359,154.0,5.622729413932052,,154.0,
E:\N9_20251512_PKM2.lif,N9_20251512_PKM2,172,pranlukast/6/R6,N9_20251512_PKM2_S173_pranlukast_6_R6,22,41780,24608,24531,12304,1,0,24531,25,12304,38,157,47,11.690265486725664,1.7219197009102731,191,657.5,12.0,85.0,92.5,38,177,44,10.845528455284551,1.7273246096775507,191,657.5,12.0,85.0,92.5,13,38,12,19.666666666666668,1.999756176853056,175,367.5,7.0,90.0,85.0,109.81656371911572,106.0,1.0360053181048654,875.9048143165791,196.0,4.468902113860097,356.64,190.0,1.8770526315789475,271.2933192457737,154.0,1.7616449301673618,344.9834293948127,154.0,2.240152138927355
E:\N9_20251512_PKM2.lif,N9_20251512_PKM2,172,pranlukast/6/R6,N9_20251512_PKM2_S173_pranlukast_6_R6,23,20843,17755,838,17755,1,0,838,4,17755,6,53,15,15.676470588235292,1.149479019994368,134,287.5,5.0,45.0,65.0,4,6,0,15.0,1.2732696897374702,45,62.5,3.0,15.0,20.0,6,53,15,15.676470588235292,1.149479019994368,134,287.5,5.0,45.0,65.0,110.80405519571951,106.0,1.045321275431316,347.6634844868736,196.0,1.7737932881983345,364.75,190.0,1.9197368421052632,368.58411715009856,154.0,2.393403358117524,381.9109182275012,154.0,2.4799410274513063
E:\N9_20251512_PKM2.lif,N9_20251512_PKM2,172,pranlukast/6/R6,N9_20251512_PKM2_S173_pranlukast_6_R6,24,54196,26461,25815,15699,1,0,25815,0,15699,35,124,23,15.227272727272728,2.0331809077510297,206,932.5,11.0,85.0,100.0,34,137,26,14.148936170212766,1.934766608560914,202,887.5,13.0,105.0,97.5,17,75,24,18.0,3.160073890056692,206,802.5,13.0,55.0,100.0,107.26215940440648,106.0,1.011907164192514,602.2148363354639,196.0,3.0725246751809383,172.20316692490834,190.0,0.9063324574995176,232.2397868561279,154.0,1.5080505640008304,332.55782060785765,154.0,2.1594663675834918
E:\N9_20251512_PKM2.lif,N9_20251512_PKM2,172,pranlukast/6/R6,N9_20251512_PKM2_S173_pranlukast_6_R6,25,30137,14208,14197,6829,1,0,14197,0,6829,22,108,36,11.01388888888889,1.333544481981982,123,427.5,11.0,65.0,57.5,22,108,35,11.02777777777778,1.3345777276889483,123,427.5,11.0,65.0,57.5,9,29,7,15.2,1.6277639478693806,117,232.5,4.0,40.0,55.0,107.61627252252252,106.0,1.0152478539860614,880.0583221807424,196.0,4.490093480513992,162.55356137387386,190.0,0.855545059862494,270.7782939189189,154.0,1.7583006098631098,263.5350223546945,154.0,1.7112663789265876
E:\N9_20251512_PKM2.lif,N9_20251512_PKM2,174,pranlukast/6/R8,N9_20251512_PKM2_S175_pranlukast_6_R8,1,13065,7927,0,7927,1,0,0,0,7927,11,29,2,15.869565217391305,1.3380850258609815,84,267.5,10.0,70.0,40.0,0,0,0,0.0,,0,0.0,0.0,,,11,29,2,15.869565217391305,1.3380850258609815,84,267.5,10.0,70.0,40.0,108.65358899962156,106.0,1.0250338584869958,197.02813170177876,200.0,0.9851406585088937,174.07972751356124,188.0,0.9259559974125596,299.0726630503343,156.0,1.917132455450861,295.9220706930142,156.0,1.8969363505962449
E:\N9_20251512_PKM2.lif,N9_20251512_PKM2,174,pranlukast/6/R8,N9_20251512_PKM2_S175_pranlukast_6_R8,2,18114,11082,0,11082,1,0,0,0,11082,20,80,20,10.0,1.2742284786139686,92,312.5,21.0,60.0,42.5,0,0,0,0.0,,0,0.0,0.0,,,20,80,20,10.0,1.2742284786139686,92,312.5,21.0,60.0,42.5,113.2170185887024,106.0,1.0680850810254945,206.8955964627324,200.0,1.0344779823136618,190.700776033207,188.0,1.0143658299638671,491.3418155567587,156.0,3.149627022799735,544.2030757097792,156.0,3.4884812545498667
E:\N9_20251512_PKM2.lif,N9_20251512_PKM2,174,pranlukast/6/R8,N9_20251512_PKM2_S175_pranlukast_6_R8,3,10622,10435,6720,9930,0,0,6720,0,9930,6,32,13,13.714285714285714,1.048298993770963,86,242.5,12.0,50.0,40.0,8,30,12,11.444444444444445,1.2653273809523808,73,162.5,9.0,50.0,35.0,8,26,7,17.25,1.0904330312185295,84,197.5,9.0,50.0,40.0,113.35639674173454,106.0,1.0693999692616467,659.7726190476191,200.0,3.2988630952380955,201.22587446094872,188.0,1.070350396068876,382.6519405845712,156.0,2.452897055029302,,156.0,
E:\N9_20251512_PKM2.lif,N9_20251512_PKM2,174,pranlukast/6/R8,N9_20251512_PKM2_S175_pranlukast_6_R8,5,20491,15405,2622,15260,1,0,2622,0,15260,9,13,2,31.5,1.2118143459915611,115,277.5,6.0,100.0,55.0,3,3,1,40.333333333333336,1.5,68,112.5,5.0,40.0,30.0,9,13,2,32.5,1.2233289646133685,115,277.5,6.0,100.0,55.0,113.45043816942552,106.0,1.07028715254175,396.1521739130435,200.0,1.9807608695652172,207.57429406037,188.0,1.1041185854275002,475.0395975332684,156.0,3.045125625213259,507.1644489935176,156.0,3.2510541602148564
E:\N9_20251512_PKM2.lif,N9_20251512_PKM2,174,pranlukast/6/R8,N9_20251512_PKM2_S175_pranlukast_6_R8,7,18210,8591,0,8591,1,0,0,0,8591,10,40,9,15.961538461538462,1.3320917238971015,90,232.5,8.0,50.0,42.5,0,0,0,0.0,,0,0.0,0.0,,,10,40,9,15.961538461538462,1.3320917238971015,90,232.5,8.0,50.0,42.5,138.07100453963452,106.0,1.3025566466003256,272.29449423815623,200.0,1.361472471190781,208.36258875567452,188.0,1.1083116423174175,368.3049703177744,156.0,2.3609292969088105,366.1232423490488,156.0,2.346943861211851
E:\N9_20251512_PKM2.lif,N9_20251512_PKM2,174,pranlukast/6/R8,N9_20251512_PKM2_S175_pranlukast_6_R8,8,79832,57743,19917,56468,3,0,19917,1070,56468,26,109,26,25.466666666666665,1.5334153057513464,254,862.5,10.0,115.0,125.0,37,137,40,11.528301886792454,2.464477581965155,198,817.5,15.0,55.0,97.5,25,101,26,25.86764705882353,1.4899943330735992,253,827.5,10.0,115.0,122.5,112.23455656962749,106.0,1.05881657141158,475.9773560275142,200.0,2.379886780137571,256.0523364485981,188.0,1.361980513024458,409.0005714978439,156.0,2.621798535242589,452.411280712705,156.0,2.9000723122609293
E:\N9_20251512_PKM2.lif,N9_20251512_PKM2,174,pranlukast/6/R8,N9_20251512_PKM2_S175_pranlukast_6_R8,9,17352,13157,622,13157,1,0,622,0,13157,9,13,3,26.08333333333333,1.2415444250209011,224,270.0,6.0,165.0,110.0,4,18,6,5.923076923076923,1.9469453376205788,75,65.0,3.0,60.0,39.09090909090909,9,13,3,26.08333333333333,1.2415444250209011,224,270.0,6.0,165.0,110.0,111.7858174355856,106.0,1.0545831833545811,351.6881028938907,200.0,1.7584405144694537,207.7905297560234,188.0,1.1052687752979968,450.134301132477,156.0,2.8854762893107497,419.190668202765,156.0,2.687119667966442
E:\N9_20251512_PKM2.lif,N9_20251512_PKM2,174,pranlukast/6/R8,N9_20251512_PKM2_S175_pranlukast_6_R8,10,14915,12593,11029,9910,1,0,11029,3832,9910,9,21,3,18.0,1.091955848487255,94,247.5,11.0,70.0,45.0,16,52,13,13.0,1.1985674131834254,90,312.5,17.0,55.0,42.5,8,18,3,23.75,1.258728557013118,98,202.5,6.0,60.0,45.0,116.91749384578736,106.0,1.102995224960258,964.9001722730982,200.0,4.8245008613654905,263.1526744597945,188.0,1.3997482684031624,353.0927499404431,156.0,2.2634150637207893,454.2318652849741,156.0,2.9117427261857314
E:\N9_20251512_PKM2.lif,N9_20251512_PKM2,174,pranlukast/6/R8,N9_20251512_PKM2_S175_pranlukast_6_R8,12,11425,6929,0,6929,1,0,0,0,6929,18,80,32,8.846153846153847,1.2228315774282004,73,217.5,14.0,50.0,32.5,0,0,0,0.0,,0,0.0,0.0,,,18,80,32,8.846153846153847,1.2228315774282004,73,217.5,14.0,50.0,32.5,115.799105209987,106.0,1.0924443887734625,249.72680040409875,200.0,1.2486340020204936,214.5175349978352,188.0,1.1410507180735914,396.5676143743686,156.0,2.5421000921433885,447.4666666666666,156.0,2.8683760683760684
E:\N9_20251512_PKM2.lif,N9_20251512_PKM2,174,pranlukast/6/R8,N9_20251512_PKM2_S175_pranlukast_6_R8,13,18288,8234,0,8234,1,0,0,3282,8234,22,80,20,9.142857142857142,1.3350740830701968,90,297.5,16.0,55.0,42.5,0,0,0,0.0,,0,0.0,0.0,,,22,80,20,9.142857142857142,1.3350740830701968,90,297.5,16.0,55.0,42.5,112.54202088899684,106.0,1.0617171781980834,238.32475103230507,200.0,1.1916237551615254,297.0063768115942,188.0,1.5798211532531603,392.1236337138693,156.0,2.5136130366273672,416.0285848172446,156.0,2.666849902674645
E:\N9_20251512_PKM2.lif,N9_20251512_PKM2,174,pranlukast/6/R8,N9_20251512_PKM2_S175_pranlukast_6_R8,14,34066,12427,3599,12427,1,0,3599,0,12427,11,33,10,24.04,1.7635793031302809,223,502.5,10.0,40.0,107.5,5,17,8,12.307692307692308,1.2936926924145595,87,152.5,5.0,30.0,40.0,11,33,10,24.04,1.7635793031302809,223,502.5,10.0,40.0,107.5,110.92049569485798,106.0,1.0464197707062073,385.5882189497083,200.0,1.9279410947485411,209.9670073227649,188.0,1.1168457836317285,335.3359620181862,156.0,2.149589500116578,451.44080518594336,156.0,2.893851315294509
E:\N9_20251512_PKM2.lif,N9_20251512_PKM2,174,pranlukast/6/R8,N9_20251512_PKM2_S175_pranlukast_6_R8,15,14675,6298,0,6298,1,0,0,0,6298,9,29,9,13.478260869565217,1.3732931089234677,103,192.5,6.0,40.0,47.5,0,0,0,0.0,,0,0.0,0.0,,,9,29,9,13.478260869565217,1.3732931089234677,103,192.5,6.0,40.0,47.5,113.05208002540488,106.0,1.0665290568434425,258.78231184503016,200.0,1.2939115592251509,213.180374722134,188.0,1.1339381634156065,280.27373769450617,156.0,1.796626523682732,264.7194588141664,156.0,1.6969196077831177
E:\N9_20251512_PKM2.lif,N9_20251512_PKM2,174,pranlukast/6/R8,N9_20251512_PKM2_S175_pranlukast_6_R8,16,33953,19322,115,19322,1,0,115,43,19322,14,36,3,22.321428571428573,1.6650967808715451,144,467.5,9.0,90.0,70.0,2,2,3,3.0,1.1130434782608696,18,2.5,1.0,5.0,5.0,14,36,3,22.321428571428573,1.6650967808715451,144,467.5,9.0,90.0,70.0,113.7275126798468,106.0,1.0729010630174227,420.2434782608696,200.0,2.101217391304348,304.6279069767442,188.0,1.6203612073231075,354.3172549425525,156.0,2.2712644547599523,434.50105917243326,156.0,2.78526319982329
E:\N9_20251512_PKM2.lif,N9_20251512_PKM2,174,pranlukast/6/R8,N9_20251512_PKM2_S175_pranlukast_6_R8,17,21684,10412,0,10412,1,0,0,0,10412,8,28,4,19.84210526315789,1.430945063388398,111,287.5,8.0,65.0,52.5,0,0,0,0.0,,0,0.0,0.0,,,8,28,4,19.84210526315789,1.430945063388398,111,287.5,8.0,65.0,52.5,117.28265462927392,106.0,1.106440138012018,230.41298501728772,200.0,1.1520649250864388,219.1709565885517,188.0,1.1658029605774023,331.6958317326162,156.0,2.1262553316193347,375.86749116607774,156.0,2.4094069946543444
E:\N9_20251512_PKM2.lif,N9_20251512_PKM2,174,pranlukast/6/R8,N9_20251512_PKM2_S175_pranlukast_6_R8,18,167812,39266,39213,8567,1,0,39213,119,8567,48,348,90,11.045871559633028,2.0414608057861763,256,1227.5,14.0,95.0,125.0,48,367,96,10.889867841409693,2.044220029071992,256,1227.5,14.0,95.0,125.0,6,22,6,23.266666666666666,1.4859343994397105,128,237.5,6.0,45.0,60.0,111.114017215912,106.0,1.048245445433132,469.9088822584347,200.0,2.349544411292173,301.10084033613447,188.0,1.6016002145539068,205.72755055264096,156.0,1.3187663496964164,274.2066889632107,156.0,1.757735185661607
E:\N9_20251512_PKM2.lif,N9_20251512_PKM2,174,pranlukast/6/R8,N9_20251512_PKM2_S175_pranlukast_6_R8,19,26560,3210,8,3202,0,0,8,0,3202,6,0,0,63.66666666666666,3.75607476635514,253,202.5,3.0,85.0,61.42857142857143,2,0,0,4.0,1.375,13,2.5,1.0,5.0,5.0,4,0,0,93.5,3.193004372267333,251,197.5,3.0,85.0,61.42857142857143,108.03052959501558,106.0,1.019155939575619,311.0,200.0,1.555,208.31308411214957,188.0,1.1080483197454762,188.8193146417445,156.0,1.210380222062465,,156.0,
E:\N9_20251512_PKM2.lif,N9_20251512_PKM2,174,pranlukast/6/R8,N9_20251512_PKM2_S175_pranlukast_6_R8,20,23244,14357,4786,14324,1,0,4786,55,14324,25,130,32,10.026315789473683,1.3922825102737342,113,447.5,22.0,60.0,55.0,6,12,2,17.583333333333332,1.399080651901379,67,137.5,7.0,50.0,30.0,27,138,37,9.628205128205128,1.3954900865679978,113,452.5,22.0,60.0,55.0,113.08852824406212,106.0,1.0668729079628505,393.9197659841204,200.0,1.969598829920602,261.8181818181818,188.0,1.3926499032882012,517.9990945183534,156.0,3.3205070161432912,702.1748417721519,156.0,4.501120780590718
E:\N9_20251512_PKM2.lif,N9_20251512_PKM2,174,pranlukast/6/R8,N9_20251512_PKM2_S175_pranlukast_6_R8,21,62088,43502,29617,41339,1,0,29617,13252,41339,27,115,42,18.04597701149425,1.4957473219622086,245,742.5,15.0,110.0,120.0,68,350,89,8.425619834710744,1.625249012391532,246,872.5,17.0,85.0,120.0,27,100,38,19.17333333333333,1.5551900142722368,247,717.5,22.0,115.0,120.0,119.4130384809894,106.0,1.1265380988772584,528.578654151332,200.0,2.64289327075666,273.3900993550636,188.0,1.4542026561439554,401.4825985012183,156.0,2.5736064006488357,509.6184271040932,156.0,3.2667847891288027
E:\N9_20251512_PKM2.lif,N9_20251512_PKM2,174,pranlukast/6/R8,N9_20251512_PKM2_S175_pranlukast_6_R8,22,22290,11392,30,11362,1,30,0,2082,11362,11,39,7,14.833333333333334,1.2594803370786516,153,235.0,6.0,35.0,81.66666666666667,0,0,0,1.0,1.0,14,5.0,2.0,5.0,5.0,11,39,7,15.310344827586206,1.1558704453441295,91,262.5,19.0,65.0,42.5,289.0,106.0,2.7264150943396226,230.7737886235955,200.0,1.1538689431179774,296.18531827515403,188.0,1.5754538206125217,409.07821278089887,156.0,2.622296235774993,422.62282804074295,156.0,2.709120692568865
E:\N9_20251512_PKM2.lif,N9_20251512_PKM2,174,pranlukast/6/R8,N9_20251512_PKM2_S175_pranlukast_6_R8,23,31480,14442,0,14442,1,0,0,3736,14442,10,27,11,19.0,1.4083229469602547,103,322.5,10.0,75.0,47.5,0,0,0,0.0,,0,0.0,0.0,,,10,27,11,19.0,1.4083229469602547,103,322.5,10.0,75.0,47.5,130.28631768453124,106.0,1.2291162045710495,215.80660573327796,200.0,1.0790330286663896,262.65663643858204,188.0,1.39710976829033,347.42044038221854,156.0,2.2270541050142216,363.5383838383838,156.0,2.3303742553742555
E:\N9_20251512_PKM2.lif,N9_20251512_PKM2,174,pranlukast/6/R8,N9_20251512_PKM2_S175_pranlukast_6_R8,24,12246,10128,2,10128,1,0,2,17,10128,16,55,23,10.97222222222222,1.1492890995260665,81,207.5,10.0,60.0,37.5,2,0,0,2.0,1.0,12,0.0,0.0,5.0,,16,55,23,10.97222222222222,1.1492890995260665,81,207.5,10.0,60.0,37.5,112.53850710900474,106.0,1.0616840293302334,447.0,200.0,2.235,359.1764705882353,188.0,1.9105131414267835,458.0394944707741,156.0,2.9361506055818856,453.7581924801656,156.0,2.9087063620523432
E:\N9_20251512_PKM2.lif,N9_20251512_PKM2,174,pranlukast/6/R8,N9_20251512_PKM2_S175_pranlukast_6_R8,25,11681,5212,0,5212,1,0,0,0,5212,11,35,7,9.703703703703704,1.1379508825786646,62,122.5,8.0,40.0,27.5,0,0,0,0.0,,0,0.0,0.0,,,11,35,7,9.703703703703704,1.1379508825786646,62,122.5,8.0,40.0,27.5,112.15943975441289,106.0,1.0581079222114422,255.30602455871067,200.0,1.2765301227935533,177.74213353798925,188.0,0.9454368805212194,400.2442440521872,156.0,2.565668231103764,428.2219271623673,156.0,2.7450123536049182
E:\N9_20251512_PKM2.lif,N9_20251512_PKM2,174,pranlukast/6/R8,N9_20251512_PKM2_S175_pranlukast_6_R8,26,14979,7779,7614,4616,1,0,7614,0,4616,7,34,9,14.347826086956522,1.2790847152590308,79,182.5,6.0,55.0,37.5,7,39,7,14.956521739130435,1.3049645390070923,79,187.5,6.0,55.0,37.5,3,31,13,7.863636363636363,1.0929376083188909,64,132.5,10.0,40.0,30.0,110.52358915027638,106.0,1.04267536934223,543.7429734699239,200.0,2.7187148673496195,178.82118524231907,188.0,0.951176517246378,321.9051291939838,156.0,2.0634944179101526,388.971321109544,156.0,2.4934059045483585
E:\N9_20251512_PKM2.lif,N9_20251512_PKM2,174,pranlukast/6/R8,N9_20251512_PKM2_S175_pranlukast_6_R8,27,22950,20573,20554,11261,1,0,20554,0,11261,19,128,27,10.602409638554215,1.1134982744373694,145,347.5,14.0,80.0,70.0,18,138,30,10.426966292134832,1.1129220589666244,145,337.5,12.0,80.0,70.0,14,56,15,11.58974358974359,1.3222626764940946,116,247.5,8.0,75.0,55.0,112.11388713362172,106.0,1.0576781805058657,1223.6862411209495,200.0,6.1184312056047485,185.94521946240215,188.0,0.9890703162893733,332.8951538424148,156.0,2.133943293861633,401.3933260393873,156.0,2.573034141278124
E:\N9_20251512_PKM2.lif,N9_20251512_PKM2,174,pranlukast/6/R8,N9_20251512_PKM2_S175_pranlukast_6_R8,28,27432,8427,7848,6461,1,3,7848,0,6461,8,42,14,11.448275862068966,1.2384003797318144,107,217.5,9.0,55.0,50.0,8,57,22,9.81081081081081,1.279689092762487,102,187.5,5.0,50.0,47.5,12,69,30,8.054054054054054,1.3098591549295775,100,237.5,8.0,70.0,47.5,290.3333333333333,106.0,2.738993710691824,582.9425331294598,200.0,2.914712665647299,176.9258336299988,188.0,0.9410948597340362,388.1593686958586,156.0,2.4882010813837088,482.4430746918056,156.0,3.0925838121269598
E:\N9_20251512_PKM2.lif,N9_20251512_PKM2,174,pranlukast/6/R8,N9_20251512_PKM2_S175_pranlukast_6_R8,29,21034,14359,1167,14358,1,0,1167,0,14358,19,68,23,10.352941176470589,1.4094992687513055,114,382.5,11.0,70.0,55.0,2,0,0,48.0,1.3461868037703513,52,67.5,3.0,15.0,22.5,19,68,23,10.352941176470589,1.4095974369689372,114,382.5,11.0,70.0,55.0,116.05870882373424,106.0,1.0948934794691911,402.4335904027421,200.0,2.0121679520137103,185.3372797548576,188.0,0.9858365944407318,439.6077721289784,156.0,2.8179985392883227,528.992376992377,156.0,3.39097677559216
E:\N9_20251512_PKM2.lif,N9_20251512_PKM2,174,pranlukast/6/R8,N9_20251512_PKM2_S175_pranlukast_6_R8,30,3771,3181,0,3181,0,0,0,0,3181,4,6,0,19.2,1.1424080477837155,55,127.5,7.0,35.0,25.0,0,0,0,0.0,,0,0.0,0.0,,,4,6,0,19.2,1.1424080477837155,55,127.5,7.0,35.0,25.0,111.2656397359321,106.0,1.0496758465653973,227.57371895630305,200.0,1.1378685947815153,183.24363407733415,188.0,0.974700181262416,365.2977051241748,156.0,2.3416519559241973,,156.0,
E:\N9_20251512_PKM2.lif,N9_20251512_PKM2,174,pranlukast/6/R8,N9_20251512_PKM2_S175_pranlukast_6_R8,31,13415,8733,0,8733,1,0,0,0,8733,13,47,10,9.838709677419354,1.1922592465361272,85,187.5,6.0,50.0,40.0,0,0,0,0.0,,0,0.0,0.0,,,13,47,10,9.838709677419354,1.1922592465361272,85,187.5,6.0,50.0,40.0,112.04030688194206,106.0,1.0569840271881326,239.6515515859384,200.0,1.198257757929692,182.9971372953166,188.0,0.9733890281665776,454.6396427344555,156.0,2.9143566841952278,536.4429393836776,156.0,3.4387367909210105
E:\N9_20251512_PKM2.lif,N9_20251512_PKM2,176,pranlukast/6/R5,N9_20251512_PKM2_S177_pranlukast_6_R5,2,18417,7035,0,7035,1,0,0,0,7035,9,24,2,17.65,1.4533049040511727,101,327.5,11.0,25.0,47.5,0,0,0,0.0,,0,0.0,0.0,,,9,24,2,17.65,1.4533049040511727,101,327.5,11.0,25.0,47.5,112.4233120113717,108.0,1.040956592697886,210.4228855721393,191.0,1.101690500377693,205.89296375266525,188.0,1.0951753391099217,236.24463397299215,150.0,1.5749642264866146,227.4680337756333,150.0,1.516453558504222
E:\N9_20251512_PKM2.lif,N9_20251512_PKM2,176,pranlukast/6/R5,N9_20251512_PKM2_S177_pranlukast_6_R5,3,68106,35122,0,35122,2,0,0,20138,35122,32,178,34,13.567307692307692,1.4254313535675645,174,652.5,16.0,105.0,85.0,0,0,0,0.0,,0,0.0,0.0,,,32,178,34,13.567307692307692,1.4254313535675645,174,652.5,16.0,105.0,85.0,119.47460281305165,108.0,1.1062463223430707,231.74394966118103,191.0,1.213319108173723,286.38874322670864,188.0,1.5233443788654717,430.6839587722795,150.0,2.8712263918151963,479.1852847303881,150.0,3.194568564869253
E:\N9_20251512_PKM2.lif,N9_20251512_PKM2,176,pranlukast/6/R5,N9_20251512_PKM2_S177_pranlukast_6_R5,4,84819,30913,29945,22338,1,29945,0,14892,22338,32,139,29,15.204301075268818,2.189920098340504,214,982.5,16.0,100.0,105.0,35,140,26,14.90721649484536,2.1600935047587244,211,837.5,12.0,100.0,102.5,19,41,5,24.405405405405407,2.628928283642224,220,797.5,15.0,65.0,107.5,604.6324261145434,108.0,5.598448389949476,229.70530197651476,191.0,1.2026455600864645,360.1322161523697,188.0,1.9155968944274984,344.7962669427102,150.0,2.298641779618068,544.7421560740145,150.0,3.631614373826763
E:\N9_20251512_PKM2.lif,N9_20251512_PKM2,176,pranlukast/6/R5,N9_20251512_PKM2_S177_pranlukast_6_R5,5,11158,5420,0,5420,1,0,0,0,5420,6,12,1,31.11111111111111,1.454981549815498,93,217.5,6.0,20.0,45.0,0,0,0,0.0,,0,0.0,0.0,,,6,12,1,31.11111111111111,1.454981549815498,93,217.5,6.0,20.0,45.0,110.43911439114392,108.0,1.0225843925105915,214.5391143911439,191.0,1.1232414366028476,190.35738007380075,188.0,1.012539255711706,232.18228782287824,150.0,1.5478819188191884,216.59103431004257,150.0,1.4439402287336172
E:\N9_20251512_PKM2.lif,N9_20251512_PKM2,176,pranlukast/6/R5,N9_20251512_PKM2_S177_pranlukast_6_R5,6,28053,9886,0,9886,1,0,0,0,9886,9,17,8,24.823529411764707,1.7755411693303662,158,447.5,8.0,20.0,77.5,0,0,0,0.0,,0,0.0,0.0,,,9,17,8,24.823529411764707,1.7755411693303662,158,447.5,8.0,20.0,77.5,124.89864454784544,108.0,1.156468930998569,220.46712522759455,191.0,1.1542781425528512,211.9768359295974,188.0,1.1275363613276457,223.64909973700185,150.0,1.4909939982466789,209.80556988138216,150.0,1.3987037992092144
E:\N9_20251512_PKM2.lif,N9_20251512_PKM2,176,pranlukast/6/R5,N9_20251512_PKM2_S177_pranlukast_6_R5,7,133795,60882,60882,10533,1,60882,0,12448,10533,51,267,51,16.69942196531792,2.3387700798265496,309,1592.5,20.0,95.0,152.5,51,267,51,16.69942196531792,2.3387700798265496,309,1592.5,20.0,95.0,152.5,15,46,16,11.181818181818182,1.5714421342447549,155,312.5,7.0,40.0,75.0,606.2912847803949,108.0,5.613808192411064,210.88798002693736,191.0,1.1041255498792533,369.51538845450006,188.0,1.9655073853962768,213.9227193587596,150.0,1.4261514623917304,355.90136682674546,150.0,2.37267577884497
E:\N9_20251512_PKM2.lif,N9_20251512_PKM2,176,pranlukast/6/R5,N9_20251512_PKM2_S177_pranlukast_6_R5,8,76729,31718,31691,17482,1,30739,11381,17439,17482,31,173,38,13.403846153846152,1.7557853584715304,187,807.5,16.0,115.0,90.0,31,180,37,13.245454545454546,1.757281247041747,187,802.5,16.0,115.0,90.0,19,62,14,16.651162790697676,2.23767303512184,179,612.5,11.0,70.0,87.5,369.5896092911285,108.0,3.422126011954893,787.8754942447939,191.0,4.125002587669078,317.01037153735064,188.0,1.6862253805178224,276.2384450469765,150.0,1.84158963364651,405.6434142114385,150.0,2.7042894280762564
E:\N9_20251512_PKM2.lif,N9_20251512_PKM2,176,pranlukast/6/R5,N9_20251512_PKM2_S177_pranlukast_6_R5,9,10118,3403,3403,0,0,3403,0,0,0,10,26,9,10.318181818181818,1.618571848369086,74,162.5,5.0,30.0,35.0,10,26,9,10.318181818181818,1.618571848369086,74,162.5,5.0,30.0,35.0,0,0,0,0.0,,0,0.0,0.0,,,272.4904496032912,108.0,2.5230597185489927,241.4854540111666,191.0,1.2643217487495635,268.81516309138993,188.0,1.429867888783989,178.44578313253012,150.0,1.1896385542168677,,150.0,
E:\N9_20251512_PKM2.lif,N9_20251512_PKM2,176,pranlukast/6/R5,N9_20251512_PKM2_S177_pranlukast_6_R5,10,18270,8817,0,8817,1,0,0,998,8817,18,68,12,10.041666666666666,1.3174549166383125,89,242.5,10.0,55.0,42.5,0,0,0,0.0,,0,0.0,0.0,,,18,68,12,10.041666666666666,1.3174549166383125,89,242.5,10.0,55.0,42.5,117.35488261313373,108.0,1.086619283454942,248.54202109561075,191.0,1.3012671261550302,275.6954248366013,188.0,1.4664650257266028,425.9601905410003,150.0,2.8397346036066686,526.9939393939394,150.0,3.513292929292929
E:\N9_20251512_PKM2.lif,N9_20251512_PKM2,176,pranlukast/6/R5,N9_20251512_PKM2_S177_pranlukast_6_R5,11,31552,20631,19528,14574,2,0,19528,0,14574,22,90,13,16.050847457627118,1.3384227618632156,137,462.5,10.0,75.0,65.0,26,115,20,12.81578947368421,1.380172060630889,138,437.5,14.0,90.0,65.0,17,69,11,13.238095238095235,1.602579936873885,127,397.5,13.0,70.0,60.0,123.58625369589453,108.0,1.1443171638508751,751.2687423187218,191.0,3.93334420062158,220.1306286656003,188.0,1.170907599285108,330.7783432698366,150.0,2.205188955132244,403.8854349461018,150.0,2.692569566307345
E:\N9_20251512_PKM2.lif,N9_20251512_PKM2,176,pranlukast/6/R5,N9_20251512_PKM2_S177_pranlukast_6_R5,12,20805,10322,10290,5046,0,10290,0,0,5046,16,30,4,18.615384615384617,1.5044565006781632,106,337.5,10.0,65.0,50.0,16,22,6,21.545454545454547,1.5091350826044705,106,347.5,10.0,55.0,50.0,6,24,5,18.6,1.6668648434403488,92,187.5,5.0,40.0,42.5,443.7720116618076,108.0,4.1090001079797,205.70122069366403,191.0,1.0769697418516442,191.14842084867277,188.0,1.0167469194078338,201.13844216237163,150.0,1.3409229477491442,,150.0,
E:\N9_20251512_PKM2.lif,N9_20251512_PKM2,176,pranlukast/6/R5,N9_20251512_PKM2_S177_pranlukast_6_R5,13,27702,11123,8785,9357,1,0,8785,107,9357,11,68,12,12.658536585365852,1.6492852647666996,113,317.5,10.0,80.0,52.5,15,67,13,11.488372093023257,1.5433124644280023,99,327.5,8.0,65.0,47.5,10,75,19,11.404761904761903,1.839264721598803,115,322.5,9.0,45.0,55.0,115.618987683179,108.0,1.070546182251657,526.6384746727376,191.0,2.757269500904385,311.6703296703297,188.0,1.6578209025017536,281.59372471455544,150.0,1.8772914980970363,323.0642171466402,150.0,2.153761447644268
E:\N9_20251512_PKM2.lif,N9_20251512_PKM2,176,pranlukast/6/R5,N9_20251512_PKM2_S177_pranlukast_6_R5,14,47472,16622,14701,9553,1,0,14701,82,9553,18,69,28,13.923076923076923,1.5776681506437251,137,442.5,8.0,75.0,65.0,17,69,24,12.431372549019608,1.3553499761920955,141,337.5,11.0,65.0,61.30434782608695,18,59,23,12.897435897435898,2.0732754108656968,131,362.5,6.0,85.0,62.5,116.52899771387318,108.0,1.0789722010543814,855.0299979593225,191.0,4.476596847954568,301.5365853658537,188.0,1.603918007265179,293.8464685356756,150.0,1.9589764569045045,486.6041666666667,150.0,3.2440277777777777
E:\N9_20251512_PKM2.lif,N9_20251512_PKM2,176,pranlukast/6/R5,N9_20251512_PKM2_S177_pranlukast_6_R5,15,21425,14606,14603,8356,1,14603,0,149,8356,12,52,9,17.36842105263158,1.2744077776256333,109,297.5,8.0,75.0,52.5,12,52,10,17.394736842105264,1.2746695884407313,109,297.5,8.0,75.0,52.5,8,33,8,16.894736842105264,1.2065581617999042,88,232.5,10.0,45.0,42.5,463.1655824145723,108.0,4.288570207542336,206.51088593728605,191.0,1.0812088268967857,327.48993288590606,188.0,1.7419677281165216,324.11556894426946,150.0,2.160770459628463,444.48979591836735,150.0,2.963265306122449
E:\N9_20251512_PKM2.lif,N9_20251512_PKM2,176,pranlukast/6/R5,N9_20251512_PKM2_S177_pranlukast_6_R5,16,30860,17461,15900,14648,2,15900,0,3199,14648,16,58,23,14.853658536585366,1.2034247752133325,110,332.5,13.0,80.0,52.5,11,66,17,15.477272727272728,1.278301886792453,108,352.5,18.0,85.0,52.5,18,43,17,14.35,1.2095166575641725,105,262.5,10.0,75.0,50.0,414.4769811320755,108.0,3.8377498252969953,225.3339442185442,191.0,1.1797588702541582,267.6524725274725,188.0,1.4236833645078326,384.6806024855392,150.0,2.564537349903595,462.41351094196006,150.0,3.082756739613067
E:\N9_20251512_PKM2.lif,N9_20251512_PKM2,176,pranlukast/6/R5,N9_20251512_PKM2_S177_pranlukast_6_R5,17,54262,41291,11786,41252,3,0,11786,19450,41252,28,91,24,18.544117647058822,1.2838875299702115,203,642.5,9.0,90.0,100.0,16,103,34,8.945205479452055,1.4116748684880367,114,370.0,8.0,10.0,57.5,28,94,21,18.042857142857144,1.2851013284204402,203,647.5,9.0,90.0,100.0,120.6934925286382,108.0,1.1175323382281317,449.2588664517224,191.0,2.3521406620509024,296.1715229798738,188.0,1.5753804413823076,478.7190913274079,150.0,3.191460608849386,543.9612287503728,150.0,3.626408191669152
E:\N9_20251512_PKM2.lif,N9_20251512_PKM2,176,pranlukast/6/R5,N9_20251512_PKM2_S177_pranlukast_6_R5,19,40206,24603,18014,21955,2,0,18014,210,21955,17,80,15,17.76923076923077,1.266308986708938,171,432.5,8.0,90.0,82.5,25,137,37,12.03448275862069,1.5984234484289996,163,417.5,9.0,70.0,80.0,13,64,11,15.30952380952381,1.280437258027784,164,367.5,8.0,80.0,80.0,114.03052473275616,108.0,1.0558381919699644,807.6573220828245,191.0,4.228572366925783,294.2809523809524,188.0,1.5653242147923,490.5412754542129,150.0,3.2702751696947527,525.6997840172786,150.0,3.504665226781857
E:\N9_20251512_PKM2.lif,N9_20251512_PKM2,176,pranlukast/6/R5,N9_20251512_PKM2_S177_pranlukast_6_R5,20,20718,12321,0,12321,1,0,0,0,12321,8,18,0,28.692307692307693,1.4364093823553283,109,337.5,10.0,85.0,52.5,0,0,0,0.0,,0,0.0,0.0,,,8,18,0,28.692307692307693,1.4364093823553283,109,337.5,10.0,85.0,52.5,110.43527311094878,108.0,1.0225488251013777,192.49143738332927,191.0,1.0078085726875878,178.47285122960798,188.0,0.949323676753234,408.31352974596217,150.0,2.7220901983064145,489.9200262209112,150.0,3.266133508139408
E:\N9_20251512_PKM2.lif,N9_20251512_PKM2,176,pranlukast/6/R5,N9_20251512_PKM2_S177_pranlukast_6_R5,21,6370,5207,0,5207,1,0,0,0,5207,6,16,2,16.923076923076923,1.1156135970808527,63,102.5,5.0,35.0,30.0,0,0,0,0.0,,0,0.0,0.0,,,6,16,2,16.923076923076923,1.1156135970808527,63,102.5,5.0,35.0,30.0,111.5609756097561,108.0,1.0329719963866306,196.26099481467256,191.0,1.0275444754694898,170.7728058382946,188.0,0.908365988501567,344.8947570578068,150.0,2.2992983803853786,310.3569944598338,150.0,2.069046629732225
E:\N9_20251512_PKM2.lif,N9_20251512_PKM2,176,pranlukast/6/R5,N9_20251512_PKM2_S177_pranlukast_6_R5,22,5035,3947,3427,2727,1,0,3427,0,2727,6,32,9,10.85,1.137066126171776,66,162.5,8.0,35.0,30.0,5,32,10,10.25,1.2083454916836884,62,122.5,7.0,35.0,27.5,9,23,6,9.166666666666666,1.2258892555922258,65,157.5,9.0,30.0,30.0,107.52926273118824,108.0,0.9956413215850765,558.7324190253867,191.0,2.9253006231695635,169.61236382062324,188.0,0.9021934245777832,255.2417025589055,150.0,1.7016113503927033,265.6794003868472,150.0,1.7711960025789812
E:\N9_20251512_PKM2.lif,N9_20251512_PKM2,178,pranlukast/6/R9,N9_20251512_PKM2_S179_pranlukast_6_R9,1,12499,9123,9104,5135,0,9104,0,7192,5135,13,41,14,14.689655172413794,1.3554751726405787,96,257.5,7.0,35.0,45.0,13,41,14,14.655172413793103,1.3535808435852372,96,252.5,8.0,55.0,45.0,5,9,1,31.571428571428573,1.6077896786757546,90,197.5,6.0,75.0,42.5,489.99340949033393,108.0,4.536976013799388,215.4833936205196,193.0,1.1164942674638318,348.64160026560427,189.0,1.844664551669864,218.98311958785487,147.0,1.4896810856316658,,147.0,
E:\N9_20251512_PKM2.lif,N9_20251512_PKM2,178,pranlukast/6/R9,N9_20251512_PKM2_S179_pranlukast_6_R9,2,61133,31583,20980,29383,2,20980,2041,14226,29383,29,135,31,16.626506024096386,1.6261596428458347,165,840.0,12.0,115.0,80.0,25,86,24,13.578125,1.8080552907530985,165,627.5,11.0,100.0,80.0,27,128,33,15.977272727272728,1.719872034850083,163,792.5,14.0,120.0,80.0,359.2866062917064,108.0,3.3267278360343187,361.6482116609505,193.0,1.8738249308857535,305.3296368172997,189.0,1.6155007239010564,320.3927112687205,147.0,2.179542253528711,378.2602158146117,147.0,2.5731987470381745
E:\N9_20251512_PKM2.lif,N9_20251512_PKM2,178,pranlukast/6/R9,N9_20251512_PKM2_S179_pranlukast_6_R9,3,17142,7657,2889,7657,1,2889,0,12,7657,11,34,15,13.74074074074074,1.4979757085020242,91,247.5,8.0,45.0,42.5,10,24,8,8.7,1.5628245067497404,62,125.0,6.0,30.0,27.5,11,34,15,13.74074074074074,1.4979757085020242,91,247.5,8.0,45.0,42.5,242.1152647975078,108.0,2.241808007384332,229.66514300639935,193.0,1.189974834230049,215.31396108136343,189.0,1.1392273073088013,346.3564059030952,147.0,2.356166026551668,354.16942909760587,147.0,2.4093158442014007
E:\N9_20251512_PKM2.lif,N9_20251512_PKM2,178,pranlukast/6/R9,N9_20251512_PKM2_S179_pranlukast_6_R9,4,103123,21822,5770,21612,1,5770,0,0,21612,14,47,7,32.0,3.648199065163596,222,907.5,9.0,70.0,107.5,14,60,16,9.435897435897436,1.5575389948006932,90,222.5,6.0,35.0,42.5,16,47,6,30.914285714285715,3.68364797334814,222,947.5,12.0,95.0,107.5,245.17868284228769,108.0,2.2701729892804416,215.48185317569423,193.0,1.1164862858844262,235.28755384474383,189.0,1.2449076923002318,278.8742095133352,147.0,1.8971034660771104,400.6278306531014,147.0,2.725359392197969
E:\N9_20251512_PKM2.lif,N9_20251512_PKM2,178,pranlukast/6/R9,N9_20251512_PKM2_S179_pranlukast_6_R9,5,107826,66103,65552,2531,0,64276,2239,36517,2531,63,376,80,13.811715481171548,1.7805243332375231,289,1492.5,17.0,150.0,142.5,64,345,67,14.345132743362832,1.7854222601903833,289,1542.5,26.0,155.0,142.5,10,44,29,5.838709677419355,1.9514026076649549,62,177.5,11.0,45.0,27.5,749.2204555355031,108.0,6.937226440143547,500.2014292094685,193.0,2.5917172497899923,358.09448219127995,189.0,1.8946797999538625,249.6534499190657,147.0,1.698322788565073,,147.0,
E:\N9_20251512_PKM2.lif,N9_20251512_PKM2,178,pranlukast/6/R9,N9_20251512_PKM2_S179_pranlukast_6_R9,7,33328,12891,8688,9505,1,0,8688,135,9505,15,93,23,13.50909090909091,1.445737336125979,120,332.5,11.0,60.0,57.5,20,122,49,7.635294117647059,2.037753222836096,118,520.0,10.0,55.0,57.5,14,54,14,13.794117647058824,1.2979484481851655,106,272.5,9.0,60.0,50.0,120.53750678768132,108.0,1.1160880258118642,388.5131215469613,193.0,2.013021355165603,300.171875,189.0,1.5882109788359788,288.89923202234115,147.0,1.9653008981111644,350.31326164874554,147.0,2.3830834125765
E:\N9_20251512_PKM2.lif,N9_20251512_PKM2,178,pranlukast/6/R9,N9_20251512_PKM2_S179_pranlukast_6_R9,8,16413,12028,4489,11446,1,2097,2392,8504,11446,11,29,7,16.26086956521739,1.300299301629531,103,282.5,12.0,80.0,50.0,24,75,20,6.725490196078432,2.4319447538427266,117,302.5,7.0,60.0,55.0,12,42,7,13.241379310344827,1.2572077581687926,103,232.5,5.0,45.0,47.5,266.92083929422984,108.0,2.4714892527243504,410.1772575250836,193.0,2.1252707643786715,256.207878701998,189.0,1.3555972418095137,306.98819421350186,147.0,2.088355062676883,323.5854945054945,147.0,2.2012618673843165
E:\N9_20251512_PKM2.lif,N9_20251512_PKM2,178,pranlukast/6/R9,N9_20251512_PKM2_S179_pranlukast_6_R9,9,75943,39757,35804,19593,1,0,35804,2438,19593,55,242,54,12.212121212121213,1.5178207611238272,183,852.5,16.0,105.0,90.0,47,224,52,11.920529801324504,1.462266785833985,169,872.5,17.0,90.0,82.5,32,102,35,14.67948717948718,2.215740315418772,165,707.5,9.0,95.0,80.0,116.89496189350304,108.0,1.0823607582731762,975.1090939559824,193.0,5.052378725160532,307.5778313253012,189.0,1.6273959329381016,311.1174887441205,147.0,2.116445501660684,535.9274961597542,147.0,3.645765279998328
E:\N9_20251512_PKM2.lif,N9_20251512_PKM2,178,pranlukast/6/R9,N9_20251512_PKM2_S179_pranlukast_6_R9,10,14129,7509,0,7509,1,0,0,0,7509,8,53,19,10.333333333333334,1.2178718870688507,75,232.5,9.0,60.0,35.0,0,0,0,0.0,,0,0.0,0.0,,,8,53,19,10.333333333333334,1.2178718870688507,75,232.5,9.0,60.0,35.0,115.58023704887468,108.0,1.0701873800821728,239.6556132640831,193.0,1.241738928829446,208.1318417898522,189.0,1.1012266761367842,351.009055799707,147.0,2.387816706120456,328.3687528140477,147.0,2.233801039551345
E:\N9_20251512_PKM2.lif,N9_20251512_PKM2,178,pranlukast/6/R9,N9_20251512_PKM2_S179_pranlukast_6_R9,11,22761,9117,0,9117,1,0,0,1,9117,20,59,11,10.275,1.46012942854009,105,317.5,21.0,50.0,50.0,0,0,0,0.0,,0,0.0,0.0,,,20,59,11,10.275,1.46012942854009,105,317.5,21.0,50.0,50.0,113.93682132280355,108.0,1.0549705678037369,249.97554019962703,193.0,1.2952100528478083,216.0,189.0,1.1428571428571428,389.3330042777229,147.0,2.6485238386239653,427.1905689789556,147.0,2.906058292373848
E:\N9_20251512_PKM2.lif,N9_20251512_PKM2,178,pranlukast/6/R9,N9_20251512_PKM2_S179_pranlukast_6_R9,13,71267,27349,27175,12077,1,0,27175,0,12077,50,318,83,9.326633165829143,1.624154448060258,155,867.5,18.0,75.0,75.0,50,356,91,8.561643835616438,1.6136522539098437,148,897.5,18.0,110.0,72.5,23,67,24,12.363636363636363,1.9780574646021365,143,392.5,9.0,70.0,67.5,112.7381257084354,108.0,1.0438715343373648,957.1501379944802,193.0,4.959327139867773,194.0240593805989,189.0,1.0265823247650736,331.8668324253172,147.0,2.2575974994919537,456.453125,147.0,3.105123299319728
E:\N9_20251512_PKM2.lif,N9_20251512_PKM2,178,pranlukast/6/R9,N9_20251512_PKM2_S179_pranlukast_6_R9,14,66745,26458,25901,16199,1,0,25901,12,16199,33,180,39,12.387387387387388,1.748469272053821,167,707.5,11.0,75.0,80.0,35,200,33,11.198347107438016,1.735608663758156,155,732.5,13.0,85.0,75.0,20,58,10,18.317073170731707,2.19501203778011,160,472.5,10.0,90.0,77.5,110.12124877163808,108.0,1.0196411923299822,1057.4550017373847,193.0,5.479041459779196,393.3333333333333,189.0,2.0811287477954146,393.6597248469272,147.0,2.6779573118838584,647.1599210266535,147.0,4.402448442358187
E:\N9_20251512_PKM2.lif,N9_20251512_PKM2,178,pranlukast/6/R9,N9_20251512_PKM2_S179_pranlukast_6_R9,15,34571,15825,0,15825,1,0,0,10855,15825,24,72,13,12.732142857142858,1.6552290679304895,123,522.5,17.0,95.0,60.0,0,0,0,0.0,,0,0.0,0.0,,,24,72,13,12.732142857142858,1.6552290679304895,123,522.5,17.0,95.0,60.0,125.3193680884676,108.0,1.160364519337663,243.78780410742496,193.0,1.263149244079922,311.7781727224855,189.0,1.6496199614946323,399.7756082148499,147.0,2.7195619606452377,462.4782805429864,147.0,3.146110751993105
E:\N9_20251512_PKM2.lif,N9_20251512_PKM2,178,pranlukast/6/R9,N9_20251512_PKM2_S179_pranlukast_6_R9,16,41904,8653,6661,6870,1,0,6661,0,6870,8,28,5,16.192307692307693,1.5001733502831387,106,322.5,13.0,70.0,50.0,6,20,6,15.941176470588236,1.3448431166491517,86,192.5,8.0,45.0,40.0,7,21,8,17.25,1.6034934497816593,110,222.5,7.0,65.0,52.5,109.99063908471052,108.0,1.0184318433769493,566.2669268878547,193.0,2.9340255279163454,176.244770599792,189.0,0.9325120137555132,259.626603490119,147.0,1.7661673706810816,241.854415274463,147.0,1.645268131118796
E:\N9_20251512_PKM2.lif,N9_20251512_PKM2,178,pranlukast/6/R9,N9_20251512_PKM2_S179_pranlukast_6_R9,17,27340,6912,1667,6912,1,1667,0,72,6912,6,16,4,19.2,1.2808159722222223,102,222.5,6.0,15.0,47.5,11,46,12,5.642857142857143,1.7570485902819435,54,102.5,4.0,35.0,25.0,6,16,4,19.2,1.2808159722222223,102,222.5,6.0,15.0,47.5,215.47870425914817,108.0,1.9951731875847052,185.9351851851852,193.0,0.9633947418921512,304.5,189.0,1.6111111111111112,256.18894675925924,147.0,1.74278195074326,270.53729903536976,147.0,1.8403897893562569
