calcium_label,calcium AUC,calcium response time,calcium_auc_w1,calcium_auc_w2,calcium_auc_w3,calcium_auc_norm_w1,calcium_auc_norm_w2,calcium_auc_norm_w3,calcium_active_time_w1,calcium_active_time_w2,calcium_active_time_w3,calcium_response_time_w1,calcium_response_time_w2,calcium_response_time_w3,calcium_auc_w2_w3,calcium_auc_norm_w2_w3,calcium_AUC_norm,calcium_baseline_F0,calcium_baseline_mean_dff,calcium_baseline_sd_dff
1,8.90425392985344,0.0,0.7604098035953939,0.0,8.90425392985344,0.012673496726589899,0.0,0.13698852199774522,60.0,68.0,65.0,0.0,0.0,0.10606060606060606,8.90425392985344,0.06694927766807098,0.06694927766807098,1197.080810546875,0.0046525197103619576,0.07680066674947739
2,10.179691489902325,0.0,1.8566167379030958,1.7087820605374873,8.470909429364838,0.03094361229838493,0.025129147949080693,0.1303216835286898,60.0,68.0,65.0,0.0,0.0,0.030303030303030304,10.179691489902325,0.0765390337586641,0.0765390337586641,941.974609375,0.017980443313717842,0.08552631735801697
3,62.40011628717184,0.0,0.1377941386308521,0.0,62.40011628717184,0.0022965689771808685,0.0,0.9600017890334129,60.0,68.0,65.0,0.0,0.0,0.6818181818181818,62.40011628717184,0.469173806670465,0.469173806670465,1239.554931640625,0.0037966782692819834,0.029903246089816093
4,0.0015464070020243526,0.0,0.46404473850270733,0.0015464070020243526,0.0,0.007734078975045122,2.2741279441534597e-05,0.0,60.0,68.0,65.0,0.0,0.0,0.0,0.0015464070020243526,1.1627120315972575e-05,1.1627120315972575e-05,1786.6832275390625,-0.003427352989092469,0.03899330645799637
5,8.07620392786339,0.0,0.6244819085113704,0.5046741510741413,7.571529776789248,0.01040803180852284,0.007421678692266783,0.11648507348906535,60.0,68.0,65.0,0.0,0.0,0.15151515151515152,8.07620392786339,0.06072333780348413,0.06072333780348413,1421.417724609375,-0.0033883589785546064,0.02935534343123436
6,3.940115125500597,0.0,1.115859912824817,0.5149790782015771,3.42513604729902,0.01859766521374695,0.007573221738258486,0.05269440072767723,60.0,68.0,65.0,0.0,0.0,0.0,3.940115125500597,0.029624925755643586,0.029624925755643586,1041.9844970703125,0.00866264570504427,0.07849738001823425
7,2.1630769936018623,0.0,0.5261023504426703,0.02015501953428611,2.1429219740675762,0.008768372507377838,0.0002963973460924428,0.03296803037027041,60.0,68.0,65.0,0.0,0.0,0.015151515151515152,2.1630769936018623,0.016263736793998965,0.016263736793998965,1458.7796630859375,-0.001466069370508194,0.03731884807348251
8,4.690119518316351,0.0,2.53094443352893,2.35465452587232,2.335464992444031,0.042182407225482166,0.03462727243929882,0.03593023065298509,60.0,68.0,65.0,0.0,0.0,0.0,4.690119518316351,0.03526405652869437,0.03526405652869437,644.3057250976562,-0.002152357716113329,0.07582378387451172
9,10.098513616467244,0.0,0.903344680576339,0.41978804487735033,9.678725571589894,0.015055744676272317,0.006173353601137505,0.1489034703321522,60.0,68.0,65.0,0.0,0.0,0.19696969696969696,10.098513616467244,0.07592867380802439,0.07592867380802439,426.9235534667969,0.0019496831810101867,0.05363252013921738
10,0.8395348307676613,0.0,0.03814902971498668,0.007238874677568674,0.8322959560900927,0.0006358171619164447,0.0001064540393760099,0.01280455317061681,60.0,68.0,65.0,0.0,0.0,0.045454545454545456,0.8395348307676613,0.006312291960659108,0.006312291960659108,918.3424682617188,-0.0008298478787764907,0.020680340006947517
11,41.83474178612232,0.0,2.946625402662903,3.371473397128284,38.46326838899404,0.049110423377715054,0.04958049113423947,0.5917425905999083,60.0,68.0,65.0,0.0,0.0,0.4090909090909091,41.83474178612232,0.3145469307227242,0.3145469307227242,819.8810424804688,0.006687423214316368,0.03923921287059784
12,8.861528623150662,0.0,1.9368403099942952,0.8668406747747213,7.99468794837594,0.03228067183323825,0.012747656981981196,0.1229951992057837,60.0,68.0,65.0,0.0,0.0,0.07575757575757576,8.861528623150662,0.0666280347605313,0.0666280347605313,642.3084106445312,0.00318288616836071,0.05275879055261612
13,106.86852225381881,0.0,0.20410015905508772,0.0,106.86852225381881,0.0034016693175847952,0.0,1.6441311115972124,60.0,68.0,65.0,0.0,0.0,0.8181818181818182,106.86852225381881,0.8035227237129234,0.8035227237129234,735.3615112304688,0.0019430250395089388,0.02220693603157997
14,14.30804937845096,0.0,0.5212471804552479,0.0,14.30804937845096,0.008687453007587465,0.0,0.22012383659155324,60.0,68.0,65.0,0.0,0.0,0.5303030303030303,14.30804937845096,0.10757931863496963,0.10757931863496963,1241.1373291015625,-0.00798968318849802,0.03042929619550705
15,1.3253646101802588,0.0,0.7419649357907474,0.01601000875234604,1.3093546014279127,0.012366082263179123,0.00023544130518155938,0.02014391694504481,60.0,68.0,65.0,0.0,0.0,0.0,1.3253646101802588,0.00996514744496435,0.00996514744496435,565.5870361328125,-0.006564024835824966,0.06087736040353775
16,5.486385967407841,0.0,0.8725481452420354,2.723285961605143,2.7631000058026984,0.014542469087367256,0.04004832296478151,0.042509230858503055,60.0,68.0,65.0,0.0,0.0,0.0,5.486385967407841,0.04125102231133715,0.04125102231133715,501.0517272949219,0.0014725837390869856,0.05897486209869385
17,14.893612660001963,0.0,2.017543541151099,2.826317684724927,12.067294975277036,0.03362572568585165,0.04156349536360187,0.18565069192733902,60.0,68.0,65.0,0.0,0.0,0.16666666666666666,14.893612660001963,0.11198205007520273,0.11198205007520273,504.4505310058594,-0.005169468466192484,0.08895239233970642
18,31.06065482646227,0.0,0.010107847861945629,0.0,31.06065482646227,0.00016846413103242716,0.0,0.4778562280994195,60.0,68.0,65.0,0.0,0.0,0.5757575757575758,31.06065482646227,0.23353875809370128,0.23353875809370128,785.5164184570312,-0.008904590271413326,0.02878982201218605
19,9.043020614539273,0.0,0.6552883628755808,0.006880656001158059,9.036139958538115,0.010921472714593013,0.0001011861176640891,0.1390175378236633,60.0,68.0,65.0,0.0,0.0,0.21212121212121213,9.043020614539273,0.0679926361995434,0.0679926361995434,1122.10595703125,0.0038973912596702576,0.02740432694554329
20,0.175728231202811,0.0,1.6599004361778498,0.0,0.175728231202811,0.02766500726963083,0.0,0.0027035112492740155,60.0,68.0,65.0,0.0,0.0,0.0,0.175728231202811,0.0013212648962617369,0.0013212648962617369,801.3424072265625,-0.0045970166102051735,0.03550564870238304
21,3.7281815065070987,0.0,1.650451846420765,0.8265482536517084,2.9016332528553903,0.027507530773679414,0.012155121377231005,0.04464051158239062,60.0,68.0,65.0,0.0,0.0,0.0,3.7281815065070987,0.028031439898549615,0.028031439898549615,546.1937255859375,-0.0064405049197375774,0.09217957407236099
22,21.195934584742645,0.0,0.21105834958143532,1.01064488911652,20.185289695626125,0.003517639159690589,0.014862424839948825,0.3105429183942481,60.0,68.0,65.0,0.0,0.0,0.22727272727272727,21.195934584742645,0.1593679292085913,0.1593679292085913,829.5143432617188,-0.0018392668571323156,0.024914084002375603
23,29.882774233818054,0.0,0.00043612378067336977,0.0,29.882774233818054,7.268729677889496e-06,0.0,0.45973498821258546,60.0,68.0,65.0,0.0,0.0,0.3181818181818182,29.882774233818054,0.22468251303622597,0.22468251303622597,2031.2220458984375,0.0005556010291911662,0.026132313534617424
24,113.30204351246357,0.0,0.8902688359376043,0.0,113.30204351246357,0.014837813932293406,0.0,1.7431083617302088,60.0,68.0,65.0,0.0,0.0,0.9545454545454546,113.30204351246357,0.8518950640034855,0.8518950640034855,354.8730163574219,0.004402192309498787,0.02441217005252838
25,1.1192190608126111,0.0,0.19981355092022568,0.0,1.1192190608126111,0.003330225848670428,0.0,0.01721875478173248,60.0,68.0,65.0,0.0,0.0,0.07575757575757576,1.1192190608126111,0.008415180908365497,0.008415180908365497,1153.594970703125,5.173668250790797e-05,0.024465810507535934
26,4.114900900167413,0.0,0.03344148234464228,1.104726907913573,3.01017399225384,0.0005573580390773713,0.016245983939905485,0.04631036911159754,60.0,68.0,65.0,0.0,0.0,0.10606060606060606,4.114900900167413,0.030939104512536942,0.030939104512536942,1216.845458984375,-0.0020738495513796806,0.041837286204099655
27,35.30386767687742,0.0,0.20505128428339958,2.9612252122024074,32.34264246467501,0.0034175214047233262,0.04354742959121188,0.49757911484115397,60.0,68.0,65.0,0.0,0.0,0.3939393939393939,35.30386767687742,0.26544261411186026,0.26544261411186026,862.4310302734375,0.004267845302820206,0.05320354923605919
28,5.059794640168548,0.0,0.6368313533603214,0.8825011239387095,4.177293516229838,0.01061385588933869,0.012977957704981022,0.06426605409584367,60.0,68.0,65.0,0.0,0.0,0.0,5.059794640168548,0.03804356872307179,0.03804356872307179,766.4063110351562,-0.00012622267240658402,0.06196511536836624
29,47.071283685043454,0.0,0.4835000238381326,0.0,47.071283685043454,0.008058333730635544,0.0,0.7241735951545146,60.0,68.0,65.0,0.0,0.0,0.3939393939393939,47.071283685043454,0.3539194262033342,0.3539194262033342,1106.3323974609375,9.882100130198523e-05,0.041004933416843414
30,7.11912516981829,0.0,1.2406710849609226,1.1243517496623099,5.99477342015598,0.020677851416015375,0.0165345845538575,0.09222728338701507,60.0,68.0,65.0,0.0,0.0,0.0,7.11912516981829,0.05352725691592699,0.05352725691592699,961.1817016601562,-0.0010658428072929382,0.089080810546875
31,4.953662494197488,0.0,2.8783640386536717,1.9733945988118649,2.980267895385623,0.047972733977561195,0.029020508806056836,0.04585027531362497,60.0,68.0,65.0,0.0,0.0,0.0,4.953662494197488,0.03724558266313901,0.03724558266313901,1174.1795654296875,0.009770126082003117,0.09422959387302399
32,45.75213913619518,0.0,0.09713286510668695,0.0,45.75213913619518,0.001618881085111449,0.0,0.7038790636337721,60.0,68.0,65.0,0.0,0.0,0.3939393939393939,45.75213913619518,0.3440010461368059,0.3440010461368059,1283.86083984375,-0.003828216576948762,0.023495826870203018
33,45.60113868210465,0.0,0.7204057162161916,0.006349008996039629,45.59478967310861,0.012006761936936528,9.336777935352395e-05,0.7014583026632093,60.0,68.0,65.0,0.0,0.0,0.5,45.60113868210465,0.34286570437672664,0.34286570437672664,1215.337158203125,-0.001154350466094911,0.03374750539660454
34,99.15804306417704,0.0,1.2290464584948495,0.10343847796320915,99.05460458621383,0.020484107641580825,0.0015211540876942523,1.5239169936340589,60.0,68.0,65.0,0.0,0.0,0.8333333333333334,99.15804306417704,0.7455491959712559,0.7455491959712559,875.6897583007812,-0.0009059408330358565,0.02970331534743309
35,6.267012465472362,0.0,0.946035853587091,3.27387553700828,2.9931369284640823,0.015767264226451517,0.04814522848541588,0.04604826043790896,60.0,68.0,65.0,0.0,0.0,0.06060606060606061,6.267012465472362,0.04712039447723581,0.04712039447723581,1160.52197265625,0.0009748946176841855,0.027953151613473892
36,51.08099193032831,0.0,0.42581797880120575,0.5024637980386615,50.57852813228965,0.007096966313353429,0.007389173500568551,0.7781312020352253,60.0,68.0,65.0,0.0,0.0,0.3787878787878788,51.08099193032831,0.3840676084987091,0.3840676084987091,1037.706787109375,0.004792872816324234,0.04207150638103485
37,21.83360941708088,0.0,0.6026398946996778,0.0,21.83360941708088,0.01004399824499463,0.0,0.3359016833397058,60.0,68.0,65.0,0.0,0.0,0.2878787878787879,21.83360941708088,0.164162476820157,0.164162476820157,829.2333374023438,0.004472633823752403,0.047699254006147385
38,4.123342000093544,0.0,0.9722436976153404,0.5745945246017072,3.5487474754918367,0.01620406162692234,0.00844991947943687,0.05459611500756672,60.0,68.0,65.0,0.0,0.0,0.015151515151515152,4.123342000093544,0.031002571429274765,0.031002571429274765,1478.9429931640625,0.011103830300271511,0.03782704472541809
39,85.3750816360116,0.0,0.16771488427184522,0.0,85.3750816360116,0.0027952480711974205,0.0,1.3134627944001784,60.0,68.0,65.0,0.0,0.0,0.5606060606060606,85.3750816360116,0.6419179070376813,0.6419179070376813,406.0978698730469,0.00797488447278738,0.038189277052879333
40,5.5379597070859745,0.0,0.12738522689323872,0.6072889595525339,4.930670747533441,0.002123087114887312,0.008930719993419616,0.07585647303897601,60.0,68.0,65.0,0.0,0.0,0.13636363636363635,5.5379597070859745,0.04163879479012011,0.04163879479012011,5291.23095703125,0.0009059648145921528,0.020705459639430046
41,17.168736705556512,0.0,0.8993394433055073,0.10311224311590195,17.06562446244061,0.014988990721758456,0.0015163565164103227,0.26254806865293245,60.0,68.0,65.0,0.0,0.0,0.30303030303030304,17.168736705556512,0.12908824590643994,0.12908824590643994,1294.6712646484375,-0.0037032621912658215,0.03914548456668854
42,110.17373531486373,0.0,0.8525512127089314,0.4377177449641749,109.73601756989956,0.01420918687848219,0.006437025661237866,1.688246424152301,60.0,68.0,65.0,0.0,0.0,0.696969696969697,110.17373531486373,0.8283739497358176,0.8283739497358176,421.169677734375,0.0017758068861439824,0.06043272465467453
43,40.55789089202881,0.0,0.0,0.0,40.55789089202881,0.0,0.0,0.6239675521850586,60.0,68.0,65.0,0.0,0.0,0.5454545454545454,40.55789089202881,0.304946548060367,0.304946548060367,743.7776489257812,-0.005413365550339222,0.0575828030705452
44,0.11978887999430299,0.0,0.33395267464220524,0.0966621432453394,0.023126736748963594,0.005565877910703421,0.0014215021065491088,0.0003557959499840553,60.0,68.0,65.0,0.0,0.0,0.0,0.11978887999430299,0.0009006682706338571,0.0009006682706338571,952.4859619140625,-0.0011444127885624766,0.030111093074083328
45,24.98371045620297,0.0,1.7305787194054574,2.352717556321295,22.630992899881676,0.028842978656757622,0.03459878759296022,0.34816912153664115,60.0,68.0,65.0,0.0,0.0,0.2878787878787879,24.98371045620297,0.18784744703912007,0.18784744703912007,1078.4305419921875,-0.0065849777311086655,0.04130006581544876
46,21.97727249143645,0.0,0.5367205338552594,0.0,21.97727249143645,0.008945342230920991,0.0,0.3381118844836377,60.0,68.0,65.0,0.0,0.0,0.4090909090909091,21.97727249143645,0.16524265031155227,0.16524265031155227,776.517822265625,-0.015474498271942139,0.046019431203603745
47,14.417335199890658,0.0,0.21672815911006182,0.0010686914902180433,14.41626650840044,0.0036121359851676972,1.5716051326735932e-05,0.22178871551385293,60.0,68.0,65.0,0.0,0.0,0.25757575757575757,14.417335199890658,0.10840101654053126,0.10840101654053126,1216.1439208984375,-0.008682452142238617,0.03465849906206131
48,2.4985865431372076,0.0,3.291970887570642,1.827952164458111,0.6706343786790967,0.0548661814595107,0.02688164947732516,0.010317451979678411,60.0,68.0,65.0,0.0,0.0,0.0,2.4985865431372076,0.018786364985994043,0.018786364985994043,161.44534301757812,0.007902940735220909,0.06144207715988159
49,164.14920358388918,0.0,3.3723275784868747,0.14449383347528055,164.0047097504139,0.056205459641447915,0.0021249093158129495,2.5231493807755982,60.0,68.0,65.0,0.01639344262295082,0.0,0.8787878787878788,164.14920358388918,1.2342045382247306,1.2342045382247306,691.23046875,-0.0008883863920345902,0.028365477919578552
50,0.0,0.0,1.531291546416469,0.0,0.0,0.025521525773607816,0.0,0.0,60.0,68.0,65.0,0.0,0.0,0.0,0.0,0.0,0.0,1673.130859375,0.0028477900195866823,0.03037060797214508
51,67.49544995091856,0.0,0.523766124737449,0.0,67.49544995091856,0.008729435412290817,0.0,1.0383915377064392,60.0,68.0,65.0,0.0,0.0,0.5757575757575758,67.49544995091856,0.507484586097132,0.507484586097132,674.7705688476562,-0.001314852968789637,0.036121901124715805
52,33.59304343536496,0.0,0.23539625003468245,0.0,33.59304343536496,0.003923270833911374,0.0,0.5168160528517687,60.0,68.0,65.0,0.0,0.0,0.5454545454545454,33.59304343536496,0.2525792739501125,0.2525792739501125,982.4541625976562,0.0028304713778197765,0.041002001613378525
53,106.9927142187953,0.0,0.7832660494605079,0.0,106.9927142187953,0.013054434157675132,0.0,1.6460417572122354,60.0,68.0,65.0,0.0,0.0,0.6515151515151515,106.9927142187953,0.804456497885679,0.804456497885679,788.5140380859375,0.00044706769404001534,0.040076401084661484
54,0.7905262627173215,0.0,0.3569500483572483,0.26932554005179554,0.521200722665526,0.005949167472620805,0.003960669706644052,0.008018472656392708,60.0,68.0,65.0,0.0,0.0,0.0,0.7905262627173215,0.005943806486596402,0.005943806486596402,1040.04150390625,0.006469237618148327,0.047042377293109894
55,28.328088318929076,0.0,0.16258586011826992,0.0,28.328088318929076,0.0027097643353044985,0.0,0.43581674336813964,60.0,68.0,65.0,0.0,0.0,0.3181818181818182,28.328088318929076,0.21299314525510585,0.21299314525510585,747.1962890625,0.005386033095419407,0.031137173995375633
56,3.192776163807139,0.0,0.03809972573071718,0.005183871369808912,3.18759229243733,0.0006349954288452864,7.623340249718989e-05,0.04903988142211277,60.0,68.0,65.0,0.0,0.0,0.15151515151515152,3.192776163807139,0.024005835818098786,0.024005835818098786,1002.9606323242188,-0.00032813489087857306,0.030179083347320557
57,1.5564037340227515,0.0,0.009037263691425323,0.007686924654990435,1.548716809367761,0.0001506210615237554,0.00011304300963221227,0.023826412451811708,60.0,68.0,65.0,0.0,0.0,0.015151515151515152,1.5564037340227515,0.011702283714456778,0.011702283714456778,729.4356079101562,0.0004181750409770757,0.0186275914311409
58,120.9057990424335,0.0,0.9403229698000359,0.0,120.9057990424335,0.015672049496667267,0.0,1.8600892160374385,60.0,68.0,65.0,0.0,0.0,0.8939393939393939,120.9057990424335,0.9090661582137857,0.9090661582137857,554.37060546875,-0.0013851538533344865,0.024445652961730957
59,22.14343265799107,0.0,0.04297540872357786,0.006679885846097022,22.136752772144973,0.000716256812059631,9.823361538377973e-05,0.3405654272637688,60.0,68.0,65.0,0.0,0.0,0.2878787878787879,22.14343265799107,0.1664919748721133,0.1664919748721133,988.9234619140625,-0.01529700681567192,0.06450623273849487
60,0.0,0.0,1.2557013029581867,0.0,0.0,0.020928355049303113,0.0,0.0,60.0,68.0,65.0,0.0,0.0,0.0,0.0,0.0,0.0,1920.16162109375,-0.0007638672250322998,0.02472331002354622
61,19.639897624088917,0.0,0.6257143646798795,1.0892369942739606,18.550660629814956,0.010428572744664659,0.016018191092264128,0.2853947789202301,60.0,68.0,65.0,0.0,0.0,0.22727272727272727,19.639897624088917,0.14766840318863847,0.14766840318863847,706.7847900390625,-0.005383094772696495,0.036394283175468445
62,46.89514286071062,0.0,0.30226004475116497,0.0,46.89514286071062,0.005037667412519416,0.0,0.7214637363186249,60.0,68.0,65.0,0.0,0.0,0.5151515151515151,46.89514286071062,0.35259505910308736,0.35259505910308736,1406.234375,0.004350180272012949,0.030584074556827545
63,23.64334702701308,0.0,1.8805504597257823,0.003581034252420068,23.63976599276066,0.03134250766209637,5.2662268417942175e-05,0.3636887075809332,60.0,68.0,65.0,0.01639344262295082,0.0,0.8181818181818182,23.64334702701308,0.17776952651889533,0.17776952651889533,1312.3541259765625,-0.0016650398029014468,0.019717521965503693
64,14.30779106123373,0.0,0.892786081880331,0.1752906679175794,14.13250039331615,0.014879768031338851,0.0025778039399644032,0.2174230829740946,60.0,68.0,65.0,0.0,0.0,0.2727272727272727,14.30779106123373,0.1075773764002536,0.1075773764002536,900.5957641601562,-0.001052851788699627,0.03192935511469841
65,0.15471826039720327,0.0,0.03546166664455086,0.0,0.15471826039720327,0.000591027777409181,0.0,0.0023802809291877426,60.0,68.0,65.0,0.0,0.0,0.0,0.15471826039720327,0.0011632951909564156,0.0011632951909564156,1898.6824951171875,0.003841219935566187,0.04152217134833336
66,31.187243133841548,0.0,0.25816615857183933,0.0640270040021278,31.12321612983942,0.004302769309530655,0.0009415735882665852,0.47881870968983725,60.0,68.0,65.0,0.0,0.0,0.3333333333333333,31.187243133841548,0.23449054987850787,0.23449054987850787,851.3453979492188,-0.005280342884361744,0.025999121367931366
67,4.377253922022646,0.0,0.5761953872570302,0.12514718063175678,4.2521067413908895,0.009603256454283837,0.001840399715172894,0.06541702679062907,60.0,68.0,65.0,0.0,0.0,0.4696969696969697,4.377253922022646,0.03291168362423042,0.03291168362423042,3209.126708984375,0.002851528814062476,0.014247420243918896
68,1.2310816115059424,0.0,0.07329142047092319,0.7049802739056759,0.5261013376002666,0.0012215236745153864,0.010367356969201116,0.008093866732311793,60.0,68.0,65.0,0.0,0.0,0.015151515151515152,1.2310816115059424,0.009256252718089792,0.009256252718089792,1453.427978515625,-0.0045752255246043205,0.03261564299464226
69,72.61723778350279,0.0,0.7933125272393227,0.024274955969303846,72.59296282753348,0.01322187545398871,0.0003569846466074095,1.1168148127312845,60.0,68.0,65.0,0.0,0.0,0.696969696969697,72.61723778350279,0.5459942690488931,0.5459942690488931,870.2308959960938,0.003463262226432562,0.02039022371172905
70,131.2314887898974,0.0,1.4252031228970736,0.1482697161845863,131.08321907371283,0.023753385381617895,0.0021804370027145043,2.016664908826351,60.0,68.0,65.0,0.0,0.0,0.8636363636363636,131.2314887898974,0.9867029232323113,0.9867029232323113,328.4612121582031,0.001735773403197527,0.03770098462700844
71,33.707429436035454,0.0,0.9367113560438156,0.068527159281075,33.63890227675438,0.015611855934063593,0.00100775234236875,0.5175215734885289,60.0,68.0,65.0,0.0,0.0,0.3181818181818182,33.707429436035454,0.25343931906793576,0.25343931906793576,852.9644775390625,-0.011397216469049454,0.04870329424738884
72,0.33563992544077337,0.0,0.0,0.0,0.33563992544077337,0.0,0.0,0.005163691160627283,60.0,68.0,65.0,0.0,0.0,0.0,0.33563992544077337,0.002523608461960702,0.002523608461960702,1190.06884765625,-0.010588587261736393,0.026349389925599098
73,21.972808974795043,0.0,0.631287015392445,0.0,21.972808974795043,0.01052145025654075,0.0,0.3380432149968468,60.0,68.0,65.0,0.0,0.0,0.4393939393939394,21.972808974795043,0.16520909003605297,0.16520909003605297,1770.2950439453125,0.001289451727643609,0.029728014022111893
74,4.820860503939912,0.0,0.4303974588983692,0.6444529168074951,4.176407587132417,0.007173290981639487,0.009477248776580809,0.0642524244174218,60.0,68.0,65.0,0.0,0.0,0.12121212121212122,4.820860503939912,0.03624707145819483,0.03624707145819483,837.1301879882812,-0.004548805300146341,0.02477571927011013
75,34.71133636709419,0.0,0.15334282559342682,0.4962688506639097,34.21506751643028,0.0025557137598904473,0.00729807133329279,0.5263856540989273,60.0,68.0,65.0,0.0,0.0,0.3484848484848485,34.71133636709419,0.2609874914819112,0.2609874914819112,757.437744140625,-0.00047364909551106393,0.03231734782457352
76,19.907522802473977,0.0,2.3959190163295716,2.71151880081743,17.196004001656547,0.03993198360549286,0.039875276482609266,0.264553907717793,60.0,68.0,65.0,0.0,0.0,0.2878787878787879,19.907522802473977,0.14968062257499232,0.14968062257499232,401.46478271484375,0.0015588823007419705,0.047570567578077316
77,105.30212328769267,0.0,0.1828630500822328,0.0,105.30212328769267,0.0030477175013705468,0.0,1.6200326659645026,60.0,68.0,65.0,0.0,0.0,0.8636363636363636,105.30212328769267,0.7917452878773885,0.7917452878773885,612.5579833984375,-0.0010458234464749694,0.023950476199388504
78,56.10268519335659,0.0,1.0647855203133076,0.34652199811534956,55.75616319524124,0.017746425338555128,0.005095911736990435,0.8577871260806345,60.0,68.0,65.0,0.0,0.0,0.4393939393939394,56.10268519335659,0.4218247007019293,0.4218247007019293,575.5070190429688,0.015610394068062305,0.05347828194499016
79,37.76991122541949,0.0,1.206225732108578,0.8257512231357396,36.94416000228375,0.020103762201809636,0.012143400340231465,0.5683716923428269,60.0,68.0,65.0,0.0,0.0,0.4090909090909091,37.76991122541949,0.2839842949279661,0.2839842949279661,969.7109375,-0.0002056554367300123,0.05471762642264366
80,49.30008417740464,0.0,0.5465454659424722,0.03754658717662096,49.26253759022802,0.009109091099041204,0.0005521556937738377,0.7578851936958158,60.0,68.0,65.0,0.0,0.0,0.5151515151515151,49.30008417740464,0.37067732464214015,0.37067732464214015,819.23779296875,0.002439407166093588,0.020703356713056564
81,16.2956233471632,0.0,0.4675564768258482,0.02659429982304573,16.269029047340155,0.007792607947097471,0.00039109264445655486,0.2502927545744639,60.0,68.0,65.0,0.0,0.0,0.45454545454545453,16.2956233471632,0.12252348381325714,0.12252348381325714,1482.0997314453125,-0.005680503323674202,0.02725142054259777
82,115.20502535253763,0.0,0.0751402082387358,0.0,115.20502535253763,0.0012523368039789298,0.0,1.7723850054236558,60.0,68.0,65.0,0.0,0.0,0.8484848484848485,115.20502535253763,0.8662031981393807,0.8662031981393807,1131.37451171875,-0.0022053688298910856,0.04135053977370262
83,71.3271281030029,0.0,0.3976566972560249,0.0,71.3271281030029,0.006627611620933749,0.0,1.097340432353891,60.0,68.0,65.0,0.0,0.0,0.7575757575757576,71.3271281030029,0.5362941962631798,0.5362941962631798,802.576904296875,-0.006420090328902006,0.03658781945705414
84,15.067378360778093,0.0,0.36018410458927974,0.3213133830577135,14.74606497772038,0.006003068409821329,0.004725196809672257,0.22686253811877508,60.0,68.0,65.0,0.0,0.0,0.18181818181818182,15.067378360778093,0.11328855910359469,0.11328855910359469,796.8165893554688,-0.00804354902356863,0.03580562770366669
85,32.05551368743181,0.0,0.6288610921910731,0.0,32.05551368743181,0.010481018203184552,0.0,0.4931617490374125,60.0,68.0,65.0,0.01639344262295082,0.0,0.803030303030303,32.05551368743181,0.24101889990550235,0.24101889990550235,1912.4649658203125,-0.0022586937993764877,0.011939766816794872
86,18.51336942857597,0.11594202898550725,3.1175397438928485,5.387775115668774,13.125594312907197,0.051958995731547476,0.07923198699512903,0.20193222019857227,60.0,68.0,65.0,0.0,0.11594202898550725,0.19696969696969696,18.51336942857597,0.13919826638027044,0.13919826638027044,1401.739501953125,-0.0012889569625258446,0.023403044790029526
87,73.88813192374073,0.0,0.5564397607231513,0.09243575832806528,73.79569616541266,0.009273996012052522,0.0013593493871774305,1.1353184025448102,60.0,68.0,65.0,0.0,0.0,0.803030303030303,73.88813192374073,0.5555498640882761,0.5555498640882761,1184.4493408203125,-0.006631778087466955,0.033652760088443756
88,139.65400347672403,0.0,3.7796814716421068,0.036974094808101654,139.61702938191593,0.06299469119403511,0.0005437366883544361,2.147954298183322,60.0,68.0,65.0,0.03278688524590164,0.0,0.8333333333333334,139.65400347672403,1.050030101328752,1.050030101328752,787.9365234375,-0.007463474757969379,0.03555814176797867
89,8.075440630607773,0.0,0.12854475947096944,0.1367876188014634,7.938653011806309,0.002142412657849491,0.002011582629433285,0.1221331232585586,60.0,68.0,65.0,0.0,0.0,0.24242424242424243,8.075440630607773,0.06071759872637423,0.06071759872637423,2223.0712890625,-4.5490116463042796e-05,0.0321609191596508
90,5.5330386486893985,0.0,2.1945254791062325,1.8235740292875562,3.7094646194018424,0.03657542465177054,0.026817265136581708,0.05706868645233604,60.0,68.0,65.0,0.0,0.0,0.015151515151515152,5.5330386486893985,0.04160179435104811,0.04160179435104811,798.063720703125,-0.0006485817721113563,0.031459156423807144
91,5.92257683549542,0.0,1.1512678810104262,2.714678129530512,3.207898705964908,0.019187798016840438,0.03992173719897812,0.04935228778407551,60.0,68.0,65.0,0.0,0.0,0.0,5.92257683549542,0.0445306528984618,0.0445306528984618,578.3861083984375,0.01178088691085577,0.055078569799661636
92,10.785560210235417,0.0,2.4246293790638447,5.234669292345643,5.550890917889774,0.04041048965106408,0.07698043076978887,0.08539832181368882,60.0,68.0,65.0,0.0,0.0,0.16666666666666666,10.785560210235417,0.08109443767094299,0.08109443767094299,1288.96875,-0.0012270133011043072,0.034777332097291946
93,72.56126874953043,0.0,0.6417032130193547,0.006200942094437778,72.55506780743599,0.010695053550322579,9.119032491820261e-05,1.1162318124220922,60.0,68.0,65.0,0.0,0.0,0.8181818181818182,72.56126874953043,0.5455734492445897,0.5455734492445897,1316.3873291015625,-0.0009579366305842996,0.017089731991291046
94,4.610751926898956,0.0,0.12441644712816924,1.4984594862908125,3.112292440608144,0.002073607452136154,0.02203616891604136,0.047881422163202216,60.0,68.0,65.0,0.0,0.0,0.06060606060606061,4.610751926898956,0.03466730772104478,0.03466730772104478,952.8619384765625,0.0013877499150112271,0.018605487421154976
95,16.729350998066366,0.0,2.547487277071923,0.8264665007591248,15.902884497307241,0.04245812128453205,0.012153919128810657,0.24465976149703447,60.0,68.0,65.0,0.0,0.0,0.36363636363636365,16.729350998066366,0.1257845939704238,0.1257845939704238,1249.5775146484375,0.00217963894829154,0.04642732813954353
96,114.51673789112829,0.0,0.9360430094457115,0.3775731816422194,114.13916470948607,0.015600716824095192,0.005552546788856168,1.7559871493767087,60.0,68.0,65.0,0.0,0.0,0.7727272727272727,114.51673789112829,0.8610281044445736,0.8610281044445736,576.92431640625,-0.006100808270275593,0.03145790845155716
97,20.5101306544384,0.0,0.9924181617097929,0.19872782134916633,20.311402833089232,0.016540302695163215,0.002922467961017152,0.3124831205090651,60.0,68.0,65.0,0.0,0.0,0.6818181818181818,20.5101306544384,0.15421150867998795,0.15421150867998795,1767.58251953125,0.00012210481509100646,0.026282962411642075
98,122.79352730046958,0.0,0.9949211024213582,0.11470214184373617,122.67882515862584,0.016582018373689302,0.0016867962035843555,1.887366540901936,60.0,68.0,65.0,0.0,0.0,0.7727272727272727,122.79352730046958,0.9232596037629291,0.9232596037629291,917.6669311523438,0.012309510260820389,0.03680139780044556
99,0.0,0.0,0.12285600416362286,0.0,0.0,0.0020476000693937144,0.0,0.0,60.0,68.0,65.0,0.0,0.0,0.0,0.0,0.0,0.0,1735.650146484375,-5.7058259699260816e-05,0.028703128919005394
100,0.05951609928160906,0.0,1.7076962363207713,0.05951609928160906,0.0,0.02846160393867952,0.0008752367541413097,0.0,60.0,68.0,65.0,0.0,0.0,0.0,0.05951609928160906,0.0004474894682827749,0.0004474894682827749,1338.4434814453125,-0.003580378368496895,0.025981560349464417
101,17.418435154046165,0.0,1.8334163199178874,1.0882047631312162,16.33023039091495,0.030556938665298124,0.016003011222517884,0.2512343137063838,60.0,68.0,65.0,0.0,0.0,0.48484848484848486,17.418435154046165,0.13096567784997115,0.13096567784997115,1986.2305908203125,0.003356924746185541,0.0247226320207119
102,74.81658472958952,0.0,0.30637198756448925,0.0,74.81658472958952,0.0051061997927414875,0.0,1.1510243804552234,60.0,68.0,65.0,0.0,0.0,0.5909090909090909,74.81658472958952,0.5625307122525528,0.5625307122525528,1555.8359375,-0.006455643102526665,0.03281876817345619
103,30.001301121897995,0.0,6.928155311383307,0.8081445880234241,29.19315653387457,0.11546925518972179,0.01188447923563859,0.4491254851365319,60.0,68.0,65.0,0.2459016393442623,0.0,0.3939393939393939,30.001301121897995,0.2255736926458496,0.2255736926458496,1087.443115234375,-0.00010570809536147863,0.030626514926552773
104,9.785595827299403,0.0,1.6521501056849957,0.9807862847519573,8.804809542547446,0.027535835094749928,0.014423327716940548,0.13545860834688378,60.0,68.0,65.0,0.0,0.0,0.24242424242424243,9.785595827299403,0.07357590847593536,0.07357590847593536,797.5194091796875,0.009418767876923084,0.03883448615670204
105,13.284714114270173,0.0,0.2298832640517503,0.008573904633522034,13.276140209636651,0.0038313877341958386,0.00012608683284591227,0.20424831091748694,60.0,68.0,65.0,0.0,0.0,0.3181818181818182,13.284714114270173,0.09988506852834717,0.09988506852834717,1778.2542724609375,-0.006845761556178331,0.023830488324165344
106,21.4250660170801,0.0,1.416543286293745,0.11617678822949529,21.308889228850603,0.02360905477156242,0.001708482179845519,0.32782906505924003,60.0,68.0,65.0,0.0,0.0,0.5,21.4250660170801,0.16109072193293308,0.16109072193293308,1571.895751953125,0.0013044155202805996,0.024137655273079872
107,2.277124295127578,0.0,0.8036372907226905,0.045419286005198956,2.231705009122379,0.013393954845378175,0.0006679306765470435,0.03433392321726737,60.0,68.0,65.0,0.0,0.0,0.16666666666666666,2.277124295127578,0.017121235301711113,0.017121235301711113,1099.1715087890625,0.00028454948915168643,0.021286029368638992
108,49.71794228628278,0.0,0.8102815905585885,0.0,49.71794228628278,0.013504693175976475,0.0,0.7648914197889658,60.0,68.0,65.0,0.0,0.0,0.6515151515151515,49.71794228628278,0.37381911493445696,0.37381911493445696,975.6985473632812,-0.0034123510122299194,0.030930720269680023
109,74.52954016587114,0.0,0.8321270316373557,0.370642203449961,74.15889796242118,0.013868783860622595,0.005450620638970015,1.1409061224987873,60.0,68.0,65.0,0.0,0.0,0.6515151515151515,74.52954016587114,0.5603724824501589,0.5603724824501589,1166.7987060546875,0.0022943562362343073,0.037353966385126114
110,68.00805313047022,0.0,2.0792489402228966,1.6119188582524657,66.39613427221775,0.03465414900371495,0.023704689091948027,1.02147898880335,60.0,68.0,65.0,0.0,0.0,0.7424242424242424,68.00805313047022,0.5113387453418813,0.5113387453418813,496.17535400390625,-0.009438402019441128,0.08165643364191055
111,109.03972412092844,0.0,0.9535175880591851,0.22069960279623047,108.81902451813221,0.015891959800986417,0.003245582394062213,1.6741388387404956,60.0,68.0,65.0,0.0,0.0,0.7878787878787878,109.03972412092844,0.8198475497814168,0.8198475497814168,828.8915405273438,-0.000490280392114073,0.03351004794239998
112,102.74750238819979,0.0,1.9053316510980949,1.9458140516653657,100.80168833653443,0.03175552751830158,0.028614912524490672,1.5507952051774527,60.0,68.0,65.0,0.0,0.0,0.803030303030303,102.74750238819979,0.7725376119413518,0.7725376119413518,626.4140014648438,0.0019743999000638723,0.031229116022586823
113,4.013766015414149,0.0,0.028503061970695853,1.0194707699120045,2.994295245502144,0.00047505103284493087,0.014992217204588302,0.046066080700032985,60.0,68.0,65.0,0.0,0.0,0.06060606060606061,4.013766015414149,0.030178691845219163,0.030178691845219163,879.4735107421875,0.004120362922549248,0.030804727226495743
114,0.4054143737303093,0.0,0.06621655708295293,0.030280159902758896,0.3751342138275504,0.0011036092847158821,0.0004452964691582191,0.00577129559734693,60.0,68.0,65.0,0.0,0.0,0.0,0.4054143737303093,0.0030482283739121,0.0030482283739121,2519.601806640625,-0.0015653088921681046,0.015809059143066406
115,20.32618287857622,0.0,0.5153643449302763,0.16024605091661215,20.165936827659607,0.008589405748837937,0.0023565595723031196,0.310245181963994,60.0,68.0,65.0,0.0,0.0,0.5757575757575758,20.32618287857622,0.1528284426960618,0.1528284426960618,861.4464721679688,-0.0024954508990049362,0.03357774019241333
116,122.94044275290798,0.0,1.761944466496061,0.4974383272929117,122.44300442561507,0.029365741108267684,0.007315269519013408,1.8837385296248472,60.0,68.0,65.0,0.0,0.0,0.7575757575757576,122.94044275290798,0.9243642312248721,0.9243642312248721,703.0540161132812,0.00885896384716034,0.043196018785238266
117,4.501322099007666,0.0,1.8293350632302463,2.118670791387558,2.382651307620108,0.030488917720504105,0.031156923402758205,0.03665617396338628,60.0,68.0,65.0,0.0,0.0,0.15151515151515152,4.501322099007666,0.03384452706020802,0.03384452706020802,1696.98974609375,9.292095637647435e-05,0.02413744293153286
118,52.617339114658535,0.0,1.0942798708565533,0.577950207516551,52.03938890714198,0.01823799784760922,0.008499267757596338,0.8006059831867998,60.0,68.0,65.0,0.0,0.0,0.6363636363636364,52.617339114658535,0.39561909108765814,0.39561909108765814,760.9439697265625,0.00028596355696208775,0.028003444895148277
119,36.45991688221693,0.0,0.5845352375326911,0.0,36.45991688221693,0.009742253958878185,0.0,0.5609217981879527,60.0,68.0,65.0,0.0,0.0,0.5,36.45991688221693,0.2741347134001273,0.2741347134001273,1476.2423095703125,-0.0032350497785955667,0.052440110594034195
120,50.71814632602036,0.0,0.3972373109181717,0.0,50.71814632602036,0.006620621848636195,0.0,0.7802791742464671,60.0,68.0,65.0,0.0,0.0,0.7424242424242424,50.71814632602036,0.38133944606030346,0.38133944606030346,1686.7939453125,-0.003212078707292676,0.02507067285478115
121,2.2505716393425246,0.0,1.2262472950387746,2.022333912384056,0.22823772695846856,0.02043745491731291,0.030184088244538148,0.003511349645514901,60.0,67.0,65.0,0.0,0.0,0.0,2.2505716393425246,0.017049785146534276,0.017049785146534276,2008.045654296875,-0.0016070801066234708,0.02251894772052765
122,48.81660972337704,0.0,1.4002040075138211,0.41046748298686,48.40614224039018,0.023336733458563685,0.006126380343087462,0.7447098806213874,60.0,67.0,65.0,0.0,0.0,0.5454545454545454,48.81660972337704,0.36982280093467457,0.36982280093467457,1229.8126220703125,0.0007947096019051969,0.030892251059412956
123,113.33221151027828,0.0,1.2167741830926389,0.10859304387122393,113.22361846640706,0.020279569718210648,0.0016207916995705065,1.7419018225601086,60.0,67.0,65.0,0.0,0.0,0.8181818181818182,113.33221151027828,0.8585773599263506,0.8585773599263506,891.5924682617188,0.006540191825479269,0.034823570400476456
124,8.622154991608113,0.0,0.949402441343409,0.16123058879747987,8.460924402810633,0.01582337402239015,0.002406426698469849,0.1301680677355482,60.0,67.0,65.0,0.0,0.0,0.2727272727272727,8.622154991608113,0.06531935599703116,0.06531935599703116,1372.208984375,0.001839607604779303,0.04387085884809494
125,4.4331245840585325,0.0,0.8639334520557895,1.2396629174909322,3.1934616665676003,0.014398890867596492,0.01850243160434227,0.04913017948565539,60.0,67.0,65.0,0.0,0.0,0.0,4.4331245840585325,0.03358427715195858,0.03358427715195858,699.7655639648438,0.004479865077883005,0.044705942273139954
126,1.0452875830524135,0.0,1.675178756006062,0.115081542666303,0.9302060403861105,0.027919645933434368,0.0017176349651687015,0.014310862159786317,60.0,67.0,65.0,0.0,0.0,0.0,1.0452875830524135,0.007918845326154647,0.007918845326154647,1483.6123046875,-0.00516921142116189,0.0333944596350193
127,49.25682873185724,0.0,0.034921590238809586,0.027759305201470852,49.22906942665577,0.0005820265039801597,0.0004143179880816545,0.7573702988716272,60.0,67.0,65.0,0.0,0.0,0.5757575757575758,49.25682873185724,0.3731577934231609,0.3731577934231609,1273.88134765625,-0.001043168012984097,0.05003423988819122
128,91.83119349367917,0.0,2.236494944547303,1.7839378137141466,90.04725567996502,0.03727491574245505,0.02662593751812159,1.385342395076385,60.0,67.0,65.0,0.0,0.0,0.7878787878787878,91.83119349367917,0.6956908598005997,0.6956908598005997,518.9170532226562,0.017311230301856995,0.06721223145723343
129,5.163697049487382,0.0,1.6575768062612042,1.5623112758621573,3.601385773625225,0.027626280104353404,0.023318078744211303,0.05540593497884961,60.0,67.0,65.0,0.0,0.0,0.0,5.163697049487382,0.039118917041571076,0.039118917041571076,1876.8480224609375,-0.004971337504684925,0.05053276941180229
130,8.320635935291648,0.0,1.6012606346048415,4.006353250704706,4.314282684586942,0.026687677243414025,0.0597963171746971,0.06637357976287603,60.0,67.0,65.0,0.0,0.0,0.0,8.320635935291648,0.06303512072190642,0.06303512072190642,119.83788299560547,-0.0033132731914520264,0.14111530780792236
131,10.017722936579958,0.0,1.1851621247187722,2.031540363561362,7.986182573018596,0.019752702078646205,0.03032149796360242,0.12286434727720916,60.0,67.0,65.0,0.0,0.0,0.18181818181818182,10.017722936579958,0.07589184042863605,0.07589184042863605,656.0020751953125,-0.0011990618659183383,0.02414342761039734
132,64.98494471574668,0.0,0.3113780845887959,0.038043209933675826,64.946901505813,0.005189634743146598,0.0005678091034876988,0.9991831000894308,60.0,67.0,65.0,0.0,0.0,0.6515151515151515,64.98494471574668,0.4923101872405051,0.4923101872405051,1092.225341796875,-0.001078999601304531,0.024524686858057976
133,123.73204540496226,0.0,3.1460545926820487,0.39746210572775453,123.33458329923451,0.05243424321136748,0.005932270234742605,1.897455127680531,60.0,67.0,65.0,0.0,0.0,0.8181818181818182,123.73204540496226,0.9373639803406232,0.9373639803406232,957.0546264648438,-0.0010347602656111121,0.027198998257517815
134,64.99389719031751,0.0,0.2859327874612063,0.0,64.99389719031751,0.004765546457686772,0.0,0.9999061106202695,60.0,67.0,65.0,0.0,0.0,0.8181818181818182,64.99389719031751,0.4923780090175569,0.4923780090175569,1480.21435546875,0.00012710952432826161,0.014726176857948303
135,5.100289915222675,0.014705882352941176,0.35156269420986064,3.1175645915791392,1.9827253236435354,0.005859378236831011,0.046530814799688645,0.03050346651759285,60.0,67.0,65.0,0.0,0.014705882352941176,0.045454545454545456,5.100289915222675,0.03863855996380814,0.03863855996380814,881.9822387695312,-0.0012032610829919577,0.018877962604165077
136,41.5321812624461,0.0,1.4365108679048717,1.2746514318860136,40.25752983056009,0.023941847798414528,0.01902464823710468,0.6193466127778475,60.0,67.0,65.0,0.0,0.0,0.4393939393939394,41.5321812624461,0.31463773683671287,0.31463773683671287,1110.4447021484375,0.004778475034981966,0.046252258121967316
137,109.6838238472119,0.0,0.18950273282825947,0.001944256480783224,109.68187959073111,0.003158378880470991,2.9018753444525732e-05,1.687413532165094,60.0,67.0,65.0,0.0,0.0,0.803030303030303,109.6838238472119,0.830938059448575,0.830938059448575,994.7669067382812,-0.008979004807770252,0.03741125389933586
138,75.04267375916243,0.0,0.6503719249740243,0.0,75.04267375916243,0.010839532082900404,0.0,1.1545026732178836,60.0,67.0,65.0,0.0,0.0,0.803030303030303,75.04267375916243,0.568505104236079,0.568505104236079,1267.5496826171875,0.004682304337620735,0.02395015023648739
139,4.544453813228756,0.0,0.7036898103542626,0.26394230918958783,4.280511504039168,0.011728163505904377,0.003939437450590863,0.06585402313906413,60.0,67.0,65.0,0.0,0.0,0.16666666666666666,4.544453813228756,0.03442768040324815,0.03442768040324815,1600.8590087890625,0.0025851198006421328,0.02572859823703766
140,105.56667084631044,0.0,0.5515995447058231,0.08473006275016814,105.48194078356028,0.00919332574509705,0.0012646278022413156,1.6227990889778503,60.0,67.0,65.0,0.0,0.0,0.7727272727272727,105.56667084631044,0.7997475064114428,0.7997475064114428,578.49658203125,-0.0015287301503121853,0.029958078637719154
141,60.55752981826663,0.0,0.46940528927370906,0.0,60.55752981826663,0.00782342148789515,0.0,0.9316543048964097,60.0,67.0,65.0,0.0,0.0,0.8333333333333334,60.55752981826663,0.4587691652898987,0.4587691652898987,1216.080322265625,0.0028605449479073286,0.02697109989821911
142,2.4631122648715973,0.0,0.035241703619249165,0.0,2.4631122648715973,0.0005973170104957486,0.0,0.03789403484417842,59.0,67.0,65.0,0.0,0.0,0.07575757575757576,2.4631122648715973,0.018659941400542404,0.018659941400542404,574.73583984375,-0.005998038221150637,0.029654737561941147
143,90.60219080606475,0.0,0.1839748895727098,0.0,90.60219080606475,0.0031182184673340645,0.0,1.3938798585548424,59.0,67.0,65.0,0.0,0.0,0.7575757575757576,90.60219080606475,0.6863802333792784,0.6863802333792784,926.2315673828125,0.012922623194754124,0.04853023961186409
144,48.17836688976968,0.0,0.2045901529781986,0.06504319625673816,48.11332369351294,0.0034676297114948915,0.0009707939739811665,0.7402049799001991,59.0,67.0,65.0,0.0,0.0,0.5303030303030303,48.17836688976968,0.3649876279528006,0.3649876279528006,1487.116455078125,0.005582571029663086,0.0373004712164402
145,143.7796408165741,0.0,0.45012977346777916,0.1479673445719527,143.63167347200215,0.007629318194369138,0.00220846782943213,2.2097180534154175,59.0,67.0,65.0,0.0,0.0,0.8484848484848485,143.7796408165741,1.0892397031558645,1.0892397031558645,470.7809143066406,0.013221051543951035,0.043942637741565704
146,88.02239620685577,0.0,0.5801139004761353,0.0,88.02239620685577,0.009832438991120938,0.0,1.3541907108747042,59.0,67.0,65.0,0.0,0.0,0.7121212121212122,88.02239620685577,0.6668363349004225,0.6668363349004225,901.6090698242188,0.0016369200311601162,0.02032899670302868
147,86.3594017624855,0.0,0.06197216548025608,0.0,86.3594017624855,0.0010503756861060354,0.0,1.3286061809613154,59.0,67.0,65.0,0.0,0.0,0.8333333333333334,86.3594017624855,0.6542378921400417,0.6542378921400417,1117.1751708984375,-0.0018324765842407942,0.021515853703022003
148,101.75751604681136,0.0,1.532034485368058,1.597373426600825,100.16014262021054,0.025966686192678952,0.023841394426877986,1.5409252710801622,59.0,67.0,65.0,0.0,0.0,0.7424242424242424,101.75751604681136,0.7708902730819043,0.7708902730819043,1110.4248046875,0.003598061390221119,0.02623257413506508
149,5.082626390561927,0.0,0.38525891173048876,1.9534947890788317,3.1291316014830954,0.006529812063228623,0.029156638642967636,0.04814048617666301,59.0,67.0,65.0,0.0,0.0,0.10606060606060606,5.082626390561927,0.0385047453830449,0.0385047453830449,1080.90087890625,-0.0035348371602594852,0.029146810993552208
150,35.1207889613579,0.0,1.8378456966020167,0.2853466148371808,34.83544234652072,0.03114992706105113,0.0042589046990624,0.5359298822541649,59.0,67.0,65.0,0.0,0.0,0.7272727272727273,35.1207889613579,0.26606658304059017,0.26606658304059017,1020.4013061523438,0.0016298613045364618,0.020096851512789726
151,0.05324828252196312,0.0,0.6839177782821935,0.05324828252196312,0.0,0.011591826750545651,0.0007947504854024346,0.0,59.0,67.0,65.0,0.0,0.0,0.0,0.05324828252196312,0.0004033960797118418,0.0004033960797118418,1509.0142822265625,-0.0076765501871705055,0.030373409390449524
152,5.3072282241191715,0.014705882352941176,0.35041114140767604,3.298634509323165,2.0085937147960067,0.005939171888265695,0.04923335088542037,0.03090144176609241,59.0,67.0,65.0,0.0,0.014705882352941176,0.015151515151515152,5.3072282241191715,0.04020627442514524,0.04020627442514524,852.1793212890625,0.004072101786732674,0.028005465865135193
153,19.354017197794747,0.0,0.7325433915248141,3.685527103021741,15.668490094773006,0.012415989686861256,0.055007867209279714,0.24105369376573854,59.0,67.0,65.0,0.0,0.0,0.3181818181818182,19.354017197794747,0.14662134240753597,0.14662134240753597,1639.4398193359375,-0.008915496990084648,0.025626802816987038
154,123.96718009072356,0.10294117647058823,4.112466499209404,4.112477854359895,119.85470223636366,0.06970282202049838,0.06138026648298351,1.8439184959440564,59.0,67.0,65.0,0.05,0.10294117647058823,0.7727272727272727,123.96718009072356,0.9391453037176027,0.9391453037176027,704.6666870117188,0.0005150236538611352,0.022001294419169426
155,7.740247093577636,0.0,0.7902828063815832,3.219450298900483,4.520796794677153,0.013394623836975986,0.04805149699851467,0.06955071991811004,59.0,67.0,65.0,0.0,0.0,0.0,7.740247093577636,0.05863823555740633,0.05863823555740633,644.9481201171875,-0.0018051236402243376,0.05880318954586983
156,8.118713701027445,0.0,0.6848737411201,3.6366103653563187,4.482103335671127,0.01160802951051017,0.05427776664710923,0.06895543593340195,59.0,67.0,65.0,0.0,0.0,0.0,8.118713701027445,0.061505406825965496,0.061505406825965496,195.6267547607422,-0.011121583171188831,0.06647604703903198
157,0.955458247801289,0.0,0.4636946669779718,0.9075774343218654,0.04788081347942352,0.007859231643694438,0.01354593185555023,0.0007366278996834389,59.0,67.0,65.0,0.0,0.0,0.0,0.955458247801289,0.007238320059100674,0.007238320059100674,1171.4356689453125,0.0007072570733726025,0.023266201838850975
158,87.68872035984532,0.0,0.9262445671483874,0.533265442965785,87.15545491687953,0.01569906046014216,0.007959185715907239,1.3408531525673775,59.0,67.0,65.0,0.0,0.0,0.6666666666666666,87.68872035984532,0.6643084875745857,0.6643084875745857,1222.8409423828125,0.002441628370434046,0.022176599130034447
159,41.52963195811026,0.0,0.6725278985104524,0.0022392577957361937,41.52739270031452,0.011398777940855125,3.3421758145316326e-05,0.6388829646202234,59.0,67.0,65.0,0.0,0.0,0.803030303030303,41.52963195811026,0.3146184239250777,0.3146184239250777,1226.504638671875,0.0020048520527780056,0.027372494339942932
160,118.87642895343015,0.0,2.05987784313038,0.44966446445323527,118.42676448897691,0.034913183781870846,0.006711409917212466,1.8219502229073372,59.0,67.0,65.0,0.0,0.0,0.7575757575757576,118.87642895343015,0.9005790072229557,0.9005790072229557,626.5013427734375,0.008659515529870987,0.029861342161893845
161,1.6710115137975663,0.0,0.9930498965841252,0.7968373659532517,0.8741741478443146,0.016831354179391952,0.011893095014227638,0.013448833043758686,59.0,67.0,65.0,0.0,0.0,0.0,1.6710115137975663,0.012659178134830048,0.012659178134830048,1111.5335693359375,0.006702530197799206,0.05238276347517967
162,84.47795697982656,0.0,0.5173960049287416,0.09827711369143799,84.37967986613512,0.008769423812351552,0.0014668225924095223,1.2981489210174635,59.0,67.0,65.0,0.0,0.0,0.7121212121212122,84.47795697982656,0.6399845225744436,0.6399845225744436,1094.979736328125,-0.004050646908581257,0.018105478957295418
163,1.1716606998234056,0.0,0.1409283077227883,1.1176628764369525,0.05399782338645309,0.002388615385132005,0.016681535469208246,0.0008307357444069706,59.0,67.0,65.0,0.0,0.0,0.0,1.1716606998234056,0.008876217422904589,0.008876217422904589,882.5084228515625,-0.0074465032666921616,0.029655886813998222
164,85.70857097755652,0.058823529411764705,0.966437220282387,3.021901976200752,82.68666900135577,0.016380291869193,0.04510301457016048,1.272102600020858,59.0,67.0,65.0,0.0,0.058823529411764705,0.7727272727272727,85.70857097755652,0.6493073558905796,0.6493073558905796,975.7831420898438,0.003565800841897726,0.01675540767610073
165,116.17555486550555,0.0,2.3308674673317,1.8129680422134697,114.36258682329208,0.039506228259859326,0.0270592245106488,1.759424412666032,59.0,67.0,65.0,0.0,0.0,0.7272727272727273,116.17555486550555,0.8801178398901935,0.8801178398901935,951.8352661132812,0.006528524216264486,0.0476701557636261
166,0.25729973381385207,0.0,0.40945429960265756,0.16909867664799094,0.08820105716586113,0.006939903383095891,0.002523860845492402,0.0013569393410132482,59.0,67.0,65.0,0.0,0.0,0.0,0.25729973381385207,0.0019492404076806974,0.0019492404076806974,1442.2918701171875,-0.0010866738157346845,0.046612948179244995
167,6.731040608137846,0.0,1.716096691096027,4.740718364715576,1.9903222434222698,0.029086384594847914,0.07075699051814292,0.030620342206496457,59.0,67.0,65.0,0.0,0.0,0.0,6.731040608137846,0.050992731879832165,0.050992731879832165,1538.16796875,0.005374442785978317,0.024924781173467636
168,0.46587234645267017,0.0,0.035273572080768645,0.15748174511827528,0.3083906013343949,0.0005978571539113329,0.002350473807735452,0.004744470789759921,59.0,67.0,65.0,0.0,0.0,0.0,0.46587234645267017,0.003529335957974774,0.003529335957974774,5137.328125,0.001445387490093708,0.021423866972327232
169,69.28578531823587,0.0,1.2357089568395168,0.056103965267539024,69.22968135296833,0.020944219607449438,0.0008373726159334183,1.0650720208148974,59.0,67.0,65.0,0.0,0.0,0.696969696969697,69.28578531823587,0.5248923130169384,0.5248923130169384,628.0421752929688,0.0007592304609715939,0.036577317863702774
170,0.06473153899423778,0.0,0.8243454830953851,0.06473153899423778,0.0,0.013971957340599748,0.0009661423730483251,0.0,59.0,67.0,65.0,0.0,0.0,0.0,0.06473153899423778,0.0004903904469260438,0.0004903904469260438,1050.7867431640625,0.0024444551672786474,0.019501307979226112
171,28.50295016891323,0.0,0.4096925857811584,0.01698273397050798,28.485967434942722,0.006943942131884041,0.00025347364135086536,0.43824565284527267,59.0,67.0,65.0,0.0,0.0,0.3333333333333333,28.50295016891323,0.21593144067358508,0.21593144067358508,1648.1080322265625,0.001218664925545454,0.02072995901107788
172,0.3101508573163301,0.0,0.8419986253138632,0.29572843411006033,0.014422423206269741,0.014271163140912936,0.004413857225523289,0.0002218834339426114,59.0,67.0,65.0,0.0,0.0,0.0,0.3101508573163301,0.0023496277069418943,0.0023496277069418943,1519.0460205078125,0.003999770153313875,0.03846117481589317
173,6.674629125918727,0.0,2.104866672772914,3.1390462896670215,3.535582836251706,0.03567570631818499,0.046851437159209273,0.05439358209618009,59.0,67.0,65.0,0.0,0.0,0.0,6.674629125918727,0.05056537216605096,0.05056537216605096,1054.2236328125,0.004869604017585516,0.06292440742254257
174,79.35364495404065,0.0,0.028061983175575733,0.0,79.35364495404065,0.00047562683348433444,0.0,1.2208253069852406,59.0,67.0,65.0,0.0,0.0,0.7272727272727273,79.35364495404065,0.6011639769245504,0.6011639769245504,987.1836547851562,-0.005829649046063423,0.03497439622879028
175,0.305064327607397,0.0,0.25692117800645065,0.010367368580773473,0.2946969590266235,0.0043545962373974685,0.0001547368444891563,0.0045337993696403615,59.0,67.0,65.0,0.0,0.0,0.0,0.305064327607397,0.0023110933909651285,0.0023110933909651285,2069.0576171875,-0.001368813100270927,0.014077846892178059
176,25.97684449935332,0.0,0.3625209683086723,0.025227926205843687,25.951616573147476,0.006144423191672412,0.00037099891479181894,0.39925563958688426,59.0,68.0,65.0,0.0,0.0,0.3939393939393939,25.97684449935332,0.1953146202958896,0.1953146202958896,860.2213134765625,0.0011741847265511751,0.02807062305510044
177,4.726973744633142,0.0,0.8106157639995217,3.0698223867220804,1.6571513579110615,0.013739250237280029,0.0458182445779415,0.025494636275554792,59.0,67.0,65.0,0.0,0.0,0.0,4.726973744633142,0.03581040715631168,0.03581040715631168,426.5528869628906,-0.0032221681904047728,0.07231451570987701
178,49.586331529542804,0.0,0.8716553040430881,0.1355054322630167,49.45082609727979,0.014773818712594713,0.0020224691382539806,0.7607819399581506,59.0,67.0,65.0,0.0,0.0,0.696969696969697,49.586331529542804,0.37565402673896064,0.37565402673896064,996.7479248046875,0.0020937747322022915,0.025590194389224052
179,77.8432290587225,0.0,1.1789966383948922,1.4309882355155423,76.41224082320696,0.019982993871099867,0.02135803336590362,1.1755729357416456,59.0,67.0,65.0,0.0,0.0,0.696969696969697,77.8432290587225,0.5897214322630493,0.5897214322630493,977.1800537109375,-0.01582954078912735,0.051518477499485016
180,3.1292757503688335,0.014492753623188406,0.4255849859910086,2.3857412193901837,0.7435345309786499,0.0072133048473052306,0.035084429696914464,0.01143899278428692,59.0,68.0,65.0,0.0,0.014492753623188406,0.0,3.1292757503688335,0.023528389100517546,0.023528389100517546,1005.0277709960938,-0.00497876200824976,0.01755467988550663
181,102.23691038149991,0.0,1.3208114570006728,0.08362859222688712,102.15328178927302,0.022386634864418182,0.0012481879436848824,1.5715889506042005,59.0,67.0,65.0,0.0,0.0,0.7727272727272727,102.23691038149991,0.7745220483446963,0.7745220483446963,932.6530151367188,0.00487413490191102,0.050315894186496735
182,61.351801537908614,0.0,0.2265517677878961,0.0881087938323617,61.26369274407625,0.0038398604709812896,0.0013150566243636075,0.9425183499088654,59.0,67.0,65.0,0.0,0.0,0.6666666666666666,61.351801537908614,0.46478637528718647,0.46478637528718647,909.530517578125,-0.010451671667397022,0.044439077377319336
183,114.18711237423122,0.0,0.1793533177115023,0.01850034110248089,114.16861203312874,0.0030398867408729206,0.0002761244940668789,1.7564401851250575,59.0,67.0,65.0,0.0,0.0,0.7727272727272727,114.18711237423122,0.8650538816229638,0.8650538816229638,612.2966918945312,-0.01369586493819952,0.05198055878281593
184,92.89054971758742,0.0,1.2321033757179976,0.8041477893711999,92.08640192821622,0.02088310806301691,0.012002205811510446,1.416713875818711,59.0,67.0,65.0,0.0,0.0,0.7272727272727273,92.89054971758742,0.7037162857392987,0.7037162857392987,925.185791015625,0.012848930433392525,0.054274942725896835
185,2.004816727770958,0.0,1.0189706878736615,0.8822560869739391,1.122560640797019,0.017270689624977315,0.012974354220204987,0.017270163704569522,59.0,68.0,65.0,0.0,0.0,0.015151515151515152,2.004816727770958,0.015073809983240287,0.015073809983240287,1758.714111328125,-0.004889069590717554,0.02717837691307068
186,7.611711903940886,0.0,1.6018781433813274,3.5505704863462597,4.0611414175946265,0.027150477006463176,0.052993589348451636,0.06247909873222502,59.0,67.0,65.0,0.0,0.0,0.0,7.611711903940886,0.05766448412076429,0.05766448412076429,486.22381591796875,0.005810440052300692,0.05002554506063461
187,5.737328075338155,0.0,2.1713872929103673,2.443666020873934,3.293662054464221,0.036803174456107916,0.03593626501285197,0.05067172391483417,59.0,68.0,65.0,0.0,0.0,0.0,5.737328075338155,0.04313780507773049,0.04313780507773049,605.3955078125,0.0035221525467932224,0.07453703880310059
188,1.0797644644917455,0.0,0.9719138075597584,0.7234828833898064,0.3562815811019391,0.016473115382368786,0.010639454167497153,0.005481255093875986,59.0,68.0,65.0,0.0,0.0,0.0,1.0797644644917455,0.008118529808208612,0.008118529808208612,1168.0262451171875,0.002768492791801691,0.0411122590303421
189,65.99575180991087,0.0,1.970366455047042,0.5405958971241489,65.45515591278672,0.03339604161096681,0.007949939663590425,1.0070023986582572,59.0,68.0,65.0,0.016666666666666666,0.0,0.696969696969697,65.99575180991087,0.4962086602248938,0.4962086602248938,833.6178588867188,0.0008346933173015714,0.030498061329126358
190,3.402620094449958,0.0,1.7601640375796705,0.23478725421591662,3.167832840234041,0.029833288772536787,0.003452753738469362,0.04873588984975448,59.0,68.0,65.0,0.0,0.0,0.16666666666666666,3.402620094449958,0.02558360973270645,0.02558360973270645,1280.9432373046875,-0.003249116474762559,0.040386077016592026
191,5.887272351596039,0.0,0.8565398748032749,1.82318224478513,4.064090106810909,0.014517624996665675,0.026811503599781322,0.06252446318170629,59.0,68.0,65.0,0.0,0.0,0.06060606060606061,5.887272351596039,0.04426520565109804,0.04426520565109804,1373.815673828125,0.00487422663718462,0.026867572218179703
192,124.46080560027622,0.0,0.9168144166469574,0.16630378714762628,124.29450181312859,0.015539227400795889,0.002445643928641563,1.912223104817363,59.0,68.0,65.0,0.0,0.0,0.7727272727272727,124.46080560027622,0.9357955308291445,0.9357955308291445,701.270263671875,0.0013376218266785145,0.03528635576367378
193,8.505629874300212,0.0,0.3125723139382899,0.0,8.505629874300212,0.00529783582946254,0.0,0.13085584422000326,59.0,68.0,65.0,0.0,0.0,0.3484848484848485,8.505629874300212,0.06395210431804671,0.06395210431804671,2131.919921875,-0.003824514802545309,0.03374454006552696
194,19.896482070558704,0.0,1.1593501165189082,0.10807073826435953,19.788411332294345,0.01965000197489675,0.0015892755627111696,0.304437097419913,59.0,68.0,65.0,0.0,0.0,0.3939393939393939,19.896482070558704,0.14959760955307297,0.14959760955307297,804.8848266601562,0.00035357207525521517,0.02626855857670307
195,5.586472588125616,0.0,0.18498429795727134,0.05130772106349468,5.535164867062122,0.0031353270840215482,0.0007545253097572748,0.08515638257018648,59.0,68.0,65.0,0.0,0.0,0.16666666666666666,5.586472588125616,0.04200355329417756,0.04200355329417756,1102.41455078125,-0.00501210754737258,0.025219108909368515
196,1.7156066900352016,0.0,2.923653095960617,1.7156066900352016,0.0,0.04955344230441724,0.025229510147576493,0.0,59.0,68.0,65.0,0.0,0.0,0.0,1.7156066900352016,0.012899298421317306,0.012899298421317306,1853.2093505859375,-0.00867396965622902,0.0352325439453125
197,3.885007037795731,0.0,0.05719861466786824,2.4940304616466165,1.3909765761491144,0.0009694680452181058,0.03667691855362671,0.021399639633063298,59.0,68.0,65.0,0.0,0.0,0.015151515151515152,3.885007037795731,0.029210579231546848,0.029210579231546848,520.9140625,-0.002291977172717452,0.030034324154257774
198,2.304294195724651,0.0,1.536323778098449,1.6573683151509613,0.6469258805736899,0.02603938606946524,0.024373063458102372,0.009952705854979845,59.0,68.0,65.0,0.0,0.0,0.0,2.304294195724651,0.0173255202686064,0.0173255202686064,898.9937744140625,-0.004545367788523436,0.04025111347436905
199,1.0238687731325626,0.0,0.9304928509518504,0.991770783031825,0.03209799010073766,0.015771065270370345,0.014584864456350367,0.0004938152323190409,59.0,68.0,65.0,0.0,0.0,0.0,1.0238687731325626,0.007698261452124531,0.007698261452124531,1731.4190673828125,0.0008512171334587038,0.01716150902211666
200,20.1851139056962,0.028985507246376812,1.4136358393589035,3.3685872103087604,16.816526695387438,0.02395992948065938,0.049538047210422945,0.2587157953136529,59.0,68.0,65.0,0.0,0.028985507246376812,0.3181818181818182,20.1851139056962,0.1517677737270391,0.1517677737270391,1002.854248046875,0.0014433658216148615,0.024664711207151413
201,110.41736596747069,0.0,3.374688000883907,0.45512110722484067,109.96224486024585,0.05719810170989673,0.006692957459188833,1.6917268440037823,59.0,68.0,65.0,0.0,0.0,0.696969696969697,110.41736596747069,0.8302057591539149,0.8302057591539149,924.5646362304688,0.014580638147890568,0.03214752674102783
202,103.37558588688262,0.0,1.8878106595948339,1.2129605684895068,102.16262531839311,0.03199679084059041,0.017837655418963337,1.571732697206048,59.0,68.0,65.0,0.0,0.0,0.696969696969697,103.37558588688262,0.7772600442622754,0.7772600442622754,632.4622192382812,0.0028121969662606716,0.04185967892408371
203,20.697613772383193,0.0,0.2798323692113627,0.0629325736372266,20.634681198745966,0.004742921512056995,0.0009254790240768617,0.317456633826861,59.0,68.0,65.0,0.0,0.0,0.5454545454545454,20.697613772383193,0.15562115618333228,0.15562115618333228,1258.269775390625,0.005083967000246048,0.032522015273571014
204,89.55836931755766,0.0,0.15063863806426525,0.015258468687534332,89.54311084887013,0.0025531972553265296,0.00022438924540491665,1.3775863207518482,59.0,68.0,65.0,0.0,0.0,0.6515151515151515,89.55836931755766,0.6733711978763735,0.6733711978763735,657.0057983398438,-0.012692736461758614,0.051299721002578735
205,15.107921835733578,0.0,1.2763654263690114,0.3514012030791491,14.756520632654428,0.021633312311339175,0.005167664751163958,0.22702339434852967,59.0,68.0,65.0,0.0,0.0,0.5,15.107921835733578,0.11359339726115472,0.11359339726115472,1543.4248046875,0.004059967584908009,0.024258006364107132
206,43.00147909098769,0.0,0.6582053260644898,2.113707907362823,40.887771183624864,0.011156022475669318,0.03108393981415916,0.6290426335942286,59.0,68.0,65.0,0.0,0.0,0.45454545454545453,43.00147909098769,0.32331939166156154,0.32331939166156154,792.415283203125,0.0047234599478542805,0.027492554858326912
207,6.227770856348798,0.0,0.043807595036923885,2.012185052735731,4.215585803613067,0.00074250161079532,0.029590956657878396,0.0648551662094318,59.0,68.0,65.0,0.0,0.0,0.0,6.227770856348798,0.04682534478457743,0.04682534478457743,724.25439453125,-0.006079437211155891,0.04099734127521515
208,8.18064003251493,0.0,1.5690801019663922,4.225832384079695,3.954807648435235,0.026594577999430376,0.062144593883524925,0.06084319459131131,59.0,68.0,65.0,0.0,0.0,0.015151515151515152,8.18064003251493,0.06150857167304458,0.06150857167304458,2047.0472412109375,0.00204002158716321,0.020010575652122498
209,25.511095883266535,0.0,0.812224849825725,2.492643066914752,23.018452816351783,0.013766522878402118,0.03665651568992283,0.35413004332848896,59.0,68.0,65.0,0.0,0.0,0.5909090909090909,25.511095883266535,0.191812751002004,0.191812751002004,1183.2987060546875,0.003956340719014406,0.03633258491754532
210,2.856987984283478,0.0,0.5416438781576289,1.1074248891236493,1.7495630951598287,0.009180404714536084,0.016285660134171313,0.02691635531015121,59.0,68.0,65.0,0.0,0.0,0.0,2.856987984283478,0.021481112663785547,0.021481112663785547,822.6058959960938,-0.007920665666460991,0.05537417531013489
211,1.5688326566014439,0.0,0.6907772242557257,0.305191213497892,1.2636414431035519,0.011708088546707216,0.004488106080851353,0.01944063758620849,59.0,68.0,65.0,0.0,0.0,0.0,1.5688326566014439,0.011795734260161232,0.011795734260161232,925.3214111328125,-0.03800081089138985,0.1633402556180954
212,34.16950973047642,0.0,1.6532532171113417,0.5139077631174587,33.65560196735896,0.02802124096798884,0.00755746710466851,0.5177784918055225,59.0,68.0,65.0,0.0,0.0,0.4090909090909091,34.16950973047642,0.2569136069960633,0.2569136069960633,631.4552612304688,-0.008400984108448029,0.1270773559808731
213,2.4651297609088942,0.0,0.4292723184044007,1.9365645153447986,0.5285652455640957,0.007275802006854249,0.028478889931541157,0.008131773008678395,59.0,68.0,65.0,0.0,0.0,0.0,2.4651297609088942,0.0185348102323977,0.0185348102323977,1766.611083984375,-0.0027655267622321844,0.026754628866910934
214,15.44435668150254,0.0,2.2201008254196495,4.420738188549876,11.023618492952664,0.037628827549485586,0.06501085571396877,0.16959413066081022,59.0,68.0,65.0,0.0,0.0,0.25757575757575757,15.44435668150254,0.11612298256768827,0.11612298256768827,817.1713256835938,0.010475031100213528,0.04678450897336006
215,18.1985821412527,0.0,0.4644553819671273,0.18151396879693493,18.017068172455765,0.007872125118086904,0.0026693230705431606,0.27718566419162716,59.0,68.0,65.0,0.0,0.0,0.2727272727272727,18.1985821412527,0.13683144467107294,0.13683144467107294,919.195556640625,-0.018136462196707726,0.107407346367836
216,12.07243301300332,0.0,1.7585480129928328,6.242394893197343,5.830038119805977,0.02980589852530225,0.09179992489996092,0.08969289415086118,59.0,68.0,65.0,0.0,0.0,0.0,12.07243301300332,0.09077017303010014,0.09077017303010014,543.4798583984375,0.0019307476468384266,0.1006031185388565
217,24.717020250856876,0.0,0.034134870395064354,0.0,24.717020250856876,0.0005785571253400738,0.0,0.3802618500131827,59.0,68.0,65.0,0.0,0.0,0.19696969696969696,24.717020250856876,0.18584225752523967,0.18584225752523967,1031.826171875,-0.03183155506849289,0.17105567455291748
218,68.93600359803531,0.0,0.7811288780649193,0.8209411788266152,68.1150624192087,0.013239472509574903,0.012072664394509047,1.0479240372185954,59.0,68.0,65.0,0.0,0.0,0.4393939393939394,68.93600359803531,0.5183158165265813,0.5183158165265813,640.0348510742188,-0.03725742921233177,0.1864882856607437
219,5.586655724677257,0.0,0.1199781209579669,2.345298511791043,3.2413572128862143,0.0020335274738638455,0.034489683996927104,0.0498670340444033,59.0,68.0,65.0,0.0,0.0,0.0,5.586655724677257,0.04200493026073126,0.04200493026073126,3320.912841796875,-0.03574192151427269,0.18927758932113647
220,48.168969537480734,0.0,0.14013761188834906,1.6945523143513128,46.47441722312942,0.0023752137608194757,0.0249198869757546,0.7149910342019911,59.0,68.0,65.0,0.0,0.0,0.4090909090909091,48.168969537480734,0.3621727032893288,0.3621727032893288,1069.94091796875,-0.03485216200351715,0.19871774315834045
221,5.839783176081255,0.0,0.12055492668878287,0.02695789560675621,5.812825280474499,0.0020433038421827604,0.0003964396412758266,0.08942808123806921,59.0,68.0,65.0,0.0,0.0,0.22727272727272727,5.839783176081255,0.04390814418106207,0.04390814418106207,1394.372802734375,-0.002765571465715766,0.036340419203042984
222,3.981147114536725,0.0,1.540433507412672,1.6674207970499992,2.3137263174867257,0.026109042498519867,0.024520894074264693,0.035595789499795784,59.0,68.0,65.0,0.0,0.0,0.0,3.981147114536725,0.029933436951403946,0.029933436951403946,1338.7969970703125,0.003298674477264285,0.03346894681453705
223,4.7734878444171045,0.043478260869565216,1.1392878277692944,3.779688916169107,0.9937989282479975,0.019309963182530414,0.05558366053189863,0.015289214280738424,59.0,68.0,65.0,0.0,0.043478260869565216,0.0,4.7734878444171045,0.03589088604824891,0.03589088604824891,1521.136962890625,-0.002312800846993923,0.022608157247304916
224,28.128729504387593,0.0,0.6980227158055641,0.8161154173722025,27.31261408701539,0.0118308934882299,0.012001697314297096,0.4201940628771599,59.0,68.0,65.0,0.0,0.0,0.42424242424242425,28.128729504387593,0.21149420679990671,0.21149420679990671,986.6575927734375,0.005632483866065741,0.03963767737150192
225,2.382508125738241,0.0,0.4000328052206896,1.0609140382730402,1.3215940874652006,0.006780217037638807,0.015601677033427061,0.020332216730233856,59.0,68.0,65.0,0.0,0.0,0.015151515151515152,2.382508125738241,0.017913594930362712,0.017913594930362712,747.18359375,-0.0036343925166875124,0.025854984298348427
226,3.747483352199197,0.0,1.0158195452677319,0.6267007431015372,3.1207826090976596,0.017217280428266642,0.009216187398552018,0.04801204013996399,59.0,68.0,65.0,0.0,0.0,0.0,3.747483352199197,0.028176566557888697,0.028176566557888697,154.72491455078125,-0.018700649961829185,0.09429271519184113
227,0.0321732007432729,0.0,0.960708225145936,0.0321732007432729,0.0,0.01628319025671078,0.00047313530504813087,0.0,59.0,68.0,65.0,0.0,0.0,0.0,0.0321732007432729,0.0002419037649870143,0.0002419037649870143,795.639404296875,9.652630978962407e-05,0.03855425491929054
228,34.108611322939396,0.8115942028985508,2.089060958940536,14.300431184470654,19.808180138468742,0.03540781286339891,0.21030045859515667,0.3047412328995191,59.0,68.0,65.0,0.0,0.8115942028985508,1.0,34.108611322939396,0.256455724232627,0.256455724232627,2150.48828125,-0.0008809133432805538,0.027361879125237465
229,9.82520443201065,0.0,5.785177227109671,1.9800026714801788,7.845201760530472,0.09805385130694357,0.029117686345296746,0.1206954117004688,59.0,68.0,65.0,0.0,0.0,0.3181818181818182,9.82520443201065,0.07387371753391467,0.07387371753391467,1454.904296875,-0.0071074445731937885,0.045941825956106186
230,1.7473775838734582,0.0,1.0358813555067172,1.5670898786047474,0.18028770526871085,0.017557311110283344,0.023045439391246286,0.002773657004134013,59.0,68.0,65.0,0.0,0.0,0.0,1.7473775838734582,0.013138177322356828,0.013138177322356828,1326.176513671875,-0.004733353853225708,0.028563082218170166
231,13.5208297240315,0.0,2.180228868004633,0.7155799920437858,12.805249731987715,0.036953031661095474,0.010523235177114496,0.19700384203058022,59.0,68.0,65.0,0.0,0.0,0.4090909090909091,13.5208297240315,0.1016603738648985,0.1016603738648985,708.6533203125,0.010742547921836376,0.05121063441038132
232,10.731731971074623,0.0,1.9305765146855265,3.3866912525154476,7.345040718559176,0.03272163584212757,0.04980428312522717,0.11300062643937193,59.0,68.0,65.0,0.0,0.0,0.24242424242424243,10.731731971074623,0.08068971406823025,0.08068971406823025,1114.224853515625,0.0018695133039727807,0.02829200029373169
233,9.239147607120685,0.0,0.8289597639814019,2.483775733388029,6.755371873732656,0.014050165491210203,0.036526113726294544,0.10392879805742548,59.0,68.0,65.0,0.0,0.0,0.10606060606060606,9.239147607120685,0.0694672752415089,0.0694672752415089,780.7937622070312,-0.004956705961376429,0.05624372884631157
234,10.506215964909643,0.0,0.1122175972268451,0.040296895429492,10.465919069480151,0.0019019931733363577,0.0005926014033748823,0.16101413953046387,59.0,68.0,65.0,0.0,0.0,0.3484848484848485,10.506215964909643,0.07899410499932062,0.07899410499932062,1083.1954345703125,-0.0009184940136037767,0.023896675556898117
235,7.285448535694741,0.0,0.6252590843942016,0.06736587116029114,7.21808266453445,0.010597611599901722,0.0009906745758866344,0.1110474256082223,59.0,68.0,65.0,0.0,0.0,0.25757575757575757,7.285448535694741,0.0547778085390582,0.0547778085390582,1658.3553466796875,0.005514014512300491,0.025887640193104744
236,5.0951780177420005,0.0,0.4474148798035458,2.0008073607459664,3.094370656996034,0.007583303047517725,0.02942363765802892,0.0476057024153236,59.0,68.0,65.0,0.0,0.0,0.09090909090909091,5.0951780177420005,0.03830960915595489,0.03830960915595489,924.3291015625,0.002453994005918503,0.035521894693374634
237,0.8060713120503351,0.0,0.4788161243777722,0.5297265137778595,0.2763447982724756,0.008115527531826648,0.007790095790850875,0.004251458434961163,59.0,68.0,65.0,0.0,0.0,0.0,0.8060713120503351,0.006060686556769437,0.006060686556769437,1618.645751953125,0.007853664457798004,0.029758714139461517
238,32.246493942977395,0.0,0.2726580426970031,0.20653832517564297,32.03995561780175,0.004621322757576324,0.003037328311406514,0.492922394120027,59.0,68.0,65.0,0.0,0.0,0.3333333333333333,32.246493942977395,0.24245484167652176,0.24245484167652176,561.073486328125,-0.003406143980100751,0.03506854921579361
239,7.402625525894109,0.3188405797101449,0.09875488135730848,3.785998943785671,3.616626582108438,0.0016738115484289573,0.055676455055671634,0.055640408955514434,59.0,68.0,65.0,0.0,0.3188405797101449,0.18181818181818182,7.402625525894109,0.05565883854055721,0.05565883854055721,1212.980224609375,0.0015016963006928563,0.016937507316470146
240,67.92262669838965,0.0,1.3896423857659101,0.03000415302813053,67.89262254536152,0.02355326077569339,0.00044123754453133135,1.0445018853132542,59.0,68.0,65.0,0.0,0.0,0.5757575757575758,67.92262669838965,0.5106964413412756,0.5106964413412756,914.9429321289062,-0.00015593010175507516,0.0343208871781826
241,44.53329714213032,0.0,1.0802900104317814,0.555098490905948,43.978198651224375,0.018310000176809855,0.008163213101558058,0.676587671557298,59.0,68.0,65.0,0.0,0.0,0.4696969696969697,44.53329714213032,0.33483682061752124,0.33483682061752124,940.8439331054688,0.0009914456168189645,0.0381450355052948
242,20.36027376144193,0.0,0.7110605505295098,0.8397076942492276,19.520566067192703,0.012051873737788302,0.012348642562488642,0.3003164010337339,59.0,68.0,65.0,0.0,0.0,0.18181818181818182,20.36027376144193,0.15308476512362354,0.15308476512362354,500.2476806640625,0.008122856728732586,0.05806594714522362
243,38.62570933409734,0.0,0.4605329550104216,1.423327334865462,37.202381999231875,0.007805643305261382,0.020931284336256795,0.5723443384497211,59.0,68.0,65.0,0.0,0.0,0.5,38.62570933409734,0.29041886717366416,0.29041886717366416,920.1905517578125,-0.005002409685403109,0.02472936175763607
244,12.235629009315744,0.4492753623188406,4.265913140028715,10.233989797532558,2.0016392117831856,0.07230361254285958,0.1504998499637141,0.030794449412049008,59.0,68.0,65.0,0.016666666666666666,0.4492753623188406,0.045454545454545456,12.235629009315744,0.09199721059635897,0.09199721059635897,1587.09765625,0.0050511592999100685,0.030769186094403267
245,43.754477069946006,0.0,0.0022921692579984665,0.0,43.754477069946006,3.885032640675367e-05,0.0,0.6731458010760925,59.0,68.0,65.0,0.0,0.0,0.42424242424242425,43.754477069946006,0.3289810306010978,0.3289810306010978,1308.484375,-0.003709300421178341,0.03185732290148735
246,88.63319504261017,0.0,0.1975306011736393,0.0,88.63319504261017,0.003347976291078632,0.0,1.3635876160401565,59.0,68.0,65.0,0.0,0.0,0.6060606060606061,88.63319504261017,0.6664150003203773,0.6664150003203773,871.063232421875,0.009863963350653648,0.03467610105872154
247,0.0,0.0,0.10141372121870518,0.0,0.0,0.0017188766308255114,0.0,0.0,59.0,68.0,65.0,0.0,0.0,0.0,0.0,0.0,0.0,1820.27587890625,0.002867521718144417,0.0478753037750721
248,33.43820693320595,0.0,1.1039435722632334,1.640799906803295,31.797407026402652,0.018710908004461582,0.024129410394166103,0.4891908773292716,59.0,68.0,65.0,0.0,0.0,0.48484848484848486,33.43820693320595,0.25141508972335297,0.25141508972335297,993.8673095703125,-0.0001234353258041665,0.020309345796704292
249,63.239655658602715,0.0,0.4316075639799237,0.0,63.239655658602715,0.00731538244033769,0.0,0.9729177793631187,59.0,68.0,65.0,0.0,0.0,0.5606060606060606,63.239655658602715,0.47548613277144897,0.47548613277144897,814.713134765625,0.005873015150427818,0.03865702822804451
250,18.945822211680934,0.0,0.4901404574047774,3.402910517062992,15.542911694617942,0.00830746537974199,0.05004280172151459,0.23912171837873758,59.0,68.0,65.0,0.0,0.0,0.36363636363636365,18.945822211680934,0.14244979106527017,0.14244979106527017,1640.411376953125,-0.003312174929305911,0.022485725581645966
251,0.8462839572166558,0.0,0.03846180601976812,0.7536442692799028,0.09263968793675303,0.0006518950172842054,0.011083003959998571,0.001425225968257739,59.0,68.0,65.0,0.0,0.0,0.0,0.8462839572166558,0.0063630372723056825,0.0063630372723056825,1012.4735107421875,-0.0011402922682464123,0.029228495433926582
252,11.543720093919546,0.0,0.10251893196254969,0.7371097606373951,10.806610333282151,0.0017376090163144014,0.010839849421138163,0.16625554358895617,59.0,68.0,65.0,0.0,0.0,0.19696969696969696,11.543720093919546,0.08679488792420711,0.08679488792420711,857.2099609375,9.543503256281838e-05,0.02974522113800049
253,17.105702781118453,0.0,0.36810359300579876,0.6805373011156917,16.42516548000276,0.006239043949250826,0.010007901486995466,0.252694853538504,59.0,68.0,65.0,0.0,0.0,0.30303030303030304,17.105702781118453,0.12861430662495077,0.12861430662495077,849.3310546875,0.0073551335372030735,0.04136679694056511
254,1.96546748111723,0.014492753623188406,0.5201459278177936,0.959139839920681,1.006327641196549,0.008816032674877856,0.014104997645892367,0.015481963710716138,59.0,68.0,65.0,0.0,0.014492753623188406,0.015151515151515152,1.96546748111723,0.014777950985843833,0.014777950985843833,1180.9736328125,-0.0015842011198401451,0.021763425320386887
255,7.237697520409711,0.0,0.7355970721691847,2.8885663649998605,4.34913115540985,0.012467746985918385,0.04247891713235089,0.06690971008322846,59.0,68.0,65.0,0.0,0.0,0.045454545454545456,7.237697520409711,0.05441877834894519,0.05441877834894519,1457.8065185546875,0.0019573408644646406,0.03721516206860542
256,36.59227841719985,0.0,1.6061451714485884,0.206301748752594,36.385976668447256,0.02722279951607777,0.003033849246361676,0.5597842564376501,59.0,68.0,65.0,0.0,0.0,0.5303030303030303,36.59227841719985,0.2751299129112771,0.2751299129112771,918.8381958007812,-0.0024982041213661432,0.036465536803007126
257,4.469256900258188,0.0,0.9566279319114983,3.127186874167819,1.3420700260903686,0.016214032744262682,0.04598804226717381,0.020647231170621057,59.0,68.0,65.0,0.0,0.0,0.0,4.469256900258188,0.033603435340287126,0.033603435340287126,1142.457275390625,0.00166606018319726,0.05809392035007477
258,2.404809165011102,0.0,0.17060315323760733,1.3571553082074388,1.047653856803663,0.0028915788684340227,0.019958166297168217,0.01611775164313328,59.0,68.0,65.0,0.0,0.0,0.0,2.404809165011102,0.018081271917376705,0.018081271917376705,933.71044921875,-0.003948106896132231,0.017499541863799095
259,5.613290679128113,0.0,0.7552495538257062,2.6832208767991688,2.930069802328944,0.012800839895350953,0.03945913054116425,0.04507799695890683,59.0,68.0,65.0,0.0,0.0,0.0,5.613290679128113,0.042205193076151226,0.042205193076151226,1085.52978515625,0.0009540641331113875,0.03511138632893562
260,56.440664725145325,0.0,1.3220722263213247,0.477352345129475,55.96331238001585,0.022408003835954655,0.0070198874283746325,0.8609740366156284,59.0,68.0,65.0,0.0,0.0,0.48484848484848486,56.440664725145325,0.4243659001890626,0.4243659001890626,463.2711181640625,0.006438308861106634,0.03789762780070305
261,41.61390850134194,0.0,1.7650273364270106,4.7175232376903296,36.89638526365161,0.029915717566559502,0.06937534173074014,0.5676366963638709,59.0,68.0,65.0,0.0,0.0,0.3333333333333333,41.61390850134194,0.3128865300852777,0.3128865300852777,735.7691040039062,0.0018587304512038827,0.04286525771021843
262,8.93873184476979,0.028985507246376812,0.8672649052314227,5.389213865622878,3.5495179791469127,0.014699405173413945,0.07925314508268938,0.0546079689099525,59.0,68.0,65.0,0.0,0.028985507246376812,0.09090909090909091,8.93873184476979,0.06720851011105106,0.06720851011105106,1473.3089599609375,6.769473111489788e-05,0.02895653434097767
263,1.181376195512712,0.0,0.151982608018443,0.14213933516293764,1.0392368603497744,0.0025759764070922542,0.002090284340631436,0.01598825938999653,59.0,68.0,65.0,0.0,0.0,0.0,1.181376195512712,0.008882527785809865,0.008882527785809865,874.3599853515625,0.009785459376871586,0.06149794161319733
264,3.7820063831750304,0.0,0.17603417811915278,1.6142987880157307,2.1677075951592997,0.002983630137612759,0.023739688059054864,0.03334934761783538,59.0,68.0,65.0,0.0,0.0,0.10606060606060606,3.7820063831750304,0.02843613821936113,0.02843613821936113,1467.1611328125,0.0036290122661739588,0.024724993854761124
265,2.0877036916208453,0.0,0.31336566782556474,0.7147555199917406,1.3729481716291048,0.005311282505518046,0.010511110588113833,0.02112227956352469,59.0,68.0,65.0,0.0,0.0,0.06060606060606061,2.0877036916208453,0.015697020237750717,0.015697020237750717,921.8457641601562,-0.00028929239488206804,0.027934294193983078
266,2.774145270447093,0.0,0.2698288594838232,1.0667781716038007,1.7073670988432923,0.0045733704997258165,0.015687914288291187,0.02626718613605065,59.0,68.0,65.0,0.0,0.0,0.0,2.774145270447093,0.020858235116143556,0.020858235116143556,844.6513671875,-0.002753116888925433,0.032759178429841995
267,6.372429586248472,0.14492753623188406,0.8430656765121967,4.15464325947687,2.217786326771602,0.014289248754444012,0.06109769499230692,0.03411978964264003,59.0,68.0,65.0,0.0,0.14492753623188406,0.030303030303030304,6.372429586248472,0.04791300440788325,0.04791300440788325,1017.464111328125,0.0003175036981701851,0.021053016185760498
268,20.545453756581992,0.014492753623188406,1.4260219826101093,4.31972816621419,16.2257255903678,0.02416986411203575,0.06352541420903221,0.24962654754412003,59.0,68.0,65.0,0.0,0.014492753623188406,0.22727272727272727,20.545453756581992,0.15447709591415032,0.15447709591415032,1329.599609375,-0.00783437117934227,0.041610632091760635
269,36.56123080046382,0.0,0.9696608752128668,1.9130810042843223,34.648149796179496,0.016434930088353675,0.0281335441806518,0.5330484584027615,59.0,68.0,65.0,0.0,0.0,0.4090909090909091,36.56123080046382,0.2748964721839385,0.2748964721839385,1101.9359130859375,-0.0036050500348210335,0.02672005631029606
270,3.071153673052322,0.0,0.08805417851544917,1.7081706132157706,1.3629830598365515,0.0014924437036516807,0.02512015607670251,0.020968970151331562,59.0,68.0,65.0,0.0,0.0,0.0,3.071153673052322,0.023091381000393398,0.023091381000393398,1372.799560546875,0.002156204776838422,0.03700120747089386
271,3.958008966932539,0.0,0.13704928616061807,2.3006024286150932,1.6574065383174457,0.0023228692569596285,0.033832388656104315,0.025498562127960703,59.0,68.0,65.0,0.0,0.0,0.0,3.958008966932539,0.029759465916786007,0.029759465916786007,1202.55517578125,-0.005207155831158161,0.03843223676085472
272,4.1707927408861,0.0,1.2818294760945719,2.1519395537907258,2.018853187095374,0.021725923323636813,0.03164616990868714,0.03105927980146729,59.0,68.0,65.0,0.0,0.0,0.0,4.1707927408861,0.03135934391643684,0.03135934391643684,679.1043701171875,-0.005245393607765436,0.08038996905088425
273,0.40449375519528985,0.0,1.096118511253735,0.3828571015037596,0.021636653691530228,0.018578279851758223,0.005630251492702347,0.0003328715952543112,59.0,68.0,65.0,0.0,0.0,0.0,0.40449375519528985,0.0030413064300397735,0.0030413064300397735,1728.013427734375,-0.0006636434118263423,0.025891857221722603
274,4.194343216018751,0.08695652173913043,0.6966603462060448,3.376403795555234,0.8179394204635173,0.011611005770100746,0.04965299699345932,0.01258368339174642,60.0,68.0,65.0,0.0,0.08695652173913043,0.0,4.194343216018751,0.03153641515803572,0.03153641515803572,1128.8424072265625,-0.003052017418667674,0.018948227167129517
275,8.326477526919916,0.0,1.1731224649120122,2.032253809273243,6.294223717646673,0.019883431608678174,0.029886085430488867,0.09683421104071806,59.0,68.0,65.0,0.0,0.0,0.2727272727272727,8.326477526919916,0.06260509418736779,0.06260509418736779,1740.006591796875,-0.003193556098267436,0.0407678559422493
276,0.5847501130483579,0.0,0.05965059681329876,0.47332995195756666,0.11142016109079123,0.0010110270646321825,0.006960734587611274,0.0017141563244737112,59.0,68.0,65.0,0.0,0.0,0.0,0.5847501130483579,0.004396617391341037,0.004396617391341037,932.29833984375,0.000555231876205653,0.03415099158883095
277,34.98755232524127,0.0,6.472673744894564,2.0899537270888686,32.8975985981524,0.1097063346592299,0.030734613633659834,0.5061169015100369,59.0,68.0,65.0,0.11666666666666667,0.0,0.42424242424242425,34.98755232524127,0.2630643031973028,0.2630643031973028,572.7174072265625,-0.007024273741990328,0.03963784500956535
278,3.0301808114163578,0.0,0.3614106848835945,0.04760958719998598,2.9825712242163718,0.0061256048285355,0.000700140988235088,0.04588571114179033,59.0,68.0,65.0,0.0,0.0,0.06060606060606061,3.0301808114163578,0.022783314371551563,0.022783314371551563,1079.599609375,-0.0034829704090952873,0.03401729092001915
279,13.176278708851896,0.0,0.4340290519176051,3.144199712900445,10.032078995951451,0.007356424608772968,0.046238231072065365,0.15433967686079156,59.0,68.0,65.0,0.0,0.0,0.12121212121212122,13.176278708851896,0.09906976472820975,0.09906976472820975,1394.0869140625,-0.003946289420127869,0.03578833490610123
280,3.7980682612396777,0.0,1.1789778890670277,2.645944799762219,1.1521234614774585,0.019649631484450463,0.038910952937679696,0.01772497633042244,60.0,68.0,65.0,0.0,0.0,0.0,3.7980682612396777,0.0285569042198472,0.0285569042198472,959.0806884765625,0.003960916306823492,0.02699875831604004
281,2.4529221339616925,0.0,0.9609542307443917,1.9690873234067112,0.48383481055498123,0.016287359843125283,0.02895716652068693,0.007443612470076634,59.0,68.0,65.0,0.0,0.0,0.0,2.4529221339616925,0.01844302356362175,0.01844302356362175,1744.214599609375,-0.0072932117618620396,0.055908139795064926
282,5.59624523477396,0.0,0.40084509877488017,1.9881090088165365,3.6081362259574234,0.0066807516462480026,0.029236897188478477,0.05550978809165267,60.0,68.0,65.0,0.0,0.0,0.09090909090909091,5.59624523477396,0.04207703184040571,0.04207703184040571,1026.392578125,0.0007158977095969021,0.030038734897971153
283,7.448421118140686,0.0,0.201050472445786,1.0166420539026149,6.431779064238071,0.0033508412074297667,0.014950618439744337,0.09895044714212417,60.0,68.0,65.0,0.0,0.0,0.09090909090909091,7.448421118140686,0.056003166301809675,0.056003166301809675,1436.088134765625,0.003314708359539509,0.025209542363882065
284,1.3576914391524042,0.0,0.24322216748259962,1.0485383149352856,0.3091531242171186,0.004122409618349146,0.015419681101989494,0.004756201911032594,59.0,68.0,65.0,0.0,0.0,0.0,1.3576914391524042,0.010208206309416573,0.010208206309416573,1159.70458984375,-0.0029177889227867126,0.046426210552453995
285,52.93156452663243,0.028985507246376812,1.0021231058053672,6.7380907610058784,46.19347376562655,0.016702051763422786,0.09908957001479234,0.7106688271634853,60.0,68.0,65.0,0.0,0.028985507246376812,0.4696969696969697,52.93156452663243,0.39798168817016866,0.39798168817016866,624.0760498046875,0.005495975259691477,0.03084953874349594
286,22.527249711565673,0.0,1.1924063067417592,6.204716399312019,16.322533312253654,0.019873438445695987,0.09124582940164734,0.25111589711159465,60.0,68.0,65.0,0.0,0.0,0.3333333333333333,22.527249711565673,0.16937781738019303,0.16937781738019303,1096.18017578125,0.003566860919818282,0.036283448338508606
287,36.19302164018154,0.0,0.11795198297477327,0.38096063397824764,35.812061006203294,0.0019658663829128877,0.0056023622643859945,0.5509547847108199,60.0,68.0,65.0,0.0,0.0,0.42424242424242425,36.19302164018154,0.2721279822570041,0.2721279822570041,874.9034423828125,-0.003416218562051654,0.03629394248127937
288,7.8077137565705925,0.0,0.366544003598392,3.0037805297179148,4.803933226852678,0.006109066726639867,0.04417324308408698,0.07390666502850274,60.0,68.0,65.0,0.0,0.0,0.07575757575757576,7.8077137565705925,0.05870461471105708,0.05870461471105708,856.9879150390625,0.001830579130910337,0.029374148696660995
289,6.717204362619668,0.014492753623188406,0.2142120662610978,3.7531583164818585,2.9640460461378098,0.0035702011043516296,0.05519350465414498,0.04560070840212015,60.0,68.0,65.0,0.0,0.014492753623188406,0.09090909090909091,6.717204362619668,0.05050529595954638,0.05050529595954638,811.819580078125,0.001416024169884622,0.025916583836078644
290,18.97542199664167,0.014492753623188406,0.3110288581228815,4.135665690380847,14.839756306260824,0.005183814302048025,0.06081861309383599,0.22830394317324346,60.0,68.0,65.0,0.0,0.014492753623188406,0.13636363636363635,18.97542199664167,0.14267234583941107,0.14267234583941107,591.5208129882812,-0.011607527732849121,0.04365786164999008
291,24.84060611136374,0.043478260869565216,0.3589018955244683,6.845433467999101,17.99517264336464,0.005981698258741138,0.1006681392352809,0.27684880989791755,60.0,68.0,65.0,0.0,0.043478260869565216,0.2878787878787879,24.84060611136374,0.1867714745215319,0.1867714745215319,686.37744140625,-0.002432086504995823,0.03514884039759636
292,22.12053805682808,0.21739130434782608,1.8998191966675222,10.025793746113777,12.094744310714304,0.03166365327779204,0.1474381433252026,0.18607298939560468,60.0,68.0,65.0,0.0,0.21739130434782608,0.16666666666666666,22.12053805682808,0.16631983501374498,0.16631983501374498,1090.103515625,-0.002047439804300666,0.03879557549953461
293,25.18924150057137,0.9855072463768116,3.6876733698882163,18.00159676373005,7.187644736841321,0.06146122283147027,0.2647293641725007,0.11057914979755878,60.0,68.0,65.0,0.0,0.9855072463768116,0.24242424242424243,25.18924150057137,0.18939279323737873,0.18939279323737873,1541.5257568359375,0.0019283363362774253,0.029936542734503746
294,14.70023010415025,0.028985507246376812,0.981356164207682,4.924427476478741,9.77580262767151,0.016355936070128033,0.07241805112468735,0.15039696350263862,60.0,68.0,65.0,0.0,0.028985507246376812,0.16666666666666666,14.70023010415025,0.11052804589586654,0.11052804589586654,1326.619384765625,0.0038906391710042953,0.033443644642829895
295,5.069569417159073,0.0,0.4334679001112818,2.611744213849306,2.457825203309767,0.007224465001854696,0.03840800314484274,0.03781269543553488,60.0,68.0,65.0,0.0,0.0,0.030303030303030304,5.069569417159073,0.03811706328691032,0.03811706328691032,1659.2845458984375,0.0026015217881649733,0.0330246202647686
296,22.41467654542066,0.0,1.4976756321266294,0.06317788013257086,22.35149866528809,0.024961260535443824,0.0009290864725378068,0.3438692102352014,60.0,68.0,65.0,0.0,0.0,0.3333333333333333,22.41467654542066,0.16853140259714783,0.16853140259714783,718.9280395507812,0.00351789896376431,0.03458183631300926
297,3.0595965383108705,0.0,0.6657391206827015,1.7625415669754148,1.2970549713354558,0.011095652011378358,0.02591972892610904,0.01995469186669932,60.0,68.0,65.0,0.0,0.0,0.0,3.0595965383108705,0.023004485250457674,0.023004485250457674,736.9635009765625,0.0012364089488983154,0.060842402279376984
298,31.07698217732832,0.0,0.8307873399462551,1.6575427982024848,29.419439379125834,0.013846455665770918,0.02437562938533066,0.452606759678859,60.0,68.0,65.0,0.0,0.0,0.3939393939393939,31.07698217732832,0.2336615201302881,0.2336615201302881,853.043212890625,0.00018706142145674676,0.020769629627466202
299,29.982374718529172,0.0,0.0,2.6271494777174667,27.355225240811706,0.0,0.03863455114290392,0.4208496190894109,60.0,68.0,65.0,0.0,0.0,0.3181818181818182,29.982374718529172,0.2254313888611216,0.2254313888611216,839.1636962890625,-0.0019075702875852585,0.026646172627806664
300,9.887692680582404,0.08695652173913043,0.670929226645967,6.237077264115214,3.65061541646719,0.011182153777432783,0.09172172447228256,0.05616331409949523,60.0,68.0,65.0,0.0,0.08695652173913043,0.045454545454545456,9.887692680582404,0.07434355398934138,0.07434355398934138,1096.0079345703125,0.005105109419673681,0.026160968467593193
301,6.687607857398689,0.028985507246376812,0.14075145695824176,4.343025691341609,2.34458216605708,0.002345857615970696,0.06386802487267072,0.03607049486241662,60.0,68.0,65.0,0.0,0.028985507246376812,0.015151515151515152,6.687607857398689,0.050282765845102925,0.050282765845102925,861.870361328125,-0.00525665283203125,0.031027579680085182
302,20.55358829605393,0.0,0.3120250853244215,0.44620967167429626,20.107378624379635,0.005200418088740359,0.00656190693638671,0.30934428652891743,60.0,68.0,65.0,0.0,0.0,0.3787878787878788,20.55358829605393,0.15453825786506714,0.15453825786506714,1037.3948974609375,-0.0023135330993682146,0.025186726823449135
303,6.58228195970878,0.07246376811594203,0.5082589444937184,3.0523677301825956,3.5299142295261845,0.00847098240822864,0.04488776073797934,0.0543063727619413,60.0,68.0,65.0,0.0,0.07246376811594203,0.10606060606060606,6.58228195970878,0.049490841802321654,0.049490841802321654,1411.5111083984375,0.0022142527159303427,0.02054387517273426
304,6.103978824103251,0.014492753623188406,2.958275130018592,3.6946362433955073,2.4093425807077438,0.04930458550030987,0.05433288593228687,0.03706680893396529,60.0,68.0,65.0,0.03278688524590164,0.014492753623188406,0.045454545454545456,6.103978824103251,0.04589457762483647,0.04589457762483647,1619.30859375,-0.004777468740940094,0.026476463302969933
305,19.719603885896504,0.0,2.2980282148346305,1.7950449557974935,17.92455893009901,0.03830047024724384,0.026397719938198432,0.2757624450784463,60.0,68.0,65.0,0.0,0.0,0.30303030303030304,19.719603885896504,0.14826769839019927,0.14826769839019927,780.93017578125,-0.0009676393237896264,0.0358036570250988
306,4.508425728767179,0.014492753623188406,0.5239208238235733,3.5813172422349453,0.9271084865322337,0.008732013730392889,0.05266643003286684,0.014263207485111286,60.0,68.0,65.0,0.0,0.014492753623188406,0.0,4.508425728767179,0.03389793781027954,0.03389793781027954,1316.60205078125,-0.0011220357846468687,0.02968626841902733
307,8.707265148754232,0.2753623188405797,0.2942649554461241,5.590103589231148,3.1171615595230833,0.004904415924102068,0.08220740572398748,0.04795633168497051,60.0,68.0,65.0,0.0,0.2753623188405797,0.07575757575757576,8.707265148754232,0.06546815901318971,0.06546815901318971,1047.1519775390625,0.0036073762457817793,0.022299258038401604
308,6.665250300487969,0.0,0.06223470077384263,0.022478213533759117,6.64277208695421,0.0010372450128973772,0.00033056196373175173,0.10219649364544939,60.0,68.0,65.0,0.0,0.0,0.25757575757575757,6.665250300487969,0.05011466391344337,0.05011466391344337,1017.90185546875,0.0007198210805654526,0.030686378479003906
309,13.734781389124691,0.21739130434782608,1.3709396026097238,7.377930483780801,6.35685090534389,0.02284899337682873,0.10849897770265884,0.09779770623605985,60.0,68.0,65.0,0.0,0.21739130434782608,0.18181818181818182,13.734781389124691,0.10326903300093752,0.10326903300093752,926.6761474609375,-0.010694709606468678,0.03152467682957649
310,9.42502977635013,0.0,0.3393453420139849,2.640970535867382,6.7840592404827476,0.005655755700233082,0.03883780199804973,0.10437014216127304,60.0,68.0,65.0,0.0,0.0,0.18181818181818182,9.42502977635013,0.07086488553646714,0.07086488553646714,1176.5728759765625,-0.0026974373031407595,0.03021886758506298
311,6.3060634264256805,0.0,0.7439942956552841,2.880477066617459,3.4255863598082215,0.012399904927588069,0.04235995686202146,0.05270132861243418,60.0,68.0,65.0,0.0,0.0,0.0,6.3060634264256805,0.04741401072500512,0.04741401072500512,798.91357421875,0.0011756011517718434,0.05443354323506355
312,3.709365578601137,0.0,0.5542655857279897,2.4298795780632645,1.2794860005378723,0.009237759762133162,0.035733523206812716,0.019386151523301094,60.0,68.0,66.0,0.0,0.0,0.0,3.709365578601137,0.027681832676127886,0.027681832676127886,1342.5328369140625,0.0013669193722307682,0.02986884117126465
313,12.217333196662366,0.0,0.12456802750966744,0.1408735360018909,12.076459660660475,0.002076133791827791,0.0020716696470866307,0.18579168708708424,60.0,68.0,65.0,0.0,0.0,0.22727272727272727,12.217333196662366,0.09185964809520576,0.09185964809520576,680.828857421875,-0.00844618584960699,0.03767586126923561
314,4.823143444285961,0.0,0.7615845766849816,3.561167917214334,1.2619755270716269,0.012693076278083026,0.05237011642962256,0.01941500810879426,60.0,68.0,65.0,0.0,0.0,0.030303030303030304,4.823143444285961,0.036264236423202714,0.036264236423202714,1295.673095703125,-0.002276229439303279,0.03128856047987938
315,4.987370966351591,0.028985507246376812,0.2807477831374854,2.329117553541437,2.6582534128101543,0.00467912971895809,0.03425172872855054,0.04089620635092545,60.0,68.0,65.0,0.0,0.028985507246376812,0.06060606060606061,4.987370966351591,0.037499029822192415,0.037499029822192415,1461.3851318359375,0.003182312473654747,0.024817295372486115
316,2.1094770007766783,0.0,0.7366817364527378,2.0459634833969176,0.06351351737976074,0.012278028940878963,0.03008769828524879,0.0009771310366117037,60.0,68.0,65.0,0.0,0.0,0.0,2.1094770007766783,0.015860729329147956,0.015860729329147956,1016.367919921875,-0.0054924339056015015,0.036040280014276505
317,7.807119635050185,0.014492753623188406,0.6593324632231088,4.148957410827279,3.658162224222906,0.010988874387051813,0.0610140795709894,0.05542670036701373,60.0,68.0,66.0,0.0,0.014492753623188406,0.14925373134328357,7.807119635050185,0.058262086828732726,0.058262086828732726,1437.362060546875,0.00022242295381147414,0.0232344102114439
318,9.434083473403007,0.014492753623188406,0.410693034529686,5.680823399219662,3.753260074183345,0.0068448839088281,0.08354152057675973,0.05774246267974377,60.0,68.0,65.0,0.0,0.014492753623188406,0.0,9.434083473403007,0.07093295844663915,0.07093295844663915,1110.1695556640625,0.0032625969033688307,0.04116761311888695
319,8.772873610258102,0.014492753623188406,1.8706890093162656,6.959885701537132,1.8129879087209702,0.031178150155271093,0.10235126031672254,0.027469513768499546,60.0,68.0,66.0,0.0,0.014492753623188406,0.0,8.772873610258102,0.06546920604670226,0.06546920604670226,980.4918212890625,-0.003673889674246311,0.03692231327295303
320,17.98737108777277,0.014492753623188406,2.1780184836679837,4.612149399705231,13.37522168806754,0.03630030806113306,0.0678257264662534,0.2026548740616294,60.0,68.0,66.0,0.0,0.014492753623188406,0.16417910447761194,17.98737108777277,0.1342341125953192,0.1342341125953192,567.8150634765625,-0.005726877134293318,0.04113874211907387
321,0.02387137059122324,0.0,0.11628261185251176,0.02387137059122324,0.0,0.001938043530875196,0.0003510495675179888,0.0,60.0,68.0,66.0,0.0,0.0,0.0,0.02387137059122324,0.0001781445566509197,0.0001781445566509197,924.6870727539062,0.0013766465708613396,0.019907861948013306
322,2.8376017417322146,0.0,0.40412946161814034,0.874544279606198,1.9630574621260166,0.006735491026969006,0.012860945288326441,0.02974329488069722,60.0,68.0,66.0,0.0,0.0,0.05970149253731343,2.8376017417322146,0.021176132400986675,0.021176132400986675,1268.47998046875,0.0026657695416361094,0.026760414242744446
323,4.138112402346451,0.0,0.08085090255190153,2.8231229778029956,1.3149894245434552,0.001347515042531692,0.04151651437945582,0.01992408219005235,60.0,68.0,66.0,0.0,0.0,0.0,4.138112402346451,0.03088143583840635,0.03088143583840635,1277.410400390625,0.004798416048288345,0.036459628492593765
324,1.6201727958396077,0.0,2.6741361557506025,1.6201727958396077,0.0,0.044568935929176705,0.023826070527053055,0.0,60.0,68.0,66.0,0.0,0.0,0.0,1.6201727958396077,0.012090841759997072,0.012090841759997072,873.3167724609375,0.0012861223658546805,0.03895267844200134
325,2.0838914895430207,0.0,0.9763906411826611,0.10394205898046494,1.9799494305625558,0.01627317735304435,0.0015285596908891901,0.02999923379640236,60.0,68.0,66.0,0.0,0.0,0.0,2.0838914895430207,0.015551429026440453,0.015551429026440453,882.5347900390625,-0.006760680582374334,0.05207978934049606
326,5.9161109294509515,0.0,4.871924366801977,2.284301183070056,3.6318097463808954,0.08119873944669961,0.03359266445691259,0.055027420399710536,60.0,68.0,66.0,0.0,0.0,0.08955223880597014,5.9161109294509515,0.0441500815630668,0.0441500815630668,1060.5869140625,0.007476501166820526,0.0484539195895195
327,1.95549463716452,0.0,0.3939024592982605,1.6078453129157424,0.3476493242487777,0.006565040988304341,0.0236447840134668,0.005267414003769359,60.0,68.0,66.0,0.0,0.0,0.0,1.95549463716452,0.014593243560929255,0.014593243560929255,1017.1793212890625,-0.00635063461959362,0.03644363954663277
328,3.174046805506805,0.0,0.12550973985344172,1.8195139989256859,1.354532806581119,0.002091828997557362,0.026757558807730675,0.020523224342138168,60.0,68.0,66.0,0.0,0.0,0.029850746268656716,3.174046805506805,0.023686916459006006,0.023686916459006006,1563.599365234375,-0.003823078004643321,0.026824424043297768
329,21.026495409751078,0.2318840579710145,1.2274169982410967,5.611995629471494,15.414499780279584,0.020456949970684944,0.08252934749222784,0.2335530269739331,60.0,68.0,66.0,0.0,0.2318840579710145,0.3880597014925373,21.026495409751078,0.15691414484888863,0.15691414484888863,826.9677734375,0.004901583772152662,0.024086294695734978
330,12.485031029820675,0.11594202898550725,0.5432622567750514,4.370278070360655,8.11475295946002,0.009054370946250856,0.06426879515236257,0.1229508024160609,60.0,68.0,66.0,0.0,0.11594202898550725,0.1791044776119403,12.485031029820675,0.09317187335687072,0.09317187335687072,992.4247436523438,0.0019266437739133835,0.023196741938591003
331,1.8452378335932735,0.0,1.857490002643317,1.7817030120932031,0.0635348215000704,0.03095816671072195,0.026201514883723576,0.0009626488106071272,60.0,68.0,66.0,0.0,0.0,0.0,1.8452378335932735,0.013770431593979653,0.013770431593979653,982.3522338867188,0.0011355517199262977,0.045209433883428574
332,3.357235940406099,0.0,0.5661987417843193,2.4952473926823586,0.8619885477237403,0.009436645696405321,0.03669481459826998,0.013060432541268792,60.0,68.0,66.0,0.0,0.0,0.0,3.357235940406099,0.025053999555269397,0.025053999555269397,1189.510986328125,0.004541831091046333,0.04119149222970009
333,2.900215345667675,0.0,0.15714797284454107,2.131171958055347,0.7690433876123279,0.002619132880742351,0.031340764089049226,0.011652172539580726,60.0,68.0,66.0,0.0,0.0,0.029850746268656716,2.900215345667675,0.021643398101997575,0.021643398101997575,1644.499755859375,-0.0020322753116488457,0.02317405492067337
334,41.68983232881874,0.0,0.28951748088002205,0.13149059936404228,41.558341729454696,0.004825291348000368,0.0019336852847653277,0.6296718443856772,60.0,68.0,66.0,0.0,0.0,0.5074626865671642,41.68983232881874,0.31111815170760254,0.31111815170760254,658.7027587890625,0.01094650849699974,0.06233164668083191
335,6.922631678171456,0.028985507246376812,0.5154554188866314,4.2265014769509435,2.6961302012205124,0.008590923648110522,0.062154433484572696,0.04085045759425019,60.0,68.0,66.0,0.0,0.028985507246376812,0.07462686567164178,6.922631678171456,0.05166143043411534,0.05166143043411534,1029.691162109375,-0.002560839056968689,0.02684978023171425
336,2.810443661408499,0.0,0.31879881961504,1.6761490579228848,1.134294603485614,0.005313313660250666,0.02464925085180713,0.017186281870994153,60.0,68.0,66.0,0.0,0.0,0.0,2.810443661408499,0.020973460159764916,0.020973460159764916,1537.247314453125,0.003608869155868888,0.0269668810069561
337,12.267854588048067,0.07246376811594203,0.6548392794211395,6.077994376362767,6.1898602116853,0.010913987990352324,0.08938227024062893,0.0937857607831106,60.0,68.0,66.0,0.0,0.07246376811594203,0.07462686567164178,12.267854588048067,0.09155115364214976,0.09155115364214976,452.98931884765625,0.004645658191293478,0.033868562430143356
338,12.049878965946846,0.0,5.007727572694421,9.095255283638835,2.9546236823080108,0.08346212621157369,0.13375375417115934,0.04476702548951531,60.0,68.0,66.0,0.0,0.0,0.0,12.049878965946846,0.08992446989512572,0.08992446989512572,945.209228515625,0.007732777390629053,0.05296052619814873
339,5.65608537197113,0.014492753623188406,0.7797098085284233,5.252338979393244,0.4037463925778866,0.012995163475473722,0.07724027910872418,0.006117369584513433,60.0,68.0,66.0,0.0,0.014492753623188406,0.0,5.65608537197113,0.04220959232814277,0.04220959232814277,1247.1807861328125,0.004810841754078865,0.029227357357740402
340,2.9232614589855075,0.0,8.442855574190617,2.9232614589855075,0.0,0.1407142595698436,0.04298913910272805,0.0,60.0,68.0,66.0,0.0,0.0,0.0,2.9232614589855075,0.021815384022279907,0.021815384022279907,569.9447631835938,-0.008536181412637234,0.08725133538246155
341,0.17459368135314435,0.0,0.10684551246231422,0.17459368135314435,0.0,0.0017807585410385704,0.0025675541375462406,0.0,60.0,68.0,66.0,0.0,0.0,0.0,0.17459368135314435,0.0013029379205458534,0.0013029379205458534,669.349853515625,0.002537535736337304,0.03403811901807785
342,11.00878332206048,0.2898550724637681,1.0077173887839308,6.663226330652833,4.345556991407648,0.016795289813065512,0.09798862250960048,0.06584177259708557,60.0,68.0,66.0,0.0,0.2898550724637681,0.22388059701492538,11.00878332206048,0.0821550994183618,0.0821550994183618,1195.4912109375,0.006106895860284567,0.023667247965931892
343,5.923196372925304,0.0,0.3691067290492356,3.156211374909617,2.766984998015687,0.006151778817487259,0.04641487316043554,0.041924015121449804,60.0,68.0,66.0,0.0,0.0,0.014925373134328358,5.923196372925304,0.044202958006905255,0.044202958006905255,1325.3880615234375,0.0014152092626318336,0.0368618443608284
344,4.852804501308128,0.0,0.3562604186590761,2.705220424802974,2.1475840765051544,0.005937673644317935,0.039782653305926084,0.03253915267432052,60.0,68.0,66.0,0.0,0.0,0.0,4.852804501308128,0.036214958964986034,0.036214958964986034,937.23974609375,0.007403335999697447,0.04432328790426254
345,3.9503655469743535,0.0,0.31837781972717494,2.2050348692573607,1.7453306777169928,0.005306296995452916,0.032426983371431774,0.026444404207833224,60.0,68.0,66.0,0.0,0.0,0.0,3.9503655469743535,0.02948033990279368,0.02948033990279368,777.759765625,0.0014880700036883354,0.034895990043878555
346,38.60059101814113,0.0,1.223356144153513,0.6039402373571647,37.996650780783966,0.020389269069225217,0.008881474078781834,0.5757068300118783,60.0,68.0,66.0,0.0,0.0,0.3582089552238806,38.60059101814113,0.28806411207568006,0.28806411207568006,619.1319580078125,0.0034847490023821592,0.03438442200422287
347,30.398214113432914,0.0,0.5699926095549017,0.1644139033742249,30.23380021005869,0.009499876825915028,0.00241785152020919,0.4580878819705862,60.0,68.0,66.0,0.0,0.0,0.373134328358209,30.398214113432914,0.22685234413009636,0.22685234413009636,596.964111328125,-0.005415535066276789,0.05303729698061943
348,1.7676064108964056,0.0,0.7464163369731978,1.6748339792247862,0.09277243167161942,0.01244027228288663,0.024629911459188032,0.0014056429041154456,60.0,68.0,66.0,0.0,0.0,0.0,1.7676064108964056,0.013191092618629892,0.013191092618629892,1810.4794921875,0.0017970433691516519,0.02763584442436695
349,0.7728667815736117,0.0,0.10095550352707505,0.5005259434692562,0.2723408381043555,0.001682591725451251,0.007360675639253767,0.004126376334914477,60.0,68.0,66.0,0.0,0.0,0.0,0.7728667815736117,0.005767662549056803,0.005767662549056803,744.5753173828125,-0.003829681547358632,0.03601288050413132
350,9.260825346922502,0.043478260869565216,0.9639240996330045,5.596889030188322,3.66393631673418,0.016065401660550076,0.0823071916204165,0.05551418661718455,60.0,68.0,66.0,0.0,0.043478260869565216,0.04477611940298507,9.260825346922502,0.0691106369173321,0.0691106369173321,1194.892333984375,0.004691233392804861,0.028120597824454308
351,3.7806756271165796,0.0,0.4213552866131067,2.326513668813277,1.4541619583033025,0.007022588110218445,0.0342134363060776,0.022032756943989432,60.0,68.0,66.0,0.0,0.0,0.05970149253731343,3.7806756271165796,0.028213997217287907,0.028213997217287907,1305.3212890625,-0.001767082721926272,0.027554381638765335
352,1.0491254912922159,0.0,0.5240093574975617,0.9973520791390911,0.05177341215312481,0.00873348929162603,0.01466694234028075,0.0007844456386837093,60.0,68.0,66.0,0.0,0.0,0.0,1.0491254912922159,0.007829294711135939,0.007829294711135939,1020.6640625,0.009933252818882465,0.04647141695022583
353,2.193564677145332,0.0,0.3409811108140275,2.040870404569432,0.15269427257589996,0.005683018513567125,0.03001280006719753,0.0023135495844833326,60.0,68.0,66.0,0.0,0.0,0.0,2.193564677145332,0.016369885650338298,0.016369885650338298,1058.882568359375,-0.0011203394969925284,0.021010184660553932
354,6.871274100762093,0.057971014492753624,0.37597187771461904,4.792649195966078,2.0786249047960155,0.006266197961910317,0.07048013523479527,0.03149431673933357,60.0,68.0,66.0,0.0,0.057971014492753624,0.029850746268656716,6.871274100762093,0.051278164931060397,0.051278164931060397,1419.2835693359375,0.00224157958291471,0.030889548361301422
355,4.37497219000943,0.0,0.17848223180044442,2.7610640292987227,1.6139081607107073,0.0029747038633407405,0.040603882783804744,0.024453153950162232,60.0,68.0,66.0,0.0,0.0,0.0,4.37497219000943,0.03264904619410022,0.03264904619410022,973.658935546875,0.007818514481186867,0.04206306114792824
356,5.200887579470873,0.0,0.0297780551481992,3.0746251142118126,2.1262624652590603,0.0004963009191366534,0.045215075208997244,0.03221609795847061,60.0,68.0,66.0,0.0,0.0,0.0,5.200887579470873,0.0388125938766483,0.0388125938766483,1064.671875,-0.0014818602940067649,0.031058885157108307
357,11.901047224644572,0.0,1.36841577058658,6.254727357067168,5.646319867577404,0.022806929509776332,0.09198128466275246,0.08555030102390006,60.0,68.0,66.0,0.0,0.0,0.0,11.901047224644572,0.08881378525854158,0.08881378525854158,495.30584716796875,2.5212764739990234e-05,0.09629683196544647
358,5.402069364505223,0.0,0.19940745795611292,3.7346548223868012,1.667414542118422,0.003323457632601882,0.054921394446864724,0.02526385669876397,60.0,68.0,66.0,0.0,0.0,0.014925373134328358,5.402069364505223,0.04031395048138226,0.04031395048138226,1471.541748046875,-0.007429473102092743,0.037185173481702805
359,14.040565478615463,0.028985507246376812,1.493151766306255,9.49917296692729,4.541392511688173,0.024885862771770916,0.13969372010187192,0.0688089774498208,60.0,68.0,66.0,0.0,0.028985507246376812,0.029850746268656716,14.040565478615463,0.1047803393926527,0.1047803393926527,1768.18359375,0.01051721815019846,0.04687144607305527
360,4.787848030042369,0.0,0.8603049934317823,3.3126234628725797,1.4752245671697892,0.014338416557196372,0.04871505092459676,0.022351887381360444,60.0,68.0,66.0,0.0,0.0,0.0,4.787848030042369,0.035730209179420665,0.035730209179420665,917.4357299804688,0.009530420415103436,0.037647079676389694
361,6.602080284443218,0.0,0.5022726635797881,4.227928885782603,2.374151398660615,0.008371211059663134,0.062175424790920635,0.0359719908887972,60.0,68.0,66.0,0.0,0.0,0.0,6.602080284443218,0.04926925585405387,0.04926925585405387,860.0048828125,-0.00607669772580266,0.0378519706428051
362,12.459007122553885,0.18840579710144928,3.349943317938596,8.060909427702427,4.398097694851458,0.05583238863230993,0.11854278570150628,0.06663784386138573,60.0,68.0,66.0,0.0,0.18840579710144928,0.014925373134328358,12.459007122553885,0.09297766509368571,0.09297766509368571,1285.64404296875,0.007119408342987299,0.028963452205061913
363,8.262689878465608,0.0,0.7355132147204131,5.010501506738365,3.252188371727243,0.012258553578673552,0.07368384568732889,0.049275581389806714,60.0,68.0,66.0,0.0,0.0,0.0,8.262689878465608,0.061661864764668714,0.061661864764668714,1206.129638671875,0.0064800879918038845,0.03817123547196388
364,5.393485081847757,0.0,1.77265965717379,3.635231664404273,1.758253417443484,0.029544327619563167,0.05345928918241578,0.026640203294598243,60.0,68.0,66.0,0.0,0.0,0.029850746268656716,5.393485081847757,0.04024988867050565,0.04024988867050565,778.8695678710938,-0.0010384806664660573,0.04827428236603737
365,15.460032391361892,0.36231884057971014,1.5507647022604942,11.036180064082146,4.4238523272797465,0.025846078371008236,0.16229676564826684,0.06702806556484464,60.0,68.0,66.0,0.0,0.36231884057971014,0.13432835820895522,15.460032391361892,0.1153733760549395,0.1153733760549395,516.697265625,0.009286674670875072,0.03352757543325424
366,24.011415137094446,0.17391304347826086,2.8029442485421896,11.186203790945001,12.825211346149445,0.04671573747570316,0.16450299692566178,0.19432138403256735,60.0,68.0,66.0,0.0,0.17391304347826086,0.208955223880597,24.011415137094446,0.17918966520219737,0.17918966520219737,852.7557373046875,0.008329504169523716,0.04570085182785988
367,5.2607441294508135,0.0,0.22878412809222937,3.042944342130795,2.2177997873200184,0.0038130688015371563,0.04474918150192346,0.03360302708060634,60.0,68.0,66.0,0.0,0.0,0.04477611940298507,5.2607441294508135,0.0392592845481404,0.0392592845481404,984.2052001953125,-0.0021502545569092035,0.030671915039420128
368,12.385358294588514,0.463768115942029,2.31457107886672,8.81654080748558,3.5688174871029332,0.03857618464777867,0.12965501187478795,0.05407299222883232,60.0,68.0,66.0,0.0,0.463768115942029,0.11940298507462686,12.385358294588514,0.09242804697454114,0.09242804697454114,1160.93505859375,-0.0013262523571029305,0.02777692675590515
369,7.126864490637672,0.0,0.8356241238070652,4.61469079546805,2.512173695169622,0.013927068730117753,0.06786309993335368,0.038063237805600336,60.0,68.0,66.0,0.0,0.0,0.0,7.126864490637672,0.05318555590028114,0.05318555590028114,1114.453857421875,0.0026981448754668236,0.042363524436950684
370,5.9837154568813276,0.0,0.7948642414994538,2.8095935000746977,3.17412195680663,0.01324773735832423,0.04131755147168673,0.048092756921312575,60.0,68.0,66.0,0.0,0.0,0.0,5.9837154568813276,0.04465459296180095,0.04465459296180095,631.9747314453125,0.020458098500967026,0.06957925856113434
371,7.199626879300922,0.0,5.041322140023112,6.123258158564568,1.0763687207363546,0.08402203566705187,0.09004791409653776,0.016308616980853858,60.0,68.0,66.0,0.0,0.0,0.0,7.199626879300922,0.05372855880075315,0.05372855880075315,1096.2344970703125,0.0014958915999159217,0.04430590942502022
372,6.745519517106004,0.0,2.7095685129170306,4.322255096631125,2.4232644204748794,0.045159475215283844,0.06356257495045771,0.03671612758295272,60.0,68.0,66.0,0.0,0.0,0.0,6.745519517106004,0.05033969788885077,0.05033969788885077,681.0187377929688,0.004060421139001846,0.07788019627332687
373,0.11719666153658181,0.0,0.0,0.11154607741627842,0.005650584120303392,0.0,0.0016403834914158592,8.561491091368777e-05,60.0,68.0,66.0,0.0,0.0,0.0,0.11719666153658181,0.0008746019517655359,0.0008746019517655359,1123.751708984375,-0.005598338320851326,0.037241023033857346
374,7.6403172023710795,0.0,0.15444959001615644,2.651919503870886,4.988397698500194,0.0025741598336026074,0.03899881623339538,0.075581783310609,60.0,68.0,66.0,0.0,0.0,0.22388059701492538,7.6403172023710795,0.05701729255500806,0.05701729255500806,1571.567138671875,-0.005110888741910458,0.03344118222594261
375,6.49144282261841,0.0,0.48996353964321315,4.130526433698833,2.360916388919577,0.008166058994053553,0.06074303578968872,0.03577146043817541,60.0,68.0,66.0,0.0,0.0,0.0,6.49144282261841,0.04844360315386873,0.04844360315386873,1061.7177734375,0.0027702907100319862,0.054194916039705276
376,8.339290424191859,0.2318840579710145,2.0430268347263336,7.263589080423117,1.075701343768742,0.034050447245438896,0.10681748647681054,0.016298505208617302,60.0,68.0,66.0,0.0,0.2318840579710145,0.0,8.339290424191859,0.062233510628297455,0.062233510628297455,1843.773193359375,-0.00485319783911109,0.026288824155926704
377,6.6619861021172255,0.028985507246376812,0.15420810668729246,2.910965525312349,3.7510205768048763,0.0025701351114548743,0.04280831654871102,0.05683364510310419,60.0,68.0,66.0,0.0,0.028985507246376812,0.07462686567164178,6.6619861021172255,0.049716314194904666,0.049716314194904666,1921.124267578125,-0.0006761697004549205,0.018134189769625664
378,10.052785962936468,0.0,0.6892599295824766,5.265013922587968,4.7877720403485,0.011487665493041277,0.07742667533217601,0.0725420006113409,60.0,68.0,66.0,0.0,0.0,0.0,10.052785962936468,0.0750207907681826,0.0750207907681826,433.3863525390625,-0.0008971774950623512,0.059798117727041245
379,0.24831559316953644,0.0,0.025152837857604027,0.07927846623351797,0.16903712693601847,0.00041921396429340043,0.001165859797551735,0.002561168589939674,60.0,68.0,66.0,0.0,0.0,0.0,0.24831559316953644,0.0018531014415637049,0.0018531014415637049,2451.982421875,0.0005945950397290289,0.016863176599144936
380,3.1474944447982125,0.0,0.05729304999113083,1.48140188830439,1.6660925564938225,0.0009548841665188471,0.021785321886829266,0.025243826613542766,60.0,68.0,66.0,0.0,0.0,0.0,3.1474944447982125,0.023488764513419497,0.023488764513419497,1572.66943359375,-0.002442039316520095,0.03957252576947212
381,3.9409923732746392,0.0,0.2681515220901929,1.8797436270397156,2.0612487462349236,0.004469192034836548,0.027643288632936996,0.031231041609620053,60.0,68.0,66.0,0.0,0.0,0.014925373134328358,3.9409923732746392,0.029410390845333128,0.029410390845333128,794.1116943359375,-1.2422756299201865e-05,0.032003194093704224
382,8.331213420431595,0.0,0.6214716816321015,3.4225445556803606,4.908668864751235,0.010357861360535025,0.050331537583534716,0.07437377067804901,60.0,68.0,66.0,0.0,0.0,0.0,8.331213420431595,0.0621732344808328,0.0621732344808328,739.9095458984375,0.0016175511991605163,0.07591930776834488
383,7.560824268148281,0.0,0.37426980113377795,4.12968525395263,3.431139014195651,0.006237830018896299,0.06073066549930338,0.05198695476054016,60.0,68.0,66.0,0.0,0.0,0.014925373134328358,7.560824268148281,0.05642406170259911,0.05642406170259911,1521.156982421875,-0.00649392232298851,0.04043225571513176
384,6.411189397389535,0.0,1.222669292241335,0.9966932247043587,5.414496172685176,0.02037782153735558,0.014657253304475863,0.08203782079826025,60.0,68.0,66.0,0.0,0.0,0.13432835820895522,6.411189397389535,0.04784469699544429,0.04784469699544429,1416.91650390625,0.0015302622923627496,0.035148024559020996
385,1.4944510196801275,0.0,0.9756257942644879,1.3220333555946127,0.17241766408551484,0.01626042990440813,0.01944166699403842,0.002612388849780528,60.0,68.0,66.0,0.0,0.0,0.0,1.4944510196801275,0.011152619549851698,0.011152619549851698,1089.244140625,0.0031706460285931826,0.038656096905469894
386,8.58584562863689,0.08695652173913043,0.5359070992999477,6.514771956950426,2.071073671686463,0.008931784988332463,0.09580546995515332,0.03137990411646156,60.0,68.0,66.0,0.0,0.08695652173913043,0.014925373134328358,8.58584562863689,0.0640734748405738,0.0640734748405738,1538.07421875,-0.00946777407079935,0.03545883297920227
387,2.517243490088731,0.0,0.1360080731101334,1.3901198154781014,1.1271236746106297,0.0022668012185022234,0.020442938462913257,0.01707763143349439,60.0,68.0,66.0,0.0,0.0,0.0,2.517243490088731,0.01878539917976665,0.01878539917976665,1211.51904296875,0.002181252231821418,0.04702216014266014
388,4.355013261694694,0.0,0.022892595268785954,2.6640406135702506,1.6909726481244434,0.0003815432544797659,0.03917706784662133,0.025620797698855204,60.0,68.0,66.0,0.0,0.0,0.029850746268656716,4.355013261694694,0.03250009896787085,0.03250009896787085,1058.6492919921875,-0.009144277311861515,0.027878133580088615
389,5.482204248779453,0.0,2.9392118537798524,4.998011604882777,0.4841926438966766,0.04898686422966421,0.07350017066004083,0.007336252180252675,60.0,68.0,66.0,0.0,0.0,0.0,5.482204248779453,0.04091197200581682,0.04091197200581682,1470.6375732421875,0.0060942452400922775,0.06092257797718048
390,17.467034853529185,0.0,0.4188404680462554,6.4874987518414855,10.9795361016877,0.0069806744674375905,0.09540439340943362,0.16635660760132878,60.0,68.0,66.0,0.0,0.0,0.11940298507462686,17.467034853529185,0.1303510063696208,0.1303510063696208,1101.60595703125,0.00974445790052414,0.04928210377693176
391,1.2035157394857379,0.0,0.0722371640149504,0.9219022512697848,0.2816134882159531,0.0012039527335825065,0.01355738604808507,0.0042668710335750475,60.0,68.0,66.0,0.0,0.0,0.0,1.2035157394857379,0.008981460742430879,0.008981460742430879,904.2564697265625,-0.009783458895981312,0.038328927010297775
392,9.603378161671571,0.0,0.8298745220527053,5.134468861739151,4.46890929993242,0.013831242034211755,0.07550689502557575,0.06771074696867303,60.0,68.0,66.0,0.0,0.0,0.014925373134328358,9.603378161671571,0.07166700120650427,0.07166700120650427,1241.66015625,0.01716681756079197,0.042581867426633835
393,9.395119192544371,0.028985507246376812,0.49342389663797803,6.581731677055359,2.813387515489012,0.008223731610632968,0.09679017172140233,0.04262708356801533,60.0,68.0,66.0,0.0,0.028985507246376812,0.0,9.395119192544371,0.07011282979510725,0.07011282979510725,1680.390625,-0.004276860971003771,0.03828838840126991
394,11.229246423579752,0.10144927536231885,0.13913900637999177,6.361509446054697,4.867736977525055,0.0023189834396665295,0.09355160950080436,0.07375359056856144,60.0,68.0,66.0,0.0,0.10144927536231885,0.11940298507462686,11.229246423579752,0.08380034644462502,0.08380034644462502,913.2216796875,0.0035832456778734922,0.030370593070983887
395,10.31821358151501,0.0,0.060596299183089286,0.5896322091575712,9.72858137235744,0.0010099383197181547,0.008671061899376047,0.1474027480660218,60.0,68.0,66.0,0.0,0.0,0.11940298507462686,10.31821358151501,0.07700159389190306,0.07700159389190306,856.166015625,-0.013269924558699131,0.0493210107088089
396,2.322964524937561,0.0,0.4482926935888827,0.6368802401993889,1.6860842847381718,0.007471544893148044,0.00936588588528513,0.025546731586941998,60.0,68.0,66.0,0.0,0.0,0.04477611940298507,2.322964524937561,0.017335556156250452,0.017335556156250452,1232.9141845703125,-4.434026777744293e-05,0.044653382152318954
397,17.107867630198598,0.5652173913043478,2.240497588994913,9.702246740460396,7.405620889738202,0.03734162648324855,0.1426800991244176,0.11220637711724549,60.0,68.0,66.0,0.0,0.5652173913043478,0.34328358208955223,17.107867630198598,0.12767065395670596,0.12767065395670596,1509.754150390625,-0.006679317448288202,0.028471527621150017
398,7.1772377657471225,0.0,0.6152433026436483,4.596852695569396,2.5803850701777264,0.010254055044060805,0.06760077493484407,0.03909674348754131,60.0,68.0,66.0,0.0,0.0,0.07462686567164178,7.1772377657471225,0.05356147586378449,0.05356147586378449,844.0558471679688,0.005942451301962137,0.0343652106821537
399,5.199644133099355,0.0,0.615706741460599,4.156283857300878,1.0433602757984772,0.010261779024343316,0.06112182143089526,0.015808489027249656,60.0,68.0,66.0,0.0,0.0,0.0,5.199644133099355,0.03880331442611459,0.03880331442611459,994.6051025390625,-0.006093509495258331,0.03315769135951996
400,7.794266635668464,0.014492753623188406,0.37131287809461355,4.0220067913178355,3.7722598443506286,0.006188547968243559,0.05914715869585052,0.05715545218713074,60.0,68.0,66.0,0.0,0.014492753623188406,0.14925373134328357,7.794266635668464,0.058166168922898984,0.058166168922898984,1081.6298828125,-0.0014152411604300141,0.026407821103930473
401,8.287796320393682,0.0,0.026583011262118816,2.7505042164120823,5.537292103981599,0.00044305018770198027,0.04044859141782474,0.08389836521184241,60.0,68.0,66.0,0.0,0.0,0.08955223880597014,8.287796320393682,0.061849226271594636,0.061849226271594636,1407.5987548828125,0.0059869661927223206,0.04077399522066116
402,3.517102934536524,0.0,0.2660453177522868,2.9284211156191304,0.5886818189173937,0.0044340886292047795,0.043065016406163684,0.008919421498748388,60.0,68.0,66.0,0.0,0.0,0.0,3.517102934536524,0.026247036824899435,0.026247036824899435,1215.87060546875,-0.001951713697053492,0.023682139813899994
403,1.6564474939659704,0.0,0.1559070060029626,0.976865003380226,0.6795824905857444,0.0025984501000493763,0.014365661814415088,0.010296704402814308,60.0,68.0,66.0,0.0,0.0,0.0,1.6564474939659704,0.012361548462432615,0.012361548462432615,1563.17041015625,0.011896815150976181,0.036321550607681274
404,7.580241355113685,0.028985507246376812,0.7000107334461063,5.565078518353403,2.0151628367602825,0.011666845557435105,0.08183938997578533,0.030532770253943676,60.0,68.0,66.0,0.0,0.028985507246376812,0.0,7.580241355113685,0.056568965336669295,0.056568965336669295,1651.139404296875,0.005392983555793762,0.034089963883161545
405,25.169118909165263,0.0,0.9760775578615721,5.268970996141434,19.90014791302383,0.01626795929769287,0.0774848675903152,0.3015173926215732,60.0,68.0,66.0,0.0,0.0,0.23880597014925373,25.169118909165263,0.18782924559078554,0.18782924559078554,549.517822265625,0.007627611514180899,0.03989364951848984
406,4.224122094805352,0.0,0.046205063350498676,1.9397089933045208,2.2844131015008315,0.0007700843891749779,0.02852513225447825,0.03461231971970957,60.0,68.0,66.0,0.0,0.0,0.05970149253731343,4.224122094805352,0.031523299214965314,0.031523299214965314,1070.46044921875,-0.003367886645719409,0.030400143936276436
407,31.702292482368648,0.2028985507246377,1.0187326226150617,9.220370218157768,22.48192226421088,0.01697887704358436,0.1355936796787907,0.340635185821377,60.0,68.0,66.0,0.0,0.2028985507246377,0.3582089552238806,31.702292482368648,0.23658427225648246,0.23658427225648246,1070.83984375,0.0042575630359351635,0.04061040282249451
408,10.692170119611546,0.4492753623188406,1.6770000231917948,7.646590393036604,3.0455797265749425,0.02795000038652991,0.11244985872112653,0.046145147372347615,60.0,68.0,66.0,0.0,0.4492753623188406,0.13432835820895522,10.692170119611546,0.0797923143254593,0.0797923143254593,1776.951416015625,0.0009136316948570311,0.02289014495909214
409,12.19399531192903,0.4492753623188406,0.16545210196636617,4.76846245683555,7.425532855093479,0.0027575350327727695,0.07012444789464045,0.11250807356202241,60.0,68.0,66.0,0.0,0.4492753623188406,0.6119402985074627,12.19399531192903,0.09099996501439574,0.09099996501439574,1672.139892578125,0.0021929757203906775,0.016310958191752434
410,4.281238396011759,0.0,0.421155913551047,2.130261070560664,2.1509773254510947,0.007019265225850783,0.03132736868471565,0.032590565537137794,60.0,68.0,66.0,0.0,0.0,0.0,4.281238396011759,0.03194954026874447,0.03194954026874447,1063.7750244140625,0.012614772655069828,0.04308127611875534
411,0.7574721669079736,0.0,0.5694227830972522,0.7134828419657424,0.04398932494223118,0.009490379718287537,0.01049239473479033,0.0006665049233671391,60.0,68.0,66.0,0.0,0.0,0.0,0.7574721669079736,0.005652777364984878,0.005652777364984878,1474.6925048828125,-0.0031515713781118393,0.030962437391281128
412,9.301939003053121,0.014492753623188406,0.26153244529268704,5.1215052145998925,4.180433788453229,0.004358874088211451,0.07531625315588077,0.06333990588565498,60.0,68.0,66.0,0.0,0.014492753623188406,0.05970149253731343,9.301939003053121,0.06941745524666508,0.06941745524666508,955.2424926757812,-0.0017597256228327751,0.03626956418156624
413,16.404673229902983,0.7391304347826086,1.0003590020060074,8.381867159157991,8.022806070744991,0.016672650033433455,0.1232627523405587,0.12155766773856047,60.0,68.0,66.0,0.0,0.7391304347826086,0.7164179104477612,16.404673229902983,0.1224229345515148,0.1224229345515148,1178.89697265625,0.0005734346923418343,0.020069928839802742
414,11.20954125886783,0.37681159420289856,0.9032867102650926,8.500896349549294,2.7086449093185365,0.01505477850441821,0.12501318161101901,0.04104007438361419,60.0,68.0,66.0,0.0,0.37681159420289856,0.029850746268656716,11.20954125886783,0.0836532929766256,0.0836532929766256,2056.0693359375,-3.9864953578216955e-05,0.027496449649333954
415,5.088404169306159,0.0,2.726528389379382,3.5332290660589933,1.5551751032471657,0.045442139822989704,0.05195925097145578,0.02356325914010857,60.0,68.0,66.0,0.0,0.0,0.0,5.088404169306159,0.03797316544258328,0.03797316544258328,692.0071411132812,0.0008219080045819283,0.031223461031913757
416,9.497697259881534,0.30434782608695654,1.600162906688638,7.195984985679388,2.3017122742021456,0.02666938177814397,0.10582330861293218,0.03487442839700221,60.0,68.0,66.0,0.0,0.30434782608695654,0.07462686567164178,9.497697259881534,0.07087833776030995,0.07087833776030995,913.0083618164062,-0.001454741694033146,0.024559492245316505
417,3.9458905804203823,0.0,0.09604718489572406,2.1116176962386817,1.8342728841817006,0.0016007864149287343,0.03105320141527473,0.027792013396692433,60.0,68.0,66.0,0.0,0.0,0.0,3.9458905804203823,0.029446944630002855,0.029446944630002855,847.3272094726562,-0.0068534668534994125,0.04446138069033623
418,11.515286767156795,0.0,1.7305962378159165,6.123151905601844,5.3921348615549505,0.028843270630265275,0.09004635155296829,0.08169901305386289,60.0,68.0,66.0,0.0,0.0,0.0,11.515286767156795,0.08593497587430443,0.08593497587430443,107.25505065917969,0.008901274763047695,0.11702844500541687
419,15.17106004129164,0.0,4.264620836125687,5.784084242302924,9.386975798988715,0.07107701393542812,0.08506006238680772,0.14222690604528357,60.0,68.0,66.0,0.04918032786885246,0.0,0.1791044776119403,15.17106004129164,0.11321686597978835,0.11321686597978835,1209.930908203125,0.008321496658027172,0.03208732604980469
420,0.0,0.0,0.0012920465087518096,0.0,0.0,2.1534108479196828e-05,0.0,0.0,60.0,68.0,66.0,0.0,0.0,0.0,0.0,0.0,0.0,1437.86474609375,0.004908121656626463,0.03324952349066734
421,6.569773964816704,0.0,0.15547635778784752,2.378335164859891,4.1914387999568135,0.0025912726297974585,0.03497551713029251,0.06350664848419414,60.0,68.0,66.0,0.0,0.0,0.014925373134328358,6.569773964816704,0.04902816391654257,0.04902816391654257,1272.125244140625,-0.007410487625747919,0.041276928037405014
422,3.807266970339697,0.0,0.13716256571933627,1.543892574205529,2.263374396134168,0.002286042761988938,0.022704302561846013,0.0342935514565783,60.0,68.0,66.0,0.0,0.0,0.0,3.807266970339697,0.028412440077161916,0.028412440077161916,405.28814697265625,-0.012202528305351734,0.05397908017039299
423,1.9789130694116466,0.0,0.3659853271674365,1.5366395443561487,0.4422735250554979,0.006099755452790608,0.022597640358178656,0.0067011140159923925,60.0,68.0,66.0,0.0,0.0,0.0,1.9789130694116466,0.01476800798068393,0.01476800798068393,1677.0615234375,0.002526558004319668,0.030993908643722534
424,6.693149787461152,0.0,0.7515881711151451,3.471936509333318,3.221213278127834,0.012526469518585751,0.05105788984313703,0.04880626178981567,60.0,68.0,66.0,0.0,0.0,0.014925373134328358,6.693149787461152,0.04994887901090412,0.04994887901090412,1092.832275390625,-0.00884804967790842,0.034634046256542206
425,5.045834782416932,0.0,1.094354114786256,3.9733456003014,1.0724891821155325,0.018239235246437602,0.05843155294560882,0.01624983609265958,60.0,68.0,66.0,0.0,0.0,0.0,5.045834782416932,0.03765548345087263,0.03765548345087263,1166.32177734375,0.0011474430793896317,0.04653492569923401
426,9.615123539348133,0.0,0.5500768837955547,3.705276011605747,5.909847527742386,0.009167948063259245,0.05448935311184922,0.08954314435973312,60.0,68.0,66.0,0.0,0.0,0.0,9.615123539348133,0.07175465327871741,0.07175465327871741,939.6219482421875,-0.0046599386259913445,0.05587269738316536
427,13.461430226219818,0.0,0.0945342667400837,0.537412037840113,12.924018188379705,0.0015755711123347283,0.007903118203531075,0.1958184573996925,60.0,68.0,66.0,0.0,0.0,0.22388059701492538,13.461430226219818,0.10045843452402849,0.10045843452402849,1201.08251953125,-0.00022757456463295966,0.034117650240659714
428,5.8953817908186466,0.0,1.2498038173653185,3.505939159542322,2.3894426312763244,0.02083006362275531,0.051557928816798854,0.03620367623145946,60.0,68.0,66.0,0.0,0.0,0.014925373134328358,5.8953817908186466,0.043995386498646614,0.043995386498646614,1277.99267578125,-0.006740881130099297,0.03359159082174301
429,8.809680851234589,0.0,0.8009953606378986,4.661777419736609,4.14790343149798,0.01334992267729831,0.06855555029024425,0.06284702168936333,60.0,68.0,66.0,0.0,0.0,0.029850746268656716,8.809680851234589,0.06574388694951186,0.06574388694951186,1218.811767578125,0.0025997029151767492,0.04076836630702019
430,7.712656799820252,0.0,0.08492698706686497,2.6787283695302904,5.033928430289961,0.0014154497844477494,0.039393064257798385,0.07627164288318124,60.0,68.0,66.0,0.0,0.0,0.07462686567164178,7.712656799820252,0.057557140297166055,0.057557140297166055,1559.93798828125,0.005038962233811617,0.0482102707028389
431,5.566304406296695,0.0,0.7243283675052226,4.222521286108531,1.3437831201881636,0.012072139458420375,0.06209590126630193,0.020360350305881268,60.0,68.0,66.0,0.0,0.0,0.0,5.566304406296695,0.04153958512161712,0.04153958512161712,1130.2403564453125,-0.001761812367476523,0.038102153688669205
