lif_path,lif_name,scene_idx,series_name,base_name,cell_id,cellpose_area_px,cell_area_px,num_nuclei,mbp_area_px,pdgfra_area_px,cnp_area_px,num_proc,num_branch3_px,num_branch4_px,avg_segment_len_px,area_ratio_union,perimeter_ratio_union,cell_perimeter_union_px,hull_perimeter_union_px,hull_area_union_px,area_ratio_mbp,perimeter_ratio_mbp,cell_perimeter_mbp_px,hull_perimeter_mbp_px,cell_area_mbp_px,hull_area_mbp_px,area_ratio_pdgfra,perimeter_ratio_pdgfra,cell_perimeter_pdgfra_px,hull_perimeter_pdgfra_px,cell_area_pdgfra_px,hull_area_pdgfra_px,area_ratio_cnp,perimeter_ratio_cnp,cell_perimeter_cnp_px,hull_perimeter_cnp_px,cell_area_cnp_px,hull_area_cnp_px,max_r_px,AUC,Imax,Rmax_px,CriticalValue,mbp_mean_in,mbp_mean_bg,mbp_int_ratio,pdg_mean_in,pdg_mean_bg,pdg_int_ratio,cnp_mean_in,cnp_mean_bg,cnp_int_ratio,scene_area_ratio_union,scene_perimeter_ratio_union,scene_area_ratio_mbp,scene_perimeter_ratio_mbp,scene_area_ratio_pdgfra,scene_perimeter_ratio_pdgfra,scene_area_ratio_cnp,scene_perimeter_ratio_cnp
C:\Users\JackM\40xMBPCNP\40xN1N2N3N4lif\HAMI_1104.lif,HAMI_1104,0,Image 1,HAMI_1104_S1_Image_1,1,30616,18920,3,0,16957,6859,46,116,23,12.659340659340659,1.8357293868921776,2.6083048259259956,2561.3553390593274,982.0,34732,,,0.0,0.0,0,0,2.0259479860824436,2.4484570023532077,2404.38477631085,982.0,16957,34354,3.438110511736405,2.05803139668456,1547.639610306789,752.0,6859,23582,195,882.5,14.0,90.0,95.0,123.99952431289641,130.0,0.9538424947145878,280.66468125258007,138.0,2.0338020380621744,175.8384604169704,133.0,1.3220936873456421,1.815740174060973,2.438772334082629,2.012013407227956,2.219638155494755,2.90878030890635,1.9219879803002398,1.8650831159391854,2.1761617037499335
C:\Users\JackM\40xMBPCNP\40xN1N2N3N4lif\HAMI_1104.lif,HAMI_1104,0,Image 1,HAMI_1104_S1_Image_1,2,15552,9154,1,0,9154,0,13,61,4,13.404761904761905,1.7736508630107057,2.2375045555113715,1311.1776695296637,586.0,16236,,,0.0,0.0,0,0,1.7736508630107057,2.2375045555113715,1311.1776695296637,586.0,9154,16236,,,0.0,0.0,0,0,100,412.5,11.0,60.0,47.5,123.45772339960673,130.0,0.9496747953815903,249.0385623771029,138.0,1.804627263602195,131.98579855800742,133.0,0.9923744252481761,1.815740174060973,2.438772334082629,2.012013407227956,2.219638155494755,2.90878030890635,1.9219879803002398,1.8650831159391854,2.1761617037499335
C:\Users\JackM\40xMBPCNP\40xN1N2N3N4lif\HAMI_1104.lif,HAMI_1104,0,Image 1,HAMI_1104_S1_Image_1,3,22612,16410,1,0,1039,16133,34,129,40,10.383838383838384,1.4118829981718464,2.6675691077669224,1872.6335136523794,702.0,23169,,,0.0,0.0,0,0,11.012512030798845,0.7463872661451748,401.55634918610406,538.0,1039,11442,1.42434761048782,2.5401984331766476,1783.2193000900065,702.0,16133,22979,120,437.5,9.0,65.0,57.5,128.25862279098112,130.0,0.9866047906998547,143.81231953801733,138.0,1.0421182575218648,247.79799169404328,133.0,1.8631427946920547,1.815740174060973,2.438772334082629,2.012013407227956,2.219638155494755,2.90878030890635,1.9219879803002398,1.8650831159391854,2.1761617037499335
C:\Users\JackM\40xMBPCNP\40xN1N2N3N4lif\HAMI_1104.lif,HAMI_1104,0,Image 1,HAMI_1104_S1_Image_1,4,26393,16616,2,0,16585,490,45,138,23,10.611650485436893,1.7554164660568128,1.9093879708554156,1668.8050865276332,874.0,29168,,,0.0,0.0,0,0,1.7585770274344288,1.9123871932164678,1671.4264068711927,874.0,16585,29166,4.373469387755102,0.7240035446963969,166.5208152801713,230.0,490,2143,144,657.5,15.0,65.0,70.0,127.74879634087627,130.0,0.9826830487759713,439.1721435031655,138.0,3.1824068369794603,163.63469387755103,133.0,1.230336044192113,1.815740174060973,2.438772334082629,2.012013407227956,2.219638155494755,2.90878030890635,1.9219879803002398,1.8650831159391854,2.1761617037499335
C:\Users\JackM\40xMBPCNP\40xN1N2N3N4lif\HAMI_1104.lif,HAMI_1104,0,Image 1,HAMI_1104_S1_Image_1,5,36996,24912,2,0,2234,24622,32,121,26,16.25974025974026,1.8031872190109184,2.1985914491649483,2343.698484809835,1066.0,44921,,,0.0,0.0,0,0,10.471799462846912,0.8416865530061469,673.3492424049175,800.0,2234,23394,1.82442531069775,2.1588032563297017,2301.284271247462,1066.0,24622,44921,168,767.5,11.0,140.0,80.0,136.06085420680796,130.0,1.0466219554369842,152.2094897045658,138.0,1.1029673166997522,274.92267078222727,133.0,2.0670877502423104,1.815740174060973,2.438772334082629,2.012013407227956,2.219638155494755,2.90878030890635,1.9219879803002398,1.8650831159391854,2.1761617037499335
C:\Users\JackM\40xMBPCNP\40xN1N2N3N4lif\HAMI_1104.lif,HAMI_1104,0,Image 1,HAMI_1104_S1_Image_1,6,16573,9213,4,0,8979,3006,54,100,29,8.181818181818182,2.0322370563334418,2.739901875828257,1643.9411254969543,600.0,18723,,,0.0,0.0,0,0,2.0851987971934514,2.6878308080163915,1612.698484809835,600.0,8979,18723,3.2964071856287425,1.8640695710046982,876.1126983722081,470.0,3006,9909,112,612.5,12.0,30.0,52.5,126.60989905568219,130.0,0.9739223004283245,279.7227976389353,138.0,2.026976794485038,179.46506986027944,133.0,1.349361427520898,1.815740174060973,2.438772334082629,2.012013407227956,2.219638155494755,2.90878030890635,1.9219879803002398,1.8650831159391854,2.1761617037499335
C:\Users\JackM\40xMBPCNP\40xN1N2N3N4lif\HAMI_1104.lif,HAMI_1104,0,Image 1,HAMI_1104_S1_Image_1,7,4484,3073,1,0,2457,2535,6,34,8,8.875,1.1200780995769606,1.3760536916403485,363.27817459305203,264.0,3442,,,0.0,0.0,0,0,1.3203093203093204,1.5674969517921438,404.4142135623731,258.0,2457,3244,1.1514792899408284,1.4518563735740393,351.3492424049175,242.0,2535,2919,51,112.5,12.0,35.0,22.5,128.78132118451026,130.0,0.9906255475731559,230.64631664631665,138.0,1.671350120625483,183.1956607495069,133.0,1.3774109830789993,1.815740174060973,2.438772334082629,2.012013407227956,2.219638155494755,2.90878030890635,1.9219879803002398,1.8650831159391854,2.1761617037499335
C:\Users\JackM\40xMBPCNP\40xN1N2N3N4lif\HAMI_1104.lif,HAMI_1104,0,Image 1,HAMI_1104_S1_Image_1,8,21527,12422,1,0,12422,0,39,99,28,10.932432432432432,1.8106585090967637,2.2448753242370616,1643.2487373415292,732.0,22492,,,0.0,0.0,0,0,1.8106585090967637,2.2448753242370616,1643.2487373415292,732.0,12422,22492,,,0.0,0.0,0,0,142,592.5,10.0,60.0,67.5,125.23844791498954,130.0,0.9633726762691502,334.3432619545967,138.0,2.4227772605405558,133.08976010304298,133.0,1.0006748879928042,1.815740174060973,2.438772334082629,2.012013407227956,2.219638155494755,2.90878030890635,1.9219879803002398,1.8650831159391854,2.1761617037499335
C:\Users\JackM\40xMBPCNP\40xN1N2N3N4lif\HAMI_1104.lif,HAMI_1104,0,Image 1,HAMI_1104_S1_Image_1,9,5680,3769,1,0,3728,1188,20,30,4,7.571428571428571,1.354736004245158,1.275571080631062,428.5918830920368,336.0,5106,,,0.0,0.0,0,0,1.3696351931330473,1.2856266748466583,431.97056274847716,336.0,3728,5106,2.015151515151515,1.192087939562969,288.4852813742385,242.0,1188,2394,70,232.5,18.0,35.0,32.5,128.6219156274874,130.0,0.9893993509806723,380.81384120171674,138.0,2.7595205884182374,173.93434343434345,133.0,1.3077770183033341,1.815740174060973,2.438772334082629,2.012013407227956,2.219638155494755,2.90878030890635,1.9219879803002398,1.8650831159391854,2.1761617037499335
C:\Users\JackM\40xMBPCNP\40xN1N2N3N4lif\HAMI_1104.lif,HAMI_1104,0,Image 1,HAMI_1104_S1_Image_1,10,9257,4323,2,0,4323,37,15,25,9,15.083333333333334,1.9398565810779551,2.13133718130402,946.3137084989849,444.0,8386,,,0.0,0.0,0,0,1.9398565810779551,2.13133718130402,946.3137084989849,444.0,4323,8386,1.4594594594594594,0.7890871333161336,25.414213562373096,32.207106781186546,37,54,80,262.5,6.0,45.0,37.5,137.58315984270183,130.0,1.0583319987900142,237.56881795049733,138.0,1.7215131735543285,174.32432432432432,133.0,1.3107092054460476,1.815740174060973,2.438772334082629,2.012013407227956,2.219638155494755,2.90878030890635,1.9219879803002398,1.8650831159391854,2.1761617037499335
C:\Users\JackM\40xMBPCNP\40xN1N2N3N4lif\HAMI_1104.lif,HAMI_1104,0,Image 1,HAMI_1104_S1_Image_1,11,34275,24321,4,0,1919,24182,38,122,40,12.693877551020408,1.470580979400518,2.385032983937244,2232.3908729652603,936.0,35766,,,0.0,0.0,0,0,7.952579468473163,1.1716155443352911,794.3553390593274,678.0,1919,15261,1.4790339922256224,2.3455030694073296,2195.3908729652603,936.0,24182,35766,167,692.5,15.0,90.0,80.0,136.43563175856255,130.0,1.0495048596812504,156.88223032829598,138.0,1.1368277560021447,301.3471176908444,133.0,2.2657678021868,1.815740174060973,2.438772334082629,2.012013407227956,2.219638155494755,2.90878030890635,1.9219879803002398,1.8650831159391854,2.1761617037499335
C:\Users\JackM\40xMBPCNP\40xN1N2N3N4lif\HAMI_1104.lif,HAMI_1104,0,Image 1,HAMI_1104_S1_Image_1,12,6308,2193,2,0,1875,896,29,46,9,6.444444444444445,2.598267213862289,1.697692141437238,584.0060966544098,344.0,5698,,,0.0,0.0,0,0,3.0389333333333335,1.5488342728872768,532.7989898732233,344.0,1875,5698,2.5357142857142856,0.7690994601833051,207.65685424949237,270.0,896,2272,96,230.0,6.0,65.0,45.0,129.83492932056544,130.0,0.9987302255428111,218.54613333333333,138.0,1.5836676328502415,171.03348214285714,133.0,1.2859660311493017,1.815740174060973,2.438772334082629,2.012013407227956,2.219638155494755,2.90878030890635,1.9219879803002398,1.8650831159391854,2.1761617037499335
C:\Users\JackM\40xMBPCNP\40xN1N2N3N4lif\HAMI_1104.lif,HAMI_1104,0,Image 1,HAMI_1104_S1_Image_1,13,14626,3749,2,0,2763,1880,33,50,14,6.777777777777778,3.4843958388903706,1.702130892645414,946.3847763108502,556.0,13063,,,0.0,0.0,0,0,4.507057546145494,1.5676452019728369,852.7989898732233,544.0,2763,12453,3.3553191489361702,0.9422787928144751,384.4497474683059,408.0,1880,6308,139,457.5,13.0,55.0,66.45833333333333,146.60549479861297,130.0,1.1277345753739458,175.04668838219328,138.0,1.2684542636390816,193.13989361702127,133.0,1.452179651255799,1.815740174060973,2.438772334082629,2.012013407227956,2.219638155494755,2.90878030890635,1.9219879803002398,1.8650831159391854,2.1761617037499335
C:\Users\JackM\40xMBPCNP\40xN1N2N3N4lif\HAMI_1104.lif,HAMI_1104,0,Image 1,HAMI_1104_S1_Image_1,14,24042,6226,2,0,4198,3109,65,64,18,8.441176470588236,3.7661419852232574,2.236631249242066,1668.5269119345812,746.0,23448,,,0.0,0.0,0,0,5.564792758456408,1.8270382878665912,1362.970562748477,746.0,4198,23361,4.973303312962368,1.2098366494345172,766.0771644662753,633.2071067811866,3109,15462,199,702.5,14.0,160.0,97.5,144.68695791840668,130.0,1.112976599372359,174.66198189614101,138.0,1.2656665354792827,192.72531360566097,133.0,1.4490625083132405,1.815740174060973,2.438772334082629,2.012013407227956,2.219638155494755,2.90878030890635,1.9219879803002398,1.8650831159391854,2.1761617037499335
C:\Users\JackM\40xMBPCNP\40xN1N2N3N4lif\HAMI_1104.lif,HAMI_1104,0,Image 1,HAMI_1104_S1_Image_1,15,14025,6968,1,0,4679,3380,40,99,39,7.169014084507042,2.017939150401837,2.580941065839647,1398.8700576850888,542.0,14061,,,0.0,0.0,0,0,2.9027569993588376,2.0923550302410807,1104.7634559672906,528.0,4679,13582,3.243786982248521,1.590891268920258,798.6274169979695,502.0,3380,10964,104,497.5,19.0,55.0,50.0,130.31788174512056,130.0,1.002445244193235,196.48429151528103,138.0,1.423799213878848,186.22603550295858,133.0,1.4001957556613427,1.815740174060973,2.438772334082629,2.012013407227956,2.219638155494755,2.90878030890635,1.9219879803002398,1.8650831159391854,2.1761617037499335
C:\Users\JackM\40xMBPCNP\40xN1N2N3N4lif\HAMI_1104.lif,HAMI_1104,0,Image 1,HAMI_1104_S1_Image_1,16,13291,7359,1,0,1101,7354,18,67,11,9.857142857142858,1.7464329392580513,1.969103637953706,968.7989898732233,492.0,12852,,,0.0,0.0,0,0,3.112624886466848,0.8815954685299016,253.89949493661166,288.0,1101,3427,1.7476203426706554,1.9641966998188012,966.3847763108502,492.0,7354,12852,86,310.0,12.0,65.0,40.0,132.91167278162794,130.0,1.0223974829355995,171.5104450499546,138.0,1.2428293119561928,218.63067718248573,133.0,1.6438396780638025,1.815740174060973,2.438772334082629,2.012013407227956,2.219638155494755,2.90878030890635,1.9219879803002398,1.8650831159391854,2.1761617037499335
C:\Users\JackM\40xMBPCNP\40xN1N2N3N4lif\HAMI_1104.lif,HAMI_1104,0,Image 1,HAMI_1104_S1_Image_1,17,18718,9952,2,0,9952,0,42,54,12,11.559322033898304,1.9865353697749195,2.146194687396148,1436.2487373415292,669.2071067811866,19770,,,0.0,0.0,0,0,1.9865353697749195,2.146194687396148,1436.2487373415292,669.2071067811866,9952,19770,,,0.0,0.0,0,0,120,557.5,10.0,35.0,57.5,137.64630225080387,130.0,1.0588177096215683,318.71191720257235,138.0,2.3095066463954517,145.91931270096464,133.0,1.097137689480937,1.815740174060973,2.438772334082629,2.012013407227956,2.219638155494755,2.90878030890635,1.9219879803002398,1.8650831159391854,2.1761617037499335
C:\Users\JackM\40xMBPCNP\40xN1N2N3N4lif\HAMI_1104.lif,HAMI_1104,0,Image 1,HAMI_1104_S1_Image_1,18,13300,8689,1,0,8689,0,19,41,4,12.470588235294118,1.5160547819081598,1.6277258272123918,950.5918830920368,584.0,13173,,,0.0,0.0,0,0,1.5160547819081598,1.6277258272123918,950.5918830920368,584.0,8689,13173,,,0.0,0.0,0,0,111,327.5,8.0,55.0,52.5,136.30107031879388,130.0,1.0484697716830298,337.2398434802624,138.0,2.4437669817410317,142.1003567729313,133.0,1.0684237351348218,1.815740174060973,2.438772334082629,2.012013407227956,2.219638155494755,2.90878030890635,1.9219879803002398,1.8650831159391854,2.1761617037499335
C:\Users\JackM\40xMBPCNP\40xN1N2N3N4lif\HAMI_1104.lif,HAMI_1104,0,Image 1,HAMI_1104_S1_Image_1,19,36849,21642,1,218,21274,1718,43,124,27,13.902173913043478,1.858977913316699,2.654036919891557,2638.112698372208,994.0,40232,1.298165137614679,1.164575306884318,92.24264068711929,79.20710678118655,218,283,1.8654695872896494,2.570916879304475,2555.4913780286483,994.0,21274,39686,3.889988358556461,1.1060494858141385,455.6923881554251,412.0,1718,6683,155,907.5,15.0,100.0,75.0,204.56422018348624,130.0,1.5735709244883558,375.2041929115352,138.0,2.7188709631270664,251.77415599534342,133.0,1.8930387668822815,1.815740174060973,2.438772334082629,2.012013407227956,2.219638155494755,2.90878030890635,1.9219879803002398,1.8650831159391854,2.1761617037499335
C:\Users\JackM\40xMBPCNP\40xN1N2N3N4lif\HAMI_1104.lif,HAMI_1104,0,Image 1,HAMI_1104_S1_Image_1,20,20277,9919,1,0,9919,0,28,108,23,10.805555555555555,2.0148200423429783,2.437780006185977,1760.0771644662755,722.0,19985,,,0.0,0.0,0,0,2.0148200423429783,2.437780006185977,1760.0771644662755,722.0,9919,19985,,,0.0,0.0,0,0,154,565.0,11.0,110.0,75.0,129.84121383203953,130.0,0.9987785679387656,215.49107772960983,138.0,1.5615295487652887,138.55307994757536,133.0,1.0417524808088372,1.815740174060973,2.438772334082629,2.012013407227956,2.219638155494755,2.90878030890635,1.9219879803002398,1.8650831159391854,2.1761617037499335
C:\Users\JackM\40xMBPCNP\40xN1N2N3N4lif\HAMI_1104.lif,HAMI_1104,0,Image 1,HAMI_1104_S1_Image_1,21,10202,3195,1,0,2588,817,26,62,7,7.0,2.7289514866979654,1.9609771657956732,847.1421356237308,432.0,8719,,,0.0,0.0,0,0,3.1622874806800616,1.8265960601699014,759.863961030679,416.0,2588,8184,2.8592411260709913,0.9646700636673804,231.5208152801713,240.0,817,2336,128,327.5,7.0,50.0,64.78260869565217,132.64788732394365,130.0,1.0203683640303358,171.86321483771252,138.0,1.2453856147660327,167.187270501836,133.0,1.257047146630346,1.815740174060973,2.438772334082629,2.012013407227956,2.219638155494755,2.90878030890635,1.9219879803002398,1.8650831159391854,2.1761617037499335
C:\Users\JackM\40xMBPCNP\40xN1N2N3N4lif\HAMI_1104.lif,HAMI_1104,0,Image 1,HAMI_1104_S1_Image_1,22,10728,4394,1,0,2013,2740,39,39,20,6.901960784313726,2.4135184342284934,2.1919621037007992,1087.2132034355964,496.0,10605,,,0.0,0.0,0,0,5.170392449080974,1.3249105516108688,646.556349186104,488.0,2013,10408,2.9105839416058394,1.4722571105370998,671.3492424049175,456.0,2740,7975,123,372.5,7.0,75.0,60.0,144.48816568047337,130.0,1.1114474283113336,185.18479880774962,138.0,1.3419188319402147,180.08284671532846,133.0,1.3540063662806652,1.815740174060973,2.438772334082629,2.012013407227956,2.219638155494755,2.90878030890635,1.9219879803002398,1.8650831159391854,2.1761617037499335
C:\Users\JackM\40xMBPCNP\40xN1N2N3N4lif\HAMI_1104.lif,HAMI_1104,0,Image 1,HAMI_1104_S1_Image_1,23,67243,47511,3,22425,2846,47397,45,121,32,15.94949494949495,1.9199764265117552,1.8877529096201335,2996.254833995939,1587.2071067811867,91220,1.7129988851727982,2.554773560833256,2498.5685424949243,978.0,22425,38414,16.003513703443428,0.9592305315971422,1042.8822509939087,1087.2071067811867,2846,45546,1.924594383610777,1.8668311870299863,2963.0477272147527,1587.2071067811867,47397,91220,289,1062.5,12.0,65.0,142.5,264.71745819397995,130.0,2.036288139953692,159.49297259311314,138.0,1.1557461782109648,456.2222925501614,133.0,3.430242801129033,1.815740174060973,2.438772334082629,2.012013407227956,2.219638155494755,2.90878030890635,1.9219879803002398,1.8650831159391854,2.1761617037499335
C:\Users\JackM\40xMBPCNP\40xN1N2N3N4lif\HAMI_1104.lif,HAMI_1104,0,Image 1,HAMI_1104_S1_Image_1,24,29447,19432,2,0,3255,18922,44,159,40,10.521367521367521,1.7181453272951832,2.652135181013728,2365.704581464245,892.0,33387,,,0.0,0.0,0,0,7.578187403993856,1.4993370378404463,1136.4974746830583,758.0,3255,24667,1.7644540746221329,2.505042011976523,2234.4974746830585,892.0,18922,33387,176,820.0,13.0,60.0,85.0,133.49439069575956,130.0,1.0268799284289196,161.9241167434716,138.0,1.1733631648077651,228.49756896733962,133.0,1.7180268343408993,1.815740174060973,2.438772334082629,2.012013407227956,2.219638155494755,2.90878030890635,1.9219879803002398,1.8650831159391854,2.1761617037499335
C:\Users\JackM\40xMBPCNP\40xN1N2N3N4lif\HAMI_1104.lif,HAMI_1104,0,Image 1,HAMI_1104_S1_Image_1,25,58874,38848,3,27610,9528,36795,65,347,78,10.274678111587983,1.6006229406919275,3.182674806723567,3653.710678118655,1148.0,62181,1.8439333574791743,3.4987744548024904,3512.7695526217003,1004.0,27610,50911,5.577875734676742,2.5133494242017114,2729.4974746830585,1086.0,9528,53146,1.6778094849843728,2.8826624255716737,3309.2964645562815,1148.0,36795,61735,185,1162.5,20.0,120.0,90.0,313.32354219485694,130.0,2.410181093806592,176.77204030226702,138.0,1.2809568137845435,257.49267563527656,133.0,1.9360351551524553,1.815740174060973,2.438772334082629,2.012013407227956,2.219638155494755,2.90878030890635,1.9219879803002398,1.8650831159391854,2.1761617037499335
C:\Users\JackM\40xMBPCNP\40xN1N2N3N4lif\HAMI_1104.lif,HAMI_1104,0,Image 1,HAMI_1104_S1_Image_1,26,37478,23300,2,9014,1145,23195,46,116,26,12.25,1.895579399141631,2.1434433254859155,2109.1482322781408,984.0,44167,2.1983581096072777,2.2190998965166457,1542.734018715768,695.2071067811866,9014,19816,13.84890829694323,0.7074612062002041,488.1482322781408,690.0,1145,15857,1.9041603793921105,2.129600520258721,2095.526911934581,984.0,23195,44167,183,717.5,11.0,100.0,90.0,224.6038384734857,130.0,1.7277218344114285,152.28908296943231,138.0,1.10354407948864,330.9005389092477,133.0,2.487973976761261,1.815740174060973,2.438772334082629,2.012013407227956,2.219638155494755,2.90878030890635,1.9219879803002398,1.8650831159391854,2.1761617037499335
C:\Users\JackM\40xMBPCNP\40xN1N2N3N4lif\HAMI_1104.lif,HAMI_1104,0,Image 1,HAMI_1104_S1_Image_1,27,41887,28296,2,13166,7614,26142,45,177,31,13.203389830508474,1.5360828385637546,2.9518802984662846,2833.805086527633,960.0,43465,1.6161324624031597,2.4129901280425923,1732.5269119345812,718.0,13166,21278,5.102968216443394,2.5149539593778356,2223.2193000900065,884.0,7614,38854,1.6141840716089053,2.6078339363306404,2446.1482322781408,938.0,26142,42198,158,857.5,20.0,105.0,75.0,222.5960048610056,130.0,1.712276960469274,173.946414499606,138.0,1.2604812644898984,327.87020885930684,133.0,2.4651895402955404,1.815740174060973,2.438772334082629,2.012013407227956,2.219638155494755,2.90878030890635,1.9219879803002398,1.8650831159391854,2.1761617037499335
C:\Users\JackM\40xMBPCNP\40xN1N2N3N4lif\HAMI_1104.lif,HAMI_1104,0,Image 1,HAMI_1104_S1_Image_1,28,15124,8449,2,0,1025,8375,23,66,23,11.211538461538462,1.6781867676648123,2.3844723217654393,1278.0771644662755,536.0,14179,,,0.0,0.0,0,0,11.026341463414633,1.0297588984322124,494.2842712474619,480.0,1025,11302,1.6920597014925374,2.36768127698932,1269.0771644662755,536.0,8375,14171,97,427.5,14.0,65.0,45.0,133.1033258373772,130.0,1.0238717372105939,155.21073170731708,138.0,1.1247154471544716,204.26005970149254,133.0,1.535789922567613,1.815740174060973,2.438772334082629,2.012013407227956,2.219638155494755,2.90878030890635,1.9219879803002398,1.8650831159391854,2.1761617037499335
C:\Users\JackM\40xMBPCNP\40xN1N2N3N4lif\HAMI_1104.lif,HAMI_1104,0,Image 1,HAMI_1104_S1_Image_1,29,37388,24117,1,0,3766,23226,36,146,38,13.457142857142857,1.7095824522121326,2.9704561506108904,2536.7695526217003,854.0,41230,,,0.0,0.0,0,0,8.382634094530005,1.3701699023413219,1074.2132034355964,784.0,3766,31569,1.773314389046758,2.8772227544240523,2457.1482322781408,854.0,23226,41187,155,767.5,22.0,90.0,75.0,138.67624497242608,130.0,1.066740345941739,177.28491768454595,138.0,1.2846733165546809,256.49539309394646,133.0,1.9285367901800485,1.815740174060973,2.438772334082629,2.012013407227956,2.219638155494755,2.90878030890635,1.9219879803002398,1.8650831159391854,2.1761617037499335
C:\Users\JackM\40xMBPCNP\40xN1N2N3N4lif\HAMI_1104.lif,HAMI_1104,0,Image 1,HAMI_1104_S1_Image_1,30,7936,2558,1,0,1101,1579,23,62,15,4.6,2.2931978107896795,1.5050787699703017,583.970562748477,388.0,5866,,,0.0,0.0,0,0,4.016348773841962,0.7722531575082043,287.27817459305203,372.0,1101,4422,1.739708676377454,1.4327723664621972,372.5208152801713,260.0,1579,2747,82,220.0,8.0,45.0,35.76923076923077,134.3580922595778,130.0,1.033523786612137,185.6457765667575,138.0,1.34525925048375,170.99620012666244,133.0,1.2856857152380634,1.815740174060973,2.438772334082629,2.012013407227956,2.219638155494755,2.90878030890635,1.9219879803002398,1.8650831159391854,2.1761617037499335
C:\Users\JackM\40xMBPCNP\40xN1N2N3N4lif\HAMI_1104.lif,HAMI_1104,0,Image 1,HAMI_1104_S1_Image_1,31,35640,26649,3,724,17504,18298,33,121,20,13.97752808988764,1.491388044579534,2.136375537368518,2072.284271247462,970.0,39744,8.23342541436464,0.8238625557283503,357.55634918610406,434.0,724,5961,2.2406878427787933,2.18108137535323,2102.5624458405136,964.0,17504,39221,1.9833315116406165,2.1306730286645417,2011.3553390593274,944.0,18298,36291,152,652.5,12.0,110.0,72.5,192.38397790055248,130.0,1.479876753081173,419.544218464351,138.0,3.0401754961184855,289.1246584326156,133.0,2.1738696122753054,1.815740174060973,2.438772334082629,2.012013407227956,2.219638155494755,2.90878030890635,1.9219879803002398,1.8650831159391854,2.1761617037499335
C:\Users\JackM\40xMBPCNP\40xN1N2N3N4lif\HAMI_1104.lif,HAMI_1104,0,Image 1,HAMI_1104_S1_Image_1,32,47605,29575,2,0,29575,0,64,281,65,10.321428571428571,1.745054945054945,3.1244117271410348,3430.6040764008562,1098.0,51610,,,0.0,0.0,0,0,1.745054945054945,3.1244117271410348,3430.6040764008562,1098.0,29575,51610,,,0.0,0.0,0,0,181,1092.5,23.0,110.0,87.5,134.32831783601014,130.0,1.0332947525846934,398.78654268808117,138.0,2.889757555710733,136.12101437024515,133.0,1.0234662734604898,1.815740174060973,2.438772334082629,2.012013407227956,2.219638155494755,2.90878030890635,1.9219879803002398,1.8650831159391854,2.1761617037499335
C:\Users\JackM\40xMBPCNP\40xN1N2N3N4lif\HAMI_1104.lif,HAMI_1104,0,Image 1,HAMI_1104_S1_Image_1,33,14834,9063,0,1817,1405,8958,18,39,8,13.774193548387096,1.7085953878406708,1.388678952207838,899.863961030679,648.0,15485,1.7627958172812328,1.2773206590873591,365.31370849898474,286.0,1817,3203,4.646975088967972,0.799686528073676,386.4142135623731,483.20710678118655,1405,6529,1.7286224603706184,1.4266748169355534,924.4852813742386,648.0,8958,15485,115,317.5,6.0,85.0,55.0,219.3957072096863,130.0,1.6876592862283561,168.07259786476868,138.0,1.217917375831657,327.4141549453003,133.0,2.4617605634984985,1.815740174060973,2.438772334082629,2.012013407227956,2.219638155494755,2.90878030890635,1.9219879803002398,1.8650831159391854,2.1761617037499335
C:\Users\JackM\40xMBPCNP\40xN1N2N3N4lif\HAMI_1104.lif,HAMI_1104,0,Image 1,HAMI_1104_S1_Image_1,34,20347,13234,1,0,12853,1241,38,127,38,9.346938775510203,1.5587124074353937,2.55595373794645,1630.698484809835,638.0,20628,,,0.0,0.0,0,0,1.5977592779895744,2.5195789624273486,1607.4913780286483,638.0,12853,20536,4.209508460918614,0.8986112980069402,346.8639610306789,386.0,1241,5224,108,617.5,15.0,80.0,52.5,141.57299380383859,130.0,1.0890230292602967,367.2012759667004,138.0,2.6608788113529016,170.8412570507655,133.0,1.2845207297050039,1.815740174060973,2.438772334082629,2.012013407227956,2.219638155494755,2.90878030890635,1.9219879803002398,1.8650831159391854,2.1761617037499335
C:\Users\JackM\40xMBPCNP\40xN1N2N3N4lif\HAMI_1104.lif,HAMI_1104,0,Image 1,HAMI_1104_S1_Image_1,35,11309,4591,1,0,875,4459,35,61,11,6.196078431372549,1.6922239163580919,1.8507614344637062,744.0060966544099,402.0,7769,,,0.0,0.0,0,0,4.740571428571428,0.9896723730061722,326.5918830920368,330.0,875,4148,1.6896165059430366,1.7719343543749517,698.142135623731,394.0,4459,7534,72,262.5,10.0,40.0,32.5,133.74166848181224,130.0,1.0287820652447095,161.30971428571428,138.0,1.1689109730848861,185.5819690513568,133.0,1.395353150762081,1.815740174060973,2.438772334082629,2.012013407227956,2.219638155494755,2.90878030890635,1.9219879803002398,1.8650831159391854,2.1761617037499335
C:\Users\JackM\40xMBPCNP\40xN1N2N3N4lif\HAMI_1104.lif,HAMI_1104,0,Image 1,HAMI_1104_S1_Image_1,36,35290,21414,1,0,1197,21367,40,133,35,12.653061224489797,1.7462874754833286,2.9132636028530468,2388.8761543394985,820.0,37395,,,0.0,0.0,0,0,14.413533834586467,0.9114456699442841,532.2842712474619,584.0,1197,17253,1.7501287031403567,2.893455504454121,2372.6335136523794,820.0,21367,37395,138,722.5,15.0,120.0,65.0,131.51863267021574,130.0,1.0116817897708903,152.4828738512949,138.0,1.1049483612412674,275.7021575326438,133.0,2.0729485528770213,1.815740174060973,2.438772334082629,2.012013407227956,2.219638155494755,2.90878030890635,1.9219879803002398,1.8650831159391854,2.1761617037499335
C:\Users\JackM\40xMBPCNP\40xN1N2N3N4lif\HAMI_1104.lif,HAMI_1104,0,Image 1,HAMI_1104_S1_Image_1,37,58683,40598,2,1651,7376,38756,69,244,48,12.229411764705882,1.54507611212375,3.1065042548113615,3628.39696961967,1168.0,62727,5.061780738946093,1.2013970950828443,533.4203102167829,444.0,1651,8357,5.678280911062907,2.1524614729805527,2096.4974746830585,974.0,7376,41883,1.5853545257508515,2.9863682167474632,3410.432503525603,1142.0,38756,61442,176,1115.0,20.0,120.0,87.5,195.36826165960025,130.0,1.502832781996925,191.11252711496746,138.0,1.3848733848910686,316.6317731448034,133.0,2.3806900236451383,1.815740174060973,2.438772334082629,2.012013407227956,2.219638155494755,2.90878030890635,1.9219879803002398,1.8650831159391854,2.1761617037499335
C:\Users\JackM\40xMBPCNP\40xN1N2N3N4lif\HAMI_1104.lif,HAMI_1104,0,Image 1,HAMI_1104_S1_Image_1,38,15030,12220,1,0,12220,0,20,90,24,10.666666666666666,1.2869067103109657,1.8462453176615437,1171.284271247462,634.4142135623731,15726,,,0.0,0.0,0,0,1.2869067103109657,1.8462453176615437,1171.284271247462,634.4142135623731,12220,15726,,,0.0,0.0,0,0,123,337.5,8.0,60.0,60.0,130.4283960720131,130.0,1.0032953544001009,416.4785597381342,138.0,3.0179605778125667,138.29484451718494,133.0,1.0398108610314658,1.815740174060973,2.438772334082629,2.012013407227956,2.219638155494755,2.90878030890635,1.9219879803002398,1.8650831159391854,2.1761617037499335
C:\Users\JackM\40xMBPCNP\40xN1N2N3N4lif\HAMI_1104.lif,HAMI_1104,0,Image 1,HAMI_1104_S1_Image_1,39,42835,24280,1,9465,4053,23787,40,103,24,15.76,2.1712520593080726,2.1790191887292454,2597.3908729652603,1192.0,52718,2.0019017432646593,1.3502038830668273,988.3492424049175,732.0,9465,18948,8.27954601529731,1.517105071999603,1401.8050865276332,924.0,4053,33557,2.1970404002186066,2.094242211998438,2492.148232278141,1190.0,23787,52261,335,907.5,11.0,15.0,165.0,242.2459587955626,130.0,1.8634304522735583,164.62225511966446,138.0,1.1929148921714816,308.8186824736201,133.0,2.321944981004662,1.815740174060973,2.438772334082629,2.012013407227956,2.219638155494755,2.90878030890635,1.9219879803002398,1.8650831159391854,2.1761617037499335
C:\Users\JackM\40xMBPCNP\40xN1N2N3N4lif\HAMI_1104.lif,HAMI_1104,0,Image 1,HAMI_1104_S1_Image_1,40,41494,27453,2,12417,5994,26136,81,295,72,9.315,1.5768768440607583,3.441685718711698,3304.01828996323,960.0,43290,1.9059354111299025,2.428068013258763,1767.6335136523794,728.0,12417,23666,6.676009342676009,2.0995832383166912,1994.6040764008567,950.0,5994,40016,1.6505968778696052,3.2805478143831293,3149.3259018078043,960.0,26136,43140,145,1017.5,20.0,100.0,70.0,247.00169122976564,130.0,1.9000130094597356,167.27794461127795,138.0,1.212159018922304,252.38934802571166,133.0,1.8976642708700124,1.815740174060973,2.438772334082629,2.012013407227956,2.219638155494755,2.90878030890635,1.9219879803002398,1.8650831159391854,2.1761617037499335
C:\Users\JackM\40xMBPCNP\40xN1N2N3N4lif\HAMI_1104.lif,HAMI_1104,0,Image 1,HAMI_1104_S1_Image_1,41,44968,28057,1,10864,7184,25434,51,106,19,14.74712643678161,1.7194283066614393,2.3410529510699,2495.5624458405136,1066.0,48242,1.9439432989690721,2.1474605539575884,1571.9411254969546,732.0,10864,21119,5.758351893095768,1.8349366668675544,1844.4913780286483,1005.2071067811866,7184,41368,1.7822992844224266,1.9802449582523025,2110.9411254969546,1066.0,25434,45331,249,902.5,14.0,150.0,122.5,225.65141752577318,130.0,1.73578013481364,184.07878619153675,138.0,1.3339042477647591,421.81666273492175,133.0,3.1715538551497877,1.815740174060973,2.438772334082629,2.012013407227956,2.219638155494755,2.90878030890635,1.9219879803002398,1.8650831159391854,2.1761617037499335
C:\Users\JackM\40xMBPCNP\40xN1N2N3N4lif\HAMI_1104.lif,HAMI_1104,0,Image 1,HAMI_1104_S1_Image_1,42,6520,2430,1,0,414,2188,17,23,7,7.681818181818182,2.3078189300411522,1.6402299674280243,544.5563491861041,332.0,5608,,,0.0,0.0,0,0,6.9227053140096615,0.5844794294037359,162.48528137423858,278.0,414,2866,2.2449725776965264,1.5983191660775666,482.69238815542514,302.0,2188,4912,80,207.5,6.0,35.0,37.5,129.9625514403292,130.0,0.9997119341563785,149.65942028985506,138.0,1.0844885528250368,172.9081352833638,133.0,1.3000611675440887,1.815740174060973,2.438772334082629,2.012013407227956,2.219638155494755,2.90878030890635,1.9219879803002398,1.8650831159391854,2.1761617037499335
C:\Users\JackM\40xMBPCNP\40xN1N2N3N4lif\HAMI_1104.lif,HAMI_1104,0,Image 1,HAMI_1104_S1_Image_1,43,14881,7151,1,0,7110,169,26,66,14,12.84,2.2686337575164313,2.435440707842342,1660.9705627484773,682.0,16223,,,0.0,0.0,0,0,2.2565400843881855,2.423674108584724,1633.556349186104,674.0,7110,16044,3.57396449704142,0.6304597644047836,85.24264068711929,135.20710678118655,169,604,147,562.5,15.0,45.0,70.0,134.47350020976089,130.0,1.0344115400750837,210.03600562587906,138.0,1.5220000407672396,181.68047337278105,133.0,1.3660185967878276,1.815740174060973,2.438772334082629,2.012013407227956,2.219638155494755,2.90878030890635,1.9219879803002398,1.8650831159391854,2.1761617037499335
C:\Users\JackM\40xMBPCNP\40xN1N2N3N4lif\HAMI_1104.lif,HAMI_1104,0,Image 1,HAMI_1104_S1_Image_1,44,23391,16352,1,0,16352,1,20,74,14,14.50943396226415,1.696183953033268,1.939812735273781,1547.9705627484773,798.0,27736,,,0.0,0.0,0,0,1.696183953033268,1.939812735273781,1547.9705627484773,798.0,16352,27736,1.0,,0.0,0.0,1,1,134,457.5,12.0,75.0,65.0,128.32393590998043,130.0,0.9871071993075418,438.05834148727985,138.0,3.1743358078788395,172.0,133.0,1.2932330827067668,1.815740174060973,2.438772334082629,2.012013407227956,2.219638155494755,2.90878030890635,1.9219879803002398,1.8650831159391854,2.1761617037499335
C:\Users\JackM\40xMBPCNP\40xN1N2N3N4lif\HAMI_1104.lif,HAMI_1104,0,Image 1,HAMI_1104_S1_Image_1,45,45732,27273,3,1278,2424,27089,79,258,57,9.072164948453608,1.7270927290727092,3.1343374100661623,3228.3675323681473,1030.0,47103,2.5571205007824727,1.2362219129418963,346.14213562373095,280.0,1278,3268,7.830445544554456,0.9870137574169626,785.6629509039022,796.0,2424,18981,1.738823876850382,3.141334601115858,3235.574639149334,1030.0,27089,47103,178,1042.5,17.0,95.0,85.0,214.93114241001564,130.0,1.6533164800770435,153.66130363036302,138.0,1.1134877074663987,242.3146295544317,133.0,1.8219145079280579,1.815740174060973,2.438772334082629,2.012013407227956,2.219638155494755,2.90878030890635,1.9219879803002398,1.8650831159391854,2.1761617037499335
C:\Users\JackM\40xMBPCNP\40xN1N2N3N4lif\HAMI_1104.lif,HAMI_1104,0,Image 1,HAMI_1104_S1_Image_1,46,25664,13245,1,0,13245,759,20,50,11,19.69047619047619,2.992600981502454,1.7852287212284106,1867.3492424049175,1046.0,39637,,,0.0,0.0,0,0,2.992600981502454,1.7852287212284106,1867.3492424049175,1046.0,13245,39637,1.5810276679841897,1.0832542009367665,201.48528137423858,186.0,759,1200,173,632.5,10.0,75.0,85.0,128.53899584748962,130.0,0.9887615065191508,260.52608531521327,138.0,1.8878701834435745,166.40052700922266,133.0,1.2511317820242305,1.815740174060973,2.438772334082629,2.012013407227956,2.219638155494755,2.90878030890635,1.9219879803002398,1.8650831159391854,2.1761617037499335
C:\Users\JackM\40xMBPCNP\40xN1N2N3N4lif\HAMI_1104.lif,HAMI_1104,0,Image 1,HAMI_1104_S1_Image_1,47,34103,18473,1,0,18473,328,58,150,29,11.658730158730158,1.8296973961998593,3.235323003688753,2737.083261120685,846.0,33800,,,0.0,0.0,0,0,1.8296973961998593,3.235323003688753,2737.083261120685,846.0,18473,33800,1.1646341463414633,0.9827749718700649,88.44974746830584,90.0,328,382,127,922.5,19.0,75.0,60.0,132.9119796459698,130.0,1.022399843430537,301.65284469225355,138.0,2.1858901789293737,167.16158536585365,133.0,1.2568540253071703,1.815740174060973,2.438772334082629,2.012013407227956,2.219638155494755,2.90878030890635,1.9219879803002398,1.8650831159391854,2.1761617037499335
C:\Users\JackM\40xMBPCNP\40xN1N2N3N4lif\HAMI_1104.lif,HAMI_1104,0,Image 1,HAMI_1104_S1_Image_1,48,59132,31754,1,18155,7102,28599,52,119,30,14.948453608247423,1.9762864521005228,2.538130451319499,3081.290367901872,1214.0,62755,2.3534563481134674,2.4648009993046474,2450.0121933088194,994.0,18155,42727,4.65361869895804,1.9129361902483795,1824.941125496954,954.0,7102,33050,2.1064023217595023,2.2226151845106585,2698.2548339959394,1214.0,28599,60241,213,1077.5,16.0,115.0,105.0,377.27832553015696,130.0,2.902140965616592,182.40030977189525,138.0,1.3217413751586613,412.6241826637295,133.0,3.102437463637064,1.815740174060973,2.438772334082629,2.012013407227956,2.219638155494755,2.90878030890635,1.9219879803002398,1.8650831159391854,2.1761617037499335
C:\Users\JackM\40xMBPCNP\40xN1N2N3N4lif\HAMI_1104.lif,HAMI_1104,0,Image 1,HAMI_1104_S1_Image_1,49,32338,16458,1,0,16458,704,42,94,27,12.308641975308642,2.1797302223842507,2.3892763935963814,2284.1482322781408,956.0,35874,,,0.0,0.0,0,0,2.1797302223842507,2.3892763935963814,2284.1482322781408,956.0,16458,35874,1.1420454545454546,0.9855553963671525,134.03553390593274,136.0,704,804,160,807.5,13.0,95.0,77.5,132.94397861222507,130.0,1.022645989324808,364.28490703609185,138.0,2.6397457031600857,167.0,133.0,1.255639097744361,1.815740174060973,2.438772334082629,2.012013407227956,2.219638155494755,2.90878030890635,1.9219879803002398,1.8650831159391854,2.1761617037499335
C:\Users\JackM\40xMBPCNP\40xN1N2N3N4lif\HAMI_1104.lif,HAMI_1104,0,Image 1,HAMI_1104_S1_Image_1,50,17312,8413,3,0,8413,464,26,51,16,11.8,1.963984309996434,1.700672039304984,1081.6274169979697,636.0,16523,,,0.0,0.0,0,0,1.963984309996434,1.700672039304984,1081.6274169979697,636.0,8413,16523,1.1314655172413792,1.0520597457920489,109.41421356237309,104.0,464,525,117,427.5,8.0,35.0,55.0,135.18721026982053,130.0,1.0399016174601579,287.9392606680138,138.0,2.086516381652274,167.48706896551724,133.0,1.259301270417423,1.815740174060973,2.438772334082629,2.012013407227956,2.219638155494755,2.90878030890635,1.9219879803002398,1.8650831159391854,2.1761617037499335
C:\Users\JackM\40xMBPCNP\40xN1N2N3N4lif\HAMI_1104.lif,HAMI_1104,0,Image 1,HAMI_1104_S1_Image_1,51,31903,17552,2,0,17552,0,40,135,20,13.263157894736842,2.1805492251595258,3.2175432426467796,2940.8345237791564,914.0,38273,,,0.0,0.0,0,0,2.1805492251595258,3.2175432426467796,2940.8345237791564,914.0,17552,38273,,,0.0,0.0,0,0,158,882.5,14.0,85.0,75.0,128.11833409298086,130.0,0.9855256468690835,289.14630811303556,138.0,2.0952631022683734,130.84138559708296,133.0,0.9837698165194207,1.815740174060973,2.438772334082629,2.012013407227956,2.219638155494755,2.90878030890635,1.9219879803002398,1.8650831159391854,2.1761617037499335
C:\Users\JackM\40xMBPCNP\40xN1N2N3N4lif\HAMI_1104.lif,HAMI_1104,0,Image 1,HAMI_1104_S1_Image_1,53,35238,21731,1,0,21271,1514,44,139,19,13.221153846153847,1.7302471124200451,2.6905263817907197,2475.284271247462,920.0,37600,,,0.0,0.0,0,0,1.767006722768088,2.6528945118520677,2440.662950903902,920.0,21271,37586,9.66116248348745,0.8161203330741269,463.55634918610406,568.0,1514,14627,166,852.5,17.0,95.0,80.0,131.52326169987575,130.0,1.0117173976913518,290.78830332377413,138.0,2.1071616182882185,168.36195508586525,133.0,1.265879361547859,1.815740174060973,2.438772334082629,2.012013407227956,2.219638155494755,2.90878030890635,1.9219879803002398,1.8650831159391854,2.1761617037499335
C:\Users\JackM\40xMBPCNP\40xN1N2N3N4lif\HAMI_1104.lif,HAMI_1104,0,Image 1,HAMI_1104_S1_Image_1,54,25496,15799,1,7398,7701,11088,47,137,21,11.306122448979592,1.6325716817520097,3.125075049765168,2293.805086527633,734.0,25793,2.1750473100838064,1.9633855042267674,1233.00609665441,628.0,7398,16091,2.5635631736138165,2.882239760188794,1873.455844122716,650.0,7701,19742,1.7728174603174602,2.0012937022728883,1400.9055915910217,700.0,11088,19657,146,802.5,14.0,65.0,70.0,302.1770748851041,130.0,2.324439037577724,184.9677963900792,138.0,1.3403463506527478,260.42694805194805,133.0,1.9580973537740454,1.815740174060973,2.438772334082629,2.012013407227956,2.219638155494755,2.90878030890635,1.9219879803002398,1.8650831159391854,2.1761617037499335
C:\Users\JackM\40xMBPCNP\40xN1N2N3N4lif\HAMI_1104.lif,HAMI_1104,0,Image 1,HAMI_1104_S1_Image_1,55,11441,2851,1,0,2851,0,22,15,8,9.347826086956522,3.8172571027709576,1.326474037637757,655.278174593052,494.0,10883,,,0.0,0.0,0,0,3.8172571027709576,1.326474037637757,655.278174593052,494.0,2851,10883,,,0.0,0.0,0,0,136,280.0,7.0,20.0,63.75,128.82076464398457,130.0,0.9909289587998813,209.27779726411785,138.0,1.5165057772762163,133.41108383023501,133.0,1.0030908558664287,1.815740174060973,2.438772334082629,2.012013407227956,2.219638155494755,2.90878030890635,1.9219879803002398,1.8650831159391854,2.1761617037499335
C:\Users\JackM\40xMBPCNP\40xN1N2N3N4lif\HAMI_1104.lif,HAMI_1104,0,Image 1,HAMI_1104_S1_Image_1,56,28290,9534,2,0,6623,6754,55,149,32,7.725663716814159,2.70862177470107,2.705819253942338,1948.1898628384834,720.0,25824,,,0.0,0.0,0,0,3.8988373848709044,2.5843528037718997,1860.734018715768,720.0,6623,25822,2.4877109860823214,1.9406522547105958,1234.254833995939,636.0,6754,16802,182,742.5,14.0,120.0,87.5,128.93140339836376,130.0,0.9917800261412597,173.87996376264533,138.0,1.2599997374104734,189.39591353272135,133.0,1.4240294250580552,1.815740174060973,2.438772334082629,2.012013407227956,2.219638155494755,2.90878030890635,1.9219879803002398,1.8650831159391854,2.1761617037499335
C:\Users\JackM\40xMBPCNP\40xN1N2N3N4lif\HAMI_1104.lif,HAMI_1104,0,Image 1,HAMI_1104_S1_Image_1,57,29722,13879,1,0,13879,0,47,71,14,15.546875,2.3485121406441385,2.5120301399226674,2356.284271247462,938.0,32595,,,0.0,0.0,0,0,2.3485121406441385,2.5120301399226674,2356.284271247462,938.0,13879,32595,,,0.0,0.0,0,0,169,777.5,15.0,80.0,82.5,122.48771525326032,130.0,0.9422131942558486,287.89530946033574,138.0,2.086197894640114,126.48886807406873,133.0,0.9510441208576597,1.815740174060973,2.438772334082629,2.012013407227956,2.219638155494755,2.90878030890635,1.9219879803002398,1.8650831159391854,2.1761617037499335
C:\Users\JackM\40xMBPCNP\40xN1N2N3N4lif\HAMI_1104.lif,HAMI_1104,0,Image 1,HAMI_1104_S1_Image_1,58,29507,18932,1,0,2175,18745,48,215,53,8.781456953642385,1.5949186562433975,2.904070184645579,2230.3259018078047,768.0,30195,,,0.0,0.0,0,0,8.288735632183908,1.2734992193100918,776.834523779156,610.0,2175,18028,1.6108295545478795,2.9201882571149027,2242.704581464245,768.0,18745,30195,214,602.5,8.0,190.0,105.0,130.64927107542783,130.0,1.0049943928879064,146.3135632183908,138.0,1.0602432117274696,217.42944785276075,133.0,1.634807878592186,1.815740174060973,2.438772334082629,2.012013407227956,2.219638155494755,2.90878030890635,1.9219879803002398,1.8650831159391854,2.1761617037499335
C:\Users\JackM\40xMBPCNP\40xN1N2N3N4lif\HAMI_1104.lif,HAMI_1104,0,Image 1,HAMI_1104_S1_Image_1,59,31078,18430,2,0,18430,0,47,111,18,13.081395348837209,1.8748236570808465,2.6435011097121657,2426.734018715768,918.0,34553,,,0.0,0.0,0,0,1.8748236570808465,2.6435011097121657,2426.734018715768,918.0,18430,34553,,,0.0,0.0,0,0,159,867.5,16.0,90.0,77.5,122.46483993488877,130.0,0.9420372302683752,344.89180683667934,138.0,2.49921599157014,127.96711882799784,133.0,0.9621587881804349,1.815740174060973,2.438772334082629,2.012013407227956,2.219638155494755,2.90878030890635,1.9219879803002398,1.8650831159391854,2.1761617037499335
C:\Users\JackM\40xMBPCNP\40xN1N2N3N4lif\HAMI_1104.lif,HAMI_1104,0,Image 1,HAMI_1104_S1_Image_1,60,49478,32695,2,14463,597,32694,58,258,70,10.903409090909092,1.5799051842789418,3.550024801508219,3635.2253967444162,1024.0,51655,2.0118924151282584,2.6895372135322955,2235.5624458405136,831.2071067811866,14463,29098,34.018425460636514,0.4235383774329558,288.00609665440993,680.0,597,20309,1.5799535082889826,3.550024801508219,3635.2253967444162,1024.0,32694,51655,168,1172.5,15.0,110.0,80.0,233.08234806056834,130.0,1.7929411389274488,140.1289782244556,138.0,1.015427378438084,269.8862788279195,133.0,2.0292201415633047,1.815740174060973,2.438772334082629,2.012013407227956,2.219638155494755,2.90878030890635,1.9219879803002398,1.8650831159391854,2.1761617037499335
C:\Users\JackM\40xMBPCNP\40xN1N2N3N4lif\HAMI_1104.lif,HAMI_1104,0,Image 1,HAMI_1104_S1_Image_1,61,16635,9934,2,0,9934,0,23,69,10,11.92156862745098,1.7355546607610228,1.9209137129857035,1229.3847763108502,640.0,17241,,,0.0,0.0,0,0,1.7355546607610228,1.9209137129857035,1229.3847763108502,640.0,9934,17241,,,0.0,0.0,0,0,111,432.5,14.0,75.0,52.5,118.15331185826454,130.0,0.9088716296789581,272.9114153412523,138.0,1.977618951748205,126.52063619891283,133.0,0.9512829789391942,1.815740174060973,2.438772334082629,2.012013407227956,2.219638155494755,2.90878030890635,1.9219879803002398,1.8650831159391854,2.1761617037499335
C:\Users\JackM\40xMBPCNP\40xN1N2N3N4lif\HAMI_1104.lif,HAMI_1104,0,Image 1,HAMI_1104_S1_Image_1,62,6269,4080,1,0,4080,0,12,16,3,13.4375,1.4169117647058824,1.2251295506987132,470.4497474683059,384.0,5781,,,0.0,0.0,0,0,1.4169117647058824,1.2251295506987132,470.4497474683059,384.0,4080,5781,,,0.0,0.0,0,0,125,202.5,6.0,25.0,60.0,120.89436274509804,130.0,0.9299566365007541,262.8394607843137,138.0,1.9046337737993746,134.228431372549,133.0,1.009236326109391,1.815740174060973,2.438772334082629,2.012013407227956,2.219638155494755,2.90878030890635,1.9219879803002398,1.8650831159391854,2.1761617037499335
C:\Users\JackM\40xMBPCNP\40xN1N2N3N4lif\HAMI_1104.lif,HAMI_1104,1,Image 2,HAMI_1104_S2_Image_2,1,38771,23756,2,15,3325,22340,104,350,102,7.54,1.818866812594713,4.163659917898838,3838.8944443027285,922.0,43209,16.466666666666665,0.08136104345603981,10.414213562373096,128.0,15,247,8.855338345864661,1.2319822118407673,997.9055915910216,810.0,3325,29444,1.9335720680393913,4.0734906782358,3755.7584053334076,922.0,22340,43196,160,1240.0,17.0,110.0,82.5,200.6,134.0,1.4970149253731342,168.39518796992482,139.0,1.2114761724455023,202.27390331244405,135.0,1.4983252097218078,1.625209623244905,2.590583502978787,2.363315614664271,2.59601868618778,3.854558468892998,1.7093620356416634,1.7121098795639595,2.375138573953908
C:\Users\JackM\40xMBPCNP\40xN1N2N3N4lif\HAMI_1104.lif,HAMI_1104,1,Image 2,HAMI_1104_S2_Image_2,2,16406,11495,3,4869,5726,8113,50,181,40,7.382113821138211,1.545367551109178,2.6114782785905675,1629.562445840514,624.0,17764,3.0885192031217907,1.8389593637020438,1127.6629509039021,613.2071067811866,4869,15038,2.404645476772616,1.6135959739382892,971.3847763108502,602.0,5726,13769,2.1890792555158387,2.2854370166221285,1426.1126983722081,624.0,8113,17760,111,567.5,19.0,60.0,52.5,214.02505647976997,134.0,1.5972019140281342,289.85225288159273,139.0,2.085268006342394,203.94884752865772,135.0,1.5107322039159832,1.625209623244905,2.590583502978787,2.363315614664271,2.59601868618778,3.854558468892998,1.7093620356416634,1.7121098795639595,2.375138573953908
C:\Users\JackM\40xMBPCNP\40xN1N2N3N4lif\HAMI_1104.lif,HAMI_1104,1,Image 2,HAMI_1104_S2_Image_2,4,53099,30135,5,20423,1527,29922,88,282,76,9.575342465753424,1.8615563298490128,3.3497137729600612,3564.095454429505,1064.0,56098,1.6989668510992508,2.9943277796664707,2611.0538238691624,872.0,20423,34698,27.950229207596596,0.7133265020580651,670.5269119345812,940.0,1527,42680,1.8434930820132345,3.2761774565247985,3485.8528137423855,1064.0,29922,55161,284,1177.5,16.0,200.0,140.0,231.41281888067374,134.0,1.726961334930401,156.22069417157826,139.0,1.1238898861264623,229.98623086692066,135.0,1.7036017101253382,1.625209623244905,2.590583502978787,2.363315614664271,2.59601868618778,3.854558468892998,1.7093620356416634,1.7121098795639595,2.375138573953908
C:\Users\JackM\40xMBPCNP\40xN1N2N3N4lif\HAMI_1104.lif,HAMI_1104,1,Image 2,HAMI_1104_S2_Image_2,5,12199,7070,1,0,6859,363,14,30,6,17.217391304347824,1.8123055162659123,1.5170215606724653,934.4852813742386,616.0,12813,,,0.0,0.0,0,0,1.811196967487972,1.4763794601758211,909.4497474683059,616.0,6859,12423,9.746556473829202,0.2269873704916077,113.31370849898475,499.20710678118655,363,3538,138,297.5,4.0,25.0,67.5,128.52942008486562,134.0,0.9591747767527286,276.11313602565974,139.0,1.9864254390335234,166.8236914600551,135.0,1.23573104785226,1.625209623244905,2.590583502978787,2.363315614664271,2.59601868618778,3.854558468892998,1.7093620356416634,1.7121098795639595,2.375138573953908
C:\Users\JackM\40xMBPCNP\40xN1N2N3N4lif\HAMI_1104.lif,HAMI_1104,1,Image 2,HAMI_1104_S2_Image_2,6,19073,10395,1,3156,3269,8386,28,98,40,10.477611940298507,1.7421837421837423,2.6817816118011115,1759.2487373415292,656.0,18110,3.829214195183777,1.6345400037616018,895.7279220613578,548.0,3156,12085,4.669623738146222,1.242952371210412,738.3137084989847,594.0,3269,15265,1.8429525399475315,2.3175026818426687,1409.0416305603426,608.0,8386,15455,113,602.5,11.0,50.0,52.5,235.29499366286439,134.0,1.7559327885288387,204.32976445396145,139.0,1.469998305424183,209.49022179823515,135.0,1.5517794207276678,1.625209623244905,2.590583502978787,2.363315614664271,2.59601868618778,3.854558468892998,1.7093620356416634,1.7121098795639595,2.375138573953908
C:\Users\JackM\40xMBPCNP\40xN1N2N3N4lif\HAMI_1104.lif,HAMI_1104,1,Image 2,HAMI_1104_S2_Image_2,7,52372,30714,4,23608,1857,30352,96,282,83,9.351111111111111,1.7664257341928762,2.9322649520505126,3172.710678118655,1082.0,54254,1.9524737377160284,3.160908689973108,3186.195959492893,1008.0,23608,46094,18.36133548734518,0.8683637032266736,767.6335136523794,884.0,1857,34097,1.7747430152872958,2.8534824745208276,3087.4680374315353,1082.0,30352,53867,282,927.5,11.0,125.0,139.71698113207546,306.0464672992206,134.0,2.2839288604419448,169.0813139472267,139.0,1.2164123305555878,261.6077688455456,135.0,1.9378353247818192,1.625209623244905,2.590583502978787,2.363315614664271,2.59601868618778,3.854558468892998,1.7093620356416634,1.7121098795639595,2.375138573953908
C:\Users\JackM\40xMBPCNP\40xN1N2N3N4lif\HAMI_1104.lif,HAMI_1104,1,Image 2,HAMI_1104_S2_Image_2,8,20838,11943,2,0,556,11857,57,144,26,8.350427350427351,1.7735074939294984,2.8207040472672023,1985.7756492761105,704.0,21181,,,0.0,0.0,0,0,23.296762589928058,0.46984339763501265,291.8700576850888,621.2071067811866,556,12953,1.784262460993506,2.7697609208031695,1949.9116882454314,704.0,11857,21156,116,562.5,15.0,85.0,55.0,133.14611069245584,134.0,0.9936276917347451,149.6205035971223,139.0,1.0764065006987216,198.22079784093785,135.0,1.4683022062291693,1.625209623244905,2.590583502978787,2.363315614664271,2.59601868618778,3.854558468892998,1.7093620356416634,1.7121098795639595,2.375138573953908
C:\Users\JackM\40xMBPCNP\40xN1N2N3N4lif\HAMI_1104.lif,HAMI_1104,1,Image 2,HAMI_1104_S2_Image_2,9,18208,10338,3,1799,7715,3825,23,104,24,10.014492753623188,1.793673824724318,1.8947750804127739,1318.7634559672906,696.0,18543,5.001667593107282,1.1185035065666955,531.5208152801713,475.20710678118655,1799,8998,2.127802981205444,1.6829902904883272,1104.0416305603426,656.0,7715,16416,2.6426143790849674,1.5127162379887031,771.4852813742386,510.0,3825,10108,156,437.5,15.0,125.0,76.96428571428571,245.15230683713173,134.0,1.8294948271427742,327.27219701879454,139.0,2.3544762375452843,220.8802614379085,135.0,1.6361500847252481,1.625209623244905,2.590583502978787,2.363315614664271,2.59601868618778,3.854558468892998,1.7093620356416634,1.7121098795639595,2.375138573953908
C:\Users\JackM\40xMBPCNP\40xN1N2N3N4lif\HAMI_1104.lif,HAMI_1104,1,Image 2,HAMI_1104_S2_Image_2,10,71883,57151,3,35002,5086,56448,97,377,94,11.027027027027026,1.2966702244930097,2.9016807369023776,3899.8589103967956,1344.0,74106,1.920747385863665,4.072788390297291,5180.586832458153,1272.0,35002,67230,12.727093983484075,1.530668373475762,1983.7462120245875,1296.0,5086,64730,1.3077168367346939,2.721008253970628,3635.267027304759,1336.0,56448,73818,221,1272.5,20.0,120.0,107.5,377.1254785440832,134.0,2.8143692428662925,186.69130947699568,139.0,1.3431029458776669,311.02747661564626,135.0,2.3039072341899725,1.625209623244905,2.590583502978787,2.363315614664271,2.59601868618778,3.854558468892998,1.7093620356416634,1.7121098795639595,2.375138573953908
C:\Users\JackM\40xMBPCNP\40xN1N2N3N4lif\HAMI_1104.lif,HAMI_1104,1,Image 2,HAMI_1104_S2_Image_2,11,10855,8291,2,1162,7028,2140,28,58,15,11.395833333333334,1.278253527921843,1.8232878879068577,860.5918830920368,472.0,10598,1.9690189328743546,1.0987582435397176,265.8994949366117,242.0,1162,2288,1.4867672168468982,1.7631635666008398,832.2132034355964,472.0,7028,10449,3.6238317757009346,0.8799321692114481,392.4497474683059,446.0,2140,7755,85,307.5,17.0,55.0,40.0,223.7736660929432,134.0,1.6699527320368894,241.3803357996585,139.0,1.7365491784148093,224.9373831775701,135.0,1.666202838352371,1.625209623244905,2.590583502978787,2.363315614664271,2.59601868618778,3.854558468892998,1.7093620356416634,1.7121098795639595,2.375138573953908
C:\Users\JackM\40xMBPCNP\40xN1N2N3N4lif\HAMI_1104.lif,HAMI_1104,1,Image 2,HAMI_1104_S2_Image_2,12,9856,6552,0,4111,2572,5513,16,52,20,10.487179487179487,1.5256410256410255,1.8692054117836692,949.556349186104,508.0,9996,1.8311846266115301,1.5006209254309195,672.278174593052,448.0,4111,7528,2.676905132192846,1.8824106972257806,798.142135623731,424.0,2572,6885,1.673680391801197,1.5050720028045685,737.4852813742386,490.0,5513,9227,83,292.5,9.0,45.0,40.0,301.8024811481391,134.0,2.252257322001038,164.53849144634526,139.0,1.1837301542902536,273.8481770360965,135.0,2.0285050150821964,1.625209623244905,2.590583502978787,2.363315614664271,2.59601868618778,3.854558468892998,1.7093620356416634,1.7121098795639595,2.375138573953908
C:\Users\JackM\40xMBPCNP\40xN1N2N3N4lif\HAMI_1104.lif,HAMI_1104,1,Image 2,HAMI_1104_S2_Image_2,13,36701,32355,4,10599,3989,32159,37,238,56,11.65,1.2408901251738527,2.1629667589338624,2041.840620433566,944.0,40149,3.3783375790168884,2.589250223500215,2397.6457069611993,926.0,10599,35807,7.430684382050639,1.781147787321101,1410.669047558312,792.0,3989,29641,1.2484529991604216,2.161029865793241,2040.0121933088199,944.0,32159,40149,147,572.5,14.0,90.0,70.0,218.89046136427964,134.0,1.6335109057035795,178.33843068438205,139.0,1.283010292693396,304.521533629777,135.0,2.2557150639242742,1.625209623244905,2.590583502978787,2.363315614664271,2.59601868618778,3.854558468892998,1.7093620356416634,1.7121098795639595,2.375138573953908
C:\Users\JackM\40xMBPCNP\40xN1N2N3N4lif\HAMI_1104.lif,HAMI_1104,1,Image 2,HAMI_1104_S2_Image_2,14,81275,66198,4,41608,5174,64787,122,334,95,10.755555555555556,1.3480316625879936,2.596340703917774,3754.3086578651014,1446.0,89237,1.922562968659873,3.6487928736766757,5028.036579926459,1378.0,41608,79994,15.691148047931968,1.5262250874953156,2184.3441917710343,1431.2071067811867,5174,81186,1.365335638322503,2.4230897943187624,3503.7878425849303,1446.0,64787,88456,219,1317.5,18.0,170.0,107.5,334.5444626033455,134.0,2.4966004671891455,168.4609586393506,139.0,1.211949342729141,372.53498387022086,135.0,2.759518399038673,1.625209623244905,2.590583502978787,2.363315614664271,2.59601868618778,3.854558468892998,1.7093620356416634,1.7121098795639595,2.375138573953908
C:\Users\JackM\40xMBPCNP\40xN1N2N3N4lif\HAMI_1104.lif,HAMI_1104,1,Image 2,HAMI_1104_S2_Image_2,15,44550,33447,3,24840,2517,33018,54,219,52,11.424242424242424,1.424671868926959,2.557317867790023,2562.432503525603,1002.0,47651,1.8790257648953301,3.303632981068454,3283.8111831820434,994.0,24840,46675,12.649582836710369,1.324116645458671,1085.7756492761102,820.0,2517,31839,1.4431825065115997,2.3975663031075225,2402.3614357137376,1002.0,33018,47651,163,817.5,14.0,130.0,80.0,286.1630837359098,134.0,2.1355454010142525,166.16130313865713,139.0,1.1954050585514902,289.0836816282028,135.0,2.1413606046533538,1.625209623244905,2.590583502978787,2.363315614664271,2.59601868618778,3.854558468892998,1.7093620356416634,1.7121098795639595,2.375138573953908
C:\Users\JackM\40xMBPCNP\40xN1N2N3N4lif\HAMI_1104.lif,HAMI_1104,1,Image 2,HAMI_1104_S2_Image_2,16,25648,16929,0,11299,973,16812,41,111,19,11.411764705882353,1.7825624667729931,2.3138191684829015,2026.9055915910217,876.0,30177,2.4174705726170456,1.9429060104135165,1643.698484809835,846.0,11299,27315,17.841726618705035,0.468710609575183,364.65685424949237,778.0,973,17360,1.790923150130859,2.2628815881820343,1982.284271247462,876.0,16812,30109,153,647.5,12.0,85.0,75.0,248.146738649438,134.0,1.8518413332047612,153.43473792394656,139.0,1.103847035424076,247.89424220794672,135.0,1.8362536459847905,1.625209623244905,2.590583502978787,2.363315614664271,2.59601868618778,3.854558468892998,1.7093620356416634,1.7121098795639595,2.375138573953908
C:\Users\JackM\40xMBPCNP\40xN1N2N3N4lif\HAMI_1104.lif,HAMI_1104,1,Image 2,HAMI_1104_S2_Image_2,17,27149,19722,3,12700,1282,19516,41,97,23,10.680555555555555,1.4727208193895143,2.092551294971138,1720.0771644662755,822.0,29045,2.0451181102362206,2.1533113060773927,1666.6629509039021,774.0,12700,25973,11.781591263650546,0.7190613393409336,438.62741699796953,610.0,1282,15104,1.488266038122566,2.079378025962931,1709.2487373415292,822.0,19516,29045,254,545.0,5.0,65.0,127.39583333333333,422.2859842519685,134.0,3.1513879421788693,179.893135725429,139.0,1.2941952210462517,401.6128817380611,135.0,2.974910235096749,1.625209623244905,2.590583502978787,2.363315614664271,2.59601868618778,3.854558468892998,1.7093620356416634,1.7121098795639595,2.375138573953908
C:\Users\JackM\40xMBPCNP\40xN1N2N3N4lif\HAMI_1104.lif,HAMI_1104,1,Image 2,HAMI_1104_S2_Image_2,18,26008,16681,2,11934,1645,16517,24,69,16,16.26923076923077,1.8505485282656915,1.824252265224255,1638.556349186104,898.2071067811866,30869,2.5809451985922576,2.106009086443906,1887.420310216783,896.2071067811866,11934,30801,6.155623100303951,0.8754569503870977,530.5269119345812,606.0,1645,10126,1.8689229278924744,1.815115055421276,1630.3492424049175,898.2071067811866,16517,30869,306,555.0,6.0,270.0,150.0,441.16641528406234,134.0,3.2922866812243456,181.86565349544074,139.0,1.3083859963700772,378.7559484167827,135.0,2.805599617902094,1.625209623244905,2.590583502978787,2.363315614664271,2.59601868618778,3.854558468892998,1.7093620356416634,1.7121098795639595,2.375138573953908
C:\Users\JackM\40xMBPCNP\40xN1N2N3N4lif\HAMI_1104.lif,HAMI_1104,1,Image 2,HAMI_1104_S2_Image_2,19,50375,36015,2,22457,10693,32298,52,173,35,13.585185185185185,1.4661668749132306,3.214416256337495,3278.704581464245,1020.0,52804,1.9446943046711493,3.3332882015775964,3173.290367901872,952.0,22457,43672,4.6630505938464415,2.9796001374104026,3015.3553390593274,1012.0,10693,49862,1.6229797510681776,2.578470132669247,2604.2548339959394,1010.0,32298,52419,169,1087.5,23.0,115.0,82.5,411.0087723204346,134.0,3.0672296441823477,191.28018329748434,139.0,1.3761164266006067,406.51380890457614,135.0,3.0112133992931565,1.625209623244905,2.590583502978787,2.363315614664271,2.59601868618778,3.854558468892998,1.7093620356416634,1.7121098795639595,2.375138573953908
C:\Users\JackM\40xMBPCNP\40xN1N2N3N4lif\HAMI_1104.lif,HAMI_1104,1,Image 2,HAMI_1104_S2_Image_2,20,21254,11573,1,896,1510,11113,49,143,40,8.11214953271028,1.9605979434891558,2.582360851763601,1970.8761543394985,763.2071067811866,22690,13.847098214285714,0.6794476146330586,403.5918830920368,594.0,896,12407,11.33907284768212,0.7613118999791977,508.55634918610406,668.0,1510,17122,2.029694951858184,2.52231368145091,1925.0477272147523,763.2071067811866,11113,22556,155,692.5,11.0,80.0,75.0,200.90625,134.0,1.4993003731343284,166.86622516556292,139.0,1.200476440040021,217.59650859353908,135.0,1.611825989581771,1.625209623244905,2.590583502978787,2.363315614664271,2.59601868618778,3.854558468892998,1.7093620356416634,1.7121098795639595,2.375138573953908
C:\Users\JackM\40xMBPCNP\40xN1N2N3N4lif\HAMI_1104.lif,HAMI_1104,1,Image 2,HAMI_1104_S2_Image_2,21,42147,22116,1,15585,1052,21995,83,192,46,10.12,2.225266775185386,3.275449141136301,3354.059920523572,1024.0,49214,2.913442412576195,3.1187705496883678,3112.533008588991,998.0,15585,45406,18.71958174904943,0.5043519883985194,364.14213562373095,722.0,1052,19693,2.237372130029552,3.2453779563523035,3323.267027304759,1024.0,21995,49211,173,1227.5,17.0,110.0,85.0,227.36772537696504,134.0,1.696774069977351,153.02281368821292,139.0,1.100883551713762,222.70543305296658,135.0,1.649669874466419,1.625209623244905,2.590583502978787,2.363315614664271,2.59601868618778,3.854558468892998,1.7093620356416634,1.7121098795639595,2.375138573953908
C:\Users\JackM\40xMBPCNP\40xN1N2N3N4lif\HAMI_1104.lif,HAMI_1104,1,Image 2,HAMI_1104_S2_Image_2,22,49104,30450,1,1529,23485,12125,82,319,91,9.375,1.846863711001642,3.6493199624824904,4006.9533188057744,1098.0,56237,14.749509483322433,0.8315300344940444,728.4203102167829,876.0,1529,22552,2.353757717692144,3.376516574563376,3680.4030662740797,1090.0,23485,55278,2.9783092783505154,2.2190724158174926,2108.118795026618,950.0,12125,36112,181,1317.5,18.0,95.0,87.5,212.06213211249184,134.0,1.5825532247200884,328.0326165637641,139.0,2.359946881753699,215.90878350515464,135.0,1.5993243222604048,1.625209623244905,2.590583502978787,2.363315614664271,2.59601868618778,3.854558468892998,1.7093620356416634,1.7121098795639595,2.375138573953908
C:\Users\JackM\40xMBPCNP\40xN1N2N3N4lif\HAMI_1104.lif,HAMI_1104,1,Image 2,HAMI_1104_S2_Image_2,23,35268,24697,2,18531,819,24636,53,154,54,10.623188405797102,1.728145118840345,2.467419360306948,2388.4619407771256,968.0,42680,2.263936107063839,3.2376750744540868,3062.840620433566,946.0,18531,41953,20.963369963369964,0.5091718717382613,356.4203102167829,700.0,819,17169,1.7324240948205878,2.440914345586398,2362.805086527633,968.0,24636,42680,172,762.5,12.0,95.0,82.5,369.8941233608548,134.0,2.7604039056780207,162.14163614163616,139.0,1.1664865909470228,288.56182010066567,135.0,2.1374949637086345,1.625209623244905,2.590583502978787,2.363315614664271,2.59601868618778,3.854558468892998,1.7093620356416634,1.7121098795639595,2.375138573953908
C:\Users\JackM\40xMBPCNP\40xN1N2N3N4lif\HAMI_1104.lif,HAMI_1104,1,Image 2,HAMI_1104_S2_Image_2,24,18504,10853,1,2395,1256,10214,32,68,12,11.898305084745763,1.8727540772136737,2.3177635958069103,1617.7989898732235,698.0,20325,6.266388308977035,1.354362589273819,804.4913780286485,594.0,2395,15008,10.984872611464969,0.8008301642240486,461.27817459305203,576.0,1256,13797,1.9726845506168005,2.0670472634286865,1442.7989898732233,698.0,10214,20149,126,565.0,17.0,60.0,60.0,202.51106471816283,134.0,1.5112766023743494,194.5031847133758,139.0,1.3993034871465884,223.96211082827492,135.0,1.6589785987279624,1.625209623244905,2.590583502978787,2.363315614664271,2.59601868618778,3.854558468892998,1.7093620356416634,1.7121098795639595,2.375138573953908
C:\Users\JackM\40xMBPCNP\40xN1N2N3N4lif\HAMI_1104.lif,HAMI_1104,1,Image 2,HAMI_1104_S2_Image_2,25,128341,94499,7,60819,7597,93520,166,799,172,10.358348968105066,1.4584916242499921,4.646649712520153,8075.877200360026,1738.0,137826,2.260839540275243,5.77513162163203,9990.977705423413,1730.0,60819,137502,14.877714887455575,1.7815609174993627,2888.279220613578,1621.2071067811867,7597,113026,1.473759623609923,4.544668906601212,7898.634559672906,1738.0,93520,137826,313,2357.5,26.0,190.0,152.83333333333334,350.01326887979087,134.0,2.6120393199984395,171.95590364617613,139.0,1.2370928319868786,292.17641146278874,135.0,2.164269714539176,1.625209623244905,2.590583502978787,2.363315614664271,2.59601868618778,3.854558468892998,1.7093620356416634,1.7121098795639595,2.375138573953908
C:\Users\JackM\40xMBPCNP\40xN1N2N3N4lif\HAMI_1104.lif,HAMI_1104,1,Image 2,HAMI_1104_S2_Image_2,26,28807,25171,2,2338,20504,19286,21,141,22,11.32183908045977,1.3516348178459339,1.838842163092821,1544.6274169979695,840.0,34022,9.305816937553464,1.1150749366543244,744.8700576850888,668.0,2338,21757,1.580033164260632,2.1219712430032334,1782.455844122716,840.0,20504,32397,1.516696048947423,2.9822084839846847,2177.01219330882,730.0,19286,29251,178,437.5,10.0,85.0,87.5,208.7639007698888,134.0,1.5579395579842448,322.23907530238,139.0,2.3182667287941006,266.8464170901172,135.0,1.9766401265934608,1.625209623244905,2.590583502978787,2.363315614664271,2.59601868618778,3.854558468892998,1.7093620356416634,1.7121098795639595,2.375138573953908
C:\Users\JackM\40xMBPCNP\40xN1N2N3N4lif\HAMI_1104.lif,HAMI_1104,1,Image 2,HAMI_1104_S2_Image_2,27,36514,16061,1,4441,2786,14824,87,233,59,7.5423728813559325,2.2763837868127763,3.1429233459605252,2878.917784899841,916.0,36561,3.5528034226525556,1.5727987289602452,981.426406871193,624.0,4441,15778,8.555994256999282,0.9961176254072738,759.0416305603426,762.0,2786,23837,2.3638694009713976,3.0765152317579676,2762.710678118655,898.0,14824,35042,274,1215.0,11.0,240.0,140.0,217.27831569466338,134.0,1.6214799678706222,185.21859296482413,139.0,1.3325078630562888,203.9576362655154,135.0,1.5107973056704844,1.625209623244905,2.590583502978787,2.363315614664271,2.59601868618778,3.854558468892998,1.7093620356416634,1.7121098795639595,2.375138573953908
C:\Users\JackM\40xMBPCNP\40xN1N2N3N4lif\HAMI_1104.lif,HAMI_1104,1,Image 2,HAMI_1104_S2_Image_2,28,53528,43861,4,29906,13961,41151,54,245,56,11.647398843930636,1.2635370830578418,2.631228517629729,2741.7401153701776,1042.0,55420,1.810038119440915,4.1952439564738,4337.882250993909,1034.0,29906,54131,3.5228135520378197,2.730586063808645,2725.1248916810277,998.0,13961,49182,1.346504337683167,2.8710211865651214,2991.6040764008567,1042.0,41151,55410,293,765.0,8.0,75.0,145.0,363.6277670032769,134.0,2.7136400522632607,281.8417735119261,139.0,2.0276386583591806,308.3446817817307,135.0,2.284034679864672,1.625209623244905,2.590583502978787,2.363315614664271,2.59601868618778,3.854558468892998,1.7093620356416634,1.7121098795639595,2.375138573953908
C:\Users\JackM\40xMBPCNP\40xN1N2N3N4lif\HAMI_1104.lif,HAMI_1104,1,Image 2,HAMI_1104_S2_Image_2,29,37463,27176,2,14664,4723,25229,49,188,49,12.409090909090908,1.678392699440683,2.664270044579222,2760.1837661840736,1036.0,45612,2.345608292416803,2.433967774954823,2273.3259018078047,934.0,14664,34396,9.182722845648952,1.4913062377128776,1506.2193000900063,1010.0,4723,43370,1.7867929763367554,2.404032449344004,2485.7695526217003,1034.0,25229,45079,191,852.5,12.0,60.0,92.5,232.92089470812874,134.0,1.7382156321502145,193.80584374338343,139.0,1.394286645635852,264.89599270680566,135.0,1.9621925385689307,1.625209623244905,2.590583502978787,2.363315614664271,2.59601868618778,3.854558468892998,1.7093620356416634,1.7121098795639595,2.375138573953908
C:\Users\JackM\40xMBPCNP\40xN1N2N3N4lif\HAMI_1104.lif,HAMI_1104,1,Image 2,HAMI_1104_S2_Image_2,30,32960,27404,1,18063,4544,26651,35,175,41,10.945945945945946,1.2328857101153117,2.3401888905122257,2012.562445840514,860.0,33786,1.8694569008470354,3.6118044175984174,3091.704581464245,856.0,18063,33768,6.144146126760563,1.9600823743166387,1536.7045814642447,784.0,4544,27919,1.2670819106224906,2.2377806721263354,1924.4913780286483,860.0,26651,33769,251,622.5,10.0,135.0,122.5,400.6948458174168,134.0,2.990260043413558,227.58956866197184,139.0,1.6373350263451212,352.75820794716896,135.0,2.613023762571622,1.625209623244905,2.590583502978787,2.363315614664271,2.59601868618778,3.854558468892998,1.7093620356416634,1.7121098795639595,2.375138573953908
C:\Users\JackM\40xMBPCNP\40xN1N2N3N4lif\HAMI_1104.lif,HAMI_1104,1,Image 2,HAMI_1104_S2_Image_2,31,34145,16991,3,0,16991,0,49,115,13,12.311827956989248,2.1286563474780764,2.798532580919995,2563.4558441227155,916.0,36168,,,0.0,0.0,0,0,2.1286563474780764,2.798532580919995,2563.4558441227155,916.0,16991,36168,,,0.0,0.0,0,0,142,872.5,13.0,80.0,67.5,134.351362486022,134.0,1.0026221081046418,254.58560414337,139.0,1.831551108945108,138.5188040727444,135.0,1.0260652153536622,1.625209623244905,2.590583502978787,2.363315614664271,2.59601868618778,3.854558468892998,1.7093620356416634,1.7121098795639595,2.375138573953908
C:\Users\JackM\40xMBPCNP\40xN1N2N3N4lif\HAMI_1104.lif,HAMI_1104,1,Image 2,HAMI_1104_S2_Image_2,32,26597,23124,2,3307,16817,17645,21,103,17,14.96,1.2220204116934787,2.088617424216997,1587.3492424049175,760.0,28258,4.9736921681282125,2.0205208660883525,1335.9827560572967,661.2071067811866,3307,16448,1.6573110542903016,2.610779106528334,1978.9705627484773,758.0,16817,27871,1.3601586851799377,2.438549880992677,1804.5269119345812,740.0,17645,24000,139,432.5,16.0,100.0,67.5,201.18899304505595,134.0,1.5014103958586265,323.48153654040556,139.0,2.3272052988518386,232.7737035987532,135.0,1.7242496562870608,1.625209623244905,2.590583502978787,2.363315614664271,2.59601868618778,3.854558468892998,1.7093620356416634,1.7121098795639595,2.375138573953908
C:\Users\JackM\40xMBPCNP\40xN1N2N3N4lif\HAMI_1104.lif,HAMI_1104,1,Image 2,HAMI_1104_S2_Image_2,33,25690,2370,1,7541,1048,1415,64,59,19,4.089743589743589,11.230379746835442,1.0497313827532009,934.2609306503489,890.0,26616,3.3504840206869115,2.0665340698721004,1777.2193000900063,860.0,7541,25266,11.62881679389313,0.8441642788836823,469.3553390593274,556.0,1048,12187,16.38233215547703,0.6413480262504387,536.9411254969543,837.2071067811866,1415,23181,215,505.0,10.0,115.0,131.83333333333334,212.5147858374221,134.0,1.5859312375927022,155.91125954198472,139.0,1.1216637377121204,172.65371024734984,135.0,1.2789163722025914,1.625209623244905,2.590583502978787,2.363315614664271,2.59601868618778,3.854558468892998,1.7093620356416634,1.7121098795639595,2.375138573953908
C:\Users\JackM\40xMBPCNP\40xN1N2N3N4lif\HAMI_1104.lif,HAMI_1104,1,Image 2,HAMI_1104_S2_Image_2,34,29674,22787,1,168,22211,2975,37,202,52,10.536764705882353,1.3171545179268882,2.524216735775792,1963.840620433566,778.0,30014,6.648809523809524,0.47366783345619534,89.62132034355965,189.20710678118655,168,1117,1.3263698167574625,2.390624153715966,1859.9055915910217,778.0,22211,29460,7.49781512605042,1.0665072606714352,774.2842712474619,726.0,2975,22306,123,602.5,26.0,80.0,57.5,217.51785714285714,134.0,1.623267590618337,406.2510918013597,139.0,2.922669725189638,186.74319327731092,135.0,1.3832829131652662,1.625209623244905,2.590583502978787,2.363315614664271,2.59601868618778,3.854558468892998,1.7093620356416634,1.7121098795639595,2.375138573953908
C:\Users\JackM\40xMBPCNP\40xN1N2N3N4lif\HAMI_1104.lif,HAMI_1104,1,Image 2,HAMI_1104_S2_Image_2,35,19806,4104,1,415,703,3479,50,87,33,5.070588235294117,4.3199317738791425,1.8719631171303834,1190.5685424949238,636.0,17729,21.149397590361446,0.48895363892822813,247.89949493661166,507.0,415,8777,18.294452347083926,0.5394341768987834,308.55634918610406,572.0,703,12861,4.110089106064962,1.563037517936589,969.0832611206852,620.0,3479,14299,143,482.5,7.0,40.0,67.5,202.37831325301204,134.0,1.5102859197985974,159.79658605974396,139.0,1.1496157270485177,170.89565967231962,135.0,1.2658937753505157,1.625209623244905,2.590583502978787,2.363315614664271,2.59601868618778,3.854558468892998,1.7093620356416634,1.7121098795639595,2.375138573953908
C:\Users\JackM\40xMBPCNP\40xN1N2N3N4lif\HAMI_1104.lif,HAMI_1104,1,Image 2,HAMI_1104_S2_Image_2,36,17276,8650,1,0,8588,224,36,63,8,11.622641509433961,2.064393063583815,2.3453731525105326,1510.420310216783,644.0,17857,,,0.0,0.0,0,0,2.079296693060084,2.3189756369825822,1493.420310216783,644.0,8588,17857,17.584821428571427,0.30945485883804685,106.20710678118655,343.20710678118655,224,3939,140,547.5,11.0,120.0,67.5,142.37699421965317,134.0,1.0625148822362176,242.7084303679553,139.0,1.7461038155968007,175.46428571428572,135.0,1.2997354497354499,1.625209623244905,2.590583502978787,2.363315614664271,2.59601868618778,3.854558468892998,1.7093620356416634,1.7121098795639595,2.375138573953908
C:\Users\JackM\40xMBPCNP\40xN1N2N3N4lif\HAMI_1104.lif,HAMI_1104,1,Image 2,HAMI_1104_S2_Image_2,37,11964,4953,1,0,3617,2660,19,64,11,9.244444444444444,2.302846759539673,1.8065804683474633,990.0060966544099,548.0,11406,,,0.0,0.0,0,0,2.700027647221454,1.638130228147065,871.4852813742386,532.0,3617,9766,2.64812030075188,1.2459938190415263,606.7989898732233,487.0,2660,7044,124,325.0,7.0,35.0,60.0,150.6567736725217,134.0,1.1243042811382216,206.97898811169478,139.0,1.4890574684294589,171.69323308270677,135.0,1.2718017265385686,1.625209623244905,2.590583502978787,2.363315614664271,2.59601868618778,3.854558468892998,1.7093620356416634,1.7121098795639595,2.375138573953908
C:\Users\JackM\40xMBPCNP\40xN1N2N3N4lif\HAMI_1104.lif,HAMI_1104,1,Image 2,HAMI_1104_S2_Image_2,38,17710,11927,1,3631,2433,11389,26,95,21,11.924242424242424,1.8131131047203823,1.8397487373415293,1471.7989898732235,800.0,21625,4.619388598182319,1.383646456901678,1000.6629509039022,723.2071067811866,3631,16773,6.5565145910398686,1.1326475351659946,767.9350288425444,678.0,2433,15952,1.8987619632979191,1.7964720869120794,1437.1776695296635,800.0,11389,21625,166,432.5,9.0,65.0,80.0,210.27871109887084,134.0,1.5692441126781407,169.51582408549118,139.0,1.2195383027733178,227.54254104838,135.0,1.6855003040620742,1.625209623244905,2.590583502978787,2.363315614664271,2.59601868618778,3.854558468892998,1.7093620356416634,1.7121098795639595,2.375138573953908
C:\Users\JackM\40xMBPCNP\40xN1N2N3N4lif\HAMI_1104.lif,HAMI_1104,1,Image 2,HAMI_1104_S2_Image_2,39,15340,6651,1,8,2640,5589,36,57,12,9.672727272727272,2.0160878063449106,2.1134838586373443,1170.8700576850888,554.0,13409,1.125,1.0287364663067267,7.414213562373096,7.207106781186548,8,9,5.037121212121212,1.616153867156891,895.3492424049175,554.0,2640,13298,1.8543567722311685,1.8979997680397556,956.5918830920368,504.0,5589,10364,155,415.0,8.0,40.0,80.0,198.875,134.0,1.484141791044776,176.60681818181817,139.0,1.2705526487900587,198.730363213455,135.0,1.472076764544111,1.625209623244905,2.590583502978787,2.363315614664271,2.59601868618778,3.854558468892998,1.7093620356416634,1.7121098795639595,2.375138573953908
C:\Users\JackM\40xMBPCNP\40xN1N2N3N4lif\HAMI_1104.lif,HAMI_1104,1,Image 2,HAMI_1104_S2_Image_2,40,13953,7164,1,80,4133,4594,28,83,23,8.656716417910447,1.9599385817978783,2.3410074830152485,1348.420310216783,576.0,14041,38.25,0.14481689994861702,51.03553390593274,352.4142135623731,80,3060,3.009194289862086,1.7959605671857917,933.8994949366116,520.0,4133,12437,2.5548541575968655,1.885093725656787,980.2487373415292,520.0,4594,11737,120,455.0,14.0,60.0,60.0,189.675,134.0,1.4154850746268657,210.34865714977013,139.0,1.513299691724965,190.73204179364387,135.0,1.4128299392121768,1.625209623244905,2.590583502978787,2.363315614664271,2.59601868618778,3.854558468892998,1.7093620356416634,1.7121098795639595,2.375138573953908
C:\Users\JackM\40xMBPCNP\40xN1N2N3N4lif\HAMI_1104.lif,HAMI_1104,1,Image 2,HAMI_1104_S2_Image_2,41,9770,6636,0,0,6636,0,17,52,14,10.102564102564102,1.4790536467751658,1.8542871180019194,886.3492424049175,478.0,9815,,,0.0,0.0,0,0,1.4790536467751658,1.8542871180019194,886.3492424049175,478.0,6636,9815,,,0.0,0.0,0,0,85,272.5,8.0,35.0,40.0,128.08740204942737,134.0,0.9558761346972192,416.6965039180229,139.0,2.9978165749498054,126.57534659433394,135.0,0.9375951599580291,1.625209623244905,2.590583502978787,2.363315614664271,2.59601868618778,3.854558468892998,1.7093620356416634,1.7121098795639595,2.375138573953908
C:\Users\JackM\40xMBPCNP\40xN1N2N3N4lif\HAMI_1104.lif,HAMI_1104,1,Image 2,HAMI_1104_S2_Image_2,42,32912,18804,1,36,17841,3666,40,115,23,12.168539325842696,2.1055094660710485,2.3566987795780863,2205.870057685089,936.0,39592,20.61111111111111,0.06289045027437047,21.207106781186546,337.20710678118655,36,742,2.215122470713525,2.381315023852399,2224.1482322781408,934.0,17841,39520,4.613747954173486,1.2654189672560037,774.698484809835,612.2071067811866,3666,16914,299,732.5,8.0,180.0,147.5,235.88888888888889,134.0,1.7603648424543947,334.7545541169217,139.0,2.4083061447260556,182.3406983087834,135.0,1.3506718393243216,1.625209623244905,2.590583502978787,2.363315614664271,2.59601868618778,3.854558468892998,1.7093620356416634,1.7121098795639595,2.375138573953908
C:\Users\JackM\40xMBPCNP\40xN1N2N3N4lif\HAMI_1104.lif,HAMI_1104,1,Image 2,HAMI_1104_S2_Image_2,43,32504,22170,1,0,4022,20388,73,231,57,8.743315508021391,1.4788903924221921,3.277257007549316,2805.3319984622144,856.0,32787,,,0.0,0.0,0,0,7.626056688214819,1.6529215182316717,1385.1482322781408,838.0,4022,30672,1.4622817343535413,3.186181063602354,2510.710678118655,788.0,20388,29813,139,867.5,21.0,95.0,67.5,153.23730266125395,134.0,1.1435619601586116,188.90551964196916,139.0,1.3590325154098502,215.61997253286248,135.0,1.5971849817249073,1.625209623244905,2.590583502978787,2.363315614664271,2.59601868618778,3.854558468892998,1.7093620356416634,1.7121098795639595,2.375138573953908
C:\Users\JackM\40xMBPCNP\40xN1N2N3N4lif\HAMI_1104.lif,HAMI_1104,1,Image 2,HAMI_1104_S2_Image_2,44,34293,25463,1,15445,6532,23206,46,204,66,11.815068493150685,1.4168793936299728,2.741979381026532,2571.976659402887,938.0,36078,1.5559080608611202,2.2809781279768178,1697.0477272147523,744.0,15445,24031,4.89727495407226,2.4946284270674224,2220.219300090006,890.0,6532,31989,1.4127811772817376,2.358420567819491,2132.01219330882,904.0,23206,32785,145,657.5,18.0,100.0,70.0,243.13803820006476,134.0,1.8144629716422742,183.25627679118188,139.0,1.3183904805120998,256.2798414203223,135.0,1.8983691957060913,1.625209623244905,2.590583502978787,2.363315614664271,2.59601868618778,3.854558468892998,1.7093620356416634,1.7121098795639595,2.375138573953908
C:\Users\JackM\40xMBPCNP\40xN1N2N3N4lif\HAMI_1104.lif,HAMI_1104,1,Image 2,HAMI_1104_S2_Image_2,45,28134,19223,2,0,18087,2954,48,199,49,9.955882352941176,1.6358528845653644,2.552089517566074,2501.0477272147527,980.0,31446,,,0.0,0.0,0,0,1.7385967822192736,2.534144837527679,2483.4619407771256,980.0,18087,31446,2.0815842924847665,1.577525176042451,744.5918830920368,472.0,2954,6149,184,737.5,12.0,55.0,90.0,133.23373042709255,134.0,0.9942815703514369,327.78094764195276,139.0,2.358136313970883,199.93534190927556,135.0,1.4810025326613006,1.625209623244905,2.590583502978787,2.363315614664271,2.59601868618778,3.854558468892998,1.7093620356416634,1.7121098795639595,2.375138573953908
C:\Users\JackM\40xMBPCNP\40xN1N2N3N4lif\HAMI_1104.lif,HAMI_1104,1,Image 2,HAMI_1104_S2_Image_2,46,41926,20217,3,863,18187,2185,69,133,40,11.784,2.339961418608102,3.1202556984624987,3369.8761543394985,1080.0,47307,1.7103128621089223,1.253569860051589,230.65685424949237,184.0,863,1476,2.5911915104195304,2.9292714801283948,3128.4619407771256,1068.0,18187,47126,1.7235697940503432,1.2872397630183043,355.278174593052,276.0,2185,3766,275,1212.5,14.0,230.0,135.0,220.2757821552723,134.0,1.6438491205617336,262.2764062242261,139.0,1.8868806203181734,188.83569794050342,135.0,1.3987829477074327,1.625209623244905,2.590583502978787,2.363315614664271,2.59601868618778,3.854558468892998,1.7093620356416634,1.7121098795639595,2.375138573953908
C:\Users\JackM\40xMBPCNP\40xN1N2N3N4lif\HAMI_1104.lif,HAMI_1104,1,Image 2,HAMI_1104_S2_Image_2,48,7606,5020,1,0,4982,353,18,56,10,8.642857142857142,1.4966135458167331,1.6682146136339349,697.3137084989847,418.0,7513,,,0.0,0.0,0,0,1.5080289040545964,1.6777839916243653,701.3137084989847,418.0,4982,7513,3.9943342776203967,0.7731498885660176,176.27817459305203,228.0,353,1410,135,207.5,4.0,110.0,65.0,150.09342629482072,134.0,1.1201001962300055,254.59955841027698,139.0,1.8316514993545108,194.74220963172806,135.0,1.4425348861609486,1.625209623244905,2.590583502978787,2.363315614664271,2.59601868618778,3.854558468892998,1.7093620356416634,1.7121098795639595,2.375138573953908
C:\Users\JackM\40xMBPCNP\40xN1N2N3N4lif\HAMI_1104.lif,HAMI_1104,1,Image 2,HAMI_1104_S2_Image_2,49,14703,11217,1,0,11217,0,21,109,24,9.971428571428572,1.3703307479718285,1.7542728769090377,1319.2132034355964,752.0,15371,,,0.0,0.0,0,0,1.3703307479718285,1.7542728769090377,1319.2132034355964,752.0,11217,15371,,,0.0,0.0,0,0,164,402.5,8.0,45.0,80.0,128.03343139876972,134.0,0.9554733686475352,339.4164215030757,139.0,2.4418447590149333,134.1503967192654,135.0,0.9937066423649288,1.625209623244905,2.590583502978787,2.363315614664271,2.59601868618778,3.854558468892998,1.7093620356416634,1.7121098795639595,2.375138573953908
C:\Users\JackM\40xMBPCNP\40xN1N2N3N4lif\HAMI_1104.lif,HAMI_1104,1,Image 2,HAMI_1104_S2_Image_2,50,7879,2457,1,0,2457,0,28,39,7,6.285714285714286,2.645095645095645,1.9434253246312705,730.7279220613577,376.0,6499,,,0.0,0.0,0,0,2.645095645095645,1.9434253246312705,730.7279220613577,376.0,2457,6499,,,0.0,0.0,0,0,91,240.0,8.0,20.0,40.333333333333336,127.15506715506716,134.0,0.9489184116049788,168.74765974765975,139.0,1.2140119406306458,139.35531135531136,135.0,1.032261565594899,1.625209623244905,2.590583502978787,2.363315614664271,2.59601868618778,3.854558468892998,1.7093620356416634,1.7121098795639595,2.375138573953908
C:\Users\JackM\40xMBPCNP\40xN1N2N3N4lif\HAMI_1104.lif,HAMI_1104,1,Image 2,HAMI_1104_S2_Image_2,52,31064,21771,1,0,21425,351,52,135,42,13.08411214953271,1.4155068669330761,2.2182474746830585,1774.5979797464468,800.0,30817,,,0.0,0.0,0,0,1.39901983663944,2.091220824253609,1672.976659402887,800.0,21425,29974,1.1994301994301995,1.0836623509808587,117.03553390593274,108.0,351,421,121,637.5,22.0,100.0,57.5,127.41614992421111,134.0,0.9508667904791874,371.56611435239205,139.0,2.6731375133265614,161.2108262108262,135.0,1.1941542682283424,1.625209623244905,2.590583502978787,2.363315614664271,2.59601868618778,3.854558468892998,1.7093620356416634,1.7121098795639595,2.375138573953908
C:\Users\JackM\40xMBPCNP\40xN1N2N3N4lif\HAMI_1104.lif,HAMI_1104,1,Image 2,HAMI_1104_S2_Image_2,53,6593,3340,2,0,3340,0,10,35,20,7.7407407407407405,1.4449101796407187,1.4306400863494202,483.55634918610406,338.0,4826,,,0.0,0.0,0,0,1.4449101796407187,1.4306400863494202,483.55634918610406,338.0,3340,4826,,,0.0,0.0,0,0,62,137.5,9.0,45.0,27.5,128.16047904191618,134.0,0.9564214853874341,334.4829341317365,139.0,2.4063520441132122,142.8191616766467,135.0,1.057919716123309,1.625209623244905,2.590583502978787,2.363315614664271,2.59601868618778,3.854558468892998,1.7093620356416634,1.7121098795639595,2.375138573953908
C:\Users\JackM\40xMBPCNP\40xN1N2N3N4lif\HAMI_1104.lif,HAMI_1104,1,Image 2,HAMI_1104_S2_Image_2,54,8195,4122,1,0,4122,0,15,31,4,11.846153846153847,1.7964580300824842,1.9804248272877292,815.9350288425444,412.0,7405,,,0.0,0.0,0,0,1.7964580300824842,1.9804248272877292,815.9350288425444,412.0,4122,7405,,,0.0,0.0,0,0,74,292.5,9.0,35.0,35.0,120.86778262979136,134.0,0.901998377834264,219.6887433284813,139.0,1.5804945563200095,129.61111111111111,135.0,0.960082304526749,1.625209623244905,2.590583502978787,2.363315614664271,2.59601868618778,3.854558468892998,1.7093620356416634,1.7121098795639595,2.375138573953908
C:\Users\JackM\40xMBPCNP\40xN1N2N3N4lif\HAMI_1104.lif,HAMI_1104,2,Image 3,HAMI_1104_S3_Image_3,1,52487,48217,2,34284,9222,47686,34,231,54,13.348993288590604,1.1072650724848083,1.985785864726041,2132.734018715768,1074.0,53389,1.5502275113755688,4.236582269809214,4550.089357775096,1074.0,34284,53148,5.592062459336369,3.157915661460248,3366.338095116624,1066.0,9222,51570,1.119594849641404,2.019531340226152,2168.976659402887,1074.0,47686,53389,182,517.5,17.0,120.0,87.5,351.8352584295881,144.0,2.4433004057610286,169.4604207330297,143.0,1.185037907223984,319.1468984607642,137.0,2.3295394048230964,1.3075791704133688,2.0191530505243853,1.7680902045830238,2.703428407244751,2.798193587300477,2.0256398777824836,1.4305819763003584,2.0395602176650276
C:\Users\JackM\40xMBPCNP\40xN1N2N3N4lif\HAMI_1104.lif,HAMI_1104,2,Image 3,HAMI_1104_S3_Image_3,2,27269,20532,2,16419,3184,19765,27,156,29,10.930693069306932,1.3839372686538087,2.1319601348609414,1769.5269119345812,830.0,28415,1.7026006455935196,2.6148117721297286,2159.834523779156,826.0,16419,27955,6.077261306532663,1.7475411530616496,1097.455844122716,628.0,3184,19350,1.379357450037946,2.0287180660496924,1659.4913780286483,818.0,19765,27263,171,480.0,12.0,90.0,82.5,485.9454290760704,144.0,3.374621035250489,157.9428391959799,143.0,1.1044953789928664,281.9985833544144,137.0,2.0583838201052145,1.3075791704133688,2.0191530505243853,1.7680902045830238,2.703428407244751,2.798193587300477,2.0256398777824836,1.4305819763003584,2.0395602176650276
C:\Users\JackM\40xMBPCNP\40xN1N2N3N4lif\HAMI_1104.lif,HAMI_1104,2,Image 3,HAMI_1104_S3_Image_3,3,9133,7140,2,4879,514,7003,14,66,20,11.044444444444444,1.2589635854341736,1.9245909572140165,870.3137084989849,452.20710678118655,8989,1.6486985037917605,1.66587990958664,751.6568542494924,451.20710678118655,4879,8044,8.410505836575876,0.7101184463531092,213.03553390593274,300.0,514,4323,1.2804512351849207,1.8957644887431433,857.2781745930521,452.20710678118655,7003,8967,95,202.5,10.0,50.0,45.0,283.3974175035868,144.0,1.968037621552686,153.4669260700389,143.0,1.0731952872030692,273.97486791375127,137.0,1.9998165541149728,1.3075791704133688,2.0191530505243853,1.7680902045830238,2.703428407244751,2.798193587300477,2.0256398777824836,1.4305819763003584,2.0395602176650276
C:\Users\JackM\40xMBPCNP\40xN1N2N3N4lif\HAMI_1104.lif,HAMI_1104,2,Image 3,HAMI_1104_S3_Image_3,4,13061,8787,1,1457,8752,183,14,26,2,14.695652173913043,1.6371913053374303,1.0331205739469729,626.0710678118655,606.0,14386,2.442690459849005,0.9279442484216752,285.0710678118655,307.20710678118655,1457,3559,1.6437385740402193,1.023219583847963,620.0710678118655,606.0,8752,14386,4.475409836065574,0.5322934977257344,87.82842712474618,165.0,183,819,134,247.5,9.0,60.0,47.35294117647059,297.95332875772135,144.0,2.069120338595287,370.1894424131627,143.0,2.588737359532606,162.98907103825135,137.0,1.1897012484543894,1.3075791704133688,2.0191530505243853,1.7680902045830238,2.703428407244751,2.798193587300477,2.0256398777824836,1.4305819763003584,2.0395602176650276
C:\Users\JackM\40xMBPCNP\40xN1N2N3N4lif\HAMI_1104.lif,HAMI_1104,2,Image 3,HAMI_1104_S3_Image_3,5,23107,15793,1,0,15793,0,23,67,10,13.176470588235293,1.5698727284239853,1.5962695688053963,1225.9350288425444,768.0,24793,,,0.0,0.0,0,0,1.5698727284239853,1.5962695688053963,1225.9350288425444,768.0,15793,24793,,,0.0,0.0,0,0,124,422.5,10.0,65.0,60.0,138.01431013740265,144.0,0.9584327092875183,379.6420566073577,143.0,2.654839556694809,139.08598746279998,137.0,1.015226185859854,1.3075791704133688,2.0191530505243853,1.7680902045830238,2.703428407244751,2.798193587300477,2.0256398777824836,1.4305819763003584,2.0395602176650276
C:\Users\JackM\40xMBPCNP\40xN1N2N3N4lif\HAMI_1104.lif,HAMI_1104,2,Image 3,HAMI_1104_S3_Image_3,6,51455,48319,6,37805,8291,48061,23,89,16,19.1875,1.1008092054885241,1.5322170381367277,1605.7634559672906,1048.0,53190,1.3810871577833619,3.77421815226643,3887.4446968344228,1030.0,37805,52212,5.970691110843083,2.6746837444721665,2738.8761543394985,1024.0,8291,49503,1.1026195876074156,1.5404000665992945,1608.1776695296635,1044.0,48061,52993,164,437.5,9.0,115.0,80.0,700.4077502975797,144.0,4.863942710399859,184.75708599686408,143.0,1.2920075943836649,396.23678242233825,137.0,2.8922392877542937,1.3075791704133688,2.0191530505243853,1.7680902045830238,2.703428407244751,2.798193587300477,2.0256398777824836,1.4305819763003584,2.0395602176650276
C:\Users\JackM\40xMBPCNP\40xN1N2N3N4lif\HAMI_1104.lif,HAMI_1104,2,Image 3,HAMI_1104_S3_Image_3,7,48839,36427,5,25079,21365,26200,35,133,19,16.35164835164835,1.342383396930848,2.2681276721338985,2445.0416305603426,1078.0,48899,1.5487060887595199,2.6988647332117526,2396.5918830920364,888.0,25079,38840,2.197472501755207,2.871804347428231,3095.805086527633,1078.0,21365,46949,1.3889312977099237,1.8608132786947353,1730.556349186104,930.0,26200,36390,278,732.5,8.0,35.0,135.0,702.2285577574863,144.0,4.87658720664921,258.5942429206646,143.0,1.8083513490955567,356.82492366412214,137.0,2.6045614865994318,1.3075791704133688,2.0191530505243853,1.7680902045830238,2.703428407244751,2.798193587300477,2.0256398777824836,1.4305819763003584,2.0395602176650276
C:\Users\JackM\40xMBPCNP\40xN1N2N3N4lif\HAMI_1104.lif,HAMI_1104,2,Image 3,HAMI_1104_S3_Image_3,8,41783,33485,3,26390,4105,33203,35,188,23,12.23015873015873,1.284366134089891,2.189773873043039,2137.219300090006,976.0,43007,1.5557029177718833,3.0081272450072225,2827.639610306789,940.0,26390,41055,7.008526187576127,1.7296190659320143,1494.3908729652603,864.0,4105,28770,1.2947022859380177,2.1583995694123432,2106.597979746447,976.0,33203,42988,153,607.5,15.0,130.0,75.0,276.58556271314893,144.0,1.9207330743968676,166.93520097442143,143.0,1.1673790277931568,301.837364093606,137.0,2.20319243863946,1.3075791704133688,2.0191530505243853,1.7680902045830238,2.703428407244751,2.798193587300477,2.0256398777824836,1.4305819763003584,2.0395602176650276
C:\Users\JackM\40xMBPCNP\40xN1N2N3N4lif\HAMI_1104.lif,HAMI_1104,2,Image 3,HAMI_1104_S3_Image_3,9,23477,18999,1,1115,5977,18349,16,93,24,13.952380952380953,1.3917048265698195,1.84643615685923,1510.3847763108502,818.0,26441,9.408071748878923,0.6472595769082158,383.1776695296637,592.0,1115,10490,3.7445206625397356,2.6227015635488273,1954.455844122716,745.2071067811866,5977,22381,1.437299035369775,1.7121715760221319,1400.556349186104,818.0,18349,26373,141,455.0,13.0,25.0,67.5,225.34170403587444,144.0,1.5648729446935725,169.61017232725447,143.0,1.1860851211696117,337.7640743364761,137.0,2.465431199536322,1.3075791704133688,2.0191530505243853,1.7680902045830238,2.703428407244751,2.798193587300477,2.0256398777824836,1.4305819763003584,2.0395602176650276
C:\Users\JackM\40xMBPCNP\40xN1N2N3N4lif\HAMI_1104.lif,HAMI_1104,2,Image 3,HAMI_1104_S3_Image_3,10,9513,8053,3,1533,7778,1974,9,29,7,12.0,1.1808021855209239,1.2234221680981652,587.2426406871193,480.0,9509,2.4853228962818004,0.9456752676784164,287.4852813742386,304.0,1533,3810,1.2120082283363331,1.284270307225637,616.4497474683058,480.0,7778,9427,2.7563323201621075,1.216607034407246,445.27817459305203,366.0,1974,5441,94,212.5,11.0,45.0,45.0,253.11872146118722,144.0,1.7577688990360223,368.780149138596,143.0,2.5788821618083637,202.90932117527862,137.0,1.4810899355859752,1.3075791704133688,2.0191530505243853,1.7680902045830238,2.703428407244751,2.798193587300477,2.0256398777824836,1.4305819763003584,2.0395602176650276
C:\Users\JackM\40xMBPCNP\40xN1N2N3N4lif\HAMI_1104.lif,HAMI_1104,2,Image 3,HAMI_1104_S3_Image_3,12,26749,23781,4,1822,4337,23352,28,186,61,9.641666666666667,1.1261090786762542,2.3125755349409687,1799.1837661840736,778.0,26780,8.861141602634468,0.9965852890353635,671.698484809835,674.0,1822,16145,5.496887249250634,2.100669749012345,1604.9116882454314,764.0,4337,23840,1.1467968482356972,2.2487492441318526,1749.5269119345812,778.0,23352,26780,126,487.5,14.0,70.0,60.0,208.0098792535675,144.0,1.4445130503719965,176.30919990777033,143.0,1.2329314678865058,307.6536913326482,137.0,2.245647381990133,1.3075791704133688,2.0191530505243853,1.7680902045830238,2.703428407244751,2.798193587300477,2.0256398777824836,1.4305819763003584,2.0395602176650276
C:\Users\JackM\40xMBPCNP\40xN1N2N3N4lif\HAMI_1104.lif,HAMI_1104,2,Image 3,HAMI_1104_S3_Image_3,13,24122,21499,4,2463,5717,21106,34,137,29,11.536082474226804,1.2224289501837295,2.145935675535663,1592.2842712474621,742.0,26281,4.794559480308567,1.5739762012393372,837.3553390593274,532.0,2463,11809,4.064194507608886,2.7433015216583265,1931.284271247462,704.0,5717,23235,1.2449066616128115,2.0987658642149083,1557.284271247462,742.0,21106,26275,133,452.5,16.0,70.0,65.0,206.11043442955744,144.0,1.431322461316371,186.71033758964492,143.0,1.3056666964310835,303.4958305695063,137.0,2.2152980333540606,1.3075791704133688,2.0191530505243853,1.7680902045830238,2.703428407244751,2.798193587300477,2.0256398777824836,1.4305819763003584,2.0395602176650276
C:\Users\JackM\40xMBPCNP\40xN1N2N3N4lif\HAMI_1104.lif,HAMI_1104,2,Image 3,HAMI_1104_S3_Image_3,14,11163,10046,1,5317,7215,6817,14,52,18,13.027027027027026,1.2119251443360541,1.4188298023176724,749.1421356237311,528.0,12175,2.1309008839571186,1.919242493566173,998.0060966544099,520.0,5317,11330,1.6142758142758142,1.3979404871758994,732.5208152801713,524.0,7215,11647,1.6651019510048408,1.817456085512068,945.0771644662753,520.0,6817,11351,91,237.5,9.0,55.0,42.5,413.4513823584728,144.0,2.8711901552671724,333.74137214137215,143.0,2.3338557492403647,277.19290010268446,137.0,2.02330584016558,1.3075791704133688,2.0191530505243853,1.7680902045830238,2.703428407244751,2.798193587300477,2.0256398777824836,1.4305819763003584,2.0395602176650276
C:\Users\JackM\40xMBPCNP\40xN1N2N3N4lif\HAMI_1104.lif,HAMI_1104,2,Image 3,HAMI_1104_S3_Image_3,15,30154,27069,2,19488,7444,26655,31,65,16,14.377358490566039,1.3175588311352469,1.749453632002591,1420.556349186104,812.0,35665,1.8201457307060755,3.2480315945568163,2630.905591591021,810.0,19488,35471,4.425174637291779,2.805583770343047,2227.6335136523794,794.0,7444,32941,1.338022885012193,1.6304618581804733,1323.9350288425444,812.0,26655,35665,149,512.5,9.0,85.0,72.5,465.24107142857144,144.0,3.2308407738095237,195.64306824288016,143.0,1.3681333443558052,409.4048396173326,137.0,2.988356493557172,1.3075791704133688,2.0191530505243853,1.7680902045830238,2.703428407244751,2.798193587300477,2.0256398777824836,1.4305819763003584,2.0395602176650276
C:\Users\JackM\40xMBPCNP\40xN1N2N3N4lif\HAMI_1104.lif,HAMI_1104,2,Image 3,HAMI_1104_S3_Image_3,16,31181,29734,2,24744,10416,27162,10,54,12,24.972972972972972,1.1697047151409161,1.4661208849193943,1260.863961030679,860.0,34780,1.4003798900743614,1.8388751921334994,1574.0771644662755,856.0,24744,34651,3.074020737327189,2.4475501382954725,2070.6274169979697,846.0,10416,32019,1.2800235623297254,1.555456265297006,1337.6923881554253,860.0,27162,34768,147,392.5,14.0,95.0,70.0,1050.746524409958,144.0,7.296850863958042,271.6514976958525,143.0,1.8996608230479197,503.5667844783153,137.0,3.6756699596957323,1.3075791704133688,2.0191530505243853,1.7680902045830238,2.703428407244751,2.798193587300477,2.0256398777824836,1.4305819763003584,2.0395602176650276
C:\Users\JackM\40xMBPCNP\40xN1N2N3N4lif\HAMI_1104.lif,HAMI_1104,2,Image 3,HAMI_1104_S3_Image_3,17,52232,46422,6,26883,11293,44243,51,254,61,13.219653179190752,1.3065141527723925,2.4237940817921713,2661.3259018078043,1098.0,60651,1.9734776624632668,3.8069117471259553,4065.78174593052,1068.0,26883,53053,5.07429381032498,3.4703271470423833,3747.953318805774,1080.0,11293,57304,1.3286847636914314,2.233259376162676,2452.118795026618,1098.0,44243,58785,192,777.5,21.0,120.0,92.5,447.22408213369044,144.0,3.1057227925950723,186.02638802798194,143.0,1.3008838323635101,315.42384105960264,137.0,2.3023638033547638,1.3075791704133688,2.0191530505243853,1.7680902045830238,2.703428407244751,2.798193587300477,2.0256398777824836,1.4305819763003584,2.0395602176650276
C:\Users\JackM\40xMBPCNP\40xN1N2N3N4lif\HAMI_1104.lif,HAMI_1104,2,Image 3,HAMI_1104_S3_Image_3,18,35884,32836,4,28925,4276,31482,9,21,4,34.23529411764706,1.243695943476672,1.3021605611864415,1239.6568542494924,952.0,40838,1.3769403630077788,1.5309183269995024,1448.2487373415292,946.0,28925,39828,8.159728718428438,1.4163924317627952,1266.254833995939,894.0,4276,34891,1.2580204561336636,1.212807415273964,1125.4852813742386,928.0,31482,39605,175,442.5,9.0,95.0,85.0,1000.99709593777,144.0,6.95136872179007,237.03274087932647,143.0,1.6575716145407446,553.4087097388984,137.0,4.039479633130646,1.3075791704133688,2.0191530505243853,1.7680902045830238,2.703428407244751,2.798193587300477,2.0256398777824836,1.4305819763003584,2.0395602176650276
C:\Users\JackM\40xMBPCNP\40xN1N2N3N4lif\HAMI_1104.lif,HAMI_1104,2,Image 3,HAMI_1104_S3_Image_3,19,24412,18729,1,275,17628,2191,48,147,46,8.77570093457944,1.2929147311655722,1.9348627354054777,1400.8406204335658,724.0,24215,10.236363636363636,0.39476767192619644,118.03553390593274,299.0,275,2815,1.3628885863399138,1.9299997308748544,1397.3198051533946,724.0,17628,24025,1.505705157462346,1.265326859368741,372.0060966544099,294.0,2191,3299,112,467.5,14.0,85.0,52.5,214.40727272727273,144.0,1.488939393939394,471.1171999092353,143.0,3.294525873491156,180.0187129164765,137.0,1.3140052037699013,1.3075791704133688,2.0191530505243853,1.7680902045830238,2.703428407244751,2.798193587300477,2.0256398777824836,1.4305819763003584,2.0395602176650276
C:\Users\JackM\40xMBPCNP\40xN1N2N3N4lif\HAMI_1104.lif,HAMI_1104,2,Image 3,HAMI_1104_S3_Image_3,20,47502,38328,3,27842,14211,32639,29,106,15,19.75,1.5203245668962637,1.9559951962975055,2229.8345237791564,1140.0,58271,2.0029811076790462,2.769561754316609,3024.361435713737,1092.0,27842,55767,3.008514530997115,2.3136826611238,2253.526911934581,974.0,14211,42754,1.685253837433745,1.9541666335415988,2130.0416305603426,1090.0,32639,55005,190,772.5,11.0,110.0,92.5,759.8358594928525,144.0,5.276637913144809,294.9962704946872,143.0,2.0629109824803304,443.3137044639848,137.0,3.235866455941495,1.3075791704133688,2.0191530505243853,1.7680902045830238,2.703428407244751,2.798193587300477,2.0256398777824836,1.4305819763003584,2.0395602176650276
C:\Users\JackM\40xMBPCNP\40xN1N2N3N4lif\HAMI_1104.lif,HAMI_1104,2,Image 3,HAMI_1104_S3_Image_3,21,45933,33373,1,27063,5286,32593,57,178,36,12.524590163934427,1.4917747880022774,2.510821993454488,2626.3198051533946,1046.0,49785,1.809518530835458,3.119976585842414,3244.7756492761105,1040.0,27063,48971,6.898032538781687,1.6043100408074402,1562.5979797464468,974.0,5286,36463,1.5136992605774247,2.487911414014653,2602.3553390593274,1046.0,32593,49336,169,832.5,12.0,105.0,82.5,620.7092340095334,144.0,4.3104807917328705,175.16666666666666,143.0,1.224941724941725,359.05016414567547,137.0,2.620804117851646,1.3075791704133688,2.0191530505243853,1.7680902045830238,2.703428407244751,2.798193587300477,2.0256398777824836,1.4305819763003584,2.0395602176650276
C:\Users\JackM\40xMBPCNP\40xN1N2N3N4lif\HAMI_1104.lif,HAMI_1104,2,Image 3,HAMI_1104_S3_Image_3,22,16273,11773,1,1707,10913,4115,12,40,7,18.862068965517242,1.6999915059882782,1.7721895363734783,1112.9350288425444,628.0,20014,4.0357352079671935,1.020001913803219,434.5208152801713,426.0,1707,6889,1.8332264271969212,1.6804924242116521,1055.3492424049175,628.0,10913,20006,3.3424058323207775,1.1872182414968542,619.7279220613578,522.0,4115,13754,116,382.5,10.0,65.0,55.0,213.20562390158173,144.0,1.4805946104276508,323.29671034545953,143.0,2.2608161562619546,204.09283110571081,137.0,1.4897286942022687,1.3075791704133688,2.0191530505243853,1.7680902045830238,2.703428407244751,2.798193587300477,2.0256398777824836,1.4305819763003584,2.0395602176650276
C:\Users\JackM\40xMBPCNP\40xN1N2N3N4lif\HAMI_1104.lif,HAMI_1104,2,Image 3,HAMI_1104_S3_Image_3,23,20002,15337,0,10196,7360,14035,25,54,18,16.976744186046513,1.4588250635717546,1.7038848395620925,1239.0771644662755,727.2071067811866,22374,2.2413691643781877,2.063207629456755,1518.5208152801715,736.0,10196,22853,2.0947010869565217,1.7260402693050354,980.3908729652601,568.0,7360,15417,1.5941574634841469,1.5818240742868719,1150.3137084989849,727.2071067811866,14035,22374,215,427.5,7.0,195.0,107.25,495.92359748921143,144.0,3.443913871452857,468.240625,143.0,3.274409965034965,400.82778767367296,137.0,2.9257502749903135,1.3075791704133688,2.0191530505243853,1.7680902045830238,2.703428407244751,2.798193587300477,2.0256398777824836,1.4305819763003584,2.0395602176650276
C:\Users\JackM\40xMBPCNP\40xN1N2N3N4lif\HAMI_1104.lif,HAMI_1104,2,Image 3,HAMI_1104_S3_Image_3,24,10087,8608,2,6061,3688,6406,20,62,11,11.130434782608695,1.2073652416356877,1.9610476343732448,921.6923881554251,470.0,10393,1.6950998185117967,2.243082419875594,1054.2487373415292,470.0,6061,10274,2.3351409978308024,1.5803317074439605,685.8639610306789,434.0,3688,8612,1.6070871058382765,1.7768981609015555,835.1421356237311,470.0,6406,10295,88,262.5,8.0,55.0,40.0,314.0930539514932,144.0,2.181201763552036,240.8495119305857,143.0,1.6842623211929069,342.59241336247266,137.0,2.5006745500910412,1.3075791704133688,2.0191530505243853,1.7680902045830238,2.703428407244751,2.798193587300477,2.0256398777824836,1.4305819763003584,2.0395602176650276
C:\Users\JackM\40xMBPCNP\40xN1N2N3N4lif\HAMI_1104.lif,HAMI_1104,2,Image 3,HAMI_1104_S3_Image_3,25,48902,39864,2,29491,10923,38686,54,255,54,12.1301775147929,1.3350140477623922,2.2952402210342076,2570.6690475583123,1120.0,53219,1.7827811874809263,3.7206630630364748,4077.8467170879762,1096.0,29491,52576,4.361439165064542,2.477369993687566,2626.01219330882,1060.0,10923,47640,1.3528925192576127,2.47034441120717,2707.4974746830585,1096.0,38686,52338,175,707.5,16.0,130.0,85.0,566.2916143908311,144.0,3.9325806554918827,210.7371601208459,143.0,1.47368643441151,320.1834772269038,137.0,2.337105673189079,1.3075791704133688,2.0191530505243853,1.7680902045830238,2.703428407244751,2.798193587300477,2.0256398777824836,1.4305819763003584,2.0395602176650276
C:\Users\JackM\40xMBPCNP\40xN1N2N3N4lif\HAMI_1104.lif,HAMI_1104,2,Image 3,HAMI_1104_S3_Image_3,26,26024,13982,2,149,7549,8415,52,196,52,7.871428571428571,1.8621799456444,3.4978962658705783,2616.4264068711927,748.0,26037,8.40268456375839,0.17251551639236248,57.82842712474619,335.20710678118655,149,1252,3.3518346800900782,2.345117957591097,1754.1482322781408,748.0,7549,25303,2.3536541889483065,2.761904932515382,1751.0477272147523,634.0,8415,19806,211,852.5,11.0,90.0,102.5,223.98657718120805,144.0,1.555462341536167,200.71453172605644,143.0,1.4035981239584365,192.47153891859773,137.0,1.4049017439313702,1.3075791704133688,2.0191530505243853,1.7680902045830238,2.703428407244751,2.798193587300477,2.0256398777824836,1.4305819763003584,2.0395602176650276
C:\Users\JackM\40xMBPCNP\40xN1N2N3N4lif\HAMI_1104.lif,HAMI_1104,2,Image 3,HAMI_1104_S3_Image_3,27,13242,9966,2,82,9966,56,20,64,15,11.76086956521739,1.3390527794501303,1.755183314580043,947.7989898732233,540.0,13345,1.1097560975609757,0.9592524268451488,42.207106781186546,44.0,82,91,1.3390527794501303,1.755183314580043,947.7989898732233,540.0,9966,13345,1.125,0.9941518740541342,35.207106781186546,35.41421356237309,56,63,98,337.5,16.0,60.0,47.5,200.5487804878049,144.0,1.392699864498645,272.61770018061407,143.0,1.906417483780518,176.16071428571428,137.0,1.285844629822732,1.3075791704133688,2.0191530505243853,1.7680902045830238,2.703428407244751,2.798193587300477,2.0256398777824836,1.4305819763003584,2.0395602176650276
C:\Users\JackM\40xMBPCNP\40xN1N2N3N4lif\HAMI_1104.lif,HAMI_1104,2,Image 3,HAMI_1104_S3_Image_3,29,24807,20220,2,10212,16586,11350,21,85,16,17.157894736842106,1.3904549950544016,1.6825652286679182,1447.0060966544097,860.0,28115,1.9740501370936154,1.8051067425498055,1317.727922061358,730.0,10212,20159,1.6730375015072954,1.9295171817568024,1659.3847763108502,860.0,16586,27749,1.586431718061674,1.5641529805321794,1107.420310216783,708.0,11350,18006,219,450.0,7.0,175.0,107.5,463.6981981981982,144.0,3.2201263763763763,300.6191969130592,143.0,2.1022321462451696,255.49744493392072,137.0,1.864944853532268,1.3075791704133688,2.0191530505243853,1.7680902045830238,2.703428407244751,2.798193587300477,2.0256398777824836,1.4305819763003584,2.0395602176650276
C:\Users\JackM\40xMBPCNP\40xN1N2N3N4lif\HAMI_1104.lif,HAMI_1104,2,Image 3,HAMI_1104_S3_Image_3,40,63907,57847,8,38857,19797,56407,38,262,55,10.959770114942529,1.2091724722111779,2.202882361195536,2793.2548339959394,1268.0,69947,1.7724991635998661,4.856049293312328,6147.758405333407,1266.0,38857,68874,3.1804313784916904,2.2721750820574105,2703.8883476483184,1190.0,19797,62963,1.2391192582480899,2.486985390128595,3153.4974746830585,1268.0,56407,69895,205,777.5,12.0,115.0,100.0,555.3314203361042,144.0,3.8564681967785015,323.69555993332324,143.0,2.2636053142190438,334.7351037991739,137.0,2.443321925541415,1.3075791704133688,2.0191530505243853,1.7680902045830238,2.703428407244751,2.798193587300477,2.0256398777824836,1.4305819763003584,2.0395602176650276
C:\Users\JackM\40xMBPCNP\40xN1N2N3N4lif\HAMI_1104.lif,HAMI_1104,2,Image 3,HAMI_1104_S3_Image_3,44,45951,40867,3,27195,31292,29365,23,105,18,19.076923076923077,1.1787995203954291,1.5821156524489544,1730.8345237791561,1094.0,48174,1.7360911932340504,3.318623984597197,3630.574639149334,1094.0,27195,47213,1.480729899015723,1.5221036077303134,1622.562445840514,1066.0,31292,46335,1.6082751575004257,3.023102539387749,3283.0893577750953,1086.0,29365,47227,174,617.5,16.0,110.0,85.0,281.2031623460195,144.0,1.9527997385140243,334.74737952192254,143.0,2.34089076588757,254.9943470117487,137.0,1.861272605925173,1.3075791704133688,2.0191530505243853,1.7680902045830238,2.703428407244751,2.798193587300477,2.0256398777824836,1.4305819763003584,2.0395602176650276
C:\Users\JackM\40xMBPCNP\40xN1N2N3N4lif\HAMI_1104.lif,HAMI_1104,2,Image 3,HAMI_1104_S3_Image_3,45,29336,24706,5,9283,19573,12545,32,134,19,13.673913043478262,1.2325750829757953,1.9945883873737247,1611.6274169979695,808.0,30452,2.2169557255197674,2.3106155682854355,1534.2487373415292,664.0,9283,20580,1.465641444847494,2.197539160687273,1762.426406871193,802.0,19573,28687,2.068951773614986,2.2720043590852836,1740.3553390593274,766.0,12545,25955,125,472.5,14.0,95.0,60.0,305.5047937089303,144.0,2.1215610674231273,311.1177131763143,143.0,2.17564834389031,227.2943802311678,137.0,1.6590830673807868,1.3075791704133688,2.0191530505243853,1.7680902045830238,2.703428407244751,2.798193587300477,2.0256398777824836,1.4305819763003584,2.0395602176650276
C:\Users\JackM\40xMBPCNP\40xN1N2N3N4lif\HAMI_1104.lif,HAMI_1104,2,Image 3,HAMI_1104_S3_Image_3,46,40621,28438,3,0,26647,5694,71,234,50,11.22289156626506,1.4934594556579226,3.0408739047043563,2961.811183182043,974.0,42471,,,0.0,0.0,0,0,1.5690321612188989,2.9576333417186804,2827.4974746830585,956.0,26647,41810,5.46259220231823,1.8476585397498373,1540.9472221513643,834.0,5694,31104,162,952.5,20.0,90.0,77.5,139.92274421548632,144.0,0.971685723718655,291.5006567343416,143.0,2.0384661310093817,183.12767825781523,137.0,1.3366983814439068,1.3075791704133688,2.0191530505243853,1.7680902045830238,2.703428407244751,2.798193587300477,2.0256398777824836,1.4305819763003584,2.0395602176650276
C:\Users\JackM\40xMBPCNP\40xN1N2N3N4lif\HAMI_1104.lif,HAMI_1104,2,Image 3,HAMI_1104_S3_Image_3,47,45296,35777,3,28290,6661,34381,44,110,21,16.741176470588236,1.3140565167565754,1.9013100782157764,1905.112698372208,1002.0,47013,1.6579710144927535,3.492171860517921,3513.124891681028,1006.0,28290,46904,5.786368413151179,1.9160579503852126,1728.284271247462,902.0,6661,38543,1.3514441115732527,1.7578041967598748,1761.3198051533946,1002.0,34381,46464,161,627.5,15.0,105.0,77.5,621.067868504772,144.0,4.3129713090609165,197.01080918780963,143.0,1.377697966348319,379.40033739565456,137.0,2.769345528435435,1.3075791704133688,2.0191530505243853,1.7680902045830238,2.703428407244751,2.798193587300477,2.0256398777824836,1.4305819763003584,2.0395602176650276
C:\Users\JackM\40xMBPCNP\40xN1N2N3N4lif\HAMI_1104.lif,HAMI_1104,2,Image 3,HAMI_1104_S3_Image_3,48,2891,2891,0,44,2891,182,2,0,0,14.0,1.0200622621930129,0.9967504376278138,243.20710678118655,244.0,2949,8.590909090909092,0.20517766952966368,24.621320343559642,120.0,44,378,1.0200622621930129,0.9967504376278138,243.20710678118655,244.0,2891,2949,5.269230769230769,0.5226332521472477,83.62132034355963,160.0,182,959,44,92.5,8.0,30.0,20.0,204.27272727272728,144.0,1.4185606060606062,759.3808370805949,143.0,5.310355504060104,173.74175824175825,137.0,1.2681880163631989,1.3075791704133688,2.0191530505243853,1.7680902045830238,2.703428407244751,2.798193587300477,2.0256398777824836,1.4305819763003584,2.0395602176650276
C:\Users\JackM\40xMBPCNP\40xN1N2N3N4lif\HAMI_1104.lif,HAMI_1104,2,Image 3,HAMI_1104_S3_Image_3,49,14117,12707,1,5369,10607,5621,11,69,11,14.681818181818182,1.1194617140158967,1.604447583087868,888.8639610306789,554.0,14225,2.2320730117340286,1.8475957627812067,1016.1776695296637,550.0,5369,11984,1.3195059866126142,2.0569340154526996,1131.3137084989849,550.0,10607,13996,2.13574097135741,1.7566383926528226,973.1776695296637,554.0,5621,12005,92,267.5,13.0,60.0,42.5,329.28347923263175,144.0,2.286690828004387,341.8148392570944,143.0,2.3903135612384223,256.75395837039673,137.0,1.8741164844554505,1.3075791704133688,2.0191530505243853,1.7680902045830238,2.703428407244751,2.798193587300477,2.0256398777824836,1.4305819763003584,2.0395602176650276
C:\Users\JackM\40xMBPCNP\40xN1N2N3N4lif\HAMI_1104.lif,HAMI_1104,2,Image 3,HAMI_1104_S3_Image_3,50,17096,17096,4,515,17096,336,3,3,0,22.0,1.0092419279363594,1.0,612.0,612.0,17254,17.29126213592233,0.5874825066638725,272.5918830920368,464.0,515,8905,1.0092419279363594,1.0,612.0,612.0,17096,17254,27.133928571428573,0.3114246995063225,161.07106781186548,517.2071067811866,336,9117,97,257.5,22.0,70.0,45.0,203.79223300970872,144.0,1.4152238403451995,463.30913664014975,143.0,3.2399240324485996,183.99107142857142,137.0,1.3430005213764338,1.3075791704133688,2.0191530505243853,1.7680902045830238,2.703428407244751,2.798193587300477,2.0256398777824836,1.4305819763003584,2.0395602176650276
C:\Users\JackM\40xMBPCNP\40xN1N2N3N4lif\HAMI_1104.lif,HAMI_1104,2,Image 3,HAMI_1104_S3_Image_3,51,44474,35831,5,25849,8476,33654,68,333,94,10.313084112149532,1.2877396667689989,3.4712232211487084,3429.568542494924,988.0,46141,1.737746141049944,4.142512446182652,4067.9472221513643,982.0,25849,44919,5.01805096743747,2.4604039798159496,2347.225396744416,954.0,8476,42533,1.3696143103345813,3.6091925617347256,3565.8822509939087,988.0,33654,46093,153,882.5,17.0,110.0,75.0,525.5563077875353,144.0,3.6496965818578837,211.38308164228408,143.0,1.4782033681278608,314.4564687704285,137.0,2.2953026917549524,1.3075791704133688,2.0191530505243853,1.7680902045830238,2.703428407244751,2.798193587300477,2.0256398777824836,1.4305819763003584,2.0395602176650276
C:\Users\JackM\40xMBPCNP\40xN1N2N3N4lif\HAMI_1104.lif,HAMI_1104,2,Image 3,HAMI_1104_S3_Image_3,52,77617,64559,2,51086,7839,63262,68,350,90,11.4149377593361,1.272541396242197,2.9139189695734533,3840.5452018978112,1318.0,82154,1.5913557530438869,4.290476464517294,5646.267027304759,1316.0,51086,81296,9.69843092231152,1.8977052574839814,2478.4030662740797,1306.0,7839,76026,1.2973507002624007,2.8902319163357224,3803.545201897811,1316.0,63262,82073,218,1092.5,20.0,125.0,105.0,657.1352621070351,144.0,4.563439320187744,175.26980482204362,143.0,1.2256629707835218,357.5434067844836,137.0,2.6098058889378364,1.3075791704133688,2.0191530505243853,1.7680902045830238,2.703428407244751,2.798193587300477,2.0256398777824836,1.4305819763003584,2.0395602176650276
C:\Users\JackM\40xMBPCNP\40xN1N2N3N4lif\HAMI_1104.lif,HAMI_1104,2,Image 3,HAMI_1104_S3_Image_3,53,10695,9785,3,2587,9771,3174,8,28,8,15.391304347826088,1.1098620337250895,1.2116730319593096,586.4497474683059,484.0,10860,3.5952841128720525,1.3340892692747133,616.3492424049175,462.0,2587,9301,1.1098147579572204,1.2083231965387318,584.8284271247462,484.0,9771,10844,2.974795211090107,1.3861866132435932,626.5563491861041,452.0,3174,9442,81,207.5,11.0,70.0,37.5,248.67645921917278,144.0,1.7269198556887,384.31102241326374,143.0,2.6874896672256208,202.93163201008193,137.0,1.4812527883947586,1.3075791704133688,2.0191530505243853,1.7680902045830238,2.703428407244751,2.798193587300477,2.0256398777824836,1.4305819763003584,2.0395602176650276
C:\Users\JackM\40xMBPCNP\40xN1N2N3N4lif\HAMI_1104.lif,HAMI_1104,2,Image 3,HAMI_1104_S3_Image_3,54,16637,12147,1,6,12147,0,22,40,12,14.594594594594595,1.4305589857578003,1.5826187655722441,971.7279220613578,614.0,17377,1.3333333333333333,0.6434604401514741,5.414213562373095,8.414213562373096,6,8,1.4305589857578003,1.5826187655722441,971.7279220613578,614.0,12147,17377,,,0.0,0.0,0,0,97,352.5,12.0,65.0,45.0,199.0,144.0,1.3819444444444444,313.30040339178396,143.0,2.190911911830657,142.23154776598372,137.0,1.0381864800436769,1.3075791704133688,2.0191530505243853,1.7680902045830238,2.703428407244751,2.798193587300477,2.0256398777824836,1.4305819763003584,2.0395602176650276
C:\Users\JackM\40xMBPCNP\40xN1N2N3N4lif\HAMI_1104.lif,HAMI_1104,2,Image 3,HAMI_1104_S3_Image_3,55,6962,4478,1,0,4399,142,10,56,12,11.066666666666666,1.4383653416703885,2.2333189416525476,839.7279220613578,376.0,6441,,,0.0,0.0,0,0,1.463287110706979,2.1524300757951726,809.3137084989849,376.0,4399,6437,2.7183098591549295,0.699517988967389,83.24264068711929,119.0,142,386,70,182.5,9.0,40.0,32.5,134.0044662795891,144.0,0.9305865713860355,223.87997272107296,143.0,1.565594214832678,175.8943661971831,137.0,1.2839004831911176,1.3075791704133688,2.0191530505243853,1.7680902045830238,2.703428407244751,2.798193587300477,2.0256398777824836,1.4305819763003584,2.0395602176650276
C:\Users\JackM\40xMBPCNP\40xN1N2N3N4lif\HAMI_1104.lif,HAMI_1104,2,Image 3,HAMI_1104_S3_Image_3,57,11842,6628,2,7617,597,6414,25,106,29,6.2894736842105265,1.7018708509354254,2.02262082289104,1027.4913780286483,508.0,11280,1.513456741499278,1.728361480192163,891.834523779156,516.0,7617,11528,11.793969849246231,0.5558577980402218,254.14213562373095,457.20710678118655,597,7041,1.7561584034923605,1.8863863607233502,958.2842712474619,508.0,6414,11264,84,355.0,12.0,50.0,42.5,299.9707233819089,144.0,2.0831300234854786,153.35175879396985,143.0,1.0723899216361528,220.00265045213595,137.0,1.60585876242435,1.3075791704133688,2.0191530505243853,1.7680902045830238,2.703428407244751,2.798193587300477,2.0256398777824836,1.4305819763003584,2.0395602176650276
C:\Users\JackM\40xMBPCNP\40xN1N2N3N4lif\HAMI_1104.lif,HAMI_1104,2,Image 3,HAMI_1104_S3_Image_3,58,19738,13090,1,11165,162,13090,19,27,5,21.91304347826087,1.5611153552330024,1.6909145965187755,1163.3492424049175,688.0,20435,1.851500223914017,2.309659351513673,1598.284271247462,692.0,11165,20672,13.617283950617283,0.26499089136814746,65.24264068711929,246.20710678118655,162,2206,1.5611153552330024,1.6909145965187755,1163.3492424049175,688.0,13090,20435,183,402.5,7.0,135.0,90.0,532.2207792207793,144.0,3.695977633477634,143.37037037037038,143.0,1.0025900025900027,343.4381207028266,137.0,2.506847596370997,1.3075791704133688,2.0191530505243853,1.7680902045830238,2.703428407244751,2.798193587300477,2.0256398777824836,1.4305819763003584,2.0395602176650276
C:\Users\JackM\40xMBPCNP\40xN1N2N3N4lif\HAMI_1104.lif,HAMI_1104,2,Image 3,HAMI_1104_S3_Image_3,59,7919,4656,2,5003,1228,4572,18,48,8,8.75,1.5833333333333333,1.7756114535952803,703.142135623731,396.0,7372,1.451129322406556,1.6784276668192981,674.7279220613578,402.0,5003,7260,3.1359934853420195,0.972483902440231,314.31370849898474,323.20710678118655,1228,3851,1.5842082239720034,1.7885149109747982,697.5208152801713,390.0,4572,7243,68,170.0,9.0,45.0,37.5,382.7813312012792,144.0,2.6582036888977725,175.90553745928338,143.0,1.2301086535614223,221.0100612423447,137.0,1.6132121258565306,1.3075791704133688,2.0191530505243853,1.7680902045830238,2.703428407244751,2.798193587300477,2.0256398777824836,1.4305819763003584,2.0395602176650276
C:\Users\JackM\40xMBPCNP\40xN1N2N3N4lif\HAMI_1104.lif,HAMI_1104,2,Image 3,HAMI_1104_S3_Image_3,60,14467,9059,1,0,9059,0,19,31,5,16.866666666666667,1.6120984656143063,1.9779519704596666,1119.5208152801713,566.0,14604,,,0.0,0.0,0,0,1.6120984656143063,1.9779519704596666,1119.5208152801713,566.0,9059,14604,,,0.0,0.0,0,0,112,397.5,11.0,75.0,52.5,136.96257865106523,144.0,0.9511290184101752,290.35743459542994,143.0,2.0304715705974123,132.16690583949662,137.0,0.9647219404342819,1.3075791704133688,2.0191530505243853,1.7680902045830238,2.703428407244751,2.798193587300477,2.0256398777824836,1.4305819763003584,2.0395602176650276
C:\Users\JackM\40xMBPCNP\40xN1N2N3N4lif\HAMI_1104.lif,HAMI_1104,2,Image 3,HAMI_1104_S3_Image_3,61,41535,33868,8,26720,18412,30740,53,216,55,12.706666666666667,1.2641136175741112,2.6534888181635585,2589.805086527633,976.0,42813,1.5885479041916168,3.5058631192183314,3414.710678118655,974.0,26720,42446,2.0451336085161853,2.5285010860509254,2371.734018715768,938.0,18412,37655,1.3877358490566039,3.448862046900712,3366.089357775095,976.0,30740,42659,166,747.5,16.0,105.0,80.0,287.1435254491018,144.0,1.994052260063207,306.09482945904847,143.0,2.140523282930409,253.15322055953155,137.0,1.8478337267119092,1.3075791704133688,2.0191530505243853,1.7680902045830238,2.703428407244751,2.798193587300477,2.0256398777824836,1.4305819763003584,2.0395602176650276
C:\Users\JackM\40xMBPCNP\40xN1N2N3N4lif\HAMI_1104.lif,HAMI_1104,2,Image 3,HAMI_1104_S3_Image_3,62,24269,22916,2,17537,3263,22712,15,70,19,15.736842105263158,1.2253883749345436,1.4736576868381503,1255.5563491861042,852.0,28081,1.5338997548041284,2.473380052996942,2107.3198051533946,852.0,17537,26900,7.0370824394728775,1.182003110131647,973.9705627484772,824.0,3263,22962,1.2363948573441352,1.4915064037174772,1270.7634559672906,852.0,22712,28081,152,422.5,13.0,75.0,72.5,589.8894337686036,144.0,4.096454401170858,162.61293288384923,143.0,1.1371533768101345,362.9446988376189,137.0,2.64923137837678,1.3075791704133688,2.0191530505243853,1.7680902045830238,2.703428407244751,2.798193587300477,2.0256398777824836,1.4305819763003584,2.0395602176650276
C:\Users\JackM\40xMBPCNP\40xN1N2N3N4lif\HAMI_1104.lif,HAMI_1104,2,Image 3,HAMI_1104_S3_Image_3,63,25192,19664,2,16799,3704,18493,26,113,19,14.121621621621621,1.5547701383238406,2.123390423787342,1896.6274169979695,893.2071067811866,30573,1.7502827549258884,2.193914922563381,1928.9055915910214,879.2071067811866,16799,29403,4.904427645788337,1.6681338114798943,1074.278174593052,644.0,3704,18166,1.602552317092954,2.0490261607799964,1797.420310216783,877.2071067811866,18493,29636,185,632.5,13.0,80.0,90.0,657.6274778260611,144.0,4.566857484903202,173.18331533477323,143.0,1.2110721352082043,326.7813226626291,137.0,2.3852651289243,1.3075791704133688,2.0191530505243853,1.7680902045830238,2.703428407244751,2.798193587300477,2.0256398777824836,1.4305819763003584,2.0395602176650276
C:\Users\JackM\40xMBPCNP\40xN1N2N3N4lif\HAMI_1104.lif,HAMI_1104,2,Image 3,HAMI_1104_S3_Image_3,64,23778,18881,2,13787,4182,17570,18,78,17,16.26530612244898,1.2771569302473387,2.0647611975739157,1453.5918830920368,704.0,24114,1.7583955900485966,3.081162986553363,2206.112698372208,716.0,13787,24243,4.674557627929221,1.1174699946895397,704.0060966544099,630.0,4182,19549,1.3676152532726238,2.1790364070459414,1534.0416305603426,704.0,17570,24029,120,422.5,11.0,80.0,57.5,540.2956408210633,144.0,3.752053061257384,267.74007651841225,143.0,1.8723082274014842,361.7239043824701,137.0,2.640320469945037,1.3075791704133688,2.0191530505243853,1.7680902045830238,2.703428407244751,2.798193587300477,2.0256398777824836,1.4305819763003584,2.0395602176650276
C:\Users\JackM\40xMBPCNP\40xN1N2N3N4lif\HAMI_1104.lif,HAMI_1104,3,Image 4,HAMI_1104_S4_Image_4,1,13121,3442,1,30,3442,0,15,22,4,9.428571428571429,2.1252178965717605,1.3863061157822407,601.6568542494924,434.0,7315,4.933333333333334,0.25193661250384786,20.207106781186546,80.20710678118655,30,148,2.1252178965717605,1.3863061157822407,601.6568542494924,434.0,3442,7315,,,0.0,0.0,0,0,124,217.5,6.0,65.0,66.75,209.7,128.0,1.63828125,220.81667635095874,137.0,1.6118005573062681,126.35502614758862,125.0,1.010840209180709,2.237206371317463,2.588423871916251,2.372539981562387,2.089805446040849,2.781802724702982,2.394517649956868,2.1641256533664546,2.2053284771213653
C:\Users\JackM\40xMBPCNP\40xN1N2N3N4lif\HAMI_1104.lif,HAMI_1104,3,Image 4,HAMI_1104_S4_Image_4,2,8866,2625,0,0,2625,0,17,25,7,9.208333333333334,2.1028571428571428,1.5121882646039093,556.4852813742386,368.0,5520,,,0.0,0.0,0,0,2.1028571428571428,1.5121882646039093,556.4852813742386,368.0,2625,5520,,,0.0,0.0,0,0,121,200.0,5.0,35.0,57.22222222222222,124.39809523809524,128.0,0.971860119047619,166.2167619047619,137.0,1.2132610358011817,121.63657142857143,125.0,0.9730925714285714,2.237206371317463,2.588423871916251,2.372539981562387,2.089805446040849,2.781802724702982,2.394517649956868,2.1641256533664546,2.2053284771213653
C:\Users\JackM\40xMBPCNP\40xN1N2N3N4lif\HAMI_1104.lif,HAMI_1104,3,Image 4,HAMI_1104_S4_Image_4,3,40899,16464,1,0,16464,0,22,54,7,20.333333333333332,3.4792274052478134,1.737719837802337,2109.5918830920373,1214.0,57282,,,0.0,0.0,0,0,3.4792274052478134,1.737719837802337,2109.5918830920373,1214.0,16464,57282,,,0.0,0.0,0,0,201,717.5,12.0,50.0,97.5,129.14443634596697,128.0,1.008940908952867,296.88295675413025,137.0,2.167028881417009,128.47977405247812,125.0,1.027838192419825,2.237206371317463,2.588423871916251,2.372539981562387,2.089805446040849,2.781802724702982,2.394517649956868,2.1641256533664546,2.2053284771213653
C:\Users\JackM\40xMBPCNP\40xN1N2N3N4lif\HAMI_1104.lif,HAMI_1104,3,Image 4,HAMI_1104_S4_Image_4,4,45857,20273,1,0,20273,0,46,103,23,14.35,2.2427366447985007,2.7180991492023066,2712.662950903902,998.0,45467,,,0.0,0.0,0,0,2.2427366447985007,2.7180991492023066,2712.662950903902,998.0,20273,45467,,,0.0,0.0,0,0,187,962.5,11.0,80.0,90.0,133.5326789325704,128.0,1.0432240541607063,310.1646524934642,137.0,2.263975565645724,132.77788191190254,125.0,1.0622230552952203,2.237206371317463,2.588423871916251,2.372539981562387,2.089805446040849,2.781802724702982,2.394517649956868,2.1641256533664546,2.2053284771213653
C:\Users\JackM\40xMBPCNP\40xN1N2N3N4lif\HAMI_1104.lif,HAMI_1104,3,Image 4,HAMI_1104_S4_Image_4,5,37089,16403,1,0,16403,0,27,66,20,17.75,2.599524477229775,2.137772642691201,2261.7634559672906,1058.0,42640,,,0.0,0.0,0,0,2.599524477229775,2.137772642691201,2261.7634559672906,1058.0,16403,42640,,,0.0,0.0,0,0,171,777.5,11.0,80.0,82.5,131.50978479546424,128.0,1.0274201937145644,303.90879717124915,137.0,2.2183123881113076,130.0141437541913,125.0,1.0401131500335306,2.237206371317463,2.588423871916251,2.372539981562387,2.089805446040849,2.781802724702982,2.394517649956868,2.1641256533664546,2.2053284771213653
C:\Users\JackM\40xMBPCNP\40xN1N2N3N4lif\HAMI_1104.lif,HAMI_1104,3,Image 4,HAMI_1104_S4_Image_4,6,28465,6972,1,0,6972,0,48,70,11,9.951612903225806,3.953241537578887,2.1124533995966384,1846.284271247462,874.0,27562,,,0.0,0.0,0,0,3.953241537578887,2.1124533995966384,1846.284271247462,874.0,6972,27562,,,0.0,0.0,0,0,141,687.5,12.0,95.0,67.5,130.08921399885256,128.0,1.0163219843660356,199.6285140562249,137.0,1.4571424383666052,133.09251290877796,125.0,1.0647401032702237,2.237206371317463,2.588423871916251,2.372539981562387,2.089805446040849,2.781802724702982,2.394517649956868,2.1641256533664546,2.2053284771213653
C:\Users\JackM\40xMBPCNP\40xN1N2N3N4lif\HAMI_1104.lif,HAMI_1104,3,Image 4,HAMI_1104_S4_Image_4,7,38889,18054,1,0,18054,0,41,67,12,16.3,2.5772681954137586,2.183126800515263,2453.834523779156,1124.0,46530,,,0.0,0.0,0,0,2.5772681954137586,2.183126800515263,2453.834523779156,1124.0,18054,46530,,,0.0,0.0,0,0,193,897.5,14.0,105.0,92.5,130.7415531184225,128.0,1.0214183837376758,283.7674199623352,137.0,2.071295036221425,128.7634319264429,125.0,1.0301074554115432,2.237206371317463,2.588423871916251,2.372539981562387,2.089805446040849,2.781802724702982,2.394517649956868,2.1641256533664546,2.2053284771213653
C:\Users\JackM\40xMBPCNP\40xN1N2N3N4lif\HAMI_1104.lif,HAMI_1104,3,Image 4,HAMI_1104_S4_Image_4,8,73382,53951,6,2810,38035,33565,91,405,82,10.56989247311828,1.456043446831384,3.1718173029906165,4453.2314933988255,1404.0,78555,4.2398576512455515,1.2994132662141606,683.4913780286485,526.0,2810,11914,1.9526488760352307,3.1174536843820326,4289.616269709677,1376.0,38035,74269,1.6171905258453747,3.2590644263695663,3689.260930650349,1132.0,33565,54281,217,1342.5,18.0,160.0,105.0,207.8608540925267,128.0,1.6239129225978648,315.02736952806623,137.0,2.2994698505698263,252.884790704603,125.0,2.023078325636824,2.237206371317463,2.588423871916251,2.372539981562387,2.089805446040849,2.781802724702982,2.394517649956868,2.1641256533664546,2.2053284771213653
C:\Users\JackM\40xMBPCNP\40xN1N2N3N4lif\HAMI_1104.lif,HAMI_1104,3,Image 4,HAMI_1104_S4_Image_4,10,50228,23819,2,199,6747,20926,77,183,47,10.910344827586206,2.1167135480078927,3.138824838615614,3327.154328932551,1060.0,50418,22.115577889447238,0.32891588990445,128.9350288425444,392.0,199,4401,6.756929005483919,2.3113170116886863,2260.4680374315353,978.0,6747,45589,2.052852910255185,2.537738427759421,2532.662950903902,998.0,20926,42958,293,1125.0,11.0,75.0,144.9090909090909,195.79396984924622,128.0,1.5296403894472361,183.9128501556247,137.0,1.3424295631797425,221.74357258912357,125.0,1.7739485807129887,2.237206371317463,2.588423871916251,2.372539981562387,2.089805446040849,2.781802724702982,2.394517649956868,2.1641256533664546,2.2053284771213653
C:\Users\JackM\40xMBPCNP\40xN1N2N3N4lif\HAMI_1104.lif,HAMI_1104,3,Image 4,HAMI_1104_S4_Image_4,11,19293,5145,1,0,2033,3538,54,80,32,5.621951219512195,3.467055393586006,1.932909481949732,1148.1482322781408,594.0,17838,,,0.0,0.0,0,0,8.481554353172651,1.1854658513693372,689.9411254969543,582.0,2033,17243,2.941209723007349,1.6141565527315422,723.142135623731,448.0,3538,10406,181,502.5,12.0,130.0,99.13793103448276,142.27560738581147,128.0,1.111528182701652,205.41023118544024,137.0,1.4993447531783959,179.92594686263425,125.0,1.439407574901074,2.237206371317463,2.588423871916251,2.372539981562387,2.089805446040849,2.781802724702982,2.394517649956868,2.1641256533664546,2.2053284771213653
C:\Users\JackM\40xMBPCNP\40xN1N2N3N4lif\HAMI_1104.lif,HAMI_1104,3,Image 4,HAMI_1104_S4_Image_4,12,43355,21800,1,1164,12100,17307,109,209,65,8.972527472527473,2.2357798165137615,2.930001669149637,3064.78174593052,1046.0,48740,3.6443298969072164,0.9548431580268539,406.0060966544099,425.20710678118655,1164,4242,3.7939669421487605,2.001709347121982,2037.7401153701776,1018.0,12100,45907,2.5839833593343733,2.7117027198446704,2695.4325035256024,994.0,17307,44721,319,1190.0,11.0,110.0,162.5,194.85996563573883,128.0,1.5223434815292096,366.0025619834711,137.0,2.6715515473246065,219.4848327266424,125.0,1.7558786618131392,2.237206371317463,2.588423871916251,2.372539981562387,2.089805446040849,2.781802724702982,2.394517649956868,2.1641256533664546,2.2053284771213653
C:\Users\JackM\40xMBPCNP\40xN1N2N3N4lif\HAMI_1104.lif,HAMI_1104,3,Image 4,HAMI_1104_S4_Image_4,13,28780,10753,1,0,10753,0,41,119,22,11.546511627906977,2.7366316376825073,3.051866466823994,2380.4558441227155,780.0,29427,,,0.0,0.0,0,0,2.7366316376825073,3.051866466823994,2380.4558441227155,780.0,10753,29427,,,0.0,0.0,0,0,125,787.5,17.0,60.0,60.0,131.78034037012927,128.0,1.029533909141635,224.6418673858458,137.0,1.6397216597506994,131.50674230447316,125.0,1.0520539384357852,2.237206371317463,2.588423871916251,2.372539981562387,2.089805446040849,2.781802724702982,2.394517649956868,2.1641256533664546,2.2053284771213653
C:\Users\JackM\40xMBPCNP\40xN1N2N3N4lif\HAMI_1104.lif,HAMI_1104,3,Image 4,HAMI_1104_S4_Image_4,15,23917,14354,1,0,13746,1014,36,111,22,10.941176470588236,1.6789745018810087,2.5916036823597595,1907.420310216783,736.0,24100,,,0.0,0.0,0,0,1.7222464717008585,2.4743591960204547,1796.3847763108502,726.0,13746,23674,6.263313609467455,0.5077065117324341,256.89949493661163,506.0,1014,6351,122,612.5,12.0,65.0,57.5,137.7583948725094,128.0,1.0762374599414797,350.09799214316894,137.0,2.555459796665467,185.60059171597632,125.0,1.4848047337278105,2.237206371317463,2.588423871916251,2.372539981562387,2.089805446040849,2.781802724702982,2.394517649956868,2.1641256533664546,2.2053284771213653
C:\Users\JackM\40xMBPCNP\40xN1N2N3N4lif\HAMI_1104.lif,HAMI_1104,3,Image 4,HAMI_1104_S4_Image_4,16,31317,18380,1,0,18380,0,59,223,60,9.864864864864865,1.9011969532100108,3.1664627892170283,2780.154328932551,878.0,34944,,,0.0,0.0,0,0,1.9011969532100108,3.1664627892170283,2780.154328932551,878.0,18380,34944,,,0.0,0.0,0,0,139,877.5,18.0,80.0,67.5,132.61789989118608,128.0,1.0360773428998913,334.99532100108814,137.0,2.445221321175826,134.06942328618064,125.0,1.072555386289445,2.237206371317463,2.588423871916251,2.372539981562387,2.089805446040849,2.781802724702982,2.394517649956868,2.1641256533664546,2.2053284771213653
C:\Users\JackM\40xMBPCNP\40xN1N2N3N4lif\HAMI_1104.lif,HAMI_1104,3,Image 4,HAMI_1104_S4_Image_4,17,33634,13696,1,0,13633,97,33,65,8,16.576923076923077,3.484521028037383,1.8436061619564386,2230.7634559672906,1210.0,47724,,,0.0,0.0,0,0,3.5006234871268247,1.8353416991465212,2220.7634559672906,1210.0,13633,47724,1.824742268041237,0.6981822604215879,42.03553390593274,60.207106781186546,97,177,214,797.5,16.0,90.0,105.0,131.88492990654206,128.0,1.0303510148948598,219.5202083180518,137.0,1.6023372869930788,178.77319587628867,125.0,1.4301855670103094,2.237206371317463,2.588423871916251,2.372539981562387,2.089805446040849,2.781802724702982,2.394517649956868,2.1641256533664546,2.2053284771213653
C:\Users\JackM\40xMBPCNP\40xN1N2N3N4lif\HAMI_1104.lif,HAMI_1104,3,Image 4,HAMI_1104_S4_Image_4,18,66206,44937,2,24429,21578,36064,83,283,60,13.0,1.803280147762423,3.256988465464926,4436.018289963229,1362.0,81034,1.741413893323509,2.6551511193256174,2517.083261120685,948.0,24429,42541,3.6976550190008344,3.1254220778914035,4219.319805153395,1350.0,21578,79788,2.0818267524401066,2.942676359511091,3901.988852711707,1326.0,36064,75079,254,1455.0,22.0,130.0,125.0,265.8777682262884,128.0,2.0771700642678783,248.80674761330985,137.0,1.8161076468124806,264.0503826530612,125.0,2.1124030612244895,2.237206371317463,2.588423871916251,2.372539981562387,2.089805446040849,2.781802724702982,2.394517649956868,2.1641256533664546,2.2053284771213653
C:\Users\JackM\40xMBPCNP\40xN1N2N3N4lif\HAMI_1104.lif,HAMI_1104,3,Image 4,HAMI_1104_S4_Image_4,19,33398,18775,1,7163,3382,17291,43,127,30,12.415730337078651,1.7338482023968043,2.899964263640493,2470.7695526217003,852.0,32553,3.0575177998045513,2.181763503912317,1531.5979797464465,702.0,7163,21901,8.132465996451804,1.5697919133982687,1262.1126983722081,804.0,3382,27504,1.822624486727199,2.4898953908042962,2121.3908729652603,852.0,17291,31515,151,802.5,14.0,70.0,72.5,211.07315370654754,128.0,1.6490090133324027,174.04819633353046,137.0,1.2704247907556967,252.1008617199699,125.0,2.0168068937597594,2.237206371317463,2.588423871916251,2.372539981562387,2.089805446040849,2.781802724702982,2.394517649956868,2.1641256533664546,2.2053284771213653
C:\Users\JackM\40xMBPCNP\40xN1N2N3N4lif\HAMI_1104.lif,HAMI_1104,3,Image 4,HAMI_1104_S4_Image_4,21,37122,22097,1,0,22097,22,55,198,44,10.73758865248227,1.766981943250215,2.915853194363948,2653.4264068711927,910.0,39045,,,0.0,0.0,0,0,1.766981943250215,2.915853194363948,2653.4264068711927,910.0,22097,39045,1.2727272727272727,0.9611597470365016,19.621320343559645,20.414213562373096,22,28,147,892.5,18.0,85.0,70.0,138.1596144272978,128.0,1.0793719877132641,306.7049825768204,137.0,2.2387225005607325,173.5,125.0,1.388,2.237206371317463,2.588423871916251,2.372539981562387,2.089805446040849,2.781802724702982,2.394517649956868,2.1641256533664546,2.2053284771213653
C:\Users\JackM\40xMBPCNP\40xN1N2N3N4lif\HAMI_1104.lif,HAMI_1104,3,Image 4,HAMI_1104_S4_Image_4,22,28686,15020,1,0,15020,0,21,68,12,18.918367346938776,2.392010652463382,2.168108322547672,2150.7634559672906,992.0,35928,,,0.0,0.0,0,0,2.392010652463382,2.168108322547672,2150.7634559672906,992.0,15020,35928,,,0.0,0.0,0,0,189,852.5,14.0,100.0,92.5,129.7053262316911,128.0,1.0133228611850866,233.95579227696405,137.0,1.7077065129705404,130.58568575233022,125.0,1.0446854860186419,2.237206371317463,2.588423871916251,2.372539981562387,2.089805446040849,2.781802724702982,2.394517649956868,2.1641256533664546,2.2053284771213653
C:\Users\JackM\40xMBPCNP\40xN1N2N3N4lif\HAMI_1104.lif,HAMI_1104,3,Image 4,HAMI_1104_S4_Image_4,23,26497,15947,1,0,2155,15582,33,95,14,12.871428571428572,1.7780773813256412,2.357926497542822,1801.455844122716,764.0,28355,,,0.0,0.0,0,0,7.612064965197216,1.1262234573695953,696.0060966544099,618.0,2155,16404,1.8165190604543704,2.3013261825073252,1758.2132034355964,764.0,15582,28305,121,552.5,13.0,80.0,57.5,140.0126669593027,128.0,1.0938489606195523,174.49791183294664,137.0,1.2737073856419463,277.60852265434477,125.0,2.220868181234758,2.237206371317463,2.588423871916251,2.372539981562387,2.089805446040849,2.781802724702982,2.394517649956868,2.1641256533664546,2.2053284771213653
C:\Users\JackM\40xMBPCNP\40xN1N2N3N4lif\HAMI_1104.lif,HAMI_1104,3,Image 4,HAMI_1104_S4_Image_4,24,14188,3241,1,0,3241,0,30,36,8,8.0,4.0302375809935205,1.8155273635386113,980.3847763108502,540.0,13062,,,0.0,0.0,0,0,4.0302375809935205,1.8155273635386113,980.3847763108502,540.0,3241,13062,,,0.0,0.0,0,0,125,327.5,5.0,50.0,60.0,132.98056155507558,128.0,1.038910637149028,175.58778154890467,137.0,1.2816626390430998,133.30638691761803,125.0,1.0664510953409443,2.237206371317463,2.588423871916251,2.372539981562387,2.089805446040849,2.781802724702982,2.394517649956868,2.1641256533664546,2.2053284771213653
C:\Users\JackM\40xMBPCNP\40xN1N2N3N4lif\HAMI_1104.lif,HAMI_1104,3,Image 4,HAMI_1104_S4_Image_4,25,51294,24052,1,0,23167,1343,69,164,28,12.234848484848484,2.7657159487776486,2.920756707137552,3954.704581464245,1354.0,66521,,,0.0,0.0,0,0,2.742176371562999,2.9019655266407134,3720.3198051533946,1282.0,23167,63528,6.763961280714818,0.7148411910071706,458.21320343559637,641.0,1343,9084,420,1267.5,18.0,15.0,207.5,131.54024613337768,128.0,1.0276581729170131,258.29412526438466,137.0,1.8853585785721507,172.44899478778854,125.0,1.3795919583023082,2.237206371317463,2.588423871916251,2.372539981562387,2.089805446040849,2.781802724702982,2.394517649956868,2.1641256533664546,2.2053284771213653
C:\Users\JackM\40xMBPCNP\40xN1N2N3N4lif\HAMI_1104.lif,HAMI_1104,3,Image 4,HAMI_1104_S4_Image_4,26,58695,36904,2,14103,11690,34412,87,353,96,9.823045267489713,1.7610015174506828,3.589908746342784,4300.710678118655,1198.0,64988,2.3568035169822026,3.3980046514188196,2949.4680374315353,868.0,14103,33238,5.544311377245509,2.964724637203821,3551.7401153701776,1198.0,11690,64813,1.8330814832035336,3.33043539691145,3936.574639149334,1182.0,34412,63080,203,1300.0,17.0,100.0,97.5,213.59753243990642,128.0,1.6687307221867689,178.1159110350727,137.0,1.3001161389421365,240.70466697663605,125.0,1.9256373358130885,2.237206371317463,2.588423871916251,2.372539981562387,2.089805446040849,2.781802724702982,2.394517649956868,2.1641256533664546,2.2053284771213653
C:\Users\JackM\40xMBPCNP\40xN1N2N3N4lif\HAMI_1104.lif,HAMI_1104,3,Image 4,HAMI_1104_S4_Image_4,27,14165,6994,1,0,6640,1906,38,90,21,8.191176470588236,2.020875035744924,2.1748961063499084,1303.2132034355964,599.2071067811866,14134,,,0.0,0.0,0,0,2.120632530120482,2.1468969827472275,1282.1421356237308,597.2071067811866,6640,14081,4.670514165792235,1.4297172598247612,631.9350288425444,442.0,1906,8902,164,542.5,7.0,70.0,80.0,148.35201601372606,128.0,1.1590001251072348,224.7281626506024,137.0,1.640351552194178,179.19150052465898,125.0,1.433532004197272,2.237206371317463,2.588423871916251,2.372539981562387,2.089805446040849,2.781802724702982,2.394517649956868,2.1641256533664546,2.2053284771213653
C:\Users\JackM\40xMBPCNP\40xN1N2N3N4lif\HAMI_1104.lif,HAMI_1104,3,Image 4,HAMI_1104_S4_Image_4,29,12025,3069,2,0,3069,0,21,37,12,10.838709677419354,3.714239165852069,1.9297936885678704,957.1776695296637,496.0,11399,,,0.0,0.0,0,0,3.714239165852069,1.9297936885678704,957.1776695296637,496.0,3069,11399,,,0.0,0.0,0,0,145,362.5,9.0,85.0,70.0,135.55979146301726,128.0,1.0590608708048224,179.11143695014664,137.0,1.3073827514609244,143.47898338220918,125.0,1.1478318670576735,2.237206371317463,2.588423871916251,2.372539981562387,2.089805446040849,2.781802724702982,2.394517649956868,2.1641256533664546,2.2053284771213653
C:\Users\JackM\40xMBPCNP\40xN1N2N3N4lif\HAMI_1104.lif,HAMI_1104,3,Image 4,HAMI_1104_S4_Image_4,30,17488,7200,2,0,7198,769,45,72,16,10.042857142857143,2.412361111111111,2.833938113807004,1757.0416305603426,620.0,17369,,,0.0,0.0,0,0,2.4130313976104474,2.833938113807004,1757.0416305603426,620.0,7198,17369,1.9440832249674902,0.9707624211075134,198.03553390593274,204.0,769,1495,115,562.5,14.0,55.0,52.75,135.7709722222222,128.0,1.060710720486111,212.94512364545707,137.0,1.554343968215015,168.54096228868661,125.0,1.348327698309493,2.237206371317463,2.588423871916251,2.372539981562387,2.089805446040849,2.781802724702982,2.394517649956868,2.1641256533664546,2.2053284771213653
C:\Users\JackM\40xMBPCNP\40xN1N2N3N4lif\HAMI_1104.lif,HAMI_1104,3,Image 4,HAMI_1104_S4_Image_4,31,6363,2259,1,0,1880,379,20,12,5,10.789473684210526,3.3072155821159805,1.4398605874115478,624.8994949366117,434.0,7471,,,0.0,0.0,0,0,3.800531914893617,1.238863619323236,525.2781745930521,424.0,1880,7145,1.1609498680738786,1.0828404385169528,99.62132034355965,92.0,379,440,121,242.5,4.0,20.0,57.5,139.1677733510403,128.0,1.0872482293050023,184.1872340425532,137.0,1.344432365274111,175.19788918205805,125.0,1.4015831134564645,2.237206371317463,2.588423871916251,2.372539981562387,2.089805446040849,2.781802724702982,2.394517649956868,2.1641256533664546,2.2053284771213653
C:\Users\JackM\40xMBPCNP\40xN1N2N3N4lif\HAMI_1104.lif,HAMI_1104,3,Image 4,HAMI_1104_S4_Image_4,32,58273,30647,1,0,30647,0,65,150,29,16.658536585365855,2.291382517048977,3.5204329916496473,4731.461940777126,1344.0,70224,,,0.0,0.0,0,0,2.291382517048977,3.5204329916496473,4731.461940777126,1344.0,30647,70224,,,0.0,0.0,0,0,215,1697.5,25.0,95.0,105.0,133.1312689659673,128.0,1.0400880387966196,287.951088197866,137.0,2.101832760568365,134.08395601527067,125.0,1.0726716481221654,2.237206371317463,2.588423871916251,2.372539981562387,2.089805446040849,2.781802724702982,2.394517649956868,2.1641256533664546,2.2053284771213653
C:\Users\JackM\40xMBPCNP\40xN1N2N3N4lif\HAMI_1104.lif,HAMI_1104,3,Image 4,HAMI_1104_S4_Image_4,33,28050,7974,1,0,5753,2847,75,100,20,7.33,3.1005768748432407,2.813101485386882,2160.461940777125,768.0,24724,,,0.0,0.0,0,0,4.292195376325395,2.047514815141469,1572.4913780286483,768.0,5753,24693,4.203723217421848,1.9018453441116752,969.9411254969543,510.0,2847,11968,191,882.5,16.0,90.0,97.20588235294117,133.4161023325809,128.0,1.0423132994732882,189.76082044150877,137.0,1.3851154776752466,178.84861257463996,125.0,1.4307889005971197,2.237206371317463,2.588423871916251,2.372539981562387,2.089805446040849,2.781802724702982,2.394517649956868,2.1641256533664546,2.2053284771213653
C:\Users\JackM\40xMBPCNP\40xN1N2N3N4lif\HAMI_1104.lif,HAMI_1104,3,Image 4,HAMI_1104_S4_Image_4,34,12265,4752,1,0,4752,0,12,34,9,16.692307692307693,2.2053872053872055,2.236762073602238,1051.278174593052,470.0,10480,,,0.0,0.0,0,0,2.2053872053872055,2.236762073602238,1051.278174593052,470.0,4752,10480,,,0.0,0.0,0,0,93,330.0,9.0,40.0,47.5,128.1578282828283,128.0,1.001233033459596,179.2723063973064,137.0,1.3085569810022366,132.86868686868686,125.0,1.0629494949494949,2.237206371317463,2.588423871916251,2.372539981562387,2.089805446040849,2.781802724702982,2.394517649956868,2.1641256533664546,2.2053284771213653
C:\Users\JackM\40xMBPCNP\40xN1N2N3N4lif\HAMI_1104.lif,HAMI_1104,3,Image 4,HAMI_1104_S4_Image_4,36,50135,22411,1,0,22379,318,58,132,19,15.718446601941748,2.4099772433180133,3.5674019265278396,3760.041630560343,1054.0,54010,,,0.0,0.0,0,0,2.411948701908039,3.5636068601141773,3756.041630560343,1054.0,22379,53977,1.0974842767295598,1.019772199311703,83.62132034355965,82.0,318,349,182,1267.5,19.0,105.0,87.5,130.200615769042,128.0,1.0171923106956406,268.146074444792,137.0,1.9572706163853433,171.22955974842768,125.0,1.3698364779874215,2.237206371317463,2.588423871916251,2.372539981562387,2.089805446040849,2.781802724702982,2.394517649956868,2.1641256533664546,2.2053284771213653
C:\Users\JackM\40xMBPCNP\40xN1N2N3N4lif\HAMI_1104.lif,HAMI_1104,3,Image 4,HAMI_1104_S4_Image_4,37,23456,5835,2,0,2114,4472,48,114,29,5.964285714285714,2.501628106255356,2.328360206514382,1285.254833995939,552.0,14597,,,0.0,0.0,0,0,4.7379375591296125,1.2654222909038504,642.834523779156,508.0,2114,10016,3.027057245080501,1.7909276012346955,956.3553390593274,534.0,4472,13537,117,462.5,14.0,75.0,55.0,131.9369323050557,128.0,1.0307572836332477,162.42620624408704,137.0,1.1855927463072047,177.6319320214669,125.0,1.4210554561717352,2.237206371317463,2.588423871916251,2.372539981562387,2.089805446040849,2.781802724702982,2.394517649956868,2.1641256533664546,2.2053284771213653
C:\Users\JackM\40xMBPCNP\40xN1N2N3N4lif\HAMI_1104.lif,HAMI_1104,3,Image 4,HAMI_1104_S4_Image_4,38,20740,11281,1,0,11281,0,13,41,6,18.875,1.9634784150341282,1.490955925934932,1204.692388155425,808.0,22150,,,0.0,0.0,0,0,1.9634784150341282,1.490955925934932,1204.692388155425,808.0,11281,22150,,,0.0,0.0,0,0,145,407.5,7.0,70.0,70.0,124.34287740448542,128.0,0.9714287297225424,350.6116479035546,137.0,2.5592091087850704,124.40058505451644,125.0,0.9952046804361315,2.237206371317463,2.588423871916251,2.372539981562387,2.089805446040849,2.781802724702982,2.394517649956868,2.1641256533664546,2.2053284771213653
C:\Users\JackM\40xMBPCNP\40xN1N2N3N4lif\HAMI_1104.lif,HAMI_1104,3,Image 4,HAMI_1104_S4_Image_4,39,42061,21853,3,0,21853,0,61,141,23,14.50909090909091,2.2814258911819887,3.308483331276893,3540.0771644662755,1070.0,49856,,,0.0,0.0,0,0,2.2814258911819887,3.308483331276893,3540.0771644662755,1070.0,21853,49856,,,0.0,0.0,0,0,165,1167.5,19.0,100.0,80.0,128.53411430924817,128.0,1.0041727680410013,236.11668878414864,137.0,1.7234794801762674,135.65693497460302,125.0,1.0852554797968241,2.237206371317463,2.588423871916251,2.372539981562387,2.089805446040849,2.781802724702982,2.394517649956868,2.1641256533664546,2.2053284771213653
C:\Users\JackM\40xMBPCNP\40xN1N2N3N4lif\HAMI_1104.lif,HAMI_1104,3,Image 4,HAMI_1104_S4_Image_4,40,43602,19473,2,0,18885,1241,72,142,30,12.152542372881356,2.3577260822677553,3.514799233577758,3458.562445840514,984.0,45912,,,0.0,0.0,0,0,2.388985967699232,3.4059510611003208,3351.4558441227155,984.0,18885,45116,12.240934730056406,0.5565261483637205,368.420310216783,662.0,1241,15191,243,1187.5,14.0,85.0,117.5,124.81060956195758,128.0,0.9750828872027936,250.64336775218428,137.0,1.8295136332276225,167.69057211925866,125.0,1.3415245769540693,2.237206371317463,2.588423871916251,2.372539981562387,2.089805446040849,2.781802724702982,2.394517649956868,2.1641256533664546,2.2053284771213653
C:\Users\JackM\40xMBPCNP\40xN1N2N3N4lif\HAMI_1104.lif,HAMI_1104,3,Image 4,HAMI_1104_S4_Image_4,41,17794,3692,1,0,3692,0,35,42,11,8.825,3.648699891657638,1.8352301170413061,1011.5918830920367,551.2071067811866,13471,,,0.0,0.0,0,0,3.648699891657638,1.8352301170413061,1011.5918830920367,551.2071067811866,3692,13471,,,0.0,0.0,0,0,161,390.0,10.0,65.0,74.28571428571429,127.25758396533044,128.0,0.9941998747291441,167.97291440953413,137.0,1.2260796672228769,129.8610509209101,125.0,1.0388884073672806,2.237206371317463,2.588423871916251,2.372539981562387,2.089805446040849,2.781802724702982,2.394517649956868,2.1641256533664546,2.2053284771213653
C:\Users\JackM\40xMBPCNP\40xN1N2N3N4lif\HAMI_1104.lif,HAMI_1104,3,Image 4,HAMI_1104_S4_Image_4,42,14469,4714,1,0,4620,137,19,25,4,11.884615384615385,2.4567246499787867,1.7522683416656715,893.6568542494924,510.0,11581,,,0.0,0.0,0,0,2.506709956709957,1.6973663808813577,865.6568542494924,510.0,4620,11581,2.240875912408759,0.595414562235882,71.44974746830583,120.0,137,307,111,327.5,8.0,45.0,52.5,129.70831565549426,128.0,1.013346216058549,215.88268398268397,137.0,1.5757860144721458,170.46715328467153,125.0,1.3637372262773721,2.237206371317463,2.588423871916251,2.372539981562387,2.089805446040849,2.781802724702982,2.394517649956868,2.1641256533664546,2.2053284771213653
C:\Users\JackM\40xMBPCNP\40xN1N2N3N4lif\HAMI_1104.lif,HAMI_1104,3,Image 4,HAMI_1104_S4_Image_4,43,14207,4464,1,0,4464,0,19,31,3,16.36,2.891801075268817,1.7108594366632046,1088.1066017177982,636.0,12909,,,0.0,0.0,0,0,2.891801075268817,1.7108594366632046,1088.1066017177982,636.0,4464,12909,,,0.0,0.0,0,0,136,367.5,5.0,30.0,65.0,126.0165770609319,128.0,0.9845045082885304,184.01859318996415,137.0,1.3432014101457237,130.1859318996416,125.0,1.0414874551971327,2.237206371317463,2.588423871916251,2.372539981562387,2.089805446040849,2.781802724702982,2.394517649956868,2.1641256533664546,2.2053284771213653
C:\Users\JackM\40xMBPCNP\40xN1N2N3N4lif\HAMI_1104.lif,HAMI_1104,3,Image 4,HAMI_1104_S4_Image_4,44,16885,5236,1,0,5236,0,28,50,7,11.159090909090908,2.8378533231474408,2.2939068368214373,1293.7634559672906,564.0,14859,,,0.0,0.0,0,0,2.8378533231474408,2.2939068368214373,1293.7634559672906,564.0,5236,14859,,,0.0,0.0,0,0,134,412.5,8.0,95.0,65.0,122.57200152788388,128.0,0.9575937619365928,176.78170359052712,137.0,1.2903773984710007,135.48567608861725,125.0,1.083885408708938,2.237206371317463,2.588423871916251,2.372539981562387,2.089805446040849,2.781802724702982,2.394517649956868,2.1641256533664546,2.2053284771213653
C:\Users\JackM\40xMBPCNP\40xN1N2N3N4lif\HAMI_1104.lif,HAMI_1104,3,Image 4,HAMI_1104_S4_Image_4,45,18573,10312,1,0,10312,0,27,87,21,10.935483870967742,2.0400504266873547,1.9711425478625313,1490.1837661840736,756.0,21037,,,0.0,0.0,0,0,2.0400504266873547,1.9711425478625313,1490.1837661840736,756.0,10312,21037,,,0.0,0.0,0,0,152,457.5,7.0,80.0,72.5,121.42019006982157,128.0,0.948595234920481,285.19656710628396,137.0,2.081726767199153,128.62558184639255,125.0,1.0290046547711404,2.237206371317463,2.588423871916251,2.372539981562387,2.089805446040849,2.781802724702982,2.394517649956868,2.1641256533664546,2.2053284771213653
C:\Users\JackM\40xMBPCNP\40xN1N2N3N4lif\HAMI_1104.lif,HAMI_1104,3,Image 4,HAMI_1104_S4_Image_4,46,6929,3745,2,0,3745,0,19,20,4,12.181818181818182,1.9594125500667556,1.8462340586967518,683.1066017177982,370.0,7338,,,0.0,0.0,0,0,1.9594125500667556,1.8462340586967518,683.1066017177982,370.0,3745,7338,,,0.0,0.0,0,0,78,257.5,9.0,40.0,35.0,121.51295060080106,128.0,0.9493199265687583,309.415220293725,137.0,2.2585052576184306,132.2614152202937,125.0,1.0580913217623498,2.237206371317463,2.588423871916251,2.372539981562387,2.089805446040849,2.781802724702982,2.394517649956868,2.1641256533664546,2.2053284771213653
C:\Users\JackM\40xMBPCNP\40xN1N2N3N4lif\HAMI_1104.lif,HAMI_1104,4,Image 5,HAMI_1104_S5_Image_5,1,34669,30134,2,22918,2038,30043,34,132,29,14.735632183908047,1.5624211853720051,1.8319364611376374,1978.4913780286483,1080.0,47082,2.051880617854961,2.6804187180228647,2889.4913780286483,1078.0,22918,47025,17.320902845927378,0.7969142894622253,788.1482322781409,989.0,2038,35300,1.5671537462969742,1.795441818950255,1939.0771644662755,1080.0,30043,47082,202,602.5,11.0,155.0,97.5,436.05401867527706,161.0,2.7084100538837084,159.37684003925418,141.0,1.1303321988599586,331.4164364411011,149.0,2.2242713855107454,1.3940484418070749,2.25172757135487,1.8873762362164075,2.9872724515248334,6.645755973963566,1.1040982854181611,1.4583848977005482,2.1727792260853507
C:\Users\JackM\40xMBPCNP\40xN1N2N3N4lif\HAMI_1104.lif,HAMI_1104,4,Image 5,HAMI_1104_S5_Image_5,2,54026,48089,4,30777,1979,47793,35,149,23,14.237623762376238,1.245981409469941,1.8255907055529526,2135.9411254969546,1170.0,59918,1.926828475809858,3.836366570496146,4480.8761543394985,1168.0,30777,59302,22.27033855482567,0.7343359863294017,750.4913780286485,1022.0,1979,44073,1.2536982403280814,1.777049771177898,2079.1482322781408,1170.0,47793,59918,186,687.5,12.0,115.0,90.0,475.4575169769633,161.0,2.9531522793600202,163.8191005558363,141.0,1.1618375925945836,332.6161781013956,149.0,2.2323233429623865,1.3940484418070749,2.25172757135487,1.8873762362164075,2.9872724515248334,6.645755973963566,1.1040982854181611,1.4583848977005482,2.1727792260853507
C:\Users\JackM\40xMBPCNP\40xN1N2N3N4lif\HAMI_1104.lif,HAMI_1104,4,Image 5,HAMI_1104_S5_Image_5,4,12277,9527,2,5345,6233,6068,22,36,12,14.294117647058824,1.6068017214233232,1.631919607718731,1047.6923881554253,642.0,15308,2.5451824134705334,1.5918880044330277,986.9705627484772,620.0,5345,13604,2.1334830739611745,1.3229534837306933,836.1066017177982,632.0,6233,13298,2.3223467369808835,1.4348923235716677,886.7634559672906,618.0,6068,14092,116,347.5,8.0,55.0,55.0,313.50252572497664,161.0,1.9472206566768735,242.80908069950266,141.0,1.7220502177269692,246.4986816084377,149.0,1.6543535678418637,1.3940484418070749,2.25172757135487,1.8873762362164075,2.9872724515248334,6.645755973963566,1.1040982854181611,1.4583848977005482,2.1727792260853507
C:\Users\JackM\40xMBPCNP\40xN1N2N3N4lif\HAMI_1104.lif,HAMI_1104,4,Image 5,HAMI_1104_S5_Image_5,5,18764,17301,2,10045,632,17284,21,71,10,13.382978723404255,1.1866944107277035,1.3633651527864639,910.7279220613578,668.0,20531,1.8563464410154307,2.3378124599415484,1477.4974746830585,632.0,10045,18647,15.430379746835444,0.45664228100381693,235.62741699796953,516.0,632,9752,1.187861606109697,1.346278006735007,899.3137084989847,668.0,17284,20531,118,282.5,8.0,85.0,55.0,278.19721254355403,161.0,1.7279329971649318,155.2753164556962,141.0,1.1012433791184129,366.660090256885,149.0,2.4608059748784226,1.3940484418070749,2.25172757135487,1.8873762362164075,2.9872724515248334,6.645755973963566,1.1040982854181611,1.4583848977005482,2.1727792260853507
C:\Users\JackM\40xMBPCNP\40xN1N2N3N4lif\HAMI_1104.lif,HAMI_1104,4,Image 5,HAMI_1104_S5_Image_5,7,29434,26390,4,16695,7869,22420,27,141,32,12.627659574468085,1.207805987116332,1.938376385198089,1585.5918830920368,818.0,31874,1.8581012279125486,3.177867786245332,2561.3614357137376,806.0,16695,31021,3.6990723090608717,1.6424968775556403,1343.5624458405139,818.0,7869,29108,1.3584299732381802,1.9121852564013442,1548.8700576850888,810.0,22420,30456,134,482.5,17.0,105.0,65.0,517.1196765498652,161.0,3.2119234568314607,237.95755496251113,141.0,1.6876422337766745,377.4092328278323,149.0,2.5329478713277336,1.3940484418070749,2.25172757135487,1.8873762362164075,2.9872724515248334,6.645755973963566,1.1040982854181611,1.4583848977005482,2.1727792260853507
C:\Users\JackM\40xMBPCNP\40xN1N2N3N4lif\HAMI_1104.lif,HAMI_1104,4,Image 5,HAMI_1104_S5_Image_5,8,43371,36684,3,26751,3645,35447,49,155,25,14.132743362831858,1.5840966088758042,2.016907077581393,2444.4913780286483,1212.0,58111,2.1557324959814586,2.7166943181950325,3292.6335136523794,1212.0,26751,57668,11.014814814814814,1.076740079695278,1113.3492424049175,1034.0,3645,40149,1.639377098202951,1.8539118197169593,2246.9411254969546,1212.0,35447,58111,230,757.5,10.0,115.0,112.5,542.8554820380547,161.0,3.371773180360588,181.2957475994513,141.0,1.2857854439677396,362.6945862837476,149.0,2.4341918542533394,1.3940484418070749,2.25172757135487,1.8873762362164075,2.9872724515248334,6.645755973963566,1.1040982854181611,1.4583848977005482,2.1727792260853507
C:\Users\JackM\40xMBPCNP\40xN1N2N3N4lif\HAMI_1104.lif,HAMI_1104,4,Image 5,HAMI_1104_S5_Image_5,9,47282,44067,3,30104,2053,43762,38,135,34,17.144329896907216,1.1820636757664464,1.8701789041237493,1926.284271247462,1030.0,52090,1.7066170608557003,3.891391470676477,3969.2193000900065,1020.0,30104,51376,18.372625426205552,0.9263904214283146,850.4264068711929,918.0,2053,37719,1.182372834879576,1.817862673856102,1861.4913780286483,1024.0,43762,51743,183,607.5,17.0,125.0,87.5,484.13074674461865,161.0,3.0070232717057057,162.27033609352168,141.0,1.1508534474717849,402.3054247977698,149.0,2.700036408038723,1.3940484418070749,2.25172757135487,1.8873762362164075,2.9872724515248334,6.645755973963566,1.1040982854181611,1.4583848977005482,2.1727792260853507
C:\Users\JackM\40xMBPCNP\40xN1N2N3N4lif\HAMI_1104.lif,HAMI_1104,4,Image 5,HAMI_1104_S5_Image_5,10,24722,16356,3,16015,292,16299,53,241,78,8.19108280254777,1.8645756908779654,2.6487533604923628,2283.2253967444167,862.0,30497,1.8974711208242272,2.236515260254639,1927.8761543394987,862.0,16015,30388,23.116438356164384,0.35991698354903506,177.79898987322332,494.0,292,6750,1.871096386281367,2.6015464136763238,2242.533008588991,862.0,16299,30497,142,645.0,13.0,80.0,70.0,257.5836403371839,161.0,1.5998983871874777,150.763698630137,141.0,1.0692460895754397,253.93981225842077,149.0,1.704294042002824,1.3940484418070749,2.25172757135487,1.8873762362164075,2.9872724515248334,6.645755973963566,1.1040982854181611,1.4583848977005482,2.1727792260853507
C:\Users\JackM\40xMBPCNP\40xN1N2N3N4lif\HAMI_1104.lif,HAMI_1104,4,Image 5,HAMI_1104_S5_Image_5,12,43725,41720,4,27864,2160,41655,28,91,21,15.956521739130435,1.1488974113135186,1.6080361078606156,1694.8700576850888,1054.0,47932,1.7046009187482056,3.44553667439567,3624.704581464245,1052.0,27864,47497,18.70462962962963,0.9208641532937467,935.5979797464466,1016.0,2160,40402,1.1500660184851759,1.5985389267147359,1681.6629509039021,1052.0,41655,47906,177,557.5,17.0,105.0,85.0,488.06980333046226,161.0,3.03148946167989,165.2537037037037,141.0,1.172012083004991,401.0996999159765,149.0,2.6919442947380974,1.3940484418070749,2.25172757135487,1.8873762362164075,2.9872724515248334,6.645755973963566,1.1040982854181611,1.4583848977005482,2.1727792260853507
C:\Users\JackM\40xMBPCNP\40xN1N2N3N4lif\HAMI_1104.lif,HAMI_1104,4,Image 5,HAMI_1104_S5_Image_5,13,33640,30037,1,20279,1379,29882,40,210,43,10.528571428571428,1.271098977927223,1.9416520111155424,1926.118795026618,992.0,38180,1.859460525666946,3.358459559083543,3291.290367901872,980.0,20279,37708,17.085569253081943,0.5496848389402158,500.2132034355964,910.0,1379,23561,1.2776922562077504,1.9965050489808376,1980.533008588991,992.0,29882,38180,191,662.5,14.0,75.0,92.5,440.43872972040043,161.0,2.7356442839776425,157.76214648295866,141.0,1.118880471510345,331.37460678669436,149.0,2.22399064957513,1.3940484418070749,2.25172757135487,1.8873762362164075,2.9872724515248334,6.645755973963566,1.1040982854181611,1.4583848977005482,2.1727792260853507
C:\Users\JackM\40xMBPCNP\40xN1N2N3N4lif\HAMI_1104.lif,HAMI_1104,4,Image 5,HAMI_1104_S5_Image_5,14,65938,52804,9,40927,4048,52538,62,304,60,13.052631578947368,1.344746610105295,2.7742348877643335,3612.0538238691624,1302.0,71008,1.7321328218535441,4.087952380858941,5314.338095116624,1300.0,40927,70891,7.383893280632411,1.0755377786388358,958.5269119345812,891.2071067811866,4048,29890,1.3515550649054018,2.7617870330936833,3595.846717087976,1302.0,52538,71008,223,1102.5,24.0,140.0,101.15384615384616,466.8840618662497,161.0,2.899901005380433,204.15884387351778,141.0,1.4479350629327503,340.7537401499867,149.0,2.2869378533556155,1.3940484418070749,2.25172757135487,1.8873762362164075,2.9872724515248334,6.645755973963566,1.1040982854181611,1.4583848977005482,2.1727792260853507
C:\Users\JackM\40xMBPCNP\40xN1N2N3N4lif\HAMI_1104.lif,HAMI_1104,4,Image 5,HAMI_1104_S5_Image_5,15,42363,33805,3,27024,3999,33343,80,345,82,8.823529411764707,1.3913326431001332,3.305538469219421,3259.260930650349,986.0,47034,1.707852279455299,3.7222361984594596,3670.1248916810273,986.0,27024,46153,8.24256064016004,1.5297847438839904,1321.7340187157677,864.0,3999,32962,1.4106109228323787,3.39926485214272,3351.675144212722,986.0,33343,47034,161,867.5,12.0,100.0,77.5,322.48860272350504,161.0,2.003034799524876,178.24581145286322,141.0,1.2641546911550583,270.3593257955193,149.0,1.8144921194330152,1.3940484418070749,2.25172757135487,1.8873762362164075,2.9872724515248334,6.645755973963566,1.1040982854181611,1.4583848977005482,2.1727792260853507
C:\Users\JackM\40xMBPCNP\40xN1N2N3N4lif\HAMI_1104.lif,HAMI_1104,4,Image 5,HAMI_1104_S5_Image_5,16,19097,15242,1,5816,10480,9052,24,47,14,17.72093023255814,1.409854349822858,1.772639300254735,1212.4852813742386,684.0,21489,3.5998968363136177,1.7231914486899158,1178.6629509039024,684.0,5816,20937,1.9165076335877862,1.8428457190803818,1216.278174593052,660.0,10480,20085,2.339262041537782,1.7606925562850655,1204.3137084989849,684.0,9052,21175,128,412.5,9.0,60.0,60.0,223.85299174690508,161.0,1.390391253086367,282.00248091603055,141.0,2.000017595149153,232.12251436146707,149.0,1.5578692239024636,1.3940484418070749,2.25172757135487,1.8873762362164075,2.9872724515248334,6.645755973963566,1.1040982854181611,1.4583848977005482,2.1727792260853507
C:\Users\JackM\40xMBPCNP\40xN1N2N3N4lif\HAMI_1104.lif,HAMI_1104,4,Image 5,HAMI_1104_S5_Image_5,17,60636,53716,7,36050,1501,53655,38,185,44,15.59349593495935,1.187206791272619,2.0654967441150873,2457.941125496954,1190.0,63772,1.7576699029126213,4.180209897117083,4966.089357775095,1188.0,36050,63364,32.87741505662891,0.6740270815484738,768.3908729652601,1140.0,1501,49349,1.1885565184978102,2.055412710501642,2445.941125496954,1190.0,53655,63772,180,822.5,23.0,145.0,87.5,531.3827739251041,161.0,3.3005141237584104,161.1985343104597,141.0,1.143252016386239,348.4162333426521,149.0,2.3383639821654505,1.3940484418070749,2.25172757135487,1.8873762362164075,2.9872724515248334,6.645755973963566,1.1040982854181611,1.4583848977005482,2.1727792260853507
C:\Users\JackM\40xMBPCNP\40xN1N2N3N4lif\HAMI_1104.lif,HAMI_1104,4,Image 5,HAMI_1104_S5_Image_5,18,62703,46142,4,36835,1856,46072,91,385,77,10.722433460076045,1.408521520523601,3.5092692316198253,4070.7523086789975,1160.0,64992,1.7622370028505498,4.7664869755870924,5529.124891681027,1160.0,36835,64912,20.629310344827587,0.6030723541013562,597.0416305603426,990.0,1856,38288,1.4106615731897898,3.501153530272952,4061.3380951166246,1160.0,46072,64992,174,1257.5,22.0,120.0,85.0,403.859590063798,161.0,2.5084446587813543,167.50592672413794,141.0,1.1879852959158719,285.2384528563987,149.0,1.9143520325932797,1.3940484418070749,2.25172757135487,1.8873762362164075,2.9872724515248334,6.645755973963566,1.1040982854181611,1.4583848977005482,2.1727792260853507
C:\Users\JackM\40xMBPCNP\40xN1N2N3N4lif\HAMI_1104.lif,HAMI_1104,4,Image 5,HAMI_1104_S5_Image_5,19,50068,39362,2,30934,2825,38687,67,349,84,10.008403361344538,1.5671459783547583,3.2172801944885694,3680.5685424949233,1144.0,61686,1.99120708605418,3.572939110819861,4080.2964645562815,1142.0,30934,61596,17.798230088495576,0.9488277951071925,1024.734018715768,1080.0,2825,50280,1.5927314084834698,3.173305739030635,3617.568542494924,1140.0,38687,61618,180,937.5,10.0,130.0,87.5,385.8009310144178,161.0,2.3962790746237133,180.71185840707966,141.0,1.281644385865813,297.1493783441466,149.0,1.9942911298264874,1.3940484418070749,2.25172757135487,1.8873762362164075,2.9872724515248334,6.645755973963566,1.1040982854181611,1.4583848977005482,2.1727792260853507
C:\Users\JackM\40xMBPCNP\40xN1N2N3N4lif\HAMI_1104.lif,HAMI_1104,4,Image 5,HAMI_1104_S5_Image_5,20,7487,6269,1,41,6039,778,9,30,11,13.458333333333334,1.1670122826607114,1.549455028868626,610.4852813742386,394.0,7316,3.292682926829268,0.4853849824211062,32.621320343559645,67.20710678118655,41,135,1.193906275873489,1.4358253439116195,548.4852813742386,382.0,6039,7210,4.317480719794345,0.8716764160389426,275.4497474683059,316.0,778,3359,67,187.5,14.0,45.0,30.0,211.8048780487805,161.0,1.3155582487501893,297.13280344427886,141.0,2.107324847122545,189.01156812339332,149.0,1.2685340142509618,1.3940484418070749,2.25172757135487,1.8873762362164075,2.9872724515248334,6.645755973963566,1.1040982854181611,1.4583848977005482,2.1727792260853507
C:\Users\JackM\40xMBPCNP\40xN1N2N3N4lif\HAMI_1104.lif,HAMI_1104,4,Image 5,HAMI_1104_S5_Image_5,21,11413,7758,1,1495,7330,1722,18,40,10,12.243243243243244,1.5353183810260376,1.7678045763365662,989.970562748477,560.0,11911,3.9464882943143813,0.9041176192634052,357.31370849898474,395.20710678118655,1495,5900,1.5849931787175988,1.741695075723067,975.3492424049175,560.0,7330,11618,3.64808362369338,0.858194440425925,344.31370849898474,401.20710678118655,1722,6282,108,367.5,15.0,55.0,50.0,220.6769230769231,161.0,1.3706641184902055,244.86425648021827,141.0,1.7366259324838176,190.25783972125436,149.0,1.2768982531627808,1.3940484418070749,2.25172757135487,1.8873762362164075,2.9872724515248334,6.645755973963566,1.1040982854181611,1.4583848977005482,2.1727792260853507
C:\Users\JackM\40xMBPCNP\40xN1N2N3N4lif\HAMI_1104.lif,HAMI_1104,4,Image 5,HAMI_1104_S5_Image_5,22,27312,25222,1,16728,4246,24484,27,180,48,10.926605504587156,1.1258425184362857,1.817729236271405,1436.00609665441,790.0,28396,1.6185437589670015,2.733336425400405,2104.669047558312,770.0,16728,27075,5.821243523316062,1.3460138983532592,1022.970562748477,760.0,4246,24717,1.1557343571311878,1.8746912615878604,1481.0060966544097,790.0,24484,28297,137,387.5,10.0,90.0,65.0,241.76883070301292,161.0,1.5016697559193348,219.66509656146962,141.0,1.5579084862515575,318.84434732886785,149.0,2.1398949485158916,1.3940484418070749,2.25172757135487,1.8873762362164075,2.9872724515248334,6.645755973963566,1.1040982854181611,1.4583848977005482,2.1727792260853507
C:\Users\JackM\40xMBPCNP\40xN1N2N3N4lif\HAMI_1104.lif,HAMI_1104,4,Image 5,HAMI_1104_S5_Image_5,23,60414,41765,3,45066,4379,39713,113,542,168,7.803713527851459,1.470250209505567,4.480382488541074,5197.243686707646,1160.0,61405,1.3620911551946036,3.7795510522530846,4384.279220613578,1160.0,45066,61384,12.683489381137246,1.5815235905174623,1761.817279836453,1114.0,4379,55541,1.5442298491677788,4.1792806138918905,4847.965512114593,1160.0,39713,61326,173,1550.0,32.0,135.0,82.5,276.24504060710956,161.0,1.715807705634221,169.53528202786023,141.0,1.202377886722413,220.58749024248988,149.0,1.480452954647583,1.3940484418070749,2.25172757135487,1.8873762362164075,2.9872724515248334,6.645755973963566,1.1040982854181611,1.4583848977005482,2.1727792260853507
C:\Users\JackM\40xMBPCNP\40xN1N2N3N4lif\HAMI_1104.lif,HAMI_1104,4,Image 5,HAMI_1104_S5_Image_5,24,13668,11770,4,2334,6314,9432,18,60,7,14.369565217391305,1.17017841971113,1.8032708906785877,991.7989898732233,550.0,13773,4.169665809768637,1.4234348694615193,683.2487373415292,480.0,2334,9732,1.7503959455178968,1.0684442951367008,557.7279220613578,522.0,6314,11052,1.373091603053435,1.955426650007147,1067.6629509039024,546.0,9432,12951,92,387.5,21.0,65.0,42.5,207.25492716366753,161.0,1.2872976842463821,402.4694330060184,141.0,2.8543931418866553,236.76198049194232,149.0,1.5890065804828344,1.3940484418070749,2.25172757135487,1.8873762362164075,2.9872724515248334,6.645755973963566,1.1040982854181611,1.4583848977005482,2.1727792260853507
C:\Users\JackM\40xMBPCNP\40xN1N2N3N4lif\HAMI_1104.lif,HAMI_1104,4,Image 5,HAMI_1104_S5_Image_5,25,6831,6492,0,124,83,6492,5,11,3,16.083333333333332,1.087030191004313,1.2240521100121078,479.8284271247462,392.0,7057,15.564516129032258,0.3507310590250661,82.07106781186548,234.0,124,1930,28.457831325301203,0.25165678184272755,60.44974746830583,240.20710678118655,83,2362,1.087030191004313,1.2240521100121078,479.8284271247462,392.0,6492,7057,68,137.5,7.0,50.0,30.0,203.7016129032258,161.0,1.265227409336806,151.26506024096386,141.0,1.0728018456805948,321.62831176833026,149.0,2.158579273612955,1.3940484418070749,2.25172757135487,1.8873762362164075,2.9872724515248334,6.645755973963566,1.1040982854181611,1.4583848977005482,2.1727792260853507
C:\Users\JackM\40xMBPCNP\40xN1N2N3N4lif\HAMI_1104.lif,HAMI_1104,4,Image 5,HAMI_1104_S5_Image_5,26,21371,19367,3,194,19312,812,19,129,34,10.741176470588234,1.1391542314245882,1.6210859598814555,1154.2132034355964,712.0,22062,18.288659793814432,0.2074194842394812,96.24264068711928,464.0,194,3548,1.1423985086992543,1.6059274019898637,1143.420310216783,712.0,19312,22062,13.167487684729064,0.4377108256041564,244.2426406871193,558.0,812,10692,130,302.5,7.0,60.0,62.5,212.21134020618555,161.0,1.3180828584235127,330.2337406793703,141.0,2.342083267229577,172.2463054187192,149.0,1.1560154726088536,1.3940484418070749,2.25172757135487,1.8873762362164075,2.9872724515248334,6.645755973963566,1.1040982854181611,1.4583848977005482,2.1727792260853507
C:\Users\JackM\40xMBPCNP\40xN1N2N3N4lif\HAMI_1104.lif,HAMI_1104,4,Image 5,HAMI_1104_S5_Image_5,27,74475,60545,3,46093,2752,60353,73,179,39,15.125,1.3014121727640597,2.565793788426323,3361.1898628384834,1310.0,78794,1.7034690733950926,4.040562660297594,5293.137084989848,1310.0,46093,78518,20.538517441860463,0.980732504196289,1094.4974746830585,1116.0,2752,56522,1.3054032111079814,2.5045398642376826,3280.9472221513643,1310.0,60353,78785,208,1092.5,21.0,140.0,102.5,721.457770160328,161.0,4.481104162486509,160.0330668604651,141.0,1.1349862897905327,442.5361622454559,149.0,2.970041357352053,1.3940484418070749,2.25172757135487,1.8873762362164075,2.9872724515248334,6.645755973963566,1.1040982854181611,1.4583848977005482,2.1727792260853507
C:\Users\JackM\40xMBPCNP\40xN1N2N3N4lif\HAMI_1104.lif,HAMI_1104,4,Image 5,HAMI_1104_S5_Image_5,28,28589,22160,5,17331,3109,22077,33,86,22,12.72463768115942,1.3726985559566787,1.9269035621360682,1668.698484809835,866.0,30419,1.6554151520396976,2.2385280527714557,1884.8406204335658,842.0,17331,28690,4.258925699581859,0.8810765334876928,466.97056274847716,530.0,3109,13241,1.3778593105947365,1.9289738776312337,1670.4913780286483,866.0,22077,30419,131,542.5,13.0,80.0,62.5,271.3672609774393,161.0,1.6855109377480701,262.1563203602445,141.0,1.8592646834059892,377.24092947411333,149.0,2.5318183186182104,1.3940484418070749,2.25172757135487,1.8873762362164075,2.9872724515248334,6.645755973963566,1.1040982854181611,1.4583848977005482,2.1727792260853507
C:\Users\JackM\40xMBPCNP\40xN1N2N3N4lif\HAMI_1104.lif,HAMI_1104,4,Image 5,HAMI_1104_S5_Image_5,29,33219,27010,1,18176,1001,26827,58,276,57,9.706896551724139,1.3072565716401332,2.677063375066316,2312.982756057297,864.0,35309,1.8975022007042253,3.441348581083644,2938.911688245432,854.0,18176,34489,17.613386613386613,0.686599331621181,486.94112549695427,709.2071067811866,1001,17631,1.315652141499236,2.6609759966674598,2299.083261120685,864.0,26827,35295,131,632.5,16.0,95.0,62.5,407.0147997359155,161.0,2.5280422343845683,157.9010989010989,141.0,1.1198659496531835,293.2454989376375,149.0,1.9680905968968958,1.3940484418070749,2.25172757135487,1.8873762362164075,2.9872724515248334,6.645755973963566,1.1040982854181611,1.4583848977005482,2.1727792260853507
C:\Users\JackM\40xMBPCNP\40xN1N2N3N4lif\HAMI_1104.lif,HAMI_1104,4,Image 5,HAMI_1104_S5_Image_5,30,23207,16035,1,13088,740,15969,24,52,13,17.2,1.9635796694730276,1.7423341694568757,1644.7634559672906,944.0,31486,2.3587255501222493,2.0182343256733013,1905.2132034355964,944.0,13088,30871,25.156756756756756,0.3515705553473583,271.4852813742386,772.2071067811866,740,18616,1.971695159371282,1.7380968813212825,1640.7634559672906,944.0,15969,31486,152,567.5,12.0,55.0,72.5,390.48448960880194,161.0,2.4253695006757883,157.0162162162162,141.0,1.1135901859306114,352.63197445049786,149.0,2.3666575466476365,1.3940484418070749,2.25172757135487,1.8873762362164075,2.9872724515248334,6.645755973963566,1.1040982854181611,1.4583848977005482,2.1727792260853507
C:\Users\JackM\40xMBPCNP\40xN1N2N3N4lif\HAMI_1104.lif,HAMI_1104,4,Image 5,HAMI_1104_S5_Image_5,31,12978,10146,0,9319,494,10039,11,60,12,12.291666666666666,1.3062290557855312,1.9085757206872478,1045.8994949366117,548.0,13253,1.413456379439854,1.969550562954352,1079.3137084989849,548.0,9319,13172,9.759109311740891,0.48046702552241966,179.31370849898477,373.20710678118655,494,4821,1.3201514095029385,1.8925302951054712,1037.1066017177982,548.0,10039,13253,91,262.5,9.0,70.0,42.5,302.74922201953,161.0,1.8804299504318633,161.35425101214574,141.0,1.144356390157062,237.25500547863334,149.0,1.5923154730109619,1.3940484418070749,2.25172757135487,1.8873762362164075,2.9872724515248334,6.645755973963566,1.1040982854181611,1.4583848977005482,2.1727792260853507
C:\Users\JackM\40xMBPCNP\40xN1N2N3N4lif\HAMI_1104.lif,HAMI_1104,4,Image 5,HAMI_1104_S5_Image_5,32,21374,18528,3,12391,3810,17959,33,124,21,9.329545454545455,1.295552677029361,1.6046435424187264,1216.3198051533946,758.0,24004,1.8371398595754984,2.1806806543967645,1622.4264068711927,744.0,12391,22764,4.416797900262467,1.0120706406213018,659.8700576850888,652.0,3810,16828,1.3361545743081464,1.6682881871246884,1264.5624458405139,758.0,17959,23996,134,422.5,9.0,90.0,65.0,679.3413768057461,161.0,4.219511657178547,285.4228346456693,141.0,2.0242754230189313,384.3959574586558,149.0,2.5798386406621194,1.3940484418070749,2.25172757135487,1.8873762362164075,2.9872724515248334,6.645755973963566,1.1040982854181611,1.4583848977005482,2.1727792260853507
C:\Users\JackM\40xMBPCNP\40xN1N2N3N4lif\HAMI_1104.lif,HAMI_1104,4,Image 5,HAMI_1104_S5_Image_5,33,30222,23874,3,18491,1192,23853,26,186,59,11.277777777777779,1.3811677976040881,2.270620262552709,2011.7695526217003,886.0,32974,1.7646963387593964,2.964275938807991,2614.4913780286483,882.0,18491,32631,13.126677852348994,0.7432116263661781,492.0060966544099,662.0,1192,15647,1.382383767241018,2.291363693316186,2030.1482322781408,886.0,23853,32974,165,457.5,11.0,110.0,80.0,403.1241685144124,161.0,2.5038768230708848,160.9505033557047,141.0,1.1414929316007427,277.8090386953423,149.0,1.8644901925861899,1.3940484418070749,2.25172757135487,1.8873762362164075,2.9872724515248334,6.645755973963566,1.1040982854181611,1.4583848977005482,2.1727792260853507
C:\Users\JackM\40xMBPCNP\40xN1N2N3N4lif\HAMI_1104.lif,HAMI_1104,4,Image 5,HAMI_1104_S5_Image_5,34,7323,6480,1,0,6457,69,9,19,1,14.375,1.118672839506173,1.2143890120405163,497.8994949366117,410.0,7249,,,0.0,0.0,0,0,1.122657580919932,1.2095109632600285,495.8994949366117,410.0,6457,7249,9.927536231884059,0.2539618199505864,47.03553390593274,185.20710678118655,69,685,87,202.5,13.0,50.0,40.0,150.64027777777778,161.0,0.9356538992408558,417.30339166795727,141.0,2.959598522467782,169.34782608695653,149.0,1.1365625911876278,1.3940484418070749,2.25172757135487,1.8873762362164075,2.9872724515248334,6.645755973963566,1.1040982854181611,1.4583848977005482,2.1727792260853507
C:\Users\JackM\40xMBPCNP\40xN1N2N3N4lif\HAMI_1104.lif,HAMI_1104,4,Image 5,HAMI_1104_S5_Image_5,35,28629,19106,2,10291,2445,18539,47,210,51,9.242424242424242,1.583324610070135,2.769546940441612,2232.2548339959394,806.0,30251,2.478379166261782,2.094969327188218,1684.3553390593274,804.0,10291,25505,10.61635991820041,1.1868180302615845,904.3553390593273,762.0,2445,25957,1.6304547170829062,2.6441926800124147,2131.219300090006,806.0,18539,30227,134,677.5,14.0,85.0,65.0,229.60956175298804,161.0,1.426146346291851,155.4952965235174,141.0,1.1028035214433858,224.40282647391984,149.0,1.5060592380799989,1.3940484418070749,2.25172757135487,1.8873762362164075,2.9872724515248334,6.645755973963566,1.1040982854181611,1.4583848977005482,2.1727792260853507
C:\Users\JackM\40xMBPCNP\40xN1N2N3N4lif\HAMI_1104.lif,HAMI_1104,4,Image 5,HAMI_1104_S5_Image_5,36,47581,34881,4,29597,3397,34673,36,140,34,15.56989247311828,1.4690805882858864,2.366310206076785,2527.219300090006,1068.0,51243,1.7184511943778085,2.8977071669050383,3083.1604255869606,1064.0,29597,50861,9.194877833382396,1.2981383235300612,1007.3553390593274,776.0,3397,31235,1.4778934617714072,2.28872222758364,2444.3553390593274,1068.0,34673,51243,265,795.0,7.0,200.0,135.0,764.8900902118457,161.0,4.750870125539414,200.3735649102149,141.0,1.4210891128384036,404.4955440832925,149.0,2.7147351951898826,1.3940484418070749,2.25172757135487,1.8873762362164075,2.9872724515248334,6.645755973963566,1.1040982854181611,1.4583848977005482,2.1727792260853507
C:\Users\JackM\40xMBPCNP\40xN1N2N3N4lif\HAMI_1104.lif,HAMI_1104,4,Image 5,HAMI_1104_S5_Image_5,37,17464,11589,3,12138,202,11583,42,102,29,9.727272727272727,1.6189490033652603,2.0646202331787507,1354.3908729652603,656.0,18762,1.5400395452298568,1.9912328313133068,1306.2487373415292,656.0,12138,18693,7.623762376237623,0.3722896650529069,80.86396103067892,217.20710678118655,202,1540,1.6197876197876198,2.0676690136665554,1356.3908729652603,656.0,11583,18762,112,470.0,15.0,35.0,52.5,268.3451145163948,161.0,1.6667398417167378,150.91584158415841,141.0,1.0703251176181448,231.39117672451005,149.0,1.5529609176141614,1.3940484418070749,2.25172757135487,1.8873762362164075,2.9872724515248334,6.645755973963566,1.1040982854181611,1.4583848977005482,2.1727792260853507
C:\Users\JackM\40xMBPCNP\40xN1N2N3N4lif\HAMI_1104.lif,HAMI_1104,4,Image 5,HAMI_1104_S5_Image_5,38,89856,71494,2,47686,18450,66922,79,268,46,15.576086956521738,1.6147229138109491,2.422732061213383,4070.1898628384834,1680.0,115443,2.3480686155265698,3.8856469959712867,6489.0304832720485,1670.0,47686,111970,5.390840108401084,2.4046290378830735,3710.840620433566,1543.2071067811867,18450,99461,1.7250381040614446,2.407234719602709,4044.154328932551,1680.0,66922,115443,279,1342.5,21.0,160.0,137.5,454.9135385647779,161.0,2.8255499289737758,231.9571815718157,141.0,1.6450863941263525,431.6766683601805,149.0,2.8971588480549024,1.3940484418070749,2.25172757135487,1.8873762362164075,2.9872724515248334,6.645755973963566,1.1040982854181611,1.4583848977005482,2.1727792260853507
C:\Users\JackM\40xMBPCNP\40xN1N2N3N4lif\HAMI_1104.lif,HAMI_1104,4,Image 5,HAMI_1104_S5_Image_5,39,72538,63476,6,44539,2625,63323,60,294,56,13.176767676767676,1.4102337891486547,2.4536352555536394,3435.0893577750953,1400.0,89516,2.00177372639709,4.0943328694128445,5732.066017177982,1400.0,44539,89157,25.325333333333333,0.9633678877791091,1165.675144212722,1210.0,2625,66479,1.413641173033495,2.4050384456208302,3367.0538238691624,1400.0,63323,89516,247,1102.5,15.0,175.0,120.0,580.2767911268776,161.0,3.604203671595513,157.94171428571428,141.0,1.1201540020263425,376.793503150514,149.0,2.528815457386,1.3940484418070749,2.25172757135487,1.8873762362164075,2.9872724515248334,6.645755973963566,1.1040982854181611,1.4583848977005482,2.1727792260853507
C:\Users\JackM\40xMBPCNP\40xN1N2N3N4lif\HAMI_1104.lif,HAMI_1104,4,Image 5,HAMI_1104_S5_Image_5,40,21319,14640,1,12246,893,14558,32,103,18,11.558441558441558,1.5754781420765027,2.019039488095641,1558.698484809835,772.0,23065,1.7907071696880614,2.4270705761785427,1873.698484809835,772.0,12246,21929,6.1321388577827545,0.8685114659592365,321.3492424049175,370.0,893,5476,1.5843522461876631,1.9816969659133274,1529.8700576850888,772.0,14558,23065,130,532.5,9.0,30.0,62.5,311.92430181283686,161.0,1.9374180236822165,148.1590145576708,141.0,1.0507731528912823,255.17639785684847,149.0,1.7125932742070367,1.3940484418070749,2.25172757135487,1.8873762362164075,2.9872724515248334,6.645755973963566,1.1040982854181611,1.4583848977005482,2.1727792260853507
C:\Users\JackM\40xMBPCNP\40xN1N2N3N4lif\HAMI_1104.lif,HAMI_1104,4,Image 5,HAMI_1104_S5_Image_5,41,23073,19790,4,15721,1279,19788,16,66,22,16.21153846153846,1.1987872662961092,1.867737454110939,1240.1776695296635,664.0,23724,1.504166401628395,2.5227249364082756,1675.089357775095,664.0,15721,23647,11.69741985926505,0.9545208914759684,559.3492424049175,586.0,1279,14961,1.1989084293511219,1.867737454110939,1240.1776695296635,664.0,19788,23724,114,372.5,12.0,90.0,55.0,259.3894790407735,161.0,1.611114776650767,160.1219702892885,141.0,1.1356168105623299,294.62714776632305,149.0,1.9773634078276714,1.3940484418070749,2.25172757135487,1.8873762362164075,2.9872724515248334,6.645755973963566,1.1040982854181611,1.4583848977005482,2.1727792260853507
C:\Users\JackM\40xMBPCNP\40xN1N2N3N4lif\HAMI_1104.lif,HAMI_1104,4,Image 5,HAMI_1104_S5_Image_5,42,28691,20722,2,15045,2077,20510,27,146,28,13.63265306122449,1.4188302287423993,2.6442624498875746,2120.698484809835,802.0,29401,1.8783649052841476,3.0877817459305197,2470.225396744416,800.0,15045,28260,9.255175734232065,1.092015660385649,733.8345237791561,672.0,2077,19223,1.433252072159922,2.6460258084441497,2122.112698372208,802.0,20510,29396,118,582.5,11.0,85.0,57.5,233.69312063808573,161.0,1.4515100660750666,161.72604718343766,141.0,1.146993242435728,239.44856167723063,149.0,1.607037326692823,1.3940484418070749,2.25172757135487,1.8873762362164075,2.9872724515248334,6.645755973963566,1.1040982854181611,1.4583848977005482,2.1727792260853507
C:\Users\JackM\40xMBPCNP\40xN1N2N3N4lif\HAMI_1104.lif,HAMI_1104,4,Image 5,HAMI_1104_S5_Image_5,43,23229,16921,0,13390,1150,16905,19,74,12,14.423076923076923,1.4886236038059217,1.7058483085669685,1492.9705627484773,875.2071067811866,25189,1.8703510082150858,2.2138817982370984,1926.0771644662755,870.0,13390,25044,8.534782608695652,0.5484132660059879,313.6923881554251,572.0,1150,9815,1.489500147885241,1.7088473718796502,1492.1776695296637,873.2071067811866,16905,25180,153,502.5,8.0,65.0,72.5,559.0855115758028,161.0,3.472580817241011,172.73739130434782,141.0,1.2250878815911193,381.2368530020704,149.0,2.5586365973293317,1.3940484418070749,2.25172757135487,1.8873762362164075,2.9872724515248334,6.645755973963566,1.1040982854181611,1.4583848977005482,2.1727792260853507
C:\Users\JackM\40xMBPCNP\40xN1N2N3N4lif\HAMI_1104.lif,HAMI_1104,4,Image 5,HAMI_1104_S5_Image_5,44,49728,36261,1,30211,2257,35690,71,190,45,12.013071895424837,1.4626733956592481,2.916106724926848,3242.710678118655,1112.0,53038,1.748237396974612,3.256061254829296,3620.7401153701776,1112.0,30211,52816,17.416925121843153,1.0861865899225371,1012.3259018078046,932.0,2257,39310,1.4836088540207342,2.8184256814524233,3134.089357775095,1112.0,35690,52950,174,1057.5,24.0,115.0,85.0,459.75346728012977,161.0,2.8556115980132284,149.00044306601683,141.0,1.0567407309646584,345.27755673858223,149.0,2.317299038513975,1.3940484418070749,2.25172757135487,1.8873762362164075,2.9872724515248334,6.645755973963566,1.1040982854181611,1.4583848977005482,2.1727792260853507
C:\Users\JackM\40xMBPCNP\40xN1N2N3N4lif\HAMI_1104.lif,HAMI_1104,4,Image 5,HAMI_1104_S5_Image_5,45,39380,28374,2,22063,937,28214,48,118,29,13.24742268041237,1.4748361175724254,2.3291948235995332,2366.4619407771256,1016.0,41847,1.8756288809318769,3.095822334993933,3124.3259018078047,1009.2071067811866,22063,41382,25.56136606189968,0.4977457961033293,402.38477631085027,808.4142135623731,937,23951,1.4828453959027432,2.2870610389984254,2321.840620433566,1015.2071067811866,28214,41837,162,852.5,19.0,115.0,77.5,458.2409917055704,161.0,2.846217339786152,157.5613660618997,141.0,1.1174564968929057,350.9129510172255,149.0,2.3551204766256744,1.3940484418070749,2.25172757135487,1.8873762362164075,2.9872724515248334,6.645755973963566,1.1040982854181611,1.4583848977005482,2.1727792260853507
C:\Users\JackM\40xMBPCNP\40xN1N2N3N4lif\HAMI_1104.lif,HAMI_1104,4,Image 5,HAMI_1104_S5_Image_5,46,47642,38240,4,28999,3828,37171,45,284,54,11.778378378378378,1.6022489539748954,2.563075821585478,3294.083261120685,1285.2071067811867,61270,2.0275181902824237,3.3623891149655942,4240.669047558312,1261.2071067811867,28999,58796,12.212121212121213,1.4078888038565318,1410.704581464245,1002.0,3828,46748,1.648327997632563,2.3635361939914583,3037.6335136523794,1285.2071067811867,37171,61270,335,847.5,14.0,235.0,160.63492063492063,375.142453188041,161.0,2.330077348994043,164.51097178683386,141.0,1.166744480757687,292.79325280460574,149.0,1.965055387950374,1.3940484418070749,2.25172757135487,1.8873762362164075,2.9872724515248334,6.645755973963566,1.1040982854181611,1.4583848977005482,2.1727792260853507
C:\Users\JackM\40xMBPCNP\40xN1N2N3N4lif\HAMI_1104.lif,HAMI_1104,4,Image 5,HAMI_1104_S5_Image_5,47,9436,7582,3,1135,6211,3748,10,42,6,12.933333333333334,1.2577156423107358,1.5269659365706736,720.727922061358,472.0,9536,6.222026431718062,0.9638936489279948,404.0710678118655,419.20710678118655,1135,7062,1.4997584929962968,1.354114694118074,639.142135623731,472.0,6211,9315,2.2788153681963714,1.6529012685572806,749.1066017177982,453.20710678118655,3748,8541,88,217.5,9.0,45.0,42.5,211.40616740088106,161.0,1.31308178509864,348.91531154403475,141.0,2.4745766776172675,200.97652081109925,149.0,1.3488357101416057,1.3940484418070749,2.25172757135487,1.8873762362164075,2.9872724515248334,6.645755973963566,1.1040982854181611,1.4583848977005482,2.1727792260853507
C:\Users\JackM\40xMBPCNP\40xN1N2N3N4lif\HAMI_1104.lif,HAMI_1104,4,Image 5,HAMI_1104_S5_Image_5,48,12574,9195,0,6009,3063,8364,12,36,6,16.192307692307693,1.4777596519847744,1.7686324858957039,944.4497474683059,534.0,13588,2.2050257946413714,1.8460083109004264,974.6923881554251,528.0,6009,13250,3.7642833823049298,1.912324958837635,982.9350288425444,514.0,3063,11530,1.6229076996652319,1.4648085988591202,779.278174593052,532.0,8364,13574,99,282.5,8.0,60.0,47.5,409.09119653852554,161.0,2.5409391089349413,170.63271302644466,141.0,1.2101610852939337,458.27654232424675,149.0,3.0756814921090387,1.3940484418070749,2.25172757135487,1.8873762362164075,2.9872724515248334,6.645755973963566,1.1040982854181611,1.4583848977005482,2.1727792260853507
C:\Users\JackM\40xMBPCNP\40xN1N2N3N4lif\HAMI_1104.lif,HAMI_1104,4,Image 5,HAMI_1104_S5_Image_5,49,9548,6621,3,3249,417,6564,13,31,6,14.423076923076923,1.476061017973116,1.7844868718058238,820.863961030679,460.0,9773,2.0353955063096336,1.8248885701888578,719.0060966544099,394.0,3249,6613,9.66906474820144,0.5408808674606226,183.89949493661166,340.0,417,4032,1.480956733698964,1.767545799591012,813.0710678118655,460.0,6564,9721,80,247.5,7.0,50.0,37.5,204.87719298245614,161.0,1.2725291489593549,139.73381294964028,141.0,0.9910199499974488,230.46633150517977,149.0,1.5467539027193273,1.3940484418070749,2.25172757135487,1.8873762362164075,2.9872724515248334,6.645755973963566,1.1040982854181611,1.4583848977005482,2.1727792260853507
C:\Users\JackM\40xMBPCNP\40xN1N2N3N4lif\HAMI_1104.lif,HAMI_1104,4,Image 5,HAMI_1104_S5_Image_5,50,12435,9594,2,1828,8202,4365,16,59,10,12.923076923076923,1.5317907025224098,1.7640484790964215,1065.4852813742386,604.0,14696,6.477024070021882,1.0376859251505315,593.5563491861041,572.0,1828,11840,1.7583516215557182,2.0446057599454845,1226.7634559672906,600.0,8202,14422,2.8668957617411226,1.3227130823287356,756.5918830920368,572.0,4365,12514,114,357.5,9.0,70.0,55.0,229.90098468271336,161.0,1.427956426600704,290.842111680078,141.0,2.062710011915447,201.8109965635739,149.0,1.3544362185474759,1.3940484418070749,2.25172757135487,1.8873762362164075,2.9872724515248334,6.645755973963566,1.1040982854181611,1.4583848977005482,2.1727792260853507
C:\Users\JackM\40xMBPCNP\40xN1N2N3N4lif\HAMI_1104.lif,HAMI_1104,4,Image 5,HAMI_1104_S5_Image_5,51,7789,5547,1,0,5448,219,22,44,6,9.567567567567568,1.3729944113935462,1.6712335351728358,678.5208152801713,406.0,7616,,,0.0,0.0,0,0,1.3740822320117474,1.6131474661050713,648.4852813742386,402.0,5448,7486,12.374429223744292,0.272605300082916,100.86396103067892,370.0,219,2710,131,202.5,5.0,110.0,62.5,141.94753921038398,161.0,0.8816617342259875,287.306718061674,141.0,2.037636298309745,175.64383561643837,149.0,1.1788176887009287,1.3940484418070749,2.25172757135487,1.8873762362164075,2.9872724515248334,6.645755973963566,1.1040982854181611,1.4583848977005482,2.1727792260853507
C:\Users\JackM\40xMBPCNP\40xN1N2N3N4lif\HAMI_1104.lif,HAMI_1104,5,Image 6,HAMI_1104_S6_Image_6,1,5671,5053,2,0,5053,0,3,52,14,9.575757575757576,1.1116168612705324,1.7150194168170534,583.1066017177982,340.0,5617,,,0.0,0.0,0,0,1.1116168612705324,1.7150194168170534,583.1066017177982,340.0,5053,5617,,,0.0,0.0,0,0,64,157.5,9.0,35.0,30.0,124.49040174153969,145.0,0.8585544947692392,351.84880269147044,137.0,2.5682394357041636,126.81258658222838,139.0,0.9123207667786214,1.5245463800641237,2.4227809484384726,2.213692024708619,2.950354741034715,4.0780405468299135,1.578982255153894,1.6701337470670148,2.4177893890714977
C:\Users\JackM\40xMBPCNP\40xN1N2N3N4lif\HAMI_1104.lif,HAMI_1104,5,Image 6,HAMI_1104_S6_Image_6,2,16083,11015,2,0,9407,2811,36,137,52,7.543689320388349,1.5571493418066273,2.171510169636814,1459.254833995939,672.0,17152,,,0.0,0.0,0,0,1.7677261613691932,1.8519651173236649,1237.1126983722081,668.0,9407,16629,2.6040554962646745,1.677152590500491,711.1126983722081,424.0,2811,7320,127,452.5,12.0,80.0,60.0,131.10739900136178,145.0,0.9041889586300813,397.6535558626555,137.0,2.9025806997274124,169.85699039487727,139.0,1.2219927366537933,1.5245463800641237,2.4227809484384726,2.213692024708619,2.950354741034715,4.0780405468299135,1.578982255153894,1.6701337470670148,2.4177893890714977
C:\Users\JackM\40xMBPCNP\40xN1N2N3N4lif\HAMI_1104.lif,HAMI_1104,5,Image 6,HAMI_1104_S6_Image_6,3,14389,8301,1,6130,1465,8180,20,57,10,12.536585365853659,2.1225153595952295,1.7951431666327042,1188.3847763108502,662.0,17619,2.7172920065252857,1.813746198219299,1178.9350288425444,650.0,6130,16657,2.849146757679181,1.2790032357935317,422.0710678118655,330.0,1465,4174,2.153911980440098,1.790298594455685,1185.1776695296635,662.0,8180,17619,114,442.5,11.0,45.0,55.0,305.2251223491028,145.0,2.105000843786916,172.2778156996587,137.0,1.2575023043770708,291.38349633251835,139.0,2.0962841462771102,1.5245463800641237,2.4227809484384726,2.213692024708619,2.950354741034715,4.0780405468299135,1.578982255153894,1.6701337470670148,2.4177893890714977
C:\Users\JackM\40xMBPCNP\40xN1N2N3N4lif\HAMI_1104.lif,HAMI_1104,5,Image 6,HAMI_1104_S6_Image_6,4,28781,21848,1,5550,18402,9180,35,157,37,11.380952380952381,1.3890974002196999,1.9906049875912026,1699.976659402887,854.0,30349,3.9634234234234236,1.5643233450961698,1160.727922061358,742.0,5550,21997,1.5233670253233345,1.9127331897070745,1541.6629509039021,806.0,18402,28033,2.946296296296296,1.992625853828596,1618.0121933088199,812.0,9180,27047,255,537.5,6.0,10.0,125.0,287.1236036036036,145.0,1.9801627834731284,465.92022606238453,137.0,3.400877562499157,209.62342047930284,139.0,1.5080821617216031,1.5245463800641237,2.4227809484384726,2.213692024708619,2.950354741034715,4.0780405468299135,1.578982255153894,1.6701337470670148,2.4177893890714977
C:\Users\JackM\40xMBPCNP\40xN1N2N3N4lif\HAMI_1104.lif,HAMI_1104,5,Image 6,HAMI_1104_S6_Image_6,5,16389,10956,1,9099,1181,10956,14,42,3,17.9,1.5200803212851406,1.831758258492211,1091.7279220613577,596.0,16654,1.7765688537201891,1.8425391161456617,1079.7279220613577,586.0,9099,16165,4.723962743437765,1.2625174428189672,459.55634918610406,364.0,1181,5579,1.5200803212851406,1.831758258492211,1091.7279220613577,596.0,10956,16654,96,317.5,10.0,60.0,45.0,261.6726013847676,145.0,1.8046386302397763,153.8670618120237,137.0,1.1231172395038227,302.3975903614458,139.0,2.175522232816157,1.5245463800641237,2.4227809484384726,2.213692024708619,2.950354741034715,4.0780405468299135,1.578982255153894,1.6701337470670148,2.4177893890714977
C:\Users\JackM\40xMBPCNP\40xN1N2N3N4lif\HAMI_1104.lif,HAMI_1104,5,Image 6,HAMI_1104_S6_Image_6,7,74413,54463,3,36376,12003,51416,86,320,64,12.179039301310043,2.01160420836164,2.8264327417233432,4601.432503525602,1628.0,109558,2.8458599076314055,3.6247214686858054,5727.059920523572,1580.0,36376,103521,6.9775056235941015,1.6973498128738729,2535.840620433566,1494.0,12003,83751,2.1285008557647425,2.979319409374824,4850.331998462214,1628.0,51416,109439,295,1327.5,12.0,165.0,145.0,328.31977127776554,145.0,2.264274284674245,215.00391568774472,137.0,1.5693716473558008,310.06558269799285,139.0,2.230687645309301,1.5245463800641237,2.4227809484384726,2.213692024708619,2.950354741034715,4.0780405468299135,1.578982255153894,1.6701337470670148,2.4177893890714977
C:\Users\JackM\40xMBPCNP\40xN1N2N3N4lif\HAMI_1104.lif,HAMI_1104,5,Image 6,HAMI_1104_S6_Image_6,9,125686,77381,1,57063,1356,77296,78,323,56,16.81304347826087,1.8127834998255385,4.326597258227321,7571.545201897811,1750.0,140275,2.39521230920211,4.919538151471791,8471.444696834424,1722.0,57063,136678,44.08038348082596,0.4637387293970666,582.4558441227157,1256.0,1356,59773,1.814776961291658,4.309197402531146,7541.0954544295055,1750.0,77296,140275,283,2452.5,34.0,175.0,140.0,333.0025761000999,145.0,2.2965694903455165,151.69837758112095,137.0,1.107287427599423,360.80304284827156,139.0,2.5957053442321696,1.5245463800641237,2.4227809484384726,2.213692024708619,2.950354741034715,4.0780405468299135,1.578982255153894,1.6701337470670148,2.4177893890714977
C:\Users\JackM\40xMBPCNP\40xN1N2N3N4lif\HAMI_1104.lif,HAMI_1104,5,Image 6,HAMI_1104_S6_Image_6,10,24396,17168,1,2558,15960,3164,37,103,38,10.35632183908046,1.654764678471575,2.0737014221923675,1816.562445840514,876.0,28409,2.4988272087568415,1.3213020382004281,528.5208152801713,400.0,2558,6392,1.7474310776942357,1.9638759578302825,1720.3553390593274,876.0,15960,27889,5.305941845764854,0.783438124879337,617.3492424049175,788.0,3164,16788,141,622.5,15.0,45.0,67.5,266.8725566849101,145.0,1.8405003909304143,383.40200501253133,137.0,2.7985547811133675,206.57490518331227,139.0,1.4861503970022465,1.5245463800641237,2.4227809484384726,2.213692024708619,2.950354741034715,4.0780405468299135,1.578982255153894,1.6701337470670148,2.4177893890714977
C:\Users\JackM\40xMBPCNP\40xN1N2N3N4lif\HAMI_1104.lif,HAMI_1104,5,Image 6,HAMI_1104_S6_Image_6,11,31740,21870,1,16689,7530,20183,36,172,30,12.469026548672566,1.6226337448559671,2.7048050865276334,2704.805086527633,1000.0,35487,2.129426568398346,2.889999298687381,2884.219300090006,998.0,16689,35538,4.168924302788844,1.9701792657203434,1883.4913780286483,956.0,7530,31392,1.7116385076549572,2.5600414494220063,2508.840620433566,980.0,20183,34546,194,877.5,14.0,100.0,95.0,370.7962130744802,145.0,2.557215262582622,205.34794156706508,137.0,1.498890084431132,279.4656889461428,139.0,2.0105445247923943,1.5245463800641237,2.4227809484384726,2.213692024708619,2.950354741034715,4.0780405468299135,1.578982255153894,1.6701337470670148,2.4177893890714977
C:\Users\JackM\40xMBPCNP\40xN1N2N3N4lif\HAMI_1104.lif,HAMI_1104,5,Image 6,HAMI_1104_S6_Image_6,12,20538,13185,1,10756,1788,12577,34,96,25,9.545454545454545,1.5997724687144483,1.8195192387070787,1390.1126983722081,764.0,21093,1.8680736333209371,2.074514580878233,1583.284271247462,763.2071067811866,10756,20093,6.347874720357942,1.1892030708748504,625.5208152801713,526.0,1788,11350,1.604754710980361,1.6843283646167646,1285.4913780286483,763.2071067811866,12577,20183,136,542.5,12.0,55.0,65.0,372.4575120862774,145.0,2.5686724971467405,188.7388143176734,137.0,1.3776555789611196,329.7590045320824,139.0,2.3723669390797295,1.5245463800641237,2.4227809484384726,2.213692024708619,2.950354741034715,4.0780405468299135,1.578982255153894,1.6701337470670148,2.4177893890714977
C:\Users\JackM\40xMBPCNP\40xN1N2N3N4lif\HAMI_1104.lif,HAMI_1104,5,Image 6,HAMI_1104_S6_Image_6,13,37680,33300,1,21877,3472,32697,36,111,19,15.144444444444444,1.2503303303303304,1.834343470536556,1827.0060966544097,996.0,41636,1.856241715043196,3.60972928504204,3595.290367901872,996.0,21877,40609,11.353398617511521,1.3206458340293477,1257.254833995939,952.0,3472,39419,1.2571795577575924,1.762262252445378,1755.2132034355964,996.0,32697,41106,314,590.0,8.0,235.0,165.0,563.8987521140924,145.0,3.8889569111316717,174.28052995391704,137.0,1.2721206565979346,397.1107746888094,139.0,2.8569120481209307,1.5245463800641237,2.4227809484384726,2.213692024708619,2.950354741034715,4.0780405468299135,1.578982255153894,1.6701337470670148,2.4177893890714977
C:\Users\JackM\40xMBPCNP\40xN1N2N3N4lif\HAMI_1104.lif,HAMI_1104,5,Image 6,HAMI_1104_S6_Image_6,14,49525,35115,1,24381,2992,34962,57,198,42,12.597222222222221,1.7557454079453225,2.6959013328521846,3116.4619407771256,1156.0,61653,2.4855010048808497,3.105611918838387,3583.8761543394985,1154.0,24381,60599,11.584224598930481,1.23741489166091,1116.1482322781408,902.0,2992,34660,1.7634288656255364,2.670993985777087,3087.6690475583123,1156.0,34962,61653,188,1082.5,17.0,85.0,92.5,327.3311595094541,145.0,2.257456272478994,163.7336229946524,137.0,1.1951359342675356,357.1614038098507,139.0,2.569506502229142,1.5245463800641237,2.4227809484384726,2.213692024708619,2.950354741034715,4.0780405468299135,1.578982255153894,1.6701337470670148,2.4177893890714977
C:\Users\JackM\40xMBPCNP\40xN1N2N3N4lif\HAMI_1104.lif,HAMI_1104,5,Image 6,HAMI_1104_S6_Image_6,15,82415,58269,1,43431,3275,58022,85,251,69,12.137566137566138,1.574748150817759,2.851737824010131,4249.089357775096,1490.0,91759,2.0950012663765514,4.132741814495759,6132.988852711706,1484.0,43431,90988,17.788396946564884,1.1457316700473257,1354.254833995939,1182.0,3275,58257,1.5814518630864154,2.816143505952458,4196.053823869162,1490.0,58022,91759,256,1482.5,21.0,100.0,125.0,408.3396652160899,145.0,2.8161356221799303,161.15175572519084,137.0,1.1762901877751155,396.5201647650891,139.0,2.85266305586395,1.5245463800641237,2.4227809484384726,2.213692024708619,2.950354741034715,4.0780405468299135,1.578982255153894,1.6701337470670148,2.4177893890714977
C:\Users\JackM\40xMBPCNP\40xN1N2N3N4lif\HAMI_1104.lif,HAMI_1104,5,Image 6,HAMI_1104_S6_Image_6,16,34923,21732,2,18091,3317,20169,37,153,31,12.310679611650485,1.9168507270384687,2.543959807599553,2549.0477272147523,1002.0,41657,2.181858382621193,2.647452498673314,2562.734018715768,968.0,18091,39472,8.744045824540247,1.3265307272755256,1069.1837661840736,806.0,3317,29004,1.9623679904804403,2.3060340497600365,2246.0771644662755,974.0,20169,39579,178,797.5,12.0,90.0,85.0,319.7975236305345,145.0,2.2055001629692033,199.18902622851974,137.0,1.4539344980183921,270.449055481184,139.0,1.9456766581380145,1.5245463800641237,2.4227809484384726,2.213692024708619,2.950354741034715,4.0780405468299135,1.578982255153894,1.6701337470670148,2.4177893890714977
C:\Users\JackM\40xMBPCNP\40xN1N2N3N4lif\HAMI_1104.lif,HAMI_1104,5,Image 6,HAMI_1104_S6_Image_6,17,31504,27676,3,11294,19992,22632,27,154,44,12.403669724770642,1.2354386472033532,1.919476726296219,1716.0121933088196,894.0,34192,2.9121657517265804,2.3601077131487727,2095.77564927611,888.0,11294,32890,1.3987094837935174,1.6340574423593874,1333.39087296526,816.0,19992,27963,1.5102509720749382,2.485743662187851,2222.254833995939,894.0,22632,34180,165,547.5,18.0,85.0,80.0,234.6336993093678,145.0,1.6181634435128815,395.31002400960386,137.0,2.8854746278073273,291.23802580417106,139.0,2.095237595713461,1.5245463800641237,2.4227809484384726,2.213692024708619,2.950354741034715,4.0780405468299135,1.578982255153894,1.6701337470670148,2.4177893890714977
C:\Users\JackM\40xMBPCNP\40xN1N2N3N4lif\HAMI_1104.lif,HAMI_1104,5,Image 6,HAMI_1104_S6_Image_6,18,28322,21057,2,13373,10257,17078,34,135,30,12.525773195876289,1.659068243339507,2.315653107431046,2125.7695526217003,918.0,34935,2.4002093771031183,2.5096288136138054,2248.6274169979697,896.0,13373,32098,2.628936336160671,1.4673573716032196,1323.556349186104,902.0,10257,26965,2.012296521840965,2.3387932388984964,2147.01219330882,918.0,17078,34366,205,717.5,14.0,85.0,100.0,293.1084274284005,145.0,2.021437430540693,310.46836306912354,137.0,2.266192431161486,279.7104461880782,139.0,2.0123053682595553,1.5245463800641237,2.4227809484384726,2.213692024708619,2.950354741034715,4.0780405468299135,1.578982255153894,1.6701337470670148,2.4177893890714977
C:\Users\JackM\40xMBPCNP\40xN1N2N3N4lif\HAMI_1104.lif,HAMI_1104,5,Image 6,HAMI_1104_S6_Image_6,19,54704,47393,1,31417,5164,46210,43,245,53,13.155688622754491,1.2395079442111705,2.582955854309892,2918.7401153701776,1130.0,58744,1.7950472674029985,4.342683995723824,4768.267027304759,1098.0,31417,56395,10.991479473276529,1.607961832281235,1775.1898628384834,1104.0,5164,56760,1.2321575416576498,2.5250872730263594,2812.9472221513643,1114.0,46210,56938,179,727.5,12.0,105.0,87.5,348.6487570423656,145.0,2.404474186499073,193.87742060418282,137.0,1.41516365404513,349.4220947846786,139.0,2.5138280200336593,1.5245463800641237,2.4227809484384726,2.213692024708619,2.950354741034715,4.0780405468299135,1.578982255153894,1.6701337470670148,2.4177893890714977
C:\Users\JackM\40xMBPCNP\40xN1N2N3N4lif\HAMI_1104.lif,HAMI_1104,5,Image 6,HAMI_1104_S6_Image_6,26,15029,10621,1,8540,452,10621,15,95,18,11.333333333333334,1.365690612936635,1.9516973429334439,1124.1776695296637,576.0,14505,1.7,2.144737376285467,1196.7634559672906,558.0,8540,14518,13.980088495575222,0.44879728729537605,178.62132034355966,398.0,452,6319,1.365690612936635,1.9516973429334439,1124.1776695296637,576.0,10621,14505,91,307.5,8.0,55.0,42.5,354.7268149882904,145.0,2.446391827505451,165.44690265486724,137.0,1.207641625218009,285.52772808586764,139.0,2.0541563171645154,1.5245463800641237,2.4227809484384726,2.213692024708619,2.950354741034715,4.0780405468299135,1.578982255153894,1.6701337470670148,2.4177893890714977
C:\Users\JackM\40xMBPCNP\40xN1N2N3N4lif\HAMI_1104.lif,HAMI_1104,5,Image 6,HAMI_1104_S6_Image_6,27,40743,26197,1,20913,1616,25875,58,214,38,10.358620689655172,1.830896667557354,2.484742578790564,2782.911688245432,1120.0,47964,2.2119255965189115,2.9441184667154197,3262.083261120685,1108.0,20913,46258,18.56930693069307,0.6640994302235582,539.2487373415292,812.0,1616,30008,1.8256231884057972,2.467038626000612,2763.083261120685,1120.0,25875,47238,196,855.0,13.0,70.0,97.5,357.85506622674893,145.0,2.467965973977579,182.72153465346534,137.0,1.3337338295873382,323.4533333333333,139.0,2.3270023980815346,1.5245463800641237,2.4227809484384726,2.213692024708619,2.950354741034715,4.0780405468299135,1.578982255153894,1.6701337470670148,2.4177893890714977
C:\Users\JackM\40xMBPCNP\40xN1N2N3N4lif\HAMI_1104.lif,HAMI_1104,5,Image 6,HAMI_1104_S6_Image_6,29,38281,31177,2,21216,2640,30864,39,204,48,11.125,1.4559130127978959,2.2948721104134315,2340.7695526217003,1020.0,45391,2.0028280542986425,2.7693688325381034,2741.6751442127224,990.0,21216,42492,13.793181818181818,1.1313624791964303,1079.3198051533946,954.0,2640,36414,1.4657853810264385,2.280116121797684,2316.597979746447,1016.0,30864,45240,337,675.0,6.0,185.0,167.421875,251.30208333333334,145.0,1.733117816091954,164.5655303030303,137.0,1.2012082503870825,336.15811301192326,139.0,2.418403690733261,1.5245463800641237,2.4227809484384726,2.213692024708619,2.950354741034715,4.0780405468299135,1.578982255153894,1.6701337470670148,2.4177893890714977
C:\Users\JackM\40xMBPCNP\40xN1N2N3N4lif\HAMI_1104.lif,HAMI_1104,5,Image 6,HAMI_1104_S6_Image_6,30,8353,6859,1,2296,209,6859,18,116,28,6.783783783783784,1.2673859163143315,2.0871342635875787,1026.8700576850888,492.0,8693,3.2600174216027873,1.491351125196903,700.9350288425444,470.0,2296,7485,17.875598086124402,0.2226061097013946,85.03553390593274,382.0,209,3736,1.2673859163143315,2.0871342635875787,1026.8700576850888,492.0,6859,8693,94,282.5,9.0,35.0,45.0,212.51698606271776,145.0,1.4656343866394328,157.51674641148324,137.0,1.14975727307652,268.8460416970404,139.0,1.934144184870794,1.5245463800641237,2.4227809484384726,2.213692024708619,2.950354741034715,4.0780405468299135,1.578982255153894,1.6701337470670148,2.4177893890714977
C:\Users\JackM\40xMBPCNP\40xN1N2N3N4lif\HAMI_1104.lif,HAMI_1104,5,Image 6,HAMI_1104_S6_Image_6,32,56278,55724,3,40661,10142,55296,15,42,5,28.62857142857143,1.135220012920824,1.2739841448596458,1541.5208152801715,1210.0,63259,1.5427805513883082,2.9207458035185008,3528.260930650349,1208.0,40661,62731,5.846874383750739,2.636230122091454,3121.2964645562815,1184.0,10142,59299,1.1431568287037037,1.264066789487745,1529.5208152801715,1210.0,55296,63212,206,497.5,8.0,125.0,100.0,823.4127296426551,145.0,5.678708480294173,209.63734963518044,137.0,1.5301996323735798,549.3465711805555,139.0,3.9521336056155074,1.5245463800641237,2.4227809484384726,2.213692024708619,2.950354741034715,4.0780405468299135,1.578982255153894,1.6701337470670148,2.4177893890714977
C:\Users\JackM\40xMBPCNP\40xN1N2N3N4lif\HAMI_1104.lif,HAMI_1104,5,Image 6,HAMI_1104_S6_Image_6,33,30716,26523,1,20027,4695,25939,39,120,26,12.010416666666666,1.3921125061267579,1.7203716995386307,1665.3198051533946,968.0,36923,1.771508463574175,2.7984771814918528,2725.7167747730646,974.0,20027,35478,6.723748668796592,1.8004084357003765,1566.3553390593274,870.0,4695,31568,1.4164771193955048,1.7040934357856548,1649.5624458405139,968.0,25939,36742,181,512.5,10.0,85.0,87.5,277.8028161981325,145.0,1.9158814910216035,190.58998935037275,137.0,1.3911678054771732,336.68865415012147,139.0,2.4222205334541114,1.5245463800641237,2.4227809484384726,2.213692024708619,2.950354741034715,4.0780405468299135,1.578982255153894,1.6701337470670148,2.4177893890714977
C:\Users\JackM\40xMBPCNP\40xN1N2N3N4lif\HAMI_1104.lif,HAMI_1104,5,Image 6,HAMI_1104_S6_Image_6,34,38502,35144,0,23769,6636,34533,31,221,44,11.32857142857143,1.2431994081493285,2.042859892601197,2196.4974746830585,1075.2071067811867,43691,1.774412049307922,3.670171117321594,3880.130988335438,1057.2071067811867,23769,42176,6.133514165159735,2.116471913993453,2229.083261120685,1053.2071067811867,6636,40702,1.2629658587438102,2.031347059791248,2184.118795026618,1075.2071067811867,34533,43614,190,652.5,13.0,70.0,92.5,313.40220455214774,145.0,2.161394514152743,194.0450572634117,137.0,1.4163872792949759,337.13699939188604,139.0,2.425446038790547,1.5245463800641237,2.4227809484384726,2.213692024708619,2.950354741034715,4.0780405468299135,1.578982255153894,1.6701337470670148,2.4177893890714977
C:\Users\JackM\40xMBPCNP\40xN1N2N3N4lif\HAMI_1104.lif,HAMI_1104,5,Image 6,HAMI_1104_S6_Image_6,35,38615,21866,1,18036,1681,21569,45,94,19,14.113924050632912,2.4351047288027075,2.437870243728667,2686.533008588991,1102.0,53246,2.903858948769128,2.4828307032659875,2701.3198051533946,1088.0,18036,52374,18.502676977989292,0.691592858453999,653.698484809835,945.2071067811866,1681,31103,2.465992860123325,2.3250628857441074,2562.219300090006,1102.0,21569,53189,202,920.0,13.0,80.0,97.5,411.07595919272563,145.0,2.835006615122246,163.96847114812613,137.0,1.196850154365884,353.61769205804626,139.0,2.5440121730794694,1.5245463800641237,2.4227809484384726,2.213692024708619,2.950354741034715,4.0780405468299135,1.578982255153894,1.6701337470670148,2.4177893890714977
C:\Users\JackM\40xMBPCNP\40xN1N2N3N4lif\HAMI_1104.lif,HAMI_1104,5,Image 6,HAMI_1104_S6_Image_6,36,62545,46111,3,36547,11173,41126,103,605,142,8.3875,1.5126542473596323,4.309888018290349,5844.208152801713,1356.0,69750,1.840643554874545,4.320881599527596,5625.78784258493,1302.0,36547,67270,5.91085652913273,2.4557319246819014,3303.4680374315353,1345.2071067811867,11173,66042,1.6774546515586246,4.020169829222304,5451.350288425444,1356.0,41126,68987,352,1492.5,12.0,235.0,172.5,288.9668098612745,145.0,1.9928745507674104,190.78000537008862,137.0,1.3925547837232746,238.1727131255167,139.0,1.7134727562986813,1.5245463800641237,2.4227809484384726,2.213692024708619,2.950354741034715,4.0780405468299135,1.578982255153894,1.6701337470670148,2.4177893890714977
C:\Users\JackM\40xMBPCNP\40xN1N2N3N4lif\HAMI_1104.lif,HAMI_1104,5,Image 6,HAMI_1104_S6_Image_6,38,22524,18541,1,3828,4651,17400,33,139,21,11.204081632653061,1.529583086133434,2.07357333744167,1849.6274169979695,892.0,28360,4.773510971786834,1.4270416119385956,1007.4913780286485,706.0,3828,18273,4.049451730810579,1.7799079937129427,1292.2132034355964,726.0,4651,18834,1.588103448275862,1.9700991122425957,1737.6274169979695,882.0,17400,27633,168,525.0,9.0,125.0,80.0,221.36442006269593,145.0,1.526651172846179,213.6882390883681,137.0,1.5597681685282343,301.39189655172413,139.0,2.168287025551972,1.5245463800641237,2.4227809484384726,2.213692024708619,2.950354741034715,4.0780405468299135,1.578982255153894,1.6701337470670148,2.4177893890714977
C:\Users\JackM\40xMBPCNP\40xN1N2N3N4lif\HAMI_1104.lif,HAMI_1104,5,Image 6,HAMI_1104_S6_Image_6,39,48485,46493,1,30336,17885,45077,27,180,48,14.5625,1.1074355279289356,1.706366646998696,1856.5269119345812,1088.0,51488,1.6690730485232068,4.474549230198754,4796.716774773065,1072.0,30336,50633,2.705507408442829,2.816234518343596,2971.710678118655,1055.2071067811867,17885,48388,1.1418018057989663,2.1669340404252964,2353.290367901872,1086.0,45077,51469,180,452.5,11.0,125.0,87.5,362.6680181962025,145.0,2.501158746180707,272.9831143416271,137.0,1.992577476946183,390.10031723495354,139.0,2.8064771024097377,1.5245463800641237,2.4227809484384726,2.213692024708619,2.950354741034715,4.0780405468299135,1.578982255153894,1.6701337470670148,2.4177893890714977
C:\Users\JackM\40xMBPCNP\40xN1N2N3N4lif\HAMI_1104.lif,HAMI_1104,5,Image 6,HAMI_1104_S6_Image_6,40,8105,6499,1,4710,836,6405,7,43,8,13.172413793103448,1.2860440067702723,1.6970171902215865,739.8994949366117,436.0,8358,1.5596602972399152,1.8163623620140887,730.1776695296637,402.0,4710,7346,7.6650717703349285,0.9197810769608916,390.1776695296637,424.20710678118655,836,6408,1.2960187353629977,1.686881570778337,732.1066017177982,434.0,6405,8301,85,157.5,6.0,35.0,40.0,217.53864118895967,145.0,1.5002664909583425,166.62918660287082,137.0,1.2162714350574513,253.06541764246683,139.0,1.8206145154134303,1.5245463800641237,2.4227809484384726,2.213692024708619,2.950354741034715,4.0780405468299135,1.578982255153894,1.6701337470670148,2.4177893890714977
C:\Users\JackM\40xMBPCNP\40xN1N2N3N4lif\HAMI_1104.lif,HAMI_1104,5,Image 6,HAMI_1104_S6_Image_6,41,14948,14948,1,2717,14948,7664,4,6,2,44.2,1.0367942199625368,1.0062221999030234,585.6213203435597,582.0,15498,4.344497607655502,1.294737483576214,662.9055915910216,512.0,2717,11804,1.0367942199625368,1.0062221999030234,585.6213203435597,582.0,14948,15498,1.9026617954070981,2.297772834553993,1328.1126983722081,578.0,7664,14582,105,202.5,12.0,80.0,50.0,234.9896945160103,145.0,1.6206185828690365,559.2402997056463,137.0,4.082045983252892,263.00574112734864,139.0,1.8921276340097024,1.5245463800641237,2.4227809484384726,2.213692024708619,2.950354741034715,4.0780405468299135,1.578982255153894,1.6701337470670148,2.4177893890714977
C:\Users\JackM\40xMBPCNP\40xN1N2N3N4lif\HAMI_1104.lif,HAMI_1104,5,Image 6,HAMI_1104_S6_Image_6,42,68609,43380,1,36114,1223,43244,66,197,32,15.186206896551724,2.003065928999539,2.9818850424584347,4413.189862838483,1480.0,86893,2.3984050506728694,3.264249566064254,4831.089357775096,1480.0,36114,86616,33.199509403107115,0.5113327938912383,569.2193000900063,1113.2071067811867,1223,40603,2.0093654611044305,2.926431618261228,4331.118795026618,1480.0,43244,86893,236,1497.5,12.0,75.0,115.0,591.3802680400953,145.0,4.078484607173071,157.81439084219133,137.0,1.1519298601619805,413.3986448987143,139.0,2.9740909704943475,1.5245463800641237,2.4227809484384726,2.213692024708619,2.950354741034715,4.0780405468299135,1.578982255153894,1.6701337470670148,2.4177893890714977
C:\Users\JackM\40xMBPCNP\40xN1N2N3N4lif\HAMI_1104.lif,HAMI_1104,5,Image 6,HAMI_1104_S6_Image_6,43,12181,11947,2,62,11923,629,19,55,19,12.948717948717949,1.134678161881644,1.1975300705727479,713.7279220613577,596.0,13556,23.177419354838708,0.17684953375876603,44.03553390593274,249.0,62,1437,1.136710559422964,1.2240878342048724,729.556349186104,596.0,11923,13553,11.332273449920509,0.5515698485950279,238.27817459305203,432.0,629,7128,130,242.5,7.0,60.0,62.5,194.40322580645162,145.0,1.3407119021134595,506.85876037909924,137.0,3.6996989808693375,179.09697933227346,139.0,1.2884674772106004,1.5245463800641237,2.4227809484384726,2.213692024708619,2.950354741034715,4.0780405468299135,1.578982255153894,1.6701337470670148,2.4177893890714977
C:\Users\JackM\40xMBPCNP\40xN1N2N3N4lif\HAMI_1104.lif,HAMI_1104,5,Image 6,HAMI_1104_S6_Image_6,44,11982,11793,1,1518,11435,3441,7,39,5,15.5,1.0709743067921649,1.2277784992600944,675.278174593052,550.0,12630,6.723978919631094,0.8374244893046361,440.4852813742386,526.0,1518,10207,1.0843025797988632,1.1901680217931099,645.0710678118655,542.0,11435,12399,3.167393199651264,1.5021468714731787,799.1421356237311,532.0,3441,10899,114,202.5,5.0,75.0,55.0,237.37812911725956,145.0,1.6370905456362728,553.3773502404897,137.0,4.039250731682406,209.1886079628015,139.0,1.5049540141208742,1.5245463800641237,2.4227809484384726,2.213692024708619,2.950354741034715,4.0780405468299135,1.578982255153894,1.6701337470670148,2.4177893890714977
C:\Users\JackM\40xMBPCNP\40xN1N2N3N4lif\HAMI_1104.lif,HAMI_1104,5,Image 6,HAMI_1104_S6_Image_6,45,116969,80692,3,58096,10473,79922,94,326,63,16.13963963963964,1.6865364596242503,3.7186307156354075,6574.539105243401,1768.0,136090,2.2679186174607544,4.493066171960323,7710.101551083915,1716.0,58096,131757,9.859543588274612,2.0140885099991657,3246.710678118655,1612.0,10473,103259,1.7000825805160031,3.6474406924280105,6448.675144212722,1768.0,79922,135874,266,2072.5,22.0,175.0,130.0,549.367357477279,145.0,3.7887403963950277,171.314809510169,137.0,1.2504730621180218,397.40694677310375,139.0,2.859042782540315,1.5245463800641237,2.4227809484384726,2.213692024708619,2.950354741034715,4.0780405468299135,1.578982255153894,1.6701337470670148,2.4177893890714977
C:\Users\JackM\40xMBPCNP\40xN1N2N3N4lif\HAMI_1104.lif,HAMI_1104,5,Image 6,HAMI_1104_S6_Image_6,46,26158,17735,0,14446,1826,17446,29,79,21,13.774193548387096,1.5727093318297152,1.824441577673932,1777.0060966544097,974.0,27892,1.9212930915132216,1.977409595786401,1910.1776695296635,966.0,14446,27755,10.68565169769989,0.7025059934726671,622.420310216783,886.0,1826,19512,1.5924567236042646,1.7930028504218174,1746.3847763108502,974.0,17446,27782,186,592.5,10.0,70.0,90.0,615.5792606950021,145.0,4.245374211689669,166.1511500547645,137.0,1.2127821171880622,472.9421070732546,139.0,3.40246120196586,1.5245463800641237,2.4227809484384726,2.213692024708619,2.950354741034715,4.0780405468299135,1.578982255153894,1.6701337470670148,2.4177893890714977
C:\Users\JackM\40xMBPCNP\40xN1N2N3N4lif\HAMI_1104.lif,HAMI_1104,5,Image 6,HAMI_1104_S6_Image_6,47,34882,24467,1,10272,18294,12882,75,279,67,8.63,1.4589855724036458,3.4079867273985003,2842.260930650349,834.0,35697,2.939739096573209,2.310355339059327,1848.284271247462,800.0,10272,30197,1.9182245544987429,3.302876504747005,2734.78174593052,828.0,18294,35092,2.7015991305697873,2.914187403179925,2407.118795026618,826.0,12882,34802,140,1027.5,19.0,85.0,67.5,247.8767523364486,145.0,1.7094948436996455,414.3542691592872,137.0,3.0244837164911473,191.70912901723335,139.0,1.3792023670304558,1.5245463800641237,2.4227809484384726,2.213692024708619,2.950354741034715,4.0780405468299135,1.578982255153894,1.6701337470670148,2.4177893890714977
C:\Users\JackM\40xMBPCNP\40xN1N2N3N4lif\HAMI_1104.lif,HAMI_1104,5,Image 6,HAMI_1104_S6_Image_6,48,8962,8915,2,0,8911,1421,1,1,0,89.0,1.0369040942232193,1.0353982300884956,468.0,452.0,9244,,,0.0,0.0,0,0,1.0373695432611378,1.0353982300884956,468.0,452.0,8911,9244,3.4919071076706545,1.201322786671488,408.4497474683059,340.0,1421,4962,92,142.5,4.0,60.0,42.5,145.46606842400448,145.0,1.0032142649931344,458.4515767029514,137.0,3.3463618737441707,185.19071076706544,139.0,1.3323072717055067,1.5245463800641237,2.4227809484384726,2.213692024708619,2.950354741034715,4.0780405468299135,1.578982255153894,1.6701337470670148,2.4177893890714977
C:\Users\JackM\40xMBPCNP\40xN1N2N3N4lif\HAMI_1104.lif,HAMI_1104,5,Image 6,HAMI_1104_S6_Image_6,49,7303,5565,1,0,4297,3618,14,44,13,9.54054054054054,1.3000898472596585,1.9159796011650454,758.727922061358,396.0,7235,,,0.0,0.0,0,0,1.5899464742843845,1.6458904365258675,635.3137084989849,386.0,4297,6832,1.8101160862354893,1.8426476594713526,696.5208152801713,378.0,3618,6549,73,202.5,9.0,45.0,35.0,158.93746630727762,145.0,1.0961204572915697,280.0756341633698,137.0,2.044347694623137,204.44472084024324,139.0,1.4708253297859226,1.5245463800641237,2.4227809484384726,2.213692024708619,2.950354741034715,4.0780405468299135,1.578982255153894,1.6701337470670148,2.4177893890714977
C:\Users\JackM\40xMBPCNP\40xN1N2N3N4lif\HAMI_1104.lif,HAMI_1104,5,Image 6,HAMI_1104_S6_Image_6,50,18648,15782,1,943,3642,15552,41,138,30,10.436893203883495,1.3047142314028641,2.2094878491027576,1620.0121933088199,733.2071067811866,20591,5.990455991516437,0.8442625082586452,351.2132034355964,416.0,943,5649,4.761120263591433,1.5855500880143862,1111.7989898732235,701.2071067811866,3642,17340,1.3240097736625513,2.27392072250263,1667.254833995939,733.2071067811866,15552,20591,129,512.5,14.0,75.0,62.5,208.52386002120892,145.0,1.438095586353165,185.9961559582647,137.0,1.3576361748778445,298.3070344650206,139.0,2.1460937731296443,1.5245463800641237,2.4227809484384726,2.213692024708619,2.950354741034715,4.0780405468299135,1.578982255153894,1.6701337470670148,2.4177893890714977
C:\Users\JackM\40xMBPCNP\40xN1N2N3N4lif\HAMI_1104.lif,HAMI_1104,5,Image 6,HAMI_1104_S6_Image_6,51,17574,14127,1,867,4800,13765,25,156,35,9.108695652173912,1.297303036738161,2.2543861847927396,1537.4913780286483,682.0,18327,3.205305651672434,0.5495979051952032,195.65685424949237,356.0,867,2779,3.5908333333333333,1.834428012668979,1203.3847763108502,656.0,4800,17236,1.3173992008717763,2.239357332223395,1518.284271247462,678.0,13765,18134,121,365.0,9.0,75.0,60.0,231.9527104959631,145.0,1.5996738654894007,198.42104166666667,137.0,1.4483287712895376,269.88855793679625,139.0,1.94164430170357,1.5245463800641237,2.4227809484384726,2.213692024708619,2.950354741034715,4.0780405468299135,1.578982255153894,1.6701337470670148,2.4177893890714977
C:\Users\JackM\40xMBPCNP\40xN1N2N3N4lif\HAMI_1104.lif,HAMI_1104,5,Image 6,HAMI_1104_S6_Image_6,52,26485,25256,2,5973,23995,15433,17,95,17,13.357142857142858,1.0814063984795692,1.515430712404743,1209.3137084989849,798.0,27312,2.371672526368659,1.8650661077702642,1055.6274169979695,566.0,5973,14166,1.1327776620129193,1.7632545920630018,1407.0771644662755,798.0,23995,27181,1.7493682368949652,2.7421047337695708,2144.3259018078043,782.0,15433,26998,120,362.5,16.0,100.0,57.5,242.2457726435627,145.0,1.6706605009900877,481.67384871848304,137.0,3.5158675088940368,254.54072442169377,139.0,1.8312282332495955,1.5245463800641237,2.4227809484384726,2.213692024708619,2.950354741034715,4.0780405468299135,1.578982255153894,1.6701337470670148,2.4177893890714977
C:\Users\JackM\40xMBPCNP\40xN1N2N3N4lif\HAMI_1104.lif,HAMI_1104,5,Image 6,HAMI_1104_S6_Image_6,53,39507,28300,1,19126,5154,27912,39,142,33,14.297029702970297,1.5074558303886927,2.5185928079591755,2463.1837661840736,978.0,42661,2.213740458015267,3.304020448325373,3231.3319984622144,978.0,19126,42340,4.707993791230113,2.004912084511193,1451.556349186104,724.0,5154,24265,1.5278016623674406,2.596937716285924,2539.8050865276336,978.0,27912,42644,168,742.5,16.0,90.0,80.0,332.70997594897,145.0,2.2945515582687586,166.5034924330617,137.0,1.215353959365414,336.34469045571797,139.0,2.419745974501568,1.5245463800641237,2.4227809484384726,2.213692024708619,2.950354741034715,4.0780405468299135,1.578982255153894,1.6701337470670148,2.4177893890714977
C:\Users\JackM\40xMBPCNP\40xN1N2N3N4lif\HAMI_1104.lif,HAMI_1104,5,Image 6,HAMI_1104_S6_Image_6,55,11562,7945,2,6847,1295,7513,19,62,4,12.837209302325581,1.5040906230333544,2.1386665417649966,1112.1066017177982,520.0,11950,1.6788374470571052,1.8921827477741238,983.9350288425444,520.0,6847,11495,6.2015444015444015,1.5198588673749536,623.142135623731,410.0,1295,8031,1.5596965260215627,1.8197657203712538,946.278174593052,520.0,7513,11718,104,317.5,11.0,60.0,50.0,291.11479480064264,145.0,2.007688240004432,190.1196911196911,137.0,1.3877349716765774,264.15772660721416,139.0,1.9004152993324759,1.5245463800641237,2.4227809484384726,2.213692024708619,2.950354741034715,4.0780405468299135,1.578982255153894,1.6701337470670148,2.4177893890714977
C:\Users\JackM\40xMBPCNP\40xN1N2N3N4lif\HAMI_1104.lif,HAMI_1104,5,Image 6,HAMI_1104_S6_Image_6,56,25133,20388,1,2111,13766,10362,51,267,67,8.203389830508474,1.316951147733961,2.9504652195078735,2295.4619407771256,778.0,26850,5.66224538133586,1.763950306895093,984.2842712474619,558.0,2111,11953,1.9314252506174634,2.696848627606865,2098.1482322781408,778.0,13766,26588,1.8687512063308243,2.3725470624470426,1556.39087296526,656.0,10362,19364,215,585.0,12.0,145.0,105.0,205.00284225485552,145.0,1.4138127052059002,367.4766090367572,137.0,2.682311014866841,212.2036286431191,139.0,1.5266448103821517,1.5245463800641237,2.4227809484384726,2.213692024708619,2.950354741034715,4.0780405468299135,1.578982255153894,1.6701337470670148,2.4177893890714977
C:\Users\JackM\40xMBPCNP\40xN1N2N3N4lif\HAMI_1104.lif,HAMI_1104,5,Image 6,HAMI_1104_S6_Image_6,57,14455,9296,1,0,1082,9112,27,121,24,7.847058823529411,1.5805722891566265,2.508267643446635,1414.6629509039021,564.0,14693,,,0.0,0.0,0,0,10.775415896487985,0.9590294270368759,492.9411254969542,514.0,1082,11659,1.6124890254609305,2.4383212826872276,1375.2132034355964,564.0,9112,14693,92,452.5,13.0,70.0,42.5,134.83293889845095,145.0,0.9298823372306962,143.6423290203327,137.0,1.0484841534330855,227.2981782265145,139.0,1.6352386922770827,1.5245463800641237,2.4227809484384726,2.213692024708619,2.950354741034715,4.0780405468299135,1.578982255153894,1.6701337470670148,2.4177893890714977
C:\Users\JackM\40xMBPCNP\40xN1N2N3N4lif\HAMI_1104.lif,HAMI_1104,6,Image 7,HAMI_1104_S7_Image_7,1,3680,3384,1,2566,2786,2715,9,13,3,13.75,1.0969267139479906,1.1792389464918929,327.8284271247462,278.0,3712,1.2642244738893218,1.1113583471562394,295.62132034355966,266.0,2566,3244,1.2587939698492463,1.294378925778917,352.0710678118655,272.0,2786,3507,1.3027624309392265,1.2260575329849361,331.03553390593277,270.0,2715,3537,55,162.5,13.0,30.0,25.0,262.84333593141076,156.0,1.6848931790475048,465.372936109117,160.0,2.9085808506819815,259.5815837937385,163.0,1.5925250539493159,1.2968864171470325,2.105597919928175,2.062860773458894,2.1749748792451387,2.5408687540967074,1.6464866081565812,1.6027657292249766,2.0308457621361806
C:\Users\JackM\40xMBPCNP\40xN1N2N3N4lif\HAMI_1104.lif,HAMI_1104,6,Image 7,HAMI_1104_S7_Image_7,2,34538,29283,7,17489,15859,22363,67,217,49,10.537037037037036,1.2006625004268687,2.351146843709792,2031.3908729652603,864.0,35159,1.896048945051175,2.842803701374469,2444.8111831820434,860.0,17489,33160,2.1932025978939405,2.055610795387445,1776.0477272147525,864.0,15859,34782,1.5531905379421365,2.9758730658941563,2571.154328932551,864.0,22363,34734,151,607.5,13.0,70.0,72.5,237.51426611012636,156.0,1.5225273468597844,301.5379910460937,160.0,1.8846124440380856,263.6707060770022,163.0,1.6176116937239398,1.2968864171470325,2.105597919928175,2.062860773458894,2.1749748792451387,2.5408687540967074,1.6464866081565812,1.6027657292249766,2.0308457621361806
C:\Users\JackM\40xMBPCNP\40xN1N2N3N4lif\HAMI_1104.lif,HAMI_1104,6,Image 7,HAMI_1104_S7_Image_7,3,19023,15217,3,5515,1918,14768,31,164,34,9.63716814159292,1.302819215351252,2.7245170251808846,1825.4264068711927,670.0,19825,3.1925657298277423,1.9579670836451109,1284.4264068711927,656.0,5515,17607,7.264859228362878,1.3594785210163467,755.8700576850888,556.0,1918,13934,1.3399918743228603,2.554367771449541,1711.4264068711927,670.0,14768,19789,111,582.5,16.0,65.0,52.5,215.21124206708976,156.0,1.3795592440198061,184.35036496350364,160.0,1.1521897810218977,264.510698808234,163.0,1.6227650233633988,1.2968864171470325,2.105597919928175,2.062860773458894,2.1749748792451387,2.5408687540967074,1.6464866081565812,1.6027657292249766,2.0308457621361806
C:\Users\JackM\40xMBPCNP\40xN1N2N3N4lif\HAMI_1104.lif,HAMI_1104,6,Image 7,HAMI_1104_S7_Image_7,4,70842,59668,13,34785,28504,42421,109,440,94,10.769480519480519,1.4516491251592143,3.107388083761035,4561.645706961199,1468.0,86617,2.3393991663073166,3.696167179722979,5248.557395206631,1420.0,34785,81376,2.732809430255403,2.8148674742558955,4053.4091629284894,1440.0,28504,77896,1.9457108507578793,2.681852274921744,3856.503571337468,1438.0,42421,82539,261,1372.5,16.0,170.0,127.5,348.21417277562165,156.0,2.232142133177062,294.6411731686781,160.0,1.8415073323042381,279.06558072652695,163.0,1.7120587774633556,1.2968864171470325,2.105597919928175,2.062860773458894,2.1749748792451387,2.5408687540967074,1.6464866081565812,1.6027657292249766,2.0308457621361806
C:\Users\JackM\40xMBPCNP\40xN1N2N3N4lif\HAMI_1104.lif,HAMI_1104,6,Image 7,HAMI_1104_S7_Image_7,5,35095,27224,7,21950,4190,25888,83,260,63,8.858638743455497,1.2848222156920364,2.767281867308202,2385.39696961967,862.0,34978,1.5554441913439636,2.9069128469993775,2482.503571337468,854.0,21950,34142,7.670405727923628,1.9640319223993605,1622.2903679018718,826.0,4190,32139,1.3369128553770087,2.377607279214685,2049.4974746830585,862.0,25888,34610,129,842.5,28.0,95.0,62.5,258.27394077448747,156.0,1.6556021844518427,185.26778042959427,160.0,1.1579236276849643,292.11785383189124,163.0,1.7921340725882897,1.2968864171470325,2.105597919928175,2.062860773458894,2.1749748792451387,2.5408687540967074,1.6464866081565812,1.6027657292249766,2.0308457621361806
C:\Users\JackM\40xMBPCNP\40xN1N2N3N4lif\HAMI_1104.lif,HAMI_1104,6,Image 7,HAMI_1104_S7_Image_7,6,37969,30178,10,20864,8073,26897,49,283,72,10.513966480446927,1.3516800318112532,3.2921966683569934,3074.911688245432,934.0,40791,1.9399444018404908,3.704193879018098,3422.6751442127224,924.0,20864,40475,4.154713241669763,2.1269938330287377,1841.976659402887,866.0,8073,33541,1.5109863553556158,3.1881179203946397,2971.3259018078043,932.0,26897,40641,157,807.5,22.0,90.0,75.0,352.66976610429447,156.0,2.2607036288736824,219.66778149386846,160.0,1.372923634336678,274.1480090716437,163.0,1.681889626206403,1.2968864171470325,2.105597919928175,2.062860773458894,2.1749748792451387,2.5408687540967074,1.6464866081565812,1.6027657292249766,2.0308457621361806
C:\Users\JackM\40xMBPCNP\40xN1N2N3N4lif\HAMI_1104.lif,HAMI_1104,6,Image 7,HAMI_1104_S7_Image_7,7,40280,36215,10,14303,17320,30539,63,388,103,9.491869918699187,1.1874085323760872,3.0757441071322797,2792.77564927611,908.0,43002,2.795008040271272,2.920125630605071,2633.953318805774,902.0,14303,39977,2.270150115473441,2.914887018368512,2617.568542494924,898.0,17320,39319,1.387340777366646,3.6414522028414242,3306.438600180013,908.0,30539,42368,140,522.5,15.0,120.0,67.5,230.63378312242187,156.0,1.4784216866821915,287.5463048498845,160.0,1.7971644053117781,263.1238743901241,163.0,1.614256898098921,1.2968864171470325,2.105597919928175,2.062860773458894,2.1749748792451387,2.5408687540967074,1.6464866081565812,1.6027657292249766,2.0308457621361806
C:\Users\JackM\40xMBPCNP\40xN1N2N3N4lif\HAMI_1104.lif,HAMI_1104,6,Image 7,HAMI_1104_S7_Image_7,8,25836,20652,8,16627,2715,20002,51,216,58,9.444444444444445,1.274259151656014,2.450053168106762,1871.840620433566,764.0,26316,1.5281770614061467,2.4984067820368443,1873.8050865276332,750.0,16627,25409,9.14548802946593,1.6140161108645978,1213.7401153701776,752.0,2715,24830,1.3045695430456954,2.2413493101639532,1712.3908729652603,764.0,20002,26094,123,562.5,12.0,85.0,60.0,276.95158477175676,156.0,1.7753306716138253,189.14106813996318,160.0,1.18213167587477,279.64168583141685,163.0,1.7155931646099194,1.2968864171470325,2.105597919928175,2.062860773458894,2.1749748792451387,2.5408687540967074,1.6464866081565812,1.6027657292249766,2.0308457621361806
C:\Users\JackM\40xMBPCNP\40xN1N2N3N4lif\HAMI_1104.lif,HAMI_1104,6,Image 7,HAMI_1104_S7_Image_7,9,15329,14469,5,1360,12574,6494,8,54,28,13.744186046511627,1.0800331743727971,1.4549642042786688,864.2487373415292,594.0,15627,4.60514705882353,0.9129987288955388,390.7634559672906,428.0,1360,6263,1.183553364084619,1.3852275783855286,817.2842712474619,590.0,12574,14882,2.325993224514937,2.11308945360696,1225.5918830920368,580.0,6494,15105,92,282.5,14.0,80.0,42.5,211.51176470588234,156.0,1.3558446455505277,335.073246381422,160.0,2.0942077898838876,225.0537419156144,163.0,1.3806978031632786,1.2968864171470325,2.105597919928175,2.062860773458894,2.1749748792451387,2.5408687540967074,1.6464866081565812,1.6027657292249766,2.0308457621361806
C:\Users\JackM\40xMBPCNP\40xN1N2N3N4lif\HAMI_1104.lif,HAMI_1104,6,Image 7,HAMI_1104_S7_Image_7,10,85775,74603,8,48277,4819,72698,104,328,69,13.898305084745763,1.2123641140436712,2.921062737454363,4083.6457069611993,1398.0,90446,1.837230979555482,3.1338017109316025,4349.716774773065,1388.0,48277,88696,15.364390952479768,1.1036166697113932,1485.4680374315353,1346.0,4819,74041,1.2395939365594653,2.779560907811432,3880.267027304759,1396.0,72698,90116,218,1332.5,41.0,165.0,105.0,1036.689127327713,156.0,6.645443123895597,194.86698485162896,160.0,1.217918655322681,460.9719249497923,163.0,2.828048619323879,1.2968864171470325,2.105597919928175,2.062860773458894,2.1749748792451387,2.5408687540967074,1.6464866081565812,1.6027657292249766,2.0308457621361806
C:\Users\JackM\40xMBPCNP\40xN1N2N3N4lif\HAMI_1104.lif,HAMI_1104,6,Image 7,HAMI_1104_S7_Image_7,11,9861,7992,4,3244,2119,7480,20,62,15,11.2,1.2293543543543544,1.8861618110871976,837.4558441227157,444.0,9825,2.4235511713933415,2.001071374048223,796.4264068711929,398.0,3244,7862,3.9811231713072206,2.087208135709451,876.6274169979695,420.0,2119,8436,1.2684491978609627,1.6216566586940628,703.7989898732233,434.0,7480,9488,71,237.5,10.0,50.0,32.5,211.7358199753391,156.0,1.3572808972778148,187.9929211892402,160.0,1.1749557574327514,267.30080213903744,163.0,1.6398822217118862,1.2968864171470325,2.105597919928175,2.062860773458894,2.1749748792451387,2.5408687540967074,1.6464866081565812,1.6027657292249766,2.0308457621361806
C:\Users\JackM\40xMBPCNP\40xN1N2N3N4lif\HAMI_1104.lif,HAMI_1104,6,Image 7,HAMI_1104_S7_Image_7,12,8025,8024,2,0,8024,0,4,2,3,9.0,1.0139581256231307,0.9980276288089218,401.20710678118655,402.0,8136,,,0.0,0.0,0,0,1.0139581256231307,0.9980276288089218,401.20710678118655,402.0,8024,8136,,,0.0,0.0,0,0,66,87.5,6.0,55.0,30.0,155.80994516450647,156.0,0.9987816997724774,450.21335992023927,160.0,2.8138334995014955,172.20127118644066,163.0,1.056449516481231,1.2968864171470325,2.105597919928175,2.062860773458894,2.1749748792451387,2.5408687540967074,1.6464866081565812,1.6027657292249766,2.0308457621361806
C:\Users\JackM\40xMBPCNP\40xN1N2N3N4lif\HAMI_1104.lif,HAMI_1104,6,Image 7,HAMI_1104_S7_Image_7,13,18117,12099,4,1303,928,11886,38,102,27,8.71264367816092,1.5028514753285396,2.166408915543857,1390.8345237791561,642.0,18183,7.049884881043745,1.0213027751093458,569.0771644662753,557.2071067811866,1303,9186,15.898706896551724,0.8324307261372017,492.7989898732234,592.0,928,14754,1.5239777889954569,2.065752653326474,1326.2132034355964,642.0,11886,18114,101,482.5,15.0,80.0,47.5,200.30007674597084,156.0,1.2839748509357105,177.9331896551724,160.0,1.1120824353448275,243.87270738684165,163.0,1.4961515790603783,1.2968864171470325,2.105597919928175,2.062860773458894,2.1749748792451387,2.5408687540967074,1.6464866081565812,1.6027657292249766,2.0308457621361806
C:\Users\JackM\40xMBPCNP\40xN1N2N3N4lif\HAMI_1104.lif,HAMI_1104,6,Image 7,HAMI_1104_S7_Image_7,14,13686,12427,2,259,12023,758,26,95,31,9.154929577464788,1.1221533757141708,1.4768839043751563,838.8700576850888,568.0,13945,1.0424710424710424,1.0,68.0,68.0,259,270,1.1546203110704483,1.5270667935572344,864.3198051533947,566.0,12023,13882,1.029023746701847,0.9915254237288136,117.0,118.0,758,780,103,327.5,11.0,50.0,47.5,303.74517374517376,156.0,1.9470844470844473,466.20069866089995,160.0,2.9137543666306245,194.33509234828497,163.0,1.1922398303575765,1.2968864171470325,2.105597919928175,2.062860773458894,2.1749748792451387,2.5408687540967074,1.6464866081565812,1.6027657292249766,2.0308457621361806
C:\Users\JackM\40xMBPCNP\40xN1N2N3N4lif\HAMI_1104.lif,HAMI_1104,6,Image 7,HAMI_1104_S7_Image_7,15,44099,38478,10,19561,5487,36196,45,185,39,12.593984962406015,1.1863662352513125,2.123355210370871,2178.5624458405136,1026.0,45649,2.296610602729922,2.6651102010468612,2734.4030662740797,1026.0,19561,44924,7.548387096774194,1.7227074601431773,1700.6690475583123,987.2071067811866,5487,41418,1.250414410432092,1.929398095361125,1979.562445840514,1026.0,36196,45260,174,667.5,20.0,105.0,85.0,825.405245130617,156.0,5.291059263657801,211.11736832513213,160.0,1.3194835520320758,468.1307050502818,163.0,2.8719675156459004,1.2968864171470325,2.105597919928175,2.062860773458894,2.1749748792451387,2.5408687540967074,1.6464866081565812,1.6027657292249766,2.0308457621361806
C:\Users\JackM\40xMBPCNP\40xN1N2N3N4lif\HAMI_1104.lif,HAMI_1104,6,Image 7,HAMI_1104_S7_Image_7,16,17026,16191,6,67,16141,2456,6,74,17,15.787234042553191,1.1170403310481132,1.4172665089138312,943.8994949366116,666.0,18086,3.8955223880597014,0.44181472460805304,42.41421356237309,96.0,67,261,1.1194473700514218,1.4232725149198373,947.8994949366116,666.0,16141,18069,6.5012214983713354,1.3360801494817611,857.7634559672906,642.0,2456,15967,122,267.5,10.0,95.0,57.5,216.97014925373134,156.0,1.3908342900880213,321.93048757821697,160.0,2.0120655473638562,201.8464983713355,163.0,1.238322075897764,1.2968864171470325,2.105597919928175,2.062860773458894,2.1749748792451387,2.5408687540967074,1.6464866081565812,1.6027657292249766,2.0308457621361806
C:\Users\JackM\40xMBPCNP\40xN1N2N3N4lif\HAMI_1104.lif,HAMI_1104,6,Image 7,HAMI_1104_S7_Image_7,17,8970,8939,2,17,8870,668,3,3,0,29.666666666666668,1.0195771339075959,1.0266544044577057,447.62132034355966,436.0,9114,1.7058823529411764,0.5810660171779821,11.621320343559642,20.0,17,29,1.0252536640360768,1.0369482348062966,450.03553390593277,434.0,8870,9094,4.723053892215569,0.7178785770058383,221.1066017177982,308.0,668,3155,75,152.5,18.0,55.0,35.0,198.35294117647058,156.0,1.2714932126696832,715.84396843292,160.0,4.47402480270575,182.95359281437126,163.0,1.1224146798427685,1.2968864171470325,2.105597919928175,2.062860773458894,2.1749748792451387,2.5408687540967074,1.6464866081565812,1.6027657292249766,2.0308457621361806
C:\Users\JackM\40xMBPCNP\40xN1N2N3N4lif\HAMI_1104.lif,HAMI_1104,6,Image 7,HAMI_1104_S7_Image_7,18,12370,8243,2,128,6565,6643,15,56,15,11.651162790697674,1.492417809050103,2.181819512420815,1064.7279220613577,488.0,12302,1.1640625,1.131315906245119,58.82842712474619,52.0,128,149,1.8376237623762377,2.3131329528638513,1119.556349186104,484.0,6565,12064,1.8428420894174318,2.378262055516469,1160.5918830920368,488.0,6643,12242,89,330.0,10.0,60.0,42.5,210.03125,156.0,1.3463541666666667,248.34379284082254,160.0,1.5521487052551408,214.87038988408852,163.0,1.318223250822629,1.2968864171470325,2.105597919928175,2.062860773458894,2.1749748792451387,2.5408687540967074,1.6464866081565812,1.6027657292249766,2.0308457621361806
C:\Users\JackM\40xMBPCNP\40xN1N2N3N4lif\HAMI_1104.lif,HAMI_1104,6,Image 7,HAMI_1104_S7_Image_7,19,8096,6489,1,1623,6089,1367,10,40,14,11.727272727272727,1.2219140083217752,1.6339105338761328,699.3137084989849,428.0,7929,1.7566235366605052,1.6125391941413458,427.6568542494924,265.20710678118655,1623,2851,1.2984069633765807,1.4942075123368488,639.5208152801713,428.0,6089,7906,2.268471104608632,1.3220057719560294,391.31370849898474,296.0,1367,3101,72,172.5,11.0,50.0,32.5,259.8299445471349,156.0,1.6655765676098393,304.14353752668745,160.0,1.9008971095417966,203.23482077542062,163.0,1.2468393912602491,1.2968864171470325,2.105597919928175,2.062860773458894,2.1749748792451387,2.5408687540967074,1.6464866081565812,1.6027657292249766,2.0308457621361806
C:\Users\JackM\40xMBPCNP\40xN1N2N3N4lif\HAMI_1104.lif,HAMI_1104,6,Image 7,HAMI_1104_S7_Image_7,20,4639,4639,2,43,4639,362,3,3,1,32.0,1.037292519939642,1.0189699632206872,333.4142135623731,327.20710678118655,4812,1.4883720930232558,0.8330751118287469,31.656854249492383,38.0,43,64,1.037292519939642,1.0189699632206872,333.4142135623731,327.20710678118655,4639,4812,1.1160220994475138,1.0674685519694191,98.20710678118655,92.0,362,404,62,147.5,9.0,40.0,27.5,198.58139534883722,156.0,1.2729576624925463,497.70424660487174,160.0,3.1106515412804483,189.20165745856355,163.0,1.1607463647764635,1.2968864171470325,2.105597919928175,2.062860773458894,2.1749748792451387,2.5408687540967074,1.6464866081565812,1.6027657292249766,2.0308457621361806
C:\Users\JackM\40xMBPCNP\40xN1N2N3N4lif\HAMI_1104.lif,HAMI_1104,6,Image 7,HAMI_1104_S7_Image_7,21,10085,8612,2,0,8581,936,20,143,55,6.955555555555556,1.1546679052484905,2.354479551129222,1087.7695526217005,462.0,9944,,,0.0,0.0,0,0,1.154527444353805,2.3599183605228564,1085.5624458405139,460.0,8581,9907,5.839743589743589,0.9972353208686474,335.07106781186553,336.0,936,5466,77,237.5,14.0,60.0,35.0,155.85241523455645,156.0,0.9990539438112592,484.32746766111177,160.0,3.0270466728819487,190.60256410256412,163.0,1.1693408840648105,1.2968864171470325,2.105597919928175,2.062860773458894,2.1749748792451387,2.5408687540967074,1.6464866081565812,1.6027657292249766,2.0308457621361806
C:\Users\JackM\40xMBPCNP\40xN1N2N3N4lif\HAMI_1104.lif,HAMI_1104,6,Image 7,HAMI_1104_S7_Image_7,22,25721,21373,1,17465,5778,19866,50,201,45,10.111888111888112,1.2672530763112337,3.009378284835605,2305.1837661840736,766.0,27085,1.4694531920984826,3.141667479889195,2368.817279836453,754.0,17465,25664,4.55417099342333,2.0817446955995016,1573.7989898732233,756.0,5778,26314,1.3403302124232357,2.880999032880478,2201.083261120685,764.0,19866,26627,127,582.5,13.0,85.0,60.0,271.2861150873175,156.0,1.7390135582520354,212.87452405676706,160.0,1.3304657753547942,262.77438840229536,163.0,1.6121128122840207,1.2968864171470325,2.105597919928175,2.062860773458894,2.1749748792451387,2.5408687540967074,1.6464866081565812,1.6027657292249766,2.0308457621361806
C:\Users\JackM\40xMBPCNP\40xN1N2N3N4lif\HAMI_1104.lif,HAMI_1104,6,Image 7,HAMI_1104_S7_Image_7,23,18015,17384,2,478,17102,3141,17,89,22,11.483333333333333,1.0685687988955361,1.4483325680857753,955.8994949366117,660.0,18576,2.48744769874477,1.0654301716742727,166.20710678118655,156.0,478,1189,1.0768331189334581,1.455908325661533,960.8994949366117,660.0,17102,18416,4.6453358802929,1.5450250001014019,947.420310216783,613.2071067811866,3141,14591,107,322.5,20.0,65.0,50.0,248.1652719665272,156.0,1.5908030254264565,393.9315284762016,160.0,2.46207205297626,206.63323782234957,163.0,1.2676885755972367,1.2968864171470325,2.105597919928175,2.062860773458894,2.1749748792451387,2.5408687540967074,1.6464866081565812,1.6027657292249766,2.0308457621361806
C:\Users\JackM\40xMBPCNP\40xN1N2N3N4lif\HAMI_1104.lif,HAMI_1104,6,Image 7,HAMI_1104_S7_Image_7,24,7802,7792,3,3900,7482,4796,2,14,2,17.875,1.066735112936345,1.0698616045838671,453.62132034355966,424.0,8312,1.912051282051282,1.436426899615962,588.9350288425444,410.0,3900,7457,1.070970328789094,1.0698616045838671,453.62132034355966,424.0,7482,8013,1.6309424520433695,1.9254357931859674,816.3847763108502,424.0,4796,7822,80,147.5,7.0,50.0,37.5,249.41717948717948,156.0,1.5988280736357658,516.4611066559744,160.0,3.22788191659984,234.53044203502918,163.0,1.4388370676995654,1.2968864171470325,2.105597919928175,2.062860773458894,2.1749748792451387,2.5408687540967074,1.6464866081565812,1.6027657292249766,2.0308457621361806
C:\Users\JackM\40xMBPCNP\40xN1N2N3N4lif\HAMI_1104.lif,HAMI_1104,6,Image 7,HAMI_1104_S7_Image_7,25,26467,22790,4,14020,14798,16161,39,179,50,9.873015873015873,1.470469504168495,2.079881909436186,1834.455844122716,882.0,33512,2.3384450784593436,2.601820826707309,2242.7695526217003,862.0,14020,32785,2.2473307203676174,2.4835906031004322,2190.526911934581,882.0,14798,33256,1.8616422251098323,2.082804423857907,1703.7340187157677,818.0,16161,30086,154,627.5,16.0,90.0,75.0,438.13744650499285,156.0,2.8085733750320054,312.7667252331396,160.0,1.9547920327071224,323.3672421261061,163.0,1.9838481112031048,1.2968864171470325,2.105597919928175,2.062860773458894,2.1749748792451387,2.5408687540967074,1.6464866081565812,1.6027657292249766,2.0308457621361806
C:\Users\JackM\40xMBPCNP\40xN1N2N3N4lif\HAMI_1104.lif,HAMI_1104,6,Image 7,HAMI_1104_S7_Image_7,26,32520,28783,5,20249,7846,27078,20,108,16,16.897058823529413,1.1952888858006463,1.8613510311637467,1699.7989898732233,913.2071067811866,34404,1.6931206479332312,2.870322388942728,2617.734018715768,912.0,20249,34284,4.084374203415753,2.2317782749585167,1988.976659402887,891.2071067811866,7846,32046,1.2394563852574045,1.8854237229796411,1629.00609665441,864.0,27078,33562,156,512.5,14.0,95.0,75.0,521.682897920885,156.0,3.3441211405184936,227.46278358399184,160.0,1.421642397399949,375.0859369229633,163.0,2.3011407173187934,1.2968864171470325,2.105597919928175,2.062860773458894,2.1749748792451387,2.5408687540967074,1.6464866081565812,1.6027657292249766,2.0308457621361806
C:\Users\JackM\40xMBPCNP\40xN1N2N3N4lif\HAMI_1104.lif,HAMI_1104,6,Image 7,HAMI_1104_S7_Image_7,27,12983,7786,6,0,7725,438,17,31,6,15.76,1.661957359362959,1.5719849852441599,845.727922061358,538.0,12940,,,0.0,0.0,0,0,1.673915857605178,1.5235917995453998,819.6923881554251,538.0,7725,12931,13.497716894977168,0.5560179386087957,219.07106781186548,394.0,438,5912,99,337.5,11.0,55.0,47.5,156.86450038530697,156.0,1.005541669136583,301.1168932038835,160.0,1.8819805825242717,190.77625570776254,163.0,1.1704064767347395,1.2968864171470325,2.105597919928175,2.062860773458894,2.1749748792451387,2.5408687540967074,1.6464866081565812,1.6027657292249766,2.0308457621361806
C:\Users\JackM\40xMBPCNP\40xN1N2N3N4lif\HAMI_1104.lif,HAMI_1104,6,Image 7,HAMI_1104_S7_Image_7,28,23350,19284,4,15557,4964,17688,33,191,45,10.214285714285714,1.3339037544077992,2.4697329958047454,1822.6629509039021,738.0,25723,1.5940091277238542,2.630056336297198,1919.9411254969543,730.0,15557,24798,3.9871071716357775,1.4890585866535204,1036.3847763108502,696.0,4964,19792,1.4355495251017638,2.517020260780681,1852.5269119345812,736.0,17688,25392,129,477.5,10.0,65.0,62.5,248.50915986372695,156.0,1.5930074350238907,252.20890410958904,160.0,1.5763056506849316,259.8715513342379,163.0,1.5943039959155698,1.2968864171470325,2.105597919928175,2.062860773458894,2.1749748792451387,2.5408687540967074,1.6464866081565812,1.6027657292249766,2.0308457621361806
C:\Users\JackM\40xMBPCNP\40xN1N2N3N4lif\HAMI_1104.lif,HAMI_1104,6,Image 7,HAMI_1104_S7_Image_7,29,12794,12791,4,2752,12783,2743,4,6,1,42.8,1.044249863185052,1.0203765577839756,561.2071067811866,550.0,13357,4.037790697674419,1.3802460039641498,717.7279220613578,520.0,2752,11112,1.0449033873112727,1.0240129214203393,563.2071067811866,550.0,12783,13357,3.2890995260663507,1.1033193260480698,564.8994949366117,512.0,2743,9022,96,197.5,7.0,75.0,45.0,240.33829941860466,156.0,1.540630124478235,548.2620668074787,160.0,3.426637917546742,203.6565803864382,163.0,1.2494268735364307,1.2968864171470325,2.105597919928175,2.062860773458894,2.1749748792451387,2.5408687540967074,1.6464866081565812,1.6027657292249766,2.0308457621361806
C:\Users\JackM\40xMBPCNP\40xN1N2N3N4lif\HAMI_1104.lif,HAMI_1104,6,Image 7,HAMI_1104_S7_Image_7,30,43436,33654,6,24732,13134,27600,69,234,50,10.722222222222221,1.545106079515065,2.4157559243141677,2800.3614357137376,1159.2071067811867,51999,2.0998301795245027,2.609971468415225,3025.4974746830585,1159.2071067811867,24732,51933,3.4786812852139484,1.8824019713161562,2155.7401153701776,1145.2071067811867,13134,45689,1.8834782608695653,2.0749138095561714,2405.2548339959394,1159.2071067811867,27600,51984,171,927.5,15.0,80.0,82.5,498.76758854924793,156.0,3.1972281317259483,336.64588091975025,160.0,2.104036755748439,323.6272101449275,163.0,1.9854430070240952,1.2968864171470325,2.105597919928175,2.062860773458894,2.1749748792451387,2.5408687540967074,1.6464866081565812,1.6027657292249766,2.0308457621361806
C:\Users\JackM\40xMBPCNP\40xN1N2N3N4lif\HAMI_1104.lif,HAMI_1104,6,Image 7,HAMI_1104_S7_Image_7,31,21519,20310,3,1713,19892,6616,14,88,14,15.844827586206897,1.1644017725258493,1.7062924817683192,1249.0060966544097,732.0,23649,5.345008756567426,1.1938342917255467,595.9705627484772,499.20710678118655,1713,9156,1.1518198270661573,1.8041666172059487,1317.0416305603426,730.0,19892,22912,3.0353688029020556,1.5979536409790465,1121.7634559672906,702.0,6616,20082,128,322.5,12.0,75.0,62.5,211.26853473438413,156.0,1.354285479066565,337.00688719083047,160.0,2.1062930449426904,219.60882708585248,163.0,1.3472934177046165,1.2968864171470325,2.105597919928175,2.062860773458894,2.1749748792451387,2.5408687540967074,1.6464866081565812,1.6027657292249766,2.0308457621361806
C:\Users\JackM\40xMBPCNP\40xN1N2N3N4lif\HAMI_1104.lif,HAMI_1104,6,Image 7,HAMI_1104_S7_Image_7,32,74189,52913,7,41057,7732,48882,105,219,44,12.713541666666666,1.47918280951751,3.4213556889278793,4550.40306627408,1330.0,78268,1.8832111454806733,2.9421866270263073,3936.6457069611993,1338.0,41057,77319,8.797594412829799,1.7244852216177757,2193.545201897811,1272.0,7732,68023,1.5877009942310052,3.136522285074687,4171.574639149334,1330.0,48882,77610,204,1702.5,33.0,145.0,100.0,1149.4159095891077,156.0,7.368050702494281,225.01952922917744,160.0,1.406372057682359,430.530420195573,163.0,2.641290921445233,1.2968864171470325,2.105597919928175,2.062860773458894,2.1749748792451387,2.5408687540967074,1.6464866081565812,1.6027657292249766,2.0308457621361806
C:\Users\JackM\40xMBPCNP\40xN1N2N3N4lif\HAMI_1104.lif,HAMI_1104,6,Image 7,HAMI_1104_S7_Image_7,33,9169,7506,3,68,7189,776,24,47,17,10.179487179487179,1.2087663202771117,1.6603052012907427,805.5918830920368,485.20710678118655,9073,17.308823529411764,0.20531959534244532,40.242640687119284,196.0,68,1177,1.2612324384476283,1.600536909370241,776.5918830920368,485.20710678118655,7189,9067,6.938144329896907,0.7307865186752435,254.31370849898474,348.0,776,5384,94,282.5,7.0,40.0,45.0,213.88235294117646,156.0,1.3710407239819005,381.42745861733204,160.0,2.3839216163583252,206.1262886597938,163.0,1.2645784580355448,1.2968864171470325,2.105597919928175,2.062860773458894,2.1749748792451387,2.5408687540967074,1.6464866081565812,1.6027657292249766,2.0308457621361806
C:\Users\JackM\40xMBPCNP\40xN1N2N3N4lif\HAMI_1104.lif,HAMI_1104,6,Image 7,HAMI_1104_S7_Image_7,34,8679,8041,4,722,7705,2038,12,56,16,9.846153846153847,1.1420221365501804,1.6368312818222357,710.3847763108503,434.0,9183,3.5678670360110805,0.6770719677125075,250.65685424949237,370.20710678118655,722,2576,1.1711875405580792,1.6556715350419848,708.6274169979695,428.0,7705,9024,3.3999018645731107,1.2723148911178424,480.9350288425444,378.0,2038,6929,83,247.5,12.0,60.0,40.0,225.03185595567868,156.0,1.4425118971517865,500.8146658014276,160.0,3.1300916612589225,207.3243375858685,163.0,1.2719284514470461,1.2968864171470325,2.105597919928175,2.062860773458894,2.1749748792451387,2.5408687540967074,1.6464866081565812,1.6027657292249766,2.0308457621361806
C:\Users\JackM\40xMBPCNP\40xN1N2N3N4lif\HAMI_1104.lif,HAMI_1104,6,Image 7,HAMI_1104_S7_Image_7,35,9000,8449,2,601,8181,1450,12,55,14,13.735294117647058,1.068883891584803,1.522645766718283,651.6923881554251,428.0,9031,7.97504159733777,0.5321218305346266,186.2426406871193,350.0,601,4793,1.0914313653587582,1.6342198815250322,696.1776695296637,426.0,8181,8929,4.250344827586207,0.9321417057825493,350.4852813742385,376.0,1450,6163,72,227.5,19.0,50.0,32.5,206.53910149750416,156.0,1.3239685993429755,495.58024691358025,160.0,3.0973765432098768,204.79310344827587,163.0,1.2563994076581342,1.2968864171470325,2.105597919928175,2.062860773458894,2.1749748792451387,2.5408687540967074,1.6464866081565812,1.6027657292249766,2.0308457621361806
C:\Users\JackM\40xMBPCNP\40xN1N2N3N4lif\HAMI_1104.lif,HAMI_1104,6,Image 7,HAMI_1104_S7_Image_7,36,9824,6761,1,138,6761,648,11,30,11,10.956521739130435,1.3452152048513533,1.2418730392191066,613.4852813742386,494.0,9095,22.92753623188406,0.2782842712474619,83.48528137423857,300.0,138,3164,1.3452152048513533,1.2418730392191066,613.4852813742386,494.0,6761,9095,4.662037037037037,0.7186134442073527,264.4497474683058,368.0,648,3021,98,182.5,6.0,40.0,45.0,194.3840579710145,156.0,1.2460516536603494,314.0113888478036,160.0,1.9625711802987724,177.88734567901236,163.0,1.0913334090736955,1.2968864171470325,2.105597919928175,2.062860773458894,2.1749748792451387,2.5408687540967074,1.6464866081565812,1.6027657292249766,2.0308457621361806
C:\Users\JackM\40xMBPCNP\40xN1N2N3N4lif\HAMI_1104.lif,HAMI_1104,6,Image 7,HAMI_1104_S7_Image_7,37,6645,6645,1,0,6645,170,2,0,0,9.0,1.0129420617005267,1.0,362.0,362.0,6731,,,0.0,0.0,0,0,1.0129420617005267,1.0,362.0,362.0,6645,6731,8.352941176470589,0.41921383251366046,101.44974746830583,242.0,170,1420,60,147.5,19.0,50.0,27.5,150.7134687735139,156.0,0.9661119793173969,687.8284424379233,160.0,4.29892776523702,178.91764705882352,163.0,1.0976542764345,1.2968864171470325,2.105597919928175,2.062860773458894,2.1749748792451387,2.5408687540967074,1.6464866081565812,1.6027657292249766,2.0308457621361806
C:\Users\JackM\40xMBPCNP\40xN1N2N3N4lif\HAMI_1104.lif,HAMI_1104,6,Image 7,HAMI_1104_S7_Image_7,38,5335,4371,2,0,2687,3851,7,21,9,12.75,1.1841683825211622,1.4940465055921774,484.0710678118655,324.0,5176,,,0.0,0.0,0,0,1.3181987346483066,1.179170072332585,337.2426406871193,286.0,2687,3542,1.2669436509997403,1.5177887129857033,485.6923881554251,320.0,3851,4879,55,132.5,8.0,40.0,25.0,152.13520933424846,156.0,0.975225700860567,287.77000372162263,160.0,1.7985625232601414,221.09945468709427,163.0,1.3564383723134616,1.2968864171470325,2.105597919928175,2.062860773458894,2.1749748792451387,2.5408687540967074,1.6464866081565812,1.6027657292249766,2.0308457621361806
C:\Users\JackM\40xMBPCNP\40xN1N2N3N4lif\HAMI_1104.lif,HAMI_1104,6,Image 7,HAMI_1104_S7_Image_7,39,13800,10910,4,7956,1909,10773,25,63,13,11.830188679245284,1.3098991750687443,1.8176378894600382,1076.0416305603426,592.0,14291,1.6894167923579688,1.6640463702432797,951.834523779156,572.0,7956,13441,5.183865898376113,0.9485314928138636,540.6629509039022,570.0,1909,9896,1.3219159008632693,1.862080367793169,1098.6274169979697,590.0,10773,14241,123,347.5,9.0,80.0,57.5,225.92144293614882,156.0,1.4482143777958258,178.32215819800942,160.0,1.114513488737559,248.34530771372877,163.0,1.5235908448695017,1.2968864171470325,2.105597919928175,2.062860773458894,2.1749748792451387,2.5408687540967074,1.6464866081565812,1.6027657292249766,2.0308457621361806
C:\Users\JackM\40xMBPCNP\40xN1N2N3N4lif\HAMI_1104.lif,HAMI_1104,6,Image 7,HAMI_1104_S7_Image_7,41,9252,7678,3,3187,2237,7571,13,74,14,9.452380952380953,1.1975774941390986,1.6686665764599051,720.863961030679,432.0,9195,1.9479133981801067,1.6207141421268423,570.4913780286485,352.0,3187,6208,3.9083594099240053,1.892074146725667,813.5918830920368,430.0,2237,8743,1.1978602562409193,1.6445419650249506,703.8639610306789,428.0,7571,9069,74,207.5,13.0,60.0,35.0,238.8967681204895,156.0,1.531389539233907,184.00223513634333,160.0,1.1500139696021459,241.0199445251618,163.0,1.4786499664120356,1.2968864171470325,2.105597919928175,2.062860773458894,2.1749748792451387,2.5408687540967074,1.6464866081565812,1.6027657292249766,2.0308457621361806
C:\Users\JackM\40xMBPCNP\40xN1N2N3N4lif\HAMI_1104.lif,HAMI_1104,6,Image 7,HAMI_1104_S7_Image_7,42,11508,9274,4,558,6491,7662,15,95,25,10.431034482758621,1.2994392926461074,1.8073664087081318,918.142135623731,508.0,12051,8.942652329749103,0.8077940630324509,282.72792206135784,350.0,558,4990,1.7014327530426745,1.9014954673862474,916.5208152801713,482.0,6491,11044,1.522839989558862,2.0858108897564884,1055.420310216783,506.0,7662,11668,85,237.5,11.0,60.0,40.0,192.3673835125448,156.0,1.2331242532855435,288.3595747958712,160.0,1.802247342474195,240.6626207256591,163.0,1.4764577958629392,1.2968864171470325,2.105597919928175,2.062860773458894,2.1749748792451387,2.5408687540967074,1.6464866081565812,1.6027657292249766,2.0308457621361806
C:\Users\JackM\40xMBPCNP\40xN1N2N3N4lif\HAMI_1104.lif,HAMI_1104,6,Image 7,HAMI_1104_S7_Image_7,43,10222,7564,5,531,967,7444,25,37,13,10.365853658536585,1.3299841353781068,1.592620764665465,729.420310216783,458.0,10060,10.210922787193974,0.8823244833741674,305.2842712474619,346.0,531,5422,6.963805584281283,0.9182842712474618,367.31370849898474,400.0,967,6734,1.3514239656098872,1.6310952632321891,747.0416305603426,458.0,7444,10060,79,270.0,11.0,55.0,37.5,199.31073446327684,156.0,1.2776329132261337,173.94002068252325,160.0,1.0871251292657704,316.56004836109616,163.0,1.9420861862643937,1.2968864171470325,2.105597919928175,2.062860773458894,2.1749748792451387,2.5408687540967074,1.6464866081565812,1.6027657292249766,2.0308457621361806
C:\Users\JackM\40xMBPCNP\40xN1N2N3N4lif\HAMI_1104.lif,HAMI_1104,6,Image 7,HAMI_1104_S7_Image_7,44,18023,12294,2,1522,3047,11726,35,104,17,10.125,1.4820237514234587,2.3088663419223243,1385.3198051533946,600.0,18220,4.393561103810775,0.8580014269200875,385.2426406871193,449.0,1522,6687,5.042993107975057,1.796081009741212,1002.2132034355964,558.0,3047,15366,1.5450281425891181,2.142485630047747,1285.4913780286483,600.0,11726,18117,111,482.5,15.0,70.0,52.5,235.32063074901444,156.0,1.5084655817244514,177.903839842468,160.0,1.1118989990154249,246.15862186593893,163.0,1.510175594269564,1.2968864171470325,2.105597919928175,2.062860773458894,2.1749748792451387,2.5408687540967074,1.6464866081565812,1.6027657292249766,2.0308457621361806
C:\Users\JackM\40xMBPCNP\40xN1N2N3N4lif\HAMI_1104.lif,HAMI_1104,6,Image 7,HAMI_1104_S7_Image_7,45,28082,17447,1,13128,500,17421,57,115,20,10.575757575757576,1.7505015188857684,2.178533048903937,1773.3259018078047,814.0,30541,2.063680682510664,1.8923541537301405,1457.1126983722081,770.0,13128,27092,19.508,0.36562277532696597,201.89949493661166,552.2071067811866,500,9754,1.75167900809368,2.192300993352569,1784.5330085889912,814.0,17421,30516,171,697.5,13.0,60.0,82.5,236.34018890920171,156.0,1.5150012109564213,156.36,160.0,0.9772500000000001,265.8009873141611,163.0,1.6306809037678593,1.2968864171470325,2.105597919928175,2.062860773458894,2.1749748792451387,2.5408687540967074,1.6464866081565812,1.6027657292249766,2.0308457621361806
C:\Users\JackM\40xMBPCNP\40xN1N2N3N4lif\HAMI_1104.lif,HAMI_1104,6,Image 7,HAMI_1104_S7_Image_7,46,4761,4580,2,48,4488,1581,9,56,12,8.514285714285714,1.0541484716157206,1.294528695607169,409.0710678118654,316.0,4828,24.5625,0.1309644699125513,24.621320343559645,188.0,48,1179,1.053921568627451,1.3320719954319868,410.278174593052,308.0,4488,4730,2.150537634408602,1.0939086392726554,304.1066017177982,278.0,1581,3400,53,107.5,14.0,40.0,22.5,207.20833333333334,156.0,1.328258547008547,430.6780303030303,160.0,2.6917376893939395,202.2605945604048,163.0,1.2408625433153668,1.2968864171470325,2.105597919928175,2.062860773458894,2.1749748792451387,2.5408687540967074,1.6464866081565812,1.6027657292249766,2.0308457621361806
C:\Users\JackM\40xMBPCNP\40xN1N2N3N4lif\HAMI_1104.lif,HAMI_1104,6,Image 7,HAMI_1104_S7_Image_7,47,11082,8463,1,5,930,8275,21,68,19,10.245283018867925,1.3036748198038521,1.9537561500973435,972.970562748477,498.0,11033,35.0,0.00980392156862745,1.0,102.0,5,175,8.520430107526881,0.8220858032756979,365.0060966544099,444.0,930,7924,1.3220543806646525,1.9014962411768768,943.1421356237308,496.0,8275,10940,82,330.0,13.0,60.0,37.5,213.2,156.0,1.3666666666666667,173.67096774193547,160.0,1.0854435483870968,250.33123867069486,163.0,1.535774470372361,1.2968864171470325,2.105597919928175,2.062860773458894,2.1749748792451387,2.5408687540967074,1.6464866081565812,1.6027657292249766,2.0308457621361806
C:\Users\JackM\40xMBPCNP\40xN1N2N3N4lif\HAMI_1104.lif,HAMI_1104,6,Image 7,HAMI_1104_S7_Image_7,48,14532,11226,1,8465,2361,10334,23,61,11,12.608695652173912,1.3621949046855515,1.798786900419427,1061.284271247462,590.0,15292,1.7010041346721796,1.7211124702324592,977.5918830920368,568.0,8465,14399,3.51715374841169,1.0378794398206403,516.8639610306789,498.0,2361,8304,1.4791948906522159,1.7944042115420933,1058.698484809835,590.0,10334,15286,99,367.5,16.0,70.0,47.5,236.1814530419374,156.0,1.5139836733457526,194.35281660313427,160.0,1.2147051037695893,279.8010450938649,163.0,1.7165708287967172,1.2968864171470325,2.105597919928175,2.062860773458894,2.1749748792451387,2.5408687540967074,1.6464866081565812,1.6027657292249766,2.0308457621361806
C:\Users\JackM\40xMBPCNP\40xN1N2N3N4lif\HAMI_1104.lif,HAMI_1104,6,Image 7,HAMI_1104_S7_Image_7,49,9305,7668,4,544,1237,7243,23,75,13,9.036363636363637,1.2106155451225873,1.6822335111769484,780.5563491861041,464.0,9283,2.1378676470588234,1.0549387856486727,200.65685424949237,190.20710678118655,544,1163,5.609539207760712,1.2032041670706946,493.31370849898474,410.0,1237,6939,1.2601132127571448,1.522304401734736,706.3492424049175,464.0,7243,9127,76,247.5,14.0,45.0,35.0,207.66544117647058,156.0,1.331188725490196,177.86418755052546,160.0,1.111651172190784,249.16664365594366,163.0,1.5286297156806359,1.2968864171470325,2.105597919928175,2.062860773458894,2.1749748792451387,2.5408687540967074,1.6464866081565812,1.6027657292249766,2.0308457621361806
C:\Users\JackM\40xMBPCNP\40xN1N2N3N4lif\HAMI_1104.lif,HAMI_1104,6,Image 7,HAMI_1104_S7_Image_7,50,12629,10067,4,7399,451,10065,9,31,5,19.61904761904762,1.1072812158537797,1.202879158595835,608.6568542494924,506.0,11147,1.2878767401000135,1.1071569442782623,535.863961030679,484.0,7399,9529,16.97117516629712,0.45159309932809094,202.31370849898474,448.0,451,7654,1.1075012419274715,1.2009028740108545,607.6568542494924,506.0,10065,11147,89,232.5,12.0,50.0,42.5,1146.2446276523854,156.0,7.3477219721306755,164.67627494456764,160.0,1.0292267184035477,504.77029309488324,163.0,3.0967502643857867,1.2968864171470325,2.105597919928175,2.062860773458894,2.1749748792451387,2.5408687540967074,1.6464866081565812,1.6027657292249766,2.0308457621361806
C:\Users\JackM\40xMBPCNP\40xN1N2N3N4lif\HAMI_1104.lif,HAMI_1104,6,Image 7,HAMI_1104_S7_Image_7,51,16098,10581,5,206,10574,461,15,35,9,17.0,1.4346470087893395,1.635665048140177,968.3137084989849,592.0,15180,2.2815533980582523,0.5201640026427664,67.62132034355963,130.0,206,470,1.43559674673728,1.635665048140177,968.3137084989849,592.0,10574,15180,5.885032537960955,0.39611779232921435,155.27817459305203,392.0,461,2713,112,332.5,11.0,65.0,52.5,222.94174757281553,156.0,1.4291137664924072,304.78390391526386,160.0,1.904899399470399,169.97830802603036,163.0,1.0428117056811679,1.2968864171470325,2.105597919928175,2.062860773458894,2.1749748792451387,2.5408687540967074,1.6464866081565812,1.6027657292249766,2.0308457621361806
C:\Users\JackM\40xMBPCNP\40xN1N2N3N4lif\HAMI_1104.lif,HAMI_1104,6,Image 7,HAMI_1104_S7_Image_7,52,22853,16737,7,2047,10738,11005,36,156,24,10.66,1.5489036266953455,2.324893012711039,1897.1126983722081,816.0,25924,5.720078163165608,1.1702039156216661,690.420310216783,590.0,2047,11709,2.362544235425591,1.8743661163584373,1525.734018715768,814.0,10738,25369,2.3144025442980465,2.3655502650773936,1906.6335136523794,806.0,11005,25470,141,632.5,18.0,70.0,67.5,218.51294577430386,156.0,1.4007240113737427,320.37334699199107,160.0,2.002333418699944,208.92312585188552,163.0,1.2817369684164757,1.2968864171470325,2.105597919928175,2.062860773458894,2.1749748792451387,2.5408687540967074,1.6464866081565812,1.6027657292249766,2.0308457621361806
C:\Users\JackM\40xMBPCNP\40xN1N2N3N4lif\HAMI_1104.lif,HAMI_1104,6,Image 7,HAMI_1104_S7_Image_7,53,11871,9375,3,111,1166,9333,20,80,16,8.507936507936508,1.2625066666666667,1.949122391373298,970.6629509039024,498.0,11836,5.873873873873874,0.3288832521472478,52.621320343559645,160.0,111,652,4.92967409948542,0.9273968727978062,395.0710678118655,426.0,1166,5748,1.2681881495767706,1.947114359244784,969.6629509039024,498.0,9333,11836,81,322.5,16.0,60.0,37.5,193.85585585585585,156.0,1.2426657426657426,177.91680960548885,160.0,1.1119800600343053,238.03214400514304,163.0,1.4603199018720432,1.2968864171470325,2.105597919928175,2.062860773458894,2.1749748792451387,2.5408687540967074,1.6464866081565812,1.6027657292249766,2.0308457621361806
C:\Users\JackM\40xMBPCNP\40xN1N2N3N4lif\HAMI_1104.lif,HAMI_1104,6,Image 7,HAMI_1104_S7_Image_7,54,10343,3724,2,5607,3370,979,21,37,10,8.625,2.4505907626208376,1.783128512539031,813.1066017177982,456.0,9126,1.297306937756376,1.4377689789615578,589.4852813742386,410.0,5607,7274,2.4922848664688426,1.7173390388548206,783.1066017177982,456.0,3370,8399,3.7129724208375894,0.6543763397756448,226.4142135623731,346.0,979,3635,95,272.5,9.0,45.0,45.0,262.9500624219725,156.0,1.6855773232177726,208.17062314540058,160.0,1.3010663946587537,173.33810010214503,163.0,1.0634239270070247,1.2968864171470325,2.105597919928175,2.062860773458894,2.1749748792451387,2.5408687540967074,1.6464866081565812,1.6027657292249766,2.0308457621361806
C:\Users\JackM\40xMBPCNP\40xN1N2N3N4lif\HAMI_1104.lif,HAMI_1104,6,Image 7,HAMI_1104_S7_Image_7,55,11368,9577,2,1325,9566,190,24,48,7,12.973684210526315,1.2102954996345412,1.5749550139401782,790.6274169979695,502.0,11591,2.9645283018867925,1.4235401880277936,418.5208152801713,294.0,1325,3928,1.2116872255906335,1.5713835135042948,788.834523779156,502.0,9566,11591,20.07894736842105,0.27844271414169647,94.44974746830584,339.20710678118655,190,3815,102,332.5,10.0,55.0,47.5,202.52377358490565,156.0,1.2982293178519593,297.9621576416475,160.0,1.8622634852602968,183.5842105263158,163.0,1.1262835001614466,1.2968864171470325,2.105597919928175,2.062860773458894,2.1749748792451387,2.5408687540967074,1.6464866081565812,1.6027657292249766,2.0308457621361806
C:\Users\JackM\40xMBPCNP\40xN1N2N3N4lif\HAMI_1104.lif,HAMI_1104,7,Image 8,HAMI_1104_S8_Image_8,1,19579,13861,1,1062,13447,747,40,121,36,9.955056179775282,1.7127912849000793,1.9916917858286758,1724.8050865276332,866.0,23741,2.425612052730697,1.456270897102111,358.2426406871193,246.0,1062,2576,1.7331746858035249,1.9257488277249828,1667.698484809835,866.0,13447,23306,2.8661311914323964,0.9234927595881757,210.55634918610406,228.0,747,2141,185,552.5,9.0,55.0,90.0,217.71468926553672,144.0,1.511907564344005,403.93463225998363,143.0,2.824717708111774,166.99062918340027,138.0,1.210077023068118,1.699225749961679,2.5840726670971303,2.7314916442430253,2.485261377116224,3.810228739512486,1.6644763264674465,1.9574604328374998,2.275869601863297
C:\Users\JackM\40xMBPCNP\40xN1N2N3N4lif\HAMI_1104.lif,HAMI_1104,7,Image 8,HAMI_1104_S8_Image_8,2,22209,15325,1,706,14168,2137,52,128,28,9.519607843137255,1.680978792822186,2.0535252507079216,1708.533008588991,832.0,25761,12.674220963172804,0.5630795304021917,270.27817459305203,480.0,706,8948,1.7711744776962168,1.979916307574365,1647.2903679018718,832.0,14168,25094,5.268600842302293,0.8561713166191819,434.9350288425444,508.0,2137,11259,162,622.5,15.0,60.0,77.5,227.5184135977337,144.0,1.5799889833175953,413.60474308300394,143.0,2.8923408607203074,187.53673373888628,138.0,1.3589618386875817,1.699225749961679,2.5840726670971303,2.7314916442430253,2.485261377116224,3.810228739512486,1.6644763264674465,1.9574604328374998,2.275869601863297
C:\Users\JackM\40xMBPCNP\40xN1N2N3N4lif\HAMI_1104.lif,HAMI_1104,7,Image 8,HAMI_1104_S8_Image_8,4,18032,9050,2,0,169,8943,52,122,25,8.22,2.0100552486187846,3.0269428733294275,1876.704581464245,620.0,18191,,,0.0,0.0,0,0,36.13609467455621,0.22054359473465762,90.86396103067894,412.0,169,6107,2.0310857654031085,2.974604570961192,1844.254833995939,620.0,8943,18164,153,620.0,12.0,40.0,79.62962962962963,143.99337016574586,144.0,0.9999539594843463,147.33727810650888,143.0,1.0303306161294328,189.15363971821537,138.0,1.37067854868272,1.699225749961679,2.5840726670971303,2.7314916442430253,2.485261377116224,3.810228739512486,1.6644763264674465,1.9574604328374998,2.275869601863297
C:\Users\JackM\40xMBPCNP\40xN1N2N3N4lif\HAMI_1104.lif,HAMI_1104,7,Image 8,HAMI_1104_S8_Image_8,5,32796,22696,4,15810,558,22672,43,121,27,12.057471264367816,1.641743038420867,1.915831375786588,1860.6690475583123,971.2071067811866,37261,2.262302340290955,2.8704619084392577,2658.0477272147527,926.0,15810,35767,52.528673835125446,0.25171847152860855,225.59188309203677,896.2071067811866,558,29311,1.628440366972477,1.9751269163734673,1852.6690475583123,938.0,22672,36920,189,667.5,11.0,100.0,88.08823529411765,339.7437697659709,144.0,2.359331734485909,155.01075268817203,143.0,1.0839912775396645,368.4103299223712,138.0,2.6696400719012408,1.699225749961679,2.5840726670971303,2.7314916442430253,2.485261377116224,3.810228739512486,1.6644763264674465,1.9574604328374998,2.275869601863297
C:\Users\JackM\40xMBPCNP\40xN1N2N3N4lif\HAMI_1104.lif,HAMI_1104,7,Image 8,HAMI_1104_S8_Image_8,6,21187,15072,1,10581,756,14787,26,106,16,11.56338028169014,1.300358280254777,2.142119681626096,1413.7989898732235,660.0,19599,1.7247897174180133,2.441928943404931,1562.834523779156,640.0,10581,18250,7.605820105820106,0.6642211674599088,296.2426406871193,446.0,756,5750,1.3162237100155543,2.080886024713409,1373.3847763108502,660.0,14787,19463,178,387.5,7.0,75.0,85.0,275.77034306776295,144.0,1.9150718268594649,156.3042328042328,143.0,1.093036593036593,317.42476499628054,138.0,2.3001794564947864,1.699225749961679,2.5840726670971303,2.7314916442430253,2.485261377116224,3.810228739512486,1.6644763264674465,1.9574604328374998,2.275869601863297
C:\Users\JackM\40xMBPCNP\40xN1N2N3N4lif\HAMI_1104.lif,HAMI_1104,7,Image 8,HAMI_1104_S8_Image_8,7,23359,11117,1,6738,1052,10273,25,49,8,14.829268292682928,2.2202932445803722,2.077970597422374,1608.3492424049175,774.0,24683,2.5942416147224696,1.6832039363831974,1197.1066017177982,711.2071067811866,6738,17480,4.597908745247148,0.6587038155514403,283.2426406871193,430.0,1052,4837,2.044777572276842,1.8565052052229256,1436.9350288425444,774.0,10273,21006,141,572.5,14.0,85.0,67.5,340.38023152270705,144.0,2.363751607796577,160.09505703422053,143.0,1.1195458533861575,376.77912975761706,138.0,2.7302835489682393,1.699225749961679,2.5840726670971303,2.7314916442430253,2.485261377116224,3.810228739512486,1.6644763264674465,1.9574604328374998,2.275869601863297
C:\Users\JackM\40xMBPCNP\40xN1N2N3N4lif\HAMI_1104.lif,HAMI_1104,7,Image 8,HAMI_1104_S8_Image_8,9,44229,24658,0,18417,5330,22652,62,114,14,12.861386138613861,2.1992051261253955,2.7338209119087047,3138.4264068711927,1148.0,54228,2.8373785089862626,2.9843830404778413,3384.290367901872,1134.0,18417,52256,7.379924953095685,1.4913487184283851,1455.556349186104,976.0,5330,39335,2.3646477132262054,2.5369696147898475,2897.219300090006,1142.0,22652,53564,247,1122.5,16.0,80.0,120.0,406.902372807732,144.0,2.8257109222759165,179.18705440900564,143.0,1.253056324538501,370.847474836659,138.0,2.6873005422946306,1.699225749961679,2.5840726670971303,2.7314916442430253,2.485261377116224,3.810228739512486,1.6644763264674465,1.9574604328374998,2.275869601863297
C:\Users\JackM\40xMBPCNP\40xN1N2N3N4lif\HAMI_1104.lif,HAMI_1104,7,Image 8,HAMI_1104_S8_Image_8,10,5838,3550,0,0,233,3550,11,31,5,7.620689655172414,1.427887323943662,1.5659542373862692,535.5563491861041,342.0,5069,,,0.0,0.0,0,0,3.128755364806867,0.5086232534291042,83.41421356237309,164.0,233,729,1.427887323943662,1.5659542373862692,535.5563491861041,342.0,3550,5069,61,195.0,12.0,40.0,27.5,151.98084507042253,144.0,1.0554225352112676,160.37339055793993,143.0,1.1214922416639155,186.22676056338028,138.0,1.3494692794447847,1.699225749961679,2.5840726670971303,2.7314916442430253,2.485261377116224,3.810228739512486,1.6644763264674465,1.9574604328374998,2.275869601863297
C:\Users\JackM\40xMBPCNP\40xN1N2N3N4lif\HAMI_1104.lif,HAMI_1104,7,Image 8,HAMI_1104_S8_Image_8,11,22975,12024,1,0,10765,3454,55,120,23,9.29896907216495,1.9305555555555556,2.3958523053710445,1849.5979797464465,772.0,23213,,,0.0,0.0,0,0,2.097724105898746,2.2514016435890687,1706.562445840514,758.0,10765,22582,5.162420382165605,1.1042823274159348,830.420310216783,752.0,3454,17831,228,697.5,8.0,150.0,114.65116279069767,148.061626746507,144.0,1.0282057412951875,289.33320947515097,143.0,2.023309157168888,172.998552403011,138.0,1.2536126985725433,1.699225749961679,2.5840726670971303,2.7314916442430253,2.485261377116224,3.810228739512486,1.6644763264674465,1.9574604328374998,2.275869601863297
C:\Users\JackM\40xMBPCNP\40xN1N2N3N4lif\HAMI_1104.lif,HAMI_1104,7,Image 8,HAMI_1104_S8_Image_8,12,7952,6816,0,246,15,6816,11,28,7,13.761904761904763,1.2033450704225352,1.3020492624403672,562.4852813742386,432.0,8202,1.8495934959349594,0.8685965185799378,96.41421356237309,111.0,246,455,148.46666666666667,0.028398843173418148,9.207106781186548,324.20710678118655,15,2227,1.2033450704225352,1.3020492624403672,562.4852813742386,432.0,6816,8202,87,192.5,6.0,55.0,40.0,212.8658536585366,144.0,1.4782350948509486,145.33333333333334,143.0,1.0163170163170163,310.0228873239437,138.0,2.246542661767708,1.699225749961679,2.5840726670971303,2.7314916442430253,2.485261377116224,3.810228739512486,1.6644763264674465,1.9574604328374998,2.275869601863297
C:\Users\JackM\40xMBPCNP\40xN1N2N3N4lif\HAMI_1104.lif,HAMI_1104,7,Image 8,HAMI_1104_S8_Image_8,13,41631,37315,3,1205,2202,37169,38,296,66,11.115789473684211,1.1524051989816428,2.609424715848701,2505.0477272147527,960.0,43002,21.526970954356848,0.6913482824280749,566.9055915910214,820.0,1205,25940,15.612624886466849,1.0753330589014949,916.1837661840736,852.0,2202,34379,1.1569318518119938,2.6019173129516315,2497.840620433566,960.0,37169,43002,167,577.5,15.0,105.0,80.0,202.4589211618257,144.0,1.4059647302904563,157.47048138056311,143.0,1.1011921774864553,307.32050902633915,138.0,2.226960210335791,1.699225749961679,2.5840726670971303,2.7314916442430253,2.485261377116224,3.810228739512486,1.6644763264674465,1.9574604328374998,2.275869601863297
C:\Users\JackM\40xMBPCNP\40xN1N2N3N4lif\HAMI_1104.lif,HAMI_1104,7,Image 8,HAMI_1104_S8_Image_8,14,29523,15229,2,2066,11399,6431,33,63,16,10.946428571428571,1.8893558342635761,1.7878867702061716,1462.4913780286483,818.0,28773,8.409002904162634,1.2371364464710306,732.3847763108502,592.0,2066,17373,2.306079480656198,1.208967027924871,988.9350288425444,818.0,11399,26287,2.8937956771886175,1.657423066501026,1047.4913780286486,632.0,6431,18610,208,515.0,7.0,140.0,111.91176470588235,226.48789932236204,144.0,1.5728326341830696,274.17852443196773,143.0,1.9173323386850891,189.23308972166072,138.0,1.3712542733453674,1.699225749961679,2.5840726670971303,2.7314916442430253,2.485261377116224,3.810228739512486,1.6644763264674465,1.9574604328374998,2.275869601863297
C:\Users\JackM\40xMBPCNP\40xN1N2N3N4lif\HAMI_1104.lif,HAMI_1104,7,Image 8,HAMI_1104_S8_Image_8,15,19018,11489,0,9293,349,11488,16,38,9,14.545454545454545,1.6253807990251545,1.6995121671048887,1046.8994949366115,616.0,18674,2.015710750026902,2.1559998150190456,1362.5918830920368,632.0,9293,18732,19.81948424068768,0.5123767593229264,195.72792206135787,382.0,349,6917,1.6255222841225627,1.6995121671048887,1046.8994949366115,616.0,11488,18674,110,367.5,10.0,80.0,52.5,453.69138060906056,144.0,3.1506345875629207,151.03724928366762,143.0,1.056204540445228,458.7196204735376,138.0,3.324055220822736,1.699225749961679,2.5840726670971303,2.7314916442430253,2.485261377116224,3.810228739512486,1.6644763264674465,1.9574604328374998,2.275869601863297
C:\Users\JackM\40xMBPCNP\40xN1N2N3N4lif\HAMI_1104.lif,HAMI_1104,7,Image 8,HAMI_1104_S8_Image_8,16,16209,11297,2,0,11242,202,36,114,29,8.91358024691358,1.5585553686819509,1.8456852936306407,1210.7695526217003,656.0,17607,,,0.0,0.0,0,0,1.5661803949475182,1.8487340741184457,1212.7695526217003,656.0,11242,17607,4.5594059405940595,0.23050863824483198,63.207106781186546,274.20710678118655,202,921,103,402.5,15.0,60.0,50.0,150.05753739930955,144.0,1.0420662319396496,445.3460238391745,143.0,3.1143078590152062,169.64851485148515,138.0,1.2293370641411967,1.699225749961679,2.5840726670971303,2.7314916442430253,2.485261377116224,3.810228739512486,1.6644763264674465,1.9574604328374998,2.275869601863297
C:\Users\JackM\40xMBPCNP\40xN1N2N3N4lif\HAMI_1104.lif,HAMI_1104,7,Image 8,HAMI_1104_S8_Image_8,17,42753,17199,1,4751,1138,16789,91,217,54,6.731428571428571,2.5517181231466948,2.8470875707889425,2852.78174593052,1002.0,43887,8.425805093664492,2.000556376397694,1916.533008588991,958.0,4751,40031,33.63093145869947,0.5446933245739808,522.9055915910216,960.0,1138,38272,2.5685270117338734,2.685889152345658,2691.260930650349,1002.0,16789,43123,288,1155.0,10.0,130.0,140.0,206.98716059776888,144.0,1.437410837484506,159.0597539543058,143.0,1.112305971708432,190.70998868306629,138.0,1.3819564397323645,1.699225749961679,2.5840726670971303,2.7314916442430253,2.485261377116224,3.810228739512486,1.6644763264674465,1.9574604328374998,2.275869601863297
C:\Users\JackM\40xMBPCNP\40xN1N2N3N4lif\HAMI_1104.lif,HAMI_1104,7,Image 8,HAMI_1104_S8_Image_8,18,87087,66120,3,44946,7852,63983,85,267,58,12.566844919786096,1.4418027828191167,2.7555993205835043,4227.089357775096,1534.0,95332,2.12139011257954,4.543256187453865,6942.0954544295055,1528.0,44946,95348,10.093097300050943,1.8039426368993003,2524.089357775095,1399.2071067811867,7852,79251,1.4892237000453246,2.5663697413181508,3936.8111831820434,1534.0,63983,95285,222,1407.5,33.0,145.0,107.5,496.06385440306144,144.0,3.444887877799038,194.6184411614875,143.0,1.3609681200104022,467.1393651438663,138.0,3.3850678633613502,1.699225749961679,2.5840726670971303,2.7314916442430253,2.485261377116224,3.810228739512486,1.6644763264674465,1.9574604328374998,2.275869601863297
C:\Users\JackM\40xMBPCNP\40xN1N2N3N4lif\HAMI_1104.lif,HAMI_1104,7,Image 8,HAMI_1104_S8_Image_8,19,12776,7643,3,401,7056,3050,33,42,4,11.69047619047619,1.677613502551354,1.7267485688680715,975.9705627484772,565.2071067811866,12822,4.184538653366584,0.5091267427152719,136.65685424949237,268.4142135623731,401,1678,1.7714002267573696,1.5786215689279857,874.5563491861041,554.0,7056,12499,3.3875409836065575,1.4800800046816072,756.6274169979695,511.20710678118655,3050,10332,98,362.5,9.0,45.0,45.0,205.64588528678306,144.0,1.42809642560266,334.48526077097506,143.0,2.339057767629196,197.44655737704917,138.0,1.4307721549061534,1.699225749961679,2.5840726670971303,2.7314916442430253,2.485261377116224,3.810228739512486,1.6644763264674465,1.9574604328374998,2.275869601863297
C:\Users\JackM\40xMBPCNP\40xN1N2N3N4lif\HAMI_1104.lif,HAMI_1104,7,Image 8,HAMI_1104_S8_Image_8,20,53252,38996,3,26854,11230,35623,88,278,58,10.616504854368932,1.8030823674222998,2.4417353295662823,3436.533008588991,1407.414213562373,70313,2.1381544648841886,2.6827664008599164,3311.089357775095,1234.2071067811867,26854,57418,5.039091718610864,1.8614209633604728,2364.77564927611,1270.414213562373,11230,56589,1.9069702158717683,2.4054938616790302,3313.3614357137376,1377.414213562373,35623,67932,407,1075.0,8.0,185.0,200.0,284.5250242049602,144.0,1.9758682236455567,244.06411398040962,143.0,1.7067420558070603,292.49555062740365,138.0,2.119532975560896,1.699225749961679,2.5840726670971303,2.7314916442430253,2.485261377116224,3.810228739512486,1.6644763264674465,1.9574604328374998,2.275869601863297
C:\Users\JackM\40xMBPCNP\40xN1N2N3N4lif\HAMI_1104.lif,HAMI_1104,7,Image 8,HAMI_1104_S8_Image_8,21,16912,3025,1,156,1643,1628,31,45,15,6.875,5.109090909090909,1.432659454093902,828.0771644662753,578.0,15455,3.3974358974358974,0.623978732885394,78.62132034355965,126.0,156,530,7.002434570906877,0.9112894268554024,462.9350288425444,508.0,1643,11505,7.562039312039312,0.9282548192632555,527.2487373415291,568.0,1628,12311,152,310.0,6.0,65.0,80.0,209.7948717948718,144.0,1.456908831908832,173.73219720024346,143.0,1.2149104699317725,169.5810810810811,138.0,1.2288484136310225,1.699225749961679,2.5840726670971303,2.7314916442430253,2.485261377116224,3.810228739512486,1.6644763264674465,1.9574604328374998,2.275869601863297
C:\Users\JackM\40xMBPCNP\40xN1N2N3N4lif\HAMI_1104.lif,HAMI_1104,7,Image 8,HAMI_1104_S8_Image_8,22,38815,23559,3,15848,1433,22690,48,204,63,9.965277777777779,1.7033829958826776,2.5719505464387016,2417.6335136523794,940.0,40130,2.3380237253912166,2.666136006795685,2426.1837661840736,910.0,15848,37053,19.229588276343335,0.7195342712474618,575.6274169979695,800.0,1433,27556,1.768620537681798,2.3859628580081202,2242.805086527633,940.0,22690,40130,171,822.5,13.0,90.0,82.5,330.4119762746088,144.0,2.2945276130181167,167.2463363572924,143.0,1.1695547997013453,278.94684883208464,138.0,2.021353977044092,1.699225749961679,2.5840726670971303,2.7314916442430253,2.485261377116224,3.810228739512486,1.6644763264674465,1.9574604328374998,2.275869601863297
C:\Users\JackM\40xMBPCNP\40xN1N2N3N4lif\HAMI_1104.lif,HAMI_1104,7,Image 8,HAMI_1104_S8_Image_8,23,77694,46179,2,12929,10896,40707,120,450,97,9.823717948717949,1.8952337642651422,3.964459892574096,6208.344191771034,1566.0,87520,5.713202877252688,2.638921376524487,3768.379725676967,1428.0,12929,73866,7.139500734214391,2.1827099684463747,3199.8528137423855,1466.0,10896,77792,2.065615250448326,3.4935112954617904,5275.202056147304,1510.0,40707,84085,265,2037.5,17.0,120.0,130.0,215.02513728826668,144.0,1.4932301200574074,229.79873348017622,143.0,1.6069841502110225,226.70896897339523,138.0,1.6428186157492408,1.699225749961679,2.5840726670971303,2.7314916442430253,2.485261377116224,3.810228739512486,1.6644763264674465,1.9574604328374998,2.275869601863297
C:\Users\JackM\40xMBPCNP\40xN1N2N3N4lif\HAMI_1104.lif,HAMI_1104,7,Image 8,HAMI_1104_S8_Image_8,24,10488,10284,1,1807,9515,4054,5,19,3,18.916666666666668,1.0493971217425127,1.0474669863042754,525.8284271247462,502.0,10792,3.5672385168788048,1.2468722405152222,501.2426406871193,402.0,1807,6446,1.0734629532317395,1.147089056325594,557.4852813742386,486.0,9515,10214,2.3371978293043907,1.355960932580528,680.6923881554251,502.0,4054,9475,90,202.5,10.0,45.0,42.5,219.00332042058662,144.0,1.5208563918096294,547.2575932737783,143.0,3.8269761767397084,211.21657622101628,138.0,1.530554900152292,1.699225749961679,2.5840726670971303,2.7314916442430253,2.485261377116224,3.810228739512486,1.6644763264674465,1.9574604328374998,2.275869601863297
C:\Users\JackM\40xMBPCNP\40xN1N2N3N4lif\HAMI_1104.lif,HAMI_1104,7,Image 8,HAMI_1104_S8_Image_8,25,15665,8848,1,0,462,8758,57,152,45,7.131578947368421,1.805605786618445,3.070319112157745,1823.7695526217005,594.0,15976,,,0.0,0.0,0,0,14.95021645021645,0.4733189691757642,207.31370849898474,438.0,462,6907,1.812628453984928,3.047067038341865,1797.7695526217003,590.0,8758,15875,121,642.5,18.0,40.0,57.5,155.45716546112115,144.0,1.0795636490355636,156.11688311688312,143.0,1.091726455362819,208.33809088833067,138.0,1.5096963107850048,1.699225749961679,2.5840726670971303,2.7314916442430253,2.485261377116224,3.810228739512486,1.6644763264674465,1.9574604328374998,2.275869601863297
C:\Users\JackM\40xMBPCNP\40xN1N2N3N4lif\HAMI_1104.lif,HAMI_1104,7,Image 8,HAMI_1104_S8_Image_8,26,43178,27093,2,18794,3490,26036,26,62,7,17.3,1.6500941202524637,1.97191913670934,2062.6274169979697,1046.0,44706,2.204426944769607,2.6320287638910327,2645.734018715768,1005.2071067811866,18794,41430,8.628080229226361,1.6113973124964298,1260.1126983722081,782.0,3490,30112,1.700337993547396,1.7806805765698248,1862.5918830920368,1046.0,26036,44270,270,725.0,11.0,180.0,135.0,317.5733212727466,144.0,2.205370286616296,158.55988538681947,143.0,1.1088103873204158,384.339107389768,138.0,2.785065995578029,1.699225749961679,2.5840726670971303,2.7314916442430253,2.485261377116224,3.810228739512486,1.6644763264674465,1.9574604328374998,2.275869601863297
C:\Users\JackM\40xMBPCNP\40xN1N2N3N4lif\HAMI_1104.lif,HAMI_1104,7,Image 8,HAMI_1104_S8_Image_8,27,59003,33837,2,25756,5348,32092,87,290,66,10.158371040723981,1.9977243845494577,3.352116621664484,4404.681240867132,1314.0,67597,2.51009473520733,3.001972748122267,3854.533008588991,1284.0,25756,64650,10.30441286462229,1.4681512563174597,1661.9472221513643,1132.0,5348,55108,2.1063504923345384,3.131465914782791,4114.746212024587,1314.0,32092,67597,213,1452.5,18.0,125.0,105.0,258.4468085106383,144.0,1.794769503546099,190.66230366492147,143.0,1.3333028228316186,230.47098965474262,138.0,1.6700796351792944,1.699225749961679,2.5840726670971303,2.7314916442430253,2.485261377116224,3.810228739512486,1.6644763264674465,1.9574604328374998,2.275869601863297
C:\Users\JackM\40xMBPCNP\40xN1N2N3N4lif\HAMI_1104.lif,HAMI_1104,7,Image 8,HAMI_1104_S8_Image_8,28,71629,46010,3,34410,8848,43766,119,429,95,9.307453416149068,1.7883068898065637,3.343857470350503,4875.344191771033,1458.0,82280,2.3421970357454227,3.4967625660532113,5035.338095116625,1440.0,34410,80595,6.514240506329114,2.269662744586058,2832.5391052434006,1248.0,8848,57638,1.8710871452725861,3.1489524135087654,4591.17261889578,1458.0,43766,81890,239,1550.0,17.0,130.0,117.5,276.62583551293227,144.0,1.9210127466175853,181.81803797468353,143.0,1.271454811011773,263.00415847918475,138.0,1.9058272353564112,1.699225749961679,2.5840726670971303,2.7314916442430253,2.485261377116224,3.810228739512486,1.6644763264674465,1.9574604328374998,2.275869601863297
C:\Users\JackM\40xMBPCNP\40xN1N2N3N4lif\HAMI_1104.lif,HAMI_1104,7,Image 8,HAMI_1104_S8_Image_8,31,13027,6607,1,106,4694,2861,29,44,5,11.775,1.8239745724231875,2.3718700576850886,1185.9350288425444,500.0,12051,13.38679245283019,0.32956340580340854,72.24264068711929,219.20710678118655,106,1419,2.343843204090328,2.1551825861864455,1068.970562748477,496.0,4694,11002,2.870674589304439,1.373726267287745,593.4497474683059,432.0,2861,8213,118,377.5,8.0,30.0,55.0,205.97169811320754,144.0,1.4303590146750524,230.16872603323392,143.0,1.6095715107219155,189.4788535477106,138.0,1.3730351706355841,1.699225749961679,2.5840726670971303,2.7314916442430253,2.485261377116224,3.810228739512486,1.6644763264674465,1.9574604328374998,2.275869601863297
C:\Users\JackM\40xMBPCNP\40xN1N2N3N4lif\HAMI_1104.lif,HAMI_1104,7,Image 8,HAMI_1104_S8_Image_8,32,68783,53012,4,26543,15620,50214,42,226,37,16.118055555555557,1.3682562438693127,3.159356356703212,3810.1837661840736,1206.0,72534,2.0722601062427004,3.710202120336324,4007.0182899632296,1080.0,26543,55004,4.293149807938541,2.9543529938719084,3527.4974746830585,1194.0,15620,67059,1.4329270721312781,2.919041897586661,3497.01219330882,1198.0,50214,71953,202,1117.5,17.0,110.0,97.5,385.076065252609,144.0,2.674139342032007,213.46587708066582,143.0,1.4927683711934672,354.4152626757478,138.0,2.568226541128607,1.699225749961679,2.5840726670971303,2.7314916442430253,2.485261377116224,3.810228739512486,1.6644763264674465,1.9574604328374998,2.275869601863297
C:\Users\JackM\40xMBPCNP\40xN1N2N3N4lif\HAMI_1104.lif,HAMI_1104,7,Image 8,HAMI_1104_S8_Image_8,33,40318,20790,1,0,6394,18396,98,309,60,7.91588785046729,1.9435786435786435,3.8292176389724277,3783.267027304759,988.0,40407,,,0.0,0.0,0,0,5.8115420706912735,1.9773954494076633,1914.118795026618,968.0,6394,37159,2.140084801043705,3.4907417143141553,3448.8528137423855,988.0,18396,39369,184,1357.5,17.0,80.0,90.0,148.94699374699374,144.0,1.034354123243012,186.52408507976227,143.0,1.304364231327009,202.98320287018916,138.0,1.4708927744216607,1.699225749961679,2.5840726670971303,2.7314916442430253,2.485261377116224,3.810228739512486,1.6644763264674465,1.9574604328374998,2.275869601863297
C:\Users\JackM\40xMBPCNP\40xN1N2N3N4lif\HAMI_1104.lif,HAMI_1104,7,Image 8,HAMI_1104_S8_Image_8,34,55266,30475,1,17008,4358,28608,139,401,106,7.60200668896321,1.8912223133716162,3.995864666923827,4195.657900270018,1050.0,57635,3.05326904985889,3.534670060615191,3463.976659402887,980.0,17008,51930,11.300367140890316,1.5517454624359306,1514.5035713374682,976.0,4358,49247,1.9895483780760626,3.619294247286521,3764.066017177982,1040.0,28608,56917,283,1390.0,12.0,45.0,137.5,240.52228363123237,144.0,1.6702936363280025,187.4233593391464,143.0,1.3106528625115133,229.87800615212527,138.0,1.66578265327627,1.699225749961679,2.5840726670971303,2.7314916442430253,2.485261377116224,3.810228739512486,1.6644763264674465,1.9574604328374998,2.275869601863297
C:\Users\JackM\40xMBPCNP\40xN1N2N3N4lif\HAMI_1104.lif,HAMI_1104,7,Image 8,HAMI_1104_S8_Image_8,35,27713,9894,1,0,3915,7070,72,159,39,6.1838235294117645,2.427936122902769,2.904071969591943,2137.39696961967,736.0,24022,,,0.0,0.0,0,0,5.227075351213283,1.5773932602911316,1072.6274169979695,680.0,3915,20464,2.9854314002828852,2.181878475678453,1553.4974746830583,712.0,7070,21107,147,832.5,14.0,50.0,70.0,146.52102284212654,144.0,1.017507103070323,181.05542784163472,143.0,1.2661218730184247,185.06831683168318,138.0,1.341074759649878,1.699225749961679,2.5840726670971303,2.7314916442430253,2.485261377116224,3.810228739512486,1.6644763264674465,1.9574604328374998,2.275869601863297
C:\Users\JackM\40xMBPCNP\40xN1N2N3N4lif\HAMI_1104.lif,HAMI_1104,7,Image 8,HAMI_1104_S8_Image_8,36,37451,22057,1,12543,4770,19292,66,204,40,9.952380952380953,1.912635444530081,2.5051954293845586,2750.704581464245,1098.0,42187,2.9991230168221317,1.9245398050083207,2040.0121933088199,1060.0,12543,37618,5.6314465408805034,1.500134164728819,1260.1126983722081,840.0,4770,26862,2.167945262284885,2.198553910117322,2414.0121933088194,1098.0,19292,41824,223,887.5,13.0,85.0,107.5,254.9093518297058,144.0,1.7702038321507347,197.49958071278826,143.0,1.3811159490404774,260.4629380053908,138.0,1.8874125942419624,1.699225749961679,2.5840726670971303,2.7314916442430253,2.485261377116224,3.810228739512486,1.6644763264674465,1.9574604328374998,2.275869601863297
C:\Users\JackM\40xMBPCNP\40xN1N2N3N4lif\HAMI_1104.lif,HAMI_1104,7,Image 8,HAMI_1104_S8_Image_8,37,28267,23103,1,0,18457,13273,40,194,42,10.503937007874017,1.5415746872700515,2.160530413421831,2117.3198051533946,980.0,35615,,,0.0,0.0,0,0,1.7152841740261147,2.274104224948912,2164.9472221513643,952.0,18457,31659,2.3379040156709108,2.5275205875467686,2345.539105243401,928.0,13273,31031,174,642.5,10.0,120.0,85.0,148.1846513439813,144.0,1.0290600787776478,379.67150674540824,143.0,2.6550455017161414,214.96300760943268,138.0,1.5577029536915412,1.699225749961679,2.5840726670971303,2.7314916442430253,2.485261377116224,3.810228739512486,1.6644763264674465,1.9574604328374998,2.275869601863297
C:\Users\JackM\40xMBPCNP\40xN1N2N3N4lif\HAMI_1104.lif,HAMI_1104,7,Image 8,HAMI_1104_S8_Image_8,38,20535,16343,1,0,7209,13953,39,164,38,9.166666666666666,1.2908278773786943,2.1967765729086315,1645.840620433566,749.2071067811866,21096,,,0.0,0.0,0,0,2.714107365792759,2.5706844884265942,1771.7340187157677,689.2071067811866,7209,19566,1.4833369167920878,1.8471602565766974,1383.9055915910217,749.2071067811866,13953,20697,146,520.0,9.0,65.0,72.5,150.7781924983173,144.0,1.0470707812383147,234.04785684560966,143.0,1.636698299619648,228.65140113237297,138.0,1.656894211104152,1.699225749961679,2.5840726670971303,2.7314916442430253,2.485261377116224,3.810228739512486,1.6644763264674465,1.9574604328374998,2.275869601863297
C:\Users\JackM\40xMBPCNP\40xN1N2N3N4lif\HAMI_1104.lif,HAMI_1104,7,Image 8,HAMI_1104_S8_Image_8,39,25434,17433,2,41,16756,1103,46,207,46,8.041379310344828,1.5309470544369874,2.6018375260632216,2039.8406204335658,784.0,26689,20.75609756097561,0.08417367459401418,31.414213562373096,373.20710678118655,41,851,1.588505609930771,2.4535235278577985,1923.562445840514,784.0,16756,26617,15.814143245693563,0.5827980129281172,405.62741699796953,696.0,1103,17443,121,577.5,15.0,65.0,57.5,200.29268292682926,144.0,1.390921409214092,412.04649080926237,143.0,2.8814439916731636,171.26926563916592,138.0,1.2410816350664198,1.699225749961679,2.5840726670971303,2.7314916442430253,2.485261377116224,3.810228739512486,1.6644763264674465,1.9574604328374998,2.275869601863297
C:\Users\JackM\40xMBPCNP\40xN1N2N3N4lif\HAMI_1104.lif,HAMI_1104,7,Image 8,HAMI_1104_S8_Image_8,40,12452,8586,1,17,8004,1559,30,54,15,11.942307692307692,1.47787095271372,2.189202022925844,1142.7634559672906,522.0,12689,1.1764705882352942,0.8254441738241592,13.207106781186548,16.0,17,20,1.5595952023988007,2.07363990036491,1057.5563491861042,510.0,8004,12483,3.921103271327774,1.1458961408631068,446.89949493661163,390.0,1559,6113,151,380.0,6.0,70.0,72.5,210.88235294117646,144.0,1.4644607843137254,287.56996501749126,143.0,2.010978776346093,183.79666452854394,138.0,1.3318598878879997,1.699225749961679,2.5840726670971303,2.7314916442430253,2.485261377116224,3.810228739512486,1.6644763264674465,1.9574604328374998,2.275869601863297
C:\Users\JackM\40xMBPCNP\40xN1N2N3N4lif\HAMI_1104.lif,HAMI_1104,7,Image 8,HAMI_1104_S8_Image_8,41,28285,17710,1,1592,6545,13799,42,165,37,10.885964912280702,1.7075098814229248,2.910534808090816,2456.491378028649,844.0,30240,6.5879396984924625,0.9715397674004679,495.48528137423864,510.0,1592,10488,4.198624904507257,1.9894469731216071,1663.1776695296635,836.0,6545,27480,1.6313500978331763,2.6626889352882395,1885.1837661840736,708.0,13799,22511,172,672.5,11.0,100.0,82.5,227.66143216080403,144.0,1.5809821677833613,194.26768525592055,143.0,1.358515281509934,219.3799550692079,138.0,1.5897098193420862,1.699225749961679,2.5840726670971303,2.7314916442430253,2.485261377116224,3.810228739512486,1.6644763264674465,1.9574604328374998,2.275869601863297
C:\Users\JackM\40xMBPCNP\40xN1N2N3N4lif\HAMI_1104.lif,HAMI_1104,7,Image 8,HAMI_1104_S8_Image_8,42,17345,10778,3,0,9874,1703,41,141,35,8.48314606741573,1.5979773612915198,2.271833211060296,1394.9055915910217,614.0,17223,,,0.0,0.0,0,0,1.7038687462021471,1.9756957075997972,1213.0771644662755,614.0,9874,16824,5.256605989430417,1.183225193109808,555.1776695296637,469.20710678118655,1703,8952,108,482.5,23.0,70.0,50.0,144.76340694006308,144.0,1.0053014370837714,308.44743771521166,143.0,2.156975088917564,177.7116852613036,138.0,1.2877658352268375,1.699225749961679,2.5840726670971303,2.7314916442430253,2.485261377116224,3.810228739512486,1.6644763264674465,1.9574604328374998,2.275869601863297
C:\Users\JackM\40xMBPCNP\40xN1N2N3N4lif\HAMI_1104.lif,HAMI_1104,7,Image 8,HAMI_1104_S8_Image_8,43,28018,27960,3,0,27960,474,6,6,1,52.833333333333336,1.0515379113018597,1.0215522445078875,825.4142135623731,808.0,29401,,,0.0,0.0,0,0,1.0515379113018597,1.0215522445078875,825.4142135623731,808.0,27960,29401,9.426160337552743,0.5551785077458308,198.31370849898477,357.20710678118655,474,4468,121,302.5,14.0,95.0,57.5,142.74363376251787,144.0,0.9912752344619297,603.2398426323319,143.0,4.218460437988336,171.71097046413502,138.0,1.2442823946676451,1.699225749961679,2.5840726670971303,2.7314916442430253,2.485261377116224,3.810228739512486,1.6644763264674465,1.9574604328374998,2.275869601863297
C:\Users\JackM\40xMBPCNP\40xN1N2N3N4lif\HAMI_1104.lif,HAMI_1104,7,Image 8,HAMI_1104_S8_Image_8,44,29270,22027,2,3024,14549,14384,26,144,34,12.617021276595745,1.4214373269169656,2.5405560953422097,2139.1482322781408,842.0,31310,2.428240740740741,1.6970496448505006,777.2487373415292,458.0,3024,7343,1.866794968726373,2.0062096096088884,1584.9055915910217,790.0,14549,27160,2.0434510567296997,2.733840960560944,2296.4264068711927,840.0,14384,29393,172,587.5,10.0,100.0,82.5,212.11772486772486,144.0,1.473039756025867,389.459962884047,143.0,2.7234962439443846,274.5533231368187,138.0,1.989516834324773,1.699225749961679,2.5840726670971303,2.7314916442430253,2.485261377116224,3.810228739512486,1.6644763264674465,1.9574604328374998,2.275869601863297
C:\Users\JackM\40xMBPCNP\40xN1N2N3N4lif\HAMI_1104.lif,HAMI_1104,7,Image 8,HAMI_1104_S8_Image_8,45,61825,42800,4,22711,4915,41787,43,200,48,13.664179104477611,1.8425467289719626,2.4502226908960822,3356.8050865276327,1370.0,78861,2.682136409669323,2.6697373689410324,3251.7401153701776,1218.0,22711,60914,10.119226856561546,1.4715520333549041,1592.2193000900063,1082.0,4915,49736,1.8872137267571254,2.4081633329810757,3299.1837661840736,1370.0,41787,78861,213,1052.5,19.0,125.0,102.5,318.1123244242878,144.0,2.209113364057554,178.13977619532045,143.0,1.2457327006665766,421.4284825424175,138.0,3.0538295836407063,1.699225749961679,2.5840726670971303,2.7314916442430253,2.485261377116224,3.810228739512486,1.6644763264674465,1.9574604328374998,2.275869601863297
C:\Users\JackM\40xMBPCNP\40xN1N2N3N4lif\HAMI_1104.lif,HAMI_1104,7,Image 8,HAMI_1104_S8_Image_8,46,11796,5598,2,0,1323,5002,24,77,19,7.45,1.9603429796355842,2.083960189244495,1079.4913780286483,518.0,10974,,,0.0,0.0,0,0,5.772486772486772,1.1148390982985066,459.31370849898474,412.0,1323,7637,2.1233506597361056,1.8487701754901589,957.6629509039022,518.0,5002,10621,83,400.0,13.0,60.0,42.5,147.52250803858522,144.0,1.024461861379064,162.15797430083146,143.0,1.1339718482575627,187.05397840863654,138.0,1.3554636116567864,1.699225749961679,2.5840726670971303,2.7314916442430253,2.485261377116224,3.810228739512486,1.6644763264674465,1.9574604328374998,2.275869601863297
C:\Users\JackM\40xMBPCNP\40xN1N2N3N4lif\HAMI_1104.lif,HAMI_1104,7,Image 8,HAMI_1104_S8_Image_8,47,10346,7018,1,2562,4552,3168,16,50,5,12.030303030303031,1.3696209746366486,1.6816594972949328,797.1066017177982,474.0,9612,1.3134270101483216,1.3542739701162974,371.0710678118655,274.0,2562,3365,1.882688927943761,1.4004543413140635,645.8994949366116,461.20710678118655,4552,8570,2.3579545454545454,1.1349054978779525,451.6923881554251,398.0,3168,7470,86,232.5,8.0,50.0,40.0,394.0261514441842,144.0,2.7362927183623906,248.86555360281196,143.0,1.7403185566630206,365.02367424242425,138.0,2.645099088713219,1.699225749961679,2.5840726670971303,2.7314916442430253,2.485261377116224,3.810228739512486,1.6644763264674465,1.9574604328374998,2.275869601863297
C:\Users\JackM\40xMBPCNP\40xN1N2N3N4lif\HAMI_1104.lif,HAMI_1104,7,Image 8,HAMI_1104_S8_Image_8,48,48954,26330,1,5,21797,6235,103,280,77,8.763948497854077,2.032662362324345,4.289884209518198,4418.580735803744,1030.0,53520,1.0,1.0,5.207106781186548,5.207106781186548,5,5,2.346836720649631,3.372097990922669,3473.260930650349,1030.0,21797,51154,5.322534081796311,1.9735643132133207,1713.0538238691624,868.0,6235,33186,179,1460.0,27.0,95.0,87.5,227.2,144.0,1.5777777777777777,290.0608799376061,143.0,2.0283977618014415,174.33071371291098,138.0,1.2632660413979055,1.699225749961679,2.5840726670971303,2.7314916442430253,2.485261377116224,3.810228739512486,1.6644763264674465,1.9574604328374998,2.275869601863297
C:\Users\JackM\40xMBPCNP\40xN1N2N3N4lif\HAMI_1104.lif,HAMI_1104,8,Image 9,HAMI_1104_S9_Image_9,1,4005,2737,1,0,2737,0,3,3,1,39.666666666666664,1.2590427475337962,1.2476185359033554,351.8284271247462,282.0,3446,,,0.0,0.0,0,0,1.2590427475337962,1.2476185359033554,351.8284271247462,282.0,2737,3446,,,0.0,0.0,0,0,63,127.5,6.0,20.0,27.5,133.40007307270736,140.0,0.9528576648050525,244.34672999634637,145.0,1.6851498620437682,124.4435513335769,134.0,0.9286832189072903,1.5881135865446987,2.0377086735829937,2.2918833569843904,2.5794583136089337,2.258172091882377,1.9122804360964298,1.686335767874,2.0673589947119275
C:\Users\JackM\40xMBPCNP\40xN1N2N3N4lif\HAMI_1104.lif,HAMI_1104,8,Image 9,HAMI_1104_S9_Image_9,2,27359,13618,1,0,13618,0,31,69,12,14.018518518518519,2.346012630342194,2.034371571174143,1765.834523779156,868.0,31948,,,0.0,0.0,0,0,2.346012630342194,2.034371571174143,1765.834523779156,868.0,13618,31948,,,0.0,0.0,0,0,195,672.5,11.0,130.0,99.42857142857143,129.7915259215744,140.0,0.9270823280112457,248.18056983404318,145.0,1.7115901367865047,125.80511088265531,134.0,0.9388441110645919,1.5881135865446987,2.0377086735829937,2.2918833569843904,2.5794583136089337,2.258172091882377,1.9122804360964298,1.686335767874,2.0673589947119275
C:\Users\JackM\40xMBPCNP\40xN1N2N3N4lif\HAMI_1104.lif,HAMI_1104,8,Image 9,HAMI_1104_S9_Image_9,3,21669,10601,1,0,10601,59,21,60,12,14.148936170212766,2.0509385906989905,2.2203756115592763,1523.1776695296635,686.0,21742,,,0.0,0.0,0,0,2.0509385906989905,2.2203756115592763,1523.1776695296635,686.0,10601,21742,5.796610169491525,0.3230563782872473,36.82842712474619,114.0,59,342,126,457.5,9.0,85.0,60.0,137.0346193755306,140.0,0.9788187098252187,256.1231015941892,145.0,1.76636621789096,169.35593220338984,134.0,1.2638502403238048,1.5881135865446987,2.0377086735829937,2.2918833569843904,2.5794583136089337,2.258172091882377,1.9122804360964298,1.686335767874,2.0673589947119275
C:\Users\JackM\40xMBPCNP\40xN1N2N3N4lif\HAMI_1104.lif,HAMI_1104,8,Image 9,HAMI_1104_S9_Image_9,4,25357,12899,2,76,11581,2236,46,70,16,10.447761194029852,2.7369563532056747,1.8750206687332986,1773.7695526217005,946.0,35304,5.934210526315789,0.4682159073938783,51.03553390593274,109.0,76,451,3.0482687160003454,1.6046576074570926,1518.0060966544097,946.0,11581,35302,5.2804114490161,1.024637562607617,569.698484809835,556.0,2236,11807,263,717.5,8.0,80.0,132.4,222.28947368421052,140.0,1.587781954887218,267.1106985579829,145.0,1.8421427486757442,170.68828264758497,134.0,1.273793154086455,1.5881135865446987,2.0377086735829937,2.2918833569843904,2.5794583136089337,2.258172091882377,1.9122804360964298,1.686335767874,2.0673589947119275
C:\Users\JackM\40xMBPCNP\40xN1N2N3N4lif\HAMI_1104.lif,HAMI_1104,8,Image 9,HAMI_1104_S9_Image_9,5,11235,4430,1,0,4430,0,19,23,4,14.333333333333334,2.411060948081264,1.8552997377219553,935.0710678118655,504.0,10681,,,0.0,0.0,0,0,2.411060948081264,1.8552997377219553,935.0710678118655,504.0,4430,10681,,,0.0,0.0,0,0,107,337.5,12.0,55.0,50.0,139.4783295711061,140.0,0.9962737826507577,193.40519187358916,145.0,1.3338289094730287,139.5629796839729,134.0,1.0415147737609918,1.5881135865446987,2.0377086735829937,2.2918833569843904,2.5794583136089337,2.258172091882377,1.9122804360964298,1.686335767874,2.0673589947119275
C:\Users\JackM\40xMBPCNP\40xN1N2N3N4lif\HAMI_1104.lif,HAMI_1104,8,Image 9,HAMI_1104_S9_Image_9,6,92558,55623,3,26251,13330,49707,140,492,106,9.806722689075631,2.1400499793250995,3.9161466478661566,6720.107647738325,1716.0,119036,3.4741152717991697,2.7962013610537473,4199.8944443027285,1502.0,26251,91199,8.23608402100525,2.066470598126321,3434.4741340859455,1662.0,13330,109787,2.154163397509405,3.636050790318204,5810.40916292849,1598.0,49707,107077,404,2292.5,19.0,235.0,200.0,246.76080911203383,140.0,1.7625772079430988,266.70705176294075,145.0,1.8393589776754535,265.26066751161807,134.0,1.9795572202359557,1.5881135865446987,2.0377086735829937,2.2918833569843904,2.5794583136089337,2.258172091882377,1.9122804360964298,1.686335767874,2.0673589947119275
C:\Users\JackM\40xMBPCNP\40xN1N2N3N4lif\HAMI_1104.lif,HAMI_1104,8,Image 9,HAMI_1104_S9_Image_9,7,36613,21743,1,0,21743,2179,28,58,16,15.807692307692308,2.05183277376627,1.5192614348941436,1768.420310216783,1164.0,44613,,,0.0,0.0,0,0,2.05183277376627,1.5192614348941436,1768.420310216783,1164.0,21743,44613,2.039926571821937,1.6101523041922785,515.2487373415291,320.0,2179,4445,208,642.5,9.0,65.0,102.5,138.0769443039139,140.0,0.9862638878850993,476.8755461527848,145.0,3.2887968700192056,167.35612666360717,134.0,1.2489263183851282,1.5881135865446987,2.0377086735829937,2.2918833569843904,2.5794583136089337,2.258172091882377,1.9122804360964298,1.686335767874,2.0673589947119275
C:\Users\JackM\40xMBPCNP\40xN1N2N3N4lif\HAMI_1104.lif,HAMI_1104,8,Image 9,HAMI_1104_S9_Image_9,8,26470,14061,2,0,13896,2728,41,158,33,8.044642857142858,1.7366474646184482,2.294303595300724,1798.7340187157677,784.0,24419,,,0.0,0.0,0,0,1.7572682786413356,2.3335802448145166,1829.5269119345812,784.0,13896,24419,3.6107038123167157,1.1599122080678688,600.834523779156,518.0,2728,9850,140,612.5,14.0,60.0,67.5,146.36626129009318,140.0,1.045473294929237,317.4081030512378,145.0,2.189021400353364,178.06891495601172,134.0,1.3288724996717294,1.5881135865446987,2.0377086735829937,2.2918833569843904,2.5794583136089337,2.258172091882377,1.9122804360964298,1.686335767874,2.0673589947119275
C:\Users\JackM\40xMBPCNP\40xN1N2N3N4lif\HAMI_1104.lif,HAMI_1104,8,Image 9,HAMI_1104_S9_Image_9,9,12909,11400,1,865,10992,4479,9,13,3,22.4,1.0855263157894737,1.1546700478354097,585.6568542494924,507.20710678118655,12375,8.152601156069364,0.7437753913901498,323.1066017177982,434.4142135623731,865,7052,1.1103529839883552,1.2386826526720462,616.863961030679,498.0,10992,12205,2.097566421076133,1.6549740783874183,812.9350288425444,491.20710678118655,4479,9395,87,222.5,15.0,60.0,40.0,221.45317919075146,140.0,1.5818084227910818,551.5656841339156,145.0,3.803901269889073,204.10761330654165,134.0,1.523191144078669,1.5881135865446987,2.0377086735829937,2.2918833569843904,2.5794583136089337,2.258172091882377,1.9122804360964298,1.686335767874,2.0673589947119275
C:\Users\JackM\40xMBPCNP\40xN1N2N3N4lif\HAMI_1104.lif,HAMI_1104,8,Image 9,HAMI_1104_S9_Image_9,10,11635,4860,1,0,1407,4501,17,35,13,8.526315789473685,2.0032921810699587,1.596003619701239,753.3137084989849,472.0,9736,,,0.0,0.0,0,0,3.0668088130774698,1.131768448242881,391.5918830920368,346.0,1407,4315,1.9195734281270829,1.5070205688537814,711.3137084989849,472.0,4501,8640,81,237.5,8.0,45.0,37.5,149.28148148148148,140.0,1.0662962962962963,169.64250177683013,145.0,1.1699482881160699,194.10019995556544,134.0,1.4485089548922794,1.5881135865446987,2.0377086735829937,2.2918833569843904,2.5794583136089337,2.258172091882377,1.9122804360964298,1.686335767874,2.0673589947119275
C:\Users\JackM\40xMBPCNP\40xN1N2N3N4lif\HAMI_1104.lif,HAMI_1104,8,Image 9,HAMI_1104_S9_Image_9,11,12954,8381,1,0,8381,0,21,134,37,7.706666666666667,1.3227538479895,1.9288612115726678,941.2842712474619,488.0,11086,,,0.0,0.0,0,0,1.3227538479895,1.9288612115726678,941.2842712474619,488.0,8381,11086,,,0.0,0.0,0,0,91,252.5,8.0,50.0,42.5,142.74036511156186,140.0,1.019574036511156,421.08423815773773,145.0,2.9040292286740534,140.71674024579406,134.0,1.0501249272074182,1.5881135865446987,2.0377086735829937,2.2918833569843904,2.5794583136089337,2.258172091882377,1.9122804360964298,1.686335767874,2.0673589947119275
C:\Users\JackM\40xMBPCNP\40xN1N2N3N4lif\HAMI_1104.lif,HAMI_1104,8,Image 9,HAMI_1104_S9_Image_9,13,8759,3064,1,0,3064,0,8,12,3,17.0,2.126631853785901,1.4326689830588766,544.4142135623731,380.0,6516,,,0.0,0.0,0,0,2.126631853785901,1.4326689830588766,544.4142135623731,380.0,3064,6516,,,0.0,0.0,0,0,81,170.0,6.0,30.0,40.0,145.48694516971278,140.0,1.0391924654979485,194.41938642297652,145.0,1.3408233546412174,142.25456919060053,134.0,1.061601262616422,1.5881135865446987,2.0377086735829937,2.2918833569843904,2.5794583136089337,2.258172091882377,1.9122804360964298,1.686335767874,2.0673589947119275
C:\Users\JackM\40xMBPCNP\40xN1N2N3N4lif\HAMI_1104.lif,HAMI_1104,8,Image 9,HAMI_1104_S9_Image_9,14,11965,6483,0,0,6483,0,27,74,31,8.192307692307692,1.8253894801789294,1.972414289644946,998.0416305603426,506.0,11834,,,0.0,0.0,0,0,1.8253894801789294,1.972414289644946,998.0416305603426,506.0,6483,11834,,,0.0,0.0,0,0,90,312.5,8.0,45.0,42.5,141.40320839117692,140.0,1.0100229170798352,318.94200215949405,145.0,2.1996000148930626,136.76029615918557,134.0,1.020599225068549,1.5881135865446987,2.0377086735829937,2.2918833569843904,2.5794583136089337,2.258172091882377,1.9122804360964298,1.686335767874,2.0673589947119275
C:\Users\JackM\40xMBPCNP\40xN1N2N3N4lif\HAMI_1104.lif,HAMI_1104,8,Image 9,HAMI_1104_S9_Image_9,15,27108,14466,1,0,13641,1437,35,59,14,14.035087719298245,2.08606387391124,2.398805180587186,1952.6274169979695,814.0,30177,,,0.0,0.0,0,0,2.1587127043471885,2.3016651806746045,1855.142135623731,806.0,13641,29447,3.6423103688239387,0.8048704998374657,313.89949493661163,390.0,1437,5234,251,640.0,7.0,180.0,122.5,148.07251486243607,140.0,1.0576608204459719,326.24836888791145,145.0,2.2499887509511134,173.7988865692415,134.0,1.2970066161883693,1.5881135865446987,2.0377086735829937,2.2918833569843904,2.5794583136089337,2.258172091882377,1.9122804360964298,1.686335767874,2.0673589947119275
C:\Users\JackM\40xMBPCNP\40xN1N2N3N4lif\HAMI_1104.lif,HAMI_1104,8,Image 9,HAMI_1104_S9_Image_9,16,21747,12049,3,0,11956,2114,48,96,19,9.320987654320987,1.7887791517968297,2.3144810768451425,1587.734018715768,686.0,21553,,,0.0,0.0,0,0,1.7954165272666445,2.294629988208452,1569.5269119345812,684.0,11956,21466,5.660832544938505,1.011056597682365,545.9705627484772,540.0,2114,11967,118,642.5,18.0,80.0,55.0,152.22159515312475,140.0,1.0872971082366054,402.5495148879224,145.0,2.776203550951189,178.79328287606432,134.0,1.3342782304183904,1.5881135865446987,2.0377086735829937,2.2918833569843904,2.5794583136089337,2.258172091882377,1.9122804360964298,1.686335767874,2.0673589947119275
C:\Users\JackM\40xMBPCNP\40xN1N2N3N4lif\HAMI_1104.lif,HAMI_1104,8,Image 9,HAMI_1104_S9_Image_9,17,30515,17996,3,1718,16268,5069,45,120,26,11.247191011235955,1.9154256501444766,2.2914675645865326,2158.5624458405136,942.0,34470,1.4860302677532014,1.2553699253176336,318.8639610306789,254.0,1718,2553,2.1179001721170394,2.26320713959337,2131.9411254969546,942.0,16268,34454,2.388636811994476,1.6518599126523057,907.2132034355964,549.2071067811866,5069,12108,171,782.5,19.0,75.0,82.5,227.62514551804423,140.0,1.6258938965574588,295.9717236292107,145.0,2.0411843008911084,258.0376800157822,134.0,1.9256543284759866,1.5881135865446987,2.0377086735829937,2.2918833569843904,2.5794583136089337,2.258172091882377,1.9122804360964298,1.686335767874,2.0673589947119275
C:\Users\JackM\40xMBPCNP\40xN1N2N3N4lif\HAMI_1104.lif,HAMI_1104,8,Image 9,HAMI_1104_S9_Image_9,18,9103,6471,1,0,6396,92,18,60,16,9.46,1.422500386339051,1.8588690895325228,799.3137084989849,430.0,9205,,,0.0,0.0,0,0,1.435897435897436,1.8206964998525854,782.8994949366117,430.0,6396,9184,1.1304347826086956,1.0094139445993884,44.41421356237309,44.0,92,104,83,237.5,8.0,45.0,40.0,150.9091330551692,140.0,1.0779223789654944,285.1321138211382,145.0,1.9664283711802635,171.75,134.0,1.2817164179104477,1.5881135865446987,2.0377086735829937,2.2918833569843904,2.5794583136089337,2.258172091882377,1.9122804360964298,1.686335767874,2.0673589947119275
C:\Users\JackM\40xMBPCNP\40xN1N2N3N4lif\HAMI_1104.lif,HAMI_1104,8,Image 9,HAMI_1104_S9_Image_9,19,9289,7144,2,0,7144,173,31,75,21,7.115942028985507,1.2684770436730124,1.634203643501329,797.4913780286486,488.0,9062,,,0.0,0.0,0,0,1.2684770436730124,1.634203643501329,797.4913780286486,488.0,7144,9062,1.4566473988439306,0.9551994432954132,66.86396103067892,70.0,173,252,168,342.5,8.0,10.0,80.0,150.58594624860024,140.0,1.075613901775716,405.21318589025753,145.0,2.7945736957948797,167.68208092485548,134.0,1.2513588128720559,1.5881135865446987,2.0377086735829937,2.2918833569843904,2.5794583136089337,2.258172091882377,1.9122804360964298,1.686335767874,2.0673589947119275
C:\Users\JackM\40xMBPCNP\40xN1N2N3N4lif\HAMI_1104.lif,HAMI_1104,8,Image 9,HAMI_1104_S9_Image_9,20,22400,12211,1,0,12211,871,16,42,11,16.3,1.9221194005404962,1.5231913970030284,1245.9705627484773,818.0,23471,,,0.0,0.0,0,0,1.9221194005404962,1.5231913970030284,1245.9705627484773,818.0,12211,23471,1.878300803673938,1.0648430400667126,230.0060966544099,216.0,871,1636,167,412.5,6.0,50.0,80.0,140.773646711981,140.0,1.0055260479427215,337.393415772664,145.0,2.3268511432597516,166.31113662456946,134.0,1.241127885257981,1.5881135865446987,2.0377086735829937,2.2918833569843904,2.5794583136089337,2.258172091882377,1.9122804360964298,1.686335767874,2.0673589947119275
C:\Users\JackM\40xMBPCNP\40xN1N2N3N4lif\HAMI_1104.lif,HAMI_1104,8,Image 9,HAMI_1104_S9_Image_9,21,47660,33956,6,16639,12606,28368,34,83,17,19.633802816901408,1.4332960301566733,2.5164901886630293,2632.248737341529,1046.0,48669,1.825650579962738,2.3618259146773855,1908.3553390593274,808.0,16639,30377,3.677455180072981,2.9712420109223054,3101.976659402887,1044.0,12606,46358,1.507191201353638,1.6685310201007684,1641.8345237791561,984.0,28368,42756,199,917.5,13.0,90.0,97.5,332.32742352304825,140.0,2.373767310878916,198.49936538156433,145.0,1.3689611405625126,558.5334884376763,134.0,4.168160361475196,1.5881135865446987,2.0377086735829937,2.2918833569843904,2.5794583136089337,2.258172091882377,1.9122804360964298,1.686335767874,2.0673589947119275
C:\Users\JackM\40xMBPCNP\40xN1N2N3N4lif\HAMI_1104.lif,HAMI_1104,8,Image 9,HAMI_1104_S9_Image_9,22,4489,2802,1,0,2791,15,12,10,0,12.066666666666666,1.465381870092791,1.4243280116386103,424.4497474683059,298.0,4106,,,0.0,0.0,0,0,1.4711572912934432,1.4075494881486774,419.4497474683059,298.0,2791,4106,1.0666666666666667,0.9166666666666666,11.0,12.0,15,16,59,147.5,5.0,25.0,27.5,141.9621698786581,140.0,1.0140154991332722,284.26979577212467,145.0,1.960481350152584,175.13333333333333,134.0,1.306965174129353,1.5881135865446987,2.0377086735829937,2.2918833569843904,2.5794583136089337,2.258172091882377,1.9122804360964298,1.686335767874,2.0673589947119275
C:\Users\JackM\40xMBPCNP\40xN1N2N3N4lif\HAMI_1104.lif,HAMI_1104,8,Image 9,HAMI_1104_S9_Image_9,23,55222,39240,4,21639,10843,37687,53,103,23,14.840425531914894,1.5896279306829766,1.9750793475590802,2445.148232278141,1238.0,62377,2.6756319608114976,2.4793688184300318,2990.118795026618,1206.0,21639,57898,4.654431430415936,2.5074158358905367,2733.083261120685,1090.0,10843,50468,1.6551330697588027,1.6942579790215258,2097.491378028649,1238.0,37687,62377,199,922.5,17.0,110.0,97.5,491.2557881602662,140.0,3.5089699154304728,209.47173291524487,145.0,1.4446326407947923,561.9248016557434,134.0,4.193468669072712,1.5881135865446987,2.0377086735829937,2.2918833569843904,2.5794583136089337,2.258172091882377,1.9122804360964298,1.686335767874,2.0673589947119275
C:\Users\JackM\40xMBPCNP\40xN1N2N3N4lif\HAMI_1104.lif,HAMI_1104,8,Image 9,HAMI_1104_S9_Image_9,24,16526,10147,1,0,10147,0,11,61,9,13.35135135135135,1.4808317729378142,1.5911184990335554,929.2132034355964,584.0,15026,,,0.0,0.0,0,0,1.4808317729378142,1.5911184990335554,929.2132034355964,584.0,10147,15026,,,0.0,0.0,0,0,113,272.5,9.0,70.0,52.5,141.6232383955849,140.0,1.0115945599684637,382.4386518182714,145.0,2.6375079435742856,139.95358233960778,134.0,1.0444297189522969,1.5881135865446987,2.0377086735829937,2.2918833569843904,2.5794583136089337,2.258172091882377,1.9122804360964298,1.686335767874,2.0673589947119275
C:\Users\JackM\40xMBPCNP\40xN1N2N3N4lif\HAMI_1104.lif,HAMI_1104,8,Image 9,HAMI_1104_S9_Image_9,25,67311,57714,6,23677,20107,54841,73,288,58,11.455445544554456,1.201424264476557,2.3904638140869037,2863.7756492761105,1198.0,69339,2.181990961692782,3.193207706810679,3403.9594154601837,1066.0,23677,51663,3.2056995076341575,3.6507718515163075,4271.40306627408,1170.0,20107,64457,1.2599332616108385,2.5110692242490393,3008.260930650349,1198.0,54841,69096,210,877.5,14.0,150.0,102.5,549.0477678759978,140.0,3.9217697705428414,246.6954294524295,145.0,1.7013477893270998,415.90466986378806,134.0,3.1037661930133438,1.5881135865446987,2.0377086735829937,2.2918833569843904,2.5794583136089337,2.258172091882377,1.9122804360964298,1.686335767874,2.0673589947119275
C:\Users\JackM\40xMBPCNP\40xN1N2N3N4lif\HAMI_1104.lif,HAMI_1104,8,Image 9,HAMI_1104_S9_Image_9,26,20172,11909,2,0,11788,2509,41,65,17,10.344262295081966,1.8215635233856746,1.8491948753010876,1331.420310216783,720.0,21693,,,0.0,0.0,0,0,1.83729216152019,1.8269726530788652,1315.420310216783,720.0,11788,21658,2.2889597449182943,1.2098801384089446,473.31370849898474,391.20710678118655,2509,5743,134,510.0,10.0,80.0,65.0,150.47291964060796,140.0,1.0748065688614854,421.7906345436037,145.0,2.908900927886922,182.55001992825828,134.0,1.3623135815541663,1.5881135865446987,2.0377086735829937,2.2918833569843904,2.5794583136089337,2.258172091882377,1.9122804360964298,1.686335767874,2.0673589947119275
C:\Users\JackM\40xMBPCNP\40xN1N2N3N4lif\HAMI_1104.lif,HAMI_1104,8,Image 9,HAMI_1104_S9_Image_9,27,35376,32640,5,579,30260,21815,27,127,36,13.1,1.1745710784313725,1.408831401543652,1310.2132034355964,930.0,38338,1.3592400690846287,1.0096069652701976,148.62132034355966,147.20710678118655,579,787,1.2210508922670191,1.5709349275483109,1435.8345237791561,914.0,30260,36949,1.7108870043548017,2.6360888660510042,2441.01828996323,926.0,21815,37323,151,402.5,10.0,105.0,72.5,245.75647668393782,140.0,1.7554034048852702,306.90611368142766,145.0,2.1165938874581216,258.14141645656656,134.0,1.9264284810191534,1.5881135865446987,2.0377086735829937,2.2918833569843904,2.5794583136089337,2.258172091882377,1.9122804360964298,1.686335767874,2.0673589947119275
C:\Users\JackM\40xMBPCNP\40xN1N2N3N4lif\HAMI_1104.lif,HAMI_1104,8,Image 9,HAMI_1104_S9_Image_9,28,69612,65155,7,40028,38568,58353,35,174,45,18.75221238938053,1.152482541631494,1.8419952295930642,2324.597979746447,1262.0,75090,1.7785300289797141,4.462199848489478,5434.959415460184,1218.0,40028,71191,1.89776498651732,3.4304164967201043,4226.2731239591685,1232.0,38568,73193,1.251400956249036,2.2935963296417654,2825.710678118655,1232.0,58353,73023,205,652.5,17.0,140.0,100.0,555.3847806535425,140.0,3.967034147525304,296.34437875959344,145.0,2.043754336273058,375.3369321200281,134.0,2.8010218814927472,1.5881135865446987,2.0377086735829937,2.2918833569843904,2.5794583136089337,2.258172091882377,1.9122804360964298,1.686335767874,2.0673589947119275
C:\Users\JackM\40xMBPCNP\40xN1N2N3N4lif\HAMI_1104.lif,HAMI_1104,8,Image 9,HAMI_1104_S9_Image_9,29,28969,28105,2,2601,27761,18620,16,43,5,18.96969696969697,1.0840064045543498,1.1280721153804856,985.9350288425444,874.0,30466,5.645520953479431,0.7819690937473476,486.3847763108502,622.0,2601,14684,1.095637765210187,1.17640465621243,1028.1776695296637,874.0,27761,30416,1.610955961331901,3.0015684743245825,2605.3614357137376,868.0,18620,29996,128,362.5,15.0,105.0,60.0,243.5840061514802,140.0,1.7398857582248586,378.0338244299557,145.0,2.607129823654867,270.8563909774436,134.0,2.0213163505779375,1.5881135865446987,2.0377086735829937,2.2918833569843904,2.5794583136089337,2.258172091882377,1.9122804360964298,1.686335767874,2.0673589947119275
C:\Users\JackM\40xMBPCNP\40xN1N2N3N4lif\HAMI_1104.lif,HAMI_1104,8,Image 9,HAMI_1104_S9_Image_9,30,7495,4618,2,0,4618,0,10,32,7,12.136363636363637,1.3330446080554352,1.275774181711956,482.2426406871193,378.0,6156,,,0.0,0.0,0,0,1.3330446080554352,1.275774181711956,482.2426406871193,378.0,4618,6156,,,0.0,0.0,0,0,64,142.5,8.0,45.0,30.0,138.01948895625813,140.0,0.9858534925447009,321.1396708531832,145.0,2.214756350711608,141.75487223906453,134.0,1.0578721808885412,1.5881135865446987,2.0377086735829937,2.2918833569843904,2.5794583136089337,2.258172091882377,1.9122804360964298,1.686335767874,2.0673589947119275
C:\Users\JackM\40xMBPCNP\40xN1N2N3N4lif\HAMI_1104.lif,HAMI_1104,8,Image 9,HAMI_1104_S9_Image_9,31,28085,15748,6,0,15748,445,39,96,18,11.554054054054054,2.0964566929133857,1.7616409877523937,1937.8050865276332,1100.0,33015,,,0.0,0.0,0,0,2.0964566929133857,1.7616409877523937,1937.8050865276332,1100.0,15748,33015,6.204494382022472,0.6504081597303085,192.52081528017132,296.0,445,2761,201,697.5,8.0,95.0,97.5,147.98787147574296,140.0,1.0570562248267354,330.2283464566929,145.0,2.2774368721151235,171.0,134.0,1.2761194029850746,1.5881135865446987,2.0377086735829937,2.2918833569843904,2.5794583136089337,2.258172091882377,1.9122804360964298,1.686335767874,2.0673589947119275
C:\Users\JackM\40xMBPCNP\40xN1N2N3N4lif\HAMI_1104.lif,HAMI_1104,8,Image 9,HAMI_1104_S9_Image_9,34,36387,35592,4,16663,35178,28596,12,92,29,18.25423728813559,1.0869296471117105,1.2662904661235777,1235.8994949366117,976.0,38686,1.836584048490668,2.7420736510354673,2385.6040764008567,870.0,16663,30603,1.094689862982546,1.1933323649133454,1164.692388155425,976.0,35178,38509,1.3316897468177367,2.3694762553242743,2265.219300090006,956.0,28596,38081,146,462.5,18.0,90.0,70.0,273.5595030906799,140.0,1.9539964506477137,446.169623059867,145.0,3.0770318831714962,331.4717093299762,134.0,2.4736694726117627,1.5881135865446987,2.0377086735829937,2.2918833569843904,2.5794583136089337,2.258172091882377,1.9122804360964298,1.686335767874,2.0673589947119275
C:\Users\JackM\40xMBPCNP\40xN1N2N3N4lif\HAMI_1104.lif,HAMI_1104,8,Image 9,HAMI_1104_S9_Image_9,35,25108,17473,4,0,17465,295,39,128,33,9.520408163265307,1.7412007096663424,1.7973464326316908,1800.941125496954,1002.0,30424,,,0.0,0.0,0,0,1.7419982822788433,1.7973464326316908,1800.941125496954,1002.0,17465,30424,14.830508474576272,0.23442213032847647,116.55634918610403,497.20710678118655,295,4375,205,647.5,10.0,85.0,100.0,144.16997653522577,140.0,1.0297855466801842,394.3596908101918,145.0,2.7197220055875295,167.16610169491526,134.0,1.2475082216038451,1.5881135865446987,2.0377086735829937,2.2918833569843904,2.5794583136089337,2.258172091882377,1.9122804360964298,1.686335767874,2.0673589947119275
C:\Users\JackM\40xMBPCNP\40xN1N2N3N4lif\HAMI_1104.lif,HAMI_1104,8,Image 9,HAMI_1104_S9_Image_9,39,7602,4900,2,0,4900,0,3,17,0,31.333333333333332,1.5338775510204081,2.0680603813726597,943.0355339059328,456.0,7516,,,0.0,0.0,0,0,1.5338775510204081,2.0680603813726597,943.0355339059328,456.0,4900,7516,,,0.0,0.0,0,0,97,217.5,6.0,45.0,45.0,140.6926530612245,140.0,1.0049475218658892,222.2616326530612,145.0,1.5328388458831808,148.00571428571428,134.0,1.1045202558635394,1.5881135865446987,2.0377086735829937,2.2918833569843904,2.5794583136089337,2.258172091882377,1.9122804360964298,1.686335767874,2.0673589947119275
C:\Users\JackM\40xMBPCNP\40xN1N2N3N4lif\HAMI_1104.lif,HAMI_1104,8,Image 9,HAMI_1104_S9_Image_9,40,64557,46370,5,37258,10960,45016,91,351,74,10.107883817427386,1.4959456545180074,3.2603695089332487,4160.2314933988255,1276.0,69367,1.7869987653658275,4.26699156807769,5444.681240867132,1276.0,37258,66580,5.138594890510949,2.871276781568247,3319.1959594928935,1156.0,10960,56319,1.512173449440199,3.1357335105743678,4001.1959594928935,1276.0,45016,68072,197,1377.5,25.0,130.0,95.0,345.2091094530034,140.0,2.465779353235739,194.66204379562043,145.0,1.3424968537628996,284.20439399324687,134.0,2.1209283133824393,1.5881135865446987,2.0377086735829937,2.2918833569843904,2.5794583136089337,2.258172091882377,1.9122804360964298,1.686335767874,2.0673589947119275
C:\Users\JackM\40xMBPCNP\40xN1N2N3N4lif\HAMI_1104.lif,HAMI_1104,8,Image 9,HAMI_1104_S9_Image_9,41,14339,8113,1,0,8113,0,9,15,1,26.083333333333332,1.8886971527178602,1.163951748540179,772.8639610306789,664.0,15323,,,0.0,0.0,0,0,1.8886971527178602,1.163951748540179,772.8639610306789,664.0,8113,15323,,,0.0,0.0,0,0,118,252.5,5.0,65.0,57.5,141.63959078022927,140.0,1.0117113627159233,293.1434734376926,145.0,2.0216791271565007,144.93270060396893,134.0,1.0815873179400666,1.5881135865446987,2.0377086735829937,2.2918833569843904,2.5794583136089337,2.258172091882377,1.9122804360964298,1.686335767874,2.0673589947119275
C:\Users\JackM\40xMBPCNP\40xN1N2N3N4lif\HAMI_1104.lif,HAMI_1104,8,Image 9,HAMI_1104_S9_Image_9,42,19331,11136,2,0,11136,0,15,39,8,18.466666666666665,1.8623383620689655,1.5141723578026998,1053.863961030679,696.0,20739,,,0.0,0.0,0,0,1.8623383620689655,1.5141723578026998,1053.863961030679,696.0,11136,20739,,,0.0,0.0,0,0,226,345.0,4.0,70.0,110.0,139.3292025862069,140.0,0.9952085899014778,264.73949353448273,145.0,1.8257896105826394,144.18615301724137,134.0,1.076016067292846,1.5881135865446987,2.0377086735829937,2.2918833569843904,2.5794583136089337,2.258172091882377,1.9122804360964298,1.686335767874,2.0673589947119275
C:\Users\JackM\40xMBPCNP\40xN1N2N3N4lif\HAMI_1104.lif,HAMI_1104,8,Image 9,HAMI_1104_S9_Image_9,43,9537,6170,1,0,6170,308,21,67,18,7.7592592592592595,1.4632090761750405,1.6626090017906152,694.9705627484772,418.0,9028,,,0.0,0.0,0,0,1.4632090761750405,1.6626090017906152,694.9705627484772,418.0,6170,9028,1.2207792207792207,1.1679357347356931,98.10660171779821,84.0,308,376,74,227.5,9.0,60.0,35.0,134.87050243111833,140.0,0.9633607316508451,397.132414910859,145.0,2.7388442407645446,165.61363636363637,134.0,1.2359226594301223,1.5881135865446987,2.0377086735829937,2.2918833569843904,2.5794583136089337,2.258172091882377,1.9122804360964298,1.686335767874,2.0673589947119275
C:\Users\JackM\40xMBPCNP\40xN1N2N3N4lif\HAMI_1104.lif,HAMI_1104,8,Image 9,HAMI_1104_S9_Image_9,44,10550,6555,1,0,6555,0,23,115,30,6.1506849315068495,1.5395881006864989,1.8926433451221447,1029.5979797464468,544.0,10092,,,0.0,0.0,0,0,1.5395881006864989,1.8926433451221447,1029.5979797464468,544.0,6555,10092,,,0.0,0.0,0,0,109,327.5,8.0,35.0,52.5,139.7446224256293,140.0,0.9981758744687808,365.9406559877956,145.0,2.5237286619847974,133.54980930587337,134.0,0.9966403679542789,1.5881135865446987,2.0377086735829937,2.2918833569843904,2.5794583136089337,2.258172091882377,1.9122804360964298,1.686335767874,2.0673589947119275
C:\Users\JackM\40xMBPCNP\40xN1N2N3N4lif\HAMI_1104.lif,HAMI_1104,8,Image 9,HAMI_1104_S9_Image_9,45,4845,3937,1,0,3937,0,23,29,7,5.866666666666666,1.222758445516891,1.5318935082507263,487.14213562373095,318.0,4814,,,0.0,0.0,0,0,1.222758445516891,1.5318935082507263,487.14213562373095,318.0,3937,4814,,,0.0,0.0,0,0,88,182.5,7.0,5.0,40.0,144.42824485648973,140.0,1.031630320403498,434.51536703073407,145.0,2.996657703660235,143.23012446024893,134.0,1.0688815258227533,1.5881135865446987,2.0377086735829937,2.2918833569843904,2.5794583136089337,2.258172091882377,1.9122804360964298,1.686335767874,2.0673589947119275
C:\Users\JackM\40xMBPCNP\40xN1N2N3N4lif\HAMI_1104.lif,HAMI_1104,8,Image 9,HAMI_1104_S9_Image_9,46,24359,16065,3,1366,13480,5070,35,93,26,12.13888888888889,1.99713663243075,1.8972786634269236,1734.1126983722081,914.0,32084,11.439238653001464,0.6864093540662013,436.55634918610406,636.0,1366,15626,2.2813056379821957,1.6078685810634976,1469.5918830920368,914.0,13480,30752,4.2887573964497046,1.1924601782979019,927.7340187157677,778.0,5070,21744,169,597.5,7.0,80.0,82.5,219.55124450951683,140.0,1.5682231750679774,290.1689169139466,145.0,2.0011649442341146,190.38402366863906,134.0,1.4207762960346197,1.5881135865446987,2.0377086735829937,2.2918833569843904,2.5794583136089337,2.258172091882377,1.9122804360964298,1.686335767874,2.0673589947119275
C:\Users\JackM\40xMBPCNP\40xN1N2N3N4lif\HAMI_1104.lif,HAMI_1104,8,Image 9,HAMI_1104_S9_Image_9,47,29425,21425,5,16621,4306,21016,18,113,28,13.3,1.4887747957992998,1.8767370029005184,1663.1776695296637,886.2071067811866,31897,1.7359364659166114,2.3319146320579027,1954.6274169979697,838.2071067811866,16621,28853,4.20157919182536,1.6853049024876712,1065.1126983722081,632.0,4306,18092,1.517748382185002,1.7995381031863624,1594.7634559672906,886.2071067811866,21016,31897,163,462.5,12.0,95.0,75.51724137931035,308.08645689188376,140.0,2.2006175492277413,203.19159312587087,145.0,1.4013213319025577,324.4056909021698,134.0,2.420937991807237,1.5881135865446987,2.0377086735829937,2.2918833569843904,2.5794583136089337,2.258172091882377,1.9122804360964298,1.686335767874,2.0673589947119275
C:\Users\JackM\40xMBPCNP\40xN1N2N3N4lif\HAMI_1104.lif,HAMI_1104,8,Image 9,HAMI_1104_S9_Image_9,48,10304,7744,3,0,7739,159,22,20,3,12.481481481481481,1.2989411157024793,1.3486735731535644,763.3492424049175,566.0,10059,,,0.0,0.0,0,0,1.299521902054529,1.340874609262446,758.9350288425444,566.0,7739,10057,1.3962264150943395,0.9167367913661535,65.27817459305203,71.20710678118655,159,222,120,327.5,9.0,30.0,57.5,139.14139979338842,140.0,0.9938671413813458,367.93306628763406,145.0,2.5374694226733383,164.66037735849056,134.0,1.2288087862573922,1.5881135865446987,2.0377086735829937,2.2918833569843904,2.5794583136089337,2.258172091882377,1.9122804360964298,1.686335767874,2.0673589947119275
C:\Users\JackM\40xMBPCNP\40xN1N2N3N4lif\HAMI_1104.lif,HAMI_1104,8,Image 9,HAMI_1104_S9_Image_9,49,21303,15608,2,10814,3159,15013,23,73,15,14.392857142857142,1.4696950281906715,2.0223886052090725,1532.970562748477,758.0,22939,2.060754577399667,2.525200114298969,1873.698484809835,742.0,10814,22285,3.555872111427667,0.9383811311613003,537.6923881554251,573.0,3159,11233,1.5279424498767735,2.0395390009874372,1545.9705627484773,758.0,15013,22939,156,502.5,9.0,95.0,75.0,448.2370075827631,140.0,3.2016929113054506,216.93257359924027,145.0,1.4960867144775192,398.66955305401984,134.0,2.975145918313581,1.5881135865446987,2.0377086735829937,2.2918833569843904,2.5794583136089337,2.258172091882377,1.9122804360964298,1.686335767874,2.0673589947119275
C:\Users\JackM\40xMBPCNP\40xN1N2N3N4lif\HAMI_1104.lif,HAMI_1104,8,Image 9,HAMI_1104_S9_Image_9,50,16649,10186,3,6964,2091,9364,30,54,14,11.957446808510639,1.6028863145493815,1.9536149575584176,1238.5918830920368,634.0,16327,1.5334577828834004,1.6477041599913025,866.6923881554251,526.0,6964,10679,7.471066475370636,1.23810491532446,780.0060966544099,630.0,2091,15622,1.6789833404527978,1.6480422973701865,1034.970562748477,628.0,9364,15722,113,417.5,10.0,40.0,52.5,296.7818782309018,140.0,2.119870558792156,170.7972262075562,145.0,1.177911904879698,342.65388722768046,134.0,2.5571185614006002,1.5881135865446987,2.0377086735829937,2.2918833569843904,2.5794583136089337,2.258172091882377,1.9122804360964298,1.686335767874,2.0673589947119275
C:\Users\JackM\40xMBPCNP\40xN1N2N3N4lif\HAMI_1104.lif,HAMI_1104,8,Image 9,HAMI_1104_S9_Image_9,51,37143,25108,3,16480,2175,24369,41,174,29,11.850393700787402,1.6294806436195635,3.0979673555399185,2856.3259018078047,922.0,40913,2.0382281553398056,2.947023437997523,2575.698484809835,874.0,16480,33590,7.652873563218391,0.9642551021462802,706.7989898732234,733.0,2175,16645,1.6770076736837787,3.0235793008353338,2787.7401153701776,922.0,24369,40867,162,887.5,17.0,100.0,77.5,265.14726941747574,140.0,1.893909067267684,160.31080459770115,145.0,1.1055917558462147,257.6565308383602,134.0,1.9228099316295537,1.5881135865446987,2.0377086735829937,2.2918833569843904,2.5794583136089337,2.258172091882377,1.9122804360964298,1.686335767874,2.0673589947119275
C:\Users\JackM\40xMBPCNP\40xN1N2N3N4lif\HAMI_1104.lif,HAMI_1104,8,Image 9,HAMI_1104_S9_Image_9,52,35441,24468,3,8776,4732,23002,35,128,38,13.081395348837209,1.4766225273827038,2.2541403405333282,2060.284271247462,914.0,36130,2.8135824977210575,2.819994760680516,2069.8761543394985,734.0,8776,24692,5.636939983093829,1.5166490466560765,1310.3847763108502,864.0,4732,26674,1.5359099208764455,2.1510314831999513,1948.834523779156,906.0,23002,35329,153,672.5,12.0,75.0,75.0,222.72914767547857,140.0,1.5909224833962756,182.0521978021978,145.0,1.2555323986358469,380.890487783671,134.0,2.8424663267438133,1.5881135865446987,2.0377086735829937,2.2918833569843904,2.5794583136089337,2.258172091882377,1.9122804360964298,1.686335767874,2.0673589947119275
C:\Users\JackM\40xMBPCNP\40xN1N2N3N4lif\HAMI_1104.lif,HAMI_1104,8,Image 9,HAMI_1104_S9_Image_9,53,32032,21112,1,1141,5302,19382,46,128,34,11.785046728971963,1.6082322849564228,2.950573781098888,2490.2842712474617,844.0,33953,11.022787028921998,0.7476263584914707,450.0710678118654,602.0,1141,12577,5.847793285552622,1.8385099232574986,1492.8700576850888,812.0,5302,31005,1.7150448870085646,2.7043900211544125,2260.870057685089,836.0,19382,33241,133,810.0,17.0,75.0,65.0,208.45574057843996,140.0,1.4889695755602854,183.7795171633346,145.0,1.2674449459540316,260.92487875348263,134.0,1.9472005877125569,1.5881135865446987,2.0377086735829937,2.2918833569843904,2.5794583136089337,2.258172091882377,1.9122804360964298,1.686335767874,2.0673589947119275
C:\Users\JackM\40xMBPCNP\40xN1N2N3N4lif\HAMI_1104.lif,HAMI_1104,8,Image 9,HAMI_1104_S9_Image_9,54,23533,13144,1,0,13144,36,22,46,8,17.0,1.9442331101643335,1.6692868180569629,1342.1066017177982,804.0,25555,,,0.0,0.0,0,0,1.9442331101643335,1.6692868180569629,1342.1066017177982,804.0,13144,25555,1.0555555555555556,0.9669627825494395,23.207106781186546,24.0,36,38,145,547.5,11.0,65.0,70.0,135.19659160073036,140.0,0.9656899400052168,269.84045952525867,145.0,1.8609686863810941,172.25,134.0,1.2854477611940298,1.5881135865446987,2.0377086735829937,2.2918833569843904,2.5794583136089337,2.258172091882377,1.9122804360964298,1.686335767874,2.0673589947119275
C:\Users\JackM\40xMBPCNP\40xN1N2N3N4lif\HAMI_1104.lif,HAMI_1104,8,Image 9,HAMI_1104_S9_Image_9,55,20625,14730,2,0,10815,6611,36,110,31,10.0,1.5020366598778003,2.558925565098879,1658.1837661840736,648.0,22125,,,0.0,0.0,0,0,1.9706888580674988,2.0655156581085006,1317.7989898732235,638.0,10815,21313,2.3698381485403117,1.7914953405355905,1064.1482322781408,594.0,6611,15667,173,502.5,7.0,100.0,82.5,139.38200950441276,140.0,0.9955857821743769,307.05825242718447,145.0,2.1176431201874792,203.0989260323703,134.0,1.515663627107241,1.5881135865446987,2.0377086735829937,2.2918833569843904,2.5794583136089337,2.258172091882377,1.9122804360964298,1.686335767874,2.0673589947119275
C:\Users\JackM\40xMBPCNP\40xN1N2N3N4lif\HAMI_1104.lif,HAMI_1104,8,Image 9,HAMI_1104_S9_Image_9,56,14966,9650,1,9,7975,6640,33,75,18,8.850746268656716,1.6215544041450778,1.9152457234388998,1237.2487373415292,646.0,15648,1.0,1.0,7.207106781186548,7.207106781186548,9,9,1.9494670846394984,2.0189608937175376,1304.2487373415292,646.0,7975,15547,2.1090361445783135,1.70005812084033,1009.834523779156,594.0,6640,14004,108,415.0,14.0,65.0,52.5,202.88888888888889,140.0,1.4492063492063492,326.64639498432604,145.0,2.2527337585125933,232.86551204819278,134.0,1.7378023287178566,1.5881135865446987,2.0377086735829937,2.2918833569843904,2.5794583136089337,2.258172091882377,1.9122804360964298,1.686335767874,2.0673589947119275
C:\Users\JackM\40xMBPCNP\40xN1N2N3N4lif\HAMI_1104.lif,HAMI_1104,9,Image 10,HAMI_1104_S10_Image_10,2,20376,2470,1,0,888,1617,50,92,32,3.67816091954023,5.926315789473684,1.1205628228944249,770.9472221513643,688.0,14638,,,0.0,0.0,0,0,7.367117117117117,0.6637533524136058,315.4203102167829,475.20710678118655,888,6542,8.734075448361162,0.7127774316355524,490.3908729652601,688.0,1617,14123,252,400.0,8.0,60.0,152.03125,140.4668016194332,140.0,1.0033342972816657,158.2117117117117,135.0,1.1719386052719385,167.66728509585653,127.0,1.320214843274461,2.6929013619479982,2.35414486379785,3.326820088845015,2.0192698994023837,6.537961581920904,1.2893307967862535,2.5642787439191355,2.23290604308908
C:\Users\JackM\40xMBPCNP\40xN1N2N3N4lif\HAMI_1104.lif,HAMI_1104,9,Image 10,HAMI_1104_S10_Image_10,3,13843,2817,1,0,2815,12,28,24,11,7.258064516129032,4.232161874334398,1.6096560846181722,859.556349186104,534.0,11922,,,0.0,0.0,0,0,4.235168738898756,1.6059107662661123,857.556349186104,534.0,2815,11922,1.1666666666666667,0.7263775839044581,7.414213562373095,10.207106781186548,12,14,151,342.5,6.0,50.0,74.44444444444444,142.90166844160456,140.0,1.0207262031543183,183.31296625222024,135.0,1.3578738240905202,180.83333333333334,127.0,1.4238845144356955,2.6929013619479982,2.35414486379785,3.326820088845015,2.0192698994023837,6.537961581920904,1.2893307967862535,2.5642787439191355,2.23290604308908
C:\Users\JackM\40xMBPCNP\40xN1N2N3N4lif\HAMI_1104.lif,HAMI_1104,9,Image 10,HAMI_1104_S10_Image_10,4,28082,16331,1,3742,13109,7826,38,171,43,8.823529411764707,1.7635784703937296,2.0832056795832488,1620.7340187157677,778.0,28801,5.632816675574559,1.2296506481071108,877.970562748477,714.0,3742,21078,1.9199786406285757,1.8726597678908803,1367.0416305603426,730.0,13109,25169,2.845131612573473,1.954150845130031,1367.9055915910217,700.0,7826,22266,204,485.0,9.0,150.0,100.0,239.04329235702832,140.0,1.707452088264488,490.26287283545656,135.0,3.631576835818197,189.97022744697162,127.0,1.4958285625745797,2.6929013619479982,2.35414486379785,3.326820088845015,2.0192698994023837,6.537961581920904,1.2893307967862535,2.5642787439191355,2.23290604308908
C:\Users\JackM\40xMBPCNP\40xN1N2N3N4lif\HAMI_1104.lif,HAMI_1104,9,Image 10,HAMI_1104_S10_Image_10,5,14754,2693,2,0,2693,0,33,25,4,8.551724137931034,4.432603044931303,1.6055377902689516,850.9350288425444,530.0,11937,,,0.0,0.0,0,0,4.432603044931303,1.6055377902689516,850.9350288425444,530.0,2693,11937,,,0.0,0.0,0,0,163,367.5,7.0,120.0,82.24137931034483,140.6613442257705,140.0,1.0047238873269322,164.92499071667285,135.0,1.2216665979012804,136.26141849238766,127.0,1.0729245550581705,2.6929013619479982,2.35414486379785,3.326820088845015,2.0192698994023837,6.537961581920904,1.2893307967862535,2.5642787439191355,2.23290604308908
C:\Users\JackM\40xMBPCNP\40xN1N2N3N4lif\HAMI_1104.lif,HAMI_1104,9,Image 10,HAMI_1104_S10_Image_10,7,12002,5684,0,4966,260,5684,13,45,13,9.571428571428571,1.6268472906403941,1.558554926128024,732.5208152801713,470.0,9247,1.9228755537656061,1.5188933645597473,732.1066017177982,482.0,4966,9549,13.796153846153846,0.36778365213067205,108.86396103067892,296.0,260,3587,1.6268472906403941,1.558554926128024,732.5208152801713,470.0,5684,9247,83,282.5,11.0,50.0,40.0,292.4349577124446,140.0,2.088821126517461,153.05384615384617,135.0,1.1337321937321938,236.0749472202674,127.0,1.8588578521280898,2.6929013619479982,2.35414486379785,3.326820088845015,2.0192698994023837,6.537961581920904,1.2893307967862535,2.5642787439191355,2.23290604308908
C:\Users\JackM\40xMBPCNP\40xN1N2N3N4lif\HAMI_1104.lif,HAMI_1104,9,Image 10,HAMI_1104_S10_Image_10,8,23889,4616,1,675,1946,3060,44,74,16,6.7936507936507935,4.045060658578856,1.7637341290642927,1192.284271247462,676.0,18672,6.511111111111111,0.5537307678909734,209.86396103067892,379.0,675,4395,7.380267214799589,0.9133574180168981,569.9350288425444,624.0,1946,14362,4.322222222222222,1.4750998161110498,829.0060966544099,562.0,3060,13226,161,422.5,11.0,40.0,75.89285714285714,210.87259259259258,140.0,1.5062328042328041,190.25899280575538,135.0,1.4093258726352251,172.04509803921567,127.0,1.354685811332407,2.6929013619479982,2.35414486379785,3.326820088845015,2.0192698994023837,6.537961581920904,1.2893307967862535,2.5642787439191355,2.23290604308908
C:\Users\JackM\40xMBPCNP\40xN1N2N3N4lif\HAMI_1104.lif,HAMI_1104,9,Image 10,HAMI_1104_S10_Image_10,9,6566,3970,0,0,269,3867,23,46,12,5.658536585365853,1.491183879093199,1.6769658734065813,560.1066017177982,334.0,5920,,,0.0,0.0,0,0,6.847583643122676,0.4849407849076233,107.65685424949238,222.0,269,1842,1.5309025084044479,1.59602116111337,533.0710678118655,334.0,3867,5920,71,212.5,8.0,45.0,32.5,143.73350125944583,140.0,1.0266678661388988,149.82527881040892,135.0,1.109816880077103,213.2107576933023,127.0,1.6788248637267897,2.6929013619479982,2.35414486379785,3.326820088845015,2.0192698994023837,6.537961581920904,1.2893307967862535,2.5642787439191355,2.23290604308908
C:\Users\JackM\40xMBPCNP\40xN1N2N3N4lif\HAMI_1104.lif,HAMI_1104,9,Image 10,HAMI_1104_S10_Image_10,10,30112,4182,2,140,2088,2144,73,86,38,4.702127659574468,6.468436154949785,1.6645912602303883,1265.089357775095,760.0,27051,2.942857142857143,0.7056995391956652,80.44974746830583,114.0,140,412,10.723659003831418,1.2158904204068892,831.6690475583122,684.0,2088,22391,3.3190298507462686,1.1224802772651838,475.0416305603426,423.20710678118655,2144,7116,232,622.5,9.0,150.0,117.6923076923077,207.95,140.0,1.4853571428571428,164.74377394636016,135.0,1.2203242514545198,174.611473880597,127.0,1.3748934951228111,2.6929013619479982,2.35414486379785,3.326820088845015,2.0192698994023837,6.537961581920904,1.2893307967862535,2.5642787439191355,2.23290604308908
C:\Users\JackM\40xMBPCNP\40xN1N2N3N4lif\HAMI_1104.lif,HAMI_1104,9,Image 10,HAMI_1104_S10_Image_10,12,96765,51180,2,35158,3213,50819,111,310,85,11.53061224489796,2.1253419304415786,3.4006952285943357,5631.55129855222,1656.0,108775,2.638204676033904,2.8994221354078005,4503.40306627408,1553.2071067811867,35158,92754,24.1817615935263,0.7150540177898276,1096.3259018078047,1533.2071067811867,3213,77696,2.140439599362443,3.3098831656046923,5481.16652224137,1656.0,50819,108775,336,1812.5,14.0,145.0,165.0,245.27154559417488,140.0,1.7519396113869634,176.35200746965452,135.0,1.3063111664418854,311.5547334658297,127.0,2.4531868776836987,2.6929013619479982,2.35414486379785,3.326820088845015,2.0192698994023837,6.537961581920904,1.2893307967862535,2.5642787439191355,2.23290604308908
C:\Users\JackM\40xMBPCNP\40xN1N2N3N4lif\HAMI_1104.lif,HAMI_1104,9,Image 10,HAMI_1104_S10_Image_10,14,26621,4403,1,4,4403,0,57,46,14,6.413793103448276,5.314104019986373,1.5877389597931613,1152.698484809835,726.0,23398,1.0,1.0,4.0,4.0,4,4,5.314104019986373,1.5877389597931613,1152.698484809835,726.0,4403,23398,,,0.0,0.0,0,0,215,500.0,7.0,205.0,121.36363636363636,243.75,140.0,1.7410714285714286,221.23052464228934,135.0,1.638744626979921,135.9341955979124,127.0,1.070347996833956,2.6929013619479982,2.35414486379785,3.326820088845015,2.0192698994023837,6.537961581920904,1.2893307967862535,2.5642787439191355,2.23290604308908
C:\Users\JackM\40xMBPCNP\40xN1N2N3N4lif\HAMI_1104.lif,HAMI_1104,9,Image 10,HAMI_1104_S10_Image_10,15,57118,19099,0,10776,734,18891,79,130,24,9.934426229508198,3.20268076862663,2.159944144121933,2833.846717087976,1312.0,61168,4.901169265033408,1.4381233250036596,1736.1126983722081,1207.2071067811867,10776,52815,38.58855585831063,0.38487642706805636,305.59188309203677,794.0,734,28324,3.234132655762003,2.1035145621380584,2755.6040764008567,1310.0,18891,61096,423,1087.5,9.0,320.0,210.0,243.29630660727543,140.0,1.7378307614805388,154.1634877384196,135.0,1.1419517610253305,205.37118204435976,127.0,1.6170959216091318,2.6929013619479982,2.35414486379785,3.326820088845015,2.0192698994023837,6.537961581920904,1.2893307967862535,2.5642787439191355,2.23290604308908
C:\Users\JackM\40xMBPCNP\40xN1N2N3N4lif\HAMI_1104.lif,HAMI_1104,9,Image 10,HAMI_1104_S10_Image_10,17,17021,12478,1,0,12478,0,29,112,32,9.195121951219512,1.2572527648661644,1.5642824346533226,860.3553390593274,550.0,15688,,,0.0,0.0,0,0,1.2572527648661644,1.5642824346533226,860.3553390593274,550.0,12478,15688,,,0.0,0.0,0,0,92,377.5,17.0,60.0,42.5,146.3485334188171,140.0,1.045346667277265,549.5435967302452,135.0,4.070693309112928,136.9357268793076,127.0,1.0782340699158077,2.6929013619479982,2.35414486379785,3.326820088845015,2.0192698994023837,6.537961581920904,1.2893307967862535,2.5642787439191355,2.23290604308908
C:\Users\JackM\40xMBPCNP\40xN1N2N3N4lif\HAMI_1104.lif,HAMI_1104,9,Image 10,HAMI_1104_S10_Image_10,18,74079,37094,1,26783,2167,36198,69,178,27,13.880281690140846,2.3089987599072628,3.3022813572385847,4596.77564927611,1392.0,85650,2.838516969719598,2.93759674664377,3942.2548339959394,1342.0,26783,76024,25.33271804337794,0.6843574348427555,862.2903679018718,1260.0,2167,54896,2.362589093320073,3.1145559919375905,4335.461940777126,1392.0,36198,85521,303,1435.0,13.0,125.0,152.41379310344828,300.3275585259306,140.0,2.14519684661379,169.43470235348408,135.0,1.2550718692850673,315.5248632521134,127.0,2.484447742142625,2.6929013619479982,2.35414486379785,3.326820088845015,2.0192698994023837,6.537961581920904,1.2893307967862535,2.5642787439191355,2.23290604308908
C:\Users\JackM\40xMBPCNP\40xN1N2N3N4lif\HAMI_1104.lif,HAMI_1104,9,Image 10,HAMI_1104_S10_Image_10,19,12185,2749,1,0,2749,0,25,51,17,5.921052631578948,3.3888686795198253,1.24603338723749,671.8700576850888,539.2071067811866,9316,,,0.0,0.0,0,0,3.3888686795198253,1.24603338723749,671.8700576850888,539.2071067811866,2749,9316,,,0.0,0.0,0,0,176,265.0,6.0,35.0,80.57692307692308,141.85121862495453,140.0,1.0132229901782466,254.47908330301928,135.0,1.8850302466890316,134.53583121134957,127.0,1.0593372536326737,2.6929013619479982,2.35414486379785,3.326820088845015,2.0192698994023837,6.537961581920904,1.2893307967862535,2.5642787439191355,2.23290604308908
C:\Users\JackM\40xMBPCNP\40xN1N2N3N4lif\HAMI_1104.lif,HAMI_1104,9,Image 10,HAMI_1104_S10_Image_10,20,14612,4297,2,0,1117,3500,24,46,6,7.275,2.326506865254829,1.5851974649059246,748.2132034355964,472.0,9997,,,0.0,0.0,0,0,8.094001790510296,0.6942162815180906,320.72792206135784,462.0,1117,9041,1.510857142857143,1.6700062445138333,571.142135623731,342.0,3500,5288,97,267.5,7.0,30.0,45.0,160.11100767977658,140.0,1.143650054855547,182.84691136974038,135.0,1.3544215657017806,184.298,127.0,1.4511653543307086,2.6929013619479982,2.35414486379785,3.326820088845015,2.0192698994023837,6.537961581920904,1.2893307967862535,2.5642787439191355,2.23290604308908
C:\Users\JackM\40xMBPCNP\40xN1N2N3N4lif\HAMI_1104.lif,HAMI_1104,9,Image 10,HAMI_1104_S10_Image_10,21,5601,2602,0,1804,124,2589,14,10,0,10.23076923076923,1.8662567255956957,1.1221247769025209,379.27817459305203,338.0,4856,1.45509977827051,1.1556162972750987,270.4142135623731,234.0,1804,2625,2.8548387096774195,0.44539063644415594,56.65685424949238,127.20710678118655,124,354,1.802626496716879,1.0960051700245736,370.4497474683059,338.0,2589,4667,105,165.0,4.0,70.0,52.22222222222222,280.22117516629714,140.0,2.0015798226164083,150.44354838709677,135.0,1.1143966547192352,262.2939358825802,127.0,2.0653065817526,2.6929013619479982,2.35414486379785,3.326820088845015,2.0192698994023837,6.537961581920904,1.2893307967862535,2.5642787439191355,2.23290604308908
C:\Users\JackM\40xMBPCNP\40xN1N2N3N4lif\HAMI_1104.lif,HAMI_1104,9,Image 10,HAMI_1104_S10_Image_10,22,100305,37207,3,25967,6970,33740,252,498,129,7.18705035971223,2.678743247238423,4.59566584191913,6948.6467529817255,1512.0,99668,3.0463280317325836,3.956861138404117,5310.107647738325,1342.0,25967,79104,13.809325681492108,1.7977188212746011,2691.5573952066306,1497.2071067811867,6970,96251,2.5349140486069945,4.067000146782986,5832.078210486801,1434.0,33740,85528,434,2747.5,17.0,265.0,205.74074074074073,247.76158200793316,140.0,1.769725585770951,164.11362984218079,135.0,1.2156565173494873,208.23681090693537,127.0,1.639659928401066,2.6929013619479982,2.35414486379785,3.326820088845015,2.0192698994023837,6.537961581920904,1.2893307967862535,2.5642787439191355,2.23290604308908
C:\Users\JackM\40xMBPCNP\40xN1N2N3N4lif\HAMI_1104.lif,HAMI_1104,9,Image 10,HAMI_1104_S10_Image_10,23,40148,20791,1,2415,2269,19727,55,189,56,9.358108108108109,1.9277091049011592,2.898326260746864,2788.1898628384834,962.0,40079,8.349482401656315,0.8925050662554438,653.3137084989849,732.0,2415,20164,11.766857646540327,1.2079393067585908,980.8467170879758,812.0,2269,26699,1.9402848887311805,2.6954422401303586,2544.4974746830585,944.0,19727,38276,264,897.5,11.0,130.0,132.4,214.120082815735,140.0,1.5294291629695358,166.34111943587484,135.0,1.2321564402657397,230.3030364475085,127.0,1.8134097358071535,2.6929013619479982,2.35414486379785,3.326820088845015,2.0192698994023837,6.537961581920904,1.2893307967862535,2.5642787439191355,2.23290604308908
C:\Users\JackM\40xMBPCNP\40xN1N2N3N4lif\HAMI_1104.lif,HAMI_1104,9,Image 10,HAMI_1104_S10_Image_10,24,38689,8305,2,1022,2719,6283,94,109,35,5.930232558139535,4.466827212522577,2.3135327068699705,2119.195959492893,916.0,37097,24.34931506849315,0.6937229898064556,542.4913780286483,782.0,1022,24885,11.945936005884516,1.2602233680452746,1071.1898628384834,850.0,2719,32481,4.681680725767945,1.6544536077864234,1402.976659402887,848.0,6283,29415,275,1017.5,10.0,175.0,139.01960784313727,197.89236790606654,140.0,1.413516913614761,167.01544685546156,135.0,1.237151458188604,175.36988699665764,127.0,1.3808652519421862,2.6929013619479982,2.35414486379785,3.326820088845015,2.0192698994023837,6.537961581920904,1.2893307967862535,2.5642787439191355,2.23290604308908
C:\Users\JackM\40xMBPCNP\40xN1N2N3N4lif\HAMI_1104.lif,HAMI_1104,9,Image 10,HAMI_1104_S10_Image_10,25,83121,33964,1,19239,2490,33474,107,269,81,9.330275229357799,3.0711341420327405,2.7560491378231355,4404.16652224137,1598.0,104308,3.340402307812256,2.193796736144073,2746.6335136523794,1252.0,19239,64266,19.47469879518072,0.8762156840454934,991.8761543394986,1132.0,2490,48492,3.0875306207803073,2.6731015568094425,4260.923881554251,1594.0,33474,103352,393,1512.5,13.0,310.0,196.8421052631579,261.3741878476012,140.0,1.866958484625723,157.54618473895582,135.0,1.1670087758441172,253.5970305311585,127.0,1.9968270120563663,2.6929013619479982,2.35414486379785,3.326820088845015,2.0192698994023837,6.537961581920904,1.2893307967862535,2.5642787439191355,2.23290604308908
C:\Users\JackM\40xMBPCNP\40xN1N2N3N4lif\HAMI_1104.lif,HAMI_1104,9,Image 10,HAMI_1104_S10_Image_10,27,30360,13868,0,7395,1204,13000,45,113,23,8.909090909090908,2.063094894721661,2.4190295814659097,1852.976659402887,766.0,28611,2.251656524678837,1.8193487671379218,1087.9705627484773,598.0,7395,16651,17.019102990033222,0.7197730039150588,488.0060966544099,678.0,1204,20491,1.9436923076923076,2.1325431016877037,1552.4913780286483,728.0,13000,25268,248,680.0,8.0,170.0,125.0,259.6162271805274,140.0,1.8544016227180529,153.45099667774087,135.0,1.1366740494647471,266.5126153846154,127.0,2.0985245305875226,2.6929013619479982,2.35414486379785,3.326820088845015,2.0192698994023837,6.537961581920904,1.2893307967862535,2.5642787439191355,2.23290604308908
C:\Users\JackM\40xMBPCNP\40xN1N2N3N4lif\HAMI_1104.lif,HAMI_1104,9,Image 10,HAMI_1104_S10_Image_10,28,57675,18384,0,13415,2334,17551,74,113,26,8.733333333333333,2.9468015665796345,2.017567952071633,2465.468037431536,1222.0,54174,3.4890793887439435,1.8375409383502104,2153.5979797464465,1172.0,13415,46806,14.480291345329906,0.7454881727867053,714.1776695296637,958.0,2334,33797,2.7838869580080905,1.9154170297109567,2340.639610306789,1222.0,17551,48860,220,937.5,12.0,95.0,101.15384615384616,346.47685426761086,140.0,2.4748346733400775,176.2814910025707,135.0,1.3057888222412646,279.7123810609082,127.0,2.2024596933929783,2.6929013619479982,2.35414486379785,3.326820088845015,2.0192698994023837,6.537961581920904,1.2893307967862535,2.5642787439191355,2.23290604308908
C:\Users\JackM\40xMBPCNP\40xN1N2N3N4lif\HAMI_1104.lif,HAMI_1104,9,Image 10,HAMI_1104_S10_Image_10,29,8223,3138,0,2380,502,2814,5,3,0,20.25,1.17144678138942,1.092662043153467,321.2426406871193,294.0,3676,1.1936974789915966,1.2299772187495004,312.4142135623731,254.0,2380,2841,3.8745019920318726,0.6389540664364095,152.07106781186548,238.0,502,1945,1.1130063965884862,1.0873664685163176,291.4142135623731,268.0,2814,3132,54,122.5,8.0,30.0,25.0,325.09411764705885,140.0,2.3221008403361347,169.09163346613545,135.0,1.25253061826767,374.0849324804549,127.0,2.9455506494524006,2.6929013619479982,2.35414486379785,3.326820088845015,2.0192698994023837,6.537961581920904,1.2893307967862535,2.5642787439191355,2.23290604308908
C:\Users\JackM\40xMBPCNP\40xN1N2N3N4lif\HAMI_1104.lif,HAMI_1104,9,Image 10,HAMI_1104_S10_Image_10,30,7387,3546,0,2167,675,3391,23,65,15,6.204081632653061,1.2679075014100394,1.4751300955010707,472.0416305603426,320.0,4496,1.8020304568527918,1.5918781750847473,464.8284271247462,292.0,2167,3905,2.2637037037037038,1.0437050847759715,210.8284271247462,202.0,675,1528,1.3258625774107933,1.4670495128834866,469.4558441227157,320.0,3391,4496,60,162.5,8.0,30.0,27.5,247.67420396862022,140.0,1.7691014569187158,157.91407407407408,135.0,1.1697338820301784,188.6750221173695,127.0,1.4856300954123582,2.6929013619479982,2.35414486379785,3.326820088845015,2.0192698994023837,6.537961581920904,1.2893307967862535,2.5642787439191355,2.23290604308908
C:\Users\JackM\40xMBPCNP\40xN1N2N3N4lif\HAMI_1104.lif,HAMI_1104,9,Image 10,HAMI_1104_S10_Image_10,31,19161,4518,0,2250,1391,3838,40,77,22,5.3375,3.2487826471890218,1.6589057935607816,972.118795026618,586.0,14678,6.716888888888889,1.2761020685610014,775.8700576850888,608.0,2250,15113,6.163191948238677,0.9859830847898335,443.6923881554251,450.0,1391,8573,2.965607087024492,1.5050458609407555,806.7045814642449,536.0,3838,11382,198,412.5,8.0,45.0,97.16666666666667,213.61955555555556,140.0,1.5258539682539682,156.19769949676493,135.0,1.1570199962723329,175.49192287649817,127.0,1.3818261643818752,2.6929013619479982,2.35414486379785,3.326820088845015,2.0192698994023837,6.537961581920904,1.2893307967862535,2.5642787439191355,2.23290604308908
C:\Users\JackM\40xMBPCNP\40xN1N2N3N4lif\HAMI_1104.lif,HAMI_1104,9,Image 10,HAMI_1104_S10_Image_10,32,22784,4903,1,1782,1211,4247,38,60,7,6.303030303030303,2.7615745461962065,1.6653617365053135,925.9411254969543,556.0,13540,3.265993265993266,1.9346380818232667,669.3847763108503,346.0,1782,5820,7.925681255161024,0.9441484586574203,479.6274169979695,508.0,1211,9598,2.4518483635507415,1.449537424896123,718.970562748477,496.0,4247,10413,136,422.5,11.0,40.0,62.708333333333336,212.03254769921438,140.0,1.5145181978515312,152.3740710156895,135.0,1.1286968223384408,177.0539204144102,127.0,1.394125357593781,2.6929013619479982,2.35414486379785,3.326820088845015,2.0192698994023837,6.537961581920904,1.2893307967862535,2.5642787439191355,2.23290604308908
C:\Users\JackM\40xMBPCNP\40xN1N2N3N4lif\HAMI_1104.lif,HAMI_1104,9,Image 10,HAMI_1104_S10_Image_10,33,30578,4457,1,0,4103,360,52,34,9,8.645833333333334,5.612070899708324,1.7117294775673269,1407.0416305603426,822.0,25013,,,0.0,0.0,0,0,5.016573239093346,1.677357986818777,1264.7279220613577,754.0,4103,20583,19.033333333333335,0.27279160563299176,148.72792206135787,545.2071067811866,360,6852,246,595.0,7.0,170.0,138.97435897435898,144.23827686784833,140.0,1.0302734061989167,164.43504752620035,135.0,1.2180373890829657,168.15,127.0,1.324015748031496,2.6929013619479982,2.35414486379785,3.326820088845015,2.0192698994023837,6.537961581920904,1.2893307967862535,2.5642787439191355,2.23290604308908
C:\Users\JackM\40xMBPCNP\40xN1N2N3N4lif\HAMI_1104.lif,HAMI_1104,9,Image 10,HAMI_1104_S10_Image_10,34,38341,11007,1,0,11007,0,68,96,27,10.914893617021276,3.5394748796220585,2.993799715848701,2874.0477272147527,960.0,38959,,,0.0,0.0,0,0,3.5394748796220585,2.993799715848701,2874.0477272147527,960.0,11007,38959,,,0.0,0.0,0,0,151,1112.5,15.0,60.0,72.5,137.29235940764968,140.0,0.9806597100546406,191.5924411737985,135.0,1.419203267954063,130.68120287090034,127.0,1.028985849377168,2.6929013619479982,2.35414486379785,3.326820088845015,2.0192698994023837,6.537961581920904,1.2893307967862535,2.5642787439191355,2.23290604308908
C:\Users\JackM\40xMBPCNP\40xN1N2N3N4lif\HAMI_1104.lif,HAMI_1104,9,Image 10,HAMI_1104_S10_Image_10,35,34109,10869,0,0,10869,0,48,74,11,13.447761194029852,3.4009568497561875,2.5064422616267708,2175.591883092037,868.0,36965,,,0.0,0.0,0,0,3.4009568497561875,2.5064422616267708,2175.591883092037,868.0,10869,36965,,,0.0,0.0,0,0,228,735.0,7.0,115.0,110.0,134.0829883153924,140.0,0.9577356308242315,197.61836415493605,135.0,1.4638397344810077,126.65912227435827,127.0,0.9973159234201439,2.6929013619479982,2.35414486379785,3.326820088845015,2.0192698994023837,6.537961581920904,1.2893307967862535,2.5642787439191355,2.23290604308908
C:\Users\JackM\40xMBPCNP\40xN1N2N3N4lif\HAMI_1104.lif,HAMI_1104,9,Image 10,HAMI_1104_S10_Image_10,36,24121,11828,0,0,11828,0,20,42,5,21.783783783783782,2.573131552248901,2.3719743573546377,1982.9705627484773,836.0,30435,,,0.0,0.0,0,0,2.573131552248901,2.3719743573546377,1982.9705627484773,836.0,11828,30435,,,0.0,0.0,0,0,150,590.0,10.0,85.0,75.0,127.96178559350693,140.0,0.9140127542393353,280.2985289144403,135.0,2.0762853993662245,122.95823469732838,127.0,0.9681750763569164,2.6929013619479982,2.35414486379785,3.326820088845015,2.0192698994023837,6.537961581920904,1.2893307967862535,2.5642787439191355,2.23290604308908
