lif_path,lif_name,scene_idx,series_name,base_name,cell_id,cellpose_area_px,cell_area_px,num_nuclei,mbp_area_px,pdgfra_area_px,cnp_area_px,num_proc,num_branch3_px,num_branch4_px,avg_segment_len_px,area_ratio_union,perimeter_ratio_union,cell_perimeter_union_px,hull_perimeter_union_px,hull_area_union_px,area_ratio_mbp,perimeter_ratio_mbp,cell_perimeter_mbp_px,hull_perimeter_mbp_px,cell_area_mbp_px,hull_area_mbp_px,area_ratio_pdgfra,perimeter_ratio_pdgfra,cell_perimeter_pdgfra_px,hull_perimeter_pdgfra_px,cell_area_pdgfra_px,hull_area_pdgfra_px,area_ratio_cnp,perimeter_ratio_cnp,cell_perimeter_cnp_px,hull_perimeter_cnp_px,cell_area_cnp_px,hull_area_cnp_px,max_r_px,AUC,Imax,Rmax_px,CriticalValue,mbp_mean_in,mbp_mean_bg,mbp_int_ratio,pdg_mean_in,pdg_mean_bg,pdg_int_ratio,cnp_mean_in,cnp_mean_bg,cnp_int_ratio,scene_area_ratio_union,scene_perimeter_ratio_union,scene_area_ratio_mbp,scene_perimeter_ratio_mbp,scene_area_ratio_pdgfra,scene_perimeter_ratio_pdgfra,scene_area_ratio_cnp,scene_perimeter_ratio_cnp
C:\Users\JackM\40xMBPCNP\40xN1N2N3N4lif\HAMI_0606.lif,HAMI_0606,0,Image 1,HAMI_0606_S1_Image_1,1,9441,6315,2,0,6315,0,11,27,4,14.75,1.8351543942992874,1.3044962792530639,714.863961030679,548.0,11589,,,0.0,0.0,0,0,1.8351543942992874,1.3044962792530639,714.863961030679,548.0,6315,11589,,,0.0,0.0,0,0,118,237.5,6.0,70.0,57.5,117.62755344418052,127.0,0.9262012082218939,344.2074425969913,150.0,2.294716283979942,106.71971496437055,107.0,0.9973805136857061,2.267996588960112,2.0864785404992205,1.422288054592539,1.5436357102205358,2.826172639037532,1.8589358962632074,1.886984909937202,1.997635206135694
C:\Users\JackM\40xMBPCNP\40xN1N2N3N4lif\HAMI_0606.lif,HAMI_0606,0,Image 1,HAMI_0606_S1_Image_1,2,20628,6406,2,48,6406,0,25,46,10,11.69047619047619,2.896034967218233,1.8879915458530196,1203.0416305603426,637.2071067811866,18552,1.3333333333333333,0.8920174991077986,29.621320343559642,33.207106781186546,48,64,2.896034967218233,1.8879915458530196,1203.0416305603426,637.2071067811866,6406,18552,,,0.0,0.0,0,0,133,467.5,11.0,50.0,65.0,135.35416666666666,127.0,1.065780839895013,277.28457695910083,150.0,1.8485638463940055,110.80285625582117,107.0,1.035540712671226,2.267996588960112,2.0864785404992205,1.422288054592539,1.5436357102205358,2.826172639037532,1.8589358962632074,1.886984909937202,1.997635206135694
C:\Users\JackM\40xMBPCNP\40xN1N2N3N4lif\HAMI_0606.lif,HAMI_0606,0,Image 1,HAMI_0606_S1_Image_1,3,8297,3540,1,1361,3540,0,12,16,1,15.066666666666666,1.83954802259887,1.4857666034653034,597.278174593052,402.0,6512,1.1763409257898605,1.086577618254241,206.44974746830582,190.0,1361,1601,1.83954802259887,1.4857666034653034,597.278174593052,402.0,3540,6512,,,0.0,0.0,0,0,120,212.5,4.0,10.0,61.5,135.1601763409258,127.0,1.0642533570151638,259.90677966101697,150.0,1.7327118644067798,109.93446327683615,107.0,1.027424890437721,2.267996588960112,2.0864785404992205,1.422288054592539,1.5436357102205358,2.826172639037532,1.8589358962632074,1.886984909937202,1.997635206135694
C:\Users\JackM\40xMBPCNP\40xN1N2N3N4lif\HAMI_0606.lif,HAMI_0606,0,Image 1,HAMI_0606_S1_Image_1,4,25575,7483,3,262,7483,0,43,86,30,7.211267605633803,2.9923827341975144,1.7281310388309101,1182.0416305603426,684.0,22392,3.8969465648854964,0.5280212842535874,109.82842712474618,208.0,262,1021,2.9923827341975144,1.7281310388309101,1182.0416305603426,684.0,7483,22392,,,0.0,0.0,0,0,195,462.5,9.0,170.0,100.73529411764706,136.68320610687022,127.0,1.0762457173769309,286.13417078711745,150.0,1.9075611385807831,115.15202657807309,107.0,1.076187164281057,2.267996588960112,2.0864785404992205,1.422288054592539,1.5436357102205358,2.826172639037532,1.8589358962632074,1.886984909937202,1.997635206135694
C:\Users\JackM\40xMBPCNP\40xN1N2N3N4lif\HAMI_0606.lif,HAMI_0606,0,Image 1,HAMI_0606_S1_Image_1,5,18944,3586,2,3259,3586,0,11,41,9,6.925925925925926,1.7674288901282766,1.3686880945063389,563.8994949366116,412.0,6338,1.2651119975452594,1.179679965983367,386.9350288425444,328.0,3259,4123,1.7674288901282766,1.3686880945063389,563.8994949366116,412.0,3586,6338,,,0.0,0.0,0,0,119,202.5,5.0,85.0,59.285714285714285,139.43571647744707,127.0,1.097919027381473,247.46346904629112,150.0,1.6497564603086075,109.71649484536083,107.0,1.0253878022930918,2.267996588960112,2.0864785404992205,1.422288054592539,1.5436357102205358,2.826172639037532,1.8589358962632074,1.886984909937202,1.997635206135694
C:\Users\JackM\40xMBPCNP\40xN1N2N3N4lif\HAMI_0606.lif,HAMI_0606,0,Image 1,HAMI_0606_S1_Image_1,6,23014,7572,1,83,6800,772,25,41,7,11.36111111111111,2.2374537770734286,1.7807465588674927,1057.7634559672906,594.0,16942,19.59036144578313,0.24100226209698578,64.10660171779821,266.0,83,1626,2.2039705882352942,1.5995646569529818,921.3492424049175,576.0,6800,14987,3.2927461139896375,0.3928900385335221,136.4142135623731,347.20710678118655,772,2542,133,452.5,20.0,45.0,62.5,139.14457831325302,127.0,1.0956266008917561,319.8104411764706,150.0,2.132069607843137,134.11139896373058,107.0,1.253377560408697,2.267996588960112,2.0864785404992205,1.422288054592539,1.5436357102205358,2.826172639037532,1.8589358962632074,1.886984909937202,1.997635206135694
C:\Users\JackM\40xMBPCNP\40xN1N2N3N4lif\HAMI_0606.lif,HAMI_0606,0,Image 1,HAMI_0606_S1_Image_1,7,39695,22899,3,31968,9450,17735,71,295,72,8.490291262135923,1.7968906939167648,3.034914167200361,3047.0538238691624,1004.0,41147,1.21875,1.5935631666517531,1526.6335136523794,958.0,31968,38961,4.110793650793651,2.0872489838112016,2095.5979797464465,1004.0,9450,38847,1.7520157879898506,2.6875659606239735,2193.0538238691624,816.0,17735,31072,175,897.5,16.0,90.0,85.0,146.65177677677679,127.0,1.15473839981714,243.22306878306878,150.0,1.6214871252204586,134.85587820693544,107.0,1.260335310345191,2.267996588960112,2.0864785404992205,1.422288054592539,1.5436357102205358,2.826172639037532,1.8589358962632074,1.886984909937202,1.997635206135694
C:\Users\JackM\40xMBPCNP\40xN1N2N3N4lif\HAMI_0606.lif,HAMI_0606,0,Image 1,HAMI_0606_S1_Image_1,8,72736,31689,3,27505,31476,218,105,361,81,8.914179104477611,2.526113162296065,3.2760514781278554,4658.54520189781,1422.0,80050,2.4932194146518816,2.892527310086348,4026.3980156401967,1392.0,27505,68576,2.479952980048291,3.2044421763523663,4556.716774773065,1422.0,31476,78059,11.844036697247706,0.2290965448778204,107.03553390593274,467.20710678118655,218,2582,244,1527.5,15.0,105.0,120.0,139.77345937102345,127.0,1.1005784202442792,347.98398780022876,150.0,2.319893252001525,127.31651376146789,107.0,1.1898739603875503,2.267996588960112,2.0864785404992205,1.422288054592539,1.5436357102205358,2.826172639037532,1.8589358962632074,1.886984909937202,1.997635206135694
C:\Users\JackM\40xMBPCNP\40xN1N2N3N4lif\HAMI_0606.lif,HAMI_0606,0,Image 1,HAMI_0606_S1_Image_1,9,89829,31877,3,13521,31877,0,81,204,37,12.691358024691358,2.5190262571760202,1.9846104673479505,2576.0243866176397,1298.0,80299,4.070187116337549,2.0265867653696676,2318.4152595828996,1144.0,13521,55033,2.5190262571760202,1.9846104673479505,2576.0243866176397,1298.0,31877,80299,,,0.0,0.0,0,0,346,1002.5,8.0,150.0,172.27272727272728,138.0365357591894,127.0,1.0869018563715702,402.29576183455157,150.0,2.6819717455636773,113.06914032676744,107.0,1.0567209376333406,2.267996588960112,2.0864785404992205,1.422288054592539,1.5436357102205358,2.826172639037532,1.8589358962632074,1.886984909937202,1.997635206135694
C:\Users\JackM\40xMBPCNP\40xN1N2N3N4lif\HAMI_0606.lif,HAMI_0606,0,Image 1,HAMI_0606_S1_Image_1,10,11578,3991,1,608,3991,0,27,63,18,8.0625,2.560010022550739,1.6543786398905687,919.8345237791561,556.0,10217,1.824013157894737,0.9348490544397877,177.62132034355966,190.0,608,1109,2.560010022550739,1.6543786398905687,919.8345237791561,556.0,3991,10217,,,0.0,0.0,0,0,158,307.5,5.0,40.0,77.32142857142857,138.5953947368421,127.0,1.0913023207625363,220.21849160611376,150.0,1.4681232773740918,110.28879627359647,107.0,1.0307364137719297,2.267996588960112,2.0864785404992205,1.422288054592539,1.5436357102205358,2.826172639037532,1.8589358962632074,1.886984909937202,1.997635206135694
C:\Users\JackM\40xMBPCNP\40xN1N2N3N4lif\HAMI_0606.lif,HAMI_0606,0,Image 1,HAMI_0606_S1_Image_1,11,6187,5247,2,0,5247,0,8,13,7,13.076923076923077,1.118353344768439,1.1602036521569827,389.8284271247462,336.0,5868,,,0.0,0.0,0,0,1.118353344768439,1.1602036521569827,389.8284271247462,336.0,5247,5868,,,0.0,0.0,0,0,62,127.5,11.0,45.0,27.5,127.60377358490567,127.0,1.0047541227157926,395.7156470364018,150.0,2.638104313576012,112.39622641509433,107.0,1.0504320225709751,2.267996588960112,2.0864785404992205,1.422288054592539,1.5436357102205358,2.826172639037532,1.8589358962632074,1.886984909937202,1.997635206135694
C:\Users\JackM\40xMBPCNP\40xN1N2N3N4lif\HAMI_0606.lif,HAMI_0606,0,Image 1,HAMI_0606_S1_Image_1,12,3316,2316,1,271,2316,0,4,19,7,12.583333333333334,1.1018998272884284,1.3239510107502737,288.62132034355966,218.0,2552,1.051660516605166,1.0,70.0,70.0,271,285,1.1018998272884284,1.3239510107502737,288.62132034355966,218.0,2316,2552,,,0.0,0.0,0,0,43,92.5,10.0,30.0,20.0,134.14022140221402,127.0,1.0562222157654648,249.61010362694302,150.0,1.6640673575129534,112.31476683937824,107.0,1.0496707181250302,2.267996588960112,2.0864785404992205,1.422288054592539,1.5436357102205358,2.826172639037532,1.8589358962632074,1.886984909937202,1.997635206135694
C:\Users\JackM\40xMBPCNP\40xN1N2N3N4lif\HAMI_0606.lif,HAMI_0606,0,Image 1,HAMI_0606_S1_Image_1,13,4934,2534,1,0,2534,0,14,39,9,7.428571428571429,1.473559589581689,1.6049416826338578,484.6923881554251,302.0,3734,,,0.0,0.0,0,0,1.473559589581689,1.6049416826338578,484.6923881554251,302.0,2534,3734,,,0.0,0.0,0,0,58,157.5,11.0,25.0,25.0,130.0674822415154,127.0,1.0241534034764992,222.48855564325177,150.0,1.4832570376216785,111.24782951854775,107.0,1.0396993412948388,2.267996588960112,2.0864785404992205,1.422288054592539,1.5436357102205358,2.826172639037532,1.8589358962632074,1.886984909937202,1.997635206135694
C:\Users\JackM\40xMBPCNP\40xN1N2N3N4lif\HAMI_0606.lif,HAMI_0606,0,Image 1,HAMI_0606_S1_Image_1,14,13459,5302,1,5269,5302,0,33,53,20,9.036363636363637,2.342889475669559,2.433605657528144,1246.0060966544097,512.0,12422,1.3791990890111976,1.3956611179277707,586.1776695296637,420.0,5269,7267,2.342889475669559,2.433605657528144,1246.0060966544097,512.0,5302,12422,,,0.0,0.0,0,0,124,447.5,9.0,75.0,60.0,144.26931106471815,127.0,1.1359788272812452,224.14183327046396,150.0,1.4942788884697598,112.99987605354487,107.0,1.0560736079770547,2.267996588960112,2.0864785404992205,1.422288054592539,1.5436357102205358,2.826172639037532,1.8589358962632074,1.886984909937202,1.997635206135694
C:\Users\JackM\40xMBPCNP\40xN1N2N3N4lif\HAMI_0606.lif,HAMI_0606,0,Image 1,HAMI_0606_S1_Image_1,15,31610,8037,1,227,8037,0,39,61,10,10.052631578947368,2.646261042677616,1.5639998394121386,1138.5918830920368,728.0,21268,12.85022026431718,0.45478474010729114,135.07106781186548,297.0,227,2917,2.646261042677616,1.5639998394121386,1138.5918830920368,728.0,8037,21268,,,0.0,0.0,0,0,210,537.5,15.0,80.0,116.61764705882354,138.85462555066078,127.0,1.0933435082729195,307.6318277964415,150.0,2.0508788519762766,109.25142857142858,107.0,1.021041388518024,2.267996588960112,2.0864785404992205,1.422288054592539,1.5436357102205358,2.826172639037532,1.8589358962632074,1.886984909937202,1.997635206135694
C:\Users\JackM\40xMBPCNP\40xN1N2N3N4lif\HAMI_0606.lif,HAMI_0606,0,Image 1,HAMI_0606_S1_Image_1,17,8878,7756,1,884,7756,0,16,40,10,9.0,1.0817431665807118,1.2674981962021845,532.3492424049175,420.0,8390,2.923076923076923,0.7318336239867117,203.44974746830584,278.0,884,2584,1.0817431665807118,1.2674981962021845,532.3492424049175,420.0,7756,8390,,,0.0,0.0,0,0,79,187.5,7.0,65.0,37.5,140.93552036199094,127.0,1.1097285067873301,562.6523981433729,150.0,3.7510159876224862,109.46089913109181,107.0,1.0229990572999235,2.267996588960112,2.0864785404992205,1.422288054592539,1.5436357102205358,2.826172639037532,1.8589358962632074,1.886984909937202,1.997635206135694
C:\Users\JackM\40xMBPCNP\40xN1N2N3N4lif\HAMI_0606.lif,HAMI_0606,0,Image 1,HAMI_0606_S1_Image_1,19,48566,28837,4,48139,28837,0,49,156,27,12.322314049586776,1.8784200853070707,2.1199944655737024,2484.6335136523794,1172.0,54168,1.1381208583477014,1.2318378786453694,1446.1776695296637,1174.0,48139,54788,1.8784200853070707,2.1199944655737024,2484.6335136523794,1172.0,28837,54168,,,0.0,0.0,0,0,239,917.5,18.0,75.0,117.5,143.84278859137083,127.0,1.1326203826092192,336.2746471546971,150.0,2.241830981031314,112.67933880869421,107.0,1.0530779327915347,2.267996588960112,2.0864785404992205,1.422288054592539,1.5436357102205358,2.826172639037532,1.8589358962632074,1.886984909937202,1.997635206135694
C:\Users\JackM\40xMBPCNP\40xN1N2N3N4lif\HAMI_0606.lif,HAMI_0606,0,Image 1,HAMI_0606_S1_Image_1,20,16928,6263,2,12721,6261,2,24,38,3,10.428571428571429,2.0542870828676354,1.584147994087162,845.9350288425444,534.0,12866,1.3536671645310903,2.752118406137715,1684.2964645562815,612.0,12721,17220,2.0506308896342436,1.584147994087162,845.9350288425444,534.0,6261,12839,1.5,0.0,0.0,1.0,2,3,104,382.5,8.0,50.0,50.0,137.94638786258943,127.0,1.08619203041409,292.0594154288452,150.0,1.9470627695256348,121.0,107.0,1.1308411214953271,2.267996588960112,2.0864785404992205,1.422288054592539,1.5436357102205358,2.826172639037532,1.8589358962632074,1.886984909937202,1.997635206135694
C:\Users\JackM\40xMBPCNP\40xN1N2N3N4lif\HAMI_0606.lif,HAMI_0606,0,Image 1,HAMI_0606_S1_Image_1,21,23781,13132,1,15667,12794,830,46,147,46,8.904761904761905,2.0035790435577217,2.216812007523939,1789.4264068711927,807.2071067811866,26311,1.480053615880513,3.100510461622427,2232.3675323681473,720.0,15667,23188,2.056510864467719,2.0340133825533306,1641.8700576850888,807.2071067811866,12794,26311,6.355421686746988,0.6693088773284073,295.83452377915603,442.0,830,5275,158,592.5,19.0,70.0,75.0,149.45899023425034,127.0,1.1768424427893727,334.24534938252305,150.0,2.2283023292168203,128.3277108433735,107.0,1.1993244004053598,2.267996588960112,2.0864785404992205,1.422288054592539,1.5436357102205358,2.826172639037532,1.8589358962632074,1.886984909937202,1.997635206135694
C:\Users\JackM\40xMBPCNP\40xN1N2N3N4lif\HAMI_0606.lif,HAMI_0606,0,Image 1,HAMI_0606_S1_Image_1,22,16942,5587,3,16879,5222,630,38,79,22,7.803030303030303,2.3794522999821015,2.0897019203759517,1178.5918830920368,564.0,13294,1.0882753717637301,1.1303888695588686,759.6213203435597,672.0,16879,18369,2.463040980467254,2.030003969560838,1092.1421356237308,538.0,5222,12862,9.307936507936509,0.5141000609738874,237.1066017177982,461.20710678118655,630,5864,143,447.5,10.0,105.0,70.83333333333333,161.7298418152734,127.0,1.2734633213801054,243.6574109536576,150.0,1.6243827396910506,129.33968253968254,107.0,1.2087820798101172,2.267996588960112,2.0864785404992205,1.422288054592539,1.5436357102205358,2.826172639037532,1.8589358962632074,1.886984909937202,1.997635206135694
C:\Users\JackM\40xMBPCNP\40xN1N2N3N4lif\HAMI_0606.lif,HAMI_0606,0,Image 1,HAMI_0606_S1_Image_1,23,30070,8382,2,320,8382,0,33,36,4,11.948717948717949,3.1540205201622524,1.6253872925818955,1254.7989898732233,772.0,26437,49.25625,0.32172437510487356,220.76955262170048,686.2071067811866,320,15762,3.1540205201622524,1.6253872925818955,1254.7989898732233,772.0,8382,26437,,,0.0,0.0,0,0,169,527.5,9.0,145.0,96.34615384615384,139.86875,127.0,1.1013287401574803,275.5524934383202,150.0,1.8370166229221347,109.98627268496975,107.0,1.027909090513736,2.267996588960112,2.0864785404992205,1.422288054592539,1.5436357102205358,2.826172639037532,1.8589358962632074,1.886984909937202,1.997635206135694
C:\Users\JackM\40xMBPCNP\40xN1N2N3N4lif\HAMI_0606.lif,HAMI_0606,0,Image 1,HAMI_0606_S1_Image_1,24,69151,42244,4,69151,11137,39131,85,405,136,8.936802973977695,1.5341113530915633,2.680371095102772,3077.0660171779823,1148.0,64807,1.043441164986768,1.0248344370860927,1238.0,1208.0,69151,72155,4.93050193050193,1.6920196815875437,1736.0121933088199,1026.0,11137,54911,1.5626485395210958,2.1947971989993333,2515.237590053236,1146.0,39131,61148,183,1102.5,20.0,140.0,87.5,345.96146115023646,127.0,2.7241059933089486,347.85795097423005,150.0,2.319053006494867,151.71010196519384,107.0,1.4178514202354564,2.267996588960112,2.0864785404992205,1.422288054592539,1.5436357102205358,2.826172639037532,1.8589358962632074,1.886984909937202,1.997635206135694
C:\Users\JackM\40xMBPCNP\40xN1N2N3N4lif\HAMI_0606.lif,HAMI_0606,0,Image 1,HAMI_0606_S1_Image_1,25,81064,45750,12,81064,15769,34978,145,397,121,8.691131498470948,1.7659890710382513,3.2560666446868143,4473.835569799683,1374.0,80794,1.0538586795618277,1.023502392178357,1420.6213203435595,1388.0,81064,85430,4.683492929164817,1.9788899763984351,2691.290367901872,1360.0,15769,73854,1.670135513751501,2.7969207378494825,3210.865007051206,1148.0,34978,58418,332,1572.5,16.0,160.0,171.16666666666666,340.0063036613046,127.0,2.6772149894590918,279.6609169890291,150.0,1.864406113260194,152.8937617931271,107.0,1.4289136616180105,2.267996588960112,2.0864785404992205,1.422288054592539,1.5436357102205358,2.826172639037532,1.8589358962632074,1.886984909937202,1.997635206135694
C:\Users\JackM\40xMBPCNP\40xN1N2N3N4lif\HAMI_0606.lif,HAMI_0606,0,Image 1,HAMI_0606_S1_Image_1,26,66195,23100,4,1464,23100,0,77,157,36,11.276119402985074,2.823766233766234,2.163501846490305,2808.2253967444162,1298.0,65229,4.627049180327869,0.7553088839603486,400.31370849898474,530.0,1464,6774,2.823766233766234,2.163501846490305,2808.2253967444162,1298.0,23100,65229,,,0.0,0.0,0,0,229,1092.5,13.0,110.0,112.5,138.71857923497268,127.0,1.0922722774407299,298.8583116883117,150.0,1.9923887445887445,108.78761826586599,107.0,1.0167067127651026,2.267996588960112,2.0864785404992205,1.422288054592539,1.5436357102205358,2.826172639037532,1.8589358962632074,1.886984909937202,1.997635206135694
C:\Users\JackM\40xMBPCNP\40xN1N2N3N4lif\HAMI_0606.lif,HAMI_0606,0,Image 1,HAMI_0606_S1_Image_1,27,29409,13904,5,13607,13079,2817,77,161,39,7.821705426356589,2.120397008055236,2.1935874008476715,1816.2903679018718,828.0,29482,2.0544572646431982,2.5125381040900616,2010.0304832720494,800.0,13607,27955,2.2541478706323113,2.156312085593228,1785.4264068711927,828.0,13079,29482,1.6553070642527512,1.7696466482748792,555.6690475583121,314.0,2817,4663,142,702.5,15.0,65.0,67.5,139.2587638715367,127.0,1.0965256997758794,308.5787904274027,150.0,2.0571919361826847,183.28186013489528,107.0,1.712914580699956,2.267996588960112,2.0864785404992205,1.422288054592539,1.5436357102205358,2.826172639037532,1.8589358962632074,1.886984909937202,1.997635206135694
C:\Users\JackM\40xMBPCNP\40xN1N2N3N4lif\HAMI_0606.lif,HAMI_0606,0,Image 1,HAMI_0606_S1_Image_1,29,10412,5529,2,10412,5529,0,29,69,11,7.43859649122807,1.539880629408573,1.5391026791439566,667.9705627484772,434.0,8514,1.0205532078371111,1.0,454.0,454.0,10412,10626,1.539880629408573,1.5391026791439566,667.9705627484772,434.0,5529,8514,,,0.0,0.0,0,0,79,227.5,10.0,45.0,37.5,145.03131002689204,127.0,1.1419788191093863,301.4592150479291,150.0,2.0097281003195273,114.03409527468305,107.0,1.065739208174608,2.267996588960112,2.0864785404992205,1.422288054592539,1.5436357102205358,2.826172639037532,1.8589358962632074,1.886984909937202,1.997635206135694
C:\Users\JackM\40xMBPCNP\40xN1N2N3N4lif\HAMI_0606.lif,HAMI_0606,0,Image 1,HAMI_0606_S1_Image_1,30,84067,44384,3,84067,6056,43178,96,408,93,9.55281690140845,2.1673576063446287,2.7850078699993586,4355.752308678997,1564.0,96196,1.196688355716274,1.0514895462754867,1699.2071067811867,1616.0,84067,100602,14.02394319682959,1.0838499810589342,1645.2842712474621,1518.0,6056,84929,2.157580249200982,2.651001612686298,4146.16652224137,1564.0,43178,93160,306,1467.5,18.0,125.0,150.0,310.64198793819213,127.0,2.445999905025135,215.2556142668428,150.0,1.4350374284456187,145.0939598869795,107.0,1.356018316700743,2.267996588960112,2.0864785404992205,1.422288054592539,1.5436357102205358,2.826172639037532,1.8589358962632074,1.886984909937202,1.997635206135694
C:\Users\JackM\40xMBPCNP\40xN1N2N3N4lif\HAMI_0606.lif,HAMI_0606,0,Image 1,HAMI_0606_S1_Image_1,31,40389,13954,5,23347,13954,0,60,124,24,8.607476635514018,2.5101762935359035,1.9050300078081737,1676.4264068711927,880.0,35027,1.3787638668779714,2.0908337244251847,1817.3675323681473,869.2071067811866,23347,32190,2.5101762935359035,1.9050300078081737,1676.4264068711927,880.0,13954,35027,,,0.0,0.0,0,0,167,767.5,17.0,80.0,80.0,139.37790722576776,127.0,1.0974638364233682,297.52637236634655,150.0,1.983509149108977,111.89835186499488,107.0,1.0457789893924756,2.267996588960112,2.0864785404992205,1.422288054592539,1.5436357102205358,2.826172639037532,1.8589358962632074,1.886984909937202,1.997635206135694
C:\Users\JackM\40xMBPCNP\40xN1N2N3N4lif\HAMI_0606.lif,HAMI_0606,0,Image 1,HAMI_0606_S1_Image_1,32,45782,18710,4,39305,18710,0,33,97,15,12.75609756097561,2.393532870122929,1.75032440041292,1837.8406204335658,1050.0,44783,1.1020989695967434,1.516496460000512,1522.562445840514,1004.0,39305,43318,2.393532870122929,1.75032440041292,1837.8406204335658,1050.0,18710,44783,,,0.0,0.0,0,0,177,652.5,11.0,95.0,85.0,141.9159394479074,127.0,1.117448342109507,317.477926242651,150.0,2.1165195082843398,112.95153465584322,107.0,1.055621819213488,2.267996588960112,2.0864785404992205,1.422288054592539,1.5436357102205358,2.826172639037532,1.8589358962632074,1.886984909937202,1.997635206135694
C:\Users\JackM\40xMBPCNP\40xN1N2N3N4lif\HAMI_0606.lif,HAMI_0606,0,Image 1,HAMI_0606_S1_Image_1,33,32933,13075,3,23812,13075,0,34,80,15,11.375,2.3674952198852774,1.4363200441444564,1323.1482322781408,921.2071067811866,30955,1.358180749202083,1.5223217625584404,1397.4913780286483,918.0,23812,32341,2.3674952198852774,1.4363200441444564,1323.1482322781408,921.2071067811866,13075,30955,,,0.0,0.0,0,0,256,542.5,6.0,65.0,126.97916666666667,145.12350915504788,127.0,1.14270479649644,361.87242829827915,150.0,2.412482855321861,111.17535918126353,107.0,1.0390220484230237,2.267996588960112,2.0864785404992205,1.422288054592539,1.5436357102205358,2.826172639037532,1.8589358962632074,1.886984909937202,1.997635206135694
C:\Users\JackM\40xMBPCNP\40xN1N2N3N4lif\HAMI_0606.lif,HAMI_0606,0,Image 1,HAMI_0606_S1_Image_1,34,31654,7517,2,404,7517,0,48,103,18,7.827586206896552,3.241984834375416,2.1702307302463684,1775.2487373415292,818.0,24370,18.683168316831683,0.22408436763221465,141.62132034355966,632.0,404,7548,3.241984834375416,2.1702307302463684,1775.2487373415292,818.0,7517,24370,,,0.0,0.0,0,0,231,627.5,8.0,25.0,112.5,137.37623762376236,127.0,1.0817026584548217,230.07210323267262,150.0,1.5338140215511509,109.10883220099987,107.0,1.0197087121588773,2.267996588960112,2.0864785404992205,1.422288054592539,1.5436357102205358,2.826172639037532,1.8589358962632074,1.886984909937202,1.997635206135694
C:\Users\JackM\40xMBPCNP\40xN1N2N3N4lif\HAMI_0606.lif,HAMI_0606,0,Image 1,HAMI_0606_S1_Image_1,35,79142,24298,5,19940,24298,0,91,235,67,9.475409836065573,4.386492715449831,2.2769035638372817,3661.260930650349,1608.0,106583,2.156268806419258,2.6777584546866198,3120.1431816442573,1165.2071067811867,19940,42996,4.386492715449831,2.2769035638372817,3661.260930650349,1608.0,24298,106583,,,0.0,0.0,0,0,411,1332.5,13.0,240.0,206.85897435897436,138.69744232698093,127.0,1.0921058450943382,280.27640134990537,150.0,1.8685093423327024,112.68586572438163,107.0,1.0531389320035667,2.267996588960112,2.0864785404992205,1.422288054592539,1.5436357102205358,2.826172639037532,1.8589358962632074,1.886984909937202,1.997635206135694
C:\Users\JackM\40xMBPCNP\40xN1N2N3N4lif\HAMI_0606.lif,HAMI_0606,0,Image 1,HAMI_0606_S1_Image_1,36,4627,2640,0,578,2640,0,8,8,0,10.3,1.196590909090909,1.18292354345604,302.8284271247462,256.0,3159,1.2387543252595157,1.0198584874512093,134.62132034355963,132.0,578,716,1.196590909090909,1.18292354345604,302.8284271247462,256.0,2640,3159,,,0.0,0.0,0,0,47,117.5,9.0,35.0,20.0,134.56401384083046,127.0,1.0595591641010271,280.7530303030303,150.0,1.8716868686868686,109.60568181818182,107.0,1.0243521665250637,2.267996588960112,2.0864785404992205,1.422288054592539,1.5436357102205358,2.826172639037532,1.8589358962632074,1.886984909937202,1.997635206135694
C:\Users\JackM\40xMBPCNP\40xN1N2N3N4lif\HAMI_0606.lif,HAMI_0606,0,Image 1,HAMI_0606_S1_Image_1,37,42170,19989,3,0,19989,0,59,147,28,10.098360655737705,2.2018109960478265,1.9729065280740308,2351.7045814642447,1192.0,44012,,,0.0,0.0,0,0,2.2018109960478265,1.9729065280740308,2351.7045814642447,1192.0,19989,44012,,,0.0,0.0,0,0,217,857.5,10.0,85.0,105.0,125.53839611786482,127.0,0.9884913080146837,318.0974035719646,150.0,2.120649357146431,110.28910900995548,107.0,1.03073933654164,2.267996588960112,2.0864785404992205,1.422288054592539,1.5436357102205358,2.826172639037532,1.8589358962632074,1.886984909937202,1.997635206135694
C:\Users\JackM\40xMBPCNP\40xN1N2N3N4lif\HAMI_0606.lif,HAMI_0606,0,Image 1,HAMI_0606_S1_Image_1,38,13878,4154,3,592,4154,0,23,26,9,9.928571428571429,2.523591718825229,1.533266722316165,778.8994949366117,508.0,10483,1.0388513513513513,1.0,110.0,110.0,592,615,2.523591718825229,1.533266722316165,778.8994949366117,508.0,4154,10483,,,0.0,0.0,0,0,115,297.5,5.0,35.0,55.0,137.58614864864865,127.0,1.0833555011704619,236.90322580645162,150.0,1.5793548387096774,110.83124556842354,107.0,1.0358060333497527,2.267996588960112,2.0864785404992205,1.422288054592539,1.5436357102205358,2.826172639037532,1.8589358962632074,1.886984909937202,1.997635206135694
C:\Users\JackM\40xMBPCNP\40xN1N2N3N4lif\HAMI_0606.lif,HAMI_0606,0,Image 1,HAMI_0606_S1_Image_1,39,21175,3095,1,446,3095,0,35,25,8,8.529411764705882,5.132794830371567,1.3619148383953261,882.5208152801713,648.0,15886,1.0964125560538116,1.010777739117737,113.20710678118655,112.0,446,489,5.132794830371567,1.3619148383953261,882.5208152801713,648.0,3095,15886,,,0.0,0.0,0,0,147,297.5,5.0,80.0,75.83333333333333,138.3744394618834,127.0,1.089562515447901,214.4820678513732,150.0,1.429880452342488,108.6900838392599,107.0,1.0157951760678494,2.267996588960112,2.0864785404992205,1.422288054592539,1.5436357102205358,2.826172639037532,1.8589358962632074,1.886984909937202,1.997635206135694
C:\Users\JackM\40xMBPCNP\40xN1N2N3N4lif\HAMI_0606.lif,HAMI_0606,0,Image 1,HAMI_0606_S1_Image_1,40,21641,9729,1,0,9729,0,30,86,18,9.28125,2.1641484222427794,2.0484793101644834,1454.420310216783,710.0,21055,,,0.0,0.0,0,0,2.1641484222427794,2.0484793101644834,1454.420310216783,710.0,9729,21055,,,0.0,0.0,0,0,178,497.5,9.0,15.0,85.0,125.11357796279165,127.0,0.9851462831715878,266.174324185425,150.0,1.7744954945695,109.11347517730496,107.0,1.019752104460794,2.267996588960112,2.0864785404992205,1.422288054592539,1.5436357102205358,2.826172639037532,1.8589358962632074,1.886984909937202,1.997635206135694
C:\Users\JackM\40xMBPCNP\40xN1N2N3N4lif\HAMI_0606.lif,HAMI_0606,0,Image 1,HAMI_0606_S1_Image_1,41,12209,5620,0,0,5620,0,28,64,26,7.592592592592593,2.0462633451957295,1.5594273930941414,867.0416305603426,556.0,11500,,,0.0,0.0,0,0,2.0462633451957295,1.5594273930941414,867.0416305603426,556.0,5620,11500,,,0.0,0.0,0,0,124,307.5,9.0,60.0,65.25,122.54395017793594,127.0,0.9649129935270546,282.5841637010676,150.0,1.883894424673784,110.18113879003559,107.0,1.0297302690657533,2.267996588960112,2.0864785404992205,1.422288054592539,1.5436357102205358,2.826172639037532,1.8589358962632074,1.886984909937202,1.997635206135694
C:\Users\JackM\40xMBPCNP\40xN1N2N3N4lif\HAMI_0606.lif,HAMI_0606,0,Image 1,HAMI_0606_S1_Image_1,42,12363,5392,2,0,5392,0,19,29,1,10.96551724137931,1.7316394658753709,1.52627498384025,717.3492424049175,470.0,9337,,,0.0,0.0,0,0,1.7316394658753709,1.52627498384025,717.3492424049175,470.0,5392,9337,,,0.0,0.0,0,0,80,262.5,10.0,50.0,37.5,119.1352002967359,127.0,0.9380724432813851,307.5369065281899,150.0,2.0502460435212657,106.05248516320475,107.0,0.9911447211514463,2.267996588960112,2.0864785404992205,1.422288054592539,1.5436357102205358,2.826172639037532,1.8589358962632074,1.886984909937202,1.997635206135694
C:\Users\JackM\40xMBPCNP\40xN1N2N3N4lif\HAMI_0606.lif,HAMI_0606,1,Image 2,HAMI_0606_S2_Image_2,4,15845,2308,1,11201,2280,29,18,26,3,9.652173913043478,1.927209705372617,1.368931570404333,454.4852813742386,332.0,4448,1.2031961432015,1.5760625981748142,844.7695526217004,536.0,11201,13477,1.7978070175438596,1.316168919668299,429.0710678118655,326.0,2280,4099,2.413793103448276,0.7672588984322124,27.621320343559645,36.0,29,70,68,222.5,11.0,30.0,32.5,139.70538344790643,128.0,1.091448308186769,234.3592105263158,139.0,1.6860374858008331,116.65517241379311,105.0,1.1110016420361248,2.3303354670774787,2.211766340958269,1.1416091214840822,1.273051472776815,2.911539916245566,1.9790999877964297,2.1782215484343146,1.6754687436331996
C:\Users\JackM\40xMBPCNP\40xN1N2N3N4lif\HAMI_0606.lif,HAMI_0606,1,Image 2,HAMI_0606_S2_Image_2,6,22851,2680,2,4216,2680,0,16,36,8,8.428571428571429,1.930597014925373,1.4496221139741083,521.863961030679,360.0,5174,2.449003795066414,1.8141076535462102,819.976659402887,452.0,4216,10325,1.930597014925373,1.4496221139741083,521.863961030679,360.0,2680,5174,,,0.0,0.0,0,0,119,170.0,8.0,85.0,72.66666666666667,139.13923149905122,128.0,1.0870252460863377,229.7070895522388,139.0,1.652568989584452,109.04332291201429,105.0,1.038507837257279,2.3303354670774787,2.211766340958269,1.1416091214840822,1.273051472776815,2.911539916245566,1.9790999877964297,2.1782215484343146,1.6754687436331996
C:\Users\JackM\40xMBPCNP\40xN1N2N3N4lif\HAMI_0606.lif,HAMI_0606,1,Image 2,HAMI_0606_S2_Image_2,7,23989,2221,1,23718,2221,0,35,33,11,5.435897435897436,4.307068887888339,1.1643952455257198,675.3492424049175,580.0,9566,1.020406442364449,1.2309891259363215,861.6923881554251,700.0,23718,24202,4.307068887888339,1.1643952455257198,675.3492424049175,580.0,2221,9566,,,0.0,0.0,0,0,194,267.5,5.0,120.0,98.62068965517241,140.18766337802512,128.0,1.0952161201408213,190.43764070238632,139.0,1.370054969081916,106.95530820473901,105.0,1.0186219829022762,2.3303354670774787,2.211766340958269,1.1416091214840822,1.273051472776815,2.911539916245566,1.9790999877964297,2.1782215484343146,1.6754687436331996
C:\Users\JackM\40xMBPCNP\40xN1N2N3N4lif\HAMI_0606.lif,HAMI_0606,1,Image 2,HAMI_0606_S2_Image_2,8,12849,2975,2,12343,2975,1,9,18,5,15.4,1.9939495798319329,1.3424967550225748,534.3137084989847,398.0,5932,1.0709714007939724,1.8882890240457468,1015.8994949366117,538.0,12343,13219,1.9939495798319329,1.3424967550225748,534.3137084989847,398.0,2975,5932,1.0,,0.0,0.0,1,1,118,172.5,4.0,15.0,60.0,146.74098679413433,128.0,1.1464139593291744,245.3616806722689,139.0,1.7651919472825102,127.0,105.0,1.2095238095238094,2.3303354670774787,2.211766340958269,1.1416091214840822,1.273051472776815,2.911539916245566,1.9790999877964297,2.1782215484343146,1.6754687436331996
C:\Users\JackM\40xMBPCNP\40xN1N2N3N4lif\HAMI_0606.lif,HAMI_0606,1,Image 2,HAMI_0606_S2_Image_2,9,22569,3581,1,22569,3581,0,38,66,19,7.362068965517241,2.8991901703434793,2.246953312247962,1127.970562748477,502.0,10382,1.0244140192299171,1.0048914234417954,701.4142135623731,698.0,22569,23120,2.8991901703434793,2.246953312247962,1127.970562748477,502.0,3581,10382,,,0.0,0.0,0,0,110,455.0,16.0,40.0,46.25,140.1893304975852,128.0,1.0952291445123843,214.55096341803966,139.0,1.5435321109211486,106.92534006823519,105.0,1.0183365720784303,2.3303354670774787,2.211766340958269,1.1416091214840822,1.273051472776815,2.911539916245566,1.9790999877964297,2.1782215484343146,1.6754687436331996
C:\Users\JackM\40xMBPCNP\40xN1N2N3N4lif\HAMI_0606.lif,HAMI_0606,1,Image 2,HAMI_0606_S2_Image_2,10,7468,2915,1,7411,2890,25,11,22,6,10.88888888888889,1.3608919382504288,1.45327499127002,421.4497474683058,290.0,3967,1.022399136418837,1.034215302541934,399.20710678118655,386.0,7411,7577,1.268166089965398,1.5151711800974916,403.03553390593277,266.0,2890,3665,1.12,1.0230118645762831,18.414213562373096,18.0,25,28,92,167.5,8.0,60.0,44.666666666666664,145.0789367156929,128.0,1.1334291930913507,234.7044982698962,139.0,1.6885215702870229,133.36,105.0,1.2700952380952382,2.3303354670774787,2.211766340958269,1.1416091214840822,1.273051472776815,2.911539916245566,1.9790999877964297,2.1782215484343146,1.6754687436331996
C:\Users\JackM\40xMBPCNP\40xN1N2N3N4lif\HAMI_0606.lif,HAMI_0606,1,Image 2,HAMI_0606_S2_Image_2,11,39175,9266,1,39175,9266,0,46,48,5,12.0,3.6984675156486078,2.001064213539997,1824.9705627484773,912.0,34270,1.0472239948947033,1.0062370062370063,968.0,962.0,39175,41025,3.6984675156486078,2.001064213539997,1824.9705627484773,912.0,9266,34270,,,0.0,0.0,0,0,275,637.5,7.0,165.0,135.68627450980392,141.8870197830249,128.0,1.108492342054882,246.76386790416578,139.0,1.7752796252098257,107.03857051691129,105.0,1.019414957303917,2.3303354670774787,2.211766340958269,1.1416091214840822,1.273051472776815,2.911539916245566,1.9790999877964297,2.1782215484343146,1.6754687436331996
C:\Users\JackM\40xMBPCNP\40xN1N2N3N4lif\HAMI_0606.lif,HAMI_0606,1,Image 2,HAMI_0606_S2_Image_2,12,14418,3411,1,14407,3411,4,15,23,5,11.428571428571429,1.6203459396071533,1.6144794943623269,590.8994949366116,366.0,5527,1.0140209620323455,1.0401459854014599,570.0,548.0,14407,14609,1.6203459396071533,1.6144794943623269,590.8994949366116,366.0,3411,5527,4.5,0.0,0.0,17.0,4,18,74,212.5,11.0,40.0,35.0,146.78239744568612,128.0,1.1467374800444228,260.96423336265025,139.0,1.8774405277888506,132.75,105.0,1.2642857142857142,2.3303354670774787,2.211766340958269,1.1416091214840822,1.273051472776815,2.911539916245566,1.9790999877964297,2.1782215484343146,1.6754687436331996
C:\Users\JackM\40xMBPCNP\40xN1N2N3N4lif\HAMI_0606.lif,HAMI_0606,1,Image 2,HAMI_0606_S2_Image_2,13,29358,8453,2,29358,8453,0,53,109,26,8.255555555555556,3.203832958712883,2.594465912954594,1909.5269119345812,736.0,27082,1.0287826146195245,1.0092398804887006,787.2071067811866,780.0,29358,30203,3.203832958712883,2.594465912954594,1909.5269119345812,736.0,8453,27082,,,0.0,0.0,0,0,191,645.0,11.0,160.0,92.5,145.14973772055316,128.0,1.1339823259418216,224.80953507630426,139.0,1.6173347847216133,108.61281422440221,105.0,1.0344077545181163,2.3303354670774787,2.211766340958269,1.1416091214840822,1.273051472776815,2.911539916245566,1.9790999877964297,2.1782215484343146,1.6754687436331996
C:\Users\JackM\40xMBPCNP\40xN1N2N3N4lif\HAMI_0606.lif,HAMI_0606,1,Image 2,HAMI_0606_S2_Image_2,14,14401,5112,2,13959,5112,0,22,56,12,9.857142857142858,2.3380281690140845,1.873114915337448,1030.2132034355964,550.0,11952,1.060749337345082,1.6341810371270373,990.3137084989846,606.0,13959,14807,2.3380281690140845,1.873114915337448,1030.2132034355964,550.0,5112,11952,,,0.0,0.0,0,0,112,407.5,9.0,40.0,52.5,150.06934594168638,128.0,1.1724167651694248,232.13204225352112,139.0,1.670014692471375,108.75005366726297,105.0,1.035714796831076,2.3303354670774787,2.211766340958269,1.1416091214840822,1.273051472776815,2.911539916245566,1.9790999877964297,2.1782215484343146,1.6754687436331996
C:\Users\JackM\40xMBPCNP\40xN1N2N3N4lif\HAMI_0606.lif,HAMI_0606,1,Image 2,HAMI_0606_S2_Image_2,15,27239,11741,2,27239,11741,22,53,113,18,9.540816326530612,2.190188229282003,2.569907407317257,2019.947222151364,786.0,25715,1.052828664782114,1.0163454291846368,821.2071067811866,808.0,27239,28678,2.190188229282003,2.569907407317257,2019.947222151364,786.0,11741,25715,5.363636363636363,0.2851620600912729,14.82842712474619,52.0,22,118,204,732.5,14.0,95.0,100.0,145.73879364146995,128.0,1.138584325323984,284.813048292309,139.0,2.0490147359158923,120.95454545454545,105.0,1.1519480519480518,2.3303354670774787,2.211766340958269,1.1416091214840822,1.273051472776815,2.911539916245566,1.9790999877964297,2.1782215484343146,1.6754687436331996
C:\Users\JackM\40xMBPCNP\40xN1N2N3N4lif\HAMI_0606.lif,HAMI_0606,1,Image 2,HAMI_0606_S2_Image_2,16,8320,2076,1,8320,2076,0,7,28,2,7.611111111111111,1.2557803468208093,1.1882453263742756,318.4497474683059,268.0,2607,1.0370192307692307,1.0226917932631123,433.62132034355966,424.0,8320,8628,1.2557803468208093,1.1882453263742756,318.4497474683059,268.0,2076,2607,,,0.0,0.0,0,0,56,117.5,5.0,20.0,25.0,149.00901442307693,128.0,1.1641329251802885,226.6252408477842,139.0,1.6303974161711094,110.36394230769231,105.0,1.051085164835165,2.3303354670774787,2.211766340958269,1.1416091214840822,1.273051472776815,2.911539916245566,1.9790999877964297,2.1782215484343146,1.6754687436331996
C:\Users\JackM\40xMBPCNP\40xN1N2N3N4lif\HAMI_0606.lif,HAMI_0606,1,Image 2,HAMI_0606_S2_Image_2,17,10526,3177,1,10525,3177,22,17,41,9,7.59375,2.139439723009128,1.4002124309593806,515.2781745930521,368.0,6797,1.0247980997624704,1.0119095769990671,477.62132034355966,472.0,10525,10786,2.139439723009128,1.4002124309593806,515.2781745930521,368.0,3177,6797,2.6818181818181817,0.3437280350132703,11.414213562373096,33.207106781186546,22,59,126,195.0,6.0,100.0,65.55555555555556,142.08456057007126,128.0,1.1100356294536817,253.48945546112685,139.0,1.8236651472023515,128.4090909090909,105.0,1.222943722943723,2.3303354670774787,2.211766340958269,1.1416091214840822,1.273051472776815,2.911539916245566,1.9790999877964297,2.1782215484343146,1.6754687436331996
C:\Users\JackM\40xMBPCNP\40xN1N2N3N4lif\HAMI_0606.lif,HAMI_0606,1,Image 2,HAMI_0606_S2_Image_2,21,98891,46697,2,98891,7008,41939,179,519,126,7.968337730870712,2.0759363556545387,4.104916508079911,5533.427452891719,1348.0,96940,1.1027899404394739,1.0950647071170145,1594.414213562373,1456.0,98891,109056,12.719320776255708,1.48884690916762,1992.0771644662755,1338.0,7008,89137,2.0974272157180667,3.423447783430671,4491.56349186104,1312.0,41939,87964,239,2012.5,30.0,170.0,117.5,270.15086307146254,128.0,2.110553617745801,221.94577625570776,139.0,1.596732203278473,161.5828226710222,105.0,1.5388840254383067,2.3303354670774787,2.211766340958269,1.1416091214840822,1.273051472776815,2.911539916245566,1.9790999877964297,2.1782215484343146,1.6754687436331996
C:\Users\JackM\40xMBPCNP\40xN1N2N3N4lif\HAMI_0606.lif,HAMI_0606,1,Image 2,HAMI_0606_S2_Image_2,22,18743,5182,1,18743,5153,82,19,41,8,12.03225806451613,2.5264376688537244,1.6161995210574838,892.1421356237311,552.0,13092,1.0243824361094809,1.0174565526186707,653.2071067811866,642.0,18743,19200,2.54065592858529,1.6034539886191996,885.1066017177982,552.0,5153,13092,4.304878048780488,0.46125437905188965,49.44974746830583,107.20710678118655,82,353,190,320.0,5.0,120.0,101.71875,144.81321026516565,128.0,1.1313532051966066,240.55889772947796,139.0,1.7306395520106328,131.8170731707317,105.0,1.2554006968641114,2.3303354670774787,2.211766340958269,1.1416091214840822,1.273051472776815,2.911539916245566,1.9790999877964297,2.1782215484343146,1.6754687436331996
C:\Users\JackM\40xMBPCNP\40xN1N2N3N4lif\HAMI_0606.lif,HAMI_0606,1,Image 2,HAMI_0606_S2_Image_2,23,40959,16846,3,40959,16846,0,50,154,33,10.765765765765765,2.5027899798171673,2.4099619381761292,2660.5979797464465,1104.0,42162,1.1710246832198052,1.0089445438282647,1128.0,1118.0,40959,47964,2.5027899798171673,2.4099619381761292,2660.5979797464465,1104.0,16846,42162,,,0.0,0.0,0,0,223,932.5,16.0,85.0,107.5,147.50699479967773,128.0,1.1523983968724822,280.9483556927461,139.0,2.0212111920341442,109.4769647696477,105.0,1.0426377597109304,2.3303354670774787,2.211766340958269,1.1416091214840822,1.273051472776815,2.911539916245566,1.9790999877964297,2.1782215484343146,1.6754687436331996
C:\Users\JackM\40xMBPCNP\40xN1N2N3N4lif\HAMI_0606.lif,HAMI_0606,1,Image 2,HAMI_0606_S2_Image_2,24,41804,12241,1,41804,12241,0,70,128,23,9.963302752293577,3.341311984315007,2.8530863280231937,2744.6690475583123,962.0,40901,1.0583197780116735,1.0161943319838056,1004.0,988.0,41804,44242,3.341311984315007,2.8530863280231937,2744.6690475583123,962.0,12241,40901,,,0.0,0.0,0,0,165,1037.5,18.0,70.0,80.0,139.96892641852455,128.0,1.093507237644723,236.35479127522262,139.0,1.7003941818361339,108.27346665390871,105.0,1.0311758728943687,2.3303354670774787,2.211766340958269,1.1416091214840822,1.273051472776815,2.911539916245566,1.9790999877964297,2.1782215484343146,1.6754687436331996
C:\Users\JackM\40xMBPCNP\40xN1N2N3N4lif\HAMI_0606.lif,HAMI_0606,1,Image 2,HAMI_0606_S2_Image_2,25,18950,7877,2,18950,7790,960,35,91,13,9.104477611940299,2.225339596293005,2.1316447069900093,1362.562445840514,639.2071067811866,17529,1.0245382585751979,1.0076575099723333,685.2071067811866,680.0,18950,19415,2.0446726572528884,2.097954960308937,1313.3198051533946,626.0,7790,15928,11.455208333333333,0.4453563985571136,276.2132034355964,620.2071067811866,960,10997,130,565.0,18.0,40.0,65.0,177.18949868073878,128.0,1.3842929584432717,272.18908857509626,139.0,1.9581948818352248,129.04166666666666,105.0,1.2289682539682538,2.3303354670774787,2.211766340958269,1.1416091214840822,1.273051472776815,2.911539916245566,1.9790999877964297,2.1782215484343146,1.6754687436331996
C:\Users\JackM\40xMBPCNP\40xN1N2N3N4lif\HAMI_0606.lif,HAMI_0606,1,Image 2,HAMI_0606_S2_Image_2,27,16948,5844,1,16948,5820,134,26,24,1,9.448275862068966,2.567248459958932,1.479115560327217,851.970562748477,576.0,15003,1.1281567146565967,1.080334708691208,691.4142135623731,640.0,16948,19120,2.461512027491409,1.4769170120893012,835.9350288425444,566.0,5820,14326,13.395522388059701,0.32453768222476226,87.69238815542512,270.20710678118655,134,1795,179,362.5,6.0,20.0,89.6875,162.2875855558178,128.0,1.2678717621548266,258.02903780068726,139.0,1.8563240129545846,127.74626865671642,105.0,1.2166311300639658,2.3303354670774787,2.211766340958269,1.1416091214840822,1.273051472776815,2.911539916245566,1.9790999877964297,2.1782215484343146,1.6754687436331996
C:\Users\JackM\40xMBPCNP\40xN1N2N3N4lif\HAMI_0606.lif,HAMI_0606,1,Image 2,HAMI_0606_S2_Image_2,31,65105,29799,2,56655,29799,0,101,311,71,9.380952380952381,2.199100640961106,3.0742337500423855,3861.237590053236,1256.0,65531,1.19770540993734,2.6363048157837787,3353.3797256769667,1272.0,56655,67856,2.199100640961106,3.0742337500423855,3861.237590053236,1256.0,29799,65531,,,0.0,0.0,0,0,213,1442.5,20.0,120.0,102.5,139.62216927014384,128.0,1.0907981974229988,337.71029229168767,139.0,2.429570448141638,108.45881175692406,105.0,1.0329410643516577,2.3303354670774787,2.211766340958269,1.1416091214840822,1.273051472776815,2.911539916245566,1.9790999877964297,2.1782215484343146,1.6754687436331996
C:\Users\JackM\40xMBPCNP\40xN1N2N3N4lif\HAMI_0606.lif,HAMI_0606,1,Image 2,HAMI_0606_S2_Image_2,32,9610,3623,1,9610,3514,213,34,76,21,7.327272727272727,2.173889042230196,2.387587799012079,1045.7634559672906,438.0,7876,1.038397502601457,1.0040160642570282,500.0,498.0,9610,9979,2.179852020489471,2.4273159999213716,1009.7634559672906,416.0,3514,7660,1.3990610328638498,0.9982127825494395,95.82842712474618,96.0,213,298,74,342.5,14.0,40.0,35.0,156.77086368366284,128.0,1.224772372528616,222.37080250426865,139.0,1.5997899460738751,129.65727699530515,105.0,1.2348312094790967,2.3303354670774787,2.211766340958269,1.1416091214840822,1.273051472776815,2.911539916245566,1.9790999877964297,2.1782215484343146,1.6754687436331996
C:\Users\JackM\40xMBPCNP\40xN1N2N3N4lif\HAMI_0606.lif,HAMI_0606,1,Image 2,HAMI_0606_S2_Image_2,33,13846,2908,1,76,2908,0,9,23,9,9.80952380952381,1.6502751031636864,1.4156806156594608,492.65685424949237,348.0,4799,10.552631578947368,0.27650048701437335,50.65685424949238,183.20710678118655,76,802,1.6502751031636864,1.4156806156594608,492.65685424949237,348.0,2908,4799,,,0.0,0.0,0,0,74,157.5,5.0,40.0,35.0,140.47368421052633,128.0,1.097450657894737,231.6378954607978,139.0,1.666459679574085,108.97979452054794,105.0,1.0379028049575993,2.3303354670774787,2.211766340958269,1.1416091214840822,1.273051472776815,2.911539916245566,1.9790999877964297,2.1782215484343146,1.6754687436331996
C:\Users\JackM\40xMBPCNP\40xN1N2N3N4lif\HAMI_0606.lif,HAMI_0606,1,Image 2,HAMI_0606_S2_Image_2,34,10479,2383,1,5634,2383,0,14,24,6,12.68421052631579,3.3147293327738145,1.3501655339354748,628.1066017177982,465.20710678118655,7899,1.3789492367767129,1.3084504464005677,541.698484809835,414.0,5634,7769,3.3147293327738145,1.3501655339354748,628.1066017177982,465.20710678118655,2383,7899,,,0.0,0.0,0,0,149,220.0,4.0,10.0,67.6086956521739,138.67500887468938,128.0,1.0833985068335108,200.26353336130927,139.0,1.440744844325966,107.85695820766911,105.0,1.0272091257873248,2.3303354670774787,2.211766340958269,1.1416091214840822,1.273051472776815,2.911539916245566,1.9790999877964297,2.1782215484343146,1.6754687436331996
C:\Users\JackM\40xMBPCNP\40xN1N2N3N4lif\HAMI_0606.lif,HAMI_0606,1,Image 2,HAMI_0606_S2_Image_2,35,28747,12852,3,28544,12524,2595,55,120,25,9.43298969072165,2.065826330532213,1.9200039576707344,1582.0832611206852,824.0,26550,1.1362457959641257,1.1103993840166513,1008.2426406871193,908.0,28544,32433,1.977563078888534,1.9134978760349455,1496.3553390593274,782.0,12524,24767,3.8053949903660884,1.075908074118892,541.6274169979695,503.4142135623731,2595,9875,167,597.5,12.0,50.0,80.0,143.07202914798205,128.0,1.1177502277186098,309.75,139.0,2.2284172661870505,133.13448940269748,105.0,1.2679475181209283,2.3303354670774787,2.211766340958269,1.1416091214840822,1.273051472776815,2.911539916245566,1.9790999877964297,2.1782215484343146,1.6754687436331996
C:\Users\JackM\40xMBPCNP\40xN1N2N3N4lif\HAMI_0606.lif,HAMI_0606,1,Image 2,HAMI_0606_S2_Image_2,36,14801,8018,1,14570,1259,7531,26,93,33,8.264705882352942,1.8480917934647043,1.6242901075138525,984.3198051533947,606.0,14818,1.162251201098147,1.26115756066135,771.8284271247462,612.0,14570,16934,8.813343923749008,0.8323000031693694,451.1066017177982,542.0,1259,11096,1.7493028814234497,1.3796652878981441,836.0771644662753,606.0,7531,13174,132,382.5,16.0,30.0,62.5,145.02278654770075,128.0,1.132990519903912,220.40826052422557,139.0,1.5856709390232056,145.68171557562076,105.0,1.3874449102440072,2.3303354670774787,2.211766340958269,1.1416091214840822,1.273051472776815,2.911539916245566,1.9790999877964297,2.1782215484343146,1.6754687436331996
C:\Users\JackM\40xMBPCNP\40xN1N2N3N4lif\HAMI_0606.lif,HAMI_0606,1,Image 2,HAMI_0606_S2_Image_2,37,74341,40604,4,74341,6378,39362,113,424,100,8.427652733118972,1.8240321150625554,2.836112425147593,3970.5573952066306,1400.0,74063,1.0739430462328998,1.0014285714285713,1402.0,1400.0,74341,79838,11.260426465976796,1.257457887552767,1702.5979797464465,1354.0,6378,71819,1.7904069915146588,2.7925272307001,3809.0071426749364,1364.0,39362,70474,367,1292.5,12.0,260.0,176.11940298507463,313.485667397533,128.0,2.4491067765432266,207.90639698965194,139.0,1.4957294747456975,167.2420608708907,105.0,1.5927815321037209,2.3303354670774787,2.211766340958269,1.1416091214840822,1.273051472776815,2.911539916245566,1.9790999877964297,2.1782215484343146,1.6754687436331996
C:\Users\JackM\40xMBPCNP\40xN1N2N3N4lif\HAMI_0606.lif,HAMI_0606,1,Image 2,HAMI_0606_S2_Image_2,38,10830,2181,1,7504,2181,0,18,25,10,8.869565217391305,2.999082989454379,1.419632806356779,570.6923881554251,402.0,6541,1.3820628997867803,2.162057392498484,1076.704581464245,498.0,7504,10371,2.999082989454379,1.419632806356779,570.6923881554251,402.0,2181,6541,,,0.0,0.0,0,0,79,237.5,11.0,60.0,37.5,139.21428571428572,128.0,1.0876116071428572,216.29481889041725,139.0,1.5560778337440089,107.40705458290422,105.0,1.0229243293609926,2.3303354670774787,2.211766340958269,1.1416091214840822,1.273051472776815,2.911539916245566,1.9790999877964297,2.1782215484343146,1.6754687436331996
C:\Users\JackM\40xMBPCNP\40xN1N2N3N4lif\HAMI_0606.lif,HAMI_0606,1,Image 2,HAMI_0606_S2_Image_2,39,33952,16238,2,33822,16237,2,51,185,46,9.661417322834646,2.281192265057273,3.052314734578539,2747.083261120685,900.0,37042,1.138489740405653,1.2325953854827794,1146.3137084989849,930.0,33822,38506,2.281332758514504,3.052314734578539,2747.083261120685,900.0,16237,37042,18.0,0.0,0.0,41.04163056034261,2,36,165,937.5,14.0,80.0,80.0,142.8201466501094,128.0,1.1157823957039796,269.2146332450576,139.0,1.9367959226263136,112.5,105.0,1.0714285714285714,2.3303354670774787,2.211766340958269,1.1416091214840822,1.273051472776815,2.911539916245566,1.9790999877964297,2.1782215484343146,1.6754687436331996
C:\Users\JackM\40xMBPCNP\40xN1N2N3N4lif\HAMI_0606.lif,HAMI_0606,1,Image 2,HAMI_0606_S2_Image_2,40,31247,11274,3,24360,10900,763,38,116,31,10.129411764705882,2.3422032996274615,2.297344894792257,1893.0121933088196,824.0,26406,1.2809523809523808,2.1502645220231904,1836.3259018078045,854.0,24360,31204,2.4222935779816512,2.317975962753422,1910.0121933088196,824.0,10900,26403,1.4089121887287024,0.8799535792426738,152.4142135623731,173.20710678118655,763,1075,139,667.5,13.0,115.0,67.5,143.60106732348112,128.0,1.1218833384646962,258.64688073394495,139.0,1.860768926143489,130.86631716906948,105.0,1.2463458778006618,2.3303354670774787,2.211766340958269,1.1416091214840822,1.273051472776815,2.911539916245566,1.9790999877964297,2.1782215484343146,1.6754687436331996
C:\Users\JackM\40xMBPCNP\40xN1N2N3N4lif\HAMI_0606.lif,HAMI_0606,1,Image 2,HAMI_0606_S2_Image_2,41,17547,4620,1,0,4620,0,19,45,4,8.54054054054054,2.158008658008658,1.3617507963421847,721.7279220613578,530.0,9970,,,0.0,0.0,0,0,2.158008658008658,1.3617507963421847,721.7279220613578,530.0,4620,9970,,,0.0,0.0,0,0,104,277.5,9.0,40.0,50.0,132.83722943722944,128.0,1.037790854978355,262.81731601731605,139.0,1.8907720576785327,108.88268398268399,105.0,1.0369779426922285,2.3303354670774787,2.211766340958269,1.1416091214840822,1.273051472776815,2.911539916245566,1.9790999877964297,2.1782215484343146,1.6754687436331996
C:\Users\JackM\40xMBPCNP\40xN1N2N3N4lif\HAMI_0606.lif,HAMI_0606,1,Image 2,HAMI_0606_S2_Image_2,43,18149,6451,2,18147,5264,1553,37,97,12,6.7625,2.743140598356844,1.975594587495423,1205.1126983722081,610.0,17696,1.0385738689590567,1.0129032258064516,628.0,620.0,18147,18847,2.6876899696048633,1.8942840806575039,1003.970562748477,530.0,5264,14148,3.819703799098519,1.0207723268129434,389.9350288425444,382.0,1553,5932,146,437.5,9.0,130.0,79.1304347826087,166.38865928252605,128.0,1.2999114006447348,236.34935410334347,139.0,1.7003550654916797,133.66323245331617,105.0,1.2729831662220588,2.3303354670774787,2.211766340958269,1.1416091214840822,1.273051472776815,2.911539916245566,1.9790999877964297,2.1782215484343146,1.6754687436331996
C:\Users\JackM\40xMBPCNP\40xN1N2N3N4lif\HAMI_0606.lif,HAMI_0606,1,Image 2,HAMI_0606_S2_Image_2,44,19338,6485,1,34,6485,0,17,37,8,15.357142857142858,2.2883577486507325,1.6225414917794052,1061.142135623731,654.0,14840,107.32352941176471,0.06121807496246507,27.071067811865476,442.20710678118655,34,3649,2.2883577486507325,1.6225414917794052,1061.142135623731,654.0,6485,14840,,,0.0,0.0,0,0,133,317.5,7.0,75.0,62.5,141.44117647058823,128.0,1.1050091911764706,285.6966846569005,139.0,2.0553718320640324,107.89171287738755,105.0,1.0275401226417862,2.3303354670774787,2.211766340958269,1.1416091214840822,1.273051472776815,2.911539916245566,1.9790999877964297,2.1782215484343146,1.6754687436331996
C:\Users\JackM\40xMBPCNP\40xN1N2N3N4lif\HAMI_0606.lif,HAMI_0606,1,Image 2,HAMI_0606_S2_Image_2,45,7280,3410,1,5786,3339,73,19,42,10,7.705882352941177,1.6439882697947215,1.9479949294251444,701.278174593052,360.0,5606,1.1690286899412374,1.4777632313477362,549.7279220613578,372.0,5786,6764,1.633423180592992,1.8904136811226409,657.863961030679,348.0,3339,5454,13.397260273972602,0.17241550228606947,42.41421356237309,246.0,73,978,69,247.5,13.0,50.0,32.5,139.74697545800208,128.0,1.0917732457656413,248.51362683438154,139.0,1.7878678189523851,125.73972602739725,105.0,1.1975212002609261,2.3303354670774787,2.211766340958269,1.1416091214840822,1.273051472776815,2.911539916245566,1.9790999877964297,2.1782215484343146,1.6754687436331996
C:\Users\JackM\40xMBPCNP\40xN1N2N3N4lif\HAMI_0606.lif,HAMI_0606,1,Image 2,HAMI_0606_S2_Image_2,46,18372,3895,3,0,3895,0,27,55,13,9.195121951219512,2.771245186136072,1.8481772125092168,935.1776695296637,506.0,10794,,,0.0,0.0,0,0,2.771245186136072,1.8481772125092168,935.1776695296637,506.0,3895,10794,,,0.0,0.0,0,0,129,325.0,6.0,35.0,66.5909090909091,125.8390243902439,128.0,0.9831173780487805,216.86367137355583,139.0,1.5601702976514809,108.03774069319641,105.0,1.0289308637447276,2.3303354670774787,2.211766340958269,1.1416091214840822,1.273051472776815,2.911539916245566,1.9790999877964297,2.1782215484343146,1.6754687436331996
C:\Users\JackM\40xMBPCNP\40xN1N2N3N4lif\HAMI_0606.lif,HAMI_0606,1,Image 2,HAMI_0606_S2_Image_2,47,59647,26328,3,19920,26290,38,105,273,55,9.600961538461538,2.6638939532057124,2.9646055970743634,4061.509667991878,1370.0,70135,1.4329819277108433,1.9484412282770287,1788.6690475583123,918.0,19920,28545,2.6677443895017117,2.947087348899181,4037.509667991878,1370.0,26290,70135,1.0789473684210527,1.0,24.0,24.0,38,41,225,1362.5,15.0,80.0,110.0,143.5487449799197,128.0,1.1214745701556226,295.44766070749336,139.0,2.1255227389028297,130.1315789473684,105.0,1.239348370927318,2.3303354670774787,2.211766340958269,1.1416091214840822,1.273051472776815,2.911539916245566,1.9790999877964297,2.1782215484343146,1.6754687436331996
C:\Users\JackM\40xMBPCNP\40xN1N2N3N4lif\HAMI_0606.lif,HAMI_0606,1,Image 2,HAMI_0606_S2_Image_2,48,7812,4052,1,2596,4052,0,8,12,2,19.77777777777778,1.3484698914116486,1.1626076271565715,420.8639610306789,362.0,5464,1.4391371340523882,1.2175286833412462,348.2132034355964,286.0,2596,3736,1.3484698914116486,1.1626076271565715,420.8639610306789,362.0,4052,5464,,,0.0,0.0,0,0,65,142.5,9.0,40.0,30.0,138.24191063174115,128.0,1.0800149268104777,378.02591312931884,139.0,2.7196108858224375,109.33207397096838,105.0,1.041257847342556,2.3303354670774787,2.211766340958269,1.1416091214840822,1.273051472776815,2.911539916245566,1.9790999877964297,2.1782215484343146,1.6754687436331996
C:\Users\JackM\40xMBPCNP\40xN1N2N3N4lif\HAMI_0606.lif,HAMI_0606,1,Image 2,HAMI_0606_S2_Image_2,49,38303,18001,3,1210,17979,265,47,156,38,9.86046511627907,2.362090994944725,2.5916116897410046,2487.9472221513643,960.0,42520,6.559504132231405,0.5055599135889006,301.31370849898474,596.0,1210,7937,2.364425162689805,2.5784274665644498,2475.290367901872,960.0,17979,42510,15.830188679245284,0.445599634662615,142.5918830920368,320.0,265,4195,161,922.5,12.0,120.0,77.5,151.59586776859504,128.0,1.1843427169421488,292.7515434673786,139.0,2.1061262119955297,129.33207547169812,105.0,1.2317340521114106,2.3303354670774787,2.211766340958269,1.1416091214840822,1.273051472776815,2.911539916245566,1.9790999877964297,2.1782215484343146,1.6754687436331996
C:\Users\JackM\40xMBPCNP\40xN1N2N3N4lif\HAMI_0606.lif,HAMI_0606,1,Image 2,HAMI_0606_S2_Image_2,51,10983,3852,1,1716,3852,0,17,26,8,11.884615384615385,2.174454828660436,1.698014670483996,764.1066017177982,450.0,8376,1.6334498834498834,0.9305282988411825,251.24264068711926,270.0,1716,2803,2.174454828660436,1.698014670483996,764.1066017177982,450.0,3852,8376,,,0.0,0.0,0,0,126,272.5,7.0,15.0,60.0,138.94230769230768,128.0,1.0854867788461537,254.19106957424714,139.0,1.8287127307499793,109.54355044699872,105.0,1.0432719090190354,2.3303354670774787,2.211766340958269,1.1416091214840822,1.273051472776815,2.911539916245566,1.9790999877964297,2.1782215484343146,1.6754687436331996
C:\Users\JackM\40xMBPCNP\40xN1N2N3N4lif\HAMI_0606.lif,HAMI_0606,1,Image 2,HAMI_0606_S2_Image_2,52,20242,4685,3,6017,4669,32,33,86,31,6.716666666666667,3.8508004268943434,1.650454646560805,1059.5918830920368,642.0,18041,2.1392720624896127,1.5799565541775462,878.4558441227157,556.0,6017,12872,3.7637609766545297,1.6597635486526536,1048.970562748477,632.0,4669,17573,26.71875,0.055283521330447304,20.035533905932738,362.4142135623731,32,855,198,360.0,6.0,70.0,109.24242424242425,149.85125477812863,128.0,1.17071292795413,228.44420646819447,139.0,1.6434834997711831,128.34375,105.0,1.2223214285714286,2.3303354670774787,2.211766340958269,1.1416091214840822,1.273051472776815,2.911539916245566,1.9790999877964297,2.1782215484343146,1.6754687436331996
C:\Users\JackM\40xMBPCNP\40xN1N2N3N4lif\HAMI_0606.lif,HAMI_0606,1,Image 2,HAMI_0606_S2_Image_2,53,23373,5480,3,0,5480,0,29,51,7,8.956521739130435,2.7235401459854014,1.747756008292819,1013.698484809835,580.0,14925,,,0.0,0.0,0,0,2.7235401459854014,1.747756008292819,1013.698484809835,580.0,5480,14925,,,0.0,0.0,0,0,192,397.5,9.0,120.0,106.78571428571429,125.52591240875913,128.0,0.9806711906934307,274.79963503649634,139.0,1.9769757916294701,111.37445255474452,105.0,1.060709071949948,2.3303354670774787,2.211766340958269,1.1416091214840822,1.273051472776815,2.911539916245566,1.9790999877964297,2.1782215484343146,1.6754687436331996
C:\Users\JackM\40xMBPCNP\40xN1N2N3N4lif\HAMI_0606.lif,HAMI_0606,1,Image 2,HAMI_0606_S2_Image_2,54,14491,4748,1,0,4748,0,13,15,2,13.266666666666667,1.7712721145745578,1.2716131631477028,587.4852813742386,462.0,8410,,,0.0,0.0,0,0,1.7712721145745578,1.2716131631477028,587.4852813742386,462.0,4748,8410,,,0.0,0.0,0,0,128,227.5,5.0,65.0,60.0,119.79212299915754,128.0,0.9358759609309183,279.3687868576243,139.0,2.009847387464923,106.93976411120472,105.0,1.0184739439162354,2.3303354670774787,2.211766340958269,1.1416091214840822,1.273051472776815,2.911539916245566,1.9790999877964297,2.1782215484343146,1.6754687436331996
C:\Users\JackM\40xMBPCNP\40xN1N2N3N4lif\HAMI_0606.lif,HAMI_0606,2,Image 3,HAMI_0606_S3_Image_3,1,24832,5287,3,5267,3598,2353,38,73,26,7.983333333333333,3.313221108379043,1.8767263832491297,1193.5979797464465,636.0,17517,3.0220239225365484,1.5240567603464814,1004.6690475583122,659.2071067811866,5267,15917,3.455252918287938,1.8337195714412977,1012.2132034355964,552.0,3598,12432,2.220569485762856,1.372526187684676,444.698484809835,324.0,2353,5225,218,522.5,9.0,155.0,112.25,139.23030187962786,127.0,1.096301589603369,218.97359644246805,134.0,1.6341313167348361,214.3187420314492,105.0,2.0411308764899925,2.6811142110234836,1.792172084366744,1.1828184825842905,1.2917375073290565,2.8211179872992758,1.3014013347248006,2.447708443302045,1.9120835293680685
C:\Users\JackM\40xMBPCNP\40xN1N2N3N4lif\HAMI_0606.lif,HAMI_0606,2,Image 3,HAMI_0606_S3_Image_3,2,41188,18090,3,39249,236,17950,71,222,64,7.6726190476190474,1.8609176340519624,2.302269011096019,1989.1604255869606,864.0,33664,1.0597977018522764,1.663765247059254,1557.284271247462,936.0,39249,41596,37.30508474576271,0.16388843632312874,91.44974746830584,558.0,236,8804,1.8587186629526462,2.277723748617794,1967.953318805774,864.0,17950,33364,131,727.5,14.0,70.0,62.5,146.4357563250019,127.0,1.1530374513779678,179.1864406779661,134.0,1.3372122438654186,145.61370473537605,105.0,1.3867971879559624,2.6811142110234836,1.792172084366744,1.1828184825842905,1.2917375073290565,2.8211179872992758,1.3014013347248006,2.447708443302045,1.9120835293680685
C:\Users\JackM\40xMBPCNP\40xN1N2N3N4lif\HAMI_0606.lif,HAMI_0606,2,Image 3,HAMI_0606_S3_Image_3,3,108893,18278,2,108893,1218,17379,98,210,58,7.872340425531915,4.164514717146296,2.2750193216458343,2811.9238815542512,1236.0,76119,1.0963881975884584,1.036860879904875,1744.0,1682.0,108893,119389,16.65845648604269,0.3027463349161281,249.8284271247462,825.2071067811866,1218,20290,2.818056274814431,2.580620638180375,2647.7167747730646,1026.0,17379,48975,320,1012.5,11.0,240.0,161.6346153846154,221.79678216230613,127.0,1.7464313556087097,212.1847290640394,134.0,1.5834681273435776,139.49018930893607,105.0,1.3284779934184388,2.6811142110234836,1.792172084366744,1.1828184825842905,1.2917375073290565,2.8211179872992758,1.3014013347248006,2.447708443302045,1.9120835293680685
C:\Users\JackM\40xMBPCNP\40xN1N2N3N4lif\HAMI_0606.lif,HAMI_0606,2,Image 3,HAMI_0606_S3_Image_3,5,8294,3085,2,8169,3085,0,9,34,9,7.913043478260869,1.445705024311183,1.3325753404967209,461.0710678118654,346.0,4460,1.0317052270779776,1.254029495608155,526.6923881554251,420.0,8169,8428,1.445705024311183,1.3325753404967209,461.0710678118654,346.0,3085,4460,,,0.0,0.0,0,0,79,167.5,5.0,25.0,37.5,138.9163912351573,127.0,1.0938298522453331,237.16888168557537,134.0,1.769917027504294,110.88418735477559,105.0,1.0560398795692914,2.6811142110234836,1.792172084366744,1.1828184825842905,1.2917375073290565,2.8211179872992758,1.3014013347248006,2.447708443302045,1.9120835293680685
C:\Users\JackM\40xMBPCNP\40xN1N2N3N4lif\HAMI_0606.lif,HAMI_0606,2,Image 3,HAMI_0606_S3_Image_3,6,24086,2217,1,18276,1838,379,20,28,4,8.52,4.344609833107803,1.1474591843960742,635.6923881554251,554.0,9632,1.2508207485226526,1.9667625812261817,1325.5979797464465,674.0,18276,22860,4.333514689880305,1.083702101962629,529.0710678118655,488.20710678118655,1838,7965,1.4934036939313984,0.9872344476255521,106.62132034355963,108.0,379,566,178,237.5,7.0,15.0,98.26086956521739,139.14100459619172,127.0,1.0955984613873364,204.44124047878128,134.0,1.5256808990953827,128.3377308707124,105.0,1.2222641035305941,2.6811142110234836,1.792172084366744,1.1828184825842905,1.2917375073290565,2.8211179872992758,1.3014013347248006,2.447708443302045,1.9120835293680685
C:\Users\JackM\40xMBPCNP\40xN1N2N3N4lif\HAMI_0606.lif,HAMI_0606,2,Image 3,HAMI_0606_S3_Image_3,9,6667,2339,2,94,2339,0,5,29,6,10.722222222222221,1.2766139375801624,1.568218938857776,432.8284271247462,276.0,2986,10.042553191489361,0.21638332507790525,46.82842712474619,216.4142135623731,94,944,1.2766139375801624,1.568218938857776,432.8284271247462,276.0,2339,2986,,,0.0,0.0,0,0,48,82.5,6.0,30.0,20.0,139.64893617021278,127.0,1.0995979226001007,231.07139803334758,134.0,1.7244134181593103,113.17051282051283,105.0,1.0778144078144078,2.6811142110234836,1.792172084366744,1.1828184825842905,1.2917375073290565,2.8211179872992758,1.3014013347248006,2.447708443302045,1.9120835293680685
C:\Users\JackM\40xMBPCNP\40xN1N2N3N4lif\HAMI_0606.lif,HAMI_0606,2,Image 3,HAMI_0606_S3_Image_3,10,36280,4659,1,31949,699,4101,37,66,20,7.233333333333333,4.404593260356299,1.5215165802716215,1083.3198051533946,712.0,20521,1.0748067232151242,1.2878219098239176,1125.556349186104,874.0,31949,34339,4.80829756795422,0.4844839265621475,174.4142135623731,360.0,699,3361,3.9461107047061694,1.3590219599873543,964.9055915910216,710.0,4101,16183,202,412.5,5.0,25.0,97.5,144.63779774014836,127.0,1.1388802971665224,175.10729613733906,134.0,1.30677086669656,129.7910265788832,105.0,1.2361050150369828,2.6811142110234836,1.792172084366744,1.1828184825842905,1.2917375073290565,2.8211179872992758,1.3014013347248006,2.447708443302045,1.9120835293680685
C:\Users\JackM\40xMBPCNP\40xN1N2N3N4lif\HAMI_0606.lif,HAMI_0606,2,Image 3,HAMI_0606_S3_Image_3,11,12908,4713,1,235,4692,754,20,48,7,8.552631578947368,2.4916189263738597,1.5864014823275843,872.5208152801713,550.0,11743,1.1914893617021276,1.1598436097938674,85.82842712474618,74.0,235,280,2.502770673486786,1.5864014823275843,872.5208152801713,550.0,4692,11743,2.010610079575597,0.7911612441971061,153.48528137423858,194.0,754,1516,172,320.0,5.0,110.0,90.0,138.12340425531914,127.0,1.0875858602781034,213.22804774083548,134.0,1.591254087618175,131.6419098143236,105.0,1.2537324744221297,2.6811142110234836,1.792172084366744,1.1828184825842905,1.2917375073290565,2.8211179872992758,1.3014013347248006,2.447708443302045,1.9120835293680685
C:\Users\JackM\40xMBPCNP\40xN1N2N3N4lif\HAMI_0606.lif,HAMI_0606,2,Image 3,HAMI_0606_S3_Image_3,14,18661,7349,4,4,7349,0,25,108,28,8.565217391304348,1.8300449040685807,2.145905608611706,1236.0416305603426,576.0,13449,1.0,1.0,4.0,4.0,4,4,1.8300449040685807,2.145905608611706,1236.0416305603426,576.0,7349,13449,,,0.0,0.0,0,0,87,377.5,12.0,70.0,40.0,149.0,127.0,1.1732283464566928,234.68077289427134,134.0,1.751349051449786,111.17961627432304,105.0,1.058853488326886,2.6811142110234836,1.792172084366744,1.1828184825842905,1.2917375073290565,2.8211179872992758,1.3014013347248006,2.447708443302045,1.9120835293680685
C:\Users\JackM\40xMBPCNP\40xN1N2N3N4lif\HAMI_0606.lif,HAMI_0606,2,Image 3,HAMI_0606_S3_Image_3,17,22030,5313,3,1767,4680,657,37,71,17,7.758064516129032,3.2040278562017694,1.8012824041904612,1232.0771644662755,684.0,17023,5.115449915110356,0.7435077818677736,374.72792206135784,504.0,1767,9039,3.6373931623931623,1.621051154785414,1108.7989898732233,684.0,4680,17023,1.2557077625570776,1.0763742011101796,150.69238815542514,140.0,657,825,163,417.5,11.0,20.0,77.5,138.07357102433502,127.0,1.0871934726325592,204.55555555555554,134.0,1.5265339966832503,133.3455098934551,105.0,1.2699572370805248,2.6811142110234836,1.792172084366744,1.1828184825842905,1.2917375073290565,2.8211179872992758,1.3014013347248006,2.447708443302045,1.9120835293680685
C:\Users\JackM\40xMBPCNP\40xN1N2N3N4lif\HAMI_0606.lif,HAMI_0606,2,Image 3,HAMI_0606_S3_Image_3,18,7840,2018,2,0,2018,0,10,25,4,8.95,1.7353815659068386,1.3812315498349426,422.6568542494924,306.0,3502,,,0.0,0.0,0,0,1.7353815659068386,1.3812315498349426,422.6568542494924,306.0,2018,3502,,,0.0,0.0,0,0,57,122.5,6.0,25.0,25.0,128.15609514370664,127.0,1.0091031113677689,206.67938553022796,134.0,1.5423834741061788,114.07086223984143,105.0,1.086389164188966,2.6811142110234836,1.792172084366744,1.1828184825842905,1.2917375073290565,2.8211179872992758,1.3014013347248006,2.447708443302045,1.9120835293680685
C:\Users\JackM\40xMBPCNP\40xN1N2N3N4lif\HAMI_0606.lif,HAMI_0606,2,Image 3,HAMI_0606_S3_Image_3,19,10963,2681,1,0,2681,0,15,25,5,9.454545454545455,2.5755315180902647,1.2658052672674598,529.1066017177982,418.0,6905,,,0.0,0.0,0,0,2.5755315180902647,1.2658052672674598,529.1066017177982,418.0,2681,6905,,,0.0,0.0,0,0,123,162.5,4.0,10.0,57.89473684210526,127.92689295039165,127.0,1.0072983696881233,230.17978366281238,134.0,1.7177595795732268,114.02685565087654,105.0,1.0859700538178718,2.6811142110234836,1.792172084366744,1.1828184825842905,1.2917375073290565,2.8211179872992758,1.3014013347248006,2.447708443302045,1.9120835293680685
C:\Users\JackM\40xMBPCNP\40xN1N2N3N4lif\HAMI_0606.lif,HAMI_0606,2,Image 3,HAMI_0606_S3_Image_3,20,10140,3130,1,1305,3130,0,17,19,4,11.0,1.9303514376996804,1.6394295973616164,567.2426406871193,346.0,6042,1.3455938697318008,1.349675144212722,269.9350288425444,200.0,1305,1756,1.9303514376996804,1.6394295973616164,567.2426406871193,346.0,3130,6042,,,0.0,0.0,0,0,71,257.5,9.0,30.0,32.5,139.21455938697318,127.0,1.0961776329682928,249.97220447284346,134.0,1.8654642124839065,111.22893006575015,105.0,1.0593231434833348,2.6811142110234836,1.792172084366744,1.1828184825842905,1.2917375073290565,2.8211179872992758,1.3014013347248006,2.447708443302045,1.9120835293680685
C:\Users\JackM\40xMBPCNP\40xN1N2N3N4lif\HAMI_0606.lif,HAMI_0606,2,Image 3,HAMI_0606_S3_Image_3,21,15726,3345,0,0,3345,0,18,38,6,8.375,1.9730941704035874,1.5138786402677231,666.1066017177982,440.0,6600,,,0.0,0.0,0,0,1.9730941704035874,1.5138786402677231,666.1066017177982,440.0,3345,6600,,,0.0,0.0,0,0,147,227.5,6.0,25.0,72.3076923076923,124.17070254110612,127.0,0.9777220672528041,202.43826606875933,134.0,1.5107333288713383,105.6254110612855,105.0,1.0059562958217667,2.6811142110234836,1.792172084366744,1.1828184825842905,1.2917375073290565,2.8211179872992758,1.3014013347248006,2.447708443302045,1.9120835293680685
C:\Users\JackM\40xMBPCNP\40xN1N2N3N4lif\HAMI_0606.lif,HAMI_0606,2,Image 3,HAMI_0606_S3_Image_3,22,14968,8538,2,0,8538,0,18,42,12,12.421052631578947,1.6316467556804872,1.9643793175848903,1182.556349186104,602.0,13931,,,0.0,0.0,0,0,1.6316467556804872,1.9643793175848903,1182.556349186104,602.0,8538,13931,,,0.0,0.0,0,0,98,407.5,11.0,65.0,45.0,122.72066057624737,127.0,0.9663044139861997,273.49648629655655,134.0,2.0410185544519144,110.23167018037012,105.0,1.0498254302892391,2.6811142110234836,1.792172084366744,1.1828184825842905,1.2917375073290565,2.8211179872992758,1.3014013347248006,2.447708443302045,1.9120835293680685
C:\Users\JackM\40xMBPCNP\40xN1N2N3N4lif\HAMI_0606.lif,HAMI_0606,3,Image 4,HAMI_0606_S4_Image_4,1,5070,2965,2,1091,2965,0,7,17,4,17.153846153846153,1.6826306913996627,1.6354449740771069,565.863961030679,346.0,4989,2.2768102658111826,1.232478572597174,285.9350288425444,232.0,1091,2484,1.6826306913996627,1.6354449740771069,565.863961030679,346.0,2965,4989,,,0.0,0.0,0,0,68,182.5,8.0,30.0,32.5,131.86892758936756,127.0,1.0383380125147053,194.12209106239462,152.0,1.277119020147333,109.01900393184796,108.0,1.0094352215911848,1.976313969571231,2.107952724025304,1.7685586530445603,1.4914573588346625,2.1588466074403483,1.9915950097198813,2.171086739780658,1.4331522223735835
C:\Users\JackM\40xMBPCNP\40xN1N2N3N4lif\HAMI_0606.lif,HAMI_0606,3,Image 4,HAMI_0606_S4_Image_4,2,5884,4121,2,297,4121,0,12,24,7,11.9,1.3110895413734531,1.6348860996558516,536.2426406871193,328.0,5403,1.1717171717171717,1.0701806268131713,92.03553390593274,86.0,297,348,1.3110895413734531,1.6348860996558516,536.2426406871193,328.0,4121,5403,,,0.0,0.0,0,0,60,167.5,8.0,45.0,27.5,133.17508417508418,127.0,1.048622710040033,354.20431933996605,152.0,2.33029157460504,109.29571324775975,108.0,1.0119973448866644,1.976313969571231,2.107952724025304,1.7685586530445603,1.4914573588346625,2.1588466074403483,1.9915950097198813,2.171086739780658,1.4331522223735835
C:\Users\JackM\40xMBPCNP\40xN1N2N3N4lif\HAMI_0606.lif,HAMI_0606,3,Image 4,HAMI_0606_S4_Image_4,3,11765,4568,1,684,4531,247,20,73,17,6.781818181818182,2.219352014010508,1.8467506800844185,934.4558441227157,506.0,10138,2.510233918128655,1.1178552164711264,230.27817459305203,206.0,684,1717,2.231295519752814,1.8427981109144578,932.4558441227157,506.0,4531,10110,1.0607287449392713,1.0172443825883792,71.20710678118655,70.0,247,262,110,287.5,10.0,30.0,52.5,137.6345029239766,127.0,1.0837362434958788,233.7645111454425,152.0,1.5379244154305427,130.7085020242915,108.0,1.2102639076323287,1.976313969571231,2.107952724025304,1.7685586530445603,1.4914573588346625,2.1588466074403483,1.9915950097198813,2.171086739780658,1.4331522223735835
C:\Users\JackM\40xMBPCNP\40xN1N2N3N4lif\HAMI_0606.lif,HAMI_0606,3,Image 4,HAMI_0606_S4_Image_4,4,6726,3376,2,0,3376,0,14,46,9,6.9411764705882355,1.6433649289099526,1.6349873833535793,611.4852813742386,374.0,5548,,,0.0,0.0,0,0,1.6433649289099526,1.6349873833535793,611.4852813742386,374.0,3376,5548,,,0.0,0.0,0,0,67,167.5,8.0,45.0,30.0,122.17417061611374,127.0,0.9620013434339665,204.35900473933648,152.0,1.3444671364430032,107.79798578199052,108.0,0.9981294979813937,1.976313969571231,2.107952724025304,1.7685586530445603,1.4914573588346625,2.1588466074403483,1.9915950097198813,2.171086739780658,1.4331522223735835
C:\Users\JackM\40xMBPCNP\40xN1N2N3N4lif\HAMI_0606.lif,HAMI_0606,3,Image 4,HAMI_0606_S4_Image_4,5,26386,16146,3,67,16146,1,36,115,25,12.218390804597702,1.738015607580825,2.0039956895055875,1715.420310216783,856.0,28062,34.32835820895522,0.14664985536032485,48.27817459305202,329.20710678118655,67,2300,1.738015607580825,2.0039956895055875,1715.420310216783,856.0,16146,28062,1.0,,0.0,0.0,1,1,147,572.5,12.0,60.0,70.0,129.16417910447763,127.0,1.0170407803502175,394.2842190016103,152.0,2.5939751250105942,116.0,108.0,1.0740740740740742,1.976313969571231,2.107952724025304,1.7685586530445603,1.4914573588346625,2.1588466074403483,1.9915950097198813,2.171086739780658,1.4331522223735835
C:\Users\JackM\40xMBPCNP\40xN1N2N3N4lif\HAMI_0606.lif,HAMI_0606,3,Image 4,HAMI_0606_S4_Image_4,6,36356,9558,1,8961,9552,6,40,79,13,10.44927536231884,3.174408872148985,2.068237344563795,1741.4558441227157,842.0,30341,1.698471152773128,1.875905684970008,1208.0832611206852,644.0,8961,15220,3.176402847571189,2.0627488405928216,1736.834523779156,842.0,9552,30341,1.3333333333333333,0.7204812092115424,4.621320343559642,6.414213562373095,6,8,162,677.5,11.0,85.0,77.5,138.61868095078674,127.0,1.0914856767778482,265.9381281407035,152.0,1.749592948294102,127.16666666666667,108.0,1.1774691358024691,1.976313969571231,2.107952724025304,1.7685586530445603,1.4914573588346625,2.1588466074403483,1.9915950097198813,2.171086739780658,1.4331522223735835
C:\Users\JackM\40xMBPCNP\40xN1N2N3N4lif\HAMI_0606.lif,HAMI_0606,3,Image 4,HAMI_0606_S4_Image_4,7,54871,27259,5,1713,27259,0,75,246,59,10.291208791208792,2.0212406911478777,2.871136139271252,3324.77564927611,1158.0,55097,13.287799182720374,0.6542188575191891,540.3847763108502,826.0,1713,22762,2.0212406911478777,2.871136139271252,3324.77564927611,1158.0,27259,55097,,,0.0,0.0,0,0,203,1112.5,17.0,85.0,100.0,137.89025102159954,127.0,1.085750008044091,306.27825672255034,152.0,2.01498853106941,113.4006235099945,108.0,1.0500057732406898,1.976313969571231,2.107952724025304,1.7685586530445603,1.4914573588346625,2.1588466074403483,1.9915950097198813,2.171086739780658,1.4331522223735835
C:\Users\JackM\40xMBPCNP\40xN1N2N3N4lif\HAMI_0606.lif,HAMI_0606,3,Image 4,HAMI_0606_S4_Image_4,8,7729,3814,1,0,3814,1,12,34,10,12.6,1.692973256423702,1.6955013093561155,640.8994949366116,378.0,6457,,,0.0,0.0,0,0,1.692973256423702,1.6955013093561155,640.8994949366116,378.0,3814,6457,1.0,,0.0,0.0,1,1,76,202.5,6.0,40.0,35.0,129.3321971683272,127.0,1.018363757230923,253.5445726271631,152.0,1.6680563988629151,129.0,108.0,1.1944444444444444,1.976313969571231,2.107952724025304,1.7685586530445603,1.4914573588346625,2.1588466074403483,1.9915950097198813,2.171086739780658,1.4331522223735835
C:\Users\JackM\40xMBPCNP\40xN1N2N3N4lif\HAMI_0606.lif,HAMI_0606,3,Image 4,HAMI_0606_S4_Image_4,9,29348,13751,1,0,13751,0,27,118,29,11.441558441558442,2.2109664751654425,1.6451289715437218,1783.3198051533946,1084.0,30403,,,0.0,0.0,0,0,2.2109664751654425,1.6451289715437218,1783.3198051533946,1084.0,13751,30403,,,0.0,0.0,0,0,210,622.5,6.0,35.0,102.5,126.7360919205876,127.0,0.997921983626674,291.7756526798051,152.0,1.9195766623671389,110.0,108.0,1.0185185185185186,1.976313969571231,2.107952724025304,1.7685586530445603,1.4914573588346625,2.1588466074403483,1.9915950097198813,2.171086739780658,1.4331522223735835
C:\Users\JackM\40xMBPCNP\40xN1N2N3N4lif\HAMI_0606.lif,HAMI_0606,3,Image 4,HAMI_0606_S4_Image_4,10,15237,6195,4,9148,5770,1067,28,52,8,10.35,2.1602905569007262,1.4817855088385954,832.7634559672906,562.0,13383,1.179820725841714,1.1950388346005387,559.2781745930521,468.0,9148,10793,2.3194107452339687,1.5665209542897691,880.3847763108503,562.0,5770,13383,1.423617619493908,1.0635191197362541,208.44974746830582,196.0,1067,1519,93,312.5,8.0,45.0,42.5,141.675666812418,127.0,1.1155564315938424,273.2474870017331,152.0,1.7976808355377176,136.6241799437676,108.0,1.2650387031830332,1.976313969571231,2.107952724025304,1.7685586530445603,1.4914573588346625,2.1588466074403483,1.9915950097198813,2.171086739780658,1.4331522223735835
C:\Users\JackM\40xMBPCNP\40xN1N2N3N4lif\HAMI_0606.lif,HAMI_0606,3,Image 4,HAMI_0606_S4_Image_4,11,7509,2933,2,0,2933,0,13,33,4,7.357142857142857,1.5659734060688715,1.5835314219659031,528.8994949366116,334.0,4593,,,0.0,0.0,0,0,1.5659734060688715,1.5835314219659031,528.8994949366116,334.0,2933,4593,,,0.0,0.0,0,0,66,147.5,7.0,40.0,30.0,123.3143539038527,127.0,0.9709791645972654,232.93010569382884,152.0,1.532434905880453,112.01363791339925,108.0,1.037163314012956,1.976313969571231,2.107952724025304,1.7685586530445603,1.4914573588346625,2.1588466074403483,1.9915950097198813,2.171086739780658,1.4331522223735835
C:\Users\JackM\40xMBPCNP\40xN1N2N3N4lif\HAMI_0606.lif,HAMI_0606,3,Image 4,HAMI_0606_S4_Image_4,12,27872,15207,2,38,15204,1037,43,122,36,11.41304347826087,1.8262642204248043,2.6454766959960194,2227.4913780286483,842.0,27772,47.26315789473684,0.12222752239665306,30.485281374238568,249.4142135623731,38,1796,1.826624572480926,2.6471562845499066,2228.905591591021,842.0,15204,27772,2.33076181292189,1.0394394252689803,239.07106781186548,230.0,1037,2417,226,670.0,8.0,105.0,110.0,143.6578947368421,127.0,1.1311645254869458,323.8272165219679,152.0,2.130442213960315,131.02796528447445,108.0,1.2132219007821707,1.976313969571231,2.107952724025304,1.7685586530445603,1.4914573588346625,2.1588466074403483,1.9915950097198813,2.171086739780658,1.4331522223735835
C:\Users\JackM\40xMBPCNP\40xN1N2N3N4lif\HAMI_0606.lif,HAMI_0606,3,Image 4,HAMI_0606_S4_Image_4,14,67668,31797,5,10820,31797,0,86,261,65,10.897435897435898,2.803440576154983,3.195809180137187,4844.846717087976,1516.0,89141,5.790850277264325,1.2380670328891878,1555.0121933088199,1256.0,10820,62657,2.803440576154983,3.195809180137187,4844.846717087976,1516.0,31797,89141,,,0.0,0.0,0,0,271,1652.5,16.0,85.0,132.5,138.7822550831793,127.0,1.092773662072278,283.0113218228135,152.0,1.8619165909395625,112.16903243316597,108.0,1.0386021521589441,1.976313969571231,2.107952724025304,1.7685586530445603,1.4914573588346625,2.1588466074403483,1.9915950097198813,2.171086739780658,1.4331522223735835
C:\Users\JackM\40xMBPCNP\40xN1N2N3N4lif\HAMI_0606.lif,HAMI_0606,3,Image 4,HAMI_0606_S4_Image_4,15,19953,11344,3,17992,11324,241,26,72,23,9.745762711864407,1.560913258110014,1.5827489847100862,1022.4558441227157,646.0,17707,1.1302801244997778,1.6431869418452514,1133.7989898732235,690.0,17992,20336,1.5636700812433768,1.575915836780716,1018.0416305603426,646.0,11324,17707,1.9253112033195021,0.8487047195543606,98.44974746830583,116.0,241,464,204,350.0,5.0,90.0,105.0,142.44186305024456,127.0,1.1215894728365714,319.50088308018366,152.0,2.1019794939485767,128.49792531120332,108.0,1.189795604733364,1.976313969571231,2.107952724025304,1.7685586530445603,1.4914573588346625,2.1588466074403483,1.9915950097198813,2.171086739780658,1.4331522223735835
C:\Users\JackM\40xMBPCNP\40xN1N2N3N4lif\HAMI_0606.lif,HAMI_0606,3,Image 4,HAMI_0606_S4_Image_4,16,11044,6033,1,663,6033,0,11,19,7,14.722222222222221,1.1408917619757997,1.097320387918843,456.48528137423864,416.0,6883,1.1040723981900453,1.056738176660748,131.03553390593274,124.0,663,732,1.1408917619757997,1.097320387918843,456.48528137423864,416.0,6033,6883,,,0.0,0.0,0,0,88,187.5,7.0,60.0,40.0,134.22775263951735,127.0,1.0569114381064357,496.43593568705455,152.0,3.2660258926779906,108.83396946564885,108.0,1.0077219394967487,1.976313969571231,2.107952724025304,1.7685586530445603,1.4914573588346625,2.1588466074403483,1.9915950097198813,2.171086739780658,1.4331522223735835
C:\Users\JackM\40xMBPCNP\40xN1N2N3N4lif\HAMI_0606.lif,HAMI_0606,3,Image 4,HAMI_0606_S4_Image_4,17,7810,3467,1,5429,1001,2520,14,34,7,8.25,2.1335448514565907,1.1244553114696267,546.4852813742386,486.0,7397,1.5218272241665132,1.1412302466956068,561.4852813742385,492.0,5429,8262,3.906093906093906,0.7465541974257242,253.8284271247462,340.0,1001,3910,2.199603174603175,0.7867760662767087,338.31370849898474,430.0,2520,5543,140,175.0,4.0,50.0,72.08333333333333,154.0775465094861,127.0,1.2132090276337488,192.4805194805195,152.0,1.2663192071086808,139.23650793650793,108.0,1.2892269253380364,1.976313969571231,2.107952724025304,1.7685586530445603,1.4914573588346625,2.1588466074403483,1.9915950097198813,2.171086739780658,1.4331522223735835
C:\Users\JackM\40xMBPCNP\40xN1N2N3N4lif\HAMI_0606.lif,HAMI_0606,3,Image 4,HAMI_0606_S4_Image_4,18,20832,11977,3,17314,11977,0,34,84,14,12.015625,1.667779911497036,2.05989530319059,1314.2132034355964,638.0,19975,1.1442763081899041,1.1573556087812156,733.7634559672906,634.0,17314,19812,1.667779911497036,2.05989530319059,1314.2132034355964,638.0,11977,19975,,,0.0,0.0,0,0,123,467.5,13.0,65.0,57.5,144.06439875245465,127.0,1.134365344507517,318.6691158052935,152.0,2.0965073408242993,116.42921372957561,108.0,1.0780482752738483,1.976313969571231,2.107952724025304,1.7685586530445603,1.4914573588346625,2.1588466074403483,1.9915950097198813,2.171086739780658,1.4331522223735835
C:\Users\JackM\40xMBPCNP\40xN1N2N3N4lif\HAMI_0606.lif,HAMI_0606,3,Image 4,HAMI_0606_S4_Image_4,19,14290,5879,1,7451,4052,1839,26,27,5,10.757575757575758,2.2498724272835515,1.5416811577831133,909.5918830920368,590.0,13227,1.302375520064421,1.7107961914492558,879.3492424049175,514.0,7451,9704,1.9842053307008884,1.193177287393771,503.5208152801713,422.0,4052,8040,3.075584556824361,0.9695512142243735,418.27817459305203,431.4142135623731,1839,5656,161,305.0,5.0,70.0,78.03571428571429,143.6950744866461,127.0,1.1314572794224103,294.6791707798618,152.0,1.9386787551306697,132.9679173463839,108.0,1.231184419873925,1.976313969571231,2.107952724025304,1.7685586530445603,1.4914573588346625,2.1588466074403483,1.9915950097198813,2.171086739780658,1.4331522223735835
C:\Users\JackM\40xMBPCNP\40xN1N2N3N4lif\HAMI_0606.lif,HAMI_0606,3,Image 4,HAMI_0606_S4_Image_4,20,4129,2565,0,1855,2565,0,9,52,22,6.4,1.3828460038986354,1.5311397634873827,425.65685424949237,278.0,3547,1.7164420485175202,1.5569504855769378,419.14213562373095,269.20710678118655,1855,3184,1.3828460038986354,1.5311397634873827,425.65685424949237,278.0,2565,3547,,,0.0,0.0,0,0,53,122.5,7.0,35.0,22.5,138.0911051212938,127.0,1.0873315363881402,228.98245614035088,152.0,1.5064635272391504,117.0223720502605,108.0,1.0835404819468566,1.976313969571231,2.107952724025304,1.7685586530445603,1.4914573588346625,2.1588466074403483,1.9915950097198813,2.171086739780658,1.4331522223735835
C:\Users\JackM\40xMBPCNP\40xN1N2N3N4lif\HAMI_0606.lif,HAMI_0606,3,Image 4,HAMI_0606_S4_Image_4,21,10678,4396,2,258,4396,0,16,34,11,11.928571428571429,2.012056414922657,1.6916703207813457,784.9350288425444,464.0,8845,1.4612403100775193,1.181052763581439,108.65685424949238,92.0,258,377,2.012056414922657,1.6916703207813457,784.9350288425444,464.0,4396,8845,,,0.0,0.0,0,0,117,285.0,9.0,55.0,62.5,137.75968992248062,127.0,1.0847219678935482,240.3535031847134,152.0,1.5812730472678513,112.0982556855818,108.0,1.0379468119035353,1.976313969571231,2.107952724025304,1.7685586530445603,1.4914573588346625,2.1588466074403483,1.9915950097198813,2.171086739780658,1.4331522223735835
C:\Users\JackM\40xMBPCNP\40xN1N2N3N4lif\HAMI_0606.lif,HAMI_0606,3,Image 4,HAMI_0606_S4_Image_4,22,22624,13365,2,7517,4532,11107,32,188,50,7.765217391304348,1.5873550317994762,2.0789150407242203,1500.976659402887,722.0,21215,1.4847678595184248,1.8298315171647308,962.4913780286485,526.0,7517,11161,2.820829655781112,1.2819548506871539,733.278174593052,572.0,4532,12784,1.6063743585126498,2.317250660505183,1427.4264068711927,616.0,11107,17842,218,452.5,5.0,20.0,107.5,140.63456166023678,127.0,1.107358753230211,242.0968667255075,152.0,1.59274254424676,134.4759160889529,108.0,1.2451473711940084,1.976313969571231,2.107952724025304,1.7685586530445603,1.4914573588346625,2.1588466074403483,1.9915950097198813,2.171086739780658,1.4331522223735835
C:\Users\JackM\40xMBPCNP\40xN1N2N3N4lif\HAMI_0606.lif,HAMI_0606,3,Image 4,HAMI_0606_S4_Image_4,23,8468,5358,0,4591,5343,15,17,51,7,9.23076923076923,1.5313549832026876,1.7134625090200573,729.9350288425444,426.0,8205,1.8427357874101502,2.2332579855735895,982.6335136523794,440.0,4591,8460,1.5098259404828749,1.6866685804698858,718.5208152801713,426.0,5343,8067,3.2,0.3908026100594614,11.414213562373096,29.207106781186546,15,48,80,272.5,19.0,45.0,37.5,138.011108690917,127.0,1.086701643235567,287.8435335953584,152.0,1.8937074578642,129.26666666666668,108.0,1.1969135802469137,1.976313969571231,2.107952724025304,1.7685586530445603,1.4914573588346625,2.1588466074403483,1.9915950097198813,2.171086739780658,1.4331522223735835
C:\Users\JackM\40xMBPCNP\40xN1N2N3N4lif\HAMI_0606.lif,HAMI_0606,3,Image 4,HAMI_0606_S4_Image_4,24,36507,20276,2,35556,7344,16663,66,192,43,8.849315068493151,1.6926415466561453,2.3511709154101803,2116.0538238691624,900.0,34320,1.0581898976262796,1.5256390149664423,1379.1776695296637,904.0,35556,37625,3.645016339869281,1.9048833043025124,1554.3847763108502,816.0,7344,26769,1.6414211126447817,1.8393248316949269,1526.6396103067893,830.0,16663,27351,167,817.5,18.0,80.0,80.0,145.5298121273484,127.0,1.1459040324988063,242.60593681917211,152.0,1.5960916895998165,143.98169597311409,108.0,1.3331638516029083,1.976313969571231,2.107952724025304,1.7685586530445603,1.4914573588346625,2.1588466074403483,1.9915950097198813,2.171086739780658,1.4331522223735835
C:\Users\JackM\40xMBPCNP\40xN1N2N3N4lif\HAMI_0606.lif,HAMI_0606,3,Image 4,HAMI_0606_S4_Image_4,25,17308,6743,1,0,6743,0,28,61,15,10.936170212765957,2.316031440011864,2.0388763154480274,1251.8700576850888,614.0,15617,,,0.0,0.0,0,0,2.316031440011864,2.0388763154480274,1251.8700576850888,614.0,6743,15617,,,0.0,0.0,0,0,161,427.5,8.0,75.0,77.5,131.3192940827525,127.0,1.0340101896279723,231.1917544119828,152.0,1.5209983842893606,109.51475604330416,108.0,1.014025518919483,1.976313969571231,2.107952724025304,1.7685586530445603,1.4914573588346625,2.1588466074403483,1.9915950097198813,2.171086739780658,1.4331522223735835
C:\Users\JackM\40xMBPCNP\40xN1N2N3N4lif\HAMI_0606.lif,HAMI_0606,3,Image 4,HAMI_0606_S4_Image_4,26,9357,3182,1,2706,3182,0,14,36,5,9.692307692307692,2.1203645505971087,1.6160700045205216,614.1066017177982,380.0,6747,1.5920177383592018,1.3657959805726303,393.3492424049175,288.0,2706,4308,2.1203645505971087,1.6160700045205216,614.1066017177982,380.0,3182,6747,,,0.0,0.0,0,0,77,202.5,5.0,35.0,35.0,142.0040650406504,127.0,1.11814224441457,224.10119421747328,152.0,1.474349961957061,114.49066213921901,108.0,1.060098723511287,1.976313969571231,2.107952724025304,1.7685586530445603,1.4914573588346625,2.1588466074403483,1.9915950097198813,2.171086739780658,1.4331522223735835
C:\Users\JackM\40xMBPCNP\40xN1N2N3N4lif\HAMI_0606.lif,HAMI_0606,3,Image 4,HAMI_0606_S4_Image_4,27,42824,24259,3,13138,24259,0,78,263,71,8.728643216080402,1.9400222597798755,2.9057470414778575,2981.2964645562815,1026.0,47063,3.4683361242198205,3.1473847654327747,3311.048773235279,1052.0,13138,45567,1.9400222597798755,2.9057470414778575,2981.2964645562815,1026.0,24259,47063,,,0.0,0.0,0,0,165,1040.0,17.0,90.0,80.0,138.07398386360177,127.0,1.087196723335447,335.0397790510738,152.0,2.2042090727044332,112.02866659181917,108.0,1.03730246844277,1.976313969571231,2.107952724025304,1.7685586530445603,1.4914573588346625,2.1588466074403483,1.9915950097198813,2.171086739780658,1.4331522223735835
C:\Users\JackM\40xMBPCNP\40xN1N2N3N4lif\HAMI_0606.lif,HAMI_0606,3,Image 4,HAMI_0606_S4_Image_4,28,9750,4494,1,9101,4494,0,8,27,10,8.481481481481481,1.4753004005340453,1.4397091571768246,532.6923881554251,370.0,6630,1.1088891330623007,1.4176131374320255,666.278174593052,470.0,9101,10092,1.4753004005340453,1.4397091571768246,532.6923881554251,370.0,4494,6630,,,0.0,0.0,0,0,73,187.5,7.0,45.0,32.5,139.8373805076365,127.0,1.1010817362806025,289.2225189141077,152.0,1.9027797296980768,113.6362246012672,108.0,1.0521872648265482,1.976313969571231,2.107952724025304,1.7685586530445603,1.4914573588346625,2.1588466074403483,1.9915950097198813,2.171086739780658,1.4331522223735835
C:\Users\JackM\40xMBPCNP\40xN1N2N3N4lif\HAMI_0606.lif,HAMI_0606,3,Image 4,HAMI_0606_S4_Image_4,29,7039,3504,1,3755,3504,2,9,20,8,10.61111111111111,1.3039383561643836,1.4246924768966438,464.4497474683059,326.0,4569,1.1723035952063914,1.1608915042944956,371.4852813742386,320.0,3755,4402,1.3039383561643836,1.4246924768966438,464.4497474683059,326.0,3504,4569,1.0,,0.0,0.0,2,2,60,157.5,9.0,30.0,27.5,142.52516644474034,127.0,1.1222454050766955,250.69349315068493,152.0,1.6492992970439797,123.5,108.0,1.1435185185185186,1.976313969571231,2.107952724025304,1.7685586530445603,1.4914573588346625,2.1588466074403483,1.9915950097198813,2.171086739780658,1.4331522223735835
C:\Users\JackM\40xMBPCNP\40xN1N2N3N4lif\HAMI_0606.lif,HAMI_0606,3,Image 4,HAMI_0606_S4_Image_4,30,15582,3598,3,3627,2277,1321,25,19,3,8.52,3.488882712618121,1.1766892167039045,666.0060966544099,566.0,12553,2.095947063688999,1.018033008588991,407.2132034355964,400.0,3627,7602,3.0109793588054456,0.9476508397531174,415.0710678118654,438.0,2277,6856,5.921271763815292,0.5026671804825382,250.93502884254443,499.20710678118655,1321,7822,163,335.0,6.0,65.0,91.25,142.56851392335264,127.0,1.1225867238059264,227.80368906455863,152.0,1.4987084806878856,138.40348221044664,108.0,1.2815137241708021,1.976313969571231,2.107952724025304,1.7685586530445603,1.4914573588346625,2.1588466074403483,1.9915950097198813,2.171086739780658,1.4331522223735835
C:\Users\JackM\40xMBPCNP\40xN1N2N3N4lif\HAMI_0606.lif,HAMI_0606,3,Image 4,HAMI_0606_S4_Image_4,31,4820,2544,2,1426,2544,0,10,12,0,12.0,1.5459905660377358,1.0497598225662625,312.8284271247462,298.0,3933,3.1690042075736327,2.036927365690861,643.6690475583121,316.0,1426,4519,1.5459905660377358,1.0497598225662625,312.8284271247462,298.0,2544,3933,,,0.0,0.0,0,0,55,137.5,6.0,25.0,25.0,138.67952314165498,127.0,1.0919647491468896,285.749606918239,152.0,1.8799316244620987,114.59210935073004,108.0,1.0610380495437968,1.976313969571231,2.107952724025304,1.7685586530445603,1.4914573588346625,2.1588466074403483,1.9915950097198813,2.171086739780658,1.4331522223735835
C:\Users\JackM\40xMBPCNP\40xN1N2N3N4lif\HAMI_0606.lif,HAMI_0606,3,Image 4,HAMI_0606_S4_Image_4,32,8346,5331,3,4927,5331,487,15,23,5,12.047619047619047,1.344025511161133,1.1883873925473856,482.4852813742386,406.0,7165,1.5595697178810635,2.298126120902913,983.5979797464468,428.0,4927,7684,1.344025511161133,1.1883873925473856,482.4852813742386,406.0,5331,7165,1.5359342915811087,0.9807030862863665,131.4142135623731,134.0,487,748,102,165.0,5.0,90.0,52.5,138.21554698599553,127.0,1.088311393590516,367.5946351528794,152.0,2.418385757584733,129.0513347022587,108.0,1.1949197657616548,1.976313969571231,2.107952724025304,1.7685586530445603,1.4914573588346625,2.1588466074403483,1.9915950097198813,2.171086739780658,1.4331522223735835
C:\Users\JackM\40xMBPCNP\40xN1N2N3N4lif\HAMI_0606.lif,HAMI_0606,3,Image 4,HAMI_0606_S4_Image_4,33,59264,31277,3,23017,30634,1189,93,274,44,10.435,1.9200690603318733,3.204171862836746,3870.639610306789,1208.0,60054,2.234087848112265,3.0596298238403707,3445.1431816442573,1126.0,23017,51422,1.956910622184501,3.137858450818701,3790.533008588991,1208.0,30634,59948,10.65937762825904,0.5756239803389869,387.97056274847716,674.0,1189,12674,205,1287.5,20.0,95.0,100.0,141.41512794890733,127.0,1.1135049444795853,339.1980479206111,152.0,2.2315661047408626,141.5264928511354,108.0,1.3104304893623648,1.976313969571231,2.107952724025304,1.7685586530445603,1.4914573588346625,2.1588466074403483,1.9915950097198813,2.171086739780658,1.4331522223735835
C:\Users\JackM\40xMBPCNP\40xN1N2N3N4lif\HAMI_0606.lif,HAMI_0606,3,Image 4,HAMI_0606_S4_Image_4,34,40608,24444,2,40076,6003,22709,60,221,50,11.147435897435898,2.051219113074783,2.7137247846014696,3158.7756492761105,1164.0,50140,1.2596316997704362,1.4185405026969446,1659.6923881554253,1170.0,40076,50481,7.326669998334166,1.166349004158036,1331.970562748477,1142.0,6003,43982,2.075080364613149,2.6835135481665993,3051.710678118655,1137.2071067811867,22709,47123,188,932.5,16.0,75.0,90.0,165.78635592374488,127.0,1.3054043773523218,238.8790604697651,152.0,1.5715727662484547,137.0194636487736,108.0,1.2686987374886445,1.976313969571231,2.107952724025304,1.7685586530445603,1.4914573588346625,2.1588466074403483,1.9915950097198813,2.171086739780658,1.4331522223735835
C:\Users\JackM\40xMBPCNP\40xN1N2N3N4lif\HAMI_0606.lif,HAMI_0606,3,Image 4,HAMI_0606_S4_Image_4,35,21896,11555,1,70,11555,477,24,81,24,11.0,2.065426222414539,1.8405448309506138,1627.0416305603426,884.0,23866,1.1,1.0588235294117647,36.0,34.0,70,77,2.065426222414539,1.8405448309506138,1627.0416305603426,884.0,11555,23866,3.050314465408805,0.47672575897565095,108.41421356237309,227.4142135623731,477,1455,185,562.5,9.0,50.0,90.0,138.85714285714286,127.0,1.0933633295838021,292.0227607096495,152.0,1.9212023730897994,129.8343815513627,108.0,1.2021701995496545,1.976313969571231,2.107952724025304,1.7685586530445603,1.4914573588346625,2.1588466074403483,1.9915950097198813,2.171086739780658,1.4331522223735835
C:\Users\JackM\40xMBPCNP\40xN1N2N3N4lif\HAMI_0606.lif,HAMI_0606,3,Image 4,HAMI_0606_S4_Image_4,36,5742,3901,1,4440,3901,0,12,52,7,7.903225806451613,1.2781338118431171,1.411973728858428,480.0710678118655,340.0,4986,1.2704954954954955,1.337477909055424,476.14213562373095,356.0,4440,5641,1.2781338118431171,1.411973728858428,480.0710678118655,340.0,3901,4986,,,0.0,0.0,0,0,65,167.5,5.0,25.0,30.0,140.07545045045046,127.0,1.1029563027594524,351.2214816713663,152.0,2.3106676425747783,112.6280778395552,108.0,1.042852572588474,1.976313969571231,2.107952724025304,1.7685586530445603,1.4914573588346625,2.1588466074403483,1.9915950097198813,2.171086739780658,1.4331522223735835
C:\Users\JackM\40xMBPCNP\40xN1N2N3N4lif\HAMI_0606.lif,HAMI_0606,3,Image 4,HAMI_0606_S4_Image_4,37,69793,43906,5,69405,27712,31490,89,420,116,9.41958041958042,1.7722179201020363,2.934202741610718,3697.095454429505,1260.0,77811,1.159066349686622,1.2538489482646233,1612.4497474683058,1286.0,69405,80445,2.7386330831408774,2.507397029967008,3129.231493398826,1248.0,27712,75893,1.7851063829787235,2.2929426347545996,2554.338095116624,1114.0,31490,56213,207,1137.5,22.0,110.0,100.0,272.1926518262373,127.0,2.1432492269782464,336.40062066974593,152.0,2.213161978090434,155.65855827246745,108.0,1.4412829469672912,1.976313969571231,2.107952724025304,1.7685586530445603,1.4914573588346625,2.1588466074403483,1.9915950097198813,2.171086739780658,1.4331522223735835
C:\Users\JackM\40xMBPCNP\40xN1N2N3N4lif\HAMI_0606.lif,HAMI_0606,3,Image 4,HAMI_0606_S4_Image_4,38,46769,28653,5,45713,23050,11444,53,153,36,12.504,1.7002408124803685,2.4483853055581273,2624.6690475583123,1072.0,48717,1.1421477479054098,1.4908099007866877,1654.7989898732235,1110.0,45713,52211,1.8044251626898047,2.1438944346977045,2298.2548339959394,1072.0,23050,41592,2.6788710241174414,2.101562005489496,1744.2964645562815,830.0,11444,30657,172,977.5,19.0,100.0,82.5,146.2692231969024,127.0,1.1517261669047434,328.38416485900217,152.0,2.1604221372302774,135.1385005242922,108.0,1.2512824122619648,1.976313969571231,2.107952724025304,1.7685586530445603,1.4914573588346625,2.1588466074403483,1.9915950097198813,2.171086739780658,1.4331522223735835
C:\Users\JackM\40xMBPCNP\40xN1N2N3N4lif\HAMI_0606.lif,HAMI_0606,3,Image 4,HAMI_0606_S4_Image_4,39,32878,13629,3,10625,12450,1445,64,135,33,9.781818181818181,2.4409714579206105,3.086509050396159,2598.840620433566,842.0,33268,2.4802823529411766,2.3897772029614894,1926.1604255869606,806.0,10625,26353,2.607710843373494,2.8066589300416642,2329.526911934581,830.0,12450,32466,1.8311418685121108,1.5431180954105381,376.5208152801713,244.0,1445,2646,207,842.5,10.0,170.0,100.0,138.29063529411764,127.0,1.0889026401111626,260.1837751004016,152.0,1.7117353625026421,130.75640138408303,108.0,1.210707420222991,1.976313969571231,2.107952724025304,1.7685586530445603,1.4914573588346625,2.1588466074403483,1.9915950097198813,2.171086739780658,1.4331522223735835
C:\Users\JackM\40xMBPCNP\40xN1N2N3N4lif\HAMI_0606.lif,HAMI_0606,3,Image 4,HAMI_0606_S4_Image_4,40,43874,19644,5,2749,19644,0,53,129,28,12.475728155339805,2.3317043372021993,2.5355664229563053,2849.976659402887,1124.0,45804,10.962895598399419,0.7462921676710025,671.6629509039022,900.0,2749,30137,2.3317043372021993,2.5355664229563053,2849.976659402887,1124.0,19644,45804,,,0.0,0.0,0,0,192,997.5,16.0,90.0,92.5,140.7148053837759,127.0,1.1079905935730388,295.8299226226838,152.0,1.9462494909387091,111.82748381443801,108.0,1.0354396649485,1.976313969571231,2.107952724025304,1.7685586530445603,1.4914573588346625,2.1588466074403483,1.9915950097198813,2.171086739780658,1.4331522223735835
C:\Users\JackM\40xMBPCNP\40xN1N2N3N4lif\HAMI_0606.lif,HAMI_0606,3,Image 4,HAMI_0606_S4_Image_4,43,12772,2395,1,2226,2395,0,20,12,1,9.235294117647058,4.575365344467641,1.1337022884690713,628.0710678118655,554.0,10958,4.570530098831986,1.6114440647682233,863.7340187157677,536.0,2226,10174,4.575365344467641,1.1337022884690713,628.0710678118655,554.0,2395,10958,,,0.0,0.0,0,0,167,227.5,6.0,30.0,71.08695652173913,138.82120395327942,127.0,1.0930803460888143,213.2054279749478,152.0,1.4026672893088672,116.05170486305198,108.0,1.0745528228060368,1.976313969571231,2.107952724025304,1.7685586530445603,1.4914573588346625,2.1588466074403483,1.9915950097198813,2.171086739780658,1.4331522223735835
C:\Users\JackM\40xMBPCNP\40xN1N2N3N4lif\HAMI_0606.lif,HAMI_0606,3,Image 4,HAMI_0606_S4_Image_4,44,17512,6101,2,10265,4268,2379,52,96,25,7.4,3.485330273725619,2.074238934643935,1522.4913780286483,734.0,21264,1.6968339016074039,1.1830148212653457,754.7634559672906,638.0,10265,17418,4.276241799437676,1.7356206702976626,1255.2132034355964,723.2071067811866,4268,18251,5.014291719209752,1.0387695526217005,519.3847763108503,500.0,2379,11929,158,607.5,13.0,55.0,77.5,147.56259132976132,127.0,1.1619101679508765,214.2970946579194,152.0,1.409849306959996,137.12946616225304,108.0,1.2697172792801208,1.976313969571231,2.107952724025304,1.7685586530445603,1.4914573588346625,2.1588466074403483,1.9915950097198813,2.171086739780658,1.4331522223735835
C:\Users\JackM\40xMBPCNP\40xN1N2N3N4lif\HAMI_0606.lif,HAMI_0606,3,Image 4,HAMI_0606_S4_Image_4,45,13688,8646,1,1470,8646,0,20,53,6,12.425,1.5315752949340735,1.51212088883027,843.7634559672906,558.0,13242,2.249659863945578,1.2173036827860226,331.1066017177982,272.0,1470,3307,1.5315752949340735,1.51212088883027,843.7634559672906,558.0,8646,13242,,,0.0,0.0,0,0,107,262.5,7.0,65.0,50.0,138.99115646258502,127.0,1.0944185548235041,376.81355540134166,152.0,2.479036548693037,112.04884496034938,108.0,1.0374893051884202,1.976313969571231,2.107952724025304,1.7685586530445603,1.4914573588346625,2.1588466074403483,1.9915950097198813,2.171086739780658,1.4331522223735835
C:\Users\JackM\40xMBPCNP\40xN1N2N3N4lif\HAMI_0606.lif,HAMI_0606,3,Image 4,HAMI_0606_S4_Image_4,46,25172,13015,2,1055,13015,0,41,158,44,8.990825688073395,1.796619285439877,2.401386345662044,1839.4619407771256,766.0,23383,5.892890995260664,0.8623331022809761,325.27817459305203,377.20710678118655,1055,6217,1.796619285439877,2.401386345662044,1839.4619407771256,766.0,13015,23383,,,0.0,0.0,0,0,118,602.5,16.0,85.0,57.5,138.4919431279621,127.0,1.0904877411650558,303.2908951210142,152.0,1.995334836322462,113.20264618660178,108.0,1.0481726498759425,1.976313969571231,2.107952724025304,1.7685586530445603,1.4914573588346625,2.1588466074403483,1.9915950097198813,2.171086739780658,1.4331522223735835
C:\Users\JackM\40xMBPCNP\40xN1N2N3N4lif\HAMI_0606.lif,HAMI_0606,3,Image 4,HAMI_0606_S4_Image_4,47,8392,3104,1,2078,3104,0,14,40,6,9.379310344827585,2.444265463917526,1.6326706215254276,705.3137084989847,432.0,7587,2.314244465832531,1.371591116376393,477.31370849898474,348.0,2078,4809,2.444265463917526,1.6326706215254276,705.3137084989847,432.0,3104,7587,,,0.0,0.0,0,0,76,247.5,13.0,40.0,35.0,139.23820981713186,127.0,1.09636385682781,210.89884020618555,152.0,1.3874923697775365,111.7735200845666,108.0,1.034940000783024,1.976313969571231,2.107952724025304,1.7685586530445603,1.4914573588346625,2.1588466074403483,1.9915950097198813,2.171086739780658,1.4331522223735835
C:\Users\JackM\40xMBPCNP\40xN1N2N3N4lif\HAMI_0606.lif,HAMI_0606,3,Image 4,HAMI_0606_S4_Image_4,48,15674,4614,1,64,4606,67,24,57,13,7.0212765957446805,2.651278716948418,1.8582900432575646,947.727922061358,510.0,12233,2.765625,0.4650569400320688,34.41421356237309,74.0,64,177,2.655883630047764,1.8476739382333036,942.3137084989849,510.0,4606,12233,11.08955223880597,0.32029237313351105,49.071067811865476,153.20710678118655,67,743,100,397.5,8.0,25.0,47.5,139.671875,127.0,1.0997785433070866,215.31524099001302,152.0,1.4165476380921909,123.65671641791045,108.0,1.1449695964621338,1.976313969571231,2.107952724025304,1.7685586530445603,1.4914573588346625,2.1588466074403483,1.9915950097198813,2.171086739780658,1.4331522223735835
C:\Users\JackM\40xMBPCNP\40xN1N2N3N4lif\HAMI_0606.lif,HAMI_0606,3,Image 4,HAMI_0606_S4_Image_4,49,50170,22763,2,6079,22763,0,59,167,52,11.706766917293233,2.3064622413565874,2.6981913945269516,2827.704581464245,1048.0,52502,3.6227998025991117,1.799003438889194,1370.8406204335658,762.0,6079,22023,2.3064622413565874,2.6981913945269516,2827.704581464245,1048.0,22763,52502,,,0.0,0.0,0,0,166,982.5,20.0,125.0,80.0,145.43049843724296,127.0,1.1451220349389208,324.5365725080174,152.0,2.1351090296580093,110.09782811161196,108.0,1.0194243343667775,1.976313969571231,2.107952724025304,1.7685586530445603,1.4914573588346625,2.1588466074403483,1.9915950097198813,2.171086739780658,1.4331522223735835
C:\Users\JackM\40xMBPCNP\40xN1N2N3N4lif\HAMI_0606.lif,HAMI_0606,3,Image 4,HAMI_0606_S4_Image_4,50,46928,30578,3,2268,30578,0,66,262,52,9.933673469387756,1.5599777617895219,2.181492427711493,2258.2964645562815,1035.2071067811867,47701,1.4215167548500882,1.0937061945661863,367.4852813742386,336.0,2268,3224,1.5599777617895219,2.181492427711493,2258.2964645562815,1035.2071067811867,30578,47701,,,0.0,0.0,0,0,174,837.5,18.0,125.0,85.0,139.25970017636683,127.0,1.096533072254857,362.36415069657926,152.0,2.3839746756353897,114.4589212416624,108.0,1.0598048263116888,1.976313969571231,2.107952724025304,1.7685586530445603,1.4914573588346625,2.1588466074403483,1.9915950097198813,2.171086739780658,1.4331522223735835
C:\Users\JackM\40xMBPCNP\40xN1N2N3N4lif\HAMI_0606.lif,HAMI_0606,3,Image 4,HAMI_0606_S4_Image_4,51,21044,9124,3,13084,8940,289,52,200,71,5.937931034482759,1.8060061376589216,2.591514434590364,1591.1898628384834,614.0,16478,1.2190461632528278,1.5009559264366048,873.5563491861041,582.0,13084,15950,1.8370246085011186,2.6001108101490806,1596.4680374315355,614.0,8940,16423,4.107266435986159,0.4248888385409288,109.62132034355963,258.0,289,1187,207,482.5,8.0,55.0,102.36842105263158,142.69328951391012,127.0,1.123569208770946,282.0360178970917,152.0,1.8555001177440245,128.47404844290656,108.0,1.1895745226195051,1.976313969571231,2.107952724025304,1.7685586530445603,1.4914573588346625,2.1588466074403483,1.9915950097198813,2.171086739780658,1.4331522223735835
C:\Users\JackM\40xMBPCNP\40xN1N2N3N4lif\HAMI_0606.lif,HAMI_0606,3,Image 4,HAMI_0606_S4_Image_4,52,6020,2714,1,229,2714,0,13,46,12,8.689655172413794,1.9834193072955049,1.8475181671013938,617.0710678118655,334.0,5383,3.2096069868995634,0.8878016427874853,115.41421356237309,130.0,229,735,1.9834193072955049,1.8475181671013938,617.0710678118655,334.0,2714,5383,,,0.0,0.0,0,0,64,177.5,7.0,30.0,30.0,138.34934497816593,127.0,1.0893649210879208,213.07516580692703,152.0,1.401810301361362,111.2401269393512,108.0,1.030001175364363,1.976313969571231,2.107952724025304,1.7685586530445603,1.4914573588346625,2.1588466074403483,1.9915950097198813,2.171086739780658,1.4331522223735835
C:\Users\JackM\40xMBPCNP\40xN1N2N3N4lif\HAMI_0606.lif,HAMI_0606,3,Image 4,HAMI_0606_S4_Image_4,53,6287,3781,1,0,3781,0,7,27,2,13.944444444444445,1.263157894736842,1.5366979085522625,479.4497474683059,312.0,4776,,,0.0,0.0,0,0,1.263157894736842,1.5366979085522625,479.4497474683059,312.0,3781,4776,,,0.0,0.0,0,0,59,172.5,9.0,35.0,27.5,128.00608304681302,127.0,1.0079219137544333,358.66622586617297,152.0,2.3596462228037693,110.22903993652473,108.0,1.0206392586715252,1.976313969571231,2.107952724025304,1.7685586530445603,1.4914573588346625,2.1588466074403483,1.9915950097198813,2.171086739780658,1.4331522223735835
C:\Users\JackM\40xMBPCNP\40xN1N2N3N4lif\HAMI_0606.lif,HAMI_0606,3,Image 4,HAMI_0606_S4_Image_4,54,20295,10708,1,2,10708,0,21,39,6,16.885714285714286,2.054351886440045,1.6240628206861276,1214.7989898732235,748.0,21998,1.0,,0.0,0.0,2,2,2.054351886440045,1.6240628206861276,1214.7989898732235,748.0,10708,21998,,,0.0,0.0,0,0,126,442.5,12.0,55.0,60.0,151.0,127.0,1.188976377952756,327.21171087037726,152.0,2.152708624147219,112.04295853567426,108.0,1.037434801256243,1.976313969571231,2.107952724025304,1.7685586530445603,1.4914573588346625,2.1588466074403483,1.9915950097198813,2.171086739780658,1.4331522223735835
C:\Users\JackM\40xMBPCNP\40xN1N2N3N4lif\HAMI_0606.lif,HAMI_0606,3,Image 4,HAMI_0606_S4_Image_4,55,41409,17190,5,524,17169,102,77,144,20,9.32824427480916,2.4959860383944155,2.4038319464139613,2408.639610306789,1002.0,42906,5.4103053435114505,0.8949386986700599,245.21320343559643,274.0,524,2835,2.4990389655774945,2.3914070487410015,2396.1898628384834,1002.0,17169,42906,49.21568627450981,0.16836085001778492,65.86396103067892,391.20710678118655,102,5020,239,947.5,11.0,140.0,134.10256410256412,138.4179389312977,127.0,1.0899050309551,306.60550993068904,152.0,2.0171415127019015,127.44117647058823,108.0,1.1800108932461872,1.976313969571231,2.107952724025304,1.7685586530445603,1.4914573588346625,2.1588466074403483,1.9915950097198813,2.171086739780658,1.4331522223735835
C:\Users\JackM\40xMBPCNP\40xN1N2N3N4lif\HAMI_0606.lif,HAMI_0606,3,Image 4,HAMI_0606_S4_Image_4,57,10734,6348,3,1549,6348,1,15,49,9,12.029411764705882,1.437933207309389,1.6341142295351427,781.1066017177982,478.0,9128,1.0865074241446093,1.3026960076346588,234.48528137423858,180.0,1549,1683,1.437933207309389,1.6341142295351427,781.1066017177982,478.0,6348,9128,1.0,,0.0,0.0,1,1,79,287.5,14.0,65.0,37.5,140.05358295674628,127.0,1.1027841177696558,283.95982986767484,152.0,1.8681567754452293,124.0,108.0,1.1481481481481481,1.976313969571231,2.107952724025304,1.7685586530445603,1.4914573588346625,2.1588466074403483,1.9915950097198813,2.171086739780658,1.4331522223735835
C:\Users\JackM\40xMBPCNP\40xN1N2N3N4lif\HAMI_0606.lif,HAMI_0606,3,Image 4,HAMI_0606_S4_Image_4,59,31349,14440,5,420,14266,439,47,125,43,8.797872340425531,1.9481994459833796,1.625555217280199,1352.4619407771256,832.0,28132,7.257142857142857,0.3142515110545266,133.24264068711926,424.0,420,3048,1.9410486471330437,1.5260799096272055,1269.698484809835,832.0,14266,27691,18.735763097949885,0.444096177537795,225.24873734152916,507.20710678118655,439,8225,127,562.5,15.0,65.0,60.0,136.0595238095238,127.0,1.0713348331458568,350.32910416374597,152.0,2.3047967379193812,127.58997722095673,108.0,1.1813886779718215,1.976313969571231,2.107952724025304,1.7685586530445603,1.4914573588346625,2.1588466074403483,1.9915950097198813,2.171086739780658,1.4331522223735835
C:\Users\JackM\40xMBPCNP\40xN1N2N3N4lif\HAMI_0606.lif,HAMI_0606,3,Image 4,HAMI_0606_S4_Image_4,61,25010,11508,3,0,11508,0,29,81,22,10.985507246376812,2.4843587069864443,1.6669026191242329,1436.8700576850888,862.0,28590,,,0.0,0.0,0,0,2.4843587069864443,1.6669026191242329,1436.8700576850888,862.0,11508,28590,,,0.0,0.0,0,0,162,527.5,8.0,80.0,77.5,127.29136253041362,127.0,1.002294193152863,316.011383385471,152.0,2.0790222591149408,110.88242961418143,108.0,1.0266891630942725,1.976313969571231,2.107952724025304,1.7685586530445603,1.4914573588346625,2.1588466074403483,1.9915950097198813,2.171086739780658,1.4331522223735835
C:\Users\JackM\40xMBPCNP\40xN1N2N3N4lif\HAMI_0606.lif,HAMI_0606,3,Image 4,HAMI_0606_S4_Image_4,62,9981,4810,2,211,641,4551,31,58,25,7.914893617021277,1.8661122661122662,1.6976165237867131,825.0416305603426,486.0,8976,1.0758293838862558,1.0367851130197758,62.207106781186546,60.0,211,227,9.39625585023401,0.832556535746023,329.6923881554251,396.0,641,6023,1.6537024829707756,1.6400623113590216,721.6274169979695,440.0,4551,7526,117,387.5,11.0,85.0,57.0,134.13744075829385,127.0,1.0562003209314477,188.06396255850234,152.0,1.2372629115690943,134.16611733684906,108.0,1.242278864230084,1.976313969571231,2.107952724025304,1.7685586530445603,1.4914573588346625,2.1588466074403483,1.9915950097198813,2.171086739780658,1.4331522223735835
C:\Users\JackM\40xMBPCNP\40xN1N2N3N4lif\HAMI_0606.lif,HAMI_0606,3,Image 4,HAMI_0606_S4_Image_4,63,29333,14343,4,1271,13831,512,49,134,29,8.99090909090909,2.1319807571637734,2.311172294632181,1969.118795026618,852.0,30579,8.55861526357199,0.7624597965955552,433.07716446627535,568.0,1271,10878,2.096594606319138,2.1785431866509604,1856.118795026618,852.0,13831,28998,2.408203125,0.5794871794871795,113.0,195.0,512,1233,202,712.5,11.0,130.0,97.5,138.34697088906373,127.0,1.0893462274729426,303.3417684910708,152.0,1.9956695295465186,146.03125,108.0,1.3521412037037037,1.976313969571231,2.107952724025304,1.7685586530445603,1.4914573588346625,2.1588466074403483,1.9915950097198813,2.171086739780658,1.4331522223735835
C:\Users\JackM\40xMBPCNP\40xN1N2N3N4lif\HAMI_0606.lif,HAMI_0606,3,Image 4,HAMI_0606_S4_Image_4,64,26117,12394,5,0,12394,0,29,71,25,10.777777777777779,1.6816201387768275,1.5866267908267804,1066.2132034355964,672.0,20842,,,0.0,0.0,0,0,1.6816201387768275,1.5866267908267804,1066.2132034355964,672.0,12394,20842,,,0.0,0.0,0,0,114,362.5,8.0,55.0,55.0,120.40301758915605,127.0,0.948055256607528,359.8012748103921,152.0,2.367113650068369,108.9383572696466,108.0,1.0086884932374685,1.976313969571231,2.107952724025304,1.7685586530445603,1.4914573588346625,2.1588466074403483,1.9915950097198813,2.171086739780658,1.4331522223735835
C:\Users\JackM\40xMBPCNP\40xN1N2N3N4lif\HAMI_0606.lif,HAMI_0606,3,Image 4,HAMI_0606_S4_Image_4,65,4959,2621,1,0,2621,0,8,27,3,10.631578947368421,1.212132773750477,1.329573094761006,369.62132034355966,278.0,3177,,,0.0,0.0,0,0,1.212132773750477,1.329573094761006,369.62132034355966,278.0,2621,3177,,,0.0,0.0,0,0,51,122.5,9.0,30.0,22.5,126.41320106829454,127.0,0.9953795359708232,253.35444486837085,152.0,1.6668055583445451,110.03052270125906,108.0,1.0188011361227691,1.976313969571231,2.107952724025304,1.7685586530445603,1.4914573588346625,2.1588466074403483,1.9915950097198813,2.171086739780658,1.4331522223735835
C:\Users\JackM\40xMBPCNP\40xN1N2N3N4lif\HAMI_0606.lif,HAMI_0606,3,Image 4,HAMI_0606_S4_Image_4,66,12290,6605,3,26,6178,465,25,110,22,8.042857142857143,1.7386828160484482,2.0522687188648696,1071.284271247462,522.0,11484,1.3461538461538463,0.5089210450094476,12.82842712474619,25.207106781186546,26,35,1.819682745224992,1.8338779142671684,957.2842712474619,522.0,6178,11242,3.324731182795699,0.7677241996516027,165.82842712474618,216.0,465,1546,90,327.5,7.0,55.0,42.5,135.80769230769232,127.0,1.0693519079345852,254.13726124959533,152.0,1.6719556661157586,128.06881720430107,108.0,1.1858223815213063,1.976313969571231,2.107952724025304,1.7685586530445603,1.4914573588346625,2.1588466074403483,1.9915950097198813,2.171086739780658,1.4331522223735835
C:\Users\JackM\40xMBPCNP\40xN1N2N3N4lif\HAMI_0606.lif,HAMI_0606,3,Image 4,HAMI_0606_S4_Image_4,67,15408,11912,4,0,4311,11262,13,54,6,15.6,1.2203660174613835,1.5200275253526454,829.9350288425444,546.0,14537,,,0.0,0.0,0,0,2.260496404546509,1.4839113319941548,670.727922061358,452.0,4311,9745,1.2731308826141006,1.6050352424998489,876.3492424049175,546.0,11262,14338,92,297.5,13.0,70.0,42.5,129.5749664204164,127.0,1.0202753261450108,322.5659939689167,152.0,2.1221446971639257,137.96093056295507,108.0,1.2774160237310654,1.976313969571231,2.107952724025304,1.7685586530445603,1.4914573588346625,2.1588466074403483,1.9915950097198813,2.171086739780658,1.4331522223735835
C:\Users\JackM\40xMBPCNP\40xN1N2N3N4lif\HAMI_0606.lif,HAMI_0606,4,Image 5,HAMI_0606_S5_Image_5,1,9537,6585,1,2432,6572,671,15,50,10,12.135135135135135,1.2741078208048595,1.4141321836074718,602.420310216783,426.0,8390,1.7606907894736843,1.3517599632978434,410.9350288425444,304.0,2432,4282,1.2504564820450395,1.4495466102805736,597.2132034355964,412.0,6572,8218,3.4113263785394934,0.9236637814751393,248.65685424949237,269.20710678118655,671,2289,87,187.5,7.0,50.0,40.0,149.20106907894737,128.0,1.1656333521792763,491.4488740109556,146.0,3.3660881781572303,125.69448584202682,108.0,1.1638378318706186,1.7550098520227377,2.2004432167787,1.1507921141555895,1.1135914666171802,2.742570895342806,1.4216209814796805,1.9349090957443777,2.1006749050090434
C:\Users\JackM\40xMBPCNP\40xN1N2N3N4lif\HAMI_0606.lif,HAMI_0606,4,Image 5,HAMI_0606_S5_Image_5,2,28897,13166,3,28897,7,13159,40,135,37,8.25242718446602,1.8433085219504786,1.8604148112883883,1302.2903679018718,700.0,24269,1.0156417621206353,1.0246575342465754,748.0,730.0,28897,29349,1.1428571428571428,0.9163162231961565,6.414213562373095,7.0,7,8,1.8157914735162246,1.8512516490564268,1295.8761543394987,700.0,13159,23894,238,540.0,6.0,105.0,137.5,343.7113195141364,128.0,2.6852446837041906,166.85714285714286,146.0,1.1428571428571428,136.7095523975986,108.0,1.2658291888666537,1.7550098520227377,2.2004432167787,1.1507921141555895,1.1135914666171802,2.742570895342806,1.4216209814796805,1.9349090957443777,2.1006749050090434
C:\Users\JackM\40xMBPCNP\40xN1N2N3N4lif\HAMI_0606.lif,HAMI_0606,4,Image 5,HAMI_0606_S5_Image_5,5,11811,4030,2,5087,4030,0,8,18,2,14.6,1.4213399503722084,1.3341502825494398,512.3137084989849,384.0,5728,1.4236288578730096,1.0756272761125967,451.7634559672906,420.0,5087,7242,1.4213399503722084,1.3341502825494398,512.3137084989849,384.0,4030,5728,,,0.0,0.0,0,0,83,220.0,17.0,35.0,37.5,144.06034991153922,128.0,1.1254714836839002,263.9483870967742,146.0,1.8078656650463985,110.89752457226065,108.0,1.0268289312246357,1.7550098520227377,2.2004432167787,1.1507921141555895,1.1135914666171802,2.742570895342806,1.4216209814796805,1.9349090957443777,2.1006749050090434
C:\Users\JackM\40xMBPCNP\40xN1N2N3N4lif\HAMI_0606.lif,HAMI_0606,4,Image 5,HAMI_0606_S5_Image_5,6,22252,10408,2,17327,10267,141,27,93,19,11.623188405797102,1.9328401229823213,1.7024100737737713,1174.6629509039021,690.0,20117,1.233392970508455,1.3485293579193178,957.4558441227157,710.0,17327,21371,1.9257816304665434,1.608755986319337,1110.0416305603426,690.0,10267,19772,1.1702127659574468,0.9730043747769497,64.62132034355965,66.41421356237309,141,165,135,452.5,7.0,35.0,65.0,152.42707912506492,128.0,1.1908365556645697,356.9283140157787,146.0,2.4447144795601283,130.08510638297872,108.0,1.2044917257683214,1.7550098520227377,2.2004432167787,1.1507921141555895,1.1135914666171802,2.742570895342806,1.4216209814796805,1.9349090957443777,2.1006749050090434
C:\Users\JackM\40xMBPCNP\40xN1N2N3N4lif\HAMI_0606.lif,HAMI_0606,4,Image 5,HAMI_0606_S5_Image_5,7,21645,5748,2,3281,4926,1189,27,57,8,10.644444444444444,3.0956854558107167,1.7956962585527325,1246.2132034355964,694.0,17794,4.102103017372753,1.8668189060015827,967.0121933088199,518.0,3281,13459,3.5881039382866424,1.7264807918294862,1198.1776695296635,694.0,4926,17675,1.0698065601345668,1.0200163005377734,165.2426406871193,162.0,1189,1272,207,422.5,7.0,140.0,100.0,138.7071014934471,128.0,1.0836492304175556,215.3024766544864,146.0,1.4746744976334685,136.64507989907486,108.0,1.2652322212877303,1.7550098520227377,2.2004432167787,1.1507921141555895,1.1135914666171802,2.742570895342806,1.4216209814796805,1.9349090957443777,2.1006749050090434
C:\Users\JackM\40xMBPCNP\40xN1N2N3N4lif\HAMI_0606.lif,HAMI_0606,4,Image 5,HAMI_0606_S5_Image_5,8,19542,10867,2,19542,8054,3205,24,87,31,9.76271186440678,1.6488451274500782,1.4164026777539886,940.4913780286485,664.0,17918,1.039351141131921,1.0147058823529411,690.0,680.0,19542,20311,1.7359076235410975,1.0633615033008232,633.7634559672906,596.0,8054,13981,1.4187207488299531,1.2945552462752297,434.97056274847716,336.0,3205,4547,179,327.5,5.0,120.0,99.13793103448276,146.29024664824482,128.0,1.1428925519394126,378.48547305686617,146.0,2.5923662538141516,140.6792511700468,108.0,1.3025856589819147,1.7550098520227377,2.2004432167787,1.1507921141555895,1.1135914666171802,2.742570895342806,1.4216209814796805,1.9349090957443777,2.1006749050090434
C:\Users\JackM\40xMBPCNP\40xN1N2N3N4lif\HAMI_0606.lif,HAMI_0606,4,Image 5,HAMI_0606_S5_Image_5,9,34644,11395,2,21827,11385,10,36,100,24,12.407894736842104,3.078894251864853,2.6760460093795793,2317.4558441227155,866.0,35084,1.3436569386539607,2.6126594533960787,2058.77564927611,788.0,21827,29328,3.081598594642073,2.6681609896050458,2310.6274169979697,866.0,11385,35084,1.2,1.0645774510538508,6.82842712474619,6.414213562373095,10,12,152,817.5,12.0,65.0,72.5,146.41517386722867,128.0,1.143868545837724,245.83785682916118,146.0,1.6838209371860355,120.7,108.0,1.1175925925925927,1.7550098520227377,2.2004432167787,1.1507921141555895,1.1135914666171802,2.742570895342806,1.4216209814796805,1.9349090957443777,2.1006749050090434
C:\Users\JackM\40xMBPCNP\40xN1N2N3N4lif\HAMI_0606.lif,HAMI_0606,4,Image 5,HAMI_0606_S5_Image_5,10,21534,9913,2,21534,5,9911,29,97,14,9.714285714285714,2.3535761121759307,1.6553146936052057,1320.941125496954,798.0,23331,1.1735395189003437,1.0214552453630754,819.2071067811866,802.0,21534,25271,1.2,0.6881924836846169,4.414213562373095,6.414213562373095,5,6,2.354051054384018,1.6528084279410453,1318.941125496954,798.0,9911,23331,227,480.0,9.0,140.0,114.7560975609756,245.00603696479985,128.0,1.9141096637874988,172.4,146.0,1.1808219178082193,138.17969932398344,108.0,1.279441660407254,1.7550098520227377,2.2004432167787,1.1507921141555895,1.1135914666171802,2.742570895342806,1.4216209814796805,1.9349090957443777,2.1006749050090434
C:\Users\JackM\40xMBPCNP\40xN1N2N3N4lif\HAMI_0606.lif,HAMI_0606,4,Image 5,HAMI_0606_S5_Image_5,11,6649,4203,1,6649,0,4203,13,80,20,6.230769230769231,1.491077801570307,1.4221258709909796,566.0060966544099,398.0,6267,1.0589562340201535,1.0073170731707317,413.0,410.0,6649,7041,,,0.0,0.0,0,0,1.491077801570307,1.4221258709909796,566.0060966544099,398.0,4203,6267,77,187.5,8.0,35.0,35.0,275.7399608963754,128.0,2.154218444502933,157.90630169950367,146.0,1.0815500116404362,139.09945277182965,108.0,1.2879578960354596,1.7550098520227377,2.2004432167787,1.1507921141555895,1.1135914666171802,2.742570895342806,1.4216209814796805,1.9349090957443777,2.1006749050090434
C:\Users\JackM\40xMBPCNP\40xN1N2N3N4lif\HAMI_0606.lif,HAMI_0606,4,Image 5,HAMI_0606_S5_Image_5,12,68991,37350,8,68991,4323,35198,98,272,54,9.84688995215311,1.8363052208835342,2.1447551994056075,2762.4446968344228,1288.0,68586,1.1076227334000086,1.00910978117999,1352.2071067811867,1340.0,68991,76416,10.602128151746472,1.1488578724726035,1222.3847763108502,1064.0,4323,45833,1.6602647877720325,2.0246915771132143,2332.4446968344228,1152.0,35198,58438,196,1092.5,24.0,100.0,95.0,378.09198301227696,128.0,2.9538436172834137,215.55470737913487,146.0,1.4764021053365401,150.82839934087164,108.0,1.396559253156219,1.7550098520227377,2.2004432167787,1.1507921141555895,1.1135914666171802,2.742570895342806,1.4216209814796805,1.9349090957443777,2.1006749050090434
C:\Users\JackM\40xMBPCNP\40xN1N2N3N4lif\HAMI_0606.lif,HAMI_0606,4,Image 5,HAMI_0606_S5_Image_5,13,11759,6474,2,8060,6474,0,15,41,13,9.758620689655173,1.3509422304603027,1.3930950931200852,624.1066017177982,448.0,8746,1.1867245657568237,1.5593552108705744,754.727922061358,484.0,8060,9565,1.3509422304603027,1.3930950931200852,624.1066017177982,448.0,6474,8746,,,0.0,0.0,0,0,89,212.5,11.0,45.0,42.5,145.03101736972704,128.0,1.1330548232009925,316.70868087735556,146.0,2.16923754025586,111.13233049923697,108.0,1.0290030601781202,1.7550098520227377,2.2004432167787,1.1507921141555895,1.1135914666171802,2.742570895342806,1.4216209814796805,1.9349090957443777,2.1006749050090434
C:\Users\JackM\40xMBPCNP\40xN1N2N3N4lif\HAMI_0606.lif,HAMI_0606,4,Image 5,HAMI_0606_S5_Image_5,15,4389,3193,1,3962,3193,0,6,6,1,16.833333333333332,1.1089884121515816,1.080846026387949,291.8284271247462,270.0,3541,1.0678950025239777,1.1084199327116677,333.8639610306789,301.20710678118655,3962,4231,1.1089884121515816,1.080846026387949,291.8284271247462,270.0,3193,3541,,,0.0,0.0,0,0,52,122.5,13.0,30.0,22.5,141.54038364462392,128.0,1.1057842472236243,342.7707485123708,146.0,2.3477448528244573,111.9690243902439,108.0,1.0367502258355916,1.7550098520227377,2.2004432167787,1.1507921141555895,1.1135914666171802,2.742570895342806,1.4216209814796805,1.9349090957443777,2.1006749050090434
C:\Users\JackM\40xMBPCNP\40xN1N2N3N4lif\HAMI_0606.lif,HAMI_0606,4,Image 5,HAMI_0606_S5_Image_5,16,123752,71493,8,123752,6292,70269,141,413,116,11.612307692307692,1.9427356524414978,3.5272581070731484,6292.628463018496,1784.0,138892,1.1319170599263042,1.0562229639207017,1886.414213562373,1786.0,123752,140077,13.226160203432931,0.83409711418335,1197.7634559672906,1436.0,6292,83219,1.9765757304074343,3.573610342586279,6375.320851173921,1784.0,70269,138892,465,2237.5,16.0,165.0,230.0,319.3532548968906,128.0,2.4949473038819576,252.17005721551175,146.0,1.7271921727089845,147.30867096443666,108.0,1.3639691755966357,1.7550098520227377,2.2004432167787,1.1507921141555895,1.1135914666171802,2.742570895342806,1.4216209814796805,1.9349090957443777,2.1006749050090434
C:\Users\JackM\40xMBPCNP\40xN1N2N3N4lif\HAMI_0606.lif,HAMI_0606,4,Image 5,HAMI_0606_S5_Image_5,17,42987,28233,2,42676,1040,28185,42,187,63,11.551020408163266,1.6997839407785216,2.6746183370158945,2819.0477272147527,1054.0,47990,1.1300262442590683,1.3012531454271077,1371.5208152801715,1054.0,42676,48225,10.458653846153846,0.4890342922396731,319.8284271247462,654.0,1040,10877,1.7026787298208266,2.691336857265951,2836.6690475583123,1054.0,28185,47990,165,837.5,13.0,125.0,80.0,166.55656575124192,128.0,1.3012231699315775,194.22884615384615,146.0,1.3303345626975764,144.3282242327479,108.0,1.3363724465995177,1.7550098520227377,2.2004432167787,1.1507921141555895,1.1135914666171802,2.742570895342806,1.4216209814796805,1.9349090957443777,2.1006749050090434
C:\Users\JackM\40xMBPCNP\40xN1N2N3N4lif\HAMI_0606.lif,HAMI_0606,4,Image 5,HAMI_0606_S5_Image_5,18,11998,6541,1,11892,6541,0,19,62,14,9.372093023255815,1.5921112979666718,1.321357333715299,679.1776695296637,514.0,10414,1.0282542885973764,1.0950924181769965,573.8284271247462,524.0,11892,12228,1.5921112979666718,1.321357333715299,679.1776695296637,514.0,6541,10414,,,0.0,0.0,0,0,100,262.5,9.0,40.0,47.5,142.18659603094517,128.0,1.1108327814917591,325.3750191102278,146.0,2.22859602130293,111.16649848637739,108.0,1.0293194304294202,1.7550098520227377,2.2004432167787,1.1507921141555895,1.1135914666171802,2.742570895342806,1.4216209814796805,1.9349090957443777,2.1006749050090434
C:\Users\JackM\40xMBPCNP\40xN1N2N3N4lif\HAMI_0606.lif,HAMI_0606,4,Image 5,HAMI_0606_S5_Image_5,19,15036,6424,2,15036,4314,2270,26,52,7,11.024390243902438,2.0518368617683684,2.0667064864811486,1194.556349186104,578.0,13181,1.034849694067571,0.9986469398996357,585.2071067811866,586.0,15036,15560,2.5818266110338435,1.4936278668135006,815.5208152801713,546.0,4314,11138,3.4290748898678416,1.19470663844213,530.4497474683058,444.0,2270,7784,163,397.5,6.0,90.0,77.67857142857143,168.64917531258314,128.0,1.3175716821295558,237.0702364394993,146.0,1.6237687427362966,131.32202643171806,108.0,1.2159446891825747,1.7550098520227377,2.2004432167787,1.1507921141555895,1.1135914666171802,2.742570895342806,1.4216209814796805,1.9349090957443777,2.1006749050090434
C:\Users\JackM\40xMBPCNP\40xN1N2N3N4lif\HAMI_0606.lif,HAMI_0606,4,Image 5,HAMI_0606_S5_Image_5,20,34731,22221,3,34731,21991,2051,65,190,41,9.869565217391305,1.5447549615228837,2.328395758750521,1927.9116882454314,828.0,34326,1.0460971466413291,1.0223859053393782,877.2071067811866,858.0,34731,36332,1.560911281888045,2.3677934886340473,1960.5330085889912,828.0,21991,34326,1.7459775719161386,1.7441262109261693,488.3553390593274,280.0,2051,3581,141,797.5,21.0,85.0,67.5,157.47721056117012,128.0,1.2302907075091416,354.917238870447,146.0,2.430939992263336,176.38566552901023,108.0,1.6332006067500946,1.7550098520227377,2.2004432167787,1.1507921141555895,1.1135914666171802,2.742570895342806,1.4216209814796805,1.9349090957443777,2.1006749050090434
C:\Users\JackM\40xMBPCNP\40xN1N2N3N4lif\HAMI_0606.lif,HAMI_0606,4,Image 5,HAMI_0606_S5_Image_5,21,40544,19704,2,40544,742,19689,63,202,70,8.833333333333334,1.8085160373528217,2.366315950324402,2143.882250993908,906.0,35635,1.0733770718232045,1.0343061740886788,1007.4142135623731,974.0,40544,43519,8.727762803234501,0.42258247611697536,216.44974746830582,512.2071067811866,742,6476,1.8093351617654527,2.3594648390868898,2137.675144212722,906.0,19689,35624,263,825.0,7.0,90.0,132.3,293.6595550513023,128.0,2.294215273838299,243.76280323450135,146.0,1.669608241332201,139.9230026918584,108.0,1.2955833582579481,1.7550098520227377,2.2004432167787,1.1507921141555895,1.1135914666171802,2.742570895342806,1.4216209814796805,1.9349090957443777,2.1006749050090434
C:\Users\JackM\40xMBPCNP\40xN1N2N3N4lif\HAMI_0606.lif,HAMI_0606,4,Image 5,HAMI_0606_S5_Image_5,22,16550,7000,2,16550,5288,1768,23,77,13,10.306122448979592,2.0564285714285715,2.01990264659369,1183.6629509039021,586.0,14395,1.040664652567976,0.9987493797810514,633.2071067811866,634.0,16550,17223,1.8818078668683813,1.8295200626311245,852.5563491861041,466.0,5288,9951,3.5707013574660635,0.9147368970565266,404.31370849898474,442.0,1768,6313,98,352.5,10.0,60.0,47.5,193.3325679758308,128.0,1.5104106873111782,258.5085098335855,146.0,1.770606231736887,132.20079185520362,108.0,1.2240814060667002,1.7550098520227377,2.2004432167787,1.1507921141555895,1.1135914666171802,2.742570895342806,1.4216209814796805,1.9349090957443777,2.1006749050090434
C:\Users\JackM\40xMBPCNP\40xN1N2N3N4lif\HAMI_0606.lif,HAMI_0606,4,Image 5,HAMI_0606_S5_Image_5,23,66911,45295,7,66911,6098,43221,87,387,106,9.015037593984962,1.5131913014681533,2.658180419013213,3317.4091629284894,1248.0,68540,1.0687181479876253,1.023873009075646,1304.414213562373,1274.0,66911,71509,9.120531321744835,1.193303343000262,1438.1776695296637,1205.2071067811867,6098,55617,1.5753221813470304,2.673907515966714,3337.036579926459,1248.0,43221,68087,345,1197.5,10.0,185.0,170.0,296.6237389965775,128.0,2.317372960910762,228.22138406034765,146.0,1.5631601647969018,140.66345063742162,108.0,1.302439357753904,1.7550098520227377,2.2004432167787,1.1507921141555895,1.1135914666171802,2.742570895342806,1.4216209814796805,1.9349090957443777,2.1006749050090434
C:\Users\JackM\40xMBPCNP\40xN1N2N3N4lif\HAMI_0606.lif,HAMI_0606,4,Image 5,HAMI_0606_S5_Image_5,24,16043,9839,2,16043,6777,7937,17,51,13,11.552631578947368,1.3834739302774672,1.4966745794336929,820.1776695296637,548.0,13612,1.0162064451785826,0.9972073314348701,640.2071067811866,642.0,16043,16303,1.2887708425557032,1.300327090347498,621.5563491861041,478.0,6777,8734,1.639284364369409,1.8589455360078218,1000.1126983722081,538.0,7937,13011,105,257.5,8.0,75.0,50.0,265.1030979243284,128.0,2.0711179525338155,317.59539619300574,146.0,2.1753109328288063,140.59140733274538,108.0,1.3017722901180127,1.7550098520227377,2.2004432167787,1.1507921141555895,1.1135914666171802,2.742570895342806,1.4216209814796805,1.9349090957443777,2.1006749050090434
C:\Users\JackM\40xMBPCNP\40xN1N2N3N4lif\HAMI_0606.lif,HAMI_0606,4,Image 5,HAMI_0606_S5_Image_5,25,4985,2351,1,4985,2201,330,12,26,13,8.894736842105264,1.4657592513823905,1.388460894372564,407.1066017177982,293.20710678118655,3446,1.0212637913741223,0.9949353298903575,352.20710678118655,354.0,4985,5091,1.2735120399818265,1.4132471023154782,350.4852813742386,248.0,2201,2803,3.7454545454545456,0.6697544181965326,130.07106781186548,194.20710678118655,330,1236,56,137.5,11.0,35.0,25.0,182.78696088264795,128.0,1.428023131895687,223.67696501590186,146.0,1.5320340069582319,128.63030303030303,108.0,1.1910213243546577,1.7550098520227377,2.2004432167787,1.1507921141555895,1.1135914666171802,2.742570895342806,1.4216209814796805,1.9349090957443777,2.1006749050090434
C:\Users\JackM\40xMBPCNP\40xN1N2N3N4lif\HAMI_0606.lif,HAMI_0606,4,Image 5,HAMI_0606_S5_Image_5,26,3671,2800,2,2886,2800,0,4,16,1,14.363636363636363,1.2460714285714285,1.380901466533238,389.4142135623731,282.0,3489,1.091129591129591,1.2697560279702083,314.89949493661163,248.0,2886,3149,1.2460714285714285,1.380901466533238,389.4142135623731,282.0,2800,3489,,,0.0,0.0,0,0,56,117.5,7.0,30.0,25.0,138.2955647955648,128.0,1.08043409996535,268.19142857142856,146.0,1.8369275929549902,110.39425113464448,108.0,1.0221689919874488,1.7550098520227377,2.2004432167787,1.1507921141555895,1.1135914666171802,2.742570895342806,1.4216209814796805,1.9349090957443777,2.1006749050090434
C:\Users\JackM\40xMBPCNP\40xN1N2N3N4lif\HAMI_0606.lif,HAMI_0606,4,Image 5,HAMI_0606_S5_Image_5,27,31587,17972,3,31587,15918,2640,44,146,45,10.58974358974359,1.8253950589806365,2.527906162396281,2234.6690475583123,884.0,32806,1.0684775382277518,1.0079373422700293,915.2071067811866,908.0,31587,33750,2.0109310214851113,1.946337608416871,1720.562445840514,884.0,15918,32010,7.035984848484849,1.080795267245534,791.142135623731,732.0,2640,18575,279,720.0,7.0,75.0,140.0,162.58169500110805,128.0,1.2701694921961566,345.4073376052268,146.0,2.3658036822275808,129.13181818181818,108.0,1.195664983164983,1.7550098520227377,2.2004432167787,1.1507921141555895,1.1135914666171802,2.742570895342806,1.4216209814796805,1.9349090957443777,2.1006749050090434
C:\Users\JackM\40xMBPCNP\40xN1N2N3N4lif\HAMI_0606.lif,HAMI_0606,4,Image 5,HAMI_0606_S5_Image_5,28,26610,12172,2,16947,12172,1,19,73,13,13.326530612244898,2.162504107788367,1.6930895826256427,1550.8700576850888,916.0,26322,1.586003422434649,1.5057230467287444,1328.0477272147525,882.0,16947,26878,2.162504107788367,1.6930895826256427,1550.8700576850888,916.0,12172,26322,1.0,,0.0,0.0,1,1,166,532.5,6.0,45.0,80.0,140.72874255030388,128.0,1.099443301174249,343.016924088071,146.0,2.3494309869045957,130.0,108.0,1.2037037037037037,1.7550098520227377,2.2004432167787,1.1507921141555895,1.1135914666171802,2.742570895342806,1.4216209814796805,1.9349090957443777,2.1006749050090434
C:\Users\JackM\40xMBPCNP\40xN1N2N3N4lif\HAMI_0606.lif,HAMI_0606,4,Image 5,HAMI_0606_S5_Image_5,29,30985,18996,4,30985,3403,18275,62,135,30,9.280373831775702,1.7182038323857654,2.0447671777829424,1900.0121933088199,929.2071067811866,32639,1.183669517508472,0.9994156243699447,1001.8284271247462,1002.4142135623731,30985,36676,7.181898325007347,0.8841866364390145,719.7279220613578,814.0,3403,24440,1.7721477428180574,1.959699956919723,1817.0477272147523,927.2071067811866,18275,32386,246,812.5,12.0,125.0,120.0,227.207261578183,128.0,1.7750567310795546,280.03996473699675,146.0,1.9180819502534023,144.75398084815322,108.0,1.3403146374829003,1.7550098520227377,2.2004432167787,1.1507921141555895,1.1135914666171802,2.742570895342806,1.4216209814796805,1.9349090957443777,2.1006749050090434
C:\Users\JackM\40xMBPCNP\40xN1N2N3N4lif\HAMI_0606.lif,HAMI_0606,4,Image 5,HAMI_0606_S5_Image_5,30,31940,19180,3,31846,18507,697,55,204,55,8.980132450331126,1.6896246089676747,2.5160502387674955,2073.2253967444162,824.0,32407,1.0499277774288764,1.2390002585500886,1023.4142135623731,826.0,31846,33436,1.6499162479061977,2.245815295725517,1841.5685424949238,820.0,18507,30535,24.538020086083215,0.40947291210251585,271.0710678118655,662.0,697,17103,202,707.5,11.0,165.0,97.5,152.09787728443132,128.0,1.1882646662846197,350.2615226670989,146.0,2.399051525117116,128.42467718794836,108.0,1.1891173813698923,1.7550098520227377,2.2004432167787,1.1507921141555895,1.1135914666171802,2.742570895342806,1.4216209814796805,1.9349090957443777,2.1006749050090434
C:\Users\JackM\40xMBPCNP\40xN1N2N3N4lif\HAMI_0606.lif,HAMI_0606,4,Image 5,HAMI_0606_S5_Image_5,31,34453,29644,3,34453,11010,27651,15,104,31,17.2972972972973,1.206854675482391,1.8795986523807933,1853.2842712474621,986.0,35776,1.0536092647955186,1.0070993914807302,993.0,986.0,34453,36300,2.6652134423251588,1.118478426800411,1078.2132034355964,964.0,11010,29344,1.2804961845864526,2.1647957176573422,2112.840620433566,976.0,27651,35407,165,537.5,13.0,100.0,80.0,167.96702754477113,128.0,1.3122424026935244,413.46239782016346,146.0,2.831934231644955,143.20982966258,108.0,1.3260169413201852,1.7550098520227377,2.2004432167787,1.1507921141555895,1.1135914666171802,2.742570895342806,1.4216209814796805,1.9349090957443777,2.1006749050090434
C:\Users\JackM\40xMBPCNP\40xN1N2N3N4lif\HAMI_0606.lif,HAMI_0606,4,Image 5,HAMI_0606_S5_Image_5,32,5433,2949,1,5433,2826,123,18,36,5,8.344827586206897,1.754153950491692,1.3731747566462362,516.3137084989849,376.0,5173,1.0769372354132156,1.0,392.0,392.0,5433,5851,1.5782024062278839,1.2576488299870032,442.69238815542514,352.0,2826,4460,14.731707317073171,0.2504126542297947,73.62132034355965,294.0,123,1812,67,207.5,6.0,20.0,30.0,153.82532670715995,128.0,1.201760364899687,273.33722576079265,146.0,1.8721727791835112,128.95934959349594,108.0,1.1940680517916291,1.7550098520227377,2.2004432167787,1.1507921141555895,1.1135914666171802,2.742570895342806,1.4216209814796805,1.9349090957443777,2.1006749050090434
C:\Users\JackM\40xMBPCNP\40xN1N2N3N4lif\HAMI_0606.lif,HAMI_0606,4,Image 5,HAMI_0606_S5_Image_5,33,21431,8112,3,21431,4358,5680,43,76,28,11.171875,2.5754437869822486,2.353341930965427,1633.2193000900063,694.0,20892,1.070458681349447,1.0072849324407325,748.6213203435597,743.2071067811866,21431,22941,3.309545663148233,1.2212965169133911,798.7279220613578,654.0,4358,14423,2.993838028169014,2.0933221037957415,1373.2193000900063,656.0,5680,17005,190,562.5,6.0,75.0,92.5,229.5813541132005,128.0,1.7936043290093788,292.2055988985773,146.0,2.001408211634091,130.68890845070422,108.0,1.2100824856546686,1.7550098520227377,2.2004432167787,1.1507921141555895,1.1135914666171802,2.742570895342806,1.4216209814796805,1.9349090957443777,2.1006749050090434
C:\Users\JackM\40xMBPCNP\40xN1N2N3N4lif\HAMI_0606.lif,HAMI_0606,4,Image 5,HAMI_0606_S5_Image_5,34,59430,39225,4,59430,8358,38240,74,224,52,12.137142857142857,1.5610197578075207,2.711516669131611,3248.39696961967,1198.0,61231,1.0520444220090863,1.0118590206854647,1212.2071067811867,1198.0,59430,62523,4.91816223977028,1.4154215343970469,1503.1776695296637,1062.0,8358,41106,1.5967834728033472,2.642437070372946,3165.639610306789,1198.0,38240,61061,176,1112.5,26.0,115.0,85.0,238.3986875315497,128.0,1.8624897463402321,243.46673845417564,146.0,1.6675804003710661,141.77897489539748,108.0,1.3127682860684953,1.7550098520227377,2.2004432167787,1.1507921141555895,1.1135914666171802,2.742570895342806,1.4216209814796805,1.9349090957443777,2.1006749050090434
C:\Users\JackM\40xMBPCNP\40xN1N2N3N4lif\HAMI_0606.lif,HAMI_0606,4,Image 5,HAMI_0606_S5_Image_5,35,43454,32614,4,43454,32604,2335,37,148,32,14.009174311926605,1.3096829582387932,1.5205042235717934,1580.118795026618,1039.2071067811867,42714,1.043632346849542,1.011711522228654,1072.414213562373,1060.0,43454,45350,1.3100846521899154,1.517617407286162,1577.118795026618,1039.2071067811867,32604,42714,5.706638115631692,1.0543664579995715,662.142135623731,628.0,2335,13325,337,645.0,9.0,205.0,167.5,154.28685506512633,128.0,1.2053660551962995,461.8710587657956,146.0,3.1635004025054494,130.75460385438973,108.0,1.2106907764295345,1.7550098520227377,2.2004432167787,1.1507921141555895,1.1135914666171802,2.742570895342806,1.4216209814796805,1.9349090957443777,2.1006749050090434
C:\Users\JackM\40xMBPCNP\40xN1N2N3N4lif\HAMI_0606.lif,HAMI_0606,4,Image 5,HAMI_0606_S5_Image_5,36,47629,27717,5,47629,3663,25389,72,235,54,9.335227272727273,1.670058087094563,2.472113155514674,2437.503571337468,986.0,46289,1.0848432677570388,1.0114946421873825,1092.414213562373,1080.0,47629,51670,11.213759213759214,1.0381717108500463,953.0416305603426,918.0,3663,41076,1.5904525581944937,2.097179455151973,1967.1543289325507,938.0,25389,40380,173,917.5,19.0,105.0,85.0,321.94692309307356,128.0,2.5152103366646372,243.05623805623804,146.0,1.6647687538098497,144.66556382685414,108.0,1.3394959613597606,1.7550098520227377,2.2004432167787,1.1507921141555895,1.1135914666171802,2.742570895342806,1.4216209814796805,1.9349090957443777,2.1006749050090434
C:\Users\JackM\40xMBPCNP\40xN1N2N3N4lif\HAMI_0606.lif,HAMI_0606,4,Image 5,HAMI_0606_S5_Image_5,37,24004,15155,2,23918,14687,1274,38,112,28,10.12087912087912,1.6607060376113494,2.0788507117085078,1633.976659402887,786.0,25168,1.0692783677565014,1.1172076100059927,884.8284271247462,792.0,23918,25575,1.6560223326751549,1.8663373097925628,1466.9411254969543,786.0,14687,24322,17.918367346938776,0.8089126730937957,600.2132034355964,742.0,1274,22828,151,527.5,11.0,45.0,72.5,161.4326448699724,128.0,1.2611925380466593,373.7461700823858,146.0,2.559905274536889,127.0934065934066,108.0,1.1767908017908018,1.7550098520227377,2.2004432167787,1.1507921141555895,1.1135914666171802,2.742570895342806,1.4216209814796805,1.9349090957443777,2.1006749050090434
C:\Users\JackM\40xMBPCNP\40xN1N2N3N4lif\HAMI_0606.lif,HAMI_0606,4,Image 5,HAMI_0606_S5_Image_5,38,11530,9618,1,7750,9613,5,16,57,12,13.095238095238095,1.131420253690996,1.3578641512980367,711.5208152801713,524.0,10882,1.2811612903225806,1.2717802673521172,643.5208152801713,506.0,7750,9929,1.1320087381670654,1.3578641512980367,711.5208152801713,524.0,9613,10882,4.6,0.0,0.0,18.207106781186546,5,23,109,242.5,6.0,55.0,52.5,147.01290322580644,128.0,1.1485383064516128,365.2458129616145,146.0,2.501683650422017,134.4,108.0,1.2444444444444445,1.7550098520227377,2.2004432167787,1.1507921141555895,1.1135914666171802,2.742570895342806,1.4216209814796805,1.9349090957443777,2.1006749050090434
C:\Users\JackM\40xMBPCNP\40xN1N2N3N4lif\HAMI_0606.lif,HAMI_0606,4,Image 5,HAMI_0606_S5_Image_5,39,52571,33729,2,52552,2145,33431,63,268,63,10.622340425531915,1.6042278158261436,3.0131372928781417,3326.503571337468,1104.0,54109,1.0486185111889177,1.0339542602378695,1145.6213203435595,1108.0,52552,55107,12.888111888111888,0.778351118609418,734.7634559672906,944.0,2145,27645,1.6185277137985703,2.9812467976053276,3291.2964645562815,1104.0,33431,54109,320,1042.5,9.0,185.0,159.91803278688525,258.34662810168976,128.0,2.0183330320444512,186.31748251748252,146.0,1.276147140530702,144.06278603691186,108.0,1.3339146855269617,1.7550098520227377,2.2004432167787,1.1507921141555895,1.1135914666171802,2.742570895342806,1.4216209814796805,1.9349090957443777,2.1006749050090434
C:\Users\JackM\40xMBPCNP\40xN1N2N3N4lif\HAMI_0606.lif,HAMI_0606,4,Image 5,HAMI_0606_S5_Image_5,40,70406,46994,4,70406,2763,46621,87,351,90,10.59288537549407,1.7549899987232414,3.1428533849450275,4223.994949366117,1344.0,82474,1.2038320597676335,1.077662721893491,1457.0,1352.0,70406,84757,18.925443358668115,0.7647752333287804,891.727922061358,1166.0,2763,52291,1.7561828360610026,3.0905579388948956,4135.16652224137,1338.0,46621,81875,361,1302.5,10.0,100.0,177.5,285.7604607561856,128.0,2.2325035996577,190.70394498733262,146.0,1.3061914040228262,144.38643529739818,108.0,1.336911437938872,1.7550098520227377,2.2004432167787,1.1507921141555895,1.1135914666171802,2.742570895342806,1.4216209814796805,1.9349090957443777,2.1006749050090434
C:\Users\JackM\40xMBPCNP\40xN1N2N3N4lif\HAMI_0606.lif,HAMI_0606,4,Image 5,HAMI_0606_S5_Image_5,41,24278,13621,1,24278,120,13621,33,161,43,9.944954128440367,1.7475956244034947,2.447954044353585,1762.5269119345812,720.0,23804,1.0820495922234121,1.0233158628471362,755.2071067811866,738.0,24278,26270,1.025,1.0,44.0,44.0,120,123,1.7475956244034947,2.447954044353585,1762.5269119345812,720.0,13621,23804,131,487.5,9.0,85.0,62.5,204.70726583738363,128.0,1.5992755143545596,169.68333333333334,146.0,1.1622146118721461,134.81572571764187,108.0,1.2482937566448322,1.7550098520227377,2.2004432167787,1.1507921141555895,1.1135914666171802,2.742570895342806,1.4216209814796805,1.9349090957443777,2.1006749050090434
C:\Users\JackM\40xMBPCNP\40xN1N2N3N4lif\HAMI_0606.lif,HAMI_0606,4,Image 5,HAMI_0606_S5_Image_5,42,9973,3434,1,9972,3400,35,18,39,9,7.3125,2.449039021549214,1.5507502974204626,707.142135623731,456.0,8410,1.0224628961091056,1.0170212765957447,478.0,470.0,9972,10196,2.3929411764705883,1.497586611703096,682.8994949366117,456.0,3400,8136,1.6571428571428573,0.6600591240220748,24.035533905932738,36.41421356237309,35,58,106,267.5,8.0,40.0,50.0,141.30124348174888,128.0,1.1039159647011632,209.04147058823528,146.0,1.4317908944399678,128.42857142857142,108.0,1.189153439153439,1.7550098520227377,2.2004432167787,1.1507921141555895,1.1135914666171802,2.742570895342806,1.4216209814796805,1.9349090957443777,2.1006749050090434
C:\Users\JackM\40xMBPCNP\40xN1N2N3N4lif\HAMI_0606.lif,HAMI_0606,4,Image 5,HAMI_0606_S5_Image_5,43,18156,10708,1,18156,121,10656,35,123,24,9.132530120481928,1.76951811729548,2.280096742759619,1545.9055915910217,678.0,18948,1.068131747080855,1.0,686.0,686.0,18156,19393,7.545454545454546,0.21708185053380782,61.0,281.0,121,913,1.7781531531531531,2.2839629969536595,1548.5269119345812,678.0,10656,18948,136,487.5,13.0,70.0,65.0,199.1376404494382,128.0,1.555762816011236,167.17355371900825,146.0,1.1450243405411524,136.69209834834834,108.0,1.2656675772995216,1.7550098520227377,2.2004432167787,1.1507921141555895,1.1135914666171802,2.742570895342806,1.4216209814796805,1.9349090957443777,2.1006749050090434
C:\Users\JackM\40xMBPCNP\40xN1N2N3N4lif\HAMI_0606.lif,HAMI_0606,4,Image 5,HAMI_0606_S5_Image_5,44,18073,2474,0,18073,2034,440,19,23,9,10.04,6.711802748585287,1.2028664434049312,769.834523779156,640.0,16605,1.02561832567919,1.0036690175719956,660.4142135623731,658.0,18073,18536,3.7910521140609634,0.9600646071016959,528.0355339059328,550.0,2034,7711,8.345454545454546,0.6988410111942871,241.79898987322332,346.0,440,3672,120,337.5,9.0,95.0,57.5,277.9390250650141,128.0,2.1713986333204227,184.0054080629302,146.0,1.260311014129659,123.525,108.0,1.14375,1.7550098520227377,2.2004432167787,1.1507921141555895,1.1135914666171802,2.742570895342806,1.4216209814796805,1.9349090957443777,2.1006749050090434
C:\Users\JackM\40xMBPCNP\40xN1N2N3N4lif\HAMI_0606.lif,HAMI_0606,4,Image 5,HAMI_0606_S5_Image_5,45,70698,33911,2,69531,2670,32659,102,352,111,9.161654135338345,2.2344372032673765,3.649725879638701,4737.344191771034,1298.0,75772,1.1167392961412894,1.3419372294138334,1741.834523779156,1298.0,69531,77648,13.038576779026217,0.7144881149840149,704.4852813742386,986.0,2670,34813,2.233136348326648,3.5675334003885424,4552.17261889578,1276.0,32659,72932,192,1537.5,20.0,145.0,92.5,196.1551538162834,128.0,1.532462139189714,186.31348314606743,146.0,1.2761197475758044,135.39137756820477,108.0,1.2536238663722665,1.7550098520227377,2.2004432167787,1.1507921141555895,1.1135914666171802,2.742570895342806,1.4216209814796805,1.9349090957443777,2.1006749050090434
C:\Users\JackM\40xMBPCNP\40xN1N2N3N4lif\HAMI_0606.lif,HAMI_0606,4,Image 5,HAMI_0606_S5_Image_5,46,3899,2670,1,27,2670,0,9,17,8,10.352941176470589,1.3059925093632958,1.285336386992721,365.03553390593277,284.0,3487,8.296296296296296,0.1857776607527896,20.621320343559645,111.0,27,224,1.3059925093632958,1.285336386992721,365.03553390593277,284.0,2670,3487,,,0.0,0.0,0,0,56,102.5,4.0,30.0,25.0,141.92592592592592,128.0,1.1087962962962963,246.6943820224719,146.0,1.6896875480991227,108.72961854899027,108.0,1.0067557273054655,1.7550098520227377,2.2004432167787,1.1507921141555895,1.1135914666171802,2.742570895342806,1.4216209814796805,1.9349090957443777,2.1006749050090434
C:\Users\JackM\40xMBPCNP\40xN1N2N3N4lif\HAMI_0606.lif,HAMI_0606,4,Image 5,HAMI_0606_S5_Image_5,47,17054,11525,2,16422,3408,10597,20,116,34,8.528735632183908,1.5316268980477223,2.090843080050293,1388.3198051533946,664.0,17652,1.1169163317500914,1.1358504450115017,770.1066017177982,678.0,16422,18342,3.069542253521127,1.3222829187835956,695.5208152801713,526.0,3408,10461,1.665754458809097,2.5998348914184817,1726.2903679018718,664.0,10597,17652,124,337.5,7.0,55.0,60.0,163.87577639751552,128.0,1.28027950310559,221.92224178403757,146.0,1.520015354685189,133.6497121826932,108.0,1.2374973350249372,1.7550098520227377,2.2004432167787,1.1507921141555895,1.1135914666171802,2.742570895342806,1.4216209814796805,1.9349090957443777,2.1006749050090434
C:\Users\JackM\40xMBPCNP\40xN1N2N3N4lif\HAMI_0606.lif,HAMI_0606,4,Image 5,HAMI_0606_S5_Image_5,48,27691,22272,4,6722,21200,6571,38,95,24,13.547945205479452,1.3074263649425288,1.6759401046302433,1347.4558441227157,804.0,29119,2.6068134483784586,1.8893612066616254,1182.7401153701776,626.0,6722,17523,1.3593396226415095,1.618631989488777,1294.9055915910217,800.0,21200,28818,3.116877187642672,1.4766044034110817,1024.7634559672906,694.0,6571,20481,134,457.5,14.0,80.0,65.0,142.76822374293366,128.0,1.1153767479916692,636.5239622641509,146.0,4.359753166192815,132.26738700350023,108.0,1.2246980278101873,1.7550098520227377,2.2004432167787,1.1507921141555895,1.1135914666171802,2.742570895342806,1.4216209814796805,1.9349090957443777,2.1006749050090434
C:\Users\JackM\40xMBPCNP\40xN1N2N3N4lif\HAMI_0606.lif,HAMI_0606,4,Image 5,HAMI_0606_S5_Image_5,49,8274,2826,2,2972,2826,0,18,23,6,12.409090909090908,2.4639065817409764,1.9111549547470252,772.1066017177982,404.0,6963,2.100942126514132,1.5829024056748855,607.834523779156,384.0,2972,6244,2.4639065817409764,1.9111549547470252,772.1066017177982,404.0,2826,6963,,,0.0,0.0,0,0,92,227.5,9.0,25.0,42.5,138.44885598923284,128.0,1.0816316874158816,198.96319886765747,146.0,1.3627616360798456,117.44199166053471,108.0,1.0874258487086548,1.7550098520227377,2.2004432167787,1.1507921141555895,1.1135914666171802,2.742570895342806,1.4216209814796805,1.9349090957443777,2.1006749050090434
C:\Users\JackM\40xMBPCNP\40xN1N2N3N4lif\HAMI_0606.lif,HAMI_0606,4,Image 5,HAMI_0606_S5_Image_5,50,35770,19903,7,504,19903,0,48,202,38,9.014285714285714,2.0796362357433553,2.684357392352408,2421.290367901872,902.0,41391,33.48412698412698,0.188759464265596,164.07106781186548,869.2071067811866,504,16876,2.0796362357433553,2.684357392352408,2421.290367901872,902.0,19903,41391,,,0.0,0.0,0,0,163,857.5,14.0,125.0,80.0,135.65674603174602,128.0,1.0598183283730158,333.7478269607597,146.0,2.2859440202791763,109.98986605127176,108.0,1.0184246856599237,1.7550098520227377,2.2004432167787,1.1507921141555895,1.1135914666171802,2.742570895342806,1.4216209814796805,1.9349090957443777,2.1006749050090434
C:\Users\JackM\40xMBPCNP\40xN1N2N3N4lif\HAMI_0606.lif,HAMI_0606,4,Image 5,HAMI_0606_S5_Image_5,51,11278,6000,1,567,6000,0,15,69,22,8.847826086956522,1.6653333333333333,1.615024718491027,981.9350288425444,608.0,9992,3.3527336860670194,0.49491735116145225,154.4142135623731,312.0,567,1901,1.6653333333333333,1.615024718491027,981.9350288425444,608.0,6000,9992,,,0.0,0.0,0,0,127,282.5,5.0,40.0,60.0,129.16754850088182,128.0,1.0091214726631392,260.9338333333333,146.0,1.7872180365296804,107.33787510137876,108.0,0.9938692139016552,1.7550098520227377,2.2004432167787,1.1507921141555895,1.1135914666171802,2.742570895342806,1.4216209814796805,1.9349090957443777,2.1006749050090434
C:\Users\JackM\40xMBPCNP\40xN1N2N3N4lif\HAMI_0606.lif,HAMI_0606,4,Image 5,HAMI_0606_S5_Image_5,52,39068,27651,6,1543,26998,1590,59,197,35,12.143835616438356,1.5678998951213339,2.492176040156191,2412.4264068711927,968.0,43354,10.322747893713546,0.5887988898057094,337.97056274847716,574.0,1543,15928,1.59667382769094,2.430691229000779,2348.0477272147527,966.0,26998,43107,9.174213836477987,0.6388638906042555,406.4497474683059,636.2071067811866,1590,14587,160,812.5,20.0,80.0,77.5,138.91380427738173,128.0,1.0852640959170448,381.0781539373287,146.0,2.6101243420364977,131.6440251572327,108.0,1.2189261588632658,1.7550098520227377,2.2004432167787,1.1507921141555895,1.1135914666171802,2.742570895342806,1.4216209814796805,1.9349090957443777,2.1006749050090434
C:\Users\JackM\40xMBPCNP\40xN1N2N3N4lif\HAMI_0606.lif,HAMI_0606,4,Image 5,HAMI_0606_S5_Image_5,53,3575,2300,2,3271,2300,0,6,24,6,10.529411764705882,1.24,1.6302010543774235,414.07106781186553,254.0,2852,1.061754815041272,1.109793974377496,301.8639610306789,272.0,3271,3473,1.24,1.6302010543774235,414.07106781186553,254.0,2300,2852,,,0.0,0.0,0,0,48,117.5,8.0,30.0,22.5,153.04677468664016,128.0,1.1956779272393763,231.73,146.0,1.5871917808219178,110.41386682956627,108.0,1.0223506187922804,1.7550098520227377,2.2004432167787,1.1507921141555895,1.1135914666171802,2.742570895342806,1.4216209814796805,1.9349090957443777,2.1006749050090434
C:\Users\JackM\40xMBPCNP\40xN1N2N3N4lif\HAMI_0606.lif,HAMI_0606,4,Image 5,HAMI_0606_S5_Image_5,54,21480,8160,2,20367,7984,176,31,70,21,8.94915254237288,2.4971813725490195,1.5264654865114995,1114.3198051533946,730.0,20377,1.0624539696567978,1.0246797203691311,731.6213203435597,714.0,20367,21639,1.964929859719439,1.5980720339584602,1013.1776695296637,634.0,7984,15688,7.0852272727272725,0.4639547505675732,101.14213562373095,218.0,176,1247,210,337.5,5.0,140.0,112.85714285714286,347.9902292924829,128.0,2.718673666347523,285.13389278557116,146.0,1.9529718683943231,122.94318181818181,108.0,1.1383627946127945,1.7550098520227377,2.2004432167787,1.1507921141555895,1.1135914666171802,2.742570895342806,1.4216209814796805,1.9349090957443777,2.1006749050090434
C:\Users\JackM\40xMBPCNP\40xN1N2N3N4lif\HAMI_0606.lif,HAMI_0606,4,Image 5,HAMI_0606_S5_Image_5,55,6753,4394,3,659,281,4319,12,51,12,8.363636363636363,1.5011379153390987,1.6954721971064122,634.1066017177982,374.0,6596,2.479514415781487,0.8201871131166883,198.48528137423858,242.0,659,1634,5.124555160142349,0.43992703259202987,112.62132034355965,256.0,281,1440,1.5272053716137994,1.6794294163577492,628.1066017177982,374.0,4319,6596,67,172.5,7.0,30.0,30.0,138.27921092564492,128.0,1.080306335356601,174.23487544483984,146.0,1.1933895578413687,134.44338967353553,108.0,1.2448462006808845,1.7550098520227377,2.2004432167787,1.1507921141555895,1.1135914666171802,2.742570895342806,1.4216209814796805,1.9349090957443777,2.1006749050090434
C:\Users\JackM\40xMBPCNP\40xN1N2N3N4lif\HAMI_0606.lif,HAMI_0606,4,Image 5,HAMI_0606_S5_Image_5,56,12071,6740,1,579,6740,0,23,57,12,9.4,1.873293768545994,1.9297258952816683,1061.3492424049175,550.0,12626,1.1398963730569949,1.0177992482353755,126.20710678118655,124.0,579,660,1.873293768545994,1.9297258952816683,1061.3492424049175,550.0,6740,12626,,,0.0,0.0,0,0,107,402.5,12.0,40.0,50.0,131.15889464594127,128.0,1.0246788644214162,278.3115727002967,146.0,1.9062436486321692,109.05991189427313,108.0,1.0098139990210475,1.7550098520227377,2.2004432167787,1.1507921141555895,1.1135914666171802,2.742570895342806,1.4216209814796805,1.9349090957443777,2.1006749050090434
C:\Users\JackM\40xMBPCNP\40xN1N2N3N4lif\HAMI_0606.lif,HAMI_0606,8,Image 9,HAMI_0606_S9_Image_9,1,11031,2421,2,0,2421,0,13,41,17,7.096774193548387,1.2222222222222223,1.4948110641088297,376.6923881554251,252.0,2959,,,0.0,0.0,0,0,1.2222222222222223,1.4948110641088297,376.6923881554251,252.0,2421,2959,,,0.0,0.0,0,0,47,92.5,8.0,30.0,20.0,124.90912845931433,127.0,0.9835364445615302,237.0838496489054,145.0,1.6350610320614167,109.12474184221396,108.0,1.010414276316796,1.8612234460944947,2.1723229339744377,1.1650770965990698,1.1930022794206883,2.722899268789707,1.2113125906074944,1.987379194793842,2.2624089296966994
C:\Users\JackM\40xMBPCNP\40xN1N2N3N4lif\HAMI_0606.lif,HAMI_0606,8,Image 9,HAMI_0606_S9_Image_9,2,45193,7157,6,40780,6046,1256,41,63,15,8.0,4.211121978482605,1.4380466277556043,1253.976659402887,872.0,30139,1.0679499754781756,1.1731065636187485,1177.7989898732235,1004.0,40780,43551,4.740324181276877,1.1517331477651378,967.4558441227157,840.0,6046,28660,3.479299363057325,1.0326259664610373,365.7634559672906,354.20710678118655,1256,4370,218,497.5,7.0,155.0,123.67647058823529,150.38602256007846,127.0,1.1841419099218777,261.35213364207743,145.0,1.8024285078763962,128.6656050955414,108.0,1.191348195329087,1.8612234460944947,2.1723229339744377,1.1650770965990698,1.1930022794206883,2.722899268789707,1.2113125906074944,1.987379194793842,2.2624089296966994
C:\Users\JackM\40xMBPCNP\40xN1N2N3N4lif\HAMI_0606.lif,HAMI_0606,8,Image 9,HAMI_0606_S9_Image_9,4,27014,5161,4,27007,3052,2205,23,47,15,10.18918918918919,2.551831040496028,1.5023207683280768,919.420310216783,612.0,13170,1.0482837782797052,1.0609750800533666,842.4142135623731,794.0,27007,28311,2.4187418086500654,0.9510582519843467,448.89949493661163,472.0,3052,7382,2.779591836734694,1.274927401194456,512.5208152801713,402.0,2205,6129,176,337.5,8.0,30.0,85.0,176.44184840967156,127.0,1.3893058929895399,246.25393184796854,145.0,1.698302978261852,130.32879818594105,108.0,1.206748131351306,1.8612234460944947,2.1723229339744377,1.1650770965990698,1.1930022794206883,2.722899268789707,1.2113125906074944,1.987379194793842,2.2624089296966994
C:\Users\JackM\40xMBPCNP\40xN1N2N3N4lif\HAMI_0606.lif,HAMI_0606,8,Image 9,HAMI_0606_S9_Image_9,5,60513,25413,4,60513,3343,23309,112,265,61,7.78695652173913,1.801912407035769,2.8088753923628955,2713.373629022557,966.0,45792,1.109017896980814,1.0505356209858272,1218.6213203435595,1160.0,60513,67110,3.985043374214777,1.2426556289455872,708.3137084989847,570.0,3343,13322,1.9645630443176456,2.6006232465292993,2512.202056147303,966.0,23309,45792,152,1117.5,20.0,95.0,72.5,233.41746401599656,127.0,1.837932787527532,238.76817230032904,145.0,1.6466770503470969,141.59590716032434,108.0,1.3110732144474477,1.8612234460944947,2.1723229339744377,1.1650770965990698,1.1930022794206883,2.722899268789707,1.2113125906074944,1.987379194793842,2.2624089296966994
C:\Users\JackM\40xMBPCNP\40xN1N2N3N4lif\HAMI_0606.lif,HAMI_0606,8,Image 9,HAMI_0606_S9_Image_9,6,96575,26367,4,96575,1321,25048,108,277,73,8.285714285714286,2.02332461030834,2.6627784923564253,2822.545201897811,1060.0,53349,1.0359409785141083,1.0062804275451478,1475.2071067811867,1466.0,96575,100046,4.659348978046934,0.7815468499865349,403.27817459305203,516.0,1321,6155,1.8028984350047907,2.545326232130076,2418.059920523572,950.0,25048,45159,229,1052.5,22.0,95.0,112.5,247.96117007507118,127.0,1.9524501580714266,192.61619984859954,145.0,1.3283875851627553,140.4167997444906,108.0,1.3001555531897278,1.8612234460944947,2.1723229339744377,1.1650770965990698,1.1930022794206883,2.722899268789707,1.2113125906074944,1.987379194793842,2.2624089296966994
C:\Users\JackM\40xMBPCNP\40xN1N2N3N4lif\HAMI_0606.lif,HAMI_0606,8,Image 9,HAMI_0606_S9_Image_9,7,11972,2728,2,6334,648,2080,15,28,7,7.875,1.8368768328445748,1.5129623982194063,547.6923881554251,362.0,5011,1.4941585096305652,1.6638468556940793,735.420310216783,442.0,6334,9464,2.9737654320987654,0.6711331138941038,162.4142135623731,242.0,648,1927,1.8658653846153845,1.2039425809025721,392.4852813742385,326.0,2080,3881,98,207.5,7.0,25.0,45.0,139.03441742974422,127.0,1.0947591923601907,182.5756172839506,145.0,1.2591421881651765,129.6360576923077,108.0,1.2003338675213675,1.8612234460944947,2.1723229339744377,1.1650770965990698,1.1930022794206883,2.722899268789707,1.2113125906074944,1.987379194793842,2.2624089296966994
C:\Users\JackM\40xMBPCNP\40xN1N2N3N4lif\HAMI_0606.lif,HAMI_0606,8,Image 9,HAMI_0606_S9_Image_9,8,33991,14465,4,33991,4841,12230,73,141,30,7.659090909090909,1.7507086069823712,2.0078209866501737,1429.5685424949238,712.0,25324,1.048689358947957,1.0342025739097362,889.4142135623731,860.0,33991,35646,1.5327411691799215,1.1185648174553882,507.8284271247462,454.0,4841,7420,1.812346688470973,1.9805324180057162,1330.9177848998413,672.0,12230,22165,135,732.5,24.0,90.0,65.0,192.64034597393427,127.0,1.5168531179049942,288.4775872753563,145.0,1.9895006018990091,136.90024529844644,108.0,1.267594863874504,1.8612234460944947,2.1723229339744377,1.1650770965990698,1.1930022794206883,2.722899268789707,1.2113125906074944,1.987379194793842,2.2624089296966994
C:\Users\JackM\40xMBPCNP\40xN1N2N3N4lif\HAMI_0606.lif,HAMI_0606,8,Image 9,HAMI_0606_S9_Image_9,11,10433,4802,2,7839,4426,705,5,9,2,26.857142857142858,1.5462307371928363,1.2009943696482483,526.0355339059328,438.0,7425,1.208955223880597,1.3860056071504272,643.1066017177982,464.0,7839,9477,1.5406687754179846,1.2117539822502894,499.24264068711926,412.0,4426,6819,1.1035460992907802,1.0377220869120796,132.82842712474618,128.0,705,778,88,167.5,4.0,30.0,42.5,144.75685674193136,127.0,1.1398177696215068,276.4342521464076,145.0,1.9064431182510868,130.96312056737588,108.0,1.2126214867349618,1.8612234460944947,2.1723229339744377,1.1650770965990698,1.1930022794206883,2.722899268789707,1.2113125906074944,1.987379194793842,2.2624089296966994
C:\Users\JackM\40xMBPCNP\40xN1N2N3N4lif\HAMI_0606.lif,HAMI_0606,8,Image 9,HAMI_0606_S9_Image_9,12,27817,17546,3,27817,11258,11954,59,152,43,8.564516129032258,1.4933318135187508,1.87975200364546,1383.4974746830585,736.0,26202,1.027537117589963,1.0069059771633775,759.2071067811866,754.0,27817,28583,1.3769763723574346,1.3354689403776612,825.3198051533946,618.0,11258,15502,2.077965534549105,2.487016543564113,1765.7817459305202,710.0,11954,24840,120,647.5,19.0,75.0,57.5,176.8766941079196,127.0,1.3927298748655086,430.00586249777933,145.0,2.9655576723984782,135.75941107579052,108.0,1.2570315840350974,1.8612234460944947,2.1723229339744377,1.1650770965990698,1.1930022794206883,2.722899268789707,1.2113125906074944,1.987379194793842,2.2624089296966994
C:\Users\JackM\40xMBPCNP\40xN1N2N3N4lif\HAMI_0606.lif,HAMI_0606,8,Image 9,HAMI_0606_S9_Image_9,13,12624,5422,3,11113,4816,609,13,23,3,17.263157894736842,1.6864625599409813,1.5809978702687377,720.9350288425444,456.0,9144,1.0621794294969855,1.1421074221254812,566.4852813742386,496.0,11113,11804,1.454734219269103,1.3077062988348485,562.3137084989849,430.0,4816,7006,3.2725779967159276,0.5520671944892966,167.82842712474618,304.0,609,1993,86,252.5,10.0,40.0,40.0,141.52955997480427,127.0,1.114405984053577,283.14867109634554,145.0,1.9527494558368659,129.10837438423644,108.0,1.1954479109651521,1.8612234460944947,2.1723229339744377,1.1650770965990698,1.1930022794206883,2.722899268789707,1.2113125906074944,1.987379194793842,2.2624089296966994
C:\Users\JackM\40xMBPCNP\40xN1N2N3N4lif\HAMI_0606.lif,HAMI_0606,8,Image 9,HAMI_0606_S9_Image_9,14,27874,12384,1,27874,360,12369,79,240,76,6.488235294117647,1.9531653746770026,2.7701997712586524,2133.0538238691624,770.0,24188,1.0706393054459353,1.0246594264897517,881.2071067811866,860.0,27874,29843,12.544444444444444,0.31144797616980163,136.4142135623731,438.0,360,4516,1.9555339962810252,2.7574817281173365,2123.260930650349,770.0,12369,24188,242,732.5,9.0,115.0,117.5,220.20334361770827,127.0,1.7338845954150257,195.43055555555554,145.0,1.3477969348659002,134.1544183038241,108.0,1.242170539850223,1.8612234460944947,2.1723229339744377,1.1650770965990698,1.1930022794206883,2.722899268789707,1.2113125906074944,1.987379194793842,2.2624089296966994
C:\Users\JackM\40xMBPCNP\40xN1N2N3N4lif\HAMI_0606.lif,HAMI_0606,8,Image 9,HAMI_0606_S9_Image_9,15,51194,33696,7,51194,3902,32419,75,337,78,8.632034632034632,1.5660018993352327,2.7075318414980836,2902.4741340859455,1072.0,52768,1.137789584716959,1.0279902379740034,1124.6213203435595,1094.0,51194,58248,9.246027678113787,0.6956003457288159,702.5563491861041,1010.0,3902,36078,1.5214534686449304,2.7547924976944302,2809.888347648319,1020.0,32419,49324,333,1020.0,14.0,135.0,172.25806451612902,382.4013556276126,127.0,3.011034296280414,257.17965146078933,145.0,1.773652768695099,163.0256948085999,108.0,1.5094971741537027,1.8612234460944947,2.1723229339744377,1.1650770965990698,1.1930022794206883,2.722899268789707,1.2113125906074944,1.987379194793842,2.2624089296966994
C:\Users\JackM\40xMBPCNP\40xN1N2N3N4lif\HAMI_0606.lif,HAMI_0606,8,Image 9,HAMI_0606_S9_Image_9,16,19034,8579,1,19034,2294,7001,32,66,12,10.280701754385966,1.883086606830633,2.119378096586472,1212.284271247462,572.0,16155,1.0490175475464958,1.0122273836171733,679.4142135623731,671.2071067811866,19034,19967,3.319529206625981,1.2245549306954042,511.8639610306789,418.0,2294,7615,1.8224539351521212,1.9588318844208548,967.6629509039022,494.0,7001,12759,114,420.0,10.0,60.0,55.0,206.64384785121362,127.0,1.6271169122142806,218.20139494333043,145.0,1.5048372065057272,138.21168404513642,108.0,1.2797378152327445,1.8612234460944947,2.1723229339744377,1.1650770965990698,1.1930022794206883,2.722899268789707,1.2113125906074944,1.987379194793842,2.2624089296966994
C:\Users\JackM\40xMBPCNP\40xN1N2N3N4lif\HAMI_0606.lif,HAMI_0606,8,Image 9,HAMI_0606_S9_Image_9,17,9060,5275,1,9060,5275,0,13,21,3,12.238095238095237,1.4125118483412322,1.2602385572647596,511.6568542494924,406.0,7451,1.0108167770419425,1.0,430.0,430.0,9060,9158,1.4125118483412322,1.2602385572647596,511.6568542494924,406.0,5275,7451,,,0.0,0.0,0,0,72,212.5,12.0,45.0,32.5,141.24690949227374,127.0,1.112180389702943,396.5562085308057,145.0,2.7348704036607288,110.96434878587196,108.0,1.027447673943259,1.8612234460944947,2.1723229339744377,1.1650770965990698,1.1930022794206883,2.722899268789707,1.2113125906074944,1.987379194793842,2.2624089296966994
C:\Users\JackM\40xMBPCNP\40xN1N2N3N4lif\HAMI_0606.lif,HAMI_0606,8,Image 9,HAMI_0606_S9_Image_9,18,39620,25800,4,39620,21313,9757,92,264,72,7.452261306532663,1.6310852713178294,1.985650193421681,2124.645706961199,1070.0,42082,1.1180969207470974,1.0,1100.0,1100.0,39620,44299,1.7924271571341435,1.466881666754908,1496.2193000900063,1020.0,21313,38202,2.530388439069386,1.6008700521589938,1399.1604255869606,874.0,9757,24689,281,787.5,8.0,40.0,137.5,196.22791519434628,127.0,1.5451016944436715,383.67761460141696,145.0,2.646052514492531,138.49533668135697,108.0,1.282364228531083,1.8612234460944947,2.1723229339744377,1.1650770965990698,1.1930022794206883,2.722899268789707,1.2113125906074944,1.987379194793842,2.2624089296966994
C:\Users\JackM\40xMBPCNP\40xN1N2N3N4lif\HAMI_0606.lif,HAMI_0606,8,Image 9,HAMI_0606_S9_Image_9,19,18461,7554,2,18420,7538,62,21,36,6,14.125,2.280910775747948,1.5374058027423154,1041.142135623731,677.2071067811866,17230,1.0783930510314874,1.0926202215540706,781.4497474683059,715.2071067811866,18420,19864,2.285752188909525,1.5279342341510458,1034.7279220613577,677.2071067811866,7538,17230,1.7741935483870968,0.6981793394897609,39.242640687119284,56.207106781186546,62,110,115,402.5,8.0,55.0,55.0,148.2383279044517,127.0,1.1672309283815094,276.07017776598565,145.0,1.9039322604550735,128.9516129032258,108.0,1.193996415770609,1.8612234460944947,2.1723229339744377,1.1650770965990698,1.1930022794206883,2.722899268789707,1.2113125906074944,1.987379194793842,2.2624089296966994
C:\Users\JackM\40xMBPCNP\40xN1N2N3N4lif\HAMI_0606.lif,HAMI_0606,8,Image 9,HAMI_0606_S9_Image_9,20,101406,43641,4,101406,5158,42841,107,302,79,10.243801652892563,2.3520313466694165,3.149935492842586,4832.001046020527,1534.0,102645,1.1075380155020413,1.1140621458132565,1744.6213203435595,1566.0,101406,112311,7.943001163241567,0.85232678673905,989.7279220613578,1161.2071067811867,5158,40970,2.282999929973623,3.0351135373624936,4649.79393923934,1532.0,42841,97806,419,1705.0,11.0,245.0,210.0,318.4922982860975,127.0,2.5078133723314764,236.43447072508724,145.0,1.6305825567247396,145.03314581825822,108.0,1.3428994983172058,1.8612234460944947,2.1723229339744377,1.1650770965990698,1.1930022794206883,2.722899268789707,1.2113125906074944,1.987379194793842,2.2624089296966994
C:\Users\JackM\40xMBPCNP\40xN1N2N3N4lif\HAMI_0606.lif,HAMI_0606,8,Image 9,HAMI_0606_S9_Image_9,21,82388,51733,5,82388,5691,51035,89,270,60,11.126696832579185,1.7527303655307058,2.728641956922321,3945.616269709676,1446.0,90674,1.1441472059037725,1.0472970926247007,1541.6213203435595,1472.0,82388,94264,10.570198559128448,1.2908740181750473,1677.1126983722081,1299.2071067811867,5691,60155,1.7070245909669834,2.590397469689037,3683.5452018978103,1422.0,51035,87118,367,1497.5,14.0,240.0,180.0,363.21296790794776,127.0,2.859944629196439,230.6678966789668,145.0,1.5908130805445986,150.76953071421573,108.0,1.3960141732797753,1.8612234460944947,2.1723229339744377,1.1650770965990698,1.1930022794206883,2.722899268789707,1.2113125906074944,1.987379194793842,2.2624089296966994
C:\Users\JackM\40xMBPCNP\40xN1N2N3N4lif\HAMI_0606.lif,HAMI_0606,8,Image 9,HAMI_0606_S9_Image_9,22,59171,44695,5,59171,11064,39722,60,325,88,9.86111111111111,1.4864526233359436,2.3801489720741973,2903.7817459305206,1220.0,66437,1.1441753561710972,1.1347021283081213,1393.414213562373,1228.0,59171,67702,3.4676428054953,1.6765824392638213,1542.4558441227157,920.0,11064,38366,1.3983183122702785,2.3750546720105583,2603.059920523572,1096.0,39722,55544,180,797.5,13.0,135.0,87.5,269.13060451910565,127.0,2.119138618260674,276.90283803326105,145.0,1.9096747450569727,157.8299431045768,108.0,1.461388362079415,1.8612234460944947,2.1723229339744377,1.1650770965990698,1.1930022794206883,2.722899268789707,1.2113125906074944,1.987379194793842,2.2624089296966994
C:\Users\JackM\40xMBPCNP\40xN1N2N3N4lif\HAMI_0606.lif,HAMI_0606,8,Image 9,HAMI_0606_S9_Image_9,23,10729,7087,1,10729,6854,1620,21,57,18,9.311111111111112,1.4594327642161704,1.5877028481008673,774.7989898732233,488.0,10343,1.027868394072141,0.998851399141908,509.4142135623731,510.0,10729,11028,1.451561132185585,1.4497904354216251,698.7989898732233,482.0,6854,9949,2.8679012345679014,1.2109153075844827,385.0710678118655,318.0,1620,4646,93,222.5,8.0,50.0,42.5,181.42007642837171,127.0,1.4285045388060764,346.64633790487306,145.0,2.3906643993439523,131.16604938271604,108.0,1.2145004572473708,1.8612234460944947,2.1723229339744377,1.1650770965990698,1.1930022794206883,2.722899268789707,1.2113125906074944,1.987379194793842,2.2624089296966994
C:\Users\JackM\40xMBPCNP\40xN1N2N3N4lif\HAMI_0606.lif,HAMI_0606,8,Image 9,HAMI_0606_S9_Image_9,24,24805,21671,2,24784,2121,20920,25,144,32,11.678571428571429,1.2004522172488579,1.4814727515789194,1140.734018715768,770.0,26015,1.0675032278889607,1.0692307692307692,834.0,780.0,24784,26457,7.150872230080151,0.9077205730645698,571.863961030679,630.0,2121,15167,1.169359464627151,1.4287262340277584,1040.1126983722081,728.0,20920,24463,121,377.5,21.0,85.0,57.5,157.88044706262104,127.0,1.243153126477331,226.32956152758132,145.0,1.5608935277764229,149.139913957935,108.0,1.3809251292401388,1.8612234460944947,2.1723229339744377,1.1650770965990698,1.1930022794206883,2.722899268789707,1.2113125906074944,1.987379194793842,2.2624089296966994
C:\Users\JackM\40xMBPCNP\40xN1N2N3N4lif\HAMI_0606.lif,HAMI_0606,8,Image 9,HAMI_0606_S9_Image_9,25,93161,34460,1,93161,503,34369,131,267,86,9.37246963562753,2.654410911201393,3.04360475040367,4626.279220613578,1520.0,91471,1.111806442610105,1.0139913942336911,1624.414213562373,1602.0,93161,103577,68.08747514910537,0.15161550309994662,152.82842712474618,1008.0,503,34248,2.6493351566818935,3.0389994872457753,4619.279220613578,1520.0,34369,91055,226,1857.5,24.0,135.0,110.0,312.94093021758033,127.0,2.464101812736853,171.78528827037772,145.0,1.184726126002605,143.68570514126102,108.0,1.3304231957524169,1.8612234460944947,2.1723229339744377,1.1650770965990698,1.1930022794206883,2.722899268789707,1.2113125906074944,1.987379194793842,2.2624089296966994
C:\Users\JackM\40xMBPCNP\40xN1N2N3N4lif\HAMI_0606.lif,HAMI_0606,8,Image 9,HAMI_0606_S9_Image_9,26,38530,24368,3,15843,24368,0,56,196,54,9.534246575342467,1.8073292843072883,1.8716398259980722,2066.290367901872,1104.0,44041,1.8772959666729787,1.9319395991081658,1711.698484809835,886.0,15843,29742,1.8073292843072883,1.8716398259980722,2066.290367901872,1104.0,24368,44041,,,0.0,0.0,0,0,215,707.5,14.0,75.0,105.0,141.77415893454523,127.0,1.1163319601145294,372.245978332239,145.0,2.567213643670614,108.77585457947673,108.0,1.0071838386988585,1.8612234460944947,2.1723229339744377,1.1650770965990698,1.1930022794206883,2.722899268789707,1.2113125906074944,1.987379194793842,2.2624089296966994
C:\Users\JackM\40xMBPCNP\40xN1N2N3N4lif\HAMI_0606.lif,HAMI_0606,8,Image 9,HAMI_0606_S9_Image_9,27,30020,23009,2,30020,719,22915,73,265,80,7.797814207650274,1.4657742622452083,2.335975027104831,2205.1604255869606,944.0,33726,1.1697534976682211,1.0531795501712797,998.4142135623731,948.0,30020,35116,26.59527121001391,0.38036935895321633,311.14213562373095,818.0,719,19122,1.4539821077896575,2.3212045001585286,2186.574639149334,942.0,22915,33318,176,777.5,14.0,80.0,85.0,217.9144903397735,127.0,1.7158621286596338,176.82614742698192,145.0,1.21949067191022,139.4152738380973,108.0,1.2908821651675677,1.8612234460944947,2.1723229339744377,1.1650770965990698,1.1930022794206883,2.722899268789707,1.2113125906074944,1.987379194793842,2.2624089296966994
C:\Users\JackM\40xMBPCNP\40xN1N2N3N4lif\HAMI_0606.lif,HAMI_0606,8,Image 9,HAMI_0606_S9_Image_9,28,8959,6618,1,8959,1802,5471,12,104,24,7.3076923076923075,1.3055303717135087,1.876644745682101,888.0416305603426,473.20710678118655,8640,1.054023886594486,0.9958949695680481,485.20710678118655,487.20710678118655,8959,9443,1.474472807991121,1.4291224509088924,361.863961030679,253.20710678118655,1802,2657,1.4363004935112411,1.953677550203436,873.698484809835,447.20710678118655,5471,7858,93,242.5,9.0,40.0,45.0,182.96204933586338,127.0,1.4406460577627038,217.9134295227525,145.0,1.5028512380879482,135.84079692926338,108.0,1.2577851567524387,1.8612234460944947,2.1723229339744377,1.1650770965990698,1.1930022794206883,2.722899268789707,1.2113125906074944,1.987379194793842,2.2624089296966994
C:\Users\JackM\40xMBPCNP\40xN1N2N3N4lif\HAMI_0606.lif,HAMI_0606,8,Image 9,HAMI_0606_S9_Image_9,29,56173,34485,5,56173,2834,34350,86,249,66,10.792270531400966,1.9717558358706684,2.4601958074726595,3437.4030662740797,1397.2071067811867,67996,1.3504174603457177,0.9671815350416298,1448.0710678118655,1497.2071067811867,56173,75857,9.752293577981652,0.7774820624659403,729.278174593052,938.0,2834,27638,1.9787481804949054,2.4456105111643778,3417.0243866176393,1397.2071067811867,34350,67970,454,1115.0,9.0,390.0,225.0,292.860377761558,127.0,2.305987226468961,207.7685250529287,145.0,1.4328863796753704,150.61697234352255,108.0,1.3946015957733569,1.8612234460944947,2.1723229339744377,1.1650770965990698,1.1930022794206883,2.722899268789707,1.2113125906074944,1.987379194793842,2.2624089296966994
C:\Users\JackM\40xMBPCNP\40xN1N2N3N4lif\HAMI_0606.lif,HAMI_0606,8,Image 9,HAMI_0606_S9_Image_9,30,41167,18423,2,29888,18423,0,49,165,40,10.041322314049587,2.8239700374531833,2.1087751254356726,2395.568542494924,1136.0,52026,1.7774357601713062,2.9876823439039932,3394.0071426749364,1136.0,29888,53124,2.8239700374531833,2.1087751254356726,2395.568542494924,1136.0,18423,52026,,,0.0,0.0,0,0,249,862.5,15.0,110.0,122.5,138.79654041755887,127.0,1.0928861450201486,300.56103783314336,145.0,2.0728347436768506,113.3687722007722,108.0,1.0497108537108537,1.8612234460944947,2.1723229339744377,1.1650770965990698,1.1930022794206883,2.722899268789707,1.2113125906074944,1.987379194793842,2.2624089296966994
C:\Users\JackM\40xMBPCNP\40xN1N2N3N4lif\HAMI_0606.lif,HAMI_0606,8,Image 9,HAMI_0606_S9_Image_9,31,22702,16183,2,22702,138,16183,26,130,27,9.842696629213483,1.4402150404745722,1.9870675394616744,1466.4558441227157,738.0,23307,1.0917540304818958,1.006150987557868,784.0,779.2071067811866,22702,24785,1.065217391304348,1.0,52.0,52.0,138,147,1.4402150404745722,1.9870675394616744,1466.4558441227157,738.0,16183,23307,141,422.5,12.0,90.0,67.5,354.02942472028894,127.0,2.7876332655140863,186.47826086956522,145.0,1.286056971514243,143.1727121052957,108.0,1.3256732602342194,1.8612234460944947,2.1723229339744377,1.1650770965990698,1.1930022794206883,2.722899268789707,1.2113125906074944,1.987379194793842,2.2624089296966994
C:\Users\JackM\40xMBPCNP\40xN1N2N3N4lif\HAMI_0606.lif,HAMI_0606,8,Image 9,HAMI_0606_S9_Image_9,32,107807,52935,4,107807,3232,52342,133,423,91,10.439628482972136,2.42916784735997,3.7786016082997245,6196.906637611548,1640.0,128588,1.250113628985131,1.1349220123294301,1872.6213203435595,1650.0,107807,134771,7.183787128712871,1.2012434044328917,951.3847763108503,792.0,3232,23218,2.4566887012341905,3.7905658280214074,6216.527957955108,1640.0,52342,128588,275,2122.5,19.0,135.0,135.0,305.18641646646324,127.0,2.4030426493422303,209.69368811881188,145.0,1.4461633663366336,151.02189446333728,108.0,1.3983508746605304,1.8612234460944947,2.1723229339744377,1.1650770965990698,1.1930022794206883,2.722899268789707,1.2113125906074944,1.987379194793842,2.2624089296966994
C:\Users\JackM\40xMBPCNP\40xN1N2N3N4lif\HAMI_0606.lif,HAMI_0606,8,Image 9,HAMI_0606_S9_Image_9,33,9601,3137,1,9601,3003,277,15,21,4,11.142857142857142,2.004144086707045,1.2539541779332362,536.6923881554251,428.0,6287,1.0760337464847411,1.015929682977357,510.20710678118655,502.20710678118655,9601,10331,1.6363636363636365,1.1773309519904298,454.4497474683059,386.0,3003,4914,8.657039711191336,0.5234396276390576,148.65685424949237,284.0,277,2398,154,250.0,6.0,45.0,75.0,203.02749713571504,127.0,1.5986417097300396,238.85081585081585,145.0,1.6472470058676956,128.0505415162455,108.0,1.1856531621874582,1.8612234460944947,2.1723229339744377,1.1650770965990698,1.1930022794206883,2.722899268789707,1.2113125906074944,1.987379194793842,2.2624089296966994
C:\Users\JackM\40xMBPCNP\40xN1N2N3N4lif\HAMI_0606.lif,HAMI_0606,8,Image 9,HAMI_0606_S9_Image_9,34,21968,12631,1,21968,1089,12483,40,108,19,8.5,1.773652125722429,1.793660939672842,1492.3259018078045,832.0,22403,1.067461762563729,0.9988290398126464,853.0,854.0,21968,23450,5.0578512396694215,0.8375244813858611,346.0710678118654,413.20710678118655,1089,5508,1.7781783225186254,1.7544526219522172,1459.7045814642447,832.0,12483,22197,153,612.5,10.0,75.0,75.0,322.6801711580481,127.0,2.5407887492759693,184.98255280073462,145.0,1.2757417434533422,162.64840182648402,108.0,1.5060037206155927,1.8612234460944947,2.1723229339744377,1.1650770965990698,1.1930022794206883,2.722899268789707,1.2113125906074944,1.987379194793842,2.2624089296966994
C:\Users\JackM\40xMBPCNP\40xN1N2N3N4lif\HAMI_0606.lif,HAMI_0606,8,Image 9,HAMI_0606_S9_Image_9,35,6306,3049,1,6255,3049,0,11,47,12,6.787878787878788,1.5182026894063627,1.7260866708379203,521.278174593052,302.0,4629,1.0236610711430856,1.0506616120953167,374.03553390593277,356.0,6255,6403,1.5182026894063627,1.7260866708379203,521.278174593052,302.0,3049,4629,,,0.0,0.0,0,0,62,172.5,8.0,35.0,27.5,145.72965627498002,127.0,1.1474776084644096,235.50705149229256,145.0,1.6241865620158107,110.15043964828138,108.0,1.0199114782248275,1.8612234460944947,2.1723229339744377,1.1650770965990698,1.1930022794206883,2.722899268789707,1.2113125906074944,1.987379194793842,2.2624089296966994
C:\Users\JackM\40xMBPCNP\40xN1N2N3N4lif\HAMI_0606.lif,HAMI_0606,8,Image 9,HAMI_0606_S9_Image_9,36,27726,10534,2,27726,661,10199,49,144,58,8.5,2.6185684450351245,2.617005095501071,2093.6040764008567,800.0,27584,1.0381951958450553,1.007462686567164,810.0,804.0,27726,28785,20.11497730711044,0.4672457873474599,289.69238815542514,620.0,661,13296,2.7045788802823805,2.465925144212722,1972.7401153701776,800.0,10199,27584,231,790.0,12.0,105.0,112.5,208.95062396306716,127.0,1.6452805036461982,176.0287443267776,145.0,1.2139913401846731,132.03588587116383,108.0,1.2225544988070725,1.8612234460944947,2.1723229339744377,1.1650770965990698,1.1930022794206883,2.722899268789707,1.2113125906074944,1.987379194793842,2.2624089296966994
C:\Users\JackM\40xMBPCNP\40xN1N2N3N4lif\HAMI_0606.lif,HAMI_0606,8,Image 9,HAMI_0606_S9_Image_9,37,10001,6049,2,10001,5373,1423,19,41,5,9.705882352941176,1.4215572821954041,1.403738488462942,654.142135623731,466.0,8599,1.020797920207979,1.0113268066158434,483.4142135623731,478.0,10001,10209,1.2408337986227433,1.227826253578746,471.4852813742385,384.0,5373,6667,3.4834855938158817,1.2123713717523439,443.72792206135784,366.0,1423,4957,125,267.5,6.0,50.0,61.81818181818182,166.988401159884,127.0,1.3148693004715275,361.7550716545691,145.0,2.4948625631349595,129.78074490513,108.0,1.201673563936389,1.8612234460944947,2.1723229339744377,1.1650770965990698,1.1930022794206883,2.722899268789707,1.2113125906074944,1.987379194793842,2.2624089296966994
C:\Users\JackM\40xMBPCNP\40xN1N2N3N4lif\HAMI_0606.lif,HAMI_0606,8,Image 9,HAMI_0606_S9_Image_9,38,9567,5419,2,1136,5419,0,10,26,9,11.761904761904763,1.4543273666728178,1.377614931996899,586.863961030679,426.0,7881,4.545774647887324,0.6939919339730574,270.65685424949237,390.0,1136,5164,1.4543273666728178,1.377614931996899,586.863961030679,426.0,5419,7881,,,0.0,0.0,0,0,80,197.5,10.0,45.0,37.5,141.91021126760563,127.0,1.1174032383276034,303.74589407639786,145.0,2.094799269492399,111.01913345983554,108.0,1.0279549394429217,1.8612234460944947,2.1723229339744377,1.1650770965990698,1.1930022794206883,2.722899268789707,1.2113125906074944,1.987379194793842,2.2624089296966994
C:\Users\JackM\40xMBPCNP\40xN1N2N3N4lif\HAMI_0606.lif,HAMI_0606,8,Image 9,HAMI_0606_S9_Image_9,39,15232,7664,2,14580,5558,3133,34,90,23,7.986301369863014,2.259133611691023,1.914514790713366,1301.8700576850888,680.0,17314,1.4482167352537723,1.2301165586135343,880.7634559672906,716.0,14580,21115,2.8839510615329256,1.8218865915415472,1187.8700576850888,652.0,5558,16029,3.191828917969997,1.1921937242974983,617.5563491861041,518.0,3133,10000,172,372.5,7.0,140.0,84.6774193548387,174.0534293552812,127.0,1.3704994437423716,236.14285714285714,145.0,1.6285714285714286,133.29971273539738,108.0,1.2342565994018275,1.8612234460944947,2.1723229339744377,1.1650770965990698,1.1930022794206883,2.722899268789707,1.2113125906074944,1.987379194793842,2.2624089296966994
C:\Users\JackM\40xMBPCNP\40xN1N2N3N4lif\HAMI_0606.lif,HAMI_0606,8,Image 9,HAMI_0606_S9_Image_9,40,48945,41614,6,30589,40591,3255,50,108,21,14.926315789473684,1.16374297111549,1.4895315388682608,1587.840620433566,1066.0,48428,1.1569845369250384,1.7822623556423414,1568.3908729652603,880.0,30589,35391,1.148776822448326,1.2571548592534043,1322.5269119345812,1052.0,40591,46630,6.57173579109063,1.3198267435801183,989.8700576850888,750.0,3255,21391,306,612.5,11.0,35.0,150.0,164.3750367779267,127.0,1.2942916281726513,426.36715035352665,145.0,2.9404631058863906,134.08970814132104,108.0,1.2415713716788985,1.8612234460944947,2.1723229339744377,1.1650770965990698,1.1930022794206883,2.722899268789707,1.2113125906074944,1.987379194793842,2.2624089296966994
C:\Users\JackM\40xMBPCNP\40xN1N2N3N4lif\HAMI_0606.lif,HAMI_0606,8,Image 9,HAMI_0606_S9_Image_9,41,27513,16270,4,8322,16230,40,39,90,26,10.890243902439025,1.6795943454210203,1.8051558545390243,1494.669047558312,828.0,27327,2.3394616678683007,1.3320626957980488,977.7340187157678,734.0,8322,19469,1.5688847812692546,1.8657276600217882,1466.4619407771256,786.0,16230,25463,1.2,0.9402368927062182,28.207106781186546,30.0,40,48,188,547.5,9.0,150.0,94.6969696969697,143.21401105503486,127.0,1.1276693783861012,376.42729513247076,145.0,2.596050311258419,123.15,108.0,1.1402777777777777,1.8612234460944947,2.1723229339744377,1.1650770965990698,1.1930022794206883,2.722899268789707,1.2113125906074944,1.987379194793842,2.2624089296966994
C:\Users\JackM\40xMBPCNP\40xN1N2N3N4lif\HAMI_0606.lif,HAMI_0606,8,Image 9,HAMI_0606_S9_Image_9,42,4652,3133,1,0,3133,0,10,20,2,11.352941176470589,1.3578040217044367,1.326762895705538,440.4852813742386,332.0,4254,,,0.0,0.0,0,0,1.3578040217044367,1.326762895705538,440.4852813742386,332.0,3133,4254,,,0.0,0.0,0,0,64,162.5,5.0,35.0,30.0,128.62049154165337,127.0,1.0127597759185305,252.24864347270986,145.0,1.7396458170531715,108.17842323651452,108.0,1.0016520670047642,1.8612234460944947,2.1723229339744377,1.1650770965990698,1.1930022794206883,2.722899268789707,1.2113125906074944,1.987379194793842,2.2624089296966994
C:\Users\JackM\40xMBPCNP\40xN1N2N3N4lif\HAMI_0606.lif,HAMI_0606,8,Image 9,HAMI_0606_S9_Image_9,43,11403,4916,3,7591,4350,602,37,67,29,6.449275362318841,2.1413751017087064,1.7646512788536795,991.7340187157679,562.0,10527,1.550125148201818,2.0196161714430065,1179.4558441227157,584.0,7591,11767,1.9839080459770115,1.6207695526217005,810.3847763108503,500.0,4350,8630,9.478405315614618,0.46573217696563335,214.79898987322332,461.20710678118655,602,5706,95,422.5,13.0,30.0,45.0,156.67092609669345,127.0,1.233629339344043,241.15264367816093,145.0,1.663121680539041,131.03654485049833,108.0,1.2133013412083178,1.8612234460944947,2.1723229339744377,1.1650770965990698,1.1930022794206883,2.722899268789707,1.2113125906074944,1.987379194793842,2.2624089296966994
C:\Users\JackM\40xMBPCNP\40xN1N2N3N4lif\HAMI_0606.lif,HAMI_0606,8,Image 9,HAMI_0606_S9_Image_9,44,5479,3219,1,0,3219,0,11,21,5,7.777777777777778,1.3031997514756135,1.1850976653530187,357.89949493661163,302.0,4195,,,0.0,0.0,0,0,1.3031997514756135,1.1850976653530187,357.89949493661163,302.0,3219,4195,,,0.0,0.0,0,0,60,172.5,12.0,30.0,27.5,128.816091954023,127.0,1.0142999366458503,281.4228021124573,145.0,1.9408469111203952,111.37682510096303,108.0,1.031266899082991,1.8612234460944947,2.1723229339744377,1.1650770965990698,1.1930022794206883,2.722899268789707,1.2113125906074944,1.987379194793842,2.2624089296966994
C:\Users\JackM\40xMBPCNP\40xN1N2N3N4lif\HAMI_0606.lif,HAMI_0606,8,Image 9,HAMI_0606_S9_Image_9,45,13542,7374,1,0,7374,0,13,29,6,13.652173913043478,1.3477081638188229,1.2115157667126568,625.142135623731,516.0,9938,,,0.0,0.0,0,0,1.3477081638188229,1.2115157667126568,625.142135623731,516.0,7374,9938,,,0.0,0.0,0,0,90,237.5,9.0,60.0,42.5,123.8615405478709,127.0,0.9752877208493772,363.38893409275835,145.0,2.5061305799500575,107.99118524545702,108.0,0.9999183819023798,1.8612234460944947,2.1723229339744377,1.1650770965990698,1.1930022794206883,2.722899268789707,1.2113125906074944,1.987379194793842,2.2624089296966994
C:\Users\JackM\40xMBPCNP\40xN1N2N3N4lif\HAMI_0606.lif,HAMI_0606,8,Image 9,HAMI_0606_S9_Image_9,46,10049,4617,1,126,4617,0,17,53,19,10.083333333333334,1.8327918561836691,1.6328315341987376,760.8994949366117,466.0,8462,1.1746031746031746,1.0964279033553064,59.207106781186546,54.0,126,148,1.8327918561836691,1.6328315341987376,760.8994949366117,466.0,4617,8462,,,0.0,0.0,0,0,121,232.5,8.0,50.0,57.5,132.71428571428572,127.0,1.044994375703037,245.44162876326618,145.0,1.6927008880225254,108.57575757575758,108.0,1.005331088664422,1.8612234460944947,2.1723229339744377,1.1650770965990698,1.1930022794206883,2.722899268789707,1.2113125906074944,1.987379194793842,2.2624089296966994
C:\Users\JackM\40xMBPCNP\40xN1N2N3N4lif\HAMI_0606.lif,HAMI_0606,8,Image 9,HAMI_0606_S9_Image_9,47,8073,5870,1,0,5870,0,14,71,17,8.157894736842104,1.2201022146507665,1.4824235493366476,601.8639610306789,406.0,7162,,,0.0,0.0,0,0,1.2201022146507665,1.4824235493366476,601.8639610306789,406.0,5870,7162,,,0.0,0.0,0,0,73,167.5,7.0,55.0,32.5,123.687734241908,127.0,0.9739191672591181,411.7606473594549,145.0,2.839728602478999,107.98415672913117,108.0,0.9998533030475109,1.8612234460944947,2.1723229339744377,1.1650770965990698,1.1930022794206883,2.722899268789707,1.2113125906074944,1.987379194793842,2.2624089296966994
