lif_path,lif_name,scene_idx,series_name,base_name,cell_id,cellpose_area_px,cell_area_px,num_nuclei,mbp_area_px,pdgfra_area_px,cnp_area_px,num_proc,num_branch3_px,num_branch4_px,avg_segment_len_px,area_ratio_union,perimeter_ratio_union,cell_perimeter_union_px,hull_perimeter_union_px,hull_area_union_px,area_ratio_mbp,perimeter_ratio_mbp,cell_perimeter_mbp_px,hull_perimeter_mbp_px,cell_area_mbp_px,hull_area_mbp_px,area_ratio_pdgfra,perimeter_ratio_pdgfra,cell_perimeter_pdgfra_px,hull_perimeter_pdgfra_px,cell_area_pdgfra_px,hull_area_pdgfra_px,area_ratio_cnp,perimeter_ratio_cnp,cell_perimeter_cnp_px,hull_perimeter_cnp_px,cell_area_cnp_px,hull_area_cnp_px,max_r_px,AUC,Imax,Rmax_px,CriticalValue,mbp_mean_in,mbp_mean_bg,mbp_int_ratio,pdg_mean_in,pdg_mean_bg,pdg_int_ratio,cnp_mean_in,cnp_mean_bg,cnp_int_ratio,scene_area_ratio_union,scene_perimeter_ratio_union,scene_area_ratio_mbp,scene_perimeter_ratio_mbp,scene_area_ratio_pdgfra,scene_perimeter_ratio_pdgfra,scene_area_ratio_cnp,scene_perimeter_ratio_cnp
C:\Users\JackM\40xMBPCNP\40xN1N2N3N4lif\MDL_0606.lif,MDL_0606,0,Image 1,MDL_0606_S1_Image_1,1,11847,4277,1,0,4277,0,18,63,9,8.304347826086957,2.2359130231470656,1.659139265502155,984.2132034355964,593.2071067811866,9563,,,0.0,0.0,0,0,2.2359130231470656,1.659139265502155,984.2132034355964,593.2071067811866,4277,9563,,,0.0,0.0,0,0,109,352.5,14.0,30.0,52.5,126.27332242225859,126.0,1.0021692255734809,227.53121346738368,145.0,1.5691807825336805,111.43628711713818,106.0,1.0512857275201715,2.401413721205568,1.8764569310090882,1.3065388535150955,1.3901167189204855,2.9631445393482045,1.5528505146963163,2.3909934428026083,2.111164450962712
C:\Users\JackM\40xMBPCNP\40xN1N2N3N4lif\MDL_0606.lif,MDL_0606,0,Image 1,MDL_0606_S1_Image_1,3,31531,12140,2,789,12140,0,44,100,22,11.842105263157896,2.6262767710049424,2.0890634445754093,1895.2132034355966,907.2071067811866,31883,15.20532319391635,0.5100530158013477,310.72792206135784,609.2071067811866,789,11997,2.6262767710049424,2.0890634445754093,1895.2132034355966,907.2071067811866,12140,31883,,,0.0,0.0,0,0,156,637.5,14.0,70.0,75.0,138.3637515842839,126.0,1.0981250125736817,295.06285008237234,145.0,2.034916207464637,111.4419739262577,106.0,1.0513393766628085,2.401413721205568,1.8764569310090882,1.3065388535150955,1.3901167189204855,2.9631445393482045,1.5528505146963163,2.3909934428026083,2.111164450962712
C:\Users\JackM\40xMBPCNP\40xN1N2N3N4lif\MDL_0606.lif,MDL_0606,0,Image 1,MDL_0606_S1_Image_1,4,25241,7137,1,2446,5175,2448,32,86,24,8.956521739130435,3.2020456774555135,2.2092709986780603,1674.6274169979697,758.0,22853,1.3859362224039247,1.0732352091615907,321.97056274847716,300.0,2446,3390,4.333913043478261,1.8255454564212277,1383.7634559672906,758.0,5175,22428,2.1527777777777777,1.5880469700563444,568.5208152801713,358.0,2448,5270,194,627.5,9.0,70.0,95.0,139.8381030253475,126.0,1.109826214486885,199.22183574879227,145.0,1.3739436948192572,128.81331699346404,106.0,1.2152199716364531,2.401413721205568,1.8764569310090882,1.3065388535150955,1.3901167189204855,2.9631445393482045,1.5528505146963163,2.3909934428026083,2.111164450962712
C:\Users\JackM\40xMBPCNP\40xN1N2N3N4lif\MDL_0606.lif,MDL_0606,0,Image 1,MDL_0606_S1_Image_1,5,30867,7610,2,1191,7610,0,47,55,13,11.264150943396226,3.8131406044678053,1.8786127753969182,1555.4913780286483,828.0,29018,4.18975650713686,0.7758279092797742,294.5208152801713,379.62132034355966,1191,4990,3.8131406044678053,1.8786127753969182,1555.4913780286483,828.0,7610,29018,,,0.0,0.0,0,0,202,560.0,10.0,125.0,99.86486486486487,139.4525608732158,126.0,1.1067663561366332,249.00565045992116,145.0,1.7172803479994563,113.07868106878908,106.0,1.066780010082916,2.401413721205568,1.8764569310090882,1.3065388535150955,1.3901167189204855,2.9631445393482045,1.5528505146963163,2.3909934428026083,2.111164450962712
C:\Users\JackM\40xMBPCNP\40xN1N2N3N4lif\MDL_0606.lif,MDL_0606,0,Image 1,MDL_0606_S1_Image_1,6,18173,2080,1,789,2080,0,17,13,2,10.833333333333334,5.930769230769231,1.25831103238521,692.0710678118655,550.0,12336,10.358681875792142,0.9394317680073058,405.8345237791561,432.0,789,8173,5.930769230769231,1.25831103238521,692.0710678118655,550.0,2080,12336,,,0.0,0.0,0,0,170,297.5,4.0,35.0,82.5,139.29911280101393,126.0,1.1055485142937613,185.025,145.0,1.2760344827586207,114.84162731565564,106.0,1.0834115784495815,2.401413721205568,1.8764569310090882,1.3065388535150955,1.3901167189204855,2.9631445393482045,1.5528505146963163,2.3909934428026083,2.111164450962712
C:\Users\JackM\40xMBPCNP\40xN1N2N3N4lif\MDL_0606.lif,MDL_0606,0,Image 1,MDL_0606_S1_Image_1,8,8203,2882,2,2434,2882,0,24,36,10,7.4324324324324325,2.1051353226925746,1.7959390942595213,657.3137084989847,366.0,6067,1.3130649137222679,1.2701297364538682,342.9350288425444,270.0,2434,3196,2.1051353226925746,1.7959390942595213,657.3137084989847,366.0,2882,6067,,,0.0,0.0,0,0,82,277.5,9.0,50.0,37.5,145.50082169268694,126.0,1.154768426132436,220.3882720333102,145.0,1.5199191174711046,110.91932624113475,106.0,1.0464087381239129,2.401413721205568,1.8764569310090882,1.3065388535150955,1.3901167189204855,2.9631445393482045,1.5528505146963163,2.3909934428026083,2.111164450962712
C:\Users\JackM\40xMBPCNP\40xN1N2N3N4lif\MDL_0606.lif,MDL_0606,0,Image 1,MDL_0606_S1_Image_1,9,28313,13165,1,0,13165,0,40,79,20,11.696969696969697,1.9358146600835549,2.1777123616632825,1633.284271247462,750.0,25485,,,0.0,0.0,0,0,1.9358146600835549,2.1777123616632825,1633.284271247462,750.0,13165,25485,,,0.0,0.0,0,0,204,607.5,8.0,70.0,106.80555555555556,127.83759969616408,126.0,1.0145841245727307,313.697455374098,145.0,2.1634307267179174,109.83843524496771,106.0,1.0362116532544123,2.401413721205568,1.8764569310090882,1.3065388535150955,1.3901167189204855,2.9631445393482045,1.5528505146963163,2.3909934428026083,2.111164450962712
C:\Users\JackM\40xMBPCNP\40xN1N2N3N4lif\MDL_0606.lif,MDL_0606,0,Image 1,MDL_0606_S1_Image_1,11,17443,6647,1,2940,6647,0,32,113,37,7.035714285714286,2.3273657289002556,2.3873664185761156,1494.4913780286483,626.0,15470,2.4285714285714284,1.5357125840182333,651.142135623731,424.0,2940,7140,2.3273657289002556,2.3873664185761156,1494.4913780286483,626.0,6647,15470,,,0.0,0.0,0,0,140,512.5,13.0,15.0,67.5,139.65068027210884,126.0,1.1083387323183242,219.57018203700918,145.0,1.514277117496615,108.90615711252654,106.0,1.0274165765332692,2.401413721205568,1.8764569310090882,1.3065388535150955,1.3901167189204855,2.9631445393482045,1.5528505146963163,2.3909934428026083,2.111164450962712
C:\Users\JackM\40xMBPCNP\40xN1N2N3N4lif\MDL_0606.lif,MDL_0606,0,Image 1,MDL_0606_S1_Image_1,12,68593,22651,1,68593,308,22350,114,302,109,7.7531380753138075,2.740232219328065,2.834952302605604,3504.0010460205267,1236.0,62069,1.1055792865161167,1.0107729548298752,1352.414213562373,1338.0,68593,75835,139.8181818181818,0.11919387624298931,131.82842712474618,1106.0,308,43064,2.6900671140939596,2.7804284917931965,3381.0010460205267,1216.0,22350,60123,356,1292.5,17.0,200.0,179.84126984126985,270.0663916143047,126.0,2.1433840604309897,175.1883116883117,145.0,1.2081952530228393,135.74939597315435,106.0,1.2806546789920221,2.401413721205568,1.8764569310090882,1.3065388535150955,1.3901167189204855,2.9631445393482045,1.5528505146963163,2.3909934428026083,2.111164450962712
C:\Users\JackM\40xMBPCNP\40xN1N2N3N4lif\MDL_0606.lif,MDL_0606,0,Image 1,MDL_0606_S1_Image_1,13,23974,11122,1,20678,11122,0,26,83,24,10.746031746031745,1.8006653479590002,1.7789943839496158,1316.4558441227157,740.0,20027,1.1881226424218976,2.788361902053549,2141.4619407771256,768.0,20678,24568,1.8006653479590002,1.7789943839496158,1316.4558441227157,740.0,11122,20027,,,0.0,0.0,0,0,157,452.5,10.0,45.0,75.0,138.90371409227197,126.0,1.1024104293037458,310.3118144218666,145.0,2.140081478771494,111.30961067750427,106.0,1.0500906667689083,2.401413721205568,1.8764569310090882,1.3065388535150955,1.3901167189204855,2.9631445393482045,1.5528505146963163,2.3909934428026083,2.111164450962712
C:\Users\JackM\40xMBPCNP\40xN1N2N3N4lif\MDL_0606.lif,MDL_0606,0,Image 1,MDL_0606_S1_Image_1,15,32709,12392,2,3264,12392,141,22,50,6,15.347826086956522,2.037362814719174,1.618864580268511,1249.7634559672906,772.0,25247,4.030943627450981,1.1708006549279162,721.2132034355964,616.0,3264,13157,2.037362814719174,1.618864580268511,1249.7634559672906,772.0,12392,25247,1.7872340425531914,1.0156393868926759,85.31370849898477,84.0,141,252,149,452.5,10.0,45.0,72.5,163.46476715686273,126.0,1.297339421879863,329.69343124596514,145.0,2.2737478016963113,125.28368794326241,106.0,1.1819215843704,2.401413721205568,1.8764569310090882,1.3065388535150955,1.3901167189204855,2.9631445393482045,1.5528505146963163,2.3909934428026083,2.111164450962712
C:\Users\JackM\40xMBPCNP\40xN1N2N3N4lif\MDL_0606.lif,MDL_0606,0,Image 1,MDL_0606_S1_Image_1,16,9082,3264,1,0,3264,0,11,15,4,14.0,1.9396446078431373,1.1939086342827343,494.27817459305203,414.0,6331,,,0.0,0.0,0,0,1.9396446078431373,1.1939086342827343,494.27817459305203,414.0,3264,6331,,,0.0,0.0,0,0,94,192.5,10.0,30.0,45.0,132.85202205882354,126.0,1.0543811274509804,244.3624387254902,145.0,1.6852581981068289,109.3719362745098,106.0,1.0318107195708472,2.401413721205568,1.8764569310090882,1.3065388535150955,1.3901167189204855,2.9631445393482045,1.5528505146963163,2.3909934428026083,2.111164450962712
C:\Users\JackM\40xMBPCNP\40xN1N2N3N4lif\MDL_0606.lif,MDL_0606,0,Image 1,MDL_0606_S1_Image_1,18,7687,2560,1,214,2560,0,9,13,5,12.5,1.43828125,1.2516427420427385,408.03553390593277,326.0,3682,6.841121495327103,0.48478565071312724,108.69238815542512,224.20710678118655,214,1464,1.43828125,1.2516427420427385,408.03553390593277,326.0,2560,3682,,,0.0,0.0,0,0,64,127.5,5.0,30.0,30.0,139.27570093457945,126.0,1.1053627058299955,224.45234375,145.0,1.5479471982758621,110.02380952380952,106.0,1.03796046720575,2.401413721205568,1.8764569310090882,1.3065388535150955,1.3901167189204855,2.9631445393482045,1.5528505146963163,2.3909934428026083,2.111164450962712
C:\Users\JackM\40xMBPCNP\40xN1N2N3N4lif\MDL_0606.lif,MDL_0606,0,Image 1,MDL_0606_S1_Image_1,19,9057,2983,2,3010,2983,0,6,6,2,14.166666666666666,1.3027153871941,1.1389256127466174,316.62132034355966,278.0,3886,1.6591362126245848,1.0966472484536567,355.31370849898474,324.0,3010,4994,1.3027153871941,1.1389256127466174,316.62132034355966,278.0,2983,3886,,,0.0,0.0,0,0,85,102.5,4.0,65.0,44.23076923076923,161.45016611295682,126.0,1.2813505247060066,301.80422393563526,145.0,2.0814084409354154,111.8974921630094,106.0,1.0556367185189566,2.401413721205568,1.8764569310090882,1.3065388535150955,1.3901167189204855,2.9631445393482045,1.5528505146963163,2.3909934428026083,2.111164450962712
C:\Users\JackM\40xMBPCNP\40xN1N2N3N4lif\MDL_0606.lif,MDL_0606,0,Image 1,MDL_0606_S1_Image_1,20,53417,32599,4,53417,3161,32385,73,256,68,9.607329842931938,1.5729316850210129,2.4027094369560498,2662.202056147303,1108.0,51276,1.0403429619783964,1.0125448028673836,1130.0,1116.0,53417,55572,9.674470104397342,0.6865434610827986,584.9350288425444,852.0,3161,30581,1.5354948278524008,2.367503347806787,2566.373629022557,1084.0,32385,49727,310,1010.0,8.0,85.0,155.0,332.0478499354138,126.0,2.635300396312808,257.0461879152167,145.0,1.7727323304497704,145.7865060985024,106.0,1.3753443971556831,2.401413721205568,1.8764569310090882,1.3065388535150955,1.3901167189204855,2.9631445393482045,1.5528505146963163,2.3909934428026083,2.111164450962712
C:\Users\JackM\40xMBPCNP\40xN1N2N3N4lif\MDL_0606.lif,MDL_0606,0,Image 1,MDL_0606_S1_Image_1,22,26215,12548,3,23864,12536,301,30,88,30,11.548387096774194,2.0519604717883326,1.7053376477247093,1350.6274169979697,792.0,25748,1.2364649681528663,2.043296308016481,1753.1482322781408,858.0,23864,29507,2.0488991703892787,1.7078629002499617,1352.6274169979697,792.0,12536,25685,5.0664451827242525,0.7575548415786328,142.42031021678298,188.0,301,1525,127,452.5,8.0,65.0,60.0,154.04865068722762,126.0,1.2226083387875208,338.3881620931717,145.0,2.3337114627115287,125.64784053156146,106.0,1.1853569861468063,2.401413721205568,1.8764569310090882,1.3065388535150955,1.3901167189204855,2.9631445393482045,1.5528505146963163,2.3909934428026083,2.111164450962712
C:\Users\JackM\40xMBPCNP\40xN1N2N3N4lif\MDL_0606.lif,MDL_0606,0,Image 1,MDL_0606_S1_Image_1,23,96772,27929,3,96381,7373,26195,66,196,48,9.571428571428571,2.620716817644742,1.959717255691821,2590.7462120245873,1322.0,73194,1.105041450078335,1.1794638347648319,1887.142135623731,1600.0,96381,106505,7.142004611420046,1.2339770123753586,1436.3492424049175,1164.0,7373,52658,2.5403702996755104,1.6755336451191036,2141.3319984622144,1278.0,26195,66545,347,852.5,7.0,280.0,190.53571428571428,232.3482947883919,126.0,1.844034085622158,277.56598399565985,145.0,1.9142481654873094,144.79289940828403,106.0,1.365970749134755,2.401413721205568,1.8764569310090882,1.3065388535150955,1.3901167189204855,2.9631445393482045,1.5528505146963163,2.3909934428026083,2.111164450962712
C:\Users\JackM\40xMBPCNP\40xN1N2N3N4lif\MDL_0606.lif,MDL_0606,0,Image 1,MDL_0606_S1_Image_1,24,7225,2588,1,3373,2588,0,5,3,1,11.5,1.2751159196290571,1.0254792056893516,274.8284271247462,268.0,3300,1.2994367032315446,1.262850933989973,371.27817459305203,294.0,3373,4383,1.2751159196290571,1.0254792056893516,274.8284271247462,268.0,2588,3300,,,0.0,0.0,0,0,90,92.5,4.0,70.0,46.785714285714285,144.2309516750667,126.0,1.1446900926592596,289.3098918083462,145.0,1.9952406331610084,111.5565650644783,106.0,1.0524204251365878,2.401413721205568,1.8764569310090882,1.3065388535150955,1.3901167189204855,2.9631445393482045,1.5528505146963163,2.3909934428026083,2.111164450962712
C:\Users\JackM\40xMBPCNP\40xN1N2N3N4lif\MDL_0606.lif,MDL_0606,0,Image 1,MDL_0606_S1_Image_1,25,2676,2009,0,2676,1708,1295,5,14,7,12.8,1.2150323544051767,1.327892533671834,308.0710678118655,232.0,2441,1.0302690582959642,1.0,238.0,238.0,2676,2757,1.2822014051522248,1.1733411925211885,262.8284271247462,224.0,1708,2190,1.7513513513513514,1.2542838320619065,288.4852813742385,230.0,1295,2268,54,92.5,7.0,25.0,25.0,174.11285500747385,126.0,1.3818480556148718,257.269906323185,145.0,1.7742752160219657,130.7745173745174,106.0,1.233721862023749,2.401413721205568,1.8764569310090882,1.3065388535150955,1.3901167189204855,2.9631445393482045,1.5528505146963163,2.3909934428026083,2.111164450962712
C:\Users\JackM\40xMBPCNP\40xN1N2N3N4lif\MDL_0606.lif,MDL_0606,0,Image 1,MDL_0606_S1_Image_1,26,7184,4524,1,5359,4524,0,12,40,8,9.642857142857142,1.441423519009726,1.3238290578580454,606.3137084989847,458.0,6521,1.2757977234558686,1.4364364220787025,652.142135623731,454.0,5359,6837,1.441423519009726,1.3238290578580454,606.3137084989847,458.0,4524,6521,,,0.0,0.0,0,0,96,207.5,4.0,20.0,45.0,138.5851838029483,126.0,1.0998824111345105,276.08885941644564,145.0,1.904061099423763,110.6911196911197,106.0,1.0442558461426386,2.401413721205568,1.8764569310090882,1.3065388535150955,1.3901167189204855,2.9631445393482045,1.5528505146963163,2.3909934428026083,2.111164450962712
C:\Users\JackM\40xMBPCNP\40xN1N2N3N4lif\MDL_0606.lif,MDL_0606,0,Image 1,MDL_0606_S1_Image_1,27,11362,3026,1,3059,3026,0,17,15,2,10.9375,2.174818241903503,1.380963255232343,577.2426406871193,418.0,6581,1.3919581562602157,1.3040485428699935,427.72792206135784,328.0,3059,4258,2.174818241903503,1.380963255232343,577.2426406871193,418.0,3026,6581,,,0.0,0.0,0,0,91,227.5,8.0,30.0,42.5,157.7950310559006,126.0,1.2523415163166716,210.4233311302049,145.0,1.4511953871048613,109.10329562223315,106.0,1.0292763737946524,2.401413721205568,1.8764569310090882,1.3065388535150955,1.3901167189204855,2.9631445393482045,1.5528505146963163,2.3909934428026083,2.111164450962712
C:\Users\JackM\40xMBPCNP\40xN1N2N3N4lif\MDL_0606.lif,MDL_0606,0,Image 1,MDL_0606_S1_Image_1,28,28022,15009,3,12166,15009,0,24,111,27,10.506493506493506,2.0139249783463256,1.8536176241475641,1638.5979797464468,884.0,30227,1.6759822456024989,2.0946828553915915,1579.39087296526,754.0,12166,20390,2.0139249783463256,1.8536176241475641,1638.5979797464468,884.0,15009,30227,,,0.0,0.0,0,0,172,552.5,11.0,65.0,82.5,141.3219628472793,126.0,1.121602879740312,340.7326937171031,145.0,2.349880646324849,112.20756862108169,106.0,1.0585619681234122,2.401413721205568,1.8764569310090882,1.3065388535150955,1.3901167189204855,2.9631445393482045,1.5528505146963163,2.3909934428026083,2.111164450962712
C:\Users\JackM\40xMBPCNP\40xN1N2N3N4lif\MDL_0606.lif,MDL_0606,0,Image 1,MDL_0606_S1_Image_1,29,37503,16660,3,37,16660,0,36,106,21,12.571428571428571,2.4354141656662667,1.7589271670877116,2033.3198051533946,1156.0,40574,1.135135135135135,0.9206572964774874,23.207106781186546,25.207106781186546,37,42,2.4354141656662667,1.7589271670877116,2033.3198051533946,1156.0,16660,40574,,,0.0,0.0,0,0,217,667.5,9.0,170.0,105.0,142.16216216216216,126.0,1.1282711282711282,298.2672869147659,145.0,2.057015771825972,108.84495798319328,106.0,1.0268392262565404,2.401413721205568,1.8764569310090882,1.3065388535150955,1.3901167189204855,2.9631445393482045,1.5528505146963163,2.3909934428026083,2.111164450962712
C:\Users\JackM\40xMBPCNP\40xN1N2N3N4lif\MDL_0606.lif,MDL_0606,0,Image 1,MDL_0606_S1_Image_1,30,4526,2711,1,2217,2711,0,5,9,1,15.375,1.2180007377351532,1.1978887904815125,316.2426406871193,264.0,3302,1.3892647722147045,1.2510211471600412,322.7634559672906,258.0,2217,3080,1.2180007377351532,1.1978887904815125,316.2426406871193,264.0,2711,3302,,,0.0,0.0,0,0,57,117.5,9.0,30.0,23.125,140.1804239963915,126.0,1.1125430475904088,261.4441165621542,145.0,1.8030628728424427,111.43794871794871,106.0,1.0513014029995162,2.401413721205568,1.8764569310090882,1.3065388535150955,1.3901167189204855,2.9631445393482045,1.5528505146963163,2.3909934428026083,2.111164450962712
C:\Users\JackM\40xMBPCNP\40xN1N2N3N4lif\MDL_0606.lif,MDL_0606,0,Image 1,MDL_0606_S1_Image_1,31,26036,13068,2,2446,12917,237,44,147,37,8.4375,2.095117845117845,1.8228236841996708,1658.7695526217003,910.0,27379,3.0633687653311528,1.8051915255624134,794.2842712474619,440.0,2446,7493,2.031818533715259,1.7319919762331957,1576.1126983722081,910.0,12917,26245,7.578059071729958,0.5627611004056753,137.31370849898477,244.0,237,1796,178,592.5,10.0,45.0,85.0,138.9403107113655,126.0,1.102700878661631,338.3051792211814,145.0,2.3331391670426305,124.16877637130801,106.0,1.1714035506727172,2.401413721205568,1.8764569310090882,1.3065388535150955,1.3901167189204855,2.9631445393482045,1.5528505146963163,2.3909934428026083,2.111164450962712
C:\Users\JackM\40xMBPCNP\40xN1N2N3N4lif\MDL_0606.lif,MDL_0606,0,Image 1,MDL_0606_S1_Image_1,32,59726,36214,3,6629,36214,0,76,290,84,10.643564356435643,1.9190092229524494,2.82982235472287,3350.509667991878,1184.0,69495,2.0049781264142403,2.4873521173696473,1427.7401153701776,574.0,6629,13291,1.9190092229524494,2.82982235472287,3350.509667991878,1184.0,36214,69495,,,0.0,0.0,0,0,196,1137.5,16.0,85.0,95.0,148.86860763312717,126.0,1.1814968859771997,364.57513668746896,145.0,2.514311287499786,111.69338682824313,106.0,1.0537111964928598,2.401413721205568,1.8764569310090882,1.3065388535150955,1.3901167189204855,2.9631445393482045,1.5528505146963163,2.3909934428026083,2.111164450962712
C:\Users\JackM\40xMBPCNP\40xN1N2N3N4lif\MDL_0606.lif,MDL_0606,0,Image 1,MDL_0606_S1_Image_1,34,12734,5957,1,0,5957,0,23,49,6,10.694444444444445,2.454926976666107,1.545985020235678,973.970562748477,630.0,14624,,,0.0,0.0,0,0,2.454926976666107,1.545985020235678,973.970562748477,630.0,5957,14624,,,0.0,0.0,0,0,172,312.5,8.0,30.0,82.5,129.17760617760618,126.0,1.0252190966476682,312.8836662749706,145.0,2.1578183881032458,109.0391136478093,106.0,1.028670883469899,2.401413721205568,1.8764569310090882,1.3065388535150955,1.3901167189204855,2.9631445393482045,1.5528505146963163,2.3909934428026083,2.111164450962712
C:\Users\JackM\40xMBPCNP\40xN1N2N3N4lif\MDL_0606.lif,MDL_0606,0,Image 1,MDL_0606_S1_Image_1,35,103777,25301,3,100521,2026,24146,73,285,88,7.843601895734597,4.091656456266551,2.229130751979421,3508.651803615609,1574.0,103523,1.2155470001293263,1.553226463694757,2612.526911934581,1682.0,100521,122188,49.13622902270484,0.3832716401155957,599.8994949366117,1565.2071067811867,2026,99550,3.077238465998509,2.5708691481045056,3208.4446968344228,1248.0,24146,74303,409,1200.0,9.0,155.0,209.7826086956522,237.85748251609115,126.0,1.8877577977467552,174.6056268509378,145.0,1.2041767369030192,136.65381429636378,106.0,1.2891869273241865,2.401413721205568,1.8764569310090882,1.3065388535150955,1.3901167189204855,2.9631445393482045,1.5528505146963163,2.3909934428026083,2.111164450962712
C:\Users\JackM\40xMBPCNP\40xN1N2N3N4lif\MDL_0606.lif,MDL_0606,0,Image 1,MDL_0606_S1_Image_1,36,11558,3859,3,2545,3859,0,12,16,3,12.571428571428571,2.4330137341280125,1.0755873989973548,509.8284271247462,474.0,9389,1.9473477406679764,1.0555019357895759,386.31370849898474,366.0,2545,4956,2.4330137341280125,1.0755873989973548,509.8284271247462,474.0,3859,9389,,,0.0,0.0,0,0,104,182.5,8.0,30.0,49.333333333333336,139.16699410609039,126.0,1.1044999532229396,282.88390774812126,145.0,1.950923501711181,110.88396572827418,106.0,1.046075148379945,2.401413721205568,1.8764569310090882,1.3065388535150955,1.3901167189204855,2.9631445393482045,1.5528505146963163,2.3909934428026083,2.111164450962712
C:\Users\JackM\40xMBPCNP\40xN1N2N3N4lif\MDL_0606.lif,MDL_0606,0,Image 1,MDL_0606_S1_Image_1,37,38056,11115,2,3695,11115,0,22,54,7,15.733333333333333,2.4262708052181736,1.693728479219245,1622.5918830920368,958.0,26968,4.098782138024357,1.2335591114694977,863.4913780286485,700.0,3695,15145,2.4262708052181736,1.693728479219245,1622.5918830920368,958.0,11115,26968,,,0.0,0.0,0,0,201,542.5,7.0,75.0,97.5,140.9401894451962,126.0,1.1185729321047317,276.8141250562303,145.0,1.909062931422278,111.2845127375657,106.0,1.0498538937506199,2.401413721205568,1.8764569310090882,1.3065388535150955,1.3901167189204855,2.9631445393482045,1.5528505146963163,2.3909934428026083,2.111164450962712
C:\Users\JackM\40xMBPCNP\40xN1N2N3N4lif\MDL_0606.lif,MDL_0606,0,Image 1,MDL_0606_S1_Image_1,39,24479,9692,1,0,9692,0,20,90,25,10.542372881355933,2.1582748658687576,1.5776486058447272,1467.2132034355964,930.0,20918,,,0.0,0.0,0,0,2.1582748658687576,1.5776486058447272,1467.2132034355964,930.0,9692,20918,,,0.0,0.0,0,0,203,492.5,6.0,70.0,97.5,125.52434997936443,126.0,0.9962249998362256,259.8609162195625,145.0,1.7921442497900864,109.2258563763929,106.0,1.0304326073244614,2.401413721205568,1.8764569310090882,1.3065388535150955,1.3901167189204855,2.9631445393482045,1.5528505146963163,2.3909934428026083,2.111164450962712
C:\Users\JackM\40xMBPCNP\40xN1N2N3N4lif\MDL_0606.lif,MDL_0606,0,Image 1,MDL_0606_S1_Image_1,41,52420,20239,3,422,20239,0,49,127,21,13.369565217391305,3.2359306289836454,2.1513378459359087,2856.976659402887,1328.0,65492,1.504739336492891,0.8897321202278128,109.62132034355965,123.20710678118655,422,635,3.2359306289836454,2.1513378459359087,2856.976659402887,1328.0,20239,65492,,,0.0,0.0,0,0,345,937.5,11.0,275.0,170.0,135.47630331753555,126.0,1.0752087564883774,294.98552300014825,145.0,2.0343829172424015,110.01074473852826,106.0,1.0378372145144175,2.401413721205568,1.8764569310090882,1.3065388535150955,1.3901167189204855,2.9631445393482045,1.5528505146963163,2.3909934428026083,2.111164450962712
C:\Users\JackM\40xMBPCNP\40xN1N2N3N4lif\MDL_0606.lif,MDL_0606,0,Image 1,MDL_0606_S1_Image_1,42,6999,3324,2,1066,3324,0,7,13,0,17.09090909090909,1.3974127557160048,1.4822487060235494,495.0710678118655,334.0,4645,1.0844277673545966,1.1096649831220389,166.44974746830582,150.0,1066,1156,1.3974127557160048,1.4822487060235494,495.0710678118655,334.0,3324,4645,,,0.0,0.0,0,0,62,132.5,5.0,30.0,27.5,135.69230769230768,126.0,1.0769230769230769,261.88537906137185,145.0,1.8061060624922196,109.6095489162273,106.0,1.0340523482662953,2.401413721205568,1.8764569310090882,1.3065388535150955,1.3901167189204855,2.9631445393482045,1.5528505146963163,2.3909934428026083,2.111164450962712
C:\Users\JackM\40xMBPCNP\40xN1N2N3N4lif\MDL_0606.lif,MDL_0606,0,Image 1,MDL_0606_S1_Image_1,43,8532,2823,1,0,2823,0,12,31,9,9.521739130434783,1.9050655331207935,1.570383239215981,537.0710678118655,342.0,5378,,,0.0,0.0,0,0,1.9050655331207935,1.570383239215981,537.0710678118655,342.0,2823,5378,,,0.0,0.0,0,0,69,180.0,7.0,45.0,32.5,122.2720510095643,126.0,0.9704131032505102,201.77718738930216,145.0,1.3915668095813942,107.07509741409848,106.0,1.0101424284348912,2.401413721205568,1.8764569310090882,1.3065388535150955,1.3901167189204855,2.9631445393482045,1.5528505146963163,2.3909934428026083,2.111164450962712
C:\Users\JackM\40xMBPCNP\40xN1N2N3N4lif\MDL_0606.lif,MDL_0606,0,Image 1,MDL_0606_S1_Image_1,44,34658,16575,5,1,16575,0,28,80,14,15.894736842105264,2.803016591251885,1.550326832293133,1789.0771644662755,1154.0,46460,1.0,,0.0,0.0,1,1,2.803016591251885,1.550326832293133,1789.0771644662755,1154.0,16575,46460,,,0.0,0.0,0,0,208,597.5,9.0,45.0,102.5,138.0,126.0,1.0952380952380953,391.0585822021116,145.0,2.6969557393249075,106.40820512820513,106.0,1.00385099177552,2.401413721205568,1.8764569310090882,1.3065388535150955,1.3901167189204855,2.9631445393482045,1.5528505146963163,2.3909934428026083,2.111164450962712
C:\Users\JackM\40xMBPCNP\40xN1N2N3N4lif\MDL_0606.lif,MDL_0606,0,Image 1,MDL_0606_S1_Image_1,45,24312,7509,2,0,7509,0,30,54,6,13.619047619047619,3.2991077373818083,2.059643283264812,1499.420310216783,728.0,24773,,,0.0,0.0,0,0,3.2991077373818083,2.059643283264812,1499.420310216783,728.0,7509,24773,,,0.0,0.0,0,0,218,527.5,6.0,50.0,107.5,122.45145825009988,126.0,0.9718369702388879,246.79118391263816,145.0,1.702008164914746,108.74004527899854,106.0,1.0258494837641372,2.401413721205568,1.8764569310090882,1.3065388535150955,1.3901167189204855,2.9631445393482045,1.5528505146963163,2.3909934428026083,2.111164450962712
C:\Users\JackM\40xMBPCNP\40xN1N2N3N4lif\MDL_0606.lif,MDL_0606,0,Image 1,MDL_0606_S1_Image_1,46,4895,3394,1,0,3394,0,7,26,3,10.68421052631579,1.3730111962286389,1.4433845000907661,487.8639610306789,338.0,4660,,,0.0,0.0,0,0,1.3730111962286389,1.4433845000907661,487.8639610306789,338.0,3394,4660,,,0.0,0.0,0,0,91,150.0,4.0,5.0,42.5,118.93429581614615,126.0,0.9439229826678266,255.68532704773128,145.0,1.763347083087802,108.16882734236889,106.0,1.020460635305367,2.401413721205568,1.8764569310090882,1.3065388535150955,1.3901167189204855,2.9631445393482045,1.5528505146963163,2.3909934428026083,2.111164450962712
C:\Users\JackM\40xMBPCNP\40xN1N2N3N4lif\MDL_0606.lif,MDL_0606,0,Image 1,MDL_0606_S1_Image_1,47,13615,7532,1,0,7532,0,17,63,12,12.5,2.0266861391396707,1.458392390146696,1149.2132034355964,788.0,15265,,,0.0,0.0,0,0,2.0266861391396707,1.458392390146696,1149.2132034355964,788.0,7532,15265,,,0.0,0.0,0,0,173,382.5,6.0,65.0,85.0,119.27283590015932,126.0,0.9466098087314232,274.6894583112055,145.0,1.8944100573186586,108.38821030270844,106.0,1.022530285874608,2.401413721205568,1.8764569310090882,1.3065388535150955,1.3901167189204855,2.9631445393482045,1.5528505146963163,2.3909934428026083,2.111164450962712
C:\Users\JackM\40xMBPCNP\40xN1N2N3N4lif\MDL_0606.lif,MDL_0606,0,Image 1,MDL_0606_S1_Image_1,48,3589,2398,1,1590,2398,0,11,27,10,8.318181818181818,1.3953294412010009,1.409774359828657,386.27817459305203,274.0,3346,1.1654088050314466,1.3773424347307595,264.4497474683058,192.0,1590,1853,1.3953294412010009,1.409774359828657,386.27817459305203,274.0,2398,3346,,,0.0,0.0,0,0,53,147.5,6.0,25.0,25.0,136.04528301886793,126.0,1.0797244684037137,235.74770642201835,145.0,1.6258462511863334,107.48477842003854,106.0,1.0140073435852692,2.401413721205568,1.8764569310090882,1.3065388535150955,1.3901167189204855,2.9631445393482045,1.5528505146963163,2.3909934428026083,2.111164450962712
C:\Users\JackM\40xMBPCNP\40xN1N2N3N4lif\MDL_0606.lif,MDL_0606,1,Image 2,MDL_0606_S2_Image_2,1,8394,3521,1,7893,0,3521,26,58,21,7.530612244897959,2.4314115308151094,1.768859747696096,817.2132034355964,462.0,8561,1.1040162169010517,1.402751229030012,648.0710678118655,462.0,7893,8714,,,0.0,0.0,0,0,2.4314115308151094,1.768859747696096,817.2132034355964,462.0,3521,8561,91,312.5,11.0,40.0,42.5,155.268719118206,128.0,1.2130368681109844,144.95928688835505,151.0,0.9599952774063248,131.4180630502698,108.0,1.2168339171321279,2.055510829607069,2.0547661353692925,1.68217529948434,1.5754841777189257,2.3073875273789053,1.9707547419614866,1.5725456125108601,2.0096448509911466
C:\Users\JackM\40xMBPCNP\40xN1N2N3N4lif\MDL_0606.lif,MDL_0606,1,Image 2,MDL_0606_S2_Image_2,2,23910,12090,6,0,11701,405,34,115,36,9.651685393258427,2.1277088502894954,1.6672712810152812,1589.254833995939,953.2071067811866,25724,,,0.0,0.0,0,0,2.190752927100248,1.5239741086376186,1452.6629509039021,953.2071067811866,11701,25634,1.1950617283950618,1.4628745434862396,149.21320343559643,102.0,405,484,208,552.5,7.0,90.0,102.5,124.09007444168735,128.0,0.9694537065756824,317.5643962054525,151.0,2.103075471559288,126.7432098765432,108.0,1.1735482395976222,2.055510829607069,2.0547661353692925,1.68217529948434,1.5754841777189257,2.3073875273789053,1.9707547419614866,1.5725456125108601,2.0096448509911466
C:\Users\JackM\40xMBPCNP\40xN1N2N3N4lif\MDL_0606.lif,MDL_0606,1,Image 2,MDL_0606_S2_Image_2,3,23421,6838,3,0,6838,0,23,65,11,11.936170212765957,2.429072828312372,1.7958410785287966,1246.3137084989849,694.0,16610,,,0.0,0.0,0,0,2.429072828312372,1.7958410785287966,1246.3137084989849,694.0,6838,16610,,,0.0,0.0,0,0,146,382.5,7.0,65.0,70.0,126.52076630593741,128.0,0.988443486765136,242.2544603685288,151.0,1.6043341746260187,109.83781807546066,108.0,1.0170168340320431,2.055510829607069,2.0547661353692925,1.68217529948434,1.5754841777189257,2.3073875273789053,1.9707547419614866,1.5725456125108601,2.0096448509911466
C:\Users\JackM\40xMBPCNP\40xN1N2N3N4lif\MDL_0606.lif,MDL_0606,1,Image 2,MDL_0606_S2_Image_2,4,32811,12401,2,171,12401,0,43,138,23,10.193877551020408,2.1441819208128376,2.128394022503316,2068.7989898732235,972.0,26590,20.093567251461987,0.21451776903981232,92.24264068711929,430.0,171,3436,2.1441819208128376,2.128394022503316,2068.7989898732235,972.0,12401,26590,,,0.0,0.0,0,0,201,707.5,13.0,40.0,97.5,132.2982456140351,128.0,1.0335800438596492,260.7040561245061,151.0,1.7265169279768617,110.63775266592393,108.0,1.0244236357955918,2.055510829607069,2.0547661353692925,1.68217529948434,1.5754841777189257,2.3073875273789053,1.9707547419614866,1.5725456125108601,2.0096448509911466
C:\Users\JackM\40xMBPCNP\40xN1N2N3N4lif\MDL_0606.lif,MDL_0606,1,Image 2,MDL_0606_S2_Image_2,5,30631,14977,4,0,14977,0,34,105,18,11.818181818181818,2.3851906256259596,1.9432982421200498,1881.1126983722081,968.0,35723,,,0.0,0.0,0,0,2.3851906256259596,1.9432982421200498,1881.1126983722081,968.0,14977,35723,,,0.0,0.0,0,0,204,642.5,9.0,150.0,104.45945945945945,127.28143152834346,128.0,0.9943861838151833,314.95960472724846,151.0,2.085825196869195,109.72638045002337,108.0,1.015985004166883,2.055510829607069,2.0547661353692925,1.68217529948434,1.5754841777189257,2.3073875273789053,1.9707547419614866,1.5725456125108601,2.0096448509911466
C:\Users\JackM\40xMBPCNP\40xN1N2N3N4lif\MDL_0606.lif,MDL_0606,1,Image 2,MDL_0606_S2_Image_2,6,3349,2530,1,0,2530,0,9,21,6,8.647058823529411,1.3426877470355731,1.2837146787534806,344.03553390593277,268.0,3397,,,0.0,0.0,0,0,1.3426877470355731,1.2837146787534806,344.03553390593277,268.0,2530,3397,,,0.0,0.0,0,0,59,117.5,5.0,35.0,27.5,125.65612648221344,128.0,0.9816884881422925,276.4818181818182,151.0,1.831005418422637,111.59288537549408,108.0,1.0332674571805007,2.055510829607069,2.0547661353692925,1.68217529948434,1.5754841777189257,2.3073875273789053,1.9707547419614866,1.5725456125108601,2.0096448509911466
C:\Users\JackM\40xMBPCNP\40xN1N2N3N4lif\MDL_0606.lif,MDL_0606,1,Image 2,MDL_0606_S2_Image_2,7,32601,16431,2,8100,16431,0,42,144,33,11.523809523809524,2.144665571176435,2.9022058244283575,2553.9411254969546,880.0,35239,2.5309876543209877,1.4424799900357792,1018.3908729652601,706.0,8100,20501,2.144665571176435,2.9022058244283575,2553.9411254969546,880.0,16431,35239,,,0.0,0.0,0,0,140,792.5,16.0,105.0,67.5,139.74037037037036,128.0,1.0917216435185184,276.30880652425293,151.0,1.8298596458559797,112.35263402781368,108.0,1.0403021669242007,2.055510829607069,2.0547661353692925,1.68217529948434,1.5754841777189257,2.3073875273789053,1.9707547419614866,1.5725456125108601,2.0096448509911466
C:\Users\JackM\40xMBPCNP\40xN1N2N3N4lif\MDL_0606.lif,MDL_0606,1,Image 2,MDL_0606_S2_Image_2,8,16489,7302,3,130,7302,0,26,68,11,11.038461538461538,2.1648863325116405,2.2454542457928417,1351.7634559672906,602.0,15808,33.246153846153845,0.26452055929408846,90.52081528017132,342.20710678118655,130,4322,2.1648863325116405,2.2454542457928417,1351.7634559672906,602.0,7302,15808,,,0.0,0.0,0,0,119,502.5,9.0,50.0,57.5,142.06153846153848,128.0,1.1098557692307693,248.01355792933444,151.0,1.6424738935717513,112.1634563212154,108.0,1.0385505214927353,2.055510829607069,2.0547661353692925,1.68217529948434,1.5754841777189257,2.3073875273789053,1.9707547419614866,1.5725456125108601,2.0096448509911466
C:\Users\JackM\40xMBPCNP\40xN1N2N3N4lif\MDL_0606.lif,MDL_0606,1,Image 2,MDL_0606_S2_Image_2,9,10427,6149,4,5085,6149,0,18,53,13,9.463414634146341,1.4051065213855911,1.6526942675004117,687.5208152801713,416.0,8640,1.311897738446411,1.4122678298660243,505.5918830920367,358.0,5085,6671,1.4051065213855911,1.6526942675004117,687.5208152801713,416.0,6149,8640,,,0.0,0.0,0,0,72,247.5,13.0,40.0,32.5,141.03952802359882,128.0,1.1018713126843658,278.03203772971216,151.0,1.8412717730444514,113.06801125703565,108.0,1.0469260301577374,2.055510829607069,2.0547661353692925,1.68217529948434,1.5754841777189257,2.3073875273789053,1.9707547419614866,1.5725456125108601,2.0096448509911466
C:\Users\JackM\40xMBPCNP\40xN1N2N3N4lif\MDL_0606.lif,MDL_0606,1,Image 2,MDL_0606_S2_Image_2,10,25563,9325,4,311,9265,79,26,67,8,12.11320754716981,2.4159785522788204,1.6389166877089412,1372.1126983722081,837.2071067811866,22529,30.073954983922828,0.2187298558953995,119.86396103067892,548.0,311,9353,2.413815434430653,1.5879228681275896,1329.420310216783,837.2071067811866,9265,22364,2.5822784810126582,1.1483249156101947,68.89949493661167,60.0,79,204,164,442.5,7.0,80.0,80.0,139.524115755627,128.0,1.090032154340836,282.10091743119267,151.0,1.868217996233064,121.54430379746836,108.0,1.1254102203469292,2.055510829607069,2.0547661353692925,1.68217529948434,1.5754841777189257,2.3073875273789053,1.9707547419614866,1.5725456125108601,2.0096448509911466
C:\Users\JackM\40xMBPCNP\40xN1N2N3N4lif\MDL_0606.lif,MDL_0606,1,Image 2,MDL_0606_S2_Image_2,11,38481,16918,3,28933,16917,29,62,164,33,9.64,2.634767703038184,2.2225495938271074,2587.0477272147527,1164.0,44575,1.4916531296443507,1.8421468495261049,2140.574639149334,1162.0,28933,43158,2.6349234497842406,2.222371667039146,2586.840620433566,1164.0,16917,44575,1.4137931034482758,0.7177048020650187,21.82842712474619,30.414213562373096,29,41,233,892.5,10.0,60.0,115.0,141.83848892268344,128.0,1.1081131947084644,270.0508955488562,151.0,1.7884165268136172,114.72413793103448,108.0,1.0622605363984674,2.055510829607069,2.0547661353692925,1.68217529948434,1.5754841777189257,2.3073875273789053,1.9707547419614866,1.5725456125108601,2.0096448509911466
C:\Users\JackM\40xMBPCNP\40xN1N2N3N4lif\MDL_0606.lif,MDL_0606,1,Image 2,MDL_0606_S2_Image_2,12,13185,6879,2,11561,6879,21,34,54,20,10.277777777777779,2.003488879197558,1.7708212886766481,1087.284271247462,614.0,13782,1.2280079577891185,1.6195439676983323,1013.834523779156,626.0,11561,14197,2.003488879197558,1.7708212886766481,1087.284271247462,614.0,6879,13782,3.4285714285714284,0.36642397657007886,14.0,38.207106781186546,21,72,196,497.5,7.0,65.0,99.42857142857143,139.978981057002,128.0,1.093585789507828,295.18113097833987,151.0,1.9548419270088733,127.95238095238095,108.0,1.1847442680776015,2.055510829607069,2.0547661353692925,1.68217529948434,1.5754841777189257,2.3073875273789053,1.9707547419614866,1.5725456125108601,2.0096448509911466
C:\Users\JackM\40xMBPCNP\40xN1N2N3N4lif\MDL_0606.lif,MDL_0606,1,Image 2,MDL_0606_S2_Image_2,13,31720,17482,3,22888,17482,554,61,160,30,9.322314049586776,1.9067040384395377,2.2520515750649492,2004.3259018078047,890.0,33333,1.3025602936036351,1.709126267834447,1471.9116882454314,861.2071067811866,22888,29813,1.9067040384395377,2.2520515750649492,2004.3259018078047,890.0,17482,33333,2.2906137184115525,0.6704017760953869,126.03553390593274,188.0,554,1269,153,772.5,15.0,85.0,72.5,143.14968542467668,128.0,1.1183569173802865,323.2061549021851,151.0,2.140438111935001,129.5505415162455,108.0,1.199542051076347,2.055510829607069,2.0547661353692925,1.68217529948434,1.5754841777189257,2.3073875273789053,1.9707547419614866,1.5725456125108601,2.0096448509911466
C:\Users\JackM\40xMBPCNP\40xN1N2N3N4lif\MDL_0606.lif,MDL_0606,1,Image 2,MDL_0606_S2_Image_2,14,82683,57360,7,82683,11496,49799,102,489,113,10.012048192771084,1.5884937238493724,3.238504852703019,4585.722871427475,1416.0,91116,1.1177146450902846,1.0598138750436787,1513.414213562373,1428.0,82683,92416,6.923799582463466,1.4219571878733392,2013.4913780286483,1416.0,11496,79596,1.6279443362316512,2.928788437976626,3778.1370849898476,1290.0,49799,81070,213,1487.5,26.0,150.0,105.0,262.8152824643518,128.0,2.0532443942527485,281.40596729297147,151.0,1.863615677436897,146.60820498403584,108.0,1.3574833794818133,2.055510829607069,2.0547661353692925,1.68217529948434,1.5754841777189257,2.3073875273789053,1.9707547419614866,1.5725456125108601,2.0096448509911466
C:\Users\JackM\40xMBPCNP\40xN1N2N3N4lif\MDL_0606.lif,MDL_0606,1,Image 2,MDL_0606_S2_Image_2,15,26155,12185,1,20,12185,0,25,94,15,12.3125,2.5327041444398852,1.8678481240687335,1696.00609665441,908.0,30861,110.85,0.04165957676986444,14.414213562373096,346.0,20,2217,2.5327041444398852,1.8678481240687335,1696.00609665441,908.0,12185,30861,,,0.0,0.0,0,0,203,550.0,9.0,145.0,104.45945945945945,145.35,128.0,1.135546875,283.65063602790315,151.0,1.8784810332973718,109.31654085986216,108.0,1.0121901931468718,2.055510829607069,2.0547661353692925,1.68217529948434,1.5754841777189257,2.3073875273789053,1.9707547419614866,1.5725456125108601,2.0096448509911466
C:\Users\JackM\40xMBPCNP\40xN1N2N3N4lif\MDL_0606.lif,MDL_0606,1,Image 2,MDL_0606_S2_Image_2,16,17947,15113,4,7622,15113,314,26,136,37,9.922222222222222,1.3341494077946139,1.726016384286158,1149.5269119345812,666.0,20163,1.9812385200734715,2.192944686370579,1346.4680374315353,614.0,7622,15101,1.3341494077946139,1.726016384286158,1149.5269119345812,666.0,15113,20163,1.3089171974522293,1.002353486149847,88.20710678118655,88.0,314,411,128,362.5,12.0,65.0,62.5,138.53660456573078,128.0,1.0823172231697717,449.02626877522664,151.0,2.9736838991736865,127.7547770700637,108.0,1.1829146025005899,2.055510829607069,2.0547661353692925,1.68217529948434,1.5754841777189257,2.3073875273789053,1.9707547419614866,1.5725456125108601,2.0096448509911466
C:\Users\JackM\40xMBPCNP\40xN1N2N3N4lif\MDL_0606.lif,MDL_0606,1,Image 2,MDL_0606_S2_Image_2,17,34418,17773,2,27339,17773,0,37,95,18,15.63013698630137,2.241827491138243,2.3781367061205327,2354.3553390593274,990.0,39844,1.4652328175865978,2.6824365740662555,2628.7878425849303,980.0,27339,40058,2.241827491138243,2.3781367061205327,2354.3553390593274,990.0,17773,39844,,,0.0,0.0,0,0,285,770.0,12.0,165.0,140.0,138.91894363363693,128.0,1.0853042471377885,301.05058234400497,151.0,1.9937124658543375,111.99287427201097,108.0,1.0369710580741756,2.055510829607069,2.0547661353692925,1.68217529948434,1.5754841777189257,2.3073875273789053,1.9707547419614866,1.5725456125108601,2.0096448509911466
C:\Users\JackM\40xMBPCNP\40xN1N2N3N4lif\MDL_0606.lif,MDL_0606,1,Image 2,MDL_0606_S2_Image_2,18,35203,20207,4,31935,20207,0,50,162,43,9.83969465648855,2.207848765279359,2.3272919522593405,2615.8761543394985,1124.0,44614,1.4680444653201816,2.757870744740192,3099.846717087976,1124.0,31935,46882,2.207848765279359,2.3272919522593405,2615.8761543394985,1124.0,20207,44614,,,0.0,0.0,0,0,222,857.5,12.0,115.0,107.5,137.97851886644747,128.0,1.0779571786441209,313.2646607611224,151.0,2.074600402391539,112.24311059626875,108.0,1.0392880610765625,2.055510829607069,2.0547661353692925,1.68217529948434,1.5754841777189257,2.3073875273789053,1.9707547419614866,1.5725456125108601,2.0096448509911466
C:\Users\JackM\40xMBPCNP\40xN1N2N3N4lif\MDL_0606.lif,MDL_0606,1,Image 2,MDL_0606_S2_Image_2,19,31241,14195,4,18998,14195,52,37,88,16,14.8,3.0956674885523072,2.132394167716719,2533.284271247462,1188.0,43943,2.295662701336983,3.3080039078804977,3843.900540957138,1162.0,18998,43613,3.0956674885523072,2.132394167716719,2533.284271247462,1188.0,14195,43943,2.9423076923076925,0.3738510900619884,28.86396103067893,77.20710678118655,52,153,250,867.5,8.0,170.0,122.5,137.9518370354774,128.0,1.0777487268396673,269.19971821063757,151.0,1.7827795907989243,118.07692307692308,108.0,1.0933048433048433,2.055510829607069,2.0547661353692925,1.68217529948434,1.5754841777189257,2.3073875273789053,1.9707547419614866,1.5725456125108601,2.0096448509911466
C:\Users\JackM\40xMBPCNP\40xN1N2N3N4lif\MDL_0606.lif,MDL_0606,1,Image 2,MDL_0606_S2_Image_2,20,20408,15438,2,19925,15438,0,25,101,24,10.438356164383562,1.37304054929395,1.3629146001945904,1123.0416305603426,824.0,21197,1.1158845671267252,1.3146482989547355,1085.8994949366115,826.0,19925,22234,1.37304054929395,1.3629146001945904,1123.0416305603426,824.0,15438,21197,,,0.0,0.0,0,0,164,392.5,6.0,30.0,80.0,140.77515683814303,128.0,1.0998059127979924,366.1723021116725,151.0,2.424982133189884,112.16469832485052,108.0,1.0385620215263938,2.055510829607069,2.0547661353692925,1.68217529948434,1.5754841777189257,2.3073875273789053,1.9707547419614866,1.5725456125108601,2.0096448509911466
C:\Users\JackM\40xMBPCNP\40xN1N2N3N4lif\MDL_0606.lif,MDL_0606,1,Image 2,MDL_0606_S2_Image_2,21,41764,19026,6,1872,19020,6,54,112,22,12.303921568627452,2.811678755387365,2.1784996904025826,2670.840620433566,1226.0,53495,14.531517094017094,0.5626073400607907,481.5918830920368,856.0,1872,27203,2.812565720294427,2.1732678685735665,2664.4264068711927,1226.0,19020,53495,1.1666666666666667,1.0333660735166146,6.414213562373095,6.207106781186548,6,7,198,957.5,13.0,95.0,97.5,142.12019230769232,128.0,1.1103140024038463,314.2084647739222,151.0,2.0808507600921997,127.0,108.0,1.1759259259259258,2.055510829607069,2.0547661353692925,1.68217529948434,1.5754841777189257,2.3073875273789053,1.9707547419614866,1.5725456125108601,2.0096448509911466
C:\Users\JackM\40xMBPCNP\40xN1N2N3N4lif\MDL_0606.lif,MDL_0606,1,Image 2,MDL_0606_S2_Image_2,23,8167,4863,1,1498,4863,0,18,62,17,8.404255319148936,1.6446637877853176,1.8371109170814726,778.9350288425444,424.0,7998,3.522696929238985,1.5546030891204605,525.4558441227157,338.0,1498,5277,1.6446637877853176,1.8371109170814726,778.9350288425444,424.0,4863,7998,,,0.0,0.0,0,0,128,280.0,7.0,110.0,65.0,138.6275033377837,128.0,1.0830273698264352,273.4980464733703,151.0,1.8112453408832472,112.6124821537834,108.0,1.042708168090587,2.055510829607069,2.0547661353692925,1.68217529948434,1.5754841777189257,2.3073875273789053,1.9707547419614866,1.5725456125108601,2.0096448509911466
C:\Users\JackM\40xMBPCNP\40xN1N2N3N4lif\MDL_0606.lif,MDL_0606,1,Image 2,MDL_0606_S2_Image_2,24,25545,12627,2,4870,12627,0,38,120,32,11.156626506024097,2.0042765502494655,1.8726177936419568,2101.0771644662755,1122.0,25308,2.309650924024641,1.0950864983289492,676.7634559672906,618.0,4870,11248,2.0042765502494655,1.8726177936419568,2101.0771644662755,1122.0,12627,25308,,,0.0,0.0,0,0,202,667.5,6.0,45.0,97.5,147.10739219712525,128.0,1.149276501540041,267.6902668884137,151.0,1.7727832244265809,111.84075947612779,108.0,1.035562587741924,2.055510829607069,2.0547661353692925,1.68217529948434,1.5754841777189257,2.3073875273789053,1.9707547419614866,1.5725456125108601,2.0096448509911466
C:\Users\JackM\40xMBPCNP\40xN1N2N3N4lif\MDL_0606.lif,MDL_0606,1,Image 2,MDL_0606_S2_Image_2,25,90076,65451,8,89999,32835,53841,70,285,65,13.756476683937823,1.8962735481505248,2.499331489828893,4178.882250993909,1672.0,124113,1.3775708618984654,1.1876964277061879,1985.8284271247462,1672.0,89999,123980,3.7798994974874374,2.324173618399061,3886.01828996323,1672.0,32835,124113,1.4878624096877844,2.3830425516907194,3074.124891681028,1290.0,53841,80108,295,1412.5,17.0,170.0,145.0,277.80330892565473,128.0,2.1703383509816776,308.852200395919,151.0,2.045378810569,145.95683586857598,108.0,1.351452183968296,2.055510829607069,2.0547661353692925,1.68217529948434,1.5754841777189257,2.3073875273789053,1.9707547419614866,1.5725456125108601,2.0096448509911466
C:\Users\JackM\40xMBPCNP\40xN1N2N3N4lif\MDL_0606.lif,MDL_0606,1,Image 2,MDL_0606_S2_Image_2,26,38550,19700,3,12202,19408,293,50,206,66,9.602836879432624,2.5592893401015226,2.1634061608353585,2695.6040764008567,1246.0,50418,1.9968038026553023,3.5460502856670466,2801.3797256769667,790.0,12202,24365,2.5866652926628193,2.074430269157446,2584.7401153701776,1246.0,19408,50202,1.10580204778157,1.2574302519247085,109.65685424949237,87.20710678118655,293,324,271,932.5,10.0,75.0,132.5,137.77692181609572,128.0,1.0763822016882478,295.90174154987636,151.0,1.9596141824495124,132.7679180887372,108.0,1.2293325748957147,2.055510829607069,2.0547661353692925,1.68217529948434,1.5754841777189257,2.3073875273789053,1.9707547419614866,1.5725456125108601,2.0096448509911466
C:\Users\JackM\40xMBPCNP\40xN1N2N3N4lif\MDL_0606.lif,MDL_0606,1,Image 2,MDL_0606_S2_Image_2,27,19454,10961,3,6384,10961,0,31,124,29,9.5,1.9700757230179728,2.303386385946372,1709.112698372208,742.0,21594,2.594298245614035,2.0615201742163047,1397.7106781186546,678.0,6384,16562,1.9700757230179728,2.303386385946372,1709.112698372208,742.0,10961,21594,,,0.0,0.0,0,0,139,532.5,13.0,100.0,67.5,138.87468671679198,128.0,1.0849584899749374,289.61207918985497,151.0,1.9179607893367878,114.01175229772488,108.0,1.0556643731270823,2.055510829607069,2.0547661353692925,1.68217529948434,1.5754841777189257,2.3073875273789053,1.9707547419614866,1.5725456125108601,2.0096448509911466
C:\Users\JackM\40xMBPCNP\40xN1N2N3N4lif\MDL_0606.lif,MDL_0606,1,Image 2,MDL_0606_S2_Image_2,28,27057,13593,4,818,13593,0,27,73,14,13.351851851851851,2.288677996027367,1.6929454436430083,1618.455844122716,956.0,31110,3.0990220048899757,1.2970618716855855,306.1066017177982,236.0,818,2535,2.288677996027367,1.6929454436430083,1618.455844122716,956.0,13593,31110,,,0.0,0.0,0,0,192,522.5,8.0,55.0,92.5,138.8312958435208,128.0,1.0846194987775062,292.68748620613553,151.0,1.9383277232194407,110.90700226823736,108.0,1.0269166876688645,2.055510829607069,2.0547661353692925,1.68217529948434,1.5754841777189257,2.3073875273789053,1.9707547419614866,1.5725456125108601,2.0096448509911466
C:\Users\JackM\40xMBPCNP\40xN1N2N3N4lif\MDL_0606.lif,MDL_0606,1,Image 2,MDL_0606_S2_Image_2,29,24664,16669,4,22155,16669,0,43,136,28,10.923076923076923,1.5383646289519468,1.7785848975808665,1629.1837661840736,916.0,25643,1.1906567366283005,1.669731696838149,1519.4558441227157,910.0,22155,26379,1.5383646289519468,1.7785848975808665,1629.1837661840736,916.0,16669,25643,,,0.0,0.0,0,0,225,637.5,15.0,45.0,110.0,138.55675919656963,128.0,1.0824746812232002,332.8299838022677,151.0,2.2041720781607133,114.04265986828128,108.0,1.0559505543359378,2.055510829607069,2.0547661353692925,1.68217529948434,1.5754841777189257,2.3073875273789053,1.9707547419614866,1.5725456125108601,2.0096448509911466
C:\Users\JackM\40xMBPCNP\40xN1N2N3N4lif\MDL_0606.lif,MDL_0606,1,Image 2,MDL_0606_S2_Image_2,30,4403,2584,1,1170,2584,0,12,34,8,8.11111111111111,1.4659442724458205,1.4660184591722447,416.3492424049175,284.0,3788,1.0572649572649573,1.0202665042944956,163.2426406871193,160.0,1170,1237,1.4659442724458205,1.4660184591722447,416.3492424049175,284.0,2584,3788,,,0.0,0.0,0,0,55,142.5,7.0,15.0,25.0,137.16837606837606,128.0,1.071627938034188,256.05688854489165,151.0,1.6957409837410042,109.61735261401557,108.0,1.0149754871668109,2.055510829607069,2.0547661353692925,1.68217529948434,1.5754841777189257,2.3073875273789053,1.9707547419614866,1.5725456125108601,2.0096448509911466
C:\Users\JackM\40xMBPCNP\40xN1N2N3N4lif\MDL_0606.lif,MDL_0606,1,Image 2,MDL_0606_S2_Image_2,31,24819,12917,6,5802,12865,83,32,136,43,9.642857142857142,2.0018580165673145,2.52406352900218,1968.7695526217003,780.0,25858,3.166321957945536,1.6979556747658646,1117.254833995939,658.0,5802,18371,2.001088223863195,2.4904401617487326,1937.5624458405139,778.0,12865,25744,1.5421686746987953,0.8211357152152267,56.828427124746185,69.20710678118655,83,128,138,680.0,20.0,85.0,65.0,138.47001034126163,128.0,1.0817969557911065,272.11853867081226,151.0,1.8021095276212733,128.44578313253012,108.0,1.1893128067826864,2.055510829607069,2.0547661353692925,1.68217529948434,1.5754841777189257,2.3073875273789053,1.9707547419614866,1.5725456125108601,2.0096448509911466
C:\Users\JackM\40xMBPCNP\40xN1N2N3N4lif\MDL_0606.lif,MDL_0606,1,Image 2,MDL_0606_S2_Image_2,32,35043,18991,2,14385,18991,841,32,158,35,10.951456310679612,1.859565057132326,2.138211585309584,2193.805086527633,1026.0,35315,1.8044490789016336,2.287733974520467,2090.988852711707,914.0,14385,25957,1.859565057132326,2.138211585309584,2193.805086527633,1026.0,18991,35315,1.4625445897740785,1.3120038822865299,275.5208152801713,210.0,841,1230,194,682.5,12.0,80.0,95.0,138.1144247480014,128.0,1.079018943343761,308.73945553156756,151.0,2.0446321558381957,127.7205707491082,108.0,1.1825978773065575,2.055510829607069,2.0547661353692925,1.68217529948434,1.5754841777189257,2.3073875273789053,1.9707547419614866,1.5725456125108601,2.0096448509911466
C:\Users\JackM\40xMBPCNP\40xN1N2N3N4lif\MDL_0606.lif,MDL_0606,1,Image 2,MDL_0606_S2_Image_2,33,12210,2841,2,0,2841,0,11,15,3,20.23076923076923,3.3477648715241113,1.389271242307517,716.8639610306789,516.0,9511,,,0.0,0.0,0,0,3.3477648715241113,1.389271242307517,716.8639610306789,516.0,2841,9511,,,0.0,0.0,0,0,96,277.5,7.0,60.0,45.0,130.77719112988385,128.0,1.0216968057022175,221.0007039774727,151.0,1.4635808210428656,112.32594156986977,108.0,1.0400550145358312,2.055510829607069,2.0547661353692925,1.68217529948434,1.5754841777189257,2.3073875273789053,1.9707547419614866,1.5725456125108601,2.0096448509911466
C:\Users\JackM\40xMBPCNP\40xN1N2N3N4lif\MDL_0606.lif,MDL_0606,1,Image 2,MDL_0606_S2_Image_2,34,23270,12010,2,4538,12010,227,47,119,31,9.215909090909092,2.0241465445462117,2.3395727132796447,1792.112698372208,766.0,24310,3.139709122961657,1.3783888393465153,763.6274169979695,554.0,4538,14248,2.0241465445462117,2.3395727132796447,1792.112698372208,766.0,12010,24310,1.330396475770925,0.8888051484901605,76.62132034355963,86.20710678118655,227,302,246,602.5,7.0,20.0,120.0,138.46474217717056,128.0,1.081755798259145,314.79691923397166,151.0,2.084747809496501,127.97797356828194,108.0,1.1849812367433512,2.055510829607069,2.0547661353692925,1.68217529948434,1.5754841777189257,2.3073875273789053,1.9707547419614866,1.5725456125108601,2.0096448509911466
C:\Users\JackM\40xMBPCNP\40xN1N2N3N4lif\MDL_0606.lif,MDL_0606,1,Image 2,MDL_0606_S2_Image_2,35,22352,12589,2,4066,12589,0,16,74,9,15.673469387755102,2.256255461116848,2.004634797989274,1627.7634559672906,812.0,28404,6.256271519921299,1.0774648174899588,836.1126983722081,776.0,4066,25438,2.256255461116848,2.004634797989274,1627.7634559672906,812.0,12589,28404,,,0.0,0.0,0,0,154,547.5,11.0,75.0,75.0,139.57501229709789,128.0,1.0904297835710772,301.2028755262531,151.0,1.9947210299751859,111.33558575100992,108.0,1.0308850532500917,2.055510829607069,2.0547661353692925,1.68217529948434,1.5754841777189257,2.3073875273789053,1.9707547419614866,1.5725456125108601,2.0096448509911466
C:\Users\JackM\40xMBPCNP\40xN1N2N3N4lif\MDL_0606.lif,MDL_0606,1,Image 2,MDL_0606_S2_Image_2,36,11932,7638,1,8084,2384,6254,22,66,11,9.73913043478261,1.4557475778999738,1.9345802776913141,1036.9350288425444,536.0,11119,1.3443839683325087,1.69313265848674,826.2487373415291,488.0,8084,10868,4.052013422818792,0.9839208716021324,497.863961030679,506.0,2384,9660,1.3992644707387272,1.7650176831726736,790.7279220613577,448.0,6254,8751,95,322.5,25.0,55.0,45.0,138.24134092033646,128.0,1.0800104759401286,263.3691275167785,151.0,1.7441664073958842,134.7133034857691,108.0,1.2473454026460102,2.055510829607069,2.0547661353692925,1.68217529948434,1.5754841777189257,2.3073875273789053,1.9707547419614866,1.5725456125108601,2.0096448509911466
C:\Users\JackM\40xMBPCNP\40xN1N2N3N4lif\MDL_0606.lif,MDL_0606,1,Image 2,MDL_0606_S2_Image_2,37,7054,3759,2,3920,3759,0,8,22,2,14.0625,1.4847033785581272,1.3807529661440707,497.0710678118655,360.0,5581,1.1586734693877552,1.330762073671428,420.5208152801713,316.0,3920,4542,1.4847033785581272,1.3807529661440707,497.0710678118655,360.0,3759,5581,,,0.0,0.0,0,0,70,190.0,8.0,45.0,32.5,141.16326530612244,128.0,1.1028380102040816,272.81883479648843,151.0,1.8067472503078703,109.09901443960578,108.0,1.0101760596259795,2.055510829607069,2.0547661353692925,1.68217529948434,1.5754841777189257,2.3073875273789053,1.9707547419614866,1.5725456125108601,2.0096448509911466
C:\Users\JackM\40xMBPCNP\40xN1N2N3N4lif\MDL_0606.lif,MDL_0606,1,Image 2,MDL_0606_S2_Image_2,38,39485,23139,2,3701,23128,686,47,163,36,11.771186440677965,2.0259734647132546,2.3761573596477192,2694.5624458405136,1134.0,46879,3.869224533909754,1.6888645352841918,1070.7401153701776,634.0,3701,14320,2.026937046004843,2.3742110573715407,2692.355339059327,1134.0,23128,46879,1.153061224489796,1.0771964146610211,140.03553390593274,130.0,686,791,231,897.5,12.0,85.0,112.5,138.65711969737907,128.0,1.083258747635774,317.60121930127985,151.0,2.1033193331210587,132.6545189504373,108.0,1.2282825828744195,2.055510829607069,2.0547661353692925,1.68217529948434,1.5754841777189257,2.3073875273789053,1.9707547419614866,1.5725456125108601,2.0096448509911466
C:\Users\JackM\40xMBPCNP\40xN1N2N3N4lif\MDL_0606.lif,MDL_0606,1,Image 2,MDL_0606_S2_Image_2,39,22315,7056,1,0,7056,0,25,60,14,11.297872340425531,3.6924603174603177,1.7875601091668565,1354.9705627484773,758.0,26054,,,0.0,0.0,0,0,3.6924603174603177,1.7875601091668565,1354.9705627484773,758.0,7056,26054,,,0.0,0.0,0,0,267,482.5,5.0,10.0,130.0,129.4357993197279,128.0,1.0112171821853742,234.48653628117913,151.0,1.5528909687495307,109.26969954648526,108.0,1.011756477282271,2.055510829607069,2.0547661353692925,1.68217529948434,1.5754841777189257,2.3073875273789053,1.9707547419614866,1.5725456125108601,2.0096448509911466
C:\Users\JackM\40xMBPCNP\40xN1N2N3N4lif\MDL_0606.lif,MDL_0606,1,Image 2,MDL_0606_S2_Image_2,40,19599,11030,2,935,11030,0,29,91,22,10.970149253731343,1.700271985494107,1.7934427444323238,1309.2132034355964,730.0,18754,3.5582887700534758,0.9845587207599883,305.21320343559637,310.0,935,3327,1.700271985494107,1.7934427444323238,1309.2132034355964,730.0,11030,18754,,,0.0,0.0,0,0,133,447.5,6.0,50.0,62.5,139.351871657754,128.0,1.0886864973262032,293.1049864007253,151.0,1.9410926251703662,109.88528389339514,108.0,1.0174563323462513,2.055510829607069,2.0547661353692925,1.68217529948434,1.5754841777189257,2.3073875273789053,1.9707547419614866,1.5725456125108601,2.0096448509911466
C:\Users\JackM\40xMBPCNP\40xN1N2N3N4lif\MDL_0606.lif,MDL_0606,1,Image 2,MDL_0606_S2_Image_2,41,11448,2683,2,5041,2683,0,17,15,2,10.947368421052632,2.70294446515095,1.2744683806997272,565.8639610306789,444.0,7252,1.525689347351716,1.3083015734093033,546.8700576850888,418.0,5041,7691,2.70294446515095,1.2744683806997272,565.8639610306789,444.0,2683,7252,,,0.0,0.0,0,0,143,245.0,7.0,50.0,58.1578947368421,148.7129537790121,128.0,1.1618199513985321,230.3007827059262,151.0,1.5251707463968622,112.13143280266569,108.0,1.0382540074320896,2.055510829607069,2.0547661353692925,1.68217529948434,1.5754841777189257,2.3073875273789053,1.9707547419614866,1.5725456125108601,2.0096448509911466
C:\Users\JackM\40xMBPCNP\40xN1N2N3N4lif\MDL_0606.lif,MDL_0606,1,Image 2,MDL_0606_S2_Image_2,42,35335,16809,3,1813,16553,256,41,91,31,12.0,2.595395323933607,2.064864848598959,2234.1837661840736,1082.0,43626,7.650854936569222,0.9349214822744906,557.2132034355964,596.0,1813,13871,2.6355343442276324,1.9899706398134391,2153.148232278141,1082.0,16553,43626,1.22265625,1.0662570250780623,81.03553390593274,76.0,256,313,187,762.5,9.0,140.0,90.0,144.83838940981798,128.0,1.131549917264203,301.788860025373,151.0,1.998601722022338,127.77734375,108.0,1.1831235532407407,2.055510829607069,2.0547661353692925,1.68217529948434,1.5754841777189257,2.3073875273789053,1.9707547419614866,1.5725456125108601,2.0096448509911466
C:\Users\JackM\40xMBPCNP\40xN1N2N3N4lif\MDL_0606.lif,MDL_0606,1,Image 2,MDL_0606_S2_Image_2,44,18678,8359,2,0,8249,136,34,100,26,9.605633802816902,2.3038640985763847,2.0310695051342083,1531.426406871193,754.0,19258,,,0.0,0.0,0,0,2.3155534004121714,1.9321884054178897,1456.8700576850888,754.0,8249,19101,2.0294117647058822,1.3705447326592295,101.42031021678298,74.0,136,276,167,480.0,8.0,50.0,80.0,128.93348486661083,128.0,1.007292850520397,243.90653412534851,151.0,1.6152750604327717,119.73529411764706,108.0,1.1086601307189543,2.055510829607069,2.0547661353692925,1.68217529948434,1.5754841777189257,2.3073875273789053,1.9707547419614866,1.5725456125108601,2.0096448509911466
C:\Users\JackM\40xMBPCNP\40xN1N2N3N4lif\MDL_0606.lif,MDL_0606,1,Image 2,MDL_0606_S2_Image_2,45,32546,16265,2,67,16265,0,43,139,38,11.481132075471699,2.2310482631417154,2.3672951508552047,2540.597979746447,1073.2071067811867,36288,19.47761194029851,0.1251200469795025,37.03553390593274,296.0,67,1305,2.2310482631417154,2.3672951508552047,2540.597979746447,1073.2071067811867,16265,36288,,,0.0,0.0,0,0,215,927.5,16.0,60.0,105.0,140.08955223880596,128.0,1.0944496268656716,268.0841684598832,151.0,1.7753918441051866,110.70816239054558,108.0,1.025075577690237,2.055510829607069,2.0547661353692925,1.68217529948434,1.5754841777189257,2.3073875273789053,1.9707547419614866,1.5725456125108601,2.0096448509911466
C:\Users\JackM\40xMBPCNP\40xN1N2N3N4lif\MDL_0606.lif,MDL_0606,1,Image 2,MDL_0606_S2_Image_2,46,22669,14070,3,2642,14070,0,50,153,34,8.042372881355933,1.7137171286425017,2.2270279828381603,1817.254833995939,816.0,24112,2.4587433762301285,1.1820133734819325,463.3492424049175,392.0,2642,6496,1.7137171286425017,2.2270279828381603,1817.254833995939,816.0,14070,24112,,,0.0,0.0,0,0,169,687.5,13.0,65.0,82.5,138.62490537471612,128.0,1.0830070732399697,312.96609808102346,151.0,2.072623166099493,110.24588864672083,108.0,1.020795265247415,2.055510829607069,2.0547661353692925,1.68217529948434,1.5754841777189257,2.3073875273789053,1.9707547419614866,1.5725456125108601,2.0096448509911466
C:\Users\JackM\40xMBPCNP\40xN1N2N3N4lif\MDL_0606.lif,MDL_0606,1,Image 2,MDL_0606_S2_Image_2,47,17486,8093,3,0,8093,0,28,85,17,9.612903225806452,2.0064253058198442,2.0227541509525593,1229.834523779156,608.0,16238,,,0.0,0.0,0,0,2.0064253058198442,2.0227541509525593,1229.834523779156,608.0,8093,16238,,,0.0,0.0,0,0,111,437.5,10.0,70.0,52.5,128.4560731496355,128.0,1.0035630714815273,252.7686889904856,151.0,1.6739648277515602,108.21302360064253,108.0,1.0019724407466901,2.055510829607069,2.0547661353692925,1.68217529948434,1.5754841777189257,2.3073875273789053,1.9707547419614866,1.5725456125108601,2.0096448509911466
C:\Users\JackM\40xMBPCNP\40xN1N2N3N4lif\MDL_0606.lif,MDL_0606,1,Image 2,MDL_0606_S2_Image_2,48,9202,2910,1,0,2910,0,12,20,2,10.8,2.287972508591065,1.6700680711098834,587.863961030679,352.0,6658,,,0.0,0.0,0,0,2.287972508591065,1.6700680711098834,587.863961030679,352.0,2910,6658,,,0.0,0.0,0,0,71,227.5,10.0,50.0,32.5,124.84501718213059,128.0,0.9753516967353952,200.34329896907215,151.0,1.3267768143647163,107.41408934707904,108.0,0.994574901361843,2.055510829607069,2.0547661353692925,1.68217529948434,1.5754841777189257,2.3073875273789053,1.9707547419614866,1.5725456125108601,2.0096448509911466
C:\Users\JackM\40xMBPCNP\40xN1N2N3N4lif\MDL_0606.lif,MDL_0606,1,Image 2,MDL_0606_S2_Image_2,49,6742,3104,2,0,3104,0,13,43,15,9.807692307692308,1.7545103092783505,1.9434410942967615,664.6568542494924,342.0,5446,,,0.0,0.0,0,0,1.7545103092783505,1.9434410942967615,664.6568542494924,342.0,3104,5446,,,0.0,0.0,0,0,71,212.5,16.0,35.0,32.5,127.2506443298969,128.0,0.9941456588273195,234.652706185567,151.0,1.5539914316924968,108.6514175257732,108.0,1.0060316437571593,2.055510829607069,2.0547661353692925,1.68217529948434,1.5754841777189257,2.3073875273789053,1.9707547419614866,1.5725456125108601,2.0096448509911466
C:\Users\JackM\40xMBPCNP\40xN1N2N3N4lif\MDL_0606.lif,MDL_0606,1,Image 2,MDL_0606_S2_Image_2,50,26156,14908,3,2266,14908,0,45,155,52,8.068376068376068,1.7195465521867455,1.9518246297924826,1487.2903679018718,762.0,25635,3.2224183583406885,1.0081992247746467,449.6568542494924,446.0,2266,7302,1.7195465521867455,1.9518246297924826,1487.2903679018718,762.0,14908,25635,,,0.0,0.0,0,0,117,492.5,15.0,70.0,55.0,137.97616946160636,128.0,1.0779388239187997,325.5411859404347,151.0,2.1559018936452627,110.96836496836497,108.0,1.0274848608181941,2.055510829607069,2.0547661353692925,1.68217529948434,1.5754841777189257,2.3073875273789053,1.9707547419614866,1.5725456125108601,2.0096448509911466
C:\Users\JackM\40xMBPCNP\40xN1N2N3N4lif\MDL_0606.lif,MDL_0606,1,Image 2,MDL_0606_S2_Image_2,51,7570,2009,1,0,2009,0,11,20,2,12.5,2.4405176704828273,1.6648324915610195,499.4497474683059,300.0,4903,,,0.0,0.0,0,0,2.4405176704828273,1.6648324915610195,499.4497474683059,300.0,2009,4903,,,0.0,0.0,0,0,72,167.5,4.0,25.0,32.5,125.56445993031359,128.0,0.9809723432055749,209.6520657043305,151.0,1.3884242761876193,108.8899950223992,108.0,1.0082406946518445,2.055510829607069,2.0547661353692925,1.68217529948434,1.5754841777189257,2.3073875273789053,1.9707547419614866,1.5725456125108601,2.0096448509911466
C:\Users\JackM\40xMBPCNP\40xN1N2N3N4lif\MDL_0606.lif,MDL_0606,1,Image 2,MDL_0606_S2_Image_2,52,7963,4461,2,3510,4461,0,11,21,4,11.0,1.4254651423447657,1.282816227119079,502.863961030679,392.0,6359,1.5777777777777777,1.250292861862083,455.1066017177982,364.0,3510,5538,1.4254651423447657,1.282816227119079,502.863961030679,392.0,4461,6359,,,0.0,0.0,0,0,74,172.5,7.0,35.0,35.0,147.43646723646722,128.0,1.1518474002849002,341.2089217664201,151.0,2.2596617335524507,111.99441580756013,108.0,1.0369853315514828,2.055510829607069,2.0547661353692925,1.68217529948434,1.5754841777189257,2.3073875273789053,1.9707547419614866,1.5725456125108601,2.0096448509911466
C:\Users\JackM\40xMBPCNP\40xN1N2N3N4lif\MDL_0606.lif,MDL_0606,1,Image 2,MDL_0606_S2_Image_2,53,21459,10907,2,71,10907,0,23,66,20,11.679245283018869,2.0335564316493993,1.6838234956990437,1272.970562748477,756.0,22180,3.7183098591549295,0.3384309883329461,42.03553390593274,124.20710678118655,71,264,2.0335564316493993,1.6838234956990437,1272.970562748477,756.0,10907,22180,,,0.0,0.0,0,0,139,382.5,6.0,75.0,67.5,137.4788732394366,128.0,1.0740536971830985,295.8309342624003,151.0,1.959145260015896,108.65893462913725,108.0,1.0061012465660857,2.055510829607069,2.0547661353692925,1.68217529948434,1.5754841777189257,2.3073875273789053,1.9707547419614866,1.5725456125108601,2.0096448509911466
C:\Users\JackM\40xMBPCNP\40xN1N2N3N4lif\MDL_0606.lif,MDL_0606,1,Image 2,MDL_0606_S2_Image_2,55,26598,15675,3,5,15675,0,43,150,27,9.537037037037036,1.8787240829346092,2.168498995652611,1825.8761543394985,842.0,29449,1.0,1.0,4.82842712474619,4.82842712474619,5,5,1.8787240829346092,2.168498995652611,1825.8761543394985,842.0,15675,29449,,,0.0,0.0,0,0,159,577.5,9.0,95.0,77.5,145.0,128.0,1.1328125,307.5591706539075,151.0,2.0368156996947513,111.15899234693877,108.0,1.029249929138322,2.055510829607069,2.0547661353692925,1.68217529948434,1.5754841777189257,2.3073875273789053,1.9707547419614866,1.5725456125108601,2.0096448509911466
C:\Users\JackM\40xMBPCNP\40xN1N2N3N4lif\MDL_0606.lif,MDL_0606,1,Image 2,MDL_0606_S2_Image_2,56,13883,6474,5,5238,6474,0,24,73,18,9.842105263157896,2.1555452579548966,2.008629449216106,1253.3847763108502,624.0,13955,1.3524245895379916,1.376170744933167,586.2487373415291,426.0,5238,7084,2.1555452579548966,2.008629449216106,1253.3847763108502,624.0,6474,13955,,,0.0,0.0,0,0,133,387.5,8.0,85.0,62.5,141.86120656739214,128.0,1.1082906763077511,231.98548038307075,151.0,1.5363276846560976,111.60524774510952,108.0,1.0333819235658288,2.055510829607069,2.0547661353692925,1.68217529948434,1.5754841777189257,2.3073875273789053,1.9707547419614866,1.5725456125108601,2.0096448509911466
C:\Users\JackM\40xMBPCNP\40xN1N2N3N4lif\MDL_0606.lif,MDL_0606,1,Image 2,MDL_0606_S2_Image_2,57,20210,11074,4,0,11074,0,22,48,7,13.871794871794872,2.0327794834748056,1.7027876071781602,1212.3847763108502,712.0,22511,,,0.0,0.0,0,0,2.0327794834748056,1.7027876071781602,1212.3847763108502,712.0,11074,22511,,,0.0,0.0,0,0,226,410.0,4.0,65.0,112.38095238095238,125.4810366624526,128.0,0.9803205989254109,297.50234784179156,151.0,1.9702142241178249,108.34161098067545,108.0,1.0031630646358838,2.055510829607069,2.0547661353692925,1.68217529948434,1.5754841777189257,2.3073875273789053,1.9707547419614866,1.5725456125108601,2.0096448509911466
C:\Users\JackM\40xMBPCNP\40xN1N2N3N4lif\MDL_0606.lif,MDL_0606,1,Image 2,MDL_0606_S2_Image_2,58,9214,3619,3,10,3619,0,23,57,15,8.619047619047619,1.9864603481624759,2.1524314051154545,891.1066017177982,414.0,7189,1.0,1.0,8.0,8.0,10,10,1.9864603481624759,2.1524314051154545,891.1066017177982,414.0,3619,7189,,,0.0,0.0,0,0,68,312.5,12.0,45.0,30.0,143.9,128.0,1.12421875,228.62641613705443,151.0,1.514082226073208,109.40646587455097,108.0,1.0130228321717683,2.055510829607069,2.0547661353692925,1.68217529948434,1.5754841777189257,2.3073875273789053,1.9707547419614866,1.5725456125108601,2.0096448509911466
C:\Users\JackM\40xMBPCNP\40xN1N2N3N4lif\MDL_0606.lif,MDL_0606,1,Image 2,MDL_0606_S2_Image_2,59,17591,7488,2,87,7484,5,31,39,6,12.853658536585366,2.1793536324786325,2.0288944640799085,1249.7989898732235,616.0,16319,6.724137931034483,0.3755371720873027,54.82842712474619,146.0,87,585,2.180518439337253,2.0288944640799085,1249.7989898732235,616.0,7484,16319,25.0,0.0,0.0,66.20710678118655,5,125,173,467.5,7.0,130.0,82.5,136.79310344827587,128.0,1.0686961206896552,257.55117584179584,151.0,1.7056369261046083,112.6,108.0,1.0425925925925925,2.055510829607069,2.0547661353692925,1.68217529948434,1.5754841777189257,2.3073875273789053,1.9707547419614866,1.5725456125108601,2.0096448509911466
C:\Users\JackM\40xMBPCNP\40xN1N2N3N4lif\MDL_0606.lif,MDL_0606,1,Image 2,MDL_0606_S2_Image_2,60,16250,10213,3,0,10213,0,31,87,21,10.661971830985916,1.8153333986096152,1.8468792552781153,1311.284271247462,710.0,18540,,,0.0,0.0,0,0,1.8153333986096152,1.8468792552781153,1311.284271247462,710.0,10213,18540,,,0.0,0.0,0,0,135,462.5,10.0,65.0,65.0,124.15539018897483,128.0,0.9699639858513659,298.78409869773816,151.0,1.978702640382372,110.3919514344463,108.0,1.0221476984670954,2.055510829607069,2.0547661353692925,1.68217529948434,1.5754841777189257,2.3073875273789053,1.9707547419614866,1.5725456125108601,2.0096448509911466
C:\Users\JackM\40xMBPCNP\40xN1N2N3N4lif\MDL_0606.lif,MDL_0606,2,Image 3,MDL_0606_S3_Image_3,1,8994,3186,1,0,3186,0,7,13,0,13.181818181818182,1.162586315128688,1.1124261202902268,324.8284271247462,292.0,3704,,,0.0,0.0,0,0,1.162586315128688,1.1124261202902268,324.8284271247462,292.0,3186,3704,,,0.0,0.0,0,0,51,127.5,9.0,35.0,22.5,125.39799121155053,127.0,0.987385757571264,255.19209039548022,145.0,1.759945451003312,110.02291274325172,106.0,1.0379520070118087,2.38251070738795,2.046311544191072,1.223279261977434,1.1676280432909119,3.2139754327597103,1.462341136089237,2.3779086297762926,1.8529458007608601
C:\Users\JackM\40xMBPCNP\40xN1N2N3N4lif\MDL_0606.lif,MDL_0606,2,Image 3,MDL_0606_S3_Image_3,2,14896,4309,1,0,4309,0,16,65,17,8.820512820512821,2.446971455093989,1.6812292685310777,776.7279220613578,462.0,10544,,,0.0,0.0,0,0,2.446971455093989,1.6812292685310777,776.7279220613578,462.0,4309,10544,,,0.0,0.0,0,0,98,252.5,7.0,55.0,45.0,126.33673706196333,127.0,0.9947774571808137,235.88187514504526,145.0,1.62677155272445,108.33163146901833,106.0,1.0219965232926258,2.38251070738795,2.046311544191072,1.223279261977434,1.1676280432909119,3.2139754327597103,1.462341136089237,2.3779086297762926,1.8529458007608601
C:\Users\JackM\40xMBPCNP\40xN1N2N3N4lif\MDL_0606.lif,MDL_0606,2,Image 3,MDL_0606_S3_Image_3,3,6105,3133,0,0,3133,0,15,53,10,7.352941176470588,1.885732524736674,1.4680932030412925,572.5563491861041,390.0,5908,,,0.0,0.0,0,0,1.885732524736674,1.4680932030412925,572.5563491861041,390.0,3133,5908,,,0.0,0.0,0,0,71,150.0,4.0,35.0,32.5,125.69294605809128,127.0,0.9897082366778841,220.8078518991382,145.0,1.5228127717181945,107.07564634535589,106.0,1.0101476070316593,2.38251070738795,2.046311544191072,1.223279261977434,1.1676280432909119,3.2139754327597103,1.462341136089237,2.3779086297762926,1.8529458007608601
C:\Users\JackM\40xMBPCNP\40xN1N2N3N4lif\MDL_0606.lif,MDL_0606,2,Image 3,MDL_0606_S3_Image_3,4,9616,2027,1,1381,2027,0,10,16,5,12.133333333333333,2.590034533793784,1.1727875886216528,443.31370849898474,378.0,5250,1.1868211440984793,1.1062400702319835,219.03553390593274,198.0,1381,1639,2.590034533793784,1.1727875886216528,443.31370849898474,378.0,2027,5250,,,0.0,0.0,0,0,71,182.5,7.0,30.0,32.5,137.60753077480086,127.0,1.0835238643685108,231.69708929452392,145.0,1.597910960651889,107.28756708407872,106.0,1.0121468592837615,2.38251070738795,2.046311544191072,1.223279261977434,1.1676280432909119,3.2139754327597103,1.462341136089237,2.3779086297762926,1.8529458007608601
C:\Users\JackM\40xMBPCNP\40xN1N2N3N4lif\MDL_0606.lif,MDL_0606,2,Image 3,MDL_0606_S3_Image_3,5,42490,18899,5,808,18899,0,30,77,11,15.254237288135593,2.1709614265305044,1.3856424933867517,1676.6274169979695,1210.0,41029,10.699257425742575,0.267471282359279,203.27817459305203,760.0,808,8645,2.1709614265305044,1.3856424933867517,1676.6274169979695,1210.0,18899,41029,,,0.0,0.0,0,0,213,562.5,7.0,45.0,102.5,137.57920792079207,127.0,1.0833008497700163,331.0790518016826,145.0,2.2833038055288455,109.25622359110116,106.0,1.0307190904820864,2.38251070738795,2.046311544191072,1.223279261977434,1.1676280432909119,3.2139754327597103,1.462341136089237,2.3779086297762926,1.8529458007608601
C:\Users\JackM\40xMBPCNP\40xN1N2N3N4lif\MDL_0606.lif,MDL_0606,2,Image 3,MDL_0606_S3_Image_3,6,37372,7976,2,2494,7976,0,61,75,17,9.746666666666666,5.033976930792377,2.0643190007003596,2109.7340187157674,1022.0,40151,2.567361668003208,1.3489377072745443,601.9055915910216,446.20710678118655,2494,6403,5.033976930792377,2.0643190007003596,2109.7340187157674,1022.0,7976,40151,,,0.0,0.0,0,0,338,777.5,6.0,10.0,166.8548387096774,138.0934242181235,127.0,1.0873497969930983,235.17803410230692,145.0,1.6219174765676339,109.80571486064997,106.0,1.0359029703834903,2.38251070738795,2.046311544191072,1.223279261977434,1.1676280432909119,3.2139754327597103,1.462341136089237,2.3779086297762926,1.8529458007608601
C:\Users\JackM\40xMBPCNP\40xN1N2N3N4lif\MDL_0606.lif,MDL_0606,2,Image 3,MDL_0606_S3_Image_3,8,17765,3668,1,0,3668,0,19,25,6,12.296296296296296,3.124863685932388,1.494062975294322,884.4852813742386,592.0,11462,,,0.0,0.0,0,0,3.124863685932388,1.494062975294322,884.4852813742386,592.0,3668,11462,,,0.0,0.0,0,0,199,312.5,4.0,55.0,101.66666666666667,130.39667393675026,127.0,1.0267454640688998,227.0774263904035,145.0,1.5660512164855414,108.71946564885496,106.0,1.0256553363099525,2.38251070738795,2.046311544191072,1.223279261977434,1.1676280432909119,3.2139754327597103,1.462341136089237,2.3779086297762926,1.8529458007608601
C:\Users\JackM\40xMBPCNP\40xN1N2N3N4lif\MDL_0606.lif,MDL_0606,2,Image 3,MDL_0606_S3_Image_3,10,22705,7539,2,22625,4459,4799,25,72,9,10.196428571428571,2.563469956227616,2.153106795425303,1395.2132034355964,648.0,19326,1.021524861878453,1.156278581313683,793.2071067811866,686.0,22625,23112,3.5261269342901995,1.8184590106041676,1098.3492424049173,604.0,4459,15723,2.6834757241091896,1.5897659716152517,848.9350288425444,534.0,4799,12878,206,457.5,6.0,130.0,104.45945945945945,183.03447513812154,127.0,1.4412163396702484,211.6492487104732,145.0,1.4596499911067116,132.2881850385497,106.0,1.2480017456466952,2.38251070738795,2.046311544191072,1.223279261977434,1.1676280432909119,3.2139754327597103,1.462341136089237,2.3779086297762926,1.8529458007608601
C:\Users\JackM\40xMBPCNP\40xN1N2N3N4lif\MDL_0606.lif,MDL_0606,2,Image 3,MDL_0606_S3_Image_3,11,13141,3247,1,311,3247,0,34,28,1,9.757575757575758,3.725592854943024,1.9060598818981227,1044.5208152801713,548.0,12097,13.832797427652734,0.45217258867702126,173.72792206135784,384.20710678118655,311,4302,3.725592854943024,1.9060598818981227,1044.5208152801713,548.0,3247,12097,,,0.0,0.0,0,0,148,367.5,8.0,55.0,71.92307692307692,138.475884244373,127.0,1.0903612932627795,210.29103788112104,145.0,1.4502830198698002,108.04409221902017,106.0,1.0192838888586808,2.38251070738795,2.046311544191072,1.223279261977434,1.1676280432909119,3.2139754327597103,1.462341136089237,2.3779086297762926,1.8529458007608601
C:\Users\JackM\40xMBPCNP\40xN1N2N3N4lif\MDL_0606.lif,MDL_0606,2,Image 3,MDL_0606_S3_Image_3,13,89640,32599,3,89619,1900,31780,83,333,83,9.02092050209205,2.7416485168256695,2.55089748340144,3540.6457069611993,1388.0,89375,1.1281424697887725,1.146257990151687,1680.414213562373,1466.0,89619,101103,26.769473684210528,0.5695085988215466,652.6568542494924,1146.0,1900,50862,2.6382945248584013,2.456967059378882,3253.0243866176397,1324.0,31780,83845,376,1197.5,12.0,275.0,192.07142857142858,227.1131568082661,127.0,1.7882925732934338,174.54368421052632,145.0,1.2037495462794918,138.3263687853996,106.0,1.304965743258487,2.38251070738795,2.046311544191072,1.223279261977434,1.1676280432909119,3.2139754327597103,1.462341136089237,2.3779086297762926,1.8529458007608601
C:\Users\JackM\40xMBPCNP\40xN1N2N3N4lif\MDL_0606.lif,MDL_0606,2,Image 3,MDL_0606_S3_Image_3,15,31976,10123,1,31976,10123,0,22,44,5,16.63888888888889,2.5002469623629358,1.4063270170442272,1454.142135623731,1034.0,25310,1.0674255691768826,1.0020323266861755,1088.2071067811867,1086.0,31976,34132,2.5002469623629358,1.4063270170442272,1454.142135623731,1034.0,10123,25310,,,0.0,0.0,0,0,208,522.5,8.0,70.0,102.5,155.54691018263696,127.0,1.2247788203357242,264.8790872271066,145.0,1.8267523257041833,111.96597448086065,106.0,1.0562827781213269,2.38251070738795,2.046311544191072,1.223279261977434,1.1676280432909119,3.2139754327597103,1.462341136089237,2.3779086297762926,1.8529458007608601
C:\Users\JackM\40xMBPCNP\40xN1N2N3N4lif\MDL_0606.lif,MDL_0606,2,Image 3,MDL_0606_S3_Image_3,16,97216,42817,5,97216,42420,397,135,441,135,8.393292682926829,2.5058504799495527,2.7257415224734585,4410.2497833620555,1618.0,107293,1.2356299374588544,1.1296075309093652,1970.0355339059329,1744.0,97216,120123,2.5215228665723717,2.6104628974548114,4223.728968081885,1618.0,42420,106963,29.062972292191436,0.23457278104242796,187.5208152801713,799.4142135623731,397,11538,238,1602.5,22.0,135.0,117.5,157.34741194865043,127.0,1.2389559995956727,325.2774634606318,145.0,2.243292851452633,128.76070528967256,106.0,1.2147236348082318,2.38251070738795,2.046311544191072,1.223279261977434,1.1676280432909119,3.2139754327597103,1.462341136089237,2.3779086297762926,1.8529458007608601
C:\Users\JackM\40xMBPCNP\40xN1N2N3N4lif\MDL_0606.lif,MDL_0606,2,Image 3,MDL_0606_S3_Image_3,18,27030,8933,1,148,8933,0,33,84,17,9.076923076923077,2.6505093473637076,1.6079010298433356,1360.284271247462,846.0,23677,19.60135135135135,0.2626562196630005,89.82842712474618,342.0,148,2901,2.6505093473637076,1.6079010298433356,1360.284271247462,846.0,8933,23677,,,0.0,0.0,0,0,265,480.0,6.0,55.0,146.70454545454547,140.1081081081081,127.0,1.1032134496701425,262.6424493451248,145.0,1.8113272368629298,108.72843344065727,106.0,1.0257399381194081,2.38251070738795,2.046311544191072,1.223279261977434,1.1676280432909119,3.2139754327597103,1.462341136089237,2.3779086297762926,1.8529458007608601
C:\Users\JackM\40xMBPCNP\40xN1N2N3N4lif\MDL_0606.lif,MDL_0606,2,Image 3,MDL_0606_S3_Image_3,19,27489,5537,2,9778,5537,306,24,42,10,11.675675675675675,4.458190355788333,1.5608355207424092,1276.7634559672906,818.0,24685,2.248823890366128,3.362663392855684,2528.7228714274743,752.0,9778,21989,4.458190355788333,1.5608355207424092,1276.7634559672906,818.0,5537,24685,1.3202614379084967,0.8594781407737928,81.82842712474618,95.20710678118655,306,404,237,537.5,8.0,160.0,122.07317073170732,137.91879730006136,127.0,1.085974781890247,231.0019866353621,145.0,1.5931171492093938,134.52941176470588,106.0,1.2691453940066593,2.38251070738795,2.046311544191072,1.223279261977434,1.1676280432909119,3.2139754327597103,1.462341136089237,2.3779086297762926,1.8529458007608601
C:\Users\JackM\40xMBPCNP\40xN1N2N3N4lif\MDL_0606.lif,MDL_0606,2,Image 3,MDL_0606_S3_Image_3,20,43924,27858,1,43924,1498,26606,74,243,64,9.706896551724139,1.5645057075166917,2.2068815596562263,2259.846717087976,1024.0,43584,1.0586695200801384,1.016609176429717,1053.2071067811867,1036.0,43924,46501,6.704272363150868,0.4758146860911919,337.8284271247462,710.0,1498,10043,1.4794783131624445,2.134487734402131,2019.2253967444162,946.0,26606,39363,315,780.0,10.0,90.0,155.67796610169492,218.09976322739277,127.0,1.7173209702944312,203.4245660881175,145.0,1.4029280419870171,145.28117717808013,106.0,1.3705771431894351,2.38251070738795,2.046311544191072,1.223279261977434,1.1676280432909119,3.2139754327597103,1.462341136089237,2.3779086297762926,1.8529458007608601
C:\Users\JackM\40xMBPCNP\40xN1N2N3N4lif\MDL_0606.lif,MDL_0606,2,Image 3,MDL_0606_S3_Image_3,21,99014,40362,3,99003,2023,39521,144,420,113,9.158536585365853,3.237302413160894,3.262505927406534,5539.735064736295,1698.0,130664,1.366261628435502,1.230679156908665,2102.0,1708.0,99003,135264,28.20612951062778,0.5800693344506005,713.4852813742386,1230.0,2023,57061,3.3061916449482553,3.1289412081963963,5312.942171517481,1698.0,39521,130664,526,2017.5,18.0,315.0,260.0,240.24901265618215,127.0,1.8917245091037964,181.21700444883837,145.0,1.2497724444747473,140.912350395992,106.0,1.329361796188604,2.38251070738795,2.046311544191072,1.223279261977434,1.1676280432909119,3.2139754327597103,1.462341136089237,2.3779086297762926,1.8529458007608601
C:\Users\JackM\40xMBPCNP\40xN1N2N3N4lif\MDL_0606.lif,MDL_0606,2,Image 3,MDL_0606_S3_Image_3,22,45336,22980,3,66,22980,0,73,167,32,8.986754966887418,1.7611401218450826,2.0536239743124174,1844.1543289325507,898.0,40471,2.0757575757575757,0.6777147817953979,41.621320343559645,61.41421356237309,66,137,1.7611401218450826,2.0536239743124174,1844.1543289325507,898.0,22980,40471,,,0.0,0.0,0,0,167,732.5,19.0,80.0,80.0,136.37878787878788,127.0,1.0738487234550227,353.328590078329,145.0,2.436748897091924,108.79007202985333,106.0,1.0263214342438993,2.38251070738795,2.046311544191072,1.223279261977434,1.1676280432909119,3.2139754327597103,1.462341136089237,2.3779086297762926,1.8529458007608601
C:\Users\JackM\40xMBPCNP\40xN1N2N3N4lif\MDL_0606.lif,MDL_0606,2,Image 3,MDL_0606_S3_Image_3,23,94108,39673,1,94108,5276,36844,121,412,101,9.370716510903426,2.361303657399239,3.4734652064448017,5154.622366364086,1484.0,93680,1.106834700556807,1.0464330692733756,1636.6213203435595,1564.0,94108,104162,15.7079226686884,1.1149645904541308,1523.0416305603426,1366.0,5276,82875,2.3765334925632398,3.3021364100061845,4715.450793488832,1428.0,36844,87561,230,1627.5,19.0,140.0,112.5,244.222053385472,127.0,1.9230082943737954,195.8026914329037,145.0,1.3503633891924394,138.56234393659756,106.0,1.3071919239301657,2.38251070738795,2.046311544191072,1.223279261977434,1.1676280432909119,3.2139754327597103,1.462341136089237,2.3779086297762926,1.8529458007608601
C:\Users\JackM\40xMBPCNP\40xN1N2N3N4lif\MDL_0606.lif,MDL_0606,2,Image 3,MDL_0606_S3_Image_3,24,17882,8498,1,17882,7345,1201,25,71,15,9.709090909090909,1.900329489291598,1.7141120088901345,1066.1776695296637,622.0,16149,1.040040263952578,1.0200107678502826,673.2071067811866,660.0,17882,18598,1.6370319945541185,1.3728206469257085,823.6923881554251,600.0,7345,12024,5.80849292256453,0.6199394477092657,282.69238815542514,456.0,1201,6976,113,407.5,10.0,50.0,52.5,167.32820713566716,127.0,1.3175449380761193,291.8219196732471,145.0,2.0125649632637734,134.12989175686928,106.0,1.2653763373289555,2.38251070738795,2.046311544191072,1.223279261977434,1.1676280432909119,3.2139754327597103,1.462341136089237,2.3779086297762926,1.8529458007608601
C:\Users\JackM\40xMBPCNP\40xN1N2N3N4lif\MDL_0606.lif,MDL_0606,2,Image 3,MDL_0606_S3_Image_3,25,38854,19127,2,38838,912,18565,83,229,51,8.032085561497325,1.990536937313745,2.9950938349770886,2701.574639149334,902.0,38073,1.0225037334569236,1.0526315789473684,960.0,912.0,38838,39712,7.866228070175438,0.6448147673375718,294.03553390593277,456.0,912,7174,2.0300565580393215,2.8283375006507323,2551.1604255869606,902.0,18565,37688,170,897.5,20.0,70.0,82.5,153.02590246665636,127.0,1.204928365879184,175.95065789473685,145.0,1.2134528130671507,134.93503905197954,106.0,1.272972066528109,2.38251070738795,2.046311544191072,1.223279261977434,1.1676280432909119,3.2139754327597103,1.462341136089237,2.3779086297762926,1.8529458007608601
C:\Users\JackM\40xMBPCNP\40xN1N2N3N4lif\MDL_0606.lif,MDL_0606,2,Image 3,MDL_0606_S3_Image_3,27,9532,3304,1,9532,3304,0,9,9,1,26.555555555555557,2.648910411622276,1.4878010370992978,651.6568542494924,438.0,8752,1.0624213176668065,1.0495495495495495,466.0,444.0,9532,10127,2.648910411622276,1.4878010370992978,651.6568542494924,438.0,3304,8752,,,0.0,0.0,0,0,109,207.5,7.0,30.0,52.10526315789474,141.85784725136384,127.0,1.1169909232390853,233.89860774818402,145.0,1.6130938465392002,113.64949643306757,106.0,1.0721650606893167,2.38251070738795,2.046311544191072,1.223279261977434,1.1676280432909119,3.2139754327597103,1.462341136089237,2.3779086297762926,1.8529458007608601
C:\Users\JackM\40xMBPCNP\40xN1N2N3N4lif\MDL_0606.lif,MDL_0606,2,Image 3,MDL_0606_S3_Image_3,28,28174,7467,2,28104,7434,38,52,76,14,9.71830985915493,3.841167805008705,1.7948212983534917,1740.976659402887,970.0,28682,1.197302875035582,1.0683864691513703,1081.2071067811867,1012.0,28104,33649,3.8582189938122142,1.7633565403326965,1710.4558441227157,970.0,7434,28682,51.10526315789474,0.07484166656149398,36.31370849898477,485.20710678118655,38,1942,222,692.5,8.0,40.0,107.5,151.941609735269,127.0,1.1963906278367638,237.1329028786656,145.0,1.6353993301976937,129.55263157894737,106.0,1.2221946375372394,2.38251070738795,2.046311544191072,1.223279261977434,1.1676280432909119,3.2139754327597103,1.462341136089237,2.3779086297762926,1.8529458007608601
C:\Users\JackM\40xMBPCNP\40xN1N2N3N4lif\MDL_0606.lif,MDL_0606,2,Image 3,MDL_0606_S3_Image_3,29,15560,5870,1,15560,5867,3,24,52,16,10.4,1.976831345826235,1.7336600818936343,904.970562748477,522.0,11604,1.0339331619537275,1.006872852233677,586.0,582.0,15560,16088,1.977842168058633,1.7336600818936343,904.970562748477,522.0,5867,11604,1.6666666666666667,0.0,0.0,3.0,3,5,111,322.5,9.0,60.0,52.5,154.28284061696658,127.0,1.2148255166690283,254.45167888188172,145.0,1.7548391647026325,125.66666666666667,106.0,1.1855345911949686,2.38251070738795,2.046311544191072,1.223279261977434,1.1676280432909119,3.2139754327597103,1.462341136089237,2.3779086297762926,1.8529458007608601
C:\Users\JackM\40xMBPCNP\40xN1N2N3N4lif\MDL_0606.lif,MDL_0606,2,Image 3,MDL_0606_S3_Image_3,30,38809,8817,1,16867,7772,1045,53,98,17,8.48235294117647,3.982987410683906,1.6118284781867993,1547.3553390593274,960.0,35118,2.1355902057271594,1.6476463504282064,1687.1898628384834,1024.0,16867,36021,2.9687339166237776,1.6366437512149221,1217.6629509039021,744.0,7772,23073,4.151196172248804,0.71515467554578,334.6923881554251,468.0,1045,4338,340,705.0,10.0,100.0,169.39655172413794,142.46487223572657,127.0,1.1217706475254061,274.66932578486876,145.0,1.8942712123094396,129.2775119617225,106.0,1.2195991694502122,2.38251070738795,2.046311544191072,1.223279261977434,1.1676280432909119,3.2139754327597103,1.462341136089237,2.3779086297762926,1.8529458007608601
C:\Users\JackM\40xMBPCNP\40xN1N2N3N4lif\MDL_0606.lif,MDL_0606,2,Image 3,MDL_0606_S3_Image_3,31,13693,3562,1,13520,3497,87,32,66,21,6.788461538461538,2.5289163391353173,1.9704260503370103,1012.7989898732233,514.0,9008,1.0611686390532544,1.1423461597266198,687.6923881554251,602.0,13520,14347,2.575922219044896,1.940437307997763,997.3847763108502,514.0,3497,9008,12.402298850574713,0.1551124013784294,37.41421356237309,241.20710678118655,87,1079,90,377.5,11.0,45.0,42.5,142.81997041420118,127.0,1.1245666961748124,236.0995138690306,145.0,1.6282725094415904,135.5632183908046,106.0,1.2788982867057037,2.38251070738795,2.046311544191072,1.223279261977434,1.1676280432909119,3.2139754327597103,1.462341136089237,2.3779086297762926,1.8529458007608601
C:\Users\JackM\40xMBPCNP\40xN1N2N3N4lif\MDL_0606.lif,MDL_0606,2,Image 3,MDL_0606_S3_Image_3,32,35147,12799,2,32348,9645,3689,57,110,18,10.125,2.5844206578638955,2.197707779214493,1960.3553390593274,892.0,33078,1.0994806479535055,1.258229541784828,1197.8345237791561,952.0,32348,35566,2.3496111975116643,2.0618259272946213,1402.0416305603426,680.0,9645,22662,5.544049878015723,0.8759190935118154,693.7279220613578,792.0,3689,20452,268,677.5,9.0,130.0,131.14583333333334,172.00769753926053,127.0,1.3543913192067758,281.3678589942976,145.0,1.9404679930641213,133.69151531580374,106.0,1.2612407105264505,2.38251070738795,2.046311544191072,1.223279261977434,1.1676280432909119,3.2139754327597103,1.462341136089237,2.3779086297762926,1.8529458007608601
C:\Users\JackM\40xMBPCNP\40xN1N2N3N4lif\MDL_0606.lif,MDL_0606,2,Image 3,MDL_0606_S3_Image_3,34,18489,7712,1,17740,7712,0,21,65,17,13.348837209302326,2.679201244813278,1.5772031052180442,1417.9055915910217,899.0,20662,1.384216459977452,1.3705938100099848,1256.8345237791561,917.0,17740,24556,2.679201244813278,1.5772031052180442,1417.9055915910217,899.0,7712,20662,,,0.0,0.0,0,0,180,537.5,12.0,25.0,87.5,139.48489289740698,127.0,1.098306243286669,254.0884336099585,145.0,1.7523340248962656,110.75160274434822,106.0,1.0448264409844172,2.38251070738795,2.046311544191072,1.223279261977434,1.1676280432909119,3.2139754327597103,1.462341136089237,2.3779086297762926,1.8529458007608601
C:\Users\JackM\40xMBPCNP\40xN1N2N3N4lif\MDL_0606.lif,MDL_0606,2,Image 3,MDL_0606_S3_Image_3,35,21962,10967,2,21962,251,10881,31,137,34,8.758620689655173,2.2229415519285127,1.8329858694858565,1642.3553390593274,896.0,24379,1.1720699389855205,1.0113941067422025,924.4142135623731,914.0,21962,25741,13.223107569721115,0.12307692307692308,96.0,780.0,251,3319,2.2381214961860123,1.850174146927497,1650.3553390593274,892.0,10881,24353,163,547.5,11.0,40.0,77.5,257.98775157089517,127.0,2.0313996186684657,171.76892430278883,145.0,1.184613271053716,137.9117728149986,106.0,1.3010544605188548,2.38251070738795,2.046311544191072,1.223279261977434,1.1676280432909119,3.2139754327597103,1.462341136089237,2.3779086297762926,1.8529458007608601
C:\Users\JackM\40xMBPCNP\40xN1N2N3N4lif\MDL_0606.lif,MDL_0606,2,Image 3,MDL_0606_S3_Image_3,36,29089,16237,0,29089,359,15961,46,130,37,10.214953271028037,1.7471823612736344,2.155992755014499,1664.426406871193,772.0,28369,1.1221767678503902,1.1110920740317212,882.2071067811866,794.0,29089,32643,3.331476323119777,0.4783689318979863,101.41421356237309,212.0,359,1196,1.777394900068918,2.1313813560507677,1645.4264068711927,772.0,15961,28369,134,557.5,13.0,90.0,65.0,315.3873285434357,127.0,2.4833647916805957,172.41504178272982,145.0,1.1890692536739986,149.66117411189776,106.0,1.4118978689801676,2.38251070738795,2.046311544191072,1.223279261977434,1.1676280432909119,3.2139754327597103,1.462341136089237,2.3779086297762926,1.8529458007608601
C:\Users\JackM\40xMBPCNP\40xN1N2N3N4lif\MDL_0606.lif,MDL_0606,2,Image 3,MDL_0606_S3_Image_3,37,20847,11502,1,20847,469,11502,36,133,28,8.535353535353535,1.764736567553469,2.0937275543760787,1490.734018715768,712.0,20298,1.1221758526406678,1.0,764.0,764.0,20847,23394,1.8891257995735609,0.7776783340867537,118.20710678118655,152.0,469,886,1.764736567553469,2.0937275543760787,1490.734018715768,712.0,11502,20298,132,462.5,12.0,75.0,62.5,296.1929774068211,127.0,2.3322281685576467,177.2814498933902,145.0,1.2226306889199325,139.90653799339245,106.0,1.3198729999376646,2.38251070738795,2.046311544191072,1.223279261977434,1.1676280432909119,3.2139754327597103,1.462341136089237,2.3779086297762926,1.8529458007608601
C:\Users\JackM\40xMBPCNP\40xN1N2N3N4lif\MDL_0606.lif,MDL_0606,2,Image 3,MDL_0606_S3_Image_3,38,5603,2067,1,5603,2067,0,7,27,8,8.722222222222221,1.521044992743106,1.5065596440132756,388.6923881554251,258.0,3144,1.0137426378725682,1.0,346.0,346.0,5603,5680,1.521044992743106,1.5065596440132756,388.6923881554251,258.0,2067,3144,,,0.0,0.0,0,0,55,132.5,6.0,30.0,25.0,148.4570765661253,127.0,1.1689533587883882,233.45331398161588,145.0,1.6100228550456268,110.56719614492236,106.0,1.0430867560841732,2.38251070738795,2.046311544191072,1.223279261977434,1.1676280432909119,3.2139754327597103,1.462341136089237,2.3779086297762926,1.8529458007608601
C:\Users\JackM\40xMBPCNP\40xN1N2N3N4lif\MDL_0606.lif,MDL_0606,2,Image 3,MDL_0606_S3_Image_3,39,24561,8500,1,1835,8500,0,25,45,6,13.18918918918919,2.223411764705882,1.5415104747208828,1112.9705627484773,722.0,18899,7.84850136239782,1.0716569162567675,692.2903679018718,646.0,1835,14402,2.223411764705882,1.5415104747208828,1112.9705627484773,722.0,8500,18899,,,0.0,0.0,0,0,121,387.5,9.0,90.0,57.5,139.0125340599455,127.0,1.0945868823617755,272.05623529411764,145.0,1.8762498985801217,109.75978758850479,106.0,1.0354696942311772,2.38251070738795,2.046311544191072,1.223279261977434,1.1676280432909119,3.2139754327597103,1.462341136089237,2.3779086297762926,1.8529458007608601
C:\Users\JackM\40xMBPCNP\40xN1N2N3N4lif\MDL_0606.lif,MDL_0606,2,Image 3,MDL_0606_S3_Image_3,43,27240,12997,1,27240,2409,11613,34,130,24,7.89,2.1251057936446873,1.5140115510307188,1547.3198051533946,1022.0,27620,1.1845447870778267,1.010632928634902,1065.2071067811867,1054.0,27240,32267,4.435035284350353,0.8754332869412845,490.2426406871193,560.0,2409,10684,2.0464996125032293,1.4477581311709113,1421.698484809835,982.0,11613,23766,210,597.5,13.0,55.0,102.5,228.1324522760646,127.0,1.7963185218587765,211.49605645496055,145.0,1.4585934927928315,138.2056316197365,106.0,1.3038267133937405,2.38251070738795,2.046311544191072,1.223279261977434,1.1676280432909119,3.2139754327597103,1.462341136089237,2.3779086297762926,1.8529458007608601
C:\Users\JackM\40xMBPCNP\40xN1N2N3N4lif\MDL_0606.lif,MDL_0606,2,Image 3,MDL_0606_S3_Image_3,44,40133,20673,7,39013,20249,424,71,177,40,9.407142857142857,1.9075122139989358,2.213191614207158,2115.8111831820434,956.0,39434,1.102068541255479,1.2677370817152298,1290.556349186104,1018.0,39013,42995,1.7201837127759396,2.234456461298497,1997.6040764008565,894.0,20249,34832,6.186320754716981,0.2364142135623731,118.20710678118655,500.0,424,2623,164,792.5,14.0,70.0,80.0,150.0866121549227,127.0,1.1817843476765568,347.1284014025384,145.0,2.3939889751899197,134.1179245283019,106.0,1.2652634389462443,2.38251070738795,2.046311544191072,1.223279261977434,1.1676280432909119,3.2139754327597103,1.462341136089237,2.3779086297762926,1.8529458007608601
C:\Users\JackM\40xMBPCNP\40xN1N2N3N4lif\MDL_0606.lif,MDL_0606,2,Image 3,MDL_0606_S3_Image_3,46,5511,2333,2,5208,2333,0,6,17,8,10.5,1.2661808829832832,1.2166647090566343,313.89949493661163,258.0,2954,1.0814132104454686,1.1724167624461377,415.03553390593277,354.0,5208,5632,1.2661808829832832,1.2166647090566343,313.89949493661163,258.0,2333,2954,,,0.0,0.0,0,0,48,147.5,13.0,25.0,22.5,145.30069124423963,127.0,1.144099931057005,257.08958422631804,145.0,1.7730316153539174,112.76344086021506,106.0,1.0638060458510854,2.38251070738795,2.046311544191072,1.223279261977434,1.1676280432909119,3.2139754327597103,1.462341136089237,2.3779086297762926,1.8529458007608601
C:\Users\JackM\40xMBPCNP\40xN1N2N3N4lif\MDL_0606.lif,MDL_0606,2,Image 3,MDL_0606_S3_Image_3,47,34376,10695,2,0,10695,12,41,79,20,10.088235294117647,3.0597475455820478,1.6572360310405252,1501.455844122716,906.0,32724,,,0.0,0.0,0,0,3.0597475455820478,1.6572360310405252,1501.455844122716,906.0,10695,32724,1.5,0.7184433619633035,8.621320343559642,12.0,12,18,241,525.0,12.0,75.0,124.65116279069767,126.11743805516596,127.0,0.9930506933477635,275.9886863020103,145.0,1.9033702503586918,132.08333333333334,106.0,1.2460691823899372,2.38251070738795,2.046311544191072,1.223279261977434,1.1676280432909119,3.2139754327597103,1.462341136089237,2.3779086297762926,1.8529458007608601
C:\Users\JackM\40xMBPCNP\40xN1N2N3N4lif\MDL_0606.lif,MDL_0606,2,Image 3,MDL_0606_S3_Image_3,48,11709,5946,0,0,5946,0,21,59,12,8.5,1.6873528422468886,1.7584151674545045,858.1066017177982,488.0,10033,,,0.0,0.0,0,0,1.6873528422468886,1.7584151674545045,858.1066017177982,488.0,5946,10033,,,0.0,0.0,0,0,83,250.0,8.0,35.0,40.0,127.9820047090481,127.0,1.0077323205436859,233.98839556004037,145.0,1.6137130728278646,108.24049781365623,106.0,1.0211367718269455,2.38251070738795,2.046311544191072,1.223279261977434,1.1676280432909119,3.2139754327597103,1.462341136089237,2.3779086297762926,1.8529458007608601
C:\Users\JackM\40xMBPCNP\40xN1N2N3N4lif\MDL_0606.lif,MDL_0606,2,Image 3,MDL_0606_S3_Image_3,49,35073,17075,4,8244,15781,1641,47,134,38,9.60576923076923,2.1796778916544657,2.0062280870315563,2026.2903679018718,1010.0,37218,1.7681950509461426,1.7805664954199736,1203.6629509039021,676.0,8244,14577,2.3154426208732017,1.8279750831642962,1846.2548339959392,1010.0,15781,36540,3.4838513101767217,0.6994506931346877,391.6923881554251,560.0,1641,5717,286,840.0,12.0,150.0,140.0,146.4993934983018,127.0,1.1535385314826914,395.0723021354794,145.0,2.724636566451582,132.3528336380256,106.0,1.248611638094581,2.38251070738795,2.046311544191072,1.223279261977434,1.1676280432909119,3.2139754327597103,1.462341136089237,2.3779086297762926,1.8529458007608601
C:\Users\JackM\40xMBPCNP\40xN1N2N3N4lif\MDL_0606.lif,MDL_0606,2,Image 3,MDL_0606_S3_Image_3,50,31881,25879,2,31881,1185,25768,52,175,51,10.007633587786259,1.2855983616059352,1.861965802138897,1590.118795026618,854.0,33270,1.0564285938333176,1.0342003592285556,883.2071067811866,854.0,31881,33680,15.378902953586499,0.4667140452079104,350.03553390593277,750.0,1185,18224,1.288458553244334,1.823809143546828,1557.5330085889912,854.0,25768,33201,195,547.5,14.0,155.0,95.0,212.6968413788777,127.0,1.6747782785738403,202.80506329113925,145.0,1.3986556089044087,143.53100745110214,106.0,1.3540661080292655,2.38251070738795,2.046311544191072,1.223279261977434,1.1676280432909119,3.2139754327597103,1.462341136089237,2.3779086297762926,1.8529458007608601
C:\Users\JackM\40xMBPCNP\40xN1N2N3N4lif\MDL_0606.lif,MDL_0606,3,Image 4,MDL_0606_S4_Image_4,1,36406,11788,1,0,11788,0,41,87,14,13.166666666666666,4.674499491007804,2.1401128298333423,2307.041630560343,1078.0,55103,,,0.0,0.0,0,0,4.674499491007804,2.1401128298333423,2307.041630560343,1078.0,11788,55103,,,0.0,0.0,0,0,213,770.0,10.0,100.0,107.5,121.21454021038345,127.0,0.9544451985069563,232.15676959619952,145.0,1.6010811696289622,109.03316932473702,107.0,1.0190015824741778,2.6079103055936663,1.7890040191443464,1.7407685567655526,1.4602581094554452,2.7912943759786693,1.662671349627754,3.0360504837153512,1.0886818840588883
C:\Users\JackM\40xMBPCNP\40xN1N2N3N4lif\MDL_0606.lif,MDL_0606,3,Image 4,MDL_0606_S4_Image_4,2,9483,5756,1,0,5756,0,21,36,6,11.575757575757576,1.6038915913829048,1.7917964450452497,845.7279220613578,472.0,9232,,,0.0,0.0,0,0,1.6038915913829048,1.7917964450452497,845.7279220613578,472.0,5756,9232,,,0.0,0.0,0,0,89,302.5,12.0,35.0,42.5,121.56150104239055,127.0,0.9571771735621303,314.4697706740792,145.0,2.168757039131581,109.6049339819319,107.0,1.0243451774012327,2.6079103055936663,1.7890040191443464,1.7407685567655526,1.4602581094554452,2.7912943759786693,1.662671349627754,3.0360504837153512,1.0886818840588883
C:\Users\JackM\40xMBPCNP\40xN1N2N3N4lif\MDL_0606.lif,MDL_0606,3,Image 4,MDL_0606_S4_Image_4,3,61011,13240,3,6624,13157,83,73,110,19,10.719626168224298,4.082477341389728,2.1228696267317684,2636.6040764008562,1242.0,54052,4.0727657004830915,1.0580826889826136,1086.8700576850888,1027.2071067811867,6624,26978,3.9369157102682983,2.1262022539285574,2585.4619407771256,1216.0,13157,51798,10.240963855421686,0.1647544905782953,51.142135623730944,310.4142135623731,83,850,278,937.5,9.0,100.0,135.0,156.20214371980677,127.0,1.2299381395260376,253.15254237288136,145.0,1.7458796025715955,124.01204819277109,107.0,1.1589911046053374,2.6079103055936663,1.7890040191443464,1.7407685567655526,1.4602581094554452,2.7912943759786693,1.662671349627754,3.0360504837153512,1.0886818840588883
C:\Users\JackM\40xMBPCNP\40xN1N2N3N4lif\MDL_0606.lif,MDL_0606,3,Image 4,MDL_0606_S4_Image_4,4,33218,10710,6,7620,9410,1327,40,90,11,9.722222222222221,2.868720821661998,1.6996498530002988,1567.0771644662755,922.0,30724,1.7330708661417322,1.7481575962878078,1052.3908729652603,602.0,7620,13206,2.2870350690754515,1.5682139240503952,1282.7989898732233,818.0,9410,21521,4.713639788997739,0.7307130831824087,306.89949493661163,420.0,1327,6255,230,707.5,10.0,100.0,110.11627906976744,153.50603674540682,127.0,1.2087089507512347,277.6695005313496,145.0,1.9149620726299974,129.835719668425,107.0,1.213417940826402,2.6079103055936663,1.7890040191443464,1.7407685567655526,1.4602581094554452,2.7912943759786693,1.662671349627754,3.0360504837153512,1.0886818840588883
C:\Users\JackM\40xMBPCNP\40xN1N2N3N4lif\MDL_0606.lif,MDL_0606,3,Image 4,MDL_0606_S4_Image_4,5,15382,4732,3,13629,4420,497,26,43,3,8.146341463414634,2.3214285714285716,1.5290705348577982,807.3492424049175,528.0,10985,1.1529092376550003,1.5590156039064202,944.7634559672906,606.0,13629,15713,2.1705882352941175,1.4537646337586017,694.8994949366116,478.0,4420,9594,10.722334004024145,0.44930505450060676,226.44974746830582,504.0,497,5329,112,342.5,14.0,35.0,51.05263157894737,161.12121212121212,127.0,1.2686709615843474,246.60135746606335,145.0,1.7006990170073335,128.42253521126761,107.0,1.2002106094510991,2.6079103055936663,1.7890040191443464,1.7407685567655526,1.4602581094554452,2.7912943759786693,1.662671349627754,3.0360504837153512,1.0886818840588883
C:\Users\JackM\40xMBPCNP\40xN1N2N3N4lif\MDL_0606.lif,MDL_0606,3,Image 4,MDL_0606_S4_Image_4,6,21221,12448,3,5495,12448,0,21,84,17,12.803571428571429,1.875241002570694,1.9126458807159747,1484.2132034355964,776.0,23343,2.429117379435851,1.3507240976090893,863.1126983722081,639.0,5495,13348,1.875241002570694,1.9126458807159747,1484.2132034355964,776.0,12448,23343,,,0.0,0.0,0,0,151,522.5,9.0,40.0,72.5,138.3909008189263,127.0,1.0896921324324906,329.8394119537275,145.0,2.274754565198121,114.85185185185185,107.0,1.0733817930079612,2.6079103055936663,1.7890040191443464,1.7407685567655526,1.4602581094554452,2.7912943759786693,1.662671349627754,3.0360504837153512,1.0886818840588883
C:\Users\JackM\40xMBPCNP\40xN1N2N3N4lif\MDL_0606.lif,MDL_0606,3,Image 4,MDL_0606_S4_Image_4,7,33401,8972,3,28621,8925,63,26,75,19,9.648148148148149,3.166963887650468,1.5373703056097405,1325.2132034355964,862.0,28414,1.2471961147409245,1.803113814357441,1666.0771644662755,924.0,28621,35696,2.8212885154061627,1.7256998269624184,1301.1776695296635,754.0,8925,25180,38.285714285714285,0.05866112143584819,38.071067811865476,649.0,63,2412,187,440.0,7.0,130.0,90.0,150.9295622095664,127.0,1.1884217496816252,282.2343977591036,145.0,1.9464441224765767,129.46031746031747,107.0,1.2099095089749297,2.6079103055936663,1.7890040191443464,1.7407685567655526,1.4602581094554452,2.7912943759786693,1.662671349627754,3.0360504837153512,1.0886818840588883
C:\Users\JackM\40xMBPCNP\40xN1N2N3N4lif\MDL_0606.lif,MDL_0606,3,Image 4,MDL_0606_S4_Image_4,8,14222,8810,2,13730,8348,1032,21,81,21,9.53448275862069,1.3843359818388195,1.6729038234401397,902.0416305603426,539.2071067811866,12196,1.0699198834668608,1.1093362931943098,650.0710678118655,586.0,13730,14690,1.3071394345951126,1.5409656517409454,790.834523779156,513.2071067811866,8348,10912,5.9312015503875966,0.7643182656964939,328.65685424949237,430.0,1032,6121,93,302.5,12.0,55.0,45.0,165.80721048798253,127.0,1.3055685865195474,382.91854336367993,145.0,2.640817540439172,129.8420542635659,107.0,1.2134771426501485,2.6079103055936663,1.7890040191443464,1.7407685567655526,1.4602581094554452,2.7912943759786693,1.662671349627754,3.0360504837153512,1.0886818840588883
C:\Users\JackM\40xMBPCNP\40xN1N2N3N4lif\MDL_0606.lif,MDL_0606,3,Image 4,MDL_0606_S4_Image_4,9,59943,16629,2,13170,16595,137,54,122,24,11.737864077669903,3.2624932347104454,1.9458268729416635,2455.6335136523794,1262.0,54252,3.974259681093394,2.173278405912101,2655.7462120245873,1222.0,13170,52341,3.2691774630912924,1.9453345430339302,2455.01219330882,1262.0,16595,54252,11.204379562043796,0.14274781900284084,56.24264068711929,394.0,137,1535,263,997.5,26.0,85.0,127.5,142.11905846621107,127.0,1.1190477044583549,289.8715878276589,145.0,1.9991143988114408,126.97080291970804,107.0,1.1866430179411966,2.6079103055936663,1.7890040191443464,1.7407685567655526,1.4602581094554452,2.7912943759786693,1.662671349627754,3.0360504837153512,1.0886818840588883
C:\Users\JackM\40xMBPCNP\40xN1N2N3N4lif\MDL_0606.lif,MDL_0606,3,Image 4,MDL_0606_S4_Image_4,10,10813,5430,1,157,5430,0,13,27,8,15.125,2.31767955801105,1.6058922771069688,908.9350288425444,566.0,12585,1.1146496815286624,1.0,58.0,58.0,157,175,2.31767955801105,1.6058922771069688,908.9350288425444,566.0,5430,12585,,,0.0,0.0,0,0,202,312.5,5.0,55.0,97.5,132.656050955414,127.0,1.0445358342945985,292.55690607734806,145.0,2.0176338350161935,110.88084714548803,107.0,1.0362695994905424,2.6079103055936663,1.7890040191443464,1.7407685567655526,1.4602581094554452,2.7912943759786693,1.662671349627754,3.0360504837153512,1.0886818840588883
C:\Users\JackM\40xMBPCNP\40xN1N2N3N4lif\MDL_0606.lif,MDL_0606,3,Image 4,MDL_0606_S4_Image_4,11,89904,44220,5,89904,8775,39611,121,351,76,9.116438356164384,1.9099954771596563,2.926620466439746,4208.480230740355,1438.0,84460,1.0657034169781099,1.047373216451543,1552.2071067811867,1482.0,89904,95811,8.51977207977208,1.4184021488534198,1912.0060966544097,1348.0,8775,74761,1.7736992249627628,2.614939941333033,3404.651803615609,1302.0,39611,70258,421,1482.5,10.0,275.0,207.5,310.8772802100018,127.0,2.4478526000787544,229.97207977207978,145.0,1.5860143432557225,143.10615738052562,107.0,1.3374407231824823,2.6079103055936663,1.7890040191443464,1.7407685567655526,1.4602581094554452,2.7912943759786693,1.662671349627754,3.0360504837153512,1.0886818840588883
C:\Users\JackM\40xMBPCNP\40xN1N2N3N4lif\MDL_0606.lif,MDL_0606,3,Image 4,MDL_0606_S4_Image_4,12,58721,22862,2,15951,22862,0,47,157,24,11.821428571428571,2.7218091155629427,2.2467751898730968,2718.597979746447,1210.0,62226,3.229891542849978,1.0896865139925667,1158.5624458405139,1063.2071067811867,15951,51520,2.7218091155629427,2.2467751898730968,2718.597979746447,1210.0,22862,62226,,,0.0,0.0,0,0,345,860.0,12.0,95.0,189.32203389830508,148.09817566296783,127.0,1.1661273674249435,311.79931764500043,145.0,2.1503401216896583,109.98175709620698,107.0,1.0278668887495979,2.6079103055936663,1.7890040191443464,1.7407685567655526,1.4602581094554452,2.7912943759786693,1.662671349627754,3.0360504837153512,1.0886818840588883
C:\Users\JackM\40xMBPCNP\40xN1N2N3N4lif\MDL_0606.lif,MDL_0606,3,Image 4,MDL_0606_S4_Image_4,14,11600,7807,4,10705,7804,21,22,43,10,11.972222222222221,1.3069040604585629,1.395956906109877,636.556349186104,456.0,10203,1.0984586641756189,1.335582523816663,657.1066017177982,492.0,10705,11759,1.3074064582265505,1.3933097421160472,635.3492424049175,456.0,7804,10203,3.9523809523809526,0.3696035759696745,13.82842712474619,37.41421356237309,21,83,79,272.5,17.0,50.0,37.5,139.24455861746847,127.0,1.0964138473816416,394.1581240389544,145.0,2.718331889923823,128.71428571428572,107.0,1.2029372496662216,2.6079103055936663,1.7890040191443464,1.7407685567655526,1.4602581094554452,2.7912943759786693,1.662671349627754,3.0360504837153512,1.0886818840588883
C:\Users\JackM\40xMBPCNP\40xN1N2N3N4lif\MDL_0606.lif,MDL_0606,3,Image 4,MDL_0606_S4_Image_4,15,43460,12161,1,32187,5159,7283,54,106,19,11.717647058823529,3.523312227612861,2.348579475499775,2423.734018715768,1032.0,42847,1.2622487339609159,2.096382628094673,2092.1898628384834,998.0,32187,40628,8.104089939910835,1.4002849787089915,1436.6923881554253,1026.0,5159,41809,2.9901139640258134,1.588625480618318,1137.4558441227157,716.0,7283,21777,233,842.5,10.0,220.0,112.5,161.66194426321186,127.0,1.2729286949859202,192.86722232990888,145.0,1.3301187746890268,135.23946176026362,107.0,1.2639202033669497,2.6079103055936663,1.7890040191443464,1.7407685567655526,1.4602581094554452,2.7912943759786693,1.662671349627754,3.0360504837153512,1.0886818840588883
C:\Users\JackM\40xMBPCNP\40xN1N2N3N4lif\MDL_0606.lif,MDL_0606,3,Image 4,MDL_0606_S4_Image_4,16,35105,17515,5,22275,17515,0,43,153,26,11.6,2.193605481016272,2.4557917099558053,2391.9411254969546,974.0,38421,1.7491358024691357,2.3606861090690625,2242.6518036156094,950.0,22275,38962,2.193605481016272,2.4557917099558053,2391.9411254969546,974.0,17515,38421,,,0.0,0.0,0,0,173,787.5,11.0,65.0,82.5,141.93773288439954,127.0,1.1176199439716499,296.73262917499284,145.0,2.0464319253447782,113.87076189743983,107.0,1.0642127280134563,2.6079103055936663,1.7890040191443464,1.7407685567655526,1.4602581094554452,2.7912943759786693,1.662671349627754,3.0360504837153512,1.0886818840588883
C:\Users\JackM\40xMBPCNP\40xN1N2N3N4lif\MDL_0606.lif,MDL_0606,3,Image 4,MDL_0606_S4_Image_4,18,12247,4291,2,11485,4291,0,22,56,8,8.717948717948717,2.133768352365416,1.8426609279785675,877.1066017177982,476.0,9156,1.0878537222464084,1.4388523206160646,736.6923881554251,512.0,11485,12494,2.133768352365416,1.8426609279785675,877.1066017177982,476.0,4291,9156,,,0.0,0.0,0,0,93,292.5,9.0,55.0,45.0,141.06321288637352,127.0,1.1107339597352246,244.40130505709624,145.0,1.6855262417730774,114.27366148531952,107.0,1.0679781447226124,2.6079103055936663,1.7890040191443464,1.7407685567655526,1.4602581094554452,2.7912943759786693,1.662671349627754,3.0360504837153512,1.0886818840588883
C:\Users\JackM\40xMBPCNP\40xN1N2N3N4lif\MDL_0606.lif,MDL_0606,3,Image 4,MDL_0606_S4_Image_4,20,34134,11461,1,11527,8978,2518,33,46,7,12.770833333333334,2.5742954366983684,1.7645466393199618,1439.8700576850888,816.0,29504,2.5451548538214626,1.7219836139593538,1477.4619407771256,858.0,11527,29338,1.8968589886388951,1.3717271085314142,916.3137084989847,668.0,8978,17030,7.280381254964257,0.7743817502150555,556.0060966544098,718.0,2518,18332,229,480.0,8.0,185.0,112.5,148.85095861889477,127.0,1.172054792274762,312.42659835152597,145.0,2.1546661955277653,131.47498014297062,107.0,1.2287381321772954,2.6079103055936663,1.7890040191443464,1.7407685567655526,1.4602581094554452,2.7912943759786693,1.662671349627754,3.0360504837153512,1.0886818840588883
C:\Users\JackM\40xMBPCNP\40xN1N2N3N4lif\MDL_0606.lif,MDL_0606,3,Image 4,MDL_0606_S4_Image_4,21,22242,3644,1,33,3644,0,21,39,4,8.114285714285714,2.4821624588364433,1.2482924040659293,679.0710678118655,544.0,9045,31.0,0.10980841992970596,23.82842712474619,217.0,33,1023,2.4821624588364433,1.2482924040659293,679.0710678118655,544.0,3644,9045,,,0.0,0.0,0,0,188,217.5,6.0,170.0,109.28571428571429,143.1818181818182,127.0,1.1274158911954189,218.36031833150383,145.0,1.5059332298724402,109.69665386725178,107.0,1.0252023725911381,2.6079103055936663,1.7890040191443464,1.7407685567655526,1.4602581094554452,2.7912943759786693,1.662671349627754,3.0360504837153512,1.0886818840588883
C:\Users\JackM\40xMBPCNP\40xN1N2N3N4lif\MDL_0606.lif,MDL_0606,3,Image 4,MDL_0606_S4_Image_4,22,32809,9780,4,1878,9780,0,30,52,12,16.711111111111112,3.485480572597137,1.9415933537010137,1848.7989898732233,952.2071067811866,34088,3.6661341853035143,0.793702154656715,374.6274169979695,472.0,1878,6885,3.485480572597137,1.9415933537010137,1848.7989898732233,952.2071067811866,9780,34088,,,0.0,0.0,0,0,297,587.5,9.0,160.0,149.63636363636363,147.47231096911608,127.0,1.161199298969418,252.3101226993865,145.0,1.740069811719907,111.12764260071799,107.0,1.0385760990721307,2.6079103055936663,1.7890040191443464,1.7407685567655526,1.4602581094554452,2.7912943759786693,1.662671349627754,3.0360504837153512,1.0886818840588883
C:\Users\JackM\40xMBPCNP\40xN1N2N3N4lif\MDL_0606.lif,MDL_0606,3,Image 4,MDL_0606_S4_Image_4,23,31419,9372,1,55,9372,0,21,69,13,15.608695652173912,3.3158344003414424,1.978722420640024,1856.0416305603426,938.0,31076,13.036363636363637,0.26986082015965285,41.82842712474619,155.0,55,717,3.3158344003414424,1.978722420640024,1856.0416305603426,938.0,9372,31076,,,0.0,0.0,0,0,162,617.5,11.0,55.0,77.5,140.96363636363637,127.0,1.1099498926270581,256.5786384976526,145.0,1.769507851707949,110.79182671788305,107.0,1.0354376328774118,2.6079103055936663,1.7890040191443464,1.7407685567655526,1.4602581094554452,2.7912943759786693,1.662671349627754,3.0360504837153512,1.0886818840588883
C:\Users\JackM\40xMBPCNP\40xN1N2N3N4lif\MDL_0606.lif,MDL_0606,3,Image 4,MDL_0606_S4_Image_4,24,8666,4049,1,3613,4049,0,14,34,3,11.0,2.1965917510496418,1.4242132034355963,712.1066017177982,500.0,8894,1.859396623304733,1.118089535270936,442.7634559672906,396.0,3613,6718,2.1965917510496418,1.4242132034355963,712.1066017177982,500.0,4049,8894,,,0.0,0.0,0,0,103,222.5,7.0,40.0,50.0,141.56822585109327,127.0,1.114710439772388,240.31020004939492,145.0,1.6573117244785858,112.10890718562874,107.0,1.0477467961273714,2.6079103055936663,1.7890040191443464,1.7407685567655526,1.4602581094554452,2.7912943759786693,1.662671349627754,3.0360504837153512,1.0886818840588883
C:\Users\JackM\40xMBPCNP\40xN1N2N3N4lif\MDL_0606.lif,MDL_0606,3,Image 4,MDL_0606_S4_Image_4,25,24301,10930,3,9029,10898,32,25,73,13,11.944444444444445,1.666971637694419,1.6489761904294706,1071.834523779156,650.0,18220,2.3798870306789235,2.338097421191339,1622.6396103067893,694.0,9029,21488,1.6314002569278767,1.6799160015942005,1051.6274169979695,626.0,10898,17779,1.21875,0.8347592698228296,20.207106781186546,24.207106781186546,32,39,117,402.5,11.0,70.0,55.0,138.3979399712039,127.0,1.0897475588283771,341.14727472930815,145.0,2.3527398257193664,123.59375,107.0,1.1550817757009346,2.6079103055936663,1.7890040191443464,1.7407685567655526,1.4602581094554452,2.7912943759786693,1.662671349627754,3.0360504837153512,1.0886818840588883
C:\Users\JackM\40xMBPCNP\40xN1N2N3N4lif\MDL_0606.lif,MDL_0606,3,Image 4,MDL_0606_S4_Image_4,26,16754,3774,1,14984,368,3571,26,20,5,13.0,4.110757816640169,1.3662192552566848,852.5208152801713,624.0,15514,1.1989455419113721,1.888309309094576,1231.1776695296635,652.0,14984,17965,1.059782608695652,1.0,86.0,86.0,368,390,4.344441332959955,1.4258460289444836,889.7279220613578,624.0,3571,15514,187,265.0,7.0,130.0,99.48275862068965,147.53096636412172,127.0,1.1616611524733993,184.7173913043478,145.0,1.2739130434782608,130.61439372724726,107.0,1.2206952684789463,2.6079103055936663,1.7890040191443464,1.7407685567655526,1.4602581094554452,2.7912943759786693,1.662671349627754,3.0360504837153512,1.0886818840588883
C:\Users\JackM\40xMBPCNP\40xN1N2N3N4lif\MDL_0606.lif,MDL_0606,3,Image 4,MDL_0606_S4_Image_4,27,44289,14234,2,1351,14234,0,54,150,32,10.589285714285714,3.9362090768582267,1.8763382479486135,2690.669047558312,1434.0,56028,15.551443375277572,0.6931067041485696,590.5269119345812,852.0,1351,21010,3.9362090768582267,1.8763382479486135,2690.669047558312,1434.0,14234,56028,,,0.0,0.0,0,0,327,970.0,9.0,65.0,167.5,139.18504811250926,127.0,1.0959452607284195,248.457566390333,145.0,1.7135004578643656,111.8076923076923,107.0,1.0449317038102084,2.6079103055936663,1.7890040191443464,1.7407685567655526,1.4602581094554452,2.7912943759786693,1.662671349627754,3.0360504837153512,1.0886818840588883
C:\Users\JackM\40xMBPCNP\40xN1N2N3N4lif\MDL_0606.lif,MDL_0606,3,Image 4,MDL_0606_S4_Image_4,28,30653,2848,1,16143,2628,220,36,12,1,8.607142857142858,9.60498595505618,1.0454833653806048,940.9350288425444,900.0,27355,1.9357616304280494,2.363076563839828,2410.3380951166246,1020.0,16143,31249,7.647640791476408,1.0088758226744536,827.278174593052,820.0,2628,20098,60.518181818181816,0.16053228001340733,113.65685424949238,708.0,220,13314,307,422.5,7.0,10.0,147.38095238095238,140.63625100662827,127.0,1.1073720551703012,192.9486301369863,145.0,1.330680207841285,128.18636363636364,107.0,1.1980033984706882,2.6079103055936663,1.7890040191443464,1.7407685567655526,1.4602581094554452,2.7912943759786693,1.662671349627754,3.0360504837153512,1.0886818840588883
C:\Users\JackM\40xMBPCNP\40xN1N2N3N4lif\MDL_0606.lif,MDL_0606,3,Image 4,MDL_0606_S4_Image_4,29,46361,23876,3,4283,23875,95,44,157,31,11.910714285714286,2.3442787736639303,1.8521145182854166,2281.805086527633,1232.0,55972,6.740368900303525,0.6272001156705596,588.3137084989849,938.0,4283,28869,2.3443769633507854,1.8521145182854166,2281.805086527633,1232.0,23875,55972,5.126315789473685,0.3609739153263804,59.3492424049175,164.4142135623731,95,487,326,692.5,11.0,255.0,171.20689655172413,146.4356759280878,127.0,1.1530368183314,320.8748062827225,145.0,2.2129296985015343,125.66315789473684,107.0,1.1744220363994098,2.6079103055936663,1.7890040191443464,1.7407685567655526,1.4602581094554452,2.7912943759786693,1.662671349627754,3.0360504837153512,1.0886818840588883
C:\Users\JackM\40xMBPCNP\40xN1N2N3N4lif\MDL_0606.lif,MDL_0606,3,Image 4,MDL_0606_S4_Image_4,30,10446,6437,2,6447,6437,0,11,47,9,11.037037037037036,1.1592356687898089,1.388284271247462,555.3137084989847,400.0,7462,1.1684504420660773,1.4589272830015605,571.8994949366117,392.0,6447,7533,1.1592356687898089,1.388284271247462,555.3137084989847,400.0,6437,7462,,,0.0,0.0,0,0,78,202.5,8.0,55.0,35.0,153.82875756165657,127.0,1.2112500595406028,329.3739319558801,145.0,2.2715443583164143,116.02296391384967,107.0,1.0843267655499969,2.6079103055936663,1.7890040191443464,1.7407685567655526,1.4602581094554452,2.7912943759786693,1.662671349627754,3.0360504837153512,1.0886818840588883
C:\Users\JackM\40xMBPCNP\40xN1N2N3N4lif\MDL_0606.lif,MDL_0606,3,Image 4,MDL_0606_S4_Image_4,31,26917,4722,2,5019,4722,0,18,22,9,12.761904761904763,4.069462092333757,0.8251606586172491,620.5208152801713,752.0,19216,1.9679218967921897,1.5292578191152393,743.2193000900063,486.0,5019,9877,4.069462092333757,0.8251606586172491,620.5208152801713,752.0,4722,19216,,,0.0,0.0,0,0,189,237.5,9.0,50.0,77.91666666666667,138.33393106196453,127.0,1.089243551669012,290.1855146124523,145.0,2.0012794111203607,114.2140221402214,107.0,1.0674207676656207,2.6079103055936663,1.7890040191443464,1.7407685567655526,1.4602581094554452,2.7912943759786693,1.662671349627754,3.0360504837153512,1.0886818840588883
C:\Users\JackM\40xMBPCNP\40xN1N2N3N4lif\MDL_0606.lif,MDL_0606,3,Image 4,MDL_0606_S4_Image_4,32,7154,2754,1,2620,2754,168,6,6,0,16.0,1.4571532316630356,1.1080176170316545,334.62132034355966,302.0,4013,1.0637404580152672,1.0556413474248711,251.24264068711932,238.0,2620,2787,1.4571532316630356,1.1080176170316545,334.62132034355966,302.0,2754,4013,2.0,0.7078068488622913,68.24264068711929,96.41421356237309,168,336,65,117.5,5.0,30.0,30.0,139.88625954198474,127.0,1.101466610566809,291.4912854030501,145.0,2.010284726917587,126.8452380952381,107.0,1.1854695149087673,2.6079103055936663,1.7890040191443464,1.7407685567655526,1.4602581094554452,2.7912943759786693,1.662671349627754,3.0360504837153512,1.0886818840588883
C:\Users\JackM\40xMBPCNP\40xN1N2N3N4lif\MDL_0606.lif,MDL_0606,3,Image 4,MDL_0606_S4_Image_4,33,19526,3951,2,2130,3951,0,11,21,3,19.6,3.0344216654011644,1.4971397554765788,811.4497474683058,542.0,11989,2.267605633802817,1.3333499908590434,488.0060966544099,366.0,2130,4830,3.0344216654011644,1.4971397554765788,811.4497474683058,542.0,3951,11989,,,0.0,0.0,0,0,109,277.5,5.0,45.0,52.5,140.17793427230046,127.0,1.1037632619866178,214.65249303973678,145.0,1.4803620209637018,111.6556733411857,107.0,1.043510965805474,2.6079103055936663,1.7890040191443464,1.7407685567655526,1.4602581094554452,2.7912943759786693,1.662671349627754,3.0360504837153512,1.0886818840588883
C:\Users\JackM\40xMBPCNP\40xN1N2N3N4lif\MDL_0606.lif,MDL_0606,3,Image 4,MDL_0606_S4_Image_4,34,42193,12693,4,13672,12693,0,56,111,27,10.010989010989011,3.050972977231545,2.0830685513093523,2053.905591591021,986.0,38726,1.6521357519016968,1.7357208020615864,1201.1187950266178,692.0,13672,22588,3.050972977231545,2.0830685513093523,2053.905591591021,986.0,12693,38726,,,0.0,0.0,0,0,245,725.0,11.0,140.0,120.0,139.36022527794032,127.0,1.097324608487719,282.096746238084,145.0,1.9454948016419586,111.54887758487227,107.0,1.0425128746249746,2.6079103055936663,1.7890040191443464,1.7407685567655526,1.4602581094554452,2.7912943759786693,1.662671349627754,3.0360504837153512,1.0886818840588883
C:\Users\JackM\40xMBPCNP\40xN1N2N3N4lif\MDL_0606.lif,MDL_0606,3,Image 4,MDL_0606_S4_Image_4,35,11285,3281,1,786,3281,1,10,30,5,9.772727272727273,1.7003962206644316,1.487318206107412,529.4852813742386,356.0,5579,2.71882951653944,1.496715945733307,337.0710678118655,225.20710678118655,786,2137,1.7003962206644316,1.487318206107412,529.4852813742386,356.0,3281,5579,1.0,,0.0,0.0,1,1,82,127.5,7.0,30.0,37.5,139.05979643765903,127.0,1.0949590270681813,233.90917403230722,145.0,1.6131667174641877,105.0,107.0,0.9813084112149533,2.6079103055936663,1.7890040191443464,1.7407685567655526,1.4602581094554452,2.7912943759786693,1.662671349627754,3.0360504837153512,1.0886818840588883
C:\Users\JackM\40xMBPCNP\40xN1N2N3N4lif\MDL_0606.lif,MDL_0606,3,Image 4,MDL_0606_S4_Image_4,36,15010,7610,2,1336,7610,53,19,25,7,13.0,1.3971090670170827,1.2370116204994905,653.142135623731,528.0,10632,2.961077844311377,1.0330881702767274,303.72792206135784,294.0,1336,3956,1.3971090670170827,1.2370116204994905,653.142135623731,528.0,7610,10632,2.452830188679245,0.6053847199855739,31.0,51.207106781186546,53,130,96,267.5,7.0,55.0,45.0,138.4573353293413,127.0,1.090215238813711,415.0174770039422,145.0,2.8621894965789116,127.84905660377359,107.0,1.1948509962969494,2.6079103055936663,1.7890040191443464,1.7407685567655526,1.4602581094554452,2.7912943759786693,1.662671349627754,3.0360504837153512,1.0886818840588883
C:\Users\JackM\40xMBPCNP\40xN1N2N3N4lif\MDL_0606.lif,MDL_0606,3,Image 4,MDL_0606_S4_Image_4,37,19689,5863,1,15123,4185,2621,43,61,17,6.645161290322581,2.7883336176019102,1.6371347401758,969.1837661840736,592.0,16348,1.3142233683792899,2.237693782083491,1499.254833995939,670.0,15123,19875,2.757706093189964,1.083160772223584,600.0710678118655,554.0,4185,11541,4.349866463181992,1.3182840072888067,677.5979797464466,514.0,2621,11401,160,492.5,9.0,30.0,77.5,159.4190967400648,127.0,1.2552684782682266,250.65543608124253,145.0,1.7286581798706382,130.0587561999237,107.0,1.2155023943918102,2.6079103055936663,1.7890040191443464,1.7407685567655526,1.4602581094554452,2.7912943759786693,1.662671349627754,3.0360504837153512,1.0886818840588883
C:\Users\JackM\40xMBPCNP\40xN1N2N3N4lif\MDL_0606.lif,MDL_0606,3,Image 4,MDL_0606_S4_Image_4,38,47318,16075,3,42944,760,15998,61,140,49,8.752212389380531,3.3427682737169517,1.596019937901176,2012.9116882454314,1261.2071067811867,53735,1.4579452309985097,1.632259344917541,2180.698484809835,1336.0,42944,62610,18.893421052631577,0.3729838008124,272.27817459305203,730.0,760,14359,3.3588573571696463,1.5776192274576588,1989.7045814642447,1261.2071067811867,15998,53735,305,770.0,10.0,75.0,152.32758620689654,218.63694578986588,127.0,1.7215507542509123,178.88947368421051,145.0,1.233720508166969,146.86360795099387,107.0,1.3725570836541483,2.6079103055936663,1.7890040191443464,1.7407685567655526,1.4602581094554452,2.7912943759786693,1.662671349627754,3.0360504837153512,1.0886818840588883
C:\Users\JackM\40xMBPCNP\40xN1N2N3N4lif\MDL_0606.lif,MDL_0606,3,Image 4,MDL_0606_S4_Image_4,40,24046,6156,1,114,6156,38,29,41,12,12.341463414634147,3.5133203378817415,1.4481179113047615,1199.0416305603426,828.0,21628,1.1140350877192982,1.0251480579413863,49.207106781186546,48.0,114,127,3.5133203378817415,1.4481179113047615,1199.0416305603426,828.0,6156,21628,1.9210526315789473,0.7615059322881416,27.414213562373096,36.0,38,73,192,472.5,5.0,40.0,86.36363636363636,138.44736842105263,127.0,1.0901367592208868,242.92543859649123,145.0,1.6753478523895946,129.8421052631579,107.0,1.2134776192818495,2.6079103055936663,1.7890040191443464,1.7407685567655526,1.4602581094554452,2.7912943759786693,1.662671349627754,3.0360504837153512,1.0886818840588883
C:\Users\JackM\40xMBPCNP\40xN1N2N3N4lif\MDL_0606.lif,MDL_0606,3,Image 4,MDL_0606_S4_Image_4,41,9547,3030,1,2691,3030,0,6,10,2,23.25,1.8574257425742575,1.357443229275648,515.8284271247462,380.0,5628,1.0520252694165737,1.0725324388613175,270.27817459305203,252.0,2691,2831,1.8574257425742575,1.357443229275648,515.8284271247462,380.0,3030,5628,,,0.0,0.0,0,0,84,177.5,8.0,30.0,38.75,140.61872909698997,127.0,1.1072340873778737,228.74851485148514,145.0,1.577575964493001,111.74720094284031,107.0,1.0443663639517786,2.6079103055936663,1.7890040191443464,1.7407685567655526,1.4602581094554452,2.7912943759786693,1.662671349627754,3.0360504837153512,1.0886818840588883
C:\Users\JackM\40xMBPCNP\40xN1N2N3N4lif\MDL_0606.lif,MDL_0606,3,Image 4,MDL_0606_S4_Image_4,42,25633,10955,2,1020,10463,552,39,97,19,11.27536231884058,2.7470561387494294,2.0560559266524545,1854.562445840514,902.0,30094,6.148039215686275,0.4562406216768976,274.65685424949237,602.0,1020,6271,2.824906814489152,1.9361360084910757,1730.9055915910217,894.0,10463,29557,1.2572463768115942,1.3422588984322124,161.07106781186548,120.0,552,694,172,637.5,7.0,60.0,82.5,140.2980392156863,127.0,1.1047089702022543,254.74882920768422,145.0,1.756888477294374,129.18297101449275,107.0,1.2073174861167546,2.6079103055936663,1.7890040191443464,1.7407685567655526,1.4602581094554452,2.7912943759786693,1.662671349627754,3.0360504837153512,1.0886818840588883
C:\Users\JackM\40xMBPCNP\40xN1N2N3N4lif\MDL_0606.lif,MDL_0606,3,Image 4,MDL_0606_S4_Image_4,43,6664,3470,2,172,3470,0,11,26,9,9.9,1.4377521613832853,1.0919627825494393,393.1066017177982,360.0,4989,2.441860465116279,0.7234227181775393,80.44974746830584,111.20710678118655,172,420,1.4377521613832853,1.0919627825494393,393.1066017177982,360.0,3470,4989,,,0.0,0.0,0,0,84,127.5,8.0,40.0,33.63636363636363,134.63953488372093,127.0,1.0601538179820544,294.5671469740634,145.0,2.0314975653383684,110.86381109280615,107.0,1.0361103840449173,2.6079103055936663,1.7890040191443464,1.7407685567655526,1.4602581094554452,2.7912943759786693,1.662671349627754,3.0360504837153512,1.0886818840588883
C:\Users\JackM\40xMBPCNP\40xN1N2N3N4lif\MDL_0606.lif,MDL_0606,3,Image 4,MDL_0606_S4_Image_4,44,14548,5627,3,19,5627,0,18,30,7,13.0,2.228718677803448,1.6542719804255166,942.9350288425444,570.0,12541,3.1052631578947367,0.406491320071912,13.414213562373096,33.0,19,59,2.228718677803448,1.6542719804255166,942.9350288425444,570.0,5627,12541,,,0.0,0.0,0,0,171,365.0,8.0,130.0,97.5,141.57894736842104,127.0,1.1147948611686695,244.0510040874356,145.0,1.6831103730167971,112.14665249734325,107.0,1.0480995560499369,2.6079103055936663,1.7890040191443464,1.7407685567655526,1.4602581094554452,2.7912943759786693,1.662671349627754,3.0360504837153512,1.0886818840588883
C:\Users\JackM\40xMBPCNP\40xN1N2N3N4lif\MDL_0606.lif,MDL_0606,3,Image 4,MDL_0606_S4_Image_4,45,13513,4188,1,1789,4188,0,19,21,5,12.565217391304348,2.244746895893028,1.2433046241280357,713.6568542494924,574.0,9401,1.4354387926215764,0.9692893471586337,275.278174593052,284.0,1789,2568,2.244746895893028,1.2433046241280357,713.6568542494924,574.0,4188,9401,,,0.0,0.0,0,0,183,262.5,6.0,10.0,87.27272727272727,139.38457238680826,127.0,1.0975163180063643,218.13562559694364,145.0,1.504383624806508,109.57313887679582,107.0,1.0240480268859422,2.6079103055936663,1.7890040191443464,1.7407685567655526,1.4602581094554452,2.7912943759786693,1.662671349627754,3.0360504837153512,1.0886818840588883
C:\Users\JackM\40xMBPCNP\40xN1N2N3N4lif\MDL_0606.lif,MDL_0606,3,Image 4,MDL_0606_S4_Image_4,46,7228,2606,1,0,2606,0,10,23,6,10.176470588235293,2.03031465848043,1.3939400019301105,496.2426406871193,356.0,5291,,,0.0,0.0,0,0,2.03031465848043,1.3939400019301105,496.2426406871193,356.0,2606,5291,,,0.0,0.0,0,0,98,165.0,6.0,20.0,47.94117647058823,130.18303914044512,127.0,1.0250633003184655,201.26477359938602,145.0,1.388032921375076,108.98963929393707,107.0,1.0185947597564213,2.6079103055936663,1.7890040191443464,1.7407685567655526,1.4602581094554452,2.7912943759786693,1.662671349627754,3.0360504837153512,1.0886818840588883
C:\Users\JackM\40xMBPCNP\40xN1N2N3N4lif\MDL_0606.lif,MDL_0606,3,Image 4,MDL_0606_S4_Image_4,47,12965,4565,1,0,4565,0,8,12,6,22.333333333333332,1.884118291347207,1.426252981695263,698.8639610306789,490.0,8601,,,0.0,0.0,0,0,1.884118291347207,1.426252981695263,698.8639610306789,490.0,4565,8601,,,0.0,0.0,0,0,97,247.5,5.0,40.0,45.0,127.01161007667032,127.0,1.0000914179265379,242.04556407447973,145.0,1.6692797522377911,110.29375684556408,107.0,1.0307827742576081,2.6079103055936663,1.7890040191443464,1.7407685567655526,1.4602581094554452,2.7912943759786693,1.662671349627754,3.0360504837153512,1.0886818840588883
C:\Users\JackM\40xMBPCNP\40xN1N2N3N4lif\MDL_0606.lif,MDL_0606,3,Image 4,MDL_0606_S4_Image_4,48,5532,2074,1,505,2074,0,5,27,7,9.5625,1.384281581485053,1.5473824945128745,405.4142135623731,262.0,2871,1.4415841584158415,1.085018338104995,156.24264068711926,144.0,505,728,1.384281581485053,1.5473824945128745,405.4142135623731,262.0,2074,2871,,,0.0,0.0,0,0,52,110.0,6.0,30.0,22.5,134.64950495049504,127.0,1.060232322444843,213.61475409836066,145.0,1.4732052006783494,109.13461538461539,107.0,1.0199496764917326,2.6079103055936663,1.7890040191443464,1.7407685567655526,1.4602581094554452,2.7912943759786693,1.662671349627754,3.0360504837153512,1.0886818840588883
C:\Users\JackM\40xMBPCNP\40xN1N2N3N4lif\MDL_0606.lif,MDL_0606,3,Image 4,MDL_0606_S4_Image_4,49,32163,15283,2,0,15283,99,32,78,28,13.904761904761905,2.141006346921416,1.9223445232880623,1645.5269119345812,856.0,32721,,,0.0,0.0,0,0,2.141006346921416,1.9223445232880623,1645.5269119345812,856.0,15283,32721,1.7575757575757576,0.9771424929847193,55.89949493661167,57.207106781186546,99,174,258,517.5,5.0,235.0,125.0,123.9227245959563,127.0,0.9757694850075299,407.231695347772,145.0,2.80849445067429,125.98989898989899,107.0,1.1774756914943831,2.6079103055936663,1.7890040191443464,1.7407685567655526,1.4602581094554452,2.7912943759786693,1.662671349627754,3.0360504837153512,1.0886818840588883
C:\Users\JackM\40xMBPCNP\40xN1N2N3N4lif\MDL_0606.lif,MDL_0606,3,Image 4,MDL_0606_S4_Image_4,50,2825,2106,0,0,2106,0,2,0,0,68.0,1.2188983855650521,1.0081013877931984,300.4142135623731,298.0,2567,,,0.0,0.0,0,0,1.2188983855650521,1.0081013877931984,300.4142135623731,298.0,2106,2567,,,0.0,0.0,0,0,65,102.5,4.0,45.0,30.0,124.80579297245964,127.0,0.9827227793107058,261.09591642924977,145.0,1.8006614926155156,106.43114909781576,107.0,0.9946836364281847,2.6079103055936663,1.7890040191443464,1.7407685567655526,1.4602581094554452,2.7912943759786693,1.662671349627754,3.0360504837153512,1.0886818840588883
C:\Users\JackM\40xMBPCNP\40xN1N2N3N4lif\MDL_0606.lif,MDL_0606,3,Image 4,MDL_0606_S4_Image_4,51,13185,4320,1,1288,4320,0,11,42,14,11.444444444444445,2.3819444444444446,1.5852360358659883,783.1066017177982,494.0,10290,2.139751552795031,0.9962630297061806,302.8639610306789,304.0,1288,2756,2.3819444444444446,1.5852360358659883,783.1066017177982,494.0,4320,10290,,,0.0,0.0,0,0,145,240.0,5.0,55.0,77.5,134.3641304347826,127.0,1.0579852790140363,217.47800925925927,145.0,1.4998483397190294,108.6955223880597,107.0,1.0158460036267263,2.6079103055936663,1.7890040191443464,1.7407685567655526,1.4602581094554452,2.7912943759786693,1.662671349627754,3.0360504837153512,1.0886818840588883
C:\Users\JackM\40xMBPCNP\40xN1N2N3N4lif\MDL_0606.lif,MDL_0606,3,Image 4,MDL_0606_S4_Image_4,52,13358,6100,1,3416,6100,0,8,31,5,14.708333333333334,1.5650819672131147,1.9581898774572712,920.3492424049175,470.0,9547,1.8747072599531616,1.4405753108579584,605.0416305603426,420.0,3416,6404,1.5650819672131147,1.9581898774572712,920.3492424049175,470.0,6100,9547,,,0.0,0.0,0,0,85,292.5,11.0,30.0,40.0,138.40720140515222,127.0,1.0898204835051355,241.46737704918033,145.0,1.6652922555115885,108.33102599600062,107.0,1.0124394952897253,2.6079103055936663,1.7890040191443464,1.7407685567655526,1.4602581094554452,2.7912943759786693,1.662671349627754,3.0360504837153512,1.0886818840588883
C:\Users\JackM\40xMBPCNP\40xN1N2N3N4lif\MDL_0606.lif,MDL_0606,3,Image 4,MDL_0606_S4_Image_4,53,30408,14488,2,3855,13992,678,36,97,22,12.098591549295774,2.108296521258973,2.364674002461952,1948.4913780286483,824.0,30545,4.654993514915694,0.9859775373967031,666.5208152801713,676.0,3855,17945,2.182175528873642,2.2881314444378433,1885.420310216783,824.0,13992,30533,5.912979351032448,0.44311783631832163,182.21320343559643,411.20710678118655,678,4009,151,712.5,12.0,60.0,72.5,143.61141374837874,127.0,1.1307985334518011,275.79352487135503,145.0,1.902024309457621,142.55457227138643,107.0,1.33228572216249,2.6079103055936663,1.7890040191443464,1.7407685567655526,1.4602581094554452,2.7912943759786693,1.662671349627754,3.0360504837153512,1.0886818840588883
C:\Users\JackM\40xMBPCNP\40xN1N2N3N4lif\MDL_0606.lif,MDL_0606,3,Image 4,MDL_0606_S4_Image_4,54,11225,5151,0,0,5151,0,19,39,7,10.5625,1.9481654047757717,1.632799847179133,832.7279220613578,510.0,10035,,,0.0,0.0,0,0,1.9481654047757717,1.632799847179133,832.7279220613578,510.0,5151,10035,,,0.0,0.0,0,0,138,315.0,7.0,75.0,65.0,118.18520675596972,127.0,0.9305921791808639,235.73810910502814,145.0,1.6257800627932975,106.66550184430207,107.0,0.9968738490121689,2.6079103055936663,1.7890040191443464,1.7407685567655526,1.4602581094554452,2.7912943759786693,1.662671349627754,3.0360504837153512,1.0886818840588883
C:\Users\JackM\40xMBPCNP\40xN1N2N3N4lif\MDL_0606.lif,MDL_0606,3,Image 4,MDL_0606_S4_Image_4,55,7471,2888,0,0,2888,0,12,30,2,10.761904761904763,1.8628808864265929,1.54140403245018,561.0710678118655,364.0,5380,,,0.0,0.0,0,0,1.8628808864265929,1.54140403245018,561.0710678118655,364.0,2888,5380,,,0.0,0.0,0,0,83,157.5,7.0,30.0,37.5,120.09452908587258,127.0,0.9456262132745873,213.8279085872576,145.0,1.4746752316362595,106.36461218836565,107.0,0.9940617961529501,2.6079103055936663,1.7890040191443464,1.7407685567655526,1.4602581094554452,2.7912943759786693,1.662671349627754,3.0360504837153512,1.0886818840588883
C:\Users\JackM\40xMBPCNP\40xN1N2N3N4lif\MDL_0606.lif,MDL_0606,4,Image 5,MDL_0606_S5_Image_5,1,5077,3421,0,0,3421,0,7,21,3,12.642857142857142,1.331774334989769,1.1012690371793965,365.62132034355966,332.0,4556,,,0.0,0.0,0,0,1.331774334989769,1.1012690371793965,365.62132034355966,332.0,3421,4556,,,0.0,0.0,0,0,64,117.5,5.0,30.0,30.0,127.51797719964922,126.0,1.0120474380924542,342.2654194679918,141.0,2.427414322468027,110.5749780765858,106.0,1.0431601705338283,2.071478414145734,2.034843211807223,1.2590353642663592,1.4427992890792418,2.7627142974870473,1.7231362498880458,2.422355221729362,1.4864003237404955
C:\Users\JackM\40xMBPCNP\40xN1N2N3N4lif\MDL_0606.lif,MDL_0606,4,Image 5,MDL_0606_S5_Image_5,3,13666,2867,1,6544,834,2033,17,23,6,9.173913043478262,1.721311475409836,1.6227903493338525,535.5208152801713,330.0,4935,1.2602383863080684,1.2465439609349795,533.5208152801713,428.0,6544,8247,1.275779376498801,1.1440789993557035,167.0355339059327,146.0,834,1064,1.5130349237579932,1.2653718703751244,368.4852813742386,291.20710678118655,2033,3076,87,152.5,4.0,35.0,40.0,142.35085574572128,126.0,1.1297686963946132,200.77937649880096,141.0,1.4239672092113542,130.34825381210035,106.0,1.229700507661324,2.071478414145734,2.034843211807223,1.2590353642663592,1.4427992890792418,2.7627142974870473,1.7231362498880458,2.422355221729362,1.4864003237404955
C:\Users\JackM\40xMBPCNP\40xN1N2N3N4lif\MDL_0606.lif,MDL_0606,4,Image 5,MDL_0606_S5_Image_5,4,26954,12519,2,14146,10895,1768,36,88,18,10.472972972972974,2.02372393961179,1.8713740012192333,1770.3198051533946,946.0,25335,1.6751025024741977,1.7394955294902263,1579.4619407771256,908.0,14146,23696,2.0666360715924736,1.5690119039263073,1415.2487373415292,902.0,10895,22516,2.9411764705882355,1.0998578440952684,439.0710678118654,399.20710678118655,1768,5200,186,597.5,9.0,70.0,90.0,145.54361657005515,126.0,1.1551080680163106,291.42478201009635,141.0,2.0668424256035203,129.74717194570135,106.0,1.2240299240160506,2.071478414145734,2.034843211807223,1.2590353642663592,1.4427992890792418,2.7627142974870473,1.7231362498880458,2.422355221729362,1.4864003237404955
C:\Users\JackM\40xMBPCNP\40xN1N2N3N4lif\MDL_0606.lif,MDL_0606,4,Image 5,MDL_0606_S5_Image_5,6,6660,2812,0,5828,2812,0,11,27,5,7.857142857142857,1.3374822190611664,1.34795483299251,372.03553390593277,276.0,3761,1.0897391901166782,1.2553962924335558,441.89949493661163,352.0,5828,6351,1.3374822190611664,1.34795483299251,372.03553390593277,276.0,2812,3761,,,0.0,0.0,0,0,56,132.5,9.0,25.0,25.0,143.99124914207275,126.0,1.142787691603752,249.47688477951635,141.0,1.7693396083653643,110.33756214640836,106.0,1.040920397607626,2.071478414145734,2.034843211807223,1.2590353642663592,1.4427992890792418,2.7627142974870473,1.7231362498880458,2.422355221729362,1.4864003237404955
C:\Users\JackM\40xMBPCNP\40xN1N2N3N4lif\MDL_0606.lif,MDL_0606,4,Image 5,MDL_0606_S5_Image_5,7,12225,3269,1,9704,3254,15,10,18,2,14.0,1.2967268277760784,1.1355169271916261,369.278174593052,325.20710678118655,4239,1.2126957955482276,1.9045273903433886,1011.698484809835,531.2071067811866,9704,11768,1.1905347264904733,1.1848324915610196,355.4497474683059,300.0,3254,3874,1.4,1.3278417080583755,13.828427124746192,10.414213562373096,15,21,62,107.5,6.0,35.0,27.5,140.79039571310798,126.0,1.1173840929611745,282.97756607252614,141.0,2.006933092712951,125.06666666666666,106.0,1.179874213836478,2.071478414145734,2.034843211807223,1.2590353642663592,1.4427992890792418,2.7627142974870473,1.7231362498880458,2.422355221729362,1.4864003237404955
C:\Users\JackM\40xMBPCNP\40xN1N2N3N4lif\MDL_0606.lif,MDL_0606,4,Image 5,MDL_0606_S5_Image_5,8,48594,20132,3,40513,18176,2635,64,209,57,9.25974025974026,2.573564474468508,2.1411233264286387,2650.710678118655,1238.0,51811,1.3222916101004616,1.9799704671388145,2463.083261120685,1244.0,40513,53570,2.7828455105633805,2.047879147386321,2506.6040764008567,1224.0,18176,50581,7.279316888045541,0.5141943576108006,523.5563491861041,1018.2071067811866,2635,19181,228,922.5,17.0,95.0,110.0,146.69557919680102,126.0,1.16425062854604,280.92605633802816,141.0,1.9923833782838876,135.3764705882353,106.0,1.2771365149833518,2.071478414145734,2.034843211807223,1.2590353642663592,1.4427992890792418,2.7627142974870473,1.7231362498880458,2.422355221729362,1.4864003237404955
C:\Users\JackM\40xMBPCNP\40xN1N2N3N4lif\MDL_0606.lif,MDL_0606,4,Image 5,MDL_0606_S5_Image_5,10,37929,11253,2,19326,11252,3,34,64,12,15.288461538461538,3.497111881276104,1.6624835712887784,1938.4558441227157,1166.0,39353,2.346631480906551,3.1851609749259904,3828.5634918610403,1202.0,19326,45351,3.497422680412371,1.6623059496925636,1938.2487373415292,1166.0,11252,39353,3.3333333333333335,0.0,0.0,9.207106781186548,3,10,234,672.5,8.0,40.0,115.0,139.22399875814963,126.0,1.1049523710964257,255.61402417348026,141.0,1.8128654196700729,120.66666666666667,106.0,1.1383647798742138,2.071478414145734,2.034843211807223,1.2590353642663592,1.4427992890792418,2.7627142974870473,1.7231362498880458,2.422355221729362,1.4864003237404955
C:\Users\JackM\40xMBPCNP\40xN1N2N3N4lif\MDL_0606.lif,MDL_0606,4,Image 5,MDL_0606_S5_Image_5,11,11788,2823,1,10478,2800,23,15,29,8,6.7407407407407405,2.043216436415161,1.0739492343782102,443.7634559672906,413.20710678118655,5768,1.1094674556213018,1.5453543149584077,843.7634559672906,546.0,10478,11625,1.7064285714285714,1.084626790116867,424.31370849898474,391.20710678118655,2800,4778,25.82608695652174,0.08412261949505294,19.44974746830583,231.20710678118655,23,594,159,210.0,6.0,120.0,82.5,140.3559839664058,126.0,1.1139363806857603,241.4775,141.0,1.7126063829787233,123.21739130434783,106.0,1.162428219852338,2.071478414145734,2.034843211807223,1.2590353642663592,1.4427992890792418,2.7627142974870473,1.7231362498880458,2.422355221729362,1.4864003237404955
C:\Users\JackM\40xMBPCNP\40xN1N2N3N4lif\MDL_0606.lif,MDL_0606,4,Image 5,MDL_0606_S5_Image_5,12,32005,11796,1,27530,10755,1082,60,155,54,8.617886178861788,2.745252628009495,2.796021883685741,2331.882250993908,834.0,32383,1.2800217944061025,3.1916970678495353,2719.3259018078043,852.0,27530,35239,2.484053928405393,2.384544621991531,1983.941125496954,832.0,10755,26716,17.417744916820702,0.5383625671782354,384.3908729652601,714.0,1082,18846,163,897.5,12.0,120.0,80.0,148.0063203777697,126.0,1.1746533363315055,268.01961878196187,141.0,1.900848360155758,130.5286506469501,106.0,1.2314023645938688,2.071478414145734,2.034843211807223,1.2590353642663592,1.4427992890792418,2.7627142974870473,1.7231362498880458,2.422355221729362,1.4864003237404955
C:\Users\JackM\40xMBPCNP\40xN1N2N3N4lif\MDL_0606.lif,MDL_0606,4,Image 5,MDL_0606_S5_Image_5,13,7608,5980,0,54,5980,0,10,32,5,14.434782608695652,1.2993311036789297,1.4401457801269038,561.6568542494924,390.0,7770,2.0185185185185186,0.5865354782424833,30.621320343559645,52.207106781186546,54,109,1.2993311036789297,1.4401457801269038,561.6568542494924,390.0,5980,7770,,,0.0,0.0,0,0,75,172.5,6.0,45.0,35.0,138.57407407407408,126.0,1.0997942386831276,332.652508361204,141.0,2.3592376479518014,107.78669341357406,106.0,1.0168555982412646,2.071478414145734,2.034843211807223,1.2590353642663592,1.4427992890792418,2.7627142974870473,1.7231362498880458,2.422355221729362,1.4864003237404955
C:\Users\JackM\40xMBPCNP\40xN1N2N3N4lif\MDL_0606.lif,MDL_0606,4,Image 5,MDL_0606_S5_Image_5,14,111462,22548,6,111462,4044,19077,181,323,87,7.075862068965518,4.858568387440128,3.0618710744317825,4672.4152595829,1526.0,109551,1.1440849796343149,1.0895843147550819,1902.414213562373,1746.0,111462,127522,25.392433234421365,0.8713159907264103,1277.3492424049175,1466.0,4044,102687,5.076689206898359,2.498718995333276,3703.1015510839147,1482.0,19077,96848,433,1827.5,19.0,245.0,216.54320987654322,242.5772640002871,126.0,1.9252163809546596,197.15776458951532,141.0,1.3982820183653568,131.84305708444725,106.0,1.243802425324974,2.071478414145734,2.034843211807223,1.2590353642663592,1.4427992890792418,2.7627142974870473,1.7231362498880458,2.422355221729362,1.4864003237404955
C:\Users\JackM\40xMBPCNP\40xN1N2N3N4lif\MDL_0606.lif,MDL_0606,4,Image 5,MDL_0606_S5_Image_5,15,13254,2512,1,12921,2512,0,19,31,7,8.148148148148149,2.932722929936306,1.6002694514193954,675.3137084989849,422.0,7367,1.0356009596780436,1.4785562574467914,762.9350288425444,516.0,12921,13381,2.932722929936306,1.6002694514193954,675.3137084989849,422.0,2512,7367,,,0.0,0.0,0,0,135,225.0,5.0,35.0,76.25,141.30531692593453,126.0,1.1214707692534487,214.91918789808918,141.0,1.5242495595609162,109.46362019639682,106.0,1.0326756622301587,2.071478414145734,2.034843211807223,1.2590353642663592,1.4427992890792418,2.7627142974870473,1.7231362498880458,2.422355221729362,1.4864003237404955
C:\Users\JackM\40xMBPCNP\40xN1N2N3N4lif\MDL_0606.lif,MDL_0606,4,Image 5,MDL_0606_S5_Image_5,16,53756,32495,4,53756,29222,20592,66,182,38,13.128571428571428,1.6393906754885368,1.6963796549258372,1849.0538238691624,1090.0,53272,1.0699084753329862,1.0664938232806331,1190.2071067811867,1116.0,53756,57514,1.606939976729861,1.4296293185718303,1492.533008588991,1044.0,29222,46958,2.035693473193473,2.1205559225065684,2167.208152801713,1022.0,20592,41919,199,712.5,21.0,85.0,97.5,213.55789121214377,126.0,1.6949038985090776,381.78776264458287,141.0,2.7077146286849847,138.56589937839937,106.0,1.3072254658339564,2.071478414145734,2.034843211807223,1.2590353642663592,1.4427992890792418,2.7627142974870473,1.7231362498880458,2.422355221729362,1.4864003237404955
C:\Users\JackM\40xMBPCNP\40xN1N2N3N4lif\MDL_0606.lif,MDL_0606,4,Image 5,MDL_0606_S5_Image_5,17,64046,39012,4,64046,10852,34176,88,349,79,10.154811715481172,1.7674818004716497,3.082504944565991,3908.6162697096765,1268.0,68953,1.1049714267869968,1.0410126866685236,1330.414213562373,1278.0,64046,70769,5.204662734979728,1.7231985502046805,2133.3198051533946,1238.0,10852,56481,1.746752106741573,2.743483341673058,3231.8233764908628,1178.0,34176,59697,206,1282.5,20.0,100.0,100.0,209.5983667988633,126.0,1.6634791015782802,257.41467010689274,141.0,1.825635958204913,159.44756554307116,106.0,1.5042223164440676,2.071478414145734,2.034843211807223,1.2590353642663592,1.4427992890792418,2.7627142974870473,1.7231362498880458,2.422355221729362,1.4864003237404955
C:\Users\JackM\40xMBPCNP\40xN1N2N3N4lif\MDL_0606.lif,MDL_0606,4,Image 5,MDL_0606_S5_Image_5,18,13067,4470,4,12925,4458,87,24,46,15,8.047619047619047,2.19082774049217,1.7254581819137589,859.278174593052,498.0,9793,1.0527659574468085,1.2784828981334977,723.6213203435597,566.0,12925,13607,2.196724988784208,1.7009459193009349,847.0710678118655,498.0,4458,9793,5.022988505747127,0.5832042225810402,66.48528137423858,114.0,87,437,180,297.5,6.0,25.0,86.45161290322581,163.84363636363636,126.0,1.3003463203463204,234.08860475549574,141.0,1.6602028706063527,125.5632183908046,106.0,1.1845586640641943,2.071478414145734,2.034843211807223,1.2590353642663592,1.4427992890792418,2.7627142974870473,1.7231362498880458,2.422355221729362,1.4864003237404955
C:\Users\JackM\40xMBPCNP\40xN1N2N3N4lif\MDL_0606.lif,MDL_0606,4,Image 5,MDL_0606_S5_Image_5,19,34460,14127,3,34460,14127,0,57,149,34,10.229508196721312,2.6190273943512423,2.974578175834276,2790.154328932551,938.0,36999,1.0957341845618107,1.0363905391289219,974.2071067811866,940.0,34460,37759,2.6190273943512423,2.974578175834276,2790.154328932551,938.0,14127,36999,,,0.0,0.0,0,0,151,1072.5,21.0,100.0,72.5,140.2282066163668,126.0,1.1129222747330698,273.4602534154456,141.0,1.939434421386139,114.13464886825305,106.0,1.0767419704552175,2.071478414145734,2.034843211807223,1.2590353642663592,1.4427992890792418,2.7627142974870473,1.7231362498880458,2.422355221729362,1.4864003237404955
C:\Users\JackM\40xMBPCNP\40xN1N2N3N4lif\MDL_0606.lif,MDL_0606,4,Image 5,MDL_0606_S5_Image_5,20,9017,4332,1,9017,4332,0,26,78,13,7.666666666666667,1.9669898430286241,2.6645573176026827,1108.455844122716,416.0,8521,1.022291227681047,1.0,430.0,430.0,9017,9218,1.9669898430286241,2.6645573176026827,1108.455844122716,416.0,4332,8521,,,0.0,0.0,0,0,70,312.5,12.0,55.0,32.5,140.73317067760897,126.0,1.1169299260127696,231.92405355493997,141.0,1.6448514436520565,112.87079960075413,106.0,1.0648188641580578,2.071478414145734,2.034843211807223,1.2590353642663592,1.4427992890792418,2.7627142974870473,1.7231362498880458,2.422355221729362,1.4864003237404955
C:\Users\JackM\40xMBPCNP\40xN1N2N3N4lif\MDL_0606.lif,MDL_0606,4,Image 5,MDL_0606_S5_Image_5,21,29211,7638,1,29211,1037,7128,51,115,35,6.544444444444444,3.2501963864886094,1.5516497612148485,1166.840620433566,752.0,24825,1.0951011605217214,1.0401891252955082,880.0,846.0,29211,31989,1.4001928640308583,0.8311617283024513,160.4142135623731,193.0,1037,1452,3.4827441077441077,1.5221662866466918,1144.6690475583123,752.0,7128,24825,202,485.0,6.0,85.0,97.5,199.90513847523192,126.0,1.5865487180573963,232.28833172613307,141.0,1.6474349767810856,133.86742424242425,106.0,1.2629002287021156,2.071478414145734,2.034843211807223,1.2590353642663592,1.4427992890792418,2.7627142974870473,1.7231362498880458,2.422355221729362,1.4864003237404955
C:\Users\JackM\40xMBPCNP\40xN1N2N3N4lif\MDL_0606.lif,MDL_0606,4,Image 5,MDL_0606_S5_Image_5,22,19791,12418,1,17289,12418,9,35,87,22,11.485294117647058,1.6636334353358029,1.7830710061235409,1273.1126983722081,714.0,20659,1.229163051651339,1.391166087410363,987.7279220613577,710.0,17289,21251,1.6636334353358029,1.7830710061235409,1273.1126983722081,714.0,12418,20659,363.0,0.008732003995839118,3.414213562373095,391.0,9,3267,149,452.5,9.0,65.0,72.5,142.89600323905373,126.0,1.1340952638020136,364.93501368980515,141.0,2.5881915864525187,116.88888888888889,106.0,1.1027253668763102,2.071478414145734,2.034843211807223,1.2590353642663592,1.4427992890792418,2.7627142974870473,1.7231362498880458,2.422355221729362,1.4864003237404955
C:\Users\JackM\40xMBPCNP\40xN1N2N3N4lif\MDL_0606.lif,MDL_0606,4,Image 5,MDL_0606_S5_Image_5,23,24780,16678,3,23888,15980,1988,45,173,48,8.96031746031746,1.71633289363233,2.157311496981836,1790.5685424949238,830.0,28625,1.2471115204286671,1.4816583719549927,1247.556349186104,842.0,23888,29791,1.761639549436796,2.0022604269150586,1661.8761543394987,830.0,15980,28151,9.746478873239436,0.9850835267505512,705.3198051533947,716.0,1988,19376,166,637.5,20.0,75.0,80.0,163.9616125251172,126.0,1.3012826390882317,369.49899874843555,141.0,2.6205602748115995,128.95925553319918,106.0,1.2165967503131998,2.071478414145734,2.034843211807223,1.2590353642663592,1.4427992890792418,2.7627142974870473,1.7231362498880458,2.422355221729362,1.4864003237404955
C:\Users\JackM\40xMBPCNP\40xN1N2N3N4lif\MDL_0606.lif,MDL_0606,4,Image 5,MDL_0606_S5_Image_5,24,5257,4024,1,4283,3797,479,14,35,9,7.92,1.3195825049701788,1.3466977691704107,498.278174593052,370.0,5310,1.2689703478869951,1.2746496407931125,469.0710678118654,368.0,4283,5435,1.2070055306821175,1.1489907477926247,390.65685424949237,340.0,3797,4583,5.615866388308977,0.7748013384669832,224.69238815542514,290.0,479,2690,106,172.5,6.0,60.0,50.0,151.63506887695542,126.0,1.2034529275948842,444.78588359230974,141.0,3.154509812711417,127.56367432150313,106.0,1.2034308898255013,2.071478414145734,2.034843211807223,1.2590353642663592,1.4427992890792418,2.7627142974870473,1.7231362498880458,2.422355221729362,1.4864003237404955
C:\Users\JackM\40xMBPCNP\40xN1N2N3N4lif\MDL_0606.lif,MDL_0606,4,Image 5,MDL_0606_S5_Image_5,25,13965,10137,4,13951,10137,0,27,100,17,8.727272727272727,1.3991318930650094,1.8995097241846555,1113.1126983722081,586.0,14183,1.0755501397749265,1.032021134565895,606.8284271247462,588.0,13951,15005,1.3991318930650094,1.8995097241846555,1113.1126983722081,586.0,10137,14183,,,0.0,0.0,0,0,102,357.5,11.0,50.0,47.5,148.0827897641746,126.0,1.175260236223608,311.5249087501233,141.0,2.2093965159583213,112.71442907318472,106.0,1.0633436705017427,2.071478414145734,2.034843211807223,1.2590353642663592,1.4427992890792418,2.7627142974870473,1.7231362498880458,2.422355221729362,1.4864003237404955
C:\Users\JackM\40xMBPCNP\40xN1N2N3N4lif\MDL_0606.lif,MDL_0606,4,Image 5,MDL_0606_S5_Image_5,26,33311,20632,4,33214,20552,172,59,131,37,10.5,1.7820376114773169,1.6500753214229933,1801.8822509939087,1092.0,36767,1.1939844643824893,1.2011511484796713,1318.863961030679,1098.0,33214,39657,1.788974309069677,1.6161274571264128,1764.811183182043,1092.0,20552,36767,10.959302325581396,0.2406033754415486,84.6923881554251,352.0,172,1885,200,757.5,12.0,85.0,97.5,145.94128981754682,126.0,1.158264204901165,350.91120085636436,141.0,2.488731920967123,128.21511627906978,106.0,1.2095765686704696,2.071478414145734,2.034843211807223,1.2590353642663592,1.4427992890792418,2.7627142974870473,1.7231362498880458,2.422355221729362,1.4864003237404955
C:\Users\JackM\40xMBPCNP\40xN1N2N3N4lif\MDL_0606.lif,MDL_0606,4,Image 5,MDL_0606_S5_Image_5,27,11180,5737,3,10083,5736,2,16,24,3,12.52,1.8689210388704898,1.2915538695183062,743.9350288425444,576.0,10722,1.2599424774372707,1.7311004108557924,1021.3492424049175,590.0,10083,12704,1.8333333333333333,1.300585714759693,743.9350288425444,572.0,5736,10516,3.5,0.0,0.0,5.0,2,7,119,307.5,10.0,45.0,57.5,141.40930278686898,126.0,1.1222960538640394,284.26516736401675,141.0,2.0160650167660763,127.0,106.0,1.1981132075471699,2.071478414145734,2.034843211807223,1.2590353642663592,1.4427992890792418,2.7627142974870473,1.7231362498880458,2.422355221729362,1.4864003237404955
C:\Users\JackM\40xMBPCNP\40xN1N2N3N4lif\MDL_0606.lif,MDL_0606,4,Image 5,MDL_0606_S5_Image_5,28,26265,22210,5,26265,8361,17339,19,113,23,11.670886075949367,1.2179648806843764,1.8067964708282114,1384.00609665441,766.0,27051,1.041347801256425,1.0080611776379047,776.2071067811866,770.0,26265,27351,2.9407965554359525,1.6562368927062183,1242.1776695296637,750.0,8361,24588,1.3173193379087607,1.5406247852302657,1100.0060966544097,714.0,17339,22841,131,402.5,11.0,75.0,62.5,304.7099942889777,126.0,2.41833328800776,274.446956105729,141.0,1.9464323128065886,159.1839206413288,106.0,1.5017351003898942,2.071478414145734,2.034843211807223,1.2590353642663592,1.4427992890792418,2.7627142974870473,1.7231362498880458,2.422355221729362,1.4864003237404955
C:\Users\JackM\40xMBPCNP\40xN1N2N3N4lif\MDL_0606.lif,MDL_0606,4,Image 5,MDL_0606_S5_Image_5,29,24335,18677,2,24269,5439,17843,33,161,40,10.98019801980198,1.286234405953847,1.8440750259941217,1327.7340187157677,720.0,24023,1.0336643454612882,1.0493768946690998,770.2426406871193,734.0,24269,25086,3.605258319544034,2.2888858442942404,1437.420310216783,628.0,5439,19609,1.2804461133217508,1.8061969007146346,1286.0121933088199,712.0,17843,22847,183,357.5,7.0,135.0,87.5,186.14092051588446,126.0,1.47730889298321,211.8144879573451,141.0,1.5022304110450007,141.657120439388,106.0,1.3363879286734717,2.071478414145734,2.034843211807223,1.2590353642663592,1.4427992890792418,2.7627142974870473,1.7231362498880458,2.422355221729362,1.4864003237404955
C:\Users\JackM\40xMBPCNP\40xN1N2N3N4lif\MDL_0606.lif,MDL_0606,4,Image 5,MDL_0606_S5_Image_5,30,37929,17709,1,37929,1646,16911,72,209,68,7.739393939393939,2.0792252526963693,1.9328144827111717,1859.3675323681473,962.0,36821,1.0693137177357694,1.0442695766200683,1019.2071067811866,976.0,37929,40558,19.173754556500608,0.5726130624279677,503.89949493661163,880.0,1646,31560,1.6588019632192064,1.8776892259396996,1573.5035713374682,838.0,16911,28052,295,620.0,5.0,55.0,153.8679245283019,220.47944844314378,126.0,1.7498368924059031,236.09113001215067,141.0,1.6744051773911395,140.9533439772929,106.0,1.3297485280876689,2.071478414145734,2.034843211807223,1.2590353642663592,1.4427992890792418,2.7627142974870473,1.7231362498880458,2.422355221729362,1.4864003237404955
C:\Users\JackM\40xMBPCNP\40xN1N2N3N4lif\MDL_0606.lif,MDL_0606,4,Image 5,MDL_0606_S5_Image_5,32,62959,44097,5,62959,9452,42451,47,179,33,14.666666666666666,1.634986507018618,2.4905739173617922,3158.0477272147527,1268.0,72098,1.1746851125335536,1.08956975594754,1396.8284271247462,1282.0,62959,73957,5.510685569191706,2.318604679149087,2499.4558441227155,1078.0,9452,52087,1.605545216838237,2.3475082372721316,2882.7401153701776,1228.0,42451,68157,233,1052.5,18.0,135.0,112.5,320.2522276402103,126.0,2.5416843463508756,221.6108760050783,141.0,1.5717083404615482,149.292478386846,106.0,1.4084196074230755,2.071478414145734,2.034843211807223,1.2590353642663592,1.4427992890792418,2.7627142974870473,1.7231362498880458,2.422355221729362,1.4864003237404955
C:\Users\JackM\40xMBPCNP\40xN1N2N3N4lif\MDL_0606.lif,MDL_0606,4,Image 5,MDL_0606_S5_Image_5,33,18027,8531,3,14060,8483,96,25,93,22,10.075757575757576,2.0267260579064588,1.712068202741096,1316.9350288425444,769.2071067811866,17290,1.3610241820768136,2.2047188488991942,1697.6335136523794,770.0,14060,19136,2.0381940351290817,1.6886674829072368,1298.9350288425444,769.2071067811866,8483,17290,8.28125,0.24356754355088775,53.82842712474619,221.0,96,795,267,440.0,5.0,165.0,132.5,157.4614509246088,126.0,1.2496940549572129,306.1704585641872,141.0,2.17142169194459,120.60416666666667,106.0,1.1377751572327044,2.071478414145734,2.034843211807223,1.2590353642663592,1.4427992890792418,2.7627142974870473,1.7231362498880458,2.422355221729362,1.4864003237404955
C:\Users\JackM\40xMBPCNP\40xN1N2N3N4lif\MDL_0606.lif,MDL_0606,4,Image 5,MDL_0606_S5_Image_5,34,64802,27583,3,64739,7676,24626,77,240,80,9.573770491803279,2.6903527535075953,2.2711572116338927,3084.2314933988264,1358.0,74208,1.2554410787933086,1.1542461051505228,1588.2426406871193,1376.0,64739,81276,7.250521104742053,1.2453788937839774,1526.8345237791561,1226.0,7676,55655,2.9270283440266387,1.9884978364853094,2696.4030662740797,1356.0,24626,72081,261,1122.5,18.0,80.0,127.5,245.38550178408687,126.0,1.947503982413388,226.65776446065658,141.0,1.6075018756074935,138.10326484203688,106.0,1.3028609890758196,2.071478414145734,2.034843211807223,1.2590353642663592,1.4427992890792418,2.7627142974870473,1.7231362498880458,2.422355221729362,1.4864003237404955
C:\Users\JackM\40xMBPCNP\40xN1N2N3N4lif\MDL_0606.lif,MDL_0606,4,Image 5,MDL_0606_S5_Image_5,35,30809,19927,4,18656,19868,67,43,199,46,8.608391608391608,1.8678677171676619,2.018212755405851,1969.7756492761105,976.0,37221,1.3294918524871355,2.5384947963517415,1842.9472221513643,726.0,18656,24803,1.8734145359371854,1.9880752415099765,1940.3614357137371,976.0,19868,37221,8.104477611940299,0.1745423086480862,36.82842712474619,211.0,67,543,197,647.5,13.0,95.0,95.0,138.36390437392797,126.0,1.0981262251899044,339.6269377894101,141.0,2.408701686449717,119.41791044776119,106.0,1.1265840608279358,2.071478414145734,2.034843211807223,1.2590353642663592,1.4427992890792418,2.7627142974870473,1.7231362498880458,2.422355221729362,1.4864003237404955
C:\Users\JackM\40xMBPCNP\40xN1N2N3N4lif\MDL_0606.lif,MDL_0606,4,Image 5,MDL_0606_S5_Image_5,36,17955,10831,2,1540,10563,587,21,98,28,10.073529411764707,2.1078386113932233,1.5428150002480354,1348.420310216783,874.0,22830,6.441558441558442,0.6636180085256064,376.9350288425444,568.0,1540,9920,2.1607497869923318,1.4681666699424067,1283.1776695296635,874.0,10563,22824,2.684838160136286,1.1388145523951443,225.48528137423858,198.0,587,1576,174,422.5,6.0,80.0,85.0,138.8655844155844,126.0,1.1021078128220985,318.4973019028685,141.0,2.2588461127863013,127.98126064735945,106.0,1.2073703834656553,2.071478414145734,2.034843211807223,1.2590353642663592,1.4427992890792418,2.7627142974870473,1.7231362498880458,2.422355221729362,1.4864003237404955
C:\Users\JackM\40xMBPCNP\40xN1N2N3N4lif\MDL_0606.lif,MDL_0606,4,Image 5,MDL_0606_S5_Image_5,37,13673,5198,1,13173,1338,3915,32,49,11,9.595744680851064,2.4665255867641402,1.942625103009087,1087.8700576850888,560.0,12821,1.0656646170196615,1.4969471180727871,844.278174593052,564.0,13173,14038,3.3497757847533634,1.088603624998533,376.65685424949237,346.0,1338,4482,2.299106002554278,1.6103149935854049,753.6274169979695,468.0,3915,9001,134,387.5,16.0,45.0,64.34782608695652,160.2981856828361,126.0,1.2722078228796516,196.39760837070253,141.0,1.3928908395085287,136.8873563218391,106.0,1.291390153979614,2.071478414145734,2.034843211807223,1.2590353642663592,1.4427992890792418,2.7627142974870473,1.7231362498880458,2.422355221729362,1.4864003237404955
C:\Users\JackM\40xMBPCNP\40xN1N2N3N4lif\MDL_0606.lif,MDL_0606,4,Image 5,MDL_0606_S5_Image_5,39,17803,8443,2,17463,3153,5789,27,88,28,8.352941176470589,1.6057088712542935,1.7270426685879834,970.5979797464466,562.0,13557,1.06006986199393,1.2749762602810302,790.4852813742386,620.0,17463,18512,1.239454487789407,1.1170863631527654,341.8284271247462,306.0,3153,3908,2.3418552427016754,1.4483570452008665,813.976659402887,562.0,5789,13557,193,352.5,8.0,15.0,90.85714285714286,188.15369638664606,126.0,1.493283304655921,287.1484300666032,141.0,2.0365136884156256,133.76541717049577,106.0,1.2619378978348657,2.071478414145734,2.034843211807223,1.2590353642663592,1.4427992890792418,2.7627142974870473,1.7231362498880458,2.422355221729362,1.4864003237404955
C:\Users\JackM\40xMBPCNP\40xN1N2N3N4lif\MDL_0606.lif,MDL_0606,4,Image 5,MDL_0606_S5_Image_5,40,54540,25879,4,9172,25844,93,82,232,58,8.897142857142857,2.1497739479887166,2.4179196427812233,2901.503571337468,1200.0,55634,5.0480811164413435,1.495792474631106,1771.0182899632296,1184.0,9172,46301,2.120530877573131,2.397717442208624,2877.260930650349,1200.0,25844,54803,62.39784946236559,0.08801186896714797,65.65685424949238,746.0,93,5803,189,1152.5,17.0,140.0,92.5,144.32631923244656,126.0,1.1454469780352903,358.8891038538926,141.0,2.5453127932900186,120.44086021505376,106.0,1.1362345303306958,2.071478414145734,2.034843211807223,1.2590353642663592,1.4427992890792418,2.7627142974870473,1.7231362498880458,2.422355221729362,1.4864003237404955
C:\Users\JackM\40xMBPCNP\40xN1N2N3N4lif\MDL_0606.lif,MDL_0606,4,Image 5,MDL_0606_S5_Image_5,41,46812,21014,2,26958,19345,3105,40,105,29,13.977272727272727,2.557818597125726,2.3710118531814417,2489.5624458405136,1050.0,53750,1.7819200237406336,1.247076266264072,1277.0060966544097,1024.0,26958,48037,2.778495735332127,2.2831617191937092,2397.3198051533946,1050.0,19345,53750,5.256682769726248,0.7059010180058924,463.0710678118655,656.0,3105,16322,301,730.0,9.0,75.0,165.1,187.08772906001929,126.0,1.4848232465080895,305.60418712845694,141.0,2.167405582471326,147.36618357487922,106.0,1.3902470148573511,2.071478414145734,2.034843211807223,1.2590353642663592,1.4427992890792418,2.7627142974870473,1.7231362498880458,2.422355221729362,1.4864003237404955
C:\Users\JackM\40xMBPCNP\40xN1N2N3N4lif\MDL_0606.lif,MDL_0606,4,Image 5,MDL_0606_S5_Image_5,42,10617,5706,0,9204,2204,4602,15,27,6,11.714285714285714,1.795478443743428,1.4400218238604898,696.970562748477,484.0,10245,1.2054541503694045,1.3450307315528272,715.5563491861041,532.0,9204,11095,3.1279491833030852,1.1357297804924222,515.6213203435597,454.0,2204,6894,1.8646240764884832,1.482853936105471,667.2842712474619,450.0,4602,8581,101,272.5,8.0,35.0,47.5,186.82963928726642,126.0,1.482774914978305,183.1315789473684,141.0,1.2988055244494214,152.22794437201216,106.0,1.4361126827548316,2.071478414145734,2.034843211807223,1.2590353642663592,1.4427992890792418,2.7627142974870473,1.7231362498880458,2.422355221729362,1.4864003237404955
C:\Users\JackM\40xMBPCNP\40xN1N2N3N4lif\MDL_0606.lif,MDL_0606,4,Image 5,MDL_0606_S5_Image_5,43,4217,2034,2,1045,2034,0,7,36,5,6.882352941176471,1.208456243854474,1.3718386456014724,310.03553390593277,226.0,2458,1.5320574162679426,1.2132752211256483,223.2426406871193,184.0,1045,1601,1.208456243854474,1.3718386456014724,310.03553390593277,226.0,2034,2458,,,0.0,0.0,0,0,45,87.5,6.0,30.0,20.0,136.94066985645932,126.0,1.0868307131465025,233.67109144542772,141.0,1.6572417833009059,110.6917841516772,106.0,1.044262114638464,2.071478414145734,2.034843211807223,1.2590353642663592,1.4427992890792418,2.7627142974870473,1.7231362498880458,2.422355221729362,1.4864003237404955
C:\Users\JackM\40xMBPCNP\40xN1N2N3N4lif\MDL_0606.lif,MDL_0606,4,Image 5,MDL_0606_S5_Image_5,44,15612,9019,1,2396,9019,0,29,51,15,12.851063829787234,1.5730125291052224,1.9805091443671101,1057.5918830920368,534.0,14187,3.2863105175292153,1.2357574415656987,598.1066017177982,484.0,2396,7874,1.5730125291052224,1.9805091443671101,1057.5918830920368,534.0,9019,14187,,,0.0,0.0,0,0,173,355.0,4.0,25.0,85.0,138.53338898163605,126.0,1.0994713411240957,417.714269874709,141.0,2.9625125523029006,109.778827776598,106.0,1.035649318647151,2.071478414145734,2.034843211807223,1.2590353642663592,1.4427992890792418,2.7627142974870473,1.7231362498880458,2.422355221729362,1.4864003237404955
C:\Users\JackM\40xMBPCNP\40xN1N2N3N4lif\MDL_0606.lif,MDL_0606,4,Image 5,MDL_0606_S5_Image_5,46,10972,2779,1,4022,48,2770,18,57,16,6.439024390243903,3.1712846347607053,1.3542959354692494,731.3198051533947,540.0,8813,2.4753853804077575,1.3475506815965441,770.7989898732233,572.0,4022,9956,1.1458333333333333,0.9804737854124365,29.414213562373092,30.0,48,55,3.1815884476534295,1.3487403799136939,728.3198051533947,540.0,2770,8813,208,340.0,8.0,110.0,100.0,134.69269020387867,126.0,1.068989604792688,166.14583333333334,141.0,1.178339243498818,129.3693140794224,106.0,1.2204652271643621,2.071478414145734,2.034843211807223,1.2590353642663592,1.4427992890792418,2.7627142974870473,1.7231362498880458,2.422355221729362,1.4864003237404955
C:\Users\JackM\40xMBPCNP\40xN1N2N3N4lif\MDL_0606.lif,MDL_0606,4,Image 5,MDL_0606_S5_Image_5,47,51447,31302,6,51447,9533,27815,72,256,57,9.547872340425531,1.6558047409111238,2.562627918296326,2624.130988335438,1024.0,51830,1.0657569926331953,1.0382409177820269,1086.0,1046.0,51447,54830,4.432287842232246,2.055168397038776,2001.734018715768,974.0,9533,42253,1.761459644076937,2.28428810726281,2307.130988335438,1010.0,27815,48995,183,937.5,20.0,85.0,90.0,329.71842867416956,126.0,2.6168129259854727,243.9141928039442,141.0,1.7298878922265546,150.11763436994428,106.0,1.416204097829663,2.071478414145734,2.034843211807223,1.2590353642663592,1.4427992890792418,2.7627142974870473,1.7231362498880458,2.422355221729362,1.4864003237404955
C:\Users\JackM\40xMBPCNP\40xN1N2N3N4lif\MDL_0606.lif,MDL_0606,4,Image 5,MDL_0606_S5_Image_5,49,3716,2202,2,967,2202,0,13,20,8,9.947368421052632,1.6158038147138964,1.4349888945026084,439.1066017177982,306.0,3558,1.3660806618407446,1.3081685077216072,227.62132034355966,174.0,967,1321,1.6158038147138964,1.4349888945026084,439.1066017177982,306.0,2202,3558,,,0.0,0.0,0,0,73,137.5,7.0,35.0,32.5,134.770423991727,126.0,1.069606539616881,205.6162579473206,141.0,1.4582713329597206,107.31718259309108,106.0,1.0124262508782178,2.071478414145734,2.034843211807223,1.2590353642663592,1.4427992890792418,2.7627142974870473,1.7231362498880458,2.422355221729362,1.4864003237404955
C:\Users\JackM\40xMBPCNP\40xN1N2N3N4lif\MDL_0606.lif,MDL_0606,4,Image 5,MDL_0606_S5_Image_5,50,26732,12043,2,86,11974,82,33,98,23,11.407894736842104,2.5146558166569792,2.1022975713753005,2005.5918830920368,954.0,30284,1.7209302325581395,0.7153746912065516,42.207106781186546,59.0,86,148,2.517537998997829,2.088299012239558,1967.1776695296637,942.0,11974,30145,13.134146341463415,0.17806239824175352,50.03553390593274,281.0,82,1077,199,637.5,6.0,90.0,97.5,125.27906976744185,126.0,0.9942783314876338,256.80825121095705,141.0,1.8213351149713266,112.8048780487805,106.0,1.0641969627243444,2.071478414145734,2.034843211807223,1.2590353642663592,1.4427992890792418,2.7627142974870473,1.7231362498880458,2.422355221729362,1.4864003237404955
C:\Users\JackM\40xMBPCNP\40xN1N2N3N4lif\MDL_0606.lif,MDL_0606,4,Image 5,MDL_0606_S5_Image_5,51,7900,3676,1,6190,3567,123,21,53,21,8.348837209302326,1.69069640914037,1.9618393638004223,733.727922061358,374.0,6215,1.2554119547657512,1.9643198051533945,785.7279220613578,400.0,6190,7771,1.639753294084665,1.80500285511194,675.0710678118655,374.0,3567,5849,13.333333333333334,0.3117495738972057,78.31370849898477,251.20710678118655,123,1640,72,232.5,7.0,35.0,32.5,170.26607431340872,126.0,1.3513180501064184,246.90412111017662,141.0,1.7510930575189831,121.89430894308943,106.0,1.1499463107838626,2.071478414145734,2.034843211807223,1.2590353642663592,1.4427992890792418,2.7627142974870473,1.7231362498880458,2.422355221729362,1.4864003237404955
C:\Users\JackM\40xMBPCNP\40xN1N2N3N4lif\MDL_0606.lif,MDL_0606,4,Image 5,MDL_0606_S5_Image_5,52,7391,5039,2,125,5039,0,8,28,6,15.263157894736842,1.1889263742806113,1.3352347108553235,518.0710678118655,388.0,5991,1.104,0.9811320754716981,52.0,53.0,125,138,1.1889263742806113,1.3352347108553235,518.0710678118655,388.0,5039,5991,,,0.0,0.0,0,0,70,172.5,8.0,45.0,32.5,130.816,126.0,1.0382222222222222,405.118475888073,141.0,2.8731806800572555,109.22042904939973,106.0,1.0303814061264125,2.071478414145734,2.034843211807223,1.2590353642663592,1.4427992890792418,2.7627142974870473,1.7231362498880458,2.422355221729362,1.4864003237404955
C:\Users\JackM\40xMBPCNP\40xN1N2N3N4lif\MDL_0606.lif,MDL_0606,5,Image 6,MDL_0606_S6_Image_6,1,4312,2617,1,0,2617,0,11,60,10,6.027027027027027,1.3572793274742072,1.6342693653570175,460.8639610306789,282.0,3552,,,0.0,0.0,0,0,1.3572793274742072,1.6342693653570175,460.8639610306789,282.0,2617,3552,,,0.0,0.0,0,0,57,142.5,6.0,30.0,25.0,125.21283912877341,128.0,0.9782253056935423,227.29499426824609,145.0,1.5675516846085937,107.479174627436,107.0,1.0044782675461308,2.1893360312981436,1.9421573711677775,1.369645940464754,1.4468852180449259,2.4219481071884306,1.7454955367978207,2.6061676265582068,1.5843987373257382
C:\Users\JackM\40xMBPCNP\40xN1N2N3N4lif\MDL_0606.lif,MDL_0606,5,Image 6,MDL_0606_S6_Image_6,2,20379,8188,1,5,8188,0,17,60,18,12.175,2.0850024425989253,1.7752623849446887,1104.2132034355964,622.0,17072,1.0,1.0,5.414213562373095,5.414213562373095,5,5,2.0850024425989253,1.7752623849446887,1104.2132034355964,622.0,8188,17072,,,0.0,0.0,0,0,136,337.5,6.0,40.0,65.0,139.2,128.0,1.0875,306.27955544699563,145.0,2.112272796186177,108.64680747161519,107.0,1.0153907240337867,2.1893360312981436,1.9421573711677775,1.369645940464754,1.4468852180449259,2.4219481071884306,1.7454955367978207,2.6061676265582068,1.5843987373257382
C:\Users\JackM\40xMBPCNP\40xN1N2N3N4lif\MDL_0606.lif,MDL_0606,5,Image 6,MDL_0606_S6_Image_6,3,29858,13784,3,46,13784,0,29,91,18,12.031746031746032,2.0850261172373767,1.8477438759011684,1533.6274169979697,830.0,28740,19.73913043478261,0.15394559370198282,29.621320343559645,192.4142135623731,46,908,2.0850261172373767,1.8477438759011684,1533.6274169979697,830.0,13784,28740,,,0.0,0.0,0,0,149,482.5,8.0,60.0,72.5,140.65217391304347,128.0,1.098845108695652,292.67600116076613,145.0,2.018455180419077,109.11300500471458,107.0,1.0197477103244352,2.1893360312981436,1.9421573711677775,1.369645940464754,1.4468852180449259,2.4219481071884306,1.7454955367978207,2.6061676265582068,1.5843987373257382
C:\Users\JackM\40xMBPCNP\40xN1N2N3N4lif\MDL_0606.lif,MDL_0606,5,Image 6,MDL_0606_S6_Image_6,4,11349,3192,1,2238,3192,0,9,21,2,11.529411764705882,1.6394110275689222,1.029057920766051,392.0710678118655,381.0,5233,1.3351206434316354,1.6780047379354193,426.2132034355965,254.0,2238,2988,1.6394110275689222,1.029057920766051,392.0710678118655,381.0,3192,5233,,,0.0,0.0,0,0,137,115.0,4.0,90.0,66.17647058823529,136.55317247542447,128.0,1.0668216599642537,247.062656641604,145.0,1.7038803906317517,109.91366019118101,107.0,1.027230469076458,2.1893360312981436,1.9421573711677775,1.369645940464754,1.4468852180449259,2.4219481071884306,1.7454955367978207,2.6061676265582068,1.5843987373257382
C:\Users\JackM\40xMBPCNP\40xN1N2N3N4lif\MDL_0606.lif,MDL_0606,5,Image 6,MDL_0606_S6_Image_6,6,9424,4823,1,816,4823,0,14,34,6,10.464285714285714,1.6510470661414058,1.4113606832799654,637.9350288425444,452.0,7963,1.4901960784313726,1.037398057581418,184.65685424949237,178.0,816,1216,1.6510470661414058,1.4113606832799654,637.9350288425444,452.0,4823,7963,,,0.0,0.0,0,0,88,252.5,8.0,50.0,42.5,137.60049019607843,128.0,1.0750038296568627,298.955629276384,145.0,2.0617629605267864,108.9025234025234,107.0,1.0177805925469476,2.1893360312981436,1.9421573711677775,1.369645940464754,1.4468852180449259,2.4219481071884306,1.7454955367978207,2.6061676265582068,1.5843987373257382
C:\Users\JackM\40xMBPCNP\40xN1N2N3N4lif\MDL_0606.lif,MDL_0606,5,Image 6,MDL_0606_S6_Image_6,7,11044,6752,1,0,6752,0,22,82,15,9.06,1.4084715639810426,1.9484328850367885,915.7634559672906,470.0,9510,,,0.0,0.0,0,0,1.4084715639810426,1.9484328850367885,915.7634559672906,470.0,6752,9510,,,0.0,0.0,0,0,76,325.0,11.0,40.0,35.0,128.8957345971564,128.0,1.0069979265402844,264.9441646919431,145.0,1.8272011358065043,108.07064573459715,107.0,1.010006034902777,2.1893360312981436,1.9421573711677775,1.369645940464754,1.4468852180449259,2.4219481071884306,1.7454955367978207,2.6061676265582068,1.5843987373257382
C:\Users\JackM\40xMBPCNP\40xN1N2N3N4lif\MDL_0606.lif,MDL_0606,5,Image 6,MDL_0606_S6_Image_6,9,31195,11452,3,3002,11452,0,47,125,22,10.353535353535353,2.850943066713238,2.4390063429393276,2371.219300090006,972.2071067811866,32649,4.526315789473684,0.963665162441549,568.5624458405139,590.0,3002,13588,2.850943066713238,2.4390063429393276,2371.219300090006,972.2071067811866,11452,32649,,,0.0,0.0,0,0,185,837.5,14.0,65.0,90.0,141.38807461692204,128.0,1.1045943329447034,248.77296542088718,145.0,1.7156756235923254,109.38059932035836,107.0,1.02224859177905,2.1893360312981436,1.9421573711677775,1.369645940464754,1.4468852180449259,2.4219481071884306,1.7454955367978207,2.6061676265582068,1.5843987373257382
C:\Users\JackM\40xMBPCNP\40xN1N2N3N4lif\MDL_0606.lif,MDL_0606,5,Image 6,MDL_0606_S6_Image_6,10,4488,2255,1,2778,2255,0,9,18,5,11.5,1.5685144124168515,1.339122556715279,412.4497474683059,308.0,3537,1.0874730021598271,1.0582885087446257,283.62132034355966,268.0,2778,3021,1.5685144124168515,1.339122556715279,412.4497474683059,308.0,2255,3537,,,0.0,0.0,0,0,66,137.5,7.0,20.0,30.0,144.52231821454285,128.0,1.129080611051116,238.07760532150775,145.0,1.6419145194586742,109.24413553431799,107.0,1.0209732292926914,2.1893360312981436,1.9421573711677775,1.369645940464754,1.4468852180449259,2.4219481071884306,1.7454955367978207,2.6061676265582068,1.5843987373257382
C:\Users\JackM\40xMBPCNP\40xN1N2N3N4lif\MDL_0606.lif,MDL_0606,5,Image 6,MDL_0606_S6_Image_6,11,38198,19442,2,3111,19442,0,52,133,31,11.563636363636364,2.4888900318897234,2.2745849765590562,2556.6335136523794,1124.0,48389,9.1025393764063,1.0656544983433738,948.4325035256027,890.0,3111,28318,2.4888900318897234,2.2745849765590562,2556.6335136523794,1124.0,19442,48389,,,0.0,0.0,0,0,194,875.0,16.0,110.0,97.5,140.01221472195436,128.0,1.0938454275152685,299.415646538422,145.0,2.0649354933684276,109.66800605086509,107.0,1.0249346359893934,2.1893360312981436,1.9421573711677775,1.369645940464754,1.4468852180449259,2.4219481071884306,1.7454955367978207,2.6061676265582068,1.5843987373257382
C:\Users\JackM\40xMBPCNP\40xN1N2N3N4lif\MDL_0606.lif,MDL_0606,5,Image 6,MDL_0606_S6_Image_6,12,11642,5051,1,0,5051,0,16,54,7,8.525,1.562660859235795,1.7930295990822707,735.142135623731,410.0,7893,,,0.0,0.0,0,0,1.562660859235795,1.7930295990822707,735.142135623731,410.0,5051,7893,,,0.0,0.0,0,0,79,247.5,10.0,45.0,37.5,127.969906949119,128.0,0.9997648980399921,280.81290833498315,145.0,1.9366407471378149,109.14254603048902,107.0,1.0200237946774675,2.1893360312981436,1.9421573711677775,1.369645940464754,1.4468852180449259,2.4219481071884306,1.7454955367978207,2.6061676265582068,1.5843987373257382
C:\Users\JackM\40xMBPCNP\40xN1N2N3N4lif\MDL_0606.lif,MDL_0606,5,Image 6,MDL_0606_S6_Image_6,13,12729,7109,1,1038,7109,0,12,56,16,11.055555555555555,1.2253481502321002,1.315902575314454,638.4852813742386,485.20710678118655,8711,3.7581888246628132,0.9971837997591223,291.1776695296637,292.0,1038,3901,1.2253481502321002,1.315902575314454,638.4852813742386,485.20710678118655,7109,8711,,,0.0,0.0,0,0,104,227.5,9.0,40.0,50.0,138.71290944123314,128.0,1.0836946050096339,418.4194682796455,145.0,2.8856515053768654,109.65222544113774,107.0,1.0247871536554929,2.1893360312981436,1.9421573711677775,1.369645940464754,1.4468852180449259,2.4219481071884306,1.7454955367978207,2.6061676265582068,1.5843987373257382
C:\Users\JackM\40xMBPCNP\40xN1N2N3N4lif\MDL_0606.lif,MDL_0606,5,Image 6,MDL_0606_S6_Image_6,14,12580,2234,1,2769,2234,0,13,15,3,10.428571428571429,2.1933751119068936,1.0587584745975775,379.03553390593277,358.0,4900,1.269411339833875,1.5470043746652025,439.3492424049175,284.0,2769,3515,2.1933751119068936,1.0587584745975775,379.03553390593277,358.0,2234,4900,,,0.0,0.0,0,0,89,112.5,4.0,20.0,36.666666666666664,144.39364391477068,128.0,1.128075343084146,257.43554162936437,145.0,1.7754175284783749,109.02327776030198,107.0,1.0189091379467474,2.1893360312981436,1.9421573711677775,1.369645940464754,1.4468852180449259,2.4219481071884306,1.7454955367978207,2.6061676265582068,1.5843987373257382
C:\Users\JackM\40xMBPCNP\40xN1N2N3N4lif\MDL_0606.lif,MDL_0606,5,Image 6,MDL_0606_S6_Image_6,15,31146,13988,2,0,13988,0,24,61,20,14.018181818181818,2.4679725478981984,1.6004571744931082,1546.0416305603426,966.0,34522,,,0.0,0.0,0,0,2.4679725478981984,1.6004571744931082,1546.0416305603426,966.0,13988,34522,,,0.0,0.0,0,0,171,552.5,11.0,65.0,82.5,129.8106233914784,128.0,1.014145495245925,313.61409779811265,145.0,2.1628558468835357,108.91092364884186,107.0,1.0178590995218866,2.1893360312981436,1.9421573711677775,1.369645940464754,1.4468852180449259,2.4219481071884306,1.7454955367978207,2.6061676265582068,1.5843987373257382
C:\Users\JackM\40xMBPCNP\40xN1N2N3N4lif\MDL_0606.lif,MDL_0606,5,Image 6,MDL_0606_S6_Image_6,16,25045,12019,2,6796,12019,0,44,125,37,9.092783505154639,2.146102005158499,2.4903024394343345,2007.1837661840736,806.0,25794,3.35167745732784,2.703351663162642,2000.4802307403552,740.0,6796,22778,2.146102005158499,2.4903024394343345,2007.1837661840736,806.0,12019,25794,,,0.0,0.0,0,0,150,692.5,13.0,60.0,72.5,137.95070629782225,128.0,1.0777398929517363,272.3982860470921,145.0,1.8786088692902903,109.86533386117709,107.0,1.0267788211324962,2.1893360312981436,1.9421573711677775,1.369645940464754,1.4468852180449259,2.4219481071884306,1.7454955367978207,2.6061676265582068,1.5843987373257382
C:\Users\JackM\40xMBPCNP\40xN1N2N3N4lif\MDL_0606.lif,MDL_0606,5,Image 6,MDL_0606_S6_Image_6,17,13288,4070,1,7515,4070,0,24,65,20,8.279069767441861,2.251105651105651,1.8655395859024222,891.7279220613578,478.0,9162,1.5924151696606788,1.906799813868513,1041.1126983722081,546.0,7515,11967,2.251105651105651,1.8655395859024222,891.7279220613578,478.0,4070,9162,,,0.0,0.0,0,0,95,247.5,8.0,30.0,45.0,139.27491683300067,128.0,1.0880852877578178,217.32432432432432,145.0,1.49878844361603,107.61651313544866,107.0,1.005761805004193,2.1893360312981436,1.9421573711677775,1.369645940464754,1.4468852180449259,2.4219481071884306,1.7454955367978207,2.6061676265582068,1.5843987373257382
C:\Users\JackM\40xMBPCNP\40xN1N2N3N4lif\MDL_0606.lif,MDL_0606,5,Image 6,MDL_0606_S6_Image_6,18,11450,4415,1,91,4415,0,18,28,7,11.576923076923077,2.285390713476784,1.416010430055831,838.278174593052,592.0,10090,1.2197802197802199,1.087009707380595,47.828427124746185,44.0,91,111,2.285390713476784,1.416010430055831,838.278174593052,592.0,4415,10090,,,0.0,0.0,0,0,220,302.5,4.0,105.0,109.61538461538461,138.75824175824175,128.0,1.0840487637362637,228.27678369195922,145.0,1.574322646151443,108.0,107.0,1.0093457943925233,2.1893360312981436,1.9421573711677775,1.369645940464754,1.4468852180449259,2.4219481071884306,1.7454955367978207,2.6061676265582068,1.5843987373257382
C:\Users\JackM\40xMBPCNP\40xN1N2N3N4lif\MDL_0606.lif,MDL_0606,5,Image 6,MDL_0606_S6_Image_6,19,13814,6053,1,126,6053,0,14,38,10,12.655172413793103,1.8166198579216917,1.5985001433542105,841.1421356237311,526.2071067811866,10996,5.150793650793651,0.4749208307491225,77.03553390593274,162.20710678118655,126,649,1.8166198579216917,1.5985001433542105,841.1421356237311,526.2071067811866,6053,10996,,,0.0,0.0,0,0,202,280.0,6.0,90.0,110.0,139.0952380952381,128.0,1.0866815476190477,306.60300677350074,145.0,2.1145034949896604,109.0159986805212,107.0,1.0188411091637495,2.1893360312981436,1.9421573711677775,1.369645940464754,1.4468852180449259,2.4219481071884306,1.7454955367978207,2.6061676265582068,1.5843987373257382
C:\Users\JackM\40xMBPCNP\40xN1N2N3N4lif\MDL_0606.lif,MDL_0606,5,Image 6,MDL_0606_S6_Image_6,20,16223,6606,2,2355,6606,0,31,87,29,9.121212121212121,2.24735089312746,2.167953571740961,1253.0771644662755,578.0,14846,4.253927813163482,0.997081173245096,539.6274169979695,541.2071067811866,2355,10018,2.24735089312746,2.167953571740961,1253.0771644662755,578.0,6606,14846,,,0.0,0.0,0,0,187,380.0,5.0,120.0,92.3529411764706,143.26963906581742,128.0,1.1192940552016986,262.29473206176203,145.0,1.8089291866328416,110.14747105423523,107.0,1.0294156173293012,2.1893360312981436,1.9421573711677775,1.369645940464754,1.4468852180449259,2.4219481071884306,1.7454955367978207,2.6061676265582068,1.5843987373257382
C:\Users\JackM\40xMBPCNP\40xN1N2N3N4lif\MDL_0606.lif,MDL_0606,5,Image 6,MDL_0606_S6_Image_6,21,23104,9207,1,19560,9207,0,18,34,4,14.0,2.0599543825350275,1.4207263070697451,940.5208152801713,662.0,18966,1.210480572597137,2.33566962614348,1648.982756057297,706.0,19560,23677,2.0599543825350275,1.4207263070697451,940.5208152801713,662.0,9207,18966,,,0.0,0.0,0,0,126,257.5,5.0,70.0,60.0,138.92453987730062,128.0,1.085347967791411,323.923862278701,145.0,2.2339576708875932,108.94725580932477,107.0,1.018198652423596,2.1893360312981436,1.9421573711677775,1.369645940464754,1.4468852180449259,2.4219481071884306,1.7454955367978207,2.6061676265582068,1.5843987373257382
C:\Users\JackM\40xMBPCNP\40xN1N2N3N4lif\MDL_0606.lif,MDL_0606,5,Image 6,MDL_0606_S6_Image_6,22,18404,10037,1,18286,10037,0,23,75,13,11.74074074074074,1.613828833316728,1.561844090219448,1065.1776695296635,682.0,16198,1.0590615771628569,1.1866928695384564,882.8994949366116,744.0,18286,19366,1.613828833316728,1.561844090219448,1065.1776695296635,682.0,10037,16198,,,0.0,0.0,0,0,144,352.5,8.0,40.0,70.0,139.4545553975719,128.0,1.0894887140435305,346.237122646209,145.0,2.3878422251462688,110.70578584709614,107.0,1.0346335125896835,2.1893360312981436,1.9421573711677775,1.369645940464754,1.4468852180449259,2.4219481071884306,1.7454955367978207,2.6061676265582068,1.5843987373257382
C:\Users\JackM\40xMBPCNP\40xN1N2N3N4lif\MDL_0606.lif,MDL_0606,5,Image 6,MDL_0606_S6_Image_6,23,65327,27645,6,62647,25072,3526,105,266,63,9.628019323671497,2.5933803581117743,2.995191739266822,4109.40306627408,1372.0,71694,1.1930499465257713,1.8896272175618978,2592.568542494924,1372.0,62647,74741,2.7958679004467135,2.5375605018870195,3481.533008588991,1372.0,25072,70098,9.761486103233125,1.2331023405432124,1107.3259018078047,898.0,3526,34419,256,1447.5,17.0,80.0,125.0,167.14908934186792,128.0,1.3058522604833431,295.1032227185705,145.0,2.0351946394384175,128.77141236528644,107.0,1.2034711436008079,2.1893360312981436,1.9421573711677775,1.369645940464754,1.4468852180449259,2.4219481071884306,1.7454955367978207,2.6061676265582068,1.5843987373257382
C:\Users\JackM\40xMBPCNP\40xN1N2N3N4lif\MDL_0606.lif,MDL_0606,5,Image 6,MDL_0606_S6_Image_6,24,8747,2632,2,8742,2632,0,17,25,3,8.333333333333334,2.3996960486322187,1.6102109573635148,640.8639610306789,398.0,6316,1.0474719743765728,1.0382882882882882,461.0,444.0,8742,9157,2.3996960486322187,1.6102109573635148,640.8639610306789,398.0,2632,6316,,,0.0,0.0,0,0,100,200.0,8.0,30.0,49.6875,140.44474948524365,128.0,1.097224605353466,192.8890577507599,145.0,1.330269363798344,107.7699611072981,107.0,1.0071958981990476,2.1893360312981436,1.9421573711677775,1.369645940464754,1.4468852180449259,2.4219481071884306,1.7454955367978207,2.6061676265582068,1.5843987373257382
C:\Users\JackM\40xMBPCNP\40xN1N2N3N4lif\MDL_0606.lif,MDL_0606,5,Image 6,MDL_0606_S6_Image_6,25,5817,2364,1,5690,2364,0,11,19,2,9.785714285714286,1.6171742808798646,1.2091758357191642,348.2426406871193,288.0,3823,1.0421792618629173,1.243687288153332,427.8284271247462,344.0,5690,5930,1.6171742808798646,1.2091758357191642,348.2426406871193,288.0,2364,3823,,,0.0,0.0,0,0,93,97.5,2.0,15.0,47.1875,138.64358523725835,128.0,1.0831530096660809,264.5761421319797,145.0,1.8246630491860667,111.68400702987698,107.0,1.0437757666343643,2.1893360312981436,1.9421573711677775,1.369645940464754,1.4468852180449259,2.4219481071884306,1.7454955367978207,2.6061676265582068,1.5843987373257382
C:\Users\JackM\40xMBPCNP\40xN1N2N3N4lif\MDL_0606.lif,MDL_0606,5,Image 6,MDL_0606_S6_Image_6,26,18241,8444,1,4508,8444,0,8,32,3,19.818181818181817,2.244197063003316,1.351934853741677,997.7279220613577,738.0,18950,4.095829636202307,1.6023636492267592,1206.9116882454314,753.2071067811866,4508,18464,2.244197063003316,1.351934853741677,997.7279220613577,738.0,8444,18950,,,0.0,0.0,0,0,155,332.5,8.0,50.0,75.0,146.46206743566992,128.0,1.1442349018411713,304.202747513027,145.0,2.097949982848462,109.57961966961199,107.0,1.0241085950431026,2.1893360312981436,1.9421573711677775,1.369645940464754,1.4468852180449259,2.4219481071884306,1.7454955367978207,2.6061676265582068,1.5843987373257382
C:\Users\JackM\40xMBPCNP\40xN1N2N3N4lif\MDL_0606.lif,MDL_0606,5,Image 6,MDL_0606_S6_Image_6,27,38059,18509,2,37671,18156,387,57,157,31,9.38655462184874,2.4096925819871413,2.163089563997367,2613.0121933088194,1208.0,44601,1.2821002893472433,1.432539711616869,1776.3492424049175,1240.0,37671,48298,2.456543291473893,2.078481031893736,2510.805086527633,1208.0,18156,44601,2.640826873385013,0.5652941788111794,121.20710678118655,214.4142135623731,387,1022,279,842.5,11.0,70.0,137.5,142.8441241273128,128.0,1.1159697197446312,288.53750826173166,145.0,1.989913850080908,126.14470284237726,107.0,1.1789224564708154,2.1893360312981436,1.9421573711677775,1.369645940464754,1.4468852180449259,2.4219481071884306,1.7454955367978207,2.6061676265582068,1.5843987373257382
C:\Users\JackM\40xMBPCNP\40xN1N2N3N4lif\MDL_0606.lif,MDL_0606,5,Image 6,MDL_0606_S6_Image_6,28,14476,5333,1,10074,5333,0,10,40,11,12.148148148148149,1.9773110819426214,1.5323262274541907,830.5208152801713,542.0,10545,1.1714314075838792,1.5756032855749706,819.3137084989847,520.0,10074,11801,1.9773110819426214,1.5323262274541907,830.5208152801713,542.0,5333,10545,,,0.0,0.0,0,0,99,282.5,8.0,50.0,47.5,141.85020845741514,128.0,1.1082047535735557,244.06356647290457,145.0,1.6831970101579625,110.9681256810752,107.0,1.0370852867390206,2.1893360312981436,1.9421573711677775,1.369645940464754,1.4468852180449259,2.4219481071884306,1.7454955367978207,2.6061676265582068,1.5843987373257382
C:\Users\JackM\40xMBPCNP\40xN1N2N3N4lif\MDL_0606.lif,MDL_0606,5,Image 6,MDL_0606_S6_Image_6,29,32522,16359,3,32198,16319,339,28,92,17,12.929577464788732,1.8443058866678892,1.8002523117581022,1825.4558441227157,1014.0,30171,1.0946021492018139,1.2351195304422031,1291.9350288425444,1046.0,32198,35244,1.8488265212329187,1.8103184920156825,1835.6629509039021,1014.0,16319,30171,1.1061946902654867,1.3001615177542396,114.41421356237309,88.0,339,375,175,607.5,10.0,95.0,85.0,138.8950866513448,128.0,1.0851178644636312,319.0106011397757,145.0,2.200073111308798,123.15044247787611,107.0,1.1509387147465058,2.1893360312981436,1.9421573711677775,1.369645940464754,1.4468852180449259,2.4219481071884306,1.7454955367978207,2.6061676265582068,1.5843987373257382
C:\Users\JackM\40xMBPCNP\40xN1N2N3N4lif\MDL_0606.lif,MDL_0606,5,Image 6,MDL_0606_S6_Image_6,30,7063,2299,1,7063,2299,0,8,36,7,8.695652173913043,1.5846020008699435,1.544242590356269,469.4497474683058,304.0,3643,1.012459294917174,1.0,386.0,386.0,7063,7151,1.5846020008699435,1.544242590356269,469.4497474683058,304.0,2299,3643,,,0.0,0.0,0,0,60,122.5,7.0,30.0,27.5,140.58487894662323,128.0,1.098319366770494,210.11700739451936,145.0,1.449082809617375,108.49171740053802,107.0,1.0139412841171778,2.1893360312981436,1.9421573711677775,1.369645940464754,1.4468852180449259,2.4219481071884306,1.7454955367978207,2.6061676265582068,1.5843987373257382
C:\Users\JackM\40xMBPCNP\40xN1N2N3N4lif\MDL_0606.lif,MDL_0606,5,Image 6,MDL_0606_S6_Image_6,31,5193,3473,1,5193,3473,0,9,13,4,13.666666666666666,1.2813129858911603,1.2075224494689212,385.4497474683059,319.20710678118655,4450,1.032158675139611,0.9970519485588341,338.20710678118655,339.20710678118655,5193,5360,1.2813129858911603,1.2075224494689212,385.4497474683059,319.20710678118655,3473,4450,,,0.0,0.0,0,0,63,112.5,8.0,35.0,27.5,141.473136915078,128.0,1.1052588821490468,360.01813993665417,145.0,2.4828837237010632,110.88137877912574,107.0,1.0362745680292125,2.1893360312981436,1.9421573711677775,1.369645940464754,1.4468852180449259,2.4219481071884306,1.7454955367978207,2.6061676265582068,1.5843987373257382
C:\Users\JackM\40xMBPCNP\40xN1N2N3N4lif\MDL_0606.lif,MDL_0606,5,Image 6,MDL_0606_S6_Image_6,32,55067,30917,3,54763,7929,27525,57,199,49,11.2012987012987,1.860659184267555,2.696881336648118,3300.9827560572967,1224.0,57526,1.1014005806840386,1.1527195959492893,1440.8994949366117,1250.0,54763,60316,6.228023710430067,1.3276826855142374,1484.3492424049175,1118.0,7929,49382,1.9066666666666667,2.6249040089624254,3018.639610306789,1150.0,27525,52481,188,1077.5,13.0,95.0,90.0,214.74241732556652,128.0,1.6776751353559884,206.24971623155506,145.0,1.42241183607969,146.15851044504996,107.0,1.3659673873369156,2.1893360312981436,1.9421573711677775,1.369645940464754,1.4468852180449259,2.4219481071884306,1.7454955367978207,2.6061676265582068,1.5843987373257382
C:\Users\JackM\40xMBPCNP\40xN1N2N3N4lif\MDL_0606.lif,MDL_0606,5,Image 6,MDL_0606_S6_Image_6,33,18778,10183,1,18384,10183,0,16,66,13,13.613636363636363,1.8982618088971817,1.596870272684156,1423.142135623731,891.2071067811866,19330,1.1886422976501305,1.1685578418771254,1055.4497474683058,903.2071067811866,18384,21852,1.8982618088971817,1.596870272684156,1423.142135623731,891.2071067811866,10183,19330,,,0.0,0.0,0,0,168,442.5,7.0,85.0,80.0,140.82038729329852,128.0,1.1001592757288947,293.8903073750368,145.0,2.0268297060347367,110.1918554476807,107.0,1.0298304247446795,2.1893360312981436,1.9421573711677775,1.369645940464754,1.4468852180449259,2.4219481071884306,1.7454955367978207,2.6061676265582068,1.5843987373257382
C:\Users\JackM\40xMBPCNP\40xN1N2N3N4lif\MDL_0606.lif,MDL_0606,5,Image 6,MDL_0606_S6_Image_6,34,46320,20851,3,43939,20712,147,53,158,34,12.157894736842104,2.795165699486835,2.781599206916431,3298.976659402887,1186.0,58282,1.408088486310567,1.996987943471637,2412.3614357137376,1208.0,43939,61870,2.813924295094631,2.7286241418871344,3236.148232278141,1186.0,20712,58282,22.333333333333332,0.11698440899795795,71.82842712474618,614.0,147,3283,208,1027.5,11.0,90.0,100.0,141.3997359976331,128.0,1.1046854374815085,272.206450366937,145.0,1.8772858645995656,127.9795918367347,107.0,1.1960709517451842,2.1893360312981436,1.9421573711677775,1.369645940464754,1.4468852180449259,2.4219481071884306,1.7454955367978207,2.6061676265582068,1.5843987373257382
C:\Users\JackM\40xMBPCNP\40xN1N2N3N4lif\MDL_0606.lif,MDL_0606,5,Image 6,MDL_0606_S6_Image_6,35,27487,10680,1,5399,10501,247,44,103,36,10.373493975903614,2.7312734082397006,2.1254376178880667,1934.1482322781408,910.0,29170,3.7619929616595664,1.6048259807966219,1348.0538238691624,840.0,5399,20311,2.777830682792115,2.0642762395919214,1878.4913780286483,910.0,10501,29170,1.534412955465587,1.351130624279678,118.89949493661166,88.0,247,379,178,632.5,11.0,60.0,87.5,139.63530283385813,128.0,1.0909008033895167,253.56851728406818,145.0,1.748748395062539,122.73684210526316,107.0,1.147073290703394,2.1893360312981436,1.9421573711677775,1.369645940464754,1.4468852180449259,2.4219481071884306,1.7454955367978207,2.6061676265582068,1.5843987373257382
C:\Users\JackM\40xMBPCNP\40xN1N2N3N4lif\MDL_0606.lif,MDL_0606,5,Image 6,MDL_0606_S6_Image_6,36,4601,2857,1,3440,2857,0,14,51,14,6.0606060606060606,1.2639131956597829,1.625717866251586,435.6923881554251,268.0,3611,1.1348837209302325,1.1920242048351555,348.0710678118654,292.0,3440,3904,1.2639131956597829,1.625717866251586,435.6923881554251,268.0,2857,3611,,,0.0,0.0,0,0,53,102.5,6.0,40.0,25.0,139.56598837209302,128.0,1.0903592841569767,236.04725236261814,145.0,1.6279120852594355,109.15061861215707,107.0,1.020099239365954,2.1893360312981436,1.9421573711677775,1.369645940464754,1.4468852180449259,2.4219481071884306,1.7454955367978207,2.6061676265582068,1.5843987373257382
C:\Users\JackM\40xMBPCNP\40xN1N2N3N4lif\MDL_0606.lif,MDL_0606,5,Image 6,MDL_0606_S6_Image_6,37,34570,15257,3,33880,15257,1,45,149,37,10.542857142857143,2.8102510323130367,1.961069500373764,2274.840620433566,1160.0,42876,1.344746162927981,1.3994950115624754,1626.2132034355964,1162.0,33880,45560,2.8102510323130367,1.961069500373764,2274.840620433566,1160.0,15257,42876,1.0,,0.0,0.0,1,1,317,702.5,12.0,15.0,155.0,140.8762987012987,128.0,1.1005960836038962,287.9052238316838,145.0,1.985553267804716,127.0,107.0,1.1869158878504673,2.1893360312981436,1.9421573711677775,1.369645940464754,1.4468852180449259,2.4219481071884306,1.7454955367978207,2.6061676265582068,1.5843987373257382
C:\Users\JackM\40xMBPCNP\40xN1N2N3N4lif\MDL_0606.lif,MDL_0606,5,Image 6,MDL_0606_S6_Image_6,38,17039,10332,1,16144,7458,6131,20,67,16,10.192307692307692,1.5697831978319783,1.4559756352430737,974.3492424049175,669.2071067811866,16219,1.1416625371655105,1.5436052333403987,1074.3492424049175,696.0,16144,18431,1.6768570662375972,1.5077869468302754,868.4852813742386,576.0,7458,12506,1.6654705594519654,1.753771943745624,1026.3198051533946,585.2071067811866,6131,10211,119,337.5,7.0,80.0,57.5,190.1879335976214,128.0,1.4858432312314171,283.2963260927863,145.0,1.9537677661571466,139.14516392105693,107.0,1.3004220927201582,2.1893360312981436,1.9421573711677775,1.369645940464754,1.4468852180449259,2.4219481071884306,1.7454955367978207,2.6061676265582068,1.5843987373257382
C:\Users\JackM\40xMBPCNP\40xN1N2N3N4lif\MDL_0606.lif,MDL_0606,5,Image 6,MDL_0606_S6_Image_6,39,109757,54912,5,109745,20065,41948,134,519,124,9.699453551912569,2.061753350815851,4.174599458800315,6403.835569799683,1534.0,113215,1.101125336006196,1.1070223142748474,1773.4497474683058,1602.0,109745,120843,4.115823573386494,2.4848850021676046,3647.8111831820434,1468.0,20065,82584,2.4244540860112522,3.427857603272041,4833.279220613578,1410.0,41948,101701,447,2077.5,16.0,375.0,233.45679012345678,310.7628593557793,128.0,2.427834838717026,247.6644904061799,145.0,1.7080309683184822,152.43356059883666,107.0,1.4246127158769781,2.1893360312981436,1.9421573711677775,1.369645940464754,1.4468852180449259,2.4219481071884306,1.7454955367978207,2.6061676265582068,1.5843987373257382
C:\Users\JackM\40xMBPCNP\40xN1N2N3N4lif\MDL_0606.lif,MDL_0606,5,Image 6,MDL_0606_S6_Image_6,40,15386,6076,2,15284,5762,336,34,70,19,8.178571428571429,2.111586570111916,1.9540417021131968,1031.734018715768,528.0,12830,1.0516226118817065,1.0851693863580367,612.0355339059328,564.0,15284,16073,1.7261367580701146,1.8804501784522778,857.4852813742386,456.0,5762,9946,6.994047619047619,0.7225541643348518,200.8700576850888,278.0,336,2350,101,447.5,14.0,65.0,47.5,162.30862339701648,128.0,1.2680361202891912,265.9741409232905,145.0,1.8343044201606242,125.36011904761905,107.0,1.1715898976412995,2.1893360312981436,1.9421573711677775,1.369645940464754,1.4468852180449259,2.4219481071884306,1.7454955367978207,2.6061676265582068,1.5843987373257382
C:\Users\JackM\40xMBPCNP\40xN1N2N3N4lif\MDL_0606.lif,MDL_0606,5,Image 6,MDL_0606_S6_Image_6,41,26054,13559,2,13433,13526,33,32,97,14,9.844155844155845,2.069769157017479,1.8221701239658488,1435.8700576850888,788.0,28064,1.9127521774733864,3.2363867377492688,2420.817279836453,748.0,13433,25694,2.0748188673665533,1.7942062484507058,1413.8345237791561,788.0,13526,28064,2.484848484848485,0.4667842494154834,22.035533905932738,47.207106781186546,33,82,143,522.5,10.0,95.0,67.5,139.62115685252735,128.0,1.09079028791037,320.97841194736066,145.0,2.2136442203266253,128.27272727272728,107.0,1.1988105352591334,2.1893360312981436,1.9421573711677775,1.369645940464754,1.4468852180449259,2.4219481071884306,1.7454955367978207,2.6061676265582068,1.5843987373257382
C:\Users\JackM\40xMBPCNP\40xN1N2N3N4lif\MDL_0606.lif,MDL_0606,5,Image 6,MDL_0606_S6_Image_6,42,34118,21451,3,2187,21424,27,62,208,51,9.741935483870968,2.007505477600112,2.2409320005641677,2339.533008588991,1044.0,43063,7.133058984910837,0.6638384534224473,484.2132034355964,729.4142135623731,2187,15600,2.0100354742345035,2.2209813998699666,2318.704581464245,1044.0,21424,43063,3.3703703703703702,0.48206021361780715,20.82842712474619,43.207106781186546,27,91,182,852.5,20.0,75.0,87.5,140.85322359396434,128.0,1.1004158093278464,349.4187359970127,145.0,2.409784386186294,125.62962962962963,107.0,1.1741086881273797,2.1893360312981436,1.9421573711677775,1.369645940464754,1.4468852180449259,2.4219481071884306,1.7454955367978207,2.6061676265582068,1.5843987373257382
C:\Users\JackM\40xMBPCNP\40xN1N2N3N4lif\MDL_0606.lif,MDL_0606,5,Image 6,MDL_0606_S6_Image_6,43,20768,5561,1,20768,1405,4322,41,80,19,6.984848484848484,3.225858658514656,1.8873942607624485,1177.734018715768,624.0,17939,1.0911979969183359,1.0569943821400194,712.4142135623731,674.0,20768,22662,3.79644128113879,0.5772268447596192,303.62132034355966,526.0,1405,5334,3.2207311429893566,1.5762233645262795,945.7340187157678,600.0,4322,13920,174,457.5,6.0,70.0,85.0,208.80291795069337,128.0,1.631272796489792,199.29395017793595,145.0,1.374441035709903,132.59555761221657,107.0,1.2392108188057622,2.1893360312981436,1.9421573711677775,1.369645940464754,1.4468852180449259,2.4219481071884306,1.7454955367978207,2.6061676265582068,1.5843987373257382
C:\Users\JackM\40xMBPCNP\40xN1N2N3N4lif\MDL_0606.lif,MDL_0606,5,Image 6,MDL_0606_S6_Image_6,44,6965,2951,0,6965,135,2855,19,21,2,10.043478260869565,1.8878346323280244,1.8021722612560438,645.1776695296637,358.0,5571,1.030437903804738,1.007599779102338,425.20710678118655,422.0,6965,7177,1.0888888888888888,0.9716823850423767,54.41421356237309,56.0,135,147,1.8472854640980736,1.7912238611771405,619.7634559672906,346.0,2855,5274,82,197.5,5.0,30.0,37.5,244.1580760947595,128.0,1.9074849694903087,171.45185185185184,145.0,1.1824265644955299,130.61155866900174,107.0,1.220668772607493,2.1893360312981436,1.9421573711677775,1.369645940464754,1.4468852180449259,2.4219481071884306,1.7454955367978207,2.6061676265582068,1.5843987373257382
C:\Users\JackM\40xMBPCNP\40xN1N2N3N4lif\MDL_0606.lif,MDL_0606,5,Image 6,MDL_0606_S6_Image_6,45,20581,4462,1,20326,3181,1401,45,83,17,6.352112676056338,3.897131331241596,1.5824579059084551,1174.1837661840736,742.0,17389,1.122896782446128,1.1333026095743213,886.2426406871193,782.0,20326,22824,3.2618673373153095,1.1386987836633193,721.9350288425444,634.0,3181,10376,11.169878658101355,0.7152490151992729,529.2842712474619,740.0,1401,15649,222,472.5,10.0,75.0,105.27027027027027,166.15930335530848,128.0,1.2981195574633475,213.31971078277272,145.0,1.471170419191536,127.65881513204853,107.0,1.193073038617276,2.1893360312981436,1.9421573711677775,1.369645940464754,1.4468852180449259,2.4219481071884306,1.7454955367978207,2.6061676265582068,1.5843987373257382
C:\Users\JackM\40xMBPCNP\40xN1N2N3N4lif\MDL_0606.lif,MDL_0606,5,Image 6,MDL_0606_S6_Image_6,46,13535,4545,1,13535,2292,4064,13,39,7,11.033333333333333,2.0332233223322334,1.4033489126083734,634.3137084989847,452.0,9241,1.0549685999261176,1.013192550822728,569.4142135623731,562.0,13535,14279,1.4018324607329844,1.4823801506930343,400.24264068711926,270.0,2292,3213,2.2738681102362204,1.5595907717755406,704.9350288425444,452.0,4064,9241,82,262.5,8.0,30.0,37.5,225.7247875877355,128.0,1.7634749030291836,219.8516579406632,145.0,1.5162183306252635,132.67125984251967,107.0,1.2399183162852305,2.1893360312981436,1.9421573711677775,1.369645940464754,1.4468852180449259,2.4219481071884306,1.7454955367978207,2.6061676265582068,1.5843987373257382
C:\Users\JackM\40xMBPCNP\40xN1N2N3N4lif\MDL_0606.lif,MDL_0606,5,Image 6,MDL_0606_S6_Image_6,47,26921,4292,3,25448,2942,1429,59,58,15,5.507246376811594,5.918452935694315,1.5373169074230753,1183.734018715768,770.0,25402,1.2042203709525308,1.712776791514048,1428.455844122716,834.0,25448,30645,7.191026512576479,1.0325105847498928,720.6923881554251,698.0,2942,21156,9.648005598320504,0.7859674636443535,511.0416305603426,650.2071067811866,1429,13787,207,512.5,9.0,175.0,110.29411764705883,160.84745363093367,128.0,1.2566207314916693,208.37559483344663,145.0,1.4370730678168733,127.92722183344996,107.0,1.1955815124621492,2.1893360312981436,1.9421573711677775,1.369645940464754,1.4468852180449259,2.4219481071884306,1.7454955367978207,2.6061676265582068,1.5843987373257382
C:\Users\JackM\40xMBPCNP\40xN1N2N3N4lif\MDL_0606.lif,MDL_0606,5,Image 6,MDL_0606_S6_Image_6,48,50280,29852,5,50231,822,29571,75,187,48,9.544871794871796,1.90560096475948,1.9526106611164897,2417.3319984622144,1238.0,56886,1.2858394218709561,1.0459879723847652,1357.6923881554253,1298.0,50231,64589,33.86374695863747,0.4276146548976245,362.27817459305203,847.2071067811866,822,27836,1.9237090392614387,1.8653444786399689,2309.2964645562815,1238.0,29571,56886,201,872.5,17.0,115.0,97.5,241.79636081304375,128.0,1.8890340688519043,177.89537712895378,145.0,1.2268646698548538,154.48584762098002,107.0,1.443792968420374,2.1893360312981436,1.9421573711677775,1.369645940464754,1.4468852180449259,2.4219481071884306,1.7454955367978207,2.6061676265582068,1.5843987373257382
C:\Users\JackM\40xMBPCNP\40xN1N2N3N4lif\MDL_0606.lif,MDL_0606,5,Image 6,MDL_0606_S6_Image_6,49,4204,2828,0,3920,2804,152,11,18,1,7.823529411764706,1.2057991513437059,1.1316772173572118,330.4497474683059,292.0,3410,1.160204081632653,1.4151367359852423,438.6923881554251,310.0,3920,4548,1.1858059914407988,1.1523026590794665,318.03553390593277,276.0,2804,3325,4.717105263157895,0.45911277106039255,94.21320343559643,205.20710678118655,152,717,64,107.5,4.0,50.0,30.0,170.0951530612245,128.0,1.3288683832908164,298.5167617689016,145.0,2.05873628806139,125.92105263157895,107.0,1.17683226758485,2.1893360312981436,1.9421573711677775,1.369645940464754,1.4468852180449259,2.4219481071884306,1.7454955367978207,2.6061676265582068,1.5843987373257382
C:\Users\JackM\40xMBPCNP\40xN1N2N3N4lif\MDL_0606.lif,MDL_0606,5,Image 6,MDL_0606_S6_Image_6,50,26749,9350,3,126,9350,0,20,53,9,13.368421052631579,2.245668449197861,1.7704965478023758,1249.9705627484773,706.0,20997,29.42063492063492,0.2271560365156428,74.82842712474618,329.4142135623731,126,3707,2.245668449197861,1.7704965478023758,1249.9705627484773,706.0,9350,20997,,,0.0,0.0,0,0,133,412.5,8.0,75.0,62.5,141.56349206349208,128.0,1.1059647817460319,303.70695187165774,145.0,2.0945307025631568,110.33436137402957,107.0,1.0311622558320521,2.1893360312981436,1.9421573711677775,1.369645940464754,1.4468852180449259,2.4219481071884306,1.7454955367978207,2.6061676265582068,1.5843987373257382
C:\Users\JackM\40xMBPCNP\40xN1N2N3N4lif\MDL_0606.lif,MDL_0606,5,Image 6,MDL_0606_S6_Image_6,51,36886,22032,1,15647,22032,0,42,158,44,10.008196721311476,2.569353667392883,1.591978251872643,2228.7695526217003,1400.0,56608,1.701092861251358,1.9948488376634228,1835.2609306503489,920.0,15647,26617,2.569353667392883,1.591978251872643,2228.7695526217003,1400.0,22032,56608,,,0.0,0.0,0,0,251,817.5,9.0,160.0,122.5,139.77152169745,128.0,1.091965013261328,357.3270697167756,145.0,2.4643246187363834,110.21170058139535,107.0,1.0300158932840686,2.1893360312981436,1.9421573711677775,1.369645940464754,1.4468852180449259,2.4219481071884306,1.7454955367978207,2.6061676265582068,1.5843987373257382
C:\Users\JackM\40xMBPCNP\40xN1N2N3N4lif\MDL_0606.lif,MDL_0606,5,Image 6,MDL_0606_S6_Image_6,52,23356,11324,3,13377,10856,590,27,100,22,11.070422535211268,2.4667961850936067,1.8578240339559362,1672.0416305603426,900.0,27934,1.956641997458324,2.3652031166213843,2038.8050865276334,862.0,13377,26174,2.3913964627855564,1.783109988748026,1604.7989898732233,900.0,10856,25961,1.1610169491525424,1.1793761345735425,146.24264068711926,124.0,590,685,171,545.0,8.0,60.0,85.0,143.48688046647231,128.0,1.120991253644315,266.70191599115697,145.0,1.8393235585597032,126.53050847457627,107.0,1.182528116584825,2.1893360312981436,1.9421573711677775,1.369645940464754,1.4468852180449259,2.4219481071884306,1.7454955367978207,2.6061676265582068,1.5843987373257382
C:\Users\JackM\40xMBPCNP\40xN1N2N3N4lif\MDL_0606.lif,MDL_0606,5,Image 6,MDL_0606_S6_Image_6,53,32233,15267,4,7586,15267,0,42,120,34,10.79,2.1606078469902403,2.5976749260228824,2228.805086527633,858.0,32986,1.7660163459003428,1.287679329480477,710.7989898732233,552.0,7586,13397,2.1606078469902403,2.5976749260228824,2228.805086527633,858.0,15267,32986,,,0.0,0.0,0,0,143,767.5,12.0,75.0,70.0,141.4651990508832,128.0,1.105196867585025,264.17292198860287,145.0,1.8218822206110543,110.36430629432624,107.0,1.0314421149002453,2.1893360312981436,1.9421573711677775,1.369645940464754,1.4468852180449259,2.4219481071884306,1.7454955367978207,2.6061676265582068,1.5843987373257382
C:\Users\JackM\40xMBPCNP\40xN1N2N3N4lif\MDL_0606.lif,MDL_0606,5,Image 6,MDL_0606_S6_Image_6,54,16231,4702,4,9528,4577,139,22,48,15,7.3,2.23713313483624,1.5893683146038544,801.0416305603426,504.0,10519,1.5750419815281276,1.6547095457850836,953.1126983722081,576.0,9528,15007,1.8396329473454227,1.5106536410075384,734.1776695296637,486.0,4577,8420,3.3741007194244603,0.7078541911879902,77.86396103067892,110.0,139,469,96,312.5,10.0,50.0,45.0,140.7670025188917,128.0,1.0997422071788414,253.45772339960672,145.0,1.7479842993076327,125.69064748201438,107.0,1.174678948430041,2.1893360312981436,1.9421573711677775,1.369645940464754,1.4468852180449259,2.4219481071884306,1.7454955367978207,2.6061676265582068,1.5843987373257382
C:\Users\JackM\40xMBPCNP\40xN1N2N3N4lif\MDL_0606.lif,MDL_0606,5,Image 6,MDL_0606_S6_Image_6,55,8550,2835,1,0,2835,0,10,28,5,12.55,1.9382716049382716,1.689941012413654,625.278174593052,370.0,5495,,,0.0,0.0,0,0,1.9382716049382716,1.689941012413654,625.278174593052,370.0,2835,5495,,,0.0,0.0,0,0,121,172.5,4.0,45.0,57.5,131.52592592592592,128.0,1.0275462962962962,203.05537918871252,145.0,1.4003819254393968,111.26455026455027,107.0,1.039855609949068,2.1893360312981436,1.9421573711677775,1.369645940464754,1.4468852180449259,2.4219481071884306,1.7454955367978207,2.6061676265582068,1.5843987373257382
C:\Users\JackM\40xMBPCNP\40xN1N2N3N4lif\MDL_0606.lif,MDL_0606,5,Image 6,MDL_0606_S6_Image_6,57,9730,4284,1,8282,4279,30,11,31,5,11.272727272727273,1.7882819794584501,0.9468120506570672,422.278174593052,446.0,7661,1.2655155759478387,1.3711596229526781,725.6274169979695,529.2071067811866,8282,10481,1.7779855106333255,0.9517123399309783,420.65685424949237,442.0,4279,7608,5.9,0.2558846154496561,21.035533905932738,82.20710678118655,30,177,149,140.0,4.0,135.0,93.6842105263158,166.71782178217822,128.0,1.3024829826732673,312.33886422061227,145.0,2.1540611325559467,125.93333333333334,107.0,1.1769470404984423,2.1893360312981436,1.9421573711677775,1.369645940464754,1.4468852180449259,2.4219481071884306,1.7454955367978207,2.6061676265582068,1.5843987373257382
C:\Users\JackM\40xMBPCNP\40xN1N2N3N4lif\MDL_0606.lif,MDL_0606,5,Image 6,MDL_0606_S6_Image_6,58,6784,2656,2,5231,2473,186,6,6,2,18.0,1.3117469879518073,1.603189060709667,420.03553390593277,262.0,3484,1.1617281590518065,1.4957011520961394,574.3492424049175,384.0,5231,6077,1.253538212697129,1.450965302893167,354.03553390593277,244.0,2473,3100,1.3279569892473118,0.8676776695296636,69.41421356237309,80.0,186,247,78,112.5,4.0,40.0,37.5,142.87822596061937,128.0,1.1162361403173389,238.923574605742,145.0,1.6477487903844277,129.9784946236559,107.0,1.2147522862023916,2.1893360312981436,1.9421573711677775,1.369645940464754,1.4468852180449259,2.4219481071884306,1.7454955367978207,2.6061676265582068,1.5843987373257382
C:\Users\JackM\40xMBPCNP\40xN1N2N3N4lif\MDL_0606.lif,MDL_0606,5,Image 6,MDL_0606_S6_Image_6,59,15122,5472,3,7907,5132,340,22,55,7,10.425,2.058296783625731,1.9679360314234149,1043.00609665441,530.0,11263,1.6893891488554444,1.6780471244686803,896.0771644662753,534.0,7907,13358,1.9830475448168357,1.7411245084063312,912.3492424049175,524.0,5132,10177,1.738235294117647,1.0536843084636482,130.65685424949237,124.0,340,591,88,332.5,11.0,40.0,40.0,143.15404072340965,128.0,1.118390943151638,217.36905689789555,145.0,1.4990969441234177,126.75588235294117,107.0,1.1846344145134688,2.1893360312981436,1.9421573711677775,1.369645940464754,1.4468852180449259,2.4219481071884306,1.7454955367978207,2.6061676265582068,1.5843987373257382
C:\Users\JackM\40xMBPCNP\40xN1N2N3N4lif\MDL_0606.lif,MDL_0606,5,Image 6,MDL_0606_S6_Image_6,60,6934,4173,3,0,4173,0,5,9,2,18.285714285714285,1.1255691349149293,1.0845163025639286,375.2426406871193,346.0,4697,,,0.0,0.0,0,0,1.1255691349149293,1.0845163025639286,375.2426406871193,346.0,4173,4697,,,0.0,0.0,0,0,70,147.5,11.0,35.0,32.5,128.78289000718908,128.0,1.0061163281811647,370.7665947759406,145.0,2.5570109984547624,115.24730409777139,107.0,1.0770776083903868,2.1893360312981436,1.9421573711677775,1.369645940464754,1.4468852180449259,2.4219481071884306,1.7454955367978207,2.6061676265582068,1.5843987373257382
C:\Users\JackM\40xMBPCNP\40xN1N2N3N4lif\MDL_0606.lif,MDL_0606,5,Image 6,MDL_0606_S6_Image_6,61,25343,12597,3,14400,12533,106,41,96,28,9.644736842105264,1.8634595538620307,1.8623589881412796,1389.3198051533946,746.0,23474,1.2902777777777779,1.6304686000685868,1128.2842712474621,692.0,14400,18580,1.7305513444506502,1.8141016154871241,1353.3198051533946,746.0,12533,21689,35.04716981132076,0.19152416585942034,63.24264068711929,330.20710678118655,106,3715,157,477.5,9.0,65.0,75.0,141.02409722222222,128.0,1.1017507595486111,302.8428947578393,145.0,2.0885716879850986,130.10377358490567,107.0,1.2159231176159409,2.1893360312981436,1.9421573711677775,1.369645940464754,1.4468852180449259,2.4219481071884306,1.7454955367978207,2.6061676265582068,1.5843987373257382
C:\Users\JackM\40xMBPCNP\40xN1N2N3N4lif\MDL_0606.lif,MDL_0606,5,Image 6,MDL_0606_S6_Image_6,62,15796,2614,3,569,1412,1668,27,51,16,5.441860465116279,4.84009181331293,1.3457328743467551,775.142135623731,576.0,12652,1.0421792618629173,1.0116067959729476,105.20710678118655,104.0,569,593,8.290368271954675,0.8761403719609243,504.6568542494924,576.0,1412,11706,3.449640287769784,1.1803826728331217,460.3492424049175,390.0,1668,5754,177,307.5,5.0,115.0,89.5,135.493848857645,128.0,1.0585456942003515,177.42422096317281,145.0,1.2236153169873987,157.31774580335733,107.0,1.4702593065734328,2.1893360312981436,1.9421573711677775,1.369645940464754,1.4468852180449259,2.4219481071884306,1.7454955367978207,2.6061676265582068,1.5843987373257382
C:\Users\JackM\40xMBPCNP\40xN1N2N3N4lif\MDL_0606.lif,MDL_0606,5,Image 6,MDL_0606_S6_Image_6,63,13609,5252,1,4594,5252,0,16,37,8,13.185185185185185,2.5226580350342727,1.6998296524349352,1002.8994949366117,590.0,13249,1.5929473225946886,1.5044525182978306,631.8700576850888,420.0,4594,7318,2.5226580350342727,1.6998296524349352,1002.8994949366117,590.0,5252,13249,,,0.0,0.0,0,0,181,312.5,5.0,100.0,89.24242424242425,141.21854592947324,128.0,1.1032698900740097,212.06473724295506,145.0,1.462515429261759,109.08268582319307,107.0,1.0194643534877856,2.1893360312981436,1.9421573711677775,1.369645940464754,1.4468852180449259,2.4219481071884306,1.7454955367978207,2.6061676265582068,1.5843987373257382
C:\Users\JackM\40xMBPCNP\40xN1N2N3N4lif\MDL_0606.lif,MDL_0606,5,Image 6,MDL_0606_S6_Image_6,64,17177,6068,1,0,6068,0,9,31,11,18.666666666666668,2.9355636123928806,1.655272301548197,1195.1066017177982,722.0,17813,,,0.0,0.0,0,0,2.9355636123928806,1.655272301548197,1195.1066017177982,722.0,6068,17813,,,0.0,0.0,0,0,128,382.5,8.0,50.0,62.5,127.25939353988134,128.0,0.994214012030323,216.72544495715226,145.0,1.4946582410838087,108.33272907053394,107.0,1.0124554118741491,2.1893360312981436,1.9421573711677775,1.369645940464754,1.4468852180449259,2.4219481071884306,1.7454955367978207,2.6061676265582068,1.5843987373257382
C:\Users\JackM\40xMBPCNP\40xN1N2N3N4lif\MDL_0606.lif,MDL_0606,5,Image 6,MDL_0606_S6_Image_6,65,13976,5998,2,4368,5571,1334,12,32,6,13.6,1.3326108702900967,1.4870546511132363,633.4852813742386,426.0,7993,1.3280677655677655,1.423061726229712,540.7634559672906,380.0,4368,5801,1.359540477472626,1.4528157158136425,618.8994949366117,426.0,5571,7574,1.6911544227886057,1.1950047248312632,270.0710678118655,226.0,1334,2256,74,162.5,8.0,45.0,35.0,144.20215201465203,128.0,1.126579312614469,278.2906120983665,145.0,1.9192456006783898,128.3823088455772,107.0,1.1998346621081981,2.1893360312981436,1.9421573711677775,1.369645940464754,1.4468852180449259,2.4219481071884306,1.7454955367978207,2.6061676265582068,1.5843987373257382
C:\Users\JackM\40xMBPCNP\40xN1N2N3N4lif\MDL_0606.lif,MDL_0606,5,Image 6,MDL_0606_S6_Image_6,66,5930,2312,2,2611,2312,0,5,4,3,22.666666666666668,1.393166089965398,1.2142347998665712,342.4142135623731,282.0,3221,1.6227499042512448,1.157483272192057,363.4497474683059,314.0,2611,4237,1.393166089965398,1.2142347998665712,342.4142135623731,282.0,2312,3221,,,0.0,0.0,0,0,56,117.5,6.0,30.0,25.0,142.2933741861356,128.0,1.1116669858291843,238.90441176470588,145.0,1.6476166328600406,107.87982428616253,107.0,1.0082226568800237,2.1893360312981436,1.9421573711677775,1.369645940464754,1.4468852180449259,2.4219481071884306,1.7454955367978207,2.6061676265582068,1.5843987373257382
C:\Users\JackM\40xMBPCNP\40xN1N2N3N4lif\MDL_0606.lif,MDL_0606,6,Image 7,MDL_0606_S7_Image_7,1,11520,6328,0,0,6328,0,5,13,2,26.77777777777778,1.3301201011378003,1.2428860328047002,599.0710678118655,482.0,8417,,,0.0,0.0,0,0,1.3301201011378003,1.2428860328047002,599.0710678118655,482.0,6328,8417,,,0.0,0.0,0,0,96,152.5,5.0,65.0,45.0,121.80199115044248,128.0,0.9515780558628318,328.15502528445006,142.0,2.3109508822848595,106.73751580278129,106.0,1.0069576962526536,1.8742333260671489,1.7852456339860856,1.1565278251509419,1.1851920308064972,2.7897797789995624,1.4839289167139598,1.8775376220939988,1.6668921989238537
C:\Users\JackM\40xMBPCNP\40xN1N2N3N4lif\MDL_0606.lif,MDL_0606,6,Image 7,MDL_0606_S7_Image_7,2,29183,2752,0,28986,2752,0,21,9,1,13.866666666666667,8.679142441860465,0.9403171040117191,761.6568542494924,810.0,23885,1.032705444007452,1.0868200324684467,919.4497474683059,846.0,28986,29934,8.679142441860465,0.9403171040117191,761.6568542494924,810.0,2752,23885,,,0.0,0.0,0,0,223,252.5,5.0,185.0,125.71428571428571,198.88532394949286,128.0,1.553791593355413,180.23074127906978,142.0,1.2692305723878152,107.4311391706341,106.0,1.0135013129305104,1.8742333260671489,1.7852456339860856,1.1565278251509419,1.1851920308064972,2.7897797789995624,1.4839289167139598,1.8775376220939988,1.6668921989238537
C:\Users\JackM\40xMBPCNP\40xN1N2N3N4lif\MDL_0606.lif,MDL_0606,6,Image 7,MDL_0606_S7_Image_7,3,8952,6091,0,1,6091,0,12,26,5,10.923076923076923,1.4138893449351502,1.2904384826881263,598.7634559672906,464.0,8612,1.0,,0.0,0.0,1,1,1.4138893449351502,1.2904384826881263,598.7634559672906,464.0,6091,8612,,,0.0,0.0,0,0,91,227.5,10.0,25.0,42.5,152.0,128.0,1.1875,300.67952717123626,142.0,2.117461458952368,108.05253652930553,106.0,1.0193635521632598,1.8742333260671489,1.7852456339860856,1.1565278251509419,1.1851920308064972,2.7897797789995624,1.4839289167139598,1.8775376220939988,1.6668921989238537
C:\Users\JackM\40xMBPCNP\40xN1N2N3N4lif\MDL_0606.lif,MDL_0606,6,Image 7,MDL_0606_S7_Image_7,4,7934,3367,1,0,3367,0,7,7,2,18.5,1.4226314226314227,1.2106472892072864,389.8284271247462,322.0,4790,,,0.0,0.0,0,0,1.4226314226314227,1.2106472892072864,389.8284271247462,322.0,3367,4790,,,0.0,0.0,0,0,105,115.0,3.0,20.0,57.5,129.14137214137213,128.0,1.0089169698544698,273.6299376299376,142.0,1.926971391760124,108.80843480843481,106.0,1.026494668004102,1.8742333260671489,1.7852456339860856,1.1565278251509419,1.1851920308064972,2.7897797789995624,1.4839289167139598,1.8775376220939988,1.6668921989238537
C:\Users\JackM\40xMBPCNP\40xN1N2N3N4lif\MDL_0606.lif,MDL_0606,6,Image 7,MDL_0606_S7_Image_7,5,53181,26558,3,53181,7458,24898,44,218,38,9.360544217687075,1.4957075080954891,1.8424441345405693,1827.7045814642447,992.0,39723,1.0152310035539007,1.0,1116.0,1116.0,53181,53991,3.2496647894877984,1.4848220058957275,1345.2487373415292,906.0,7458,24236,1.5521728652903848,1.7117478063197202,1698.0538238691624,992.0,24898,38646,287,652.5,13.0,250.0,140.0,353.04856997799965,128.0,2.7581919529531223,242.3267632072942,142.0,1.7065265014598183,152.369909229657,106.0,1.4374519738646887,1.8742333260671489,1.7852456339860856,1.1565278251509419,1.1851920308064972,2.7897797789995624,1.4839289167139598,1.8775376220939988,1.6668921989238537
C:\Users\JackM\40xMBPCNP\40xN1N2N3N4lif\MDL_0606.lif,MDL_0606,6,Image 7,MDL_0606_S7_Image_7,6,4972,2030,1,1991,2030,0,7,27,4,9.333333333333334,1.373399014778325,1.3106274169979695,327.65685424949237,250.0,2788,1.131592164741336,1.0784153648084034,248.03553390593277,230.0,1991,2253,1.373399014778325,1.3106274169979695,327.65685424949237,250.0,2030,2788,,,0.0,0.0,0,0,51,107.5,7.0,30.0,22.5,139.10899045705676,128.0,1.086788987945756,223.16748768472905,142.0,1.5716020259487962,110.54237995824634,106.0,1.0428526411155314,1.8742333260671489,1.7852456339860856,1.1565278251509419,1.1851920308064972,2.7897797789995624,1.4839289167139598,1.8775376220939988,1.6668921989238537
C:\Users\JackM\40xMBPCNP\40xN1N2N3N4lif\MDL_0606.lif,MDL_0606,6,Image 7,MDL_0606_S7_Image_7,8,20048,8470,1,169,8470,0,28,78,17,8.59322033898305,1.7748524203069658,1.914151258313419,1129.3492424049173,590.0,15033,21.650887573964496,0.33800402947873764,107.48528137423857,318.0,169,3659,1.7748524203069658,1.914151258313419,1129.3492424049173,590.0,8470,15033,,,0.0,0.0,0,0,127,377.5,8.0,115.0,63.57142857142857,140.39644970414201,128.0,1.0968472633136095,336.75419126328217,142.0,2.3715083891780435,108.68492828591583,106.0,1.0253295121312813,1.8742333260671489,1.7852456339860856,1.1565278251509419,1.1851920308064972,2.7897797789995624,1.4839289167139598,1.8775376220939988,1.6668921989238537
C:\Users\JackM\40xMBPCNP\40xN1N2N3N4lif\MDL_0606.lif,MDL_0606,6,Image 7,MDL_0606_S7_Image_7,9,8105,2960,1,5509,2960,0,9,33,6,8.565217391304348,1.5074324324324324,1.3946638642326399,457.4497474683059,328.0,4462,1.2909783989834815,1.5984363556021701,636.1776695296637,398.0,5509,7112,1.5074324324324324,1.3946638642326399,457.4497474683059,328.0,2960,4462,,,0.0,0.0,0,0,65,107.5,4.0,25.0,30.0,143.287166454892,128.0,1.1194309879288438,255.83648648648648,142.0,1.8016653977921584,108.64166517136192,106.0,1.02492136954115,1.8742333260671489,1.7852456339860856,1.1565278251509419,1.1851920308064972,2.7897797789995624,1.4839289167139598,1.8775376220939988,1.6668921989238537
C:\Users\JackM\40xMBPCNP\40xN1N2N3N4lif\MDL_0606.lif,MDL_0606,6,Image 7,MDL_0606_S7_Image_7,10,23147,9611,3,20152,9096,1018,39,82,20,8.958333333333334,1.953906981583602,2.059981868873155,1429.6274169979695,694.0,18779,1.1236601826121477,1.6813707146017245,1153.420310216783,686.0,20152,22644,1.898636763412489,1.932605402282251,1279.3847763108502,662.0,9096,17270,4.222003929273084,1.1165242710564325,359.5208152801713,322.0,1018,4298,122,587.5,12.0,60.0,57.5,159.84076022231045,128.0,1.2487559392368004,276.28386103781884,142.0,1.9456609932240763,129.7819253438114,106.0,1.2243577862623716,1.8742333260671489,1.7852456339860856,1.1565278251509419,1.1851920308064972,2.7897797789995624,1.4839289167139598,1.8775376220939988,1.6668921989238537
C:\Users\JackM\40xMBPCNP\40xN1N2N3N4lif\MDL_0606.lif,MDL_0606,6,Image 7,MDL_0606_S7_Image_7,11,75875,30990,5,75875,7662,29823,68,205,52,10.651898734177216,2.3841239109390124,2.055238751584505,2900.3675323681473,1411.2071067811867,73884,1.1708072487644152,1.07424981080738,1626.414213562373,1514.0,75875,88835,6.5306708431219,0.9109242849920575,1049.3847763108502,1152.0,7662,50038,2.4774167588773763,2.087126346101117,2945.3675323681473,1411.2071067811867,29823,73884,459,1082.5,14.0,260.0,221.6860465116279,361.4949456342669,128.0,2.8241792627677103,273.40276690159226,142.0,1.925371597898537,141.23699828991047,106.0,1.3324245121689668,1.8742333260671489,1.7852456339860856,1.1565278251509419,1.1851920308064972,2.7897797789995624,1.4839289167139598,1.8775376220939988,1.6668921989238537
C:\Users\JackM\40xMBPCNP\40xN1N2N3N4lif\MDL_0606.lif,MDL_0606,6,Image 7,MDL_0606_S7_Image_7,12,92101,44342,6,92101,14662,40011,101,392,111,9.985018726591761,1.6706734021920526,2.9403934999686876,3834.2731239591685,1304.0,74081,1.0438431721696833,1.0081632653061225,1482.0,1470.0,92101,96139,3.9307052243895786,1.8195217072208512,2066.976659402887,1136.0,14662,57632,1.5934118117517682,2.6294432139918267,3407.758405333407,1296.0,40011,63754,205,1287.5,20.0,125.0,100.0,330.3270214221344,128.0,2.580679854860425,283.69369799481655,142.0,1.9978429436254685,140.0502361850491,106.0,1.3212286432551803,1.8742333260671489,1.7852456339860856,1.1565278251509419,1.1851920308064972,2.7897797789995624,1.4839289167139598,1.8775376220939988,1.6668921989238537
C:\Users\JackM\40xMBPCNP\40xN1N2N3N4lif\MDL_0606.lif,MDL_0606,6,Image 7,MDL_0606_S7_Image_7,13,66500,45931,8,66500,17525,43103,46,122,24,12.343137254901961,1.4004920424114433,1.4782679788728064,1856.7045814642447,1256.0,64326,1.0969172932330826,1.0794261484612704,1416.2071067811867,1312.0,66500,72945,2.6224821683309556,1.7182212340521053,1929.562445840514,1123.0,17525,45959,1.309653620397652,1.498323346726041,1681.118795026618,1122.0,43103,56450,237,832.5,25.0,115.0,115.0,340.81452631578946,128.0,2.662613486842105,295.0691012838802,142.0,2.077951417492114,155.1781546528084,106.0,1.4639448552151735,1.8742333260671489,1.7852456339860856,1.1565278251509419,1.1851920308064972,2.7897797789995624,1.4839289167139598,1.8775376220939988,1.6668921989238537
C:\Users\JackM\40xMBPCNP\40xN1N2N3N4lif\MDL_0606.lif,MDL_0606,6,Image 7,MDL_0606_S7_Image_7,14,38031,14680,1,37865,620,14680,52,147,46,7.545454545454546,2.02425068119891,1.9099626675983647,1676.9472221513643,878.0,29716,1.083427967780272,1.0618237727209816,1066.0710678118655,1004.0,37865,41024,3.2483870967741937,0.8747917804911969,180.20710678118655,206.0,620,2014,2.02425068119891,1.9099626675983647,1676.9472221513643,878.0,14680,29716,251,647.5,9.0,195.0,122.5,229.42683216690875,128.0,1.7923971263039746,183.5758064516129,142.0,1.2927873693775556,148.64012261580382,106.0,1.4022653076962623,1.8742333260671489,1.7852456339860856,1.1565278251509419,1.1851920308064972,2.7897797789995624,1.4839289167139598,1.8775376220939988,1.6668921989238537
C:\Users\JackM\40xMBPCNP\40xN1N2N3N4lif\MDL_0606.lif,MDL_0606,6,Image 7,MDL_0606_S7_Image_7,15,16050,2762,1,16050,513,2423,25,33,8,5.647058823529412,2.2943519188993484,1.183144475587272,437.7634559672906,370.0,6337,1.1332710280373832,1.0090361445783131,670.0,664.0,16050,18189,1.594541910331384,1.2599136352593001,168.8284271247462,134.0,513,818,2.3182005777961203,1.0588201512629476,391.7634559672906,370.0,2423,5617,93,212.5,9.0,35.0,34.166666666666664,199.83021806853583,128.0,1.5611735786604362,187.63742690058479,142.0,1.3213903302858083,130.28146925299217,106.0,1.2290704646508694,1.8742333260671489,1.7852456339860856,1.1565278251509419,1.1851920308064972,2.7897797789995624,1.4839289167139598,1.8775376220939988,1.6668921989238537
C:\Users\JackM\40xMBPCNP\40xN1N2N3N4lif\MDL_0606.lif,MDL_0606,6,Image 7,MDL_0606_S7_Image_7,16,15014,8976,1,15014,8787,326,16,50,4,13.82857142857143,1.472482174688057,1.3343627180665667,733.8994949366117,550.0,13217,1.041428000532836,1.0103448275862068,586.0,580.0,15014,15636,1.4421304199385456,1.2967889164311586,692.4852813742386,534.0,8787,12672,6.282208588957055,0.25340463089758,107.24264068711929,423.20710678118655,326,2048,103,237.5,8.0,55.0,50.0,163.92706806980152,128.0,1.2806802192953244,350.65346534653463,142.0,2.469390601031934,129.59202453987731,106.0,1.2225662692441257,1.8742333260671489,1.7852456339860856,1.1565278251509419,1.1851920308064972,2.7897797789995624,1.4839289167139598,1.8775376220939988,1.6668921989238537
C:\Users\JackM\40xMBPCNP\40xN1N2N3N4lif\MDL_0606.lif,MDL_0606,6,Image 7,MDL_0606_S7_Image_7,17,39448,19583,1,39382,19583,0,36,130,28,11.882978723404255,1.8421079507736302,1.9169150941780975,1805.734018715768,942.0,36074,1.0907267279467776,1.114064270209063,1078.414213562373,968.0,39382,42955,1.8421079507736302,1.9169150941780975,1805.734018715768,942.0,19583,36074,,,0.0,0.0,0,0,285,540.0,7.0,40.0,140.0,141.07206337920877,128.0,1.1021254951500685,352.2256549047643,142.0,2.480462358484256,108.878751713981,106.0,1.0271580350375566,1.8742333260671489,1.7852456339860856,1.1565278251509419,1.1851920308064972,2.7897797789995624,1.4839289167139598,1.8775376220939988,1.6668921989238537
C:\Users\JackM\40xMBPCNP\40xN1N2N3N4lif\MDL_0606.lif,MDL_0606,6,Image 7,MDL_0606_S7_Image_7,18,13603,4699,1,13603,2915,3448,19,23,4,11.74074074074074,2.5788465630985318,1.4337118251410172,775.9350288425444,541.2071067811866,12118,1.1737116812467838,1.0576546286324626,664.2071067811866,628.0,13603,15966,2.393481989708405,1.2656747808637414,513.863961030679,406.0,2915,6977,2.6044083526682136,1.2073182867631698,583.3847763108502,483.20710678118655,3448,8980,143,287.5,6.0,110.0,70.0,226.9797838712049,128.0,1.7732795614937882,264.7584905660377,142.0,1.8644964124368855,134.9741879350348,106.0,1.2733413956135358,1.8742333260671489,1.7852456339860856,1.1565278251509419,1.1851920308064972,2.7897797789995624,1.4839289167139598,1.8775376220939988,1.6668921989238537
C:\Users\JackM\40xMBPCNP\40xN1N2N3N4lif\MDL_0606.lif,MDL_0606,6,Image 7,MDL_0606_S7_Image_7,19,33137,17339,4,33137,8271,15045,51,187,51,9.356643356643357,1.6511332833496741,1.6632018268693605,1540.1248916810277,926.0,28629,1.066722998460935,1.0311591245364122,973.4142135623731,944.0,33137,35348,2.6507072905331883,1.0197136436241243,944.2548339959391,926.0,8271,21924,1.4067131937520772,1.577310341409729,1182.9827560572967,750.0,15045,21164,277,547.5,7.0,250.0,135.0,267.72170081781695,128.0,2.091575787639195,374.03844758795793,142.0,2.634073574563084,146.4183449651047,106.0,1.381305141180233,1.8742333260671489,1.7852456339860856,1.1565278251509419,1.1851920308064972,2.7897797789995624,1.4839289167139598,1.8775376220939988,1.6668921989238537
C:\Users\JackM\40xMBPCNP\40xN1N2N3N4lif\MDL_0606.lif,MDL_0606,6,Image 7,MDL_0606_S7_Image_7,20,50136,23469,2,50136,5217,22410,42,189,60,9.976923076923077,1.6905279304614598,2.0581047058235074,1951.0832611206852,948.0,39675,1.0228777724589118,1.0,1060.0,1060.0,50136,51283,3.2698869081847803,1.2590586340846992,896.4497474683059,712.0,5217,17059,1.766086568496207,1.9140643550516783,1814.533008588991,948.0,22410,39578,162,732.5,14.0,95.0,77.5,424.9912238710707,128.0,3.32024393649274,254.1362852213916,142.0,1.7896921494464197,163.83609995537705,106.0,1.545623584484689,1.8742333260671489,1.7852456339860856,1.1565278251509419,1.1851920308064972,2.7897797789995624,1.4839289167139598,1.8775376220939988,1.6668921989238537
C:\Users\JackM\40xMBPCNP\40xN1N2N3N4lif\MDL_0606.lif,MDL_0606,6,Image 7,MDL_0606_S7_Image_7,22,7823,3154,1,6057,3154,0,9,41,8,7.615384615384615,1.4137603043753963,1.4689720869120797,470.07106781186553,320.0,4459,1.2187551593197954,1.6363404585439625,631.6274169979695,386.0,6057,7382,1.4137603043753963,1.4689720869120797,470.07106781186553,320.0,3154,4459,,,0.0,0.0,0,0,66,140.0,10.0,35.0,30.0,142.86742611854052,128.0,1.1161517665510978,231.35510462904247,142.0,1.6292613002045244,110.16331243813923,106.0,1.0392765324352757,1.8742333260671489,1.7852456339860856,1.1565278251509419,1.1851920308064972,2.7897797789995624,1.4839289167139598,1.8775376220939988,1.6668921989238537
C:\Users\JackM\40xMBPCNP\40xN1N2N3N4lif\MDL_0606.lif,MDL_0606,6,Image 7,MDL_0606_S7_Image_7,23,65177,41607,8,65177,8647,40886,68,274,82,10.628712871287128,1.751796572692095,2.3143381197190407,2934.5807358037437,1268.0,72887,1.1802783190389248,1.1163462833153652,1435.6213203435595,1286.0,65177,76927,5.871284838672372,1.7549709098247874,1870.7989898732235,1066.0,8647,50769,1.772146945164604,2.3692445237754756,3004.202056147303,1268.0,40886,72456,235,947.5,15.0,150.0,115.0,363.14933181950687,128.0,2.8371041548398974,225.7629235573031,142.0,1.5898797433612895,155.45257545370055,106.0,1.4665337306952881,1.8742333260671489,1.7852456339860856,1.1565278251509419,1.1851920308064972,2.7897797789995624,1.4839289167139598,1.8775376220939988,1.6668921989238537
C:\Users\JackM\40xMBPCNP\40xN1N2N3N4lif\MDL_0606.lif,MDL_0606,6,Image 7,MDL_0606_S7_Image_7,24,17540,5583,1,17538,1547,5227,20,36,6,12.068965517241379,2.741357692996597,1.2701638817229486,910.9705627484772,717.2071067811866,15305,1.2260234918462767,1.0120197216464577,775.2071067811866,766.0,17538,21502,5.949579831932773,0.7562213724945391,434.0710678118655,574.0,1547,9204,2.9255787258465658,1.2428059258995325,891.3492424049175,717.2071067811866,5227,15292,140,327.5,5.0,40.0,67.5,203.3531759607709,128.0,1.5886966871935226,183.27084680025857,142.0,1.290639766199004,139.89229003252345,106.0,1.3197385852124854,1.8742333260671489,1.7852456339860856,1.1565278251509419,1.1851920308064972,2.7897797789995624,1.4839289167139598,1.8775376220939988,1.6668921989238537
C:\Users\JackM\40xMBPCNP\40xN1N2N3N4lif\MDL_0606.lif,MDL_0606,6,Image 7,MDL_0606_S7_Image_7,26,14396,8549,2,1459,8549,0,12,51,21,14.147058823529411,1.8875891917183296,1.4660978543395518,964.6923881554251,658.0,16137,4.434544208361892,0.9381686889256057,390.278174593052,416.0,1459,6470,1.8875891917183296,1.4660978543395518,964.6923881554251,658.0,8549,16137,,,0.0,0.0,0,0,116,332.5,8.0,45.0,55.0,138.37902673063743,128.0,1.081086146333105,331.1868054743245,142.0,2.332301447002285,109.49003171726325,106.0,1.0329248275213514,1.8742333260671489,1.7852456339860856,1.1565278251509419,1.1851920308064972,2.7897797789995624,1.4839289167139598,1.8775376220939988,1.6668921989238537
C:\Users\JackM\40xMBPCNP\40xN1N2N3N4lif\MDL_0606.lif,MDL_0606,6,Image 7,MDL_0606_S7_Image_7,27,32535,20726,1,31306,20726,0,40,116,32,11.71875,1.9244427289394963,1.817783013018125,1788.698484809835,984.0,39886,1.297770395451351,1.4778228348878697,1454.1776695296637,984.0,31306,40628,1.9244427289394963,1.817783013018125,1788.698484809835,984.0,20726,39886,,,0.0,0.0,0,0,165,612.5,9.0,100.0,80.0,144.7993355906216,128.0,1.1312448093017313,351.248480169835,142.0,2.4735808462664437,109.92969294080405,106.0,1.0370725749132457,1.8742333260671489,1.7852456339860856,1.1565278251509419,1.1851920308064972,2.7897797789995624,1.4839289167139598,1.8775376220939988,1.6668921989238537
C:\Users\JackM\40xMBPCNP\40xN1N2N3N4lif\MDL_0606.lif,MDL_0606,6,Image 7,MDL_0606_S7_Image_7,28,30003,12013,2,27789,11972,41,59,151,27,8.44915254237288,3.0674269541330226,2.35367092815937,2316.01219330882,984.0,36849,1.379538666378783,2.0652448793290743,2040.4619407771256,988.0,27789,38336,3.0231373204143,2.3298759956772837,2292.597979746447,984.0,11972,36193,2.317073170731707,0.5419065359073806,23.414213562373096,43.207106781186546,41,95,174,832.5,12.0,105.0,85.0,141.12011947173343,128.0,1.1025009333729174,237.37696291346475,142.0,1.6716687529117236,126.46341463414635,106.0,1.1930510814542108,1.8742333260671489,1.7852456339860856,1.1565278251509419,1.1851920308064972,2.7897797789995624,1.4839289167139598,1.8775376220939988,1.6668921989238537
C:\Users\JackM\40xMBPCNP\40xN1N2N3N4lif\MDL_0606.lif,MDL_0606,6,Image 7,MDL_0606_S7_Image_7,29,8922,5542,1,8922,3048,5334,30,48,12,7.659574468085107,1.3581739444243954,1.5350253981946687,607.8700576850888,396.0,7527,1.0193902712396323,1.0048309178743962,416.0,414.0,8922,9095,1.6729002624671916,1.4417577792459815,449.8284271247462,312.0,3048,5099,1.3563929508811399,1.486846301756638,579.8700576850888,390.0,5334,7235,68,277.5,14.0,40.0,30.0,237.21418964357767,128.0,1.8532358565904505,283.117782152231,142.0,1.9937871982551476,134.68991376077992,106.0,1.2706595637809426,1.8742333260671489,1.7852456339860856,1.1565278251509419,1.1851920308064972,2.7897797789995624,1.4839289167139598,1.8775376220939988,1.6668921989238537
C:\Users\JackM\40xMBPCNP\40xN1N2N3N4lif\MDL_0606.lif,MDL_0606,6,Image 7,MDL_0606_S7_Image_7,30,37788,16088,2,37788,3151,15491,52,108,21,7.591836734693878,2.475634012928891,1.5695098391011775,1626.0121933088199,1036.0,39828,1.1938975336085529,1.0436164086147506,1158.414213562373,1110.0,37788,45115,7.514757219930181,0.9222498797370162,857.6923881554251,930.0,3151,23679,2.5468981989542314,1.482669883128661,1521.2193000900063,1026.0,15491,39454,331,712.5,14.0,160.0,165.08064516129033,307.15438763628663,128.0,2.3996436534084893,220.76927959377974,142.0,1.5547132365759138,156.12820347298432,106.0,1.4729075799338145,1.8742333260671489,1.7852456339860856,1.1565278251509419,1.1851920308064972,2.7897797789995624,1.4839289167139598,1.8775376220939988,1.6668921989238537
C:\Users\JackM\40xMBPCNP\40xN1N2N3N4lif\MDL_0606.lif,MDL_0606,6,Image 7,MDL_0606_S7_Image_7,31,94474,67302,8,94408,30802,59925,62,215,41,15.012658227848101,1.606237556090458,2.0917089776723854,3376.01828996323,1614.0,108103,1.18766418100161,1.1645084440647453,1940.0710678118655,1666.0,94408,112125,2.83725082786832,2.571334199818721,3990.710678118655,1552.0,30802,87393,1.5450646641635377,1.6005763860767166,2410.4680374315353,1506.0,59925,92588,457,1182.5,13.0,125.0,229.77011494252875,350.8926468095924,128.0,2.7413488031999407,283.0419777936498,142.0,1.9932533647440125,161.88455569461829,106.0,1.5272127895718706,1.8742333260671489,1.7852456339860856,1.1565278251509419,1.1851920308064972,2.7897797789995624,1.4839289167139598,1.8775376220939988,1.6668921989238537
C:\Users\JackM\40xMBPCNP\40xN1N2N3N4lif\MDL_0606.lif,MDL_0606,6,Image 7,MDL_0606_S7_Image_7,32,11741,7900,1,2177,7900,0,12,30,6,17.80952380952381,1.461139240506329,1.600181560103306,876.8994949366117,548.0,11543,3.040881947634359,1.2387649263117626,553.7279220613578,447.0,2177,6620,1.461139240506329,1.600181560103306,876.8994949366117,548.0,7900,11543,,,0.0,0.0,0,0,110,332.5,6.0,30.0,52.5,139.10656867248508,128.0,1.0867700677537897,318.3496202531646,142.0,2.2418987341772154,110.097260909935,106.0,1.0386534048107077,1.8742333260671489,1.7852456339860856,1.1565278251509419,1.1851920308064972,2.7897797789995624,1.4839289167139598,1.8775376220939988,1.6668921989238537
C:\Users\JackM\40xMBPCNP\40xN1N2N3N4lif\MDL_0606.lif,MDL_0606,6,Image 7,MDL_0606_S7_Image_7,33,30205,14238,2,29494,718,14085,37,152,39,8.477064220183486,1.818794774546987,1.5748662475392556,1281.941125496954,814.0,25896,1.0674374449040482,1.4372334455515505,1215.8994949366117,846.0,29494,31483,14.41782729805014,0.46526414942059124,251.24264068711926,540.0,718,10352,1.6349307774227901,1.5959001697463675,1230.7695526217005,771.2071067811866,14085,23028,220,455.0,7.0,185.0,114.1025641025641,168.2974842340815,128.0,1.3148240955787618,173.3300835654596,142.0,1.2206343913060536,137.91309904153354,106.0,1.301066972089939,1.8742333260671489,1.7852456339860856,1.1565278251509419,1.1851920308064972,2.7897797789995624,1.4839289167139598,1.8775376220939988,1.6668921989238537
C:\Users\JackM\40xMBPCNP\40xN1N2N3N4lif\MDL_0606.lif,MDL_0606,6,Image 7,MDL_0606_S7_Image_7,34,27193,15159,5,27193,5747,13464,40,151,45,9.49074074074074,1.7765024078105416,1.9774811751678734,1649.2193000900063,834.0,26930,1.0633251204354062,1.0046082949308757,872.0,868.0,27193,28915,4.624673742822342,1.4449990872348404,1199.3492424049175,830.0,5747,26578,1.707961972667855,1.9190507111146913,1477.6690475583123,770.0,13464,22996,133,552.5,14.0,70.0,62.5,216.77703820836246,128.0,1.6935706110028317,222.9204802505655,142.0,1.5698625369758135,136.91867201426024,106.0,1.291685585040191,1.8742333260671489,1.7852456339860856,1.1565278251509419,1.1851920308064972,2.7897797789995624,1.4839289167139598,1.8775376220939988,1.6668921989238537
C:\Users\JackM\40xMBPCNP\40xN1N2N3N4lif\MDL_0606.lif,MDL_0606,6,Image 7,MDL_0606_S7_Image_7,35,31441,16725,2,31417,16487,2445,32,100,30,10.7125,1.6184753363228699,1.6791737267563405,1329.9055915910217,792.0,27069,1.0352993602189897,1.0556466368945643,937.4142135623731,888.0,31417,32526,1.494874749802875,1.726662974565463,1326.0771644662755,768.0,16487,24646,4.919427402862985,0.7670902121962887,494.00609665440993,644.0,2445,12028,146,492.5,11.0,85.0,70.0,163.56806824330775,128.0,1.2778755331508418,394.9616061139079,142.0,2.781419761365549,133.00245398773006,106.0,1.2547401319597176,1.8742333260671489,1.7852456339860856,1.1565278251509419,1.1851920308064972,2.7897797789995624,1.4839289167139598,1.8775376220939988,1.6668921989238537
C:\Users\JackM\40xMBPCNP\40xN1N2N3N4lif\MDL_0606.lif,MDL_0606,6,Image 7,MDL_0606_S7_Image_7,36,6256,2492,1,3767,2492,0,9,40,8,8.64,1.4606741573033708,1.6327869468302754,470.2426406871193,288.0,3640,1.2678524024422617,1.509401389141017,510.1776695296637,338.0,3767,4776,1.4606741573033708,1.6327869468302754,470.2426406871193,288.0,2492,3640,,,0.0,0.0,0,0,58,122.5,6.0,25.0,27.5,143.76931245022564,128.0,1.1231977535173878,212.4233547351525,142.0,1.4959391178531865,110.83329198709997,106.0,1.0455970942179242,1.8742333260671489,1.7852456339860856,1.1565278251509419,1.1851920308064972,2.7897797789995624,1.4839289167139598,1.8775376220939988,1.6668921989238537
C:\Users\JackM\40xMBPCNP\40xN1N2N3N4lif\MDL_0606.lif,MDL_0606,6,Image 7,MDL_0606_S7_Image_7,37,33761,15478,5,32475,3917,14715,48,151,51,8.9009009009009,2.421759917301977,1.804506147716463,1732.3259018078045,960.0,37484,1.3151963048498845,1.396556349186104,1396.556349186104,1000.0,32475,42711,5.377840183814143,1.2772311765368847,1001.3492424049175,784.0,3917,21065,2.4354060482500848,1.8221167123601332,1694.5685424949238,930.0,14715,35837,205,627.5,11.0,60.0,100.0,196.59525789068513,128.0,1.5359004522709776,196.10084248149093,142.0,1.3809918484612038,147.93102276588516,106.0,1.3955756864706148,1.8742333260671489,1.7852456339860856,1.1565278251509419,1.1851920308064972,2.7897797789995624,1.4839289167139598,1.8775376220939988,1.6668921989238537
C:\Users\JackM\40xMBPCNP\40xN1N2N3N4lif\MDL_0606.lif,MDL_0606,6,Image 7,MDL_0606_S7_Image_7,38,10582,9405,2,10220,6929,5667,8,28,5,16.842105263157894,1.0667729930887826,1.1100193402148926,559.4497474683059,504.0,10033,1.0462818003913894,1.1421616105289212,587.0710678118655,514.0,10220,10693,1.2581902150382451,1.187722775024584,548.7279220613578,462.0,6929,8718,1.2262219869419446,1.636639218968265,693.9350288425444,424.0,5667,6949,82,197.5,11.0,65.0,37.5,181.60440313111545,128.0,1.4187843994618394,382.1285899841247,142.0,2.6910464083389063,141.56696664902066,106.0,1.335537421217176,1.8742333260671489,1.7852456339860856,1.1565278251509419,1.1851920308064972,2.7897797789995624,1.4839289167139598,1.8775376220939988,1.6668921989238537
C:\Users\JackM\40xMBPCNP\40xN1N2N3N4lif\MDL_0606.lif,MDL_0606,6,Image 7,MDL_0606_S7_Image_7,39,64888,26422,3,64888,8830,21477,71,221,42,9.70949720670391,2.3983044432669747,2.9681568830065457,3508.361435713737,1182.0,63368,1.1310103563062508,1.1387593711453308,1375.6213203435595,1208.0,64888,73389,6.887542468856172,1.8415830019616724,2169.38477631085,1178.0,8830,60817,2.342180006518601,2.45654932023677,2680.6040764008567,1091.2071067811867,21477,50303,312,1105.0,10.0,225.0,155.08771929824562,237.96839169029712,128.0,1.8591280600804463,205.39275198187997,142.0,1.4464278308583096,137.79326721609164,106.0,1.299936483170676,1.8742333260671489,1.7852456339860856,1.1565278251509419,1.1851920308064972,2.7897797789995624,1.4839289167139598,1.8775376220939988,1.6668921989238537
C:\Users\JackM\40xMBPCNP\40xN1N2N3N4lif\MDL_0606.lif,MDL_0606,6,Image 7,MDL_0606_S7_Image_7,40,22041,3052,1,21369,1951,1112,34,26,3,7.878787878787879,6.435452162516382,1.0028653546442943,762.1776695296637,760.0,19641,1.410314006270766,1.2653018551737407,1110.9350288425444,878.0,21369,30137,9.497180932854945,0.6028089702555894,457.6568542494924,759.2071067811866,1951,18529,7.781474820143885,0.5704395781229749,321.72792206135784,564.0,1112,8653,270,347.5,4.0,20.0,146.44736842105263,176.15672235481304,128.0,1.3762243933969769,195.05740645822655,142.0,1.3736437074522996,128.5935251798561,106.0,1.2131464639609066,1.8742333260671489,1.7852456339860856,1.1565278251509419,1.1851920308064972,2.7897797789995624,1.4839289167139598,1.8775376220939988,1.6668921989238537
C:\Users\JackM\40xMBPCNP\40xN1N2N3N4lif\MDL_0606.lif,MDL_0606,6,Image 7,MDL_0606_S7_Image_7,41,3889,2877,1,1691,2877,0,3,7,2,26.166666666666668,1.3632255822036843,1.5280962723983662,437.03553390593277,286.0,3922,1.849793021880544,1.1846491766378209,334.0710678118655,282.0,1691,3128,1.3632255822036843,1.5280962723983662,437.03553390593277,286.0,2877,3922,,,0.0,0.0,0,0,59,152.5,10.0,40.0,27.5,142.26848018923712,128.0,1.111472501478415,283.90789016336464,142.0,1.9993513391786242,108.81433762801454,106.0,1.0265503549812693,1.8742333260671489,1.7852456339860856,1.1565278251509419,1.1851920308064972,2.7897797789995624,1.4839289167139598,1.8775376220939988,1.6668921989238537
C:\Users\JackM\40xMBPCNP\40xN1N2N3N4lif\MDL_0606.lif,MDL_0606,6,Image 7,MDL_0606_S7_Image_7,42,25803,10792,1,25423,1350,10497,31,59,11,11.82,2.0898813936249074,1.6603303151819098,1178.834523779156,710.0,22554,1.1089564567517602,1.1139810074883516,915.6923881554251,822.0,25423,28193,11.036296296296296,0.8129275622065604,521.8994949366117,642.0,1350,14899,1.979041630942174,1.5971245145742996,1095.6274169979695,686.0,10497,20774,187,427.5,8.0,140.0,90.0,220.40262754198955,128.0,1.7218955276717933,175.83037037037036,142.0,1.238242044861763,139.9996189387444,106.0,1.3207511220636263,1.8742333260671489,1.7852456339860856,1.1565278251509419,1.1851920308064972,2.7897797789995624,1.4839289167139598,1.8775376220939988,1.6668921989238537
C:\Users\JackM\40xMBPCNP\40xN1N2N3N4lif\MDL_0606.lif,MDL_0606,6,Image 7,MDL_0606_S7_Image_7,43,9880,4206,2,9469,3942,424,15,42,10,7.405405405405405,1.791012838801712,1.3528490809835323,576.3137084989847,426.0,7533,1.138451790051748,1.3633137084989848,681.6568542494924,500.0,9469,10780,1.5334855403348555,1.287852551469231,481.65685424949237,374.0,3942,6045,11.13679245283019,0.4607842712474619,184.31370849898477,400.0,424,4722,93,227.5,11.0,35.0,42.5,190.64431302143836,128.0,1.4894086954799872,291.7224759005581,142.0,2.0543836331025216,128.31367924528303,106.0,1.2105064079743681,1.8742333260671489,1.7852456339860856,1.1565278251509419,1.1851920308064972,2.7897797789995624,1.4839289167139598,1.8775376220939988,1.6668921989238537
C:\Users\JackM\40xMBPCNP\40xN1N2N3N4lif\MDL_0606.lif,MDL_0606,6,Image 7,MDL_0606_S7_Image_7,44,19855,3930,2,15575,1094,2882,40,22,9,9.31578947368421,5.158778625954199,1.496667720502766,1065.6274169979695,712.0,20274,1.3351524879614767,1.7225202682753489,1236.7695526217005,718.0,15575,20795,15.229433272394882,0.5491662840428877,362.4497474683059,660.0,1094,16661,4.651977793199167,1.2838104287451266,747.1776695296637,582.0,2882,13407,186,402.5,7.0,130.0,97.41935483870968,150.00956661316212,128.0,1.171949739165329,172.66087751371114,142.0,1.2159216726317685,130.09264399722414,106.0,1.2272890943134354,1.8742333260671489,1.7852456339860856,1.1565278251509419,1.1851920308064972,2.7897797789995624,1.4839289167139598,1.8775376220939988,1.6668921989238537
C:\Users\JackM\40xMBPCNP\40xN1N2N3N4lif\MDL_0606.lif,MDL_0606,6,Image 7,MDL_0606_S7_Image_7,45,9706,4673,2,2483,4673,0,19,51,8,9.525,1.8602610742563663,1.6822015169356257,800.7279220613578,476.0,8693,1.905759162303665,1.331024926580881,435.5208152801713,327.20710678118655,2483,4732,1.8602610742563663,1.6822015169356257,800.7279220613578,476.0,4673,8693,,,0.0,0.0,0,0,93,265.0,9.0,30.0,42.5,138.45428916633105,128.0,1.0816741341119613,231.53391825379842,142.0,1.6305205510830874,107.6240524482688,106.0,1.01532124951197,1.8742333260671489,1.7852456339860856,1.1565278251509419,1.1851920308064972,2.7897797789995624,1.4839289167139598,1.8775376220939988,1.6668921989238537
C:\Users\JackM\40xMBPCNP\40xN1N2N3N4lif\MDL_0606.lif,MDL_0606,6,Image 7,MDL_0606_S7_Image_7,46,24694,14900,3,1370,14900,0,35,102,15,13.527777777777779,1.8580536912751677,2.2042392391297225,1882.420310216783,854.0,27685,5.47007299270073,0.7785277249852656,393.9350288425444,506.0,1370,7494,1.8580536912751677,2.2042392391297225,1882.420310216783,854.0,14900,27685,,,0.0,0.0,0,0,140,657.5,19.0,70.0,67.5,134.76861313868613,128.0,1.0528797901459854,303.53,142.0,2.1375352112676054,107.49319034146983,106.0,1.014086701334621,1.8742333260671489,1.7852456339860856,1.1565278251509419,1.1851920308064972,2.7897797789995624,1.4839289167139598,1.8775376220939988,1.6668921989238537
C:\Users\JackM\40xMBPCNP\40xN1N2N3N4lif\MDL_0606.lif,MDL_0606,6,Image 7,MDL_0606_S7_Image_7,47,9487,6689,1,4,6689,0,10,54,16,11.277777777777779,1.5402900284048437,1.5835399258096865,817.1066017177982,516.0,10303,2.5,0.3278417080583755,3.414213562373095,10.414213562373096,4,10,1.5402900284048437,1.5835399258096865,817.1066017177982,516.0,6689,10303,,,0.0,0.0,0,0,117,262.5,6.0,55.0,55.0,140.25,128.0,1.095703125,304.80789355658544,142.0,2.1465344616660946,107.44341456121991,106.0,1.0136171185020746,1.8742333260671489,1.7852456339860856,1.1565278251509419,1.1851920308064972,2.7897797789995624,1.4839289167139598,1.8775376220939988,1.6668921989238537
C:\Users\JackM\40xMBPCNP\40xN1N2N3N4lif\MDL_0606.lif,MDL_0606,6,Image 7,MDL_0606_S7_Image_7,48,3538,2516,1,3114,2516,0,6,12,4,10.9,1.1633545310015898,1.0593137084989848,264.8284271247462,250.0,2927,1.0889531149646756,1.082354730641289,290.0710678118655,268.0,3114,3391,1.1633545310015898,1.0593137084989848,264.8284271247462,250.0,2516,2927,,,0.0,0.0,0,0,46,102.5,11.0,30.0,20.0,167.02761721258832,128.0,1.3049032594733463,357.9614467408585,142.0,2.52085525873844,113.3349101229896,106.0,1.0691972653112227,1.8742333260671489,1.7852456339860856,1.1565278251509419,1.1851920308064972,2.7897797789995624,1.4839289167139598,1.8775376220939988,1.6668921989238537
C:\Users\JackM\40xMBPCNP\40xN1N2N3N4lif\MDL_0606.lif,MDL_0606,6,Image 7,MDL_0606_S7_Image_7,49,3316,2210,1,1018,2210,0,9,42,9,5.185185185185185,1.3099547511312217,1.4817954894122523,367.4852813742386,248.0,2895,2.081532416502947,1.435091599182024,330.0710678118655,230.0,1018,2119,1.3099547511312217,1.4817954894122523,367.4852813742386,248.0,2210,2895,,,0.0,0.0,0,0,47,97.5,6.0,35.0,20.0,132.91552062868368,128.0,1.0384025049115913,199.27918552036198,142.0,1.403374545918042,110.0737308622079,106.0,1.0384314232283764,1.8742333260671489,1.7852456339860856,1.1565278251509419,1.1851920308064972,2.7897797789995624,1.4839289167139598,1.8775376220939988,1.6668921989238537
C:\Users\JackM\40xMBPCNP\40xN1N2N3N4lif\MDL_0606.lif,MDL_0606,6,Image 7,MDL_0606_S7_Image_7,50,6297,3855,1,3063,3813,404,12,35,16,8.208333333333334,1.414526588845655,1.3805978657376072,447.31370849898474,324.0,5453,1.37675481554032,1.3224264068711928,396.72792206135784,300.0,3063,4217,1.4301075268817205,1.3372783166452222,433.27817459305203,324.0,3813,5453,5.46039603960396,0.807556172618437,201.24873734152916,249.20710678118655,404,2206,73,162.5,8.0,35.0,35.0,153.18837740777016,128.0,1.1967841984982044,339.3330710726462,142.0,2.3896695145961,125.89603960396039,106.0,1.187698486829815,1.8742333260671489,1.7852456339860856,1.1565278251509419,1.1851920308064972,2.7897797789995624,1.4839289167139598,1.8775376220939988,1.6668921989238537
C:\Users\JackM\40xMBPCNP\40xN1N2N3N4lif\MDL_0606.lif,MDL_0606,6,Image 7,MDL_0606_S7_Image_7,51,12168,8636,1,2439,8636,0,13,47,9,12.685714285714285,1.3603520148216768,1.4230224623488046,771.2781745930521,542.0,11748,1.5670356703567037,1.6328311920311733,506.1776695296637,310.0,2439,3822,1.3603520148216768,1.4230224623488046,771.2781745930521,542.0,8636,11748,,,0.0,0.0,0,0,96,247.5,7.0,65.0,45.0,137.5440754407544,128.0,1.0745630893808937,400.10085687818435,142.0,2.817611668156228,108.68952913351967,106.0,1.025372916353959,1.8742333260671489,1.7852456339860856,1.1565278251509419,1.1851920308064972,2.7897797789995624,1.4839289167139598,1.8775376220939988,1.6668921989238537
C:\Users\JackM\40xMBPCNP\40xN1N2N3N4lif\MDL_0606.lif,MDL_0606,7,Image 8,MDL_0606_S8_Image_8,1,20833,12665,2,5,12665,0,22,67,13,12.981481481481481,1.8216344255823134,2.0781685100522584,1550.3137084989849,746.0,23071,1.8,0.37082371732122943,3.414213562373095,9.207106781186548,5,9,1.8216344255823134,2.0781685100522584,1550.3137084989849,746.0,12665,23071,,,0.0,0.0,0,0,133,502.5,8.0,40.0,65.0,139.2,128.0,1.0875,341.1106987761548,145.0,2.352487577766585,106.57323332017371,106.0,1.0054078615110729,1.7511672405967162,1.8794757590313427,1.458214108225383,1.2772803894148965,1.972321696872721,1.7622335805947644,1.9708479395633114,1.792141311053461
C:\Users\JackM\40xMBPCNP\40xN1N2N3N4lif\MDL_0606.lif,MDL_0606,7,Image 8,MDL_0606_S8_Image_8,2,8629,4619,1,0,4619,0,8,12,4,20.916666666666668,1.3907772245074692,1.2207611832369665,510.27817459305203,418.0,6424,,,0.0,0.0,0,0,1.3907772245074692,1.2207611832369665,510.27817459305203,418.0,4619,6424,,,0.0,0.0,0,0,67,182.5,11.0,40.0,30.0,123.13444468499675,128.0,0.9619878491015371,277.6323879627625,145.0,1.9147061238811207,108.5728512665079,106.0,1.0242721817595084,1.7511672405967162,1.8794757590313427,1.458214108225383,1.2772803894148965,1.972321696872721,1.7622335805947644,1.9708479395633114,1.792141311053461
C:\Users\JackM\40xMBPCNP\40xN1N2N3N4lif\MDL_0606.lif,MDL_0606,7,Image 8,MDL_0606_S8_Image_8,3,4409,3074,1,0,3074,0,12,45,6,6.5,1.2758620689655173,1.361345726725573,383.89949493661163,282.0,3922,,,0.0,0.0,0,0,1.2758620689655173,1.361345726725573,383.89949493661163,282.0,3074,3922,,,0.0,0.0,0,0,85,112.5,4.0,70.0,40.0,123.15126870527001,128.0,0.962119286759922,268.930709173715,145.0,1.8546945460256208,107.83767078724789,106.0,1.017336516860829,1.7511672405967162,1.8794757590313427,1.458214108225383,1.2772803894148965,1.972321696872721,1.7622335805947644,1.9708479395633114,1.792141311053461
C:\Users\JackM\40xMBPCNP\40xN1N2N3N4lif\MDL_0606.lif,MDL_0606,7,Image 8,MDL_0606_S8_Image_8,4,11519,10599,1,1493,10599,0,14,61,16,10.377777777777778,1.1455797716765732,1.328358971860659,719.9705627484772,542.0,12142,1.5150703281982585,1.0397493931636232,277.8284271247462,267.20710678118655,1493,2262,1.1455797716765732,1.328358971860659,719.9705627484772,542.0,10599,12142,,,0.0,0.0,0,0,99,247.5,8.0,45.0,47.5,144.50033489618218,128.0,1.1289088663764233,395.66459099915085,145.0,2.728721317235523,110.44824684431977,106.0,1.0419645928709411,1.7511672405967162,1.8794757590313427,1.458214108225383,1.2772803894148965,1.972321696872721,1.7622335805947644,1.9708479395633114,1.792141311053461
C:\Users\JackM\40xMBPCNP\40xN1N2N3N4lif\MDL_0606.lif,MDL_0606,7,Image 8,MDL_0606_S8_Image_8,5,37201,26457,3,473,26457,0,49,208,58,9.948387096774194,1.609668518728503,2.4304546775615576,2255.4619407771256,928.0,42587,1.1289640591966172,1.1002011353166004,116.62132034355963,106.0,473,534,1.609668518728503,2.4304546775615576,2255.4619407771256,928.0,26457,42587,,,0.0,0.0,0,0,163,822.5,20.0,100.0,80.0,134.52854122621565,128.0,1.0510042283298098,353.4460067278981,145.0,2.4375586670889526,108.49536984540953,106.0,1.0235412249566938,1.7511672405967162,1.8794757590313427,1.458214108225383,1.2772803894148965,1.972321696872721,1.7622335805947644,1.9708479395633114,1.792141311053461
C:\Users\JackM\40xMBPCNP\40xN1N2N3N4lif\MDL_0606.lif,MDL_0606,7,Image 8,MDL_0606_S8_Image_8,6,29063,20880,3,5944,20863,113,46,165,27,9.941176470588236,1.6780172413793104,1.8921773135772992,1695.39087296526,896.0,35037,2.643842530282638,1.7593535767720885,1101.3553390593274,626.0,5944,15715,1.6793845563916983,1.8899451707201567,1693.3908729652603,896.0,20863,35037,1.079646017699115,1.026241451764925,47.207106781186546,46.0,113,122,166,557.5,9.0,70.0,80.0,152.44986541049798,128.0,1.1910145735195155,319.6433878157504,145.0,2.204437157350003,129.87610619469027,106.0,1.2252462848555685,1.7511672405967162,1.8794757590313427,1.458214108225383,1.2772803894148965,1.972321696872721,1.7622335805947644,1.9708479395633114,1.792141311053461
C:\Users\JackM\40xMBPCNP\40xN1N2N3N4lif\MDL_0606.lif,MDL_0606,7,Image 8,MDL_0606_S8_Image_8,7,6598,3195,1,756,3195,0,16,32,11,8.0,1.4913928012519562,1.328054513784559,496.6923881554251,374.0,4765,1.812169312169312,1.3420736510354674,233.52081528017132,174.0,756,1370,1.4913928012519562,1.328054513784559,496.6923881554251,374.0,3195,4765,,,0.0,0.0,0,0,75,217.5,9.0,20.0,35.0,135.92592592592592,128.0,1.0619212962962963,241.2037558685446,145.0,1.6634741784037559,107.89406648027338,106.0,1.0178685517006922,1.7511672405967162,1.8794757590313427,1.458214108225383,1.2772803894148965,1.972321696872721,1.7622335805947644,1.9708479395633114,1.792141311053461
C:\Users\JackM\40xMBPCNP\40xN1N2N3N4lif\MDL_0606.lif,MDL_0606,7,Image 8,MDL_0606_S8_Image_8,8,15228,12090,5,6911,12090,0,21,82,18,12.21875,1.2783291976840363,1.9749098761011012,1117.7989898732233,566.0,15455,1.8713644913905367,1.3410761510764306,737.5918830920368,550.0,6911,12933,1.2783291976840363,1.9749098761011012,1117.7989898732233,566.0,12090,15455,,,0.0,0.0,0,0,92,357.5,14.0,55.0,42.5,141.016640138909,128.0,1.1016925010852265,328.59900744416876,145.0,2.2662000513390947,110.80555102040816,106.0,1.0453353869849826,1.7511672405967162,1.8794757590313427,1.458214108225383,1.2772803894148965,1.972321696872721,1.7622335805947644,1.9708479395633114,1.792141311053461
C:\Users\JackM\40xMBPCNP\40xN1N2N3N4lif\MDL_0606.lif,MDL_0606,7,Image 8,MDL_0606_S8_Image_8,9,7751,4960,2,0,4960,0,15,43,16,9.241379310344827,1.3727822580645161,1.444545028015366,586.4852813742386,406.0,6809,,,0.0,0.0,0,0,1.3727822580645161,1.444545028015366,586.4852813742386,406.0,4960,6809,,,0.0,0.0,0,0,109,187.5,8.0,95.0,52.5,128.28064516129032,128.0,1.0021925403225806,308.66673387096773,145.0,2.1287360956618464,111.32076612903226,106.0,1.050195906877663,1.7511672405967162,1.8794757590313427,1.458214108225383,1.2772803894148965,1.972321696872721,1.7622335805947644,1.9708479395633114,1.792141311053461
C:\Users\JackM\40xMBPCNP\40xN1N2N3N4lif\MDL_0606.lif,MDL_0606,7,Image 8,MDL_0606_S8_Image_8,10,4085,3838,1,0,3838,0,9,15,2,10.928571428571429,1.110734757686295,1.1152881522648757,341.278174593052,306.0,4263,,,0.0,0.0,0,0,1.110734757686295,1.1152881522648757,341.278174593052,306.0,3838,4263,,,0.0,0.0,0,0,57,157.5,10.0,35.0,25.0,132.32412714955706,128.0,1.0337822433559145,348.08181344450236,145.0,2.4005642306517405,109.69280875455966,106.0,1.0348378184392422,1.7511672405967162,1.8794757590313427,1.458214108225383,1.2772803894148965,1.972321696872721,1.7622335805947644,1.9708479395633114,1.792141311053461
C:\Users\JackM\40xMBPCNP\40xN1N2N3N4lif\MDL_0606.lif,MDL_0606,7,Image 8,MDL_0606_S8_Image_8,11,47854,28589,4,598,28579,352,58,162,35,11.82442748091603,1.9097904788555038,1.921703123490915,2432.8761543394985,1266.0,54599,32.07190635451505,0.30247288674201844,287.3492424049175,950.0,598,19179,1.9104587284369643,1.9479330656561493,2466.083261120685,1266.0,28579,54599,1.0994318181818181,1.0227272727272727,90.0,88.0,352,387,266,867.5,10.0,70.0,130.0,138.33946488294313,128.0,1.0807770693979932,331.6855733230694,145.0,2.287486712572892,128.3693181818182,106.0,1.2110313036020584,1.7511672405967162,1.8794757590313427,1.458214108225383,1.2772803894148965,1.972321696872721,1.7622335805947644,1.9708479395633114,1.792141311053461
C:\Users\JackM\40xMBPCNP\40xN1N2N3N4lif\MDL_0606.lif,MDL_0606,7,Image 8,MDL_0606_S8_Image_8,12,35585,15292,3,3517,15292,0,32,110,17,12.025,3.096717237771384,2.1036581327640467,2200.4264068711927,1046.0,47355,3.055729314756895,1.0213418772198088,516.7989898732233,506.0,3517,10747,3.096717237771384,2.1036581327640467,2200.4264068711927,1046.0,15292,47355,,,0.0,0.0,0,0,214,762.5,12.0,115.0,105.0,143.2655672448109,128.0,1.1192622441000852,274.4165576772169,145.0,1.892527983980806,108.2961930740038,106.0,1.0216621988113566,1.7511672405967162,1.8794757590313427,1.458214108225383,1.2772803894148965,1.972321696872721,1.7622335805947644,1.9708479395633114,1.792141311053461
C:\Users\JackM\40xMBPCNP\40xN1N2N3N4lif\MDL_0606.lif,MDL_0606,7,Image 8,MDL_0606_S8_Image_8,13,28844,19974,5,3952,19974,0,32,113,22,12.950617283950617,1.6247121257634924,1.813743965372118,1679.5269119345812,926.0,32452,5.513917004048583,1.8203248367446654,1429.3319984622144,785.2071067811866,3952,21791,1.6247121257634924,1.813743965372118,1679.5269119345812,926.0,19974,32452,,,0.0,0.0,0,0,164,597.5,18.0,120.0,80.0,138.1902834008097,128.0,1.0796115890688258,351.58140582757585,145.0,2.424699350535006,111.05205533017254,106.0,1.0476608993412504,1.7511672405967162,1.8794757590313427,1.458214108225383,1.2772803894148965,1.972321696872721,1.7622335805947644,1.9708479395633114,1.792141311053461
C:\Users\JackM\40xMBPCNP\40xN1N2N3N4lif\MDL_0606.lif,MDL_0606,7,Image 8,MDL_0606_S8_Image_8,14,40039,25716,5,794,25716,0,60,177,36,9.643356643356643,1.6674443925960492,2.298773900568284,2202.2253967444162,958.0,42880,21.23551637279597,0.5266008296745516,349.66295090390224,664.0,794,16861,1.6674443925960492,2.298773900568284,2202.2253967444162,958.0,25716,42880,,,0.0,0.0,0,0,174,797.5,14.0,95.0,85.0,138.50251889168766,128.0,1.0820509288413098,341.35273759527144,145.0,2.354156811001872,110.331910103637,106.0,1.0408670764494057,1.7511672405967162,1.8794757590313427,1.458214108225383,1.2772803894148965,1.972321696872721,1.7622335805947644,1.9708479395633114,1.792141311053461
C:\Users\JackM\40xMBPCNP\40xN1N2N3N4lif\MDL_0606.lif,MDL_0606,7,Image 8,MDL_0606_S8_Image_8,15,7038,2018,1,774,2018,0,13,11,4,10.0,2.713082259663033,1.3100625433345838,474.2426406871193,362.0,5475,6.700258397932816,0.973453160890983,360.1776695296637,370.0,774,5186,2.713082259663033,1.3100625433345838,474.2426406871193,362.0,2018,5475,,,0.0,0.0,0,0,91,162.5,5.0,60.0,42.5,139.01679586563307,128.0,1.0860687177002584,199.61793855302278,145.0,1.3766754382967088,116.4071986123157,106.0,1.0981811189841104,1.7511672405967162,1.8794757590313427,1.458214108225383,1.2772803894148965,1.972321696872721,1.7622335805947644,1.9708479395633114,1.792141311053461
C:\Users\JackM\40xMBPCNP\40xN1N2N3N4lif\MDL_0606.lif,MDL_0606,7,Image 8,MDL_0606_S8_Image_8,16,21659,17495,1,18556,17409,1709,30,139,55,11.258064516129032,1.3181480422977994,1.6505358287402556,1247.8050865276332,756.0,23061,1.1131709420133649,1.2253924859132916,845.5208152801713,690.0,18556,20656,1.2865184674593602,1.660857164354973,1222.39087296526,736.0,17409,22397,3.780573434757168,1.0782272268385393,463.0060966544099,429.4142135623731,1709,6461,151,377.5,11.0,90.0,72.5,162.4096249191636,128.0,1.2688251946809657,485.39611695100234,145.0,3.347559427248292,150.34698654183734,106.0,1.4183677975645033,1.7511672405967162,1.8794757590313427,1.458214108225383,1.2772803894148965,1.972321696872721,1.7622335805947644,1.9708479395633114,1.792141311053461
C:\Users\JackM\40xMBPCNP\40xN1N2N3N4lif\MDL_0606.lif,MDL_0606,7,Image 8,MDL_0606_S8_Image_8,17,3108,2553,1,2839,2553,0,6,16,1,9.846153846153847,1.1856639247943597,1.2932409257196897,336.2426406871193,260.0,3027,1.0715040507220852,1.1082097691899158,281.4852813742386,254.0,2839,3042,1.1856639247943597,1.2932409257196897,336.2426406871193,260.0,2553,3027,,,0.0,0.0,0,0,47,92.5,9.0,30.0,20.0,138.295174357168,128.0,1.080431049665375,260.2628280454367,145.0,1.7949160554857704,114.46350487722839,106.0,1.0798443856342301,1.7511672405967162,1.8794757590313427,1.458214108225383,1.2772803894148965,1.972321696872721,1.7622335805947644,1.9708479395633114,1.792141311053461
C:\Users\JackM\40xMBPCNP\40xN1N2N3N4lif\MDL_0606.lif,MDL_0606,7,Image 8,MDL_0606_S8_Image_8,18,48288,36156,5,48288,14710,33492,46,220,50,11.615853658536585,1.7004093373160747,2.3200499650137716,2913.982756057297,1256.0,61480,1.2834865805168987,1.1572327044025157,1472.0,1272.0,48288,61977,2.724881033310673,2.010218893559026,2267.526911934581,1128.0,14710,40083,1.8216887614952824,2.4945058819683394,3108.154328932551,1246.0,33492,61012,240,897.5,10.0,120.0,117.5,256.6365970841617,128.0,2.004973414720013,282.3114887831407,145.0,1.9469757847113152,170.0160933954377,106.0,1.6039254093909219,1.7511672405967162,1.8794757590313427,1.458214108225383,1.2772803894148965,1.972321696872721,1.7622335805947644,1.9708479395633114,1.792141311053461
C:\Users\JackM\40xMBPCNP\40xN1N2N3N4lif\MDL_0606.lif,MDL_0606,7,Image 8,MDL_0606_S8_Image_8,20,32227,17250,2,2961,17250,0,39,140,32,10.647058823529411,2.492289855072464,2.2182529282708887,2231.562445840514,1006.0,42992,3.5876393110435663,0.86703021487918,525.420310216783,606.0,2961,10623,2.492289855072464,2.2182529282708887,2231.562445840514,1006.0,17250,42992,,,0.0,0.0,0,0,185,702.5,9.0,75.0,90.0,144.77304964539007,128.0,1.13103945035461,286.14846376811596,145.0,1.9734376811594203,109.74947434819175,106.0,1.035372399511243,1.7511672405967162,1.8794757590313427,1.458214108225383,1.2772803894148965,1.972321696872721,1.7622335805947644,1.9708479395633114,1.792141311053461
C:\Users\JackM\40xMBPCNP\40xN1N2N3N4lif\MDL_0606.lif,MDL_0606,7,Image 8,MDL_0606_S8_Image_8,21,10256,6142,1,680,6142,0,11,41,8,13.076923076923077,1.5307717355910126,1.5206416759757242,787.6923881554251,518.0,9402,2.2426470588235294,0.5961446783679546,139.62132034355966,234.20710678118655,680,1525,1.5307717355910126,1.5206416759757242,787.6923881554251,518.0,6142,9402,,,0.0,0.0,0,0,95,287.5,10.0,45.0,45.0,138.62941176470588,128.0,1.0830422794117647,268.0752197981114,145.0,1.84879461929732,109.4602841459477,106.0,1.0326441900561103,1.7511672405967162,1.8794757590313427,1.458214108225383,1.2772803894148965,1.972321696872721,1.7622335805947644,1.9708479395633114,1.792141311053461
C:\Users\JackM\40xMBPCNP\40xN1N2N3N4lif\MDL_0606.lif,MDL_0606,7,Image 8,MDL_0606_S8_Image_8,22,11089,5650,1,11016,5201,3809,13,17,3,13.666666666666666,1.8552212389380531,1.26351173431236,641.8639610306789,508.0,10482,1.1284495279593318,1.2951710118793252,691.6213203435597,534.0,11016,12431,1.8515670063449337,1.241666147054127,603.4497474683058,486.0,5201,9630,1.1512207928590181,1.0802736446593355,326.2426406871193,302.0,3809,4385,143,192.5,3.0,10.0,70.0,180.36555918663763,128.0,1.4091059311456064,305.55027879253987,145.0,2.1072433020175163,138.86610658965608,106.0,1.310057609336378,1.7511672405967162,1.8794757590313427,1.458214108225383,1.2772803894148965,1.972321696872721,1.7622335805947644,1.9708479395633114,1.792141311053461
C:\Users\JackM\40xMBPCNP\40xN1N2N3N4lif\MDL_0606.lif,MDL_0606,7,Image 8,MDL_0606_S8_Image_8,23,29569,21341,2,29569,6788,20000,37,118,39,12.27,1.463099198725458,2.0363818451928495,1714.6335136523794,842.0,31224,1.0845818255605533,1.0040548854660014,845.4142135623731,842.0,29569,32070,3.7554507955215084,1.9340715652379226,1549.5918830920368,801.2071067811866,6788,25492,1.475,1.8208874458180817,1449.426406871193,796.0,20000,29500,130,577.5,18.0,100.0,62.5,232.71104873347088,128.0,1.8180550682302412,237.78196817913965,145.0,1.6398756426147563,146.2605,106.0,1.379816037735849,1.7511672405967162,1.8794757590313427,1.458214108225383,1.2772803894148965,1.972321696872721,1.7622335805947644,1.9708479395633114,1.792141311053461
C:\Users\JackM\40xMBPCNP\40xN1N2N3N4lif\MDL_0606.lif,MDL_0606,7,Image 8,MDL_0606_S8_Image_8,24,19099,10346,2,17169,10304,1528,22,39,13,16.394736842105264,2.005606031316451,2.0346384950281715,1420.1776695296637,698.0,20750,1.3420117653911119,2.100878841799385,1516.834523779156,722.0,17169,23041,2.0073757763975157,2.0320698801015045,1418.3847763108502,698.0,10304,20684,1.37434554973822,1.1149497424916952,227.44974746830582,204.0,1528,2100,140,477.5,9.0,70.0,67.5,144.60626710932493,128.0,1.129736461791601,282.0656055900621,145.0,1.9452800385521523,133.4175392670157,106.0,1.258656030820903,1.7511672405967162,1.8794757590313427,1.458214108225383,1.2772803894148965,1.972321696872721,1.7622335805947644,1.9708479395633114,1.792141311053461
C:\Users\JackM\40xMBPCNP\40xN1N2N3N4lif\MDL_0606.lif,MDL_0606,7,Image 8,MDL_0606_S8_Image_8,25,17912,3113,1,9726,2974,194,20,20,3,11.8,6.1586893671699325,1.315503906628776,862.970562748477,656.0,19172,1.4640139831379806,2.2825501153032643,1310.1837661840736,574.0,9726,14239,6.408876933423,1.2514253488453422,820.9350288425444,656.0,2974,19060,2.3969072164948453,0.706247571810633,73.44974746830583,104.0,194,465,201,322.5,5.0,15.0,99.1891891891892,160.48807320584,128.0,1.253813071920625,193.26664425016813,145.0,1.3328734086218492,133.6443298969072,106.0,1.2607955650651623,1.7511672405967162,1.8794757590313427,1.458214108225383,1.2772803894148965,1.972321696872721,1.7622335805947644,1.9708479395633114,1.792141311053461
C:\Users\JackM\40xMBPCNP\40xN1N2N3N4lif\MDL_0606.lif,MDL_0606,7,Image 8,MDL_0606_S8_Image_8,26,36303,11208,1,12285,11208,0,32,127,34,9.146067415730338,3.1310670949321913,2.3431820657859888,2047.9411254969543,874.0,35093,2.391045991045991,2.428371689402231,1981.5512985522207,816.0,12285,29374,3.1310670949321913,2.3431820657859888,2047.9411254969543,874.0,11208,35093,,,0.0,0.0,0,0,268,570.0,6.0,215.0,134.59183673469389,137.97354497354496,128.0,1.07791832010582,228.13231620271236,145.0,1.5733263186393955,110.78821763213749,106.0,1.0451718644541272,1.7511672405967162,1.8794757590313427,1.458214108225383,1.2772803894148965,1.972321696872721,1.7622335805947644,1.9708479395633114,1.792141311053461
C:\Users\JackM\40xMBPCNP\40xN1N2N3N4lif\MDL_0606.lif,MDL_0606,7,Image 8,MDL_0606_S8_Image_8,27,33025,25576,1,33025,25574,312,32,166,31,12.209090909090909,1.3922036284016266,1.9084350927909217,1874.0832611206852,982.0,35607,1.0876305828917487,0.9991925730969313,981.2071067811866,982.0,33025,35919,1.3923125048877767,1.9072058598161898,1872.8761543394985,982.0,25574,35607,25.673076923076923,0.39639427471990357,168.86396103067892,426.0,312,8010,175,602.5,11.0,80.0,85.0,156.2798485995458,128.0,1.2209363171839516,383.9271134746227,145.0,2.647773196376708,127.61538461538461,106.0,1.2039187227866472,1.7511672405967162,1.8794757590313427,1.458214108225383,1.2772803894148965,1.972321696872721,1.7622335805947644,1.9708479395633114,1.792141311053461
C:\Users\JackM\40xMBPCNP\40xN1N2N3N4lif\MDL_0606.lif,MDL_0606,7,Image 8,MDL_0606_S8_Image_8,28,21339,8231,1,25,8231,0,29,59,6,11.387755102040817,2.7550722876928684,1.9206607019775526,1467.3847763108502,764.0,22677,104.04,0.057316193269358294,16.44974746830583,287.0,25,2601,2.7550722876928684,1.9206607019775526,1467.3847763108502,764.0,8231,22677,,,0.0,0.0,0,0,165,442.5,7.0,100.0,80.0,145.24,128.0,1.1346875,240.93974000728952,145.0,1.6616533793606174,109.89618746964545,106.0,1.036756485562693,1.7511672405967162,1.8794757590313427,1.458214108225383,1.2772803894148965,1.972321696872721,1.7622335805947644,1.9708479395633114,1.792141311053461
C:\Users\JackM\40xMBPCNP\40xN1N2N3N4lif\MDL_0606.lif,MDL_0606,7,Image 8,MDL_0606_S8_Image_8,29,58379,32752,1,58379,8969,31350,65,234,82,11.039106145251397,2.0794760625305324,2.2941242642717015,2927.3025612106912,1276.0,68107,1.2204045975436373,1.1066270561633995,1440.8284271247462,1302.0,58379,71246,5.685249191660163,1.4508586682480453,1651.0771644662755,1138.0,8969,50991,2.1641786283891546,2.3314688968538575,2956.3025612106912,1268.0,31350,67847,206,957.5,12.0,115.0,100.0,250.75665907261174,128.0,1.9590363990047792,247.87724383989297,145.0,1.7094982333785722,149.79224880382776,106.0,1.4131344226776203,1.7511672405967162,1.8794757590313427,1.458214108225383,1.2772803894148965,1.972321696872721,1.7622335805947644,1.9708479395633114,1.792141311053461
C:\Users\JackM\40xMBPCNP\40xN1N2N3N4lif\MDL_0606.lif,MDL_0606,7,Image 8,MDL_0606_S8_Image_8,30,16706,11892,1,16629,11878,260,34,86,19,9.779220779220779,1.4600571812983518,1.7935449285400555,1151.4558441227157,642.0,17363,1.0976607132118588,1.1850433455277725,770.2781745930521,650.0,16629,18253,1.4480552281528878,1.7801160806528908,1142.834523779156,642.0,11878,17200,2.5576923076923075,0.6132729691927993,98.86396103067892,161.20710678118655,260,665,106,472.5,12.0,45.0,50.0,143.07715436887366,128.0,1.1177902685068255,344.19851826906887,145.0,2.373782884614268,130.84615384615384,106.0,1.234397677793904,1.7511672405967162,1.8794757590313427,1.458214108225383,1.2772803894148965,1.972321696872721,1.7622335805947644,1.9708479395633114,1.792141311053461
C:\Users\JackM\40xMBPCNP\40xN1N2N3N4lif\MDL_0606.lif,MDL_0606,7,Image 8,MDL_0606_S8_Image_8,31,49481,27278,2,49275,4841,24827,56,206,37,10.675862068965516,1.8197081897499816,2.640354386109538,2798.7756492761105,1060.0,49638,1.1219482496194826,1.1369088495387765,1264.2426406871193,1112.0,49275,55284,9.593678991943813,1.2872833420392682,1341.3492424049175,1042.0,4841,46443,1.8082329721673984,2.2054667765430263,2315.7401153701776,1050.0,24827,44893,300,902.5,9.0,140.0,147.5,197.2100862506342,128.0,1.5407037988330796,195.35488535426566,145.0,1.3472750714087287,153.23853063197325,106.0,1.445646515395974,1.7511672405967162,1.8794757590313427,1.458214108225383,1.2772803894148965,1.972321696872721,1.7622335805947644,1.9708479395633114,1.792141311053461
C:\Users\JackM\40xMBPCNP\40xN1N2N3N4lif\MDL_0606.lif,MDL_0606,7,Image 8,MDL_0606_S8_Image_8,32,12314,9748,2,12314,9721,1373,28,58,23,11.39622641509434,1.2351251538777186,1.2970350829150685,684.8345237791561,528.0,12040,1.042390774727952,1.0263033094203888,562.4142135623731,548.0,12314,12836,1.2310461886637176,1.2996977682449287,681.0416305603426,524.0,9721,11967,1.2876911871813548,1.0143151728954236,232.27817459305203,229.0,1373,1768,155,250.0,6.0,95.0,75.0,155.87818742894268,128.0,1.2177983392886147,417.95051949387926,145.0,2.882417375819857,134.0466132556446,106.0,1.2645906910909868,1.7511672405967162,1.8794757590313427,1.458214108225383,1.2772803894148965,1.972321696872721,1.7622335805947644,1.9708479395633114,1.792141311053461
C:\Users\JackM\40xMBPCNP\40xN1N2N3N4lif\MDL_0606.lif,MDL_0606,7,Image 8,MDL_0606_S8_Image_8,34,14997,4931,1,14800,1007,4623,27,54,32,6.69811320754717,1.7653619955384303,1.9201592220115655,844.8700576850888,440.0,8705,1.0220945945945945,1.1452968936823709,643.6568542494924,562.0,14800,15127,5.149950347567031,1.0565399635706567,363.4497474683059,344.0,1007,5186,1.8565866320571058,1.773924799851321,780.5269119345812,440.0,4623,8583,122,305.0,6.0,65.0,59.76190476190476,145.98385135135135,128.0,1.1404988386824324,194.11022840119165,145.0,1.3386912303530458,130.66104261302183,106.0,1.2326513454058663,1.7511672405967162,1.8794757590313427,1.458214108225383,1.2772803894148965,1.972321696872721,1.7622335805947644,1.9708479395633114,1.792141311053461
C:\Users\JackM\40xMBPCNP\40xN1N2N3N4lif\MDL_0606.lif,MDL_0606,7,Image 8,MDL_0606_S8_Image_8,35,11176,5610,1,0,5610,0,14,34,5,11.576923076923077,1.9470588235294117,1.6135149959328356,868.0710678118655,538.0,10923,,,0.0,0.0,0,0,1.9470588235294117,1.6135149959328356,868.0710678118655,538.0,5610,10923,,,0.0,0.0,0,0,99,282.5,6.0,55.0,47.5,128.82281639928698,128.0,1.0064282531194295,243.78787878787878,145.0,1.6812957157784743,107.51479500891266,106.0,1.0142905189520062,1.7511672405967162,1.8794757590313427,1.458214108225383,1.2772803894148965,1.972321696872721,1.7622335805947644,1.9708479395633114,1.792141311053461
C:\Users\JackM\40xMBPCNP\40xN1N2N3N4lif\MDL_0606.lif,MDL_0606,7,Image 8,MDL_0606_S8_Image_8,37,41899,22206,2,41315,8709,17851,28,137,28,12.032608695652174,2.240610645771413,2.0816299627549424,2268.976659402887,1090.0,49755,1.2529105651700352,1.0958353411550483,1201.0355339059329,1096.0,41315,51764,4.882190837065105,1.5916986664095456,1620.3492424049175,1018.0,8709,42519,2.417063469833623,1.8307206627055315,1860.0121933088199,1016.0,17851,43147,223,660.0,9.0,75.0,112.5,232.10127072491832,128.0,1.8132911775384244,248.6368124928235,145.0,1.7147366378815414,137.9751834631113,106.0,1.3016526741802954,1.7511672405967162,1.8794757590313427,1.458214108225383,1.2772803894148965,1.972321696872721,1.7622335805947644,1.9708479395633114,1.792141311053461
C:\Users\JackM\40xMBPCNP\40xN1N2N3N4lif\MDL_0606.lif,MDL_0606,7,Image 8,MDL_0606_S8_Image_8,38,36846,26986,3,24420,26986,10,34,138,51,12.8,1.3744534202920033,1.5954069676537967,1517.562445840514,951.2071067811866,37091,1.4781326781326782,2.235085595348289,1998.1665222413703,894.0,24420,36096,1.3744534202920033,1.5954069676537967,1517.562445840514,951.2071067811866,26986,37091,1.1,1.0287364663067267,7.414213562373096,7.207106781186548,10,11,174,557.5,12.0,70.0,85.0,140.8974610974611,128.0,1.1007614148239149,449.4320758912028,145.0,3.0995315578703644,131.8,106.0,1.2433962264150944,1.7511672405967162,1.8794757590313427,1.458214108225383,1.2772803894148965,1.972321696872721,1.7622335805947644,1.9708479395633114,1.792141311053461
C:\Users\JackM\40xMBPCNP\40xN1N2N3N4lif\MDL_0606.lif,MDL_0606,7,Image 8,MDL_0606_S8_Image_8,39,12694,2883,1,107,2883,0,25,25,6,10.678571428571429,3.1061394380853278,1.805853017729185,830.6923881554251,460.0,8955,1.0654205607476634,0.9655263817907194,44.41421356237309,46.0,107,114,3.1061394380853278,1.805853017729185,830.6923881554251,460.0,2883,8955,,,0.0,0.0,0,0,119,335.0,7.0,35.0,53.5,135.79439252336448,128.0,1.060893691588785,190.45959070412763,145.0,1.313514418649156,106.69833564493759,106.0,1.0065880721220526,1.7511672405967162,1.8794757590313427,1.458214108225383,1.2772803894148965,1.972321696872721,1.7622335805947644,1.9708479395633114,1.792141311053461
C:\Users\JackM\40xMBPCNP\40xN1N2N3N4lif\MDL_0606.lif,MDL_0606,7,Image 8,MDL_0606_S8_Image_8,40,39898,27226,2,6608,27226,0,47,282,99,9.573099415204679,1.48714464115184,2.10150294959705,2143.533008588991,1020.0,40489,2.3108353510895885,1.736484708791744,1130.811183182043,651.2071067811866,6608,15270,1.48714464115184,2.10150294959705,2143.533008588991,1020.0,27226,40489,,,0.0,0.0,0,0,171,667.5,13.0,70.0,82.5,141.31507263922518,128.0,1.1040240049939467,396.9777418643943,145.0,2.737777530099271,110.43258755575053,106.0,1.0418168637334955,1.7511672405967162,1.8794757590313427,1.458214108225383,1.2772803894148965,1.972321696872721,1.7622335805947644,1.9708479395633114,1.792141311053461
C:\Users\JackM\40xMBPCNP\40xN1N2N3N4lif\MDL_0606.lif,MDL_0606,7,Image 8,MDL_0606_S8_Image_8,42,30757,18521,2,19091,17935,1668,29,142,38,9.208695652173914,1.3325954322120837,1.8884532827619718,1284.1482322781408,680.0,24681,1.3769315384212457,1.9937322681363194,1411.562445840514,708.0,19091,26287,1.3082241427376637,1.8420035968242854,1252.562445840514,680.0,17935,23463,2.0497601918465227,1.1595465367689297,347.8639610306789,300.0,1668,3419,126,462.5,13.0,55.0,60.0,156.9945524068933,128.0,1.2265199406788538,467.04438249233345,145.0,3.2209957413264374,131.27398081534773,106.0,1.2384337812768653,1.7511672405967162,1.8794757590313427,1.458214108225383,1.2772803894148965,1.972321696872721,1.7622335805947644,1.9708479395633114,1.792141311053461
C:\Users\JackM\40xMBPCNP\40xN1N2N3N4lif\MDL_0606.lif,MDL_0606,7,Image 8,MDL_0606_S8_Image_8,43,19169,5648,1,1530,5648,0,10,18,3,18.875,2.009383852691218,1.4314684721961541,804.4852813742386,562.0,11349,3.2627450980392156,1.0616989274880864,407.69238815542514,384.0,1530,4992,2.009383852691218,1.4314684721961541,804.4852813742386,562.0,5648,11349,,,0.0,0.0,0,0,121,302.5,12.0,40.0,50.88235294117647,149.2281045751634,128.0,1.165844566993464,233.44334277620396,145.0,1.6099540881117516,107.7699203187251,106.0,1.0166973614974066,1.7511672405967162,1.8794757590313427,1.458214108225383,1.2772803894148965,1.972321696872721,1.7622335805947644,1.9708479395633114,1.792141311053461
C:\Users\JackM\40xMBPCNP\40xN1N2N3N4lif\MDL_0606.lif,MDL_0606,7,Image 8,MDL_0606_S8_Image_8,44,5420,3566,1,0,3566,0,11,39,9,10.0,1.4719573752103197,2.028340316243933,693.6923881554251,342.0,5249,,,0.0,0.0,0,0,1.4719573752103197,2.028340316243933,693.6923881554251,342.0,3566,5249,,,0.0,0.0,0,0,69,187.5,6.0,40.0,32.5,132.19742007851934,128.0,1.0327923443634324,238.06533931575996,145.0,1.641829926315586,109.26696578799776,106.0,1.030820431962243,1.7511672405967162,1.8794757590313427,1.458214108225383,1.2772803894148965,1.972321696872721,1.7622335805947644,1.9708479395633114,1.792141311053461
C:\Users\JackM\40xMBPCNP\40xN1N2N3N4lif\MDL_0606.lif,MDL_0606,7,Image 8,MDL_0606_S8_Image_8,45,12673,7104,4,0,7104,0,21,75,16,8.283018867924529,1.6908783783783783,1.9794364128691562,962.0060966544099,486.0,12012,,,0.0,0.0,0,0,1.6908783783783783,1.9794364128691562,962.0060966544099,486.0,7104,12012,,,0.0,0.0,0,0,89,367.5,10.0,45.0,42.5,131.0563063063063,128.0,1.023877393018018,263.9710022522523,145.0,1.820489670705188,110.5173141891892,106.0,1.0426161715961244,1.7511672405967162,1.8794757590313427,1.458214108225383,1.2772803894148965,1.972321696872721,1.7622335805947644,1.9708479395633114,1.792141311053461
C:\Users\JackM\40xMBPCNP\40xN1N2N3N4lif\MDL_0606.lif,MDL_0606,7,Image 8,MDL_0606_S8_Image_8,47,20825,13469,1,69,13469,0,18,48,7,12.452380952380953,1.2425569827010172,1.2270585255484014,757.3492424049175,617.2071067811866,16736,1.144927536231884,1.0,39.207106781186546,39.207106781186546,69,79,1.2425569827010172,1.2270585255484014,757.3492424049175,617.2071067811866,13469,16736,,,0.0,0.0,0,0,103,292.5,8.0,60.0,47.5,140.92753623188406,128.0,1.1009963768115942,534.6042022421858,145.0,3.6869255327047297,109.12087014626178,106.0,1.0294421711911488,1.7511672405967162,1.8794757590313427,1.458214108225383,1.2772803894148965,1.972321696872721,1.7622335805947644,1.9708479395633114,1.792141311053461
C:\Users\JackM\40xMBPCNP\40xN1N2N3N4lif\MDL_0606.lif,MDL_0606,7,Image 8,MDL_0606_S8_Image_8,48,3855,2216,1,365,2216,0,11,21,3,9.055555555555555,1.5415162454873645,1.4598196003979669,432.1066017177982,296.0,3416,1.4986301369863013,1.3773066801395937,140.48528137423855,102.0,365,547,1.5415162454873645,1.4598196003979669,432.1066017177982,296.0,2216,3416,,,0.0,0.0,0,0,61,117.5,5.0,25.0,27.5,136.85479452054796,128.0,1.069178082191781,234.8307761732852,145.0,1.6195225942985185,111.91916033943725,106.0,1.05584113527771,1.7511672405967162,1.8794757590313427,1.458214108225383,1.2772803894148965,1.972321696872721,1.7622335805947644,1.9708479395633114,1.792141311053461
C:\Users\JackM\40xMBPCNP\40xN1N2N3N4lif\MDL_0606.lif,MDL_0606,7,Image 8,MDL_0606_S8_Image_8,49,13415,6662,3,511,6662,18,26,44,10,11.365853658536585,2.113629540678475,1.8696123492066,1127.7634559672906,603.2071067811866,14081,7.998043052837573,0.4413353107627138,190.65685424949237,432.0,511,4087,2.113629540678475,1.8696123492066,1127.7634559672906,603.2071067811866,6662,14081,1.1111111111111112,0.9504441738241592,15.207106781186548,16.0,18,20,104,447.5,13.0,50.0,50.0,135.9119373776908,128.0,1.0618120107632094,269.4359051335935,145.0,1.8581786560937483,130.55555555555554,106.0,1.2316561844863732,1.7511672405967162,1.8794757590313427,1.458214108225383,1.2772803894148965,1.972321696872721,1.7622335805947644,1.9708479395633114,1.792141311053461
C:\Users\JackM\40xMBPCNP\40xN1N2N3N4lif\MDL_0606.lif,MDL_0606,7,Image 8,MDL_0606_S8_Image_8,51,15599,10724,1,0,10724,0,25,79,15,10.15625,1.3849309958970533,1.6559908770947602,986.970562748477,596.0,14852,,,0.0,0.0,0,0,1.3849309958970533,1.6559908770947602,986.970562748477,596.0,10724,14852,,,0.0,0.0,0,0,110,337.5,10.0,50.0,52.5,122.45113763521074,128.0,0.9566495127750839,326.82702349869453,145.0,2.2539794724047897,107.60854158895934,106.0,1.0151749206505598,1.7511672405967162,1.8794757590313427,1.458214108225383,1.2772803894148965,1.972321696872721,1.7622335805947644,1.9708479395633114,1.792141311053461
C:\Users\JackM\40xMBPCNP\40xN1N2N3N4lif\MDL_0606.lif,MDL_0606,7,Image 8,MDL_0606_S8_Image_8,52,16051,11615,2,0,11615,0,25,90,13,10.372881355932204,1.4248816185966422,1.5965731793379467,935.5918830920368,586.0,16550,,,0.0,0.0,0,0,1.4248816185966422,1.5965731793379467,935.5918830920368,586.0,11615,16550,,,0.0,0.0,0,0,108,337.5,15.0,70.0,50.0,123.49952647438657,128.0,0.9648400505811451,374.6641411967284,145.0,2.5838906289429544,106.64597503228583,106.0,1.0060941040781681,1.7511672405967162,1.8794757590313427,1.458214108225383,1.2772803894148965,1.972321696872721,1.7622335805947644,1.9708479395633114,1.792141311053461
C:\Users\JackM\40xMBPCNP\40xN1N2N3N4lif\MDL_0606.lif,MDL_0606,7,Image 8,MDL_0606_S8_Image_8,53,12309,8396,2,0,8396,0,14,73,15,11.069767441860465,1.4140066698427822,1.6364096256073482,922.9350288425444,564.0,11872,,,0.0,0.0,0,0,1.4140066698427822,1.6364096256073482,922.9350288425444,564.0,8396,11872,,,0.0,0.0,0,0,103,277.5,9.0,45.0,47.5,123.96379228203907,128.0,0.9684671272034302,361.5322772748928,145.0,2.4933260501716745,109.59028108623154,106.0,1.0338705762852032,1.7511672405967162,1.8794757590313427,1.458214108225383,1.2772803894148965,1.972321696872721,1.7622335805947644,1.9708479395633114,1.792141311053461
C:\Users\JackM\40xMBPCNP\40xN1N2N3N4lif\MDL_0606.lif,MDL_0606,7,Image 8,MDL_0606_S8_Image_8,54,5726,5019,2,0,5019,0,13,53,13,8.846153846153847,1.1454473002590158,1.6066503683903453,539.834523779156,336.0,5749,,,0.0,0.0,0,0,1.1454473002590158,1.6066503683903453,539.834523779156,336.0,5019,5749,,,0.0,0.0,0,0,61,142.5,12.0,40.0,27.5,122.20462243474796,128.0,0.9547236127714684,339.2357043235704,145.0,2.339556581541865,109.60330743175932,106.0,1.033993466337352,1.7511672405967162,1.8794757590313427,1.458214108225383,1.2772803894148965,1.972321696872721,1.7622335805947644,1.9708479395633114,1.792141311053461
C:\Users\JackM\40xMBPCNP\40xN1N2N3N4lif\MDL_0606.lif,MDL_0606,8,Image 9,MDL_0606_S9_Image_9,1,22589,11913,4,1434,11913,0,27,90,33,10.161764705882353,1.842021321245698,1.4113089208264549,1013.3198051533947,718.0,21944,3.8507670850767086,0.5475592231765546,262.8284271247462,480.0,1434,5522,1.842021321245698,1.4113089208264549,1013.3198051533947,718.0,11913,21944,,,0.0,0.0,0,0,215,280.0,4.0,200.0,122.5,138.29776847977683,129.0,1.0720757246494328,449.03995635020567,146.0,3.0756161393849704,111.27844813138931,108.0,1.0303560012165678,2.01908015314788,2.0119169704486373,1.2452768832517829,1.1229506546054884,2.8547821479930366,1.292879513855603,2.472658564672473,1.9503203614262152
C:\Users\JackM\40xMBPCNP\40xN1N2N3N4lif\MDL_0606.lif,MDL_0606,8,Image 9,MDL_0606_S9_Image_9,2,14330,7037,2,1638,7037,0,13,63,11,10.853658536585366,1.651698166832457,1.766283436681638,946.727922061358,536.0,11623,3.4297924297924296,0.9615829581743882,386.55634918610406,402.0,1638,5618,1.651698166832457,1.766283436681638,946.727922061358,536.0,7037,11623,,,0.0,0.0,0,0,93,300.0,10.0,25.0,45.0,137.81013431013432,129.0,1.0682956148072427,298.47761830325425,146.0,2.0443672486524265,113.55300063171194,108.0,1.0514166725158514,2.01908015314788,2.0119169704486373,1.2452768832517829,1.1229506546054884,2.8547821479930366,1.292879513855603,2.472658564672473,1.9503203614262152
C:\Users\JackM\40xMBPCNP\40xN1N2N3N4lif\MDL_0606.lif,MDL_0606,8,Image 9,MDL_0606_S9_Image_9,3,37339,17902,6,2029,17902,0,40,95,18,11.2,2.147134398391241,1.5221435810955422,1759.5979797464468,1156.0,38438,11.983735830458354,0.5674182299003522,554.9350288425444,978.0,2029,24315,2.147134398391241,1.5221435810955422,1759.5979797464468,1156.0,17902,38438,,,0.0,0.0,0,0,208,627.5,9.0,140.0,100.0,138.6801379990143,129.0,1.0750398294497232,299.6096525527874,146.0,2.0521209078958043,110.15539689206216,108.0,1.0199573786302052,2.01908015314788,2.0119169704486373,1.2452768832517829,1.1229506546054884,2.8547821479930366,1.292879513855603,2.472658564672473,1.9503203614262152
C:\Users\JackM\40xMBPCNP\40xN1N2N3N4lif\MDL_0606.lif,MDL_0606,8,Image 9,MDL_0606_S9_Image_9,4,5180,2690,2,1874,2690,0,8,16,4,11.692307692307692,1.2747211895910782,1.1529920685503727,327.4497474683059,284.0,3429,1.693169690501601,1.5692492865292593,417.420310216783,266.0,1874,3173,1.2747211895910782,1.1529920685503727,327.4497474683059,284.0,2690,3429,,,0.0,0.0,0,0,52,97.5,7.0,35.0,22.5,137.95090715048025,129.0,1.0693868771355057,282.1364312267658,146.0,1.9324413097723685,116.089312295326,108.0,1.074901039771537,2.01908015314788,2.0119169704486373,1.2452768832517829,1.1229506546054884,2.8547821479930366,1.292879513855603,2.472658564672473,1.9503203614262152
C:\Users\JackM\40xMBPCNP\40xN1N2N3N4lif\MDL_0606.lif,MDL_0606,8,Image 9,MDL_0606_S9_Image_9,5,3969,3057,2,1749,3057,0,9,26,3,9.947368421052632,1.1995420346745176,1.2434517796864426,373.03553390593277,300.0,3667,1.1646655231560892,1.2965281180692403,274.8639610306789,212.0,1749,2037,1.1995420346745176,1.2434517796864426,373.03553390593277,300.0,3057,3667,,,0.0,0.0,0,0,61,122.5,6.0,30.0,27.5,137.7501429388222,129.0,1.0678305654172262,289.92083742230943,146.0,1.985759160426777,111.84217335058214,108.0,1.035575679172057,2.01908015314788,2.0119169704486373,1.2452768832517829,1.1229506546054884,2.8547821479930366,1.292879513855603,2.472658564672473,1.9503203614262152
C:\Users\JackM\40xMBPCNP\40xN1N2N3N4lif\MDL_0606.lif,MDL_0606,8,Image 9,MDL_0606_S9_Image_9,6,18428,10104,3,307,10104,0,17,65,9,11.619047619047619,1.6620150435471102,1.2949888184223664,1092.9705627484773,844.0,16793,12.960912052117264,0.43567695428788794,175.14213562373095,402.0,307,3979,1.6620150435471102,1.2949888184223664,1092.9705627484773,844.0,10104,16793,,,0.0,0.0,0,0,162,367.5,5.0,25.0,77.5,138.3355048859935,129.0,1.072368254930182,300.8021575613618,146.0,2.0602887504202863,109.71396767011906,108.0,1.015870071019621,2.01908015314788,2.0119169704486373,1.2452768832517829,1.1229506546054884,2.8547821479930366,1.292879513855603,2.472658564672473,1.9503203614262152
C:\Users\JackM\40xMBPCNP\40xN1N2N3N4lif\MDL_0606.lif,MDL_0606,8,Image 9,MDL_0606_S9_Image_9,8,19872,12072,2,6790,12072,0,19,25,4,19.0,1.5289927104042411,1.3902167606148514,937.0060966544099,674.0,18458,1.8245949926362297,1.8443373676769639,984.8761543394987,534.0,6790,12389,1.5289927104042411,1.3902167606148514,937.0060966544099,674.0,12072,18458,,,0.0,0.0,0,0,155,380.0,9.0,130.0,80.0,138.30913107511046,129.0,1.072163806783802,510.3108846918489,146.0,3.4952800321359514,110.8510723112493,108.0,1.0263988176967527,2.01908015314788,2.0119169704486373,1.2452768832517829,1.1229506546054884,2.8547821479930366,1.292879513855603,2.472658564672473,1.9503203614262152
C:\Users\JackM\40xMBPCNP\40xN1N2N3N4lif\MDL_0606.lif,MDL_0606,8,Image 9,MDL_0606_S9_Image_9,9,15610,11584,1,15396,11584,0,22,67,11,10.943396226415095,1.244906767955801,1.6777742887167573,919.4203102167829,548.0,14421,1.034684333593141,1.346796254335608,756.8994949366117,562.0,15396,15930,1.244906767955801,1.6777742887167573,919.4203102167829,548.0,11584,14421,,,0.0,0.0,0,0,96,302.5,10.0,85.0,45.0,141.932839698623,129.0,1.1002545713071552,411.26666091160223,146.0,2.8168949377507,111.92091014567488,108.0,1.0363047235710636,2.01908015314788,2.0119169704486373,1.2452768832517829,1.1229506546054884,2.8547821479930366,1.292879513855603,2.472658564672473,1.9503203614262152
C:\Users\JackM\40xMBPCNP\40xN1N2N3N4lif\MDL_0606.lif,MDL_0606,8,Image 9,MDL_0606_S9_Image_9,10,25330,15437,3,22580,15419,18,50,115,14,10.21505376344086,1.9210338796398263,1.9128428676198501,1782.7695526217003,932.0,29655,1.3112488928255093,1.1711100390100766,1079.7634559672906,922.0,22580,29608,1.9232764770737403,1.901668818733184,1772.3553390593274,932.0,15419,29655,2.4444444444444446,0.3857116134212258,10.414213562373096,27.0,18,44,177,672.5,12.0,85.0,85.0,138.79481842338353,129.0,1.0759288249874692,315.4474998378624,146.0,2.1605993139579613,127.5,108.0,1.1805555555555556,2.01908015314788,2.0119169704486373,1.2452768832517829,1.1229506546054884,2.8547821479930366,1.292879513855603,2.472658564672473,1.9503203614262152
C:\Users\JackM\40xMBPCNP\40xN1N2N3N4lif\MDL_0606.lif,MDL_0606,8,Image 9,MDL_0606_S9_Image_9,11,10380,6951,1,10380,6895,56,22,50,16,8.952380952380953,1.414328873543375,1.3770848559212043,636.2132034355964,462.0,9831,1.0151252408477842,0.9983201414855647,471.20710678118655,472.0,10380,10537,1.3221174764321972,1.3000132535965434,598.0060966544099,460.0,6895,9116,1.2321428571428572,0.9271970241460952,38.207106781186546,41.207106781186546,56,69,86,262.5,12.0,60.0,40.0,156.0252408477842,129.0,1.2094979910680945,344.58172588832485,146.0,2.36014880745428,128.03571428571428,108.0,1.185515873015873,2.01908015314788,2.0119169704486373,1.2452768832517829,1.1229506546054884,2.8547821479930366,1.292879513855603,2.472658564672473,1.9503203614262152
C:\Users\JackM\40xMBPCNP\40xN1N2N3N4lif\MDL_0606.lif,MDL_0606,8,Image 9,MDL_0606_S9_Image_9,12,22244,12060,4,17450,11469,765,23,57,12,14.318181818181818,1.8902985074626866,1.7574713218195464,1254.8345237791561,714.0,22797,1.1984527220630372,1.2238228681398484,780.7989898732233,638.0,17450,20913,1.9612869474234893,1.6949581834039198,1203.420310216783,710.0,11469,22494,1.0392156862745099,1.0112239171616912,127.4142135623731,126.0,765,795,135,462.5,14.0,80.0,65.0,139.32275071633237,129.0,1.0800213233824214,312.6773912285291,146.0,2.141625967318692,151.74771241830067,108.0,1.4050714112805618,2.01908015314788,2.0119169704486373,1.2452768832517829,1.1229506546054884,2.8547821479930366,1.292879513855603,2.472658564672473,1.9503203614262152
C:\Users\JackM\40xMBPCNP\40xN1N2N3N4lif\MDL_0606.lif,MDL_0606,8,Image 9,MDL_0606_S9_Image_9,13,161803,73676,14,161803,13514,69921,215,597,156,9.217021276595744,2.8863266192518595,2.6569477711757132,6079.096500450032,2288.0,212653,1.4045475052996546,1.2181257322916126,2850.4142135623733,2340.0,161803,227260,10.599526417048986,1.0620579640847223,2142.3908729652603,2017.2071067811867,13514,143242,3.005334591896569,2.4604933892871834,5609.924927574778,2280.0,69921,210136,426,2357.5,32.0,140.0,201.39240506329114,438.7127494545837,129.0,3.4008740267797184,307.777785999704,146.0,2.108067027395233,158.53717767194405,108.0,1.4679368302957783,2.01908015314788,2.0119169704486373,1.2452768832517829,1.1229506546054884,2.8547821479930366,1.292879513855603,2.472658564672473,1.9503203614262152
C:\Users\JackM\40xMBPCNP\40xN1N2N3N4lif\MDL_0606.lif,MDL_0606,8,Image 9,MDL_0606_S9_Image_9,14,18872,11620,2,18872,11400,220,25,57,12,12.886363636363637,1.7115318416523235,1.5093638704259875,1135.0416305603426,752.0,19888,1.1083086053412463,1.0174236237218819,771.2071067811866,758.0,18872,20916,1.744561403508772,1.36996436627074,1030.2132034355964,752.0,11400,19888,9.468181818181819,0.31430674896052185,104.03553390593274,331.0,220,2083,148,427.5,14.0,30.0,70.0,171.45676133955067,129.0,1.3291221809267493,332.25684210526316,146.0,2.2757317952415286,128.40454545454546,108.0,1.1889309764309763,2.01908015314788,2.0119169704486373,1.2452768832517829,1.1229506546054884,2.8547821479930366,1.292879513855603,2.472658564672473,1.9503203614262152
C:\Users\JackM\40xMBPCNP\40xN1N2N3N4lif\MDL_0606.lif,MDL_0606,8,Image 9,MDL_0606_S9_Image_9,15,74393,46154,5,74393,394,46141,98,466,103,9.037617554858935,1.7442691857693808,2.9361595455632066,4010.79393923934,1366.0,80505,1.1336819324398801,1.0777421879522613,1497.2071067811867,1389.2071067811867,74393,84338,49.29187817258883,0.20992410366525524,174.65685424949237,832.0,394,19421,1.7447606250406362,2.9310350946115227,4003.79393923934,1366.0,46141,80505,226,1177.5,18.0,95.0,110.0,369.8733482988991,129.0,2.8672352581310006,190.0203045685279,146.0,1.301508935400876,148.21969614876141,108.0,1.3724045939700131,2.01908015314788,2.0119169704486373,1.2452768832517829,1.1229506546054884,2.8547821479930366,1.292879513855603,2.472658564672473,1.9503203614262152
C:\Users\JackM\40xMBPCNP\40xN1N2N3N4lif\MDL_0606.lif,MDL_0606,8,Image 9,MDL_0606_S9_Image_9,16,7876,6341,0,7876,6334,7,7,33,5,10.19047619047619,1.1168585396625137,1.1955256727594818,463.863961030679,388.0,7082,1.0142204164550532,1.0,410.0,410.0,7876,7988,1.1090937796021472,1.178994194505943,457.4497474683059,388.0,6334,7025,1.4285714285714286,0.6357964817893398,6.621320343559642,10.414213562373096,7,10,69,152.5,12.0,50.0,32.5,172.14207719654647,129.0,1.3344347069499727,380.537417113988,146.0,2.6064206651643014,119.71428571428571,108.0,1.1084656084656084,2.01908015314788,2.0119169704486373,1.2452768832517829,1.1229506546054884,2.8547821479930366,1.292879513855603,2.472658564672473,1.9503203614262152
C:\Users\JackM\40xMBPCNP\40xN1N2N3N4lif\MDL_0606.lif,MDL_0606,8,Image 9,MDL_0606_S9_Image_9,17,20939,8874,1,18537,8874,0,35,106,14,8.545454545454545,2.365449628127113,1.9608218073608479,1407.8700576850888,718.0,20991,1.1894589199978423,1.4847501904827682,1057.142135623731,712.0,18537,22049,2.365449628127113,1.9608218073608479,1407.8700576850888,718.0,8874,20991,,,0.0,0.0,0,0,143,457.5,9.0,65.0,70.0,149.4119328909748,129.0,1.1582320379145334,272.6072796934866,146.0,1.8671731485855245,108.3889622392395,108.0,1.0036015022151805,2.01908015314788,2.0119169704486373,1.2452768832517829,1.1229506546054884,2.8547821479930366,1.292879513855603,2.472658564672473,1.9503203614262152
C:\Users\JackM\40xMBPCNP\40xN1N2N3N4lif\MDL_0606.lif,MDL_0606,8,Image 9,MDL_0606_S9_Image_9,18,23633,14750,2,23633,13579,3133,17,74,12,12.648148148148149,1.660813559322034,1.3771736961178251,1246.6274169979695,905.2071067811866,24497,1.1396352557864005,1.0152970840111135,929.2071067811866,915.2071067811866,23633,26933,1.6650710656160248,1.4023664485508598,1224.556349186104,873.2071067811866,13579,22610,4.07979572294925,0.6880710736641074,506.420310216783,736.0,3133,12782,179,427.5,8.0,95.0,87.5,150.8590530190835,129.0,1.169450023403748,365.23241770380736,146.0,2.501591902080872,171.4149377593361,108.0,1.5871753496234826,2.01908015314788,2.0119169704486373,1.2452768832517829,1.1229506546054884,2.8547821479930366,1.292879513855603,2.472658564672473,1.9503203614262152
C:\Users\JackM\40xMBPCNP\40xN1N2N3N4lif\MDL_0606.lif,MDL_0606,8,Image 9,MDL_0606_S9_Image_9,19,32594,17886,4,32594,2176,17402,46,141,27,10.066037735849056,1.6604606955160461,1.866831785375204,1695.0832611206852,908.0,29699,1.0266613487144873,1.0034219829939204,940.4142135623731,937.2071067811866,32594,33463,5.611213235294118,0.8454536791365551,492.89949493661163,583.0,2176,12210,1.7066429146075164,1.8417294800681407,1672.2903679018718,908.0,17402,29699,255,580.0,10.0,195.0,125.0,347.351046204823,129.0,2.6926437690296354,217.9871323529412,146.0,1.493062550362611,145.85168371451556,108.0,1.350478552912181,2.01908015314788,2.0119169704486373,1.2452768832517829,1.1229506546054884,2.8547821479930366,1.292879513855603,2.472658564672473,1.9503203614262152
C:\Users\JackM\40xMBPCNP\40xN1N2N3N4lif\MDL_0606.lif,MDL_0606,8,Image 9,MDL_0606_S9_Image_9,20,98560,53411,6,98507,10048,48051,88,368,90,10.844621513944222,1.8004530901874145,2.959716337882641,4717.78784258493,1594.0,96164,1.0822784167622606,1.0723075626299403,1803.6213203435595,1682.0,98507,106612,7.351512738853503,1.231973154569596,1719.8345237791561,1396.0,10048,73868,1.8837485172004744,2.6387483358216595,4090.059920523572,1550.0,48051,90516,311,1617.5,23.0,135.0,152.5,614.9257007116246,129.0,4.766865896989338,249.20700636942675,146.0,1.7068973039001831,171.18846642109426,108.0,1.5850783927879097,2.01908015314788,2.0119169704486373,1.2452768832517829,1.1229506546054884,2.8547821479930366,1.292879513855603,2.472658564672473,1.9503203614262152
C:\Users\JackM\40xMBPCNP\40xN1N2N3N4lif\MDL_0606.lif,MDL_0606,8,Image 9,MDL_0606_S9_Image_9,21,30978,13731,7,30978,13702,37,32,124,27,8.627906976744185,2.0733377030077924,1.5339918113681883,1273.2132034355964,830.0,28469,1.065304409580993,1.0141509433962264,860.0,848.0,30978,33001,2.0042329586921617,1.5096458995836262,1253.0060966544097,830.0,13702,27462,250.8108108108108,0.047112764942592394,24.82842712474619,527.0,37,9280,190,427.5,7.0,105.0,94.57142857142857,185.85305700819936,129.0,1.4407213721565841,330.2752882790833,146.0,2.2621595087608446,128.6216216216216,108.0,1.1909409409409408,2.01908015314788,2.0119169704486373,1.2452768832517829,1.1229506546054884,2.8547821479930366,1.292879513855603,2.472658564672473,1.9503203614262152
C:\Users\JackM\40xMBPCNP\40xN1N2N3N4lif\MDL_0606.lif,MDL_0606,8,Image 9,MDL_0606_S9_Image_9,22,14504,7229,4,14504,73,7207,34,90,28,8.584615384615384,1.9033061280951722,2.0282644069094933,1143.941125496954,564.0,13759,1.028819635962493,1.0032786885245901,612.0,610.0,14504,14922,1.0547945205479452,1.0,38.0,38.0,73,77,1.9091161370889413,2.028998828119375,1144.3553390593274,564.0,7207,13759,172,377.5,7.0,90.0,88.96551724137932,491.82397959183675,129.0,3.8125889890840057,178.7945205479452,146.0,1.2246200037530495,142.1295962258915,108.0,1.3160147798693658,2.01908015314788,2.0119169704486373,1.2452768832517829,1.1229506546054884,2.8547821479930366,1.292879513855603,2.472658564672473,1.9503203614262152
C:\Users\JackM\40xMBPCNP\40xN1N2N3N4lif\MDL_0606.lif,MDL_0606,8,Image 9,MDL_0606_S9_Image_9,23,40023,15551,4,40023,12439,3434,71,145,27,9.65,2.6888946048485627,2.539405131488606,2676.533008588991,1054.0,41815,1.1332483821802464,1.0458166729806206,1123.2071067811867,1074.0,40023,45356,2.757054425596913,2.1021780395589773,2039.1126983722081,970.0,12439,34295,10.219277810133955,0.7673654198478875,793.4558441227157,1034.0,3434,35093,253,982.5,11.0,155.0,125.0,191.4071159083527,129.0,1.4837760923128116,274.96149208135705,146.0,1.883297890968199,139.03669190448457,108.0,1.2873767768933757,2.01908015314788,2.0119169704486373,1.2452768832517829,1.1229506546054884,2.8547821479930366,1.292879513855603,2.472658564672473,1.9503203614262152
C:\Users\JackM\40xMBPCNP\40xN1N2N3N4lif\MDL_0606.lif,MDL_0606,8,Image 9,MDL_0606_S9_Image_9,24,18393,9914,3,17530,9914,0,19,71,8,12.770833333333334,1.979120435747428,1.9026051773499948,1324.2132034355964,696.0,19621,1.2479178551055334,1.8472830674163196,1326.3492424049175,718.0,17530,21876,1.979120435747428,1.9026051773499948,1324.2132034355964,696.0,9914,19621,,,0.0,0.0,0,0,137,442.5,9.0,55.0,65.0,149.80724472333142,129.0,1.1612964707234994,273.9784143635263,146.0,1.8765644819419611,110.00928255885478,108.0,1.0186044681375443,2.01908015314788,2.0119169704486373,1.2452768832517829,1.1229506546054884,2.8547821479930366,1.292879513855603,2.472658564672473,1.9503203614262152
C:\Users\JackM\40xMBPCNP\40xN1N2N3N4lif\MDL_0606.lif,MDL_0606,8,Image 9,MDL_0606_S9_Image_9,25,11784,7248,2,11685,6668,580,13,21,3,14.833333333333334,1.4254966887417218,1.4365717908070557,680.9350288425444,474.0,10332,1.045014976465554,1.1439296978749924,578.8284271247462,506.0,11685,12211,1.3165866826634673,1.1940304633310772,537.3137084989847,450.0,6668,8779,1.306896551724138,0.9973702801636087,143.62132034355966,144.0,580,758,88,252.5,12.0,45.0,40.0,174.74189131364997,129.0,1.3545883047569764,402.2099580083983,146.0,2.75486272608492,129.85689655172413,108.0,1.2023786717752234,2.01908015314788,2.0119169704486373,1.2452768832517829,1.1229506546054884,2.8547821479930366,1.292879513855603,2.472658564672473,1.9503203614262152
C:\Users\JackM\40xMBPCNP\40xN1N2N3N4lif\MDL_0606.lif,MDL_0606,8,Image 9,MDL_0606_S9_Image_9,26,50976,27674,1,50976,5350,26409,57,162,40,11.776923076923078,1.8291537182915372,2.5286144486439213,2771.3614357137376,1096.0,50620,1.1773775894538607,1.1008494250941148,1314.414213562373,1194.0,50976,60018,4.632710280373832,0.5384931788036228,505.1066017177982,938.0,5350,24785,1.8422886137301677,2.539651988982746,2752.9827560572967,1084.0,26409,48653,290,952.5,9.0,35.0,142.5,774.2519813245449,129.0,6.001953343601123,375.97981308411215,146.0,2.5752041992062478,165.1649437691696,108.0,1.5293050348997186,2.01908015314788,2.0119169704486373,1.2452768832517829,1.1229506546054884,2.8547821479930366,1.292879513855603,2.472658564672473,1.9503203614262152
C:\Users\JackM\40xMBPCNP\40xN1N2N3N4lif\MDL_0606.lif,MDL_0606,8,Image 9,MDL_0606_S9_Image_9,27,67314,27684,6,67314,2108,26167,78,170,47,11.054794520547945,2.842688917786447,2.4680130734183674,3460.154328932551,1402.0,78697,1.3161155183171405,1.1286582524070088,1670.414213562373,1480.0,67314,88593,25.833965844402275,0.5640022764544133,654.2426406871193,1160.0,2108,54458,2.9362938051744565,2.204133856991775,3068.154328932551,1392.0,26167,76834,266,1187.5,12.0,85.0,130.0,372.44674213388004,129.0,2.8871840475494577,182.0004743833017,146.0,1.24657859166645,146.68273015630373,108.0,1.3581734273731827,2.01908015314788,2.0119169704486373,1.2452768832517829,1.1229506546054884,2.8547821479930366,1.292879513855603,2.472658564672473,1.9503203614262152
C:\Users\JackM\40xMBPCNP\40xN1N2N3N4lif\MDL_0606.lif,MDL_0606,8,Image 9,MDL_0606_S9_Image_9,28,62960,21027,4,62960,3948,18079,108,276,50,7.598086124401914,2.54848528082941,2.6905160827114667,3330.8589103967956,1238.0,53587,1.112658831003812,1.0077916845657913,1320.2071067811867,1310.0,62960,70053,11.223150962512664,0.9753637572138488,1152.1066017177982,1181.2071067811867,3948,44309,2.1182587532496266,2.5455082755811524,2642.237590053236,1038.0,18079,38296,348,1242.5,15.0,220.0,177.265625,283.0311149936468,129.0,2.194039651113541,186.4113475177305,146.0,1.2767900514913046,133.52143370761658,108.0,1.2363095713668202,2.01908015314788,2.0119169704486373,1.2452768832517829,1.1229506546054884,2.8547821479930366,1.292879513855603,2.472658564672473,1.9503203614262152
C:\Users\JackM\40xMBPCNP\40xN1N2N3N4lif\MDL_0606.lif,MDL_0606,8,Image 9,MDL_0606_S9_Image_9,30,27359,6223,3,27198,5531,702,46,75,42,6.063291139240507,3.689538807649044,1.4552879763827,1161.3198051533946,798.0,22960,1.159680858886683,1.1712956545817776,1009.6568542494924,862.0,27198,31541,3.494666425601157,1.1232641323092696,873.8994949366117,778.0,5531,19329,20.19088319088319,0.41856769769110547,293.83452377915603,702.0,702,14174,265,502.5,8.0,135.0,138.86363636363637,241.275204059122,129.0,1.8703504190629612,226.0746700415838,146.0,1.548456644120437,127.01424501424502,108.0,1.1760578242059725,2.01908015314788,2.0119169704486373,1.2452768832517829,1.1229506546054884,2.8547821479930366,1.292879513855603,2.472658564672473,1.9503203614262152
C:\Users\JackM\40xMBPCNP\40xN1N2N3N4lif\MDL_0606.lif,MDL_0606,8,Image 9,MDL_0606_S9_Image_9,31,30799,28322,5,12629,28322,0,23,71,18,12.433333333333334,1.1728338394181201,1.270244996879729,1082.248737341529,852.0,33217,1.599018132868794,1.5616275974376088,1083.7695526217005,694.0,12629,20194,1.1728338394181201,1.270244996879729,1082.248737341529,852.0,28322,33217,,,0.0,0.0,0,0,148,412.5,13.0,95.0,72.5,143.88803547390927,129.0,1.115411127704723,653.8510698397006,146.0,4.478431985203429,109.97712396694214,108.0,1.0183067033976125,2.01908015314788,2.0119169704486373,1.2452768832517829,1.1229506546054884,2.8547821479930366,1.292879513855603,2.472658564672473,1.9503203614262152
C:\Users\JackM\40xMBPCNP\40xN1N2N3N4lif\MDL_0606.lif,MDL_0606,8,Image 9,MDL_0606_S9_Image_9,32,16647,12943,4,1252,12943,0,21,85,17,10.365079365079366,1.2717298926060419,1.6195520978715168,919.9055915910216,568.0,16460,2.580670926517572,1.0990883017140896,326.6568542494924,297.20710678118655,1252,3231,1.2717298926060419,1.6195520978715168,919.9055915910216,568.0,12943,16460,,,0.0,0.0,0,0,100,297.5,10.0,60.0,47.5,137.62460063897763,129.0,1.0668573692944001,392.23240361585414,146.0,2.686523312437357,107.9117172605954,108.0,0.9991825672277351,2.01908015314788,2.0119169704486373,1.2452768832517829,1.1229506546054884,2.8547821479930366,1.292879513855603,2.472658564672473,1.9503203614262152
C:\Users\JackM\40xMBPCNP\40xN1N2N3N4lif\MDL_0606.lif,MDL_0606,9,Image 10,MDL_0606_S10_Image_10,1,11764,7449,1,3005,2,7447,34,155,47,6.622641509433962,1.5416834474426098,2.5017276534927753,1165.8050865276332,466.0,11484,1.2961730449251248,1.365884833509649,396.1066017177982,290.0,3005,3895,1.0,,0.0,0.0,2,2,1.525043641734927,2.523387633176695,1165.8050865276332,462.0,7447,11357,131,415.0,9.0,100.0,65.0,155.63993344425955,128.0,1.2159369800332778,137.0,144.0,0.9513888888888888,277.5204780448503,107.0,2.593649327521965,2.063450392356934,1.7652515264403164,1.1631874439087513,1.3724908372772582,2.3913970138005745,1.3033233308239847,2.4115566208001846,1.7706918940710445
C:\Users\JackM\40xMBPCNP\40xN1N2N3N4lif\MDL_0606.lif,MDL_0606,9,Image 10,MDL_0606_S10_Image_10,2,21590,11026,4,0,11026,0,25,55,19,13.021739130434783,1.7729911119172863,1.5652346831877797,1270.970562748477,812.0,19549,,,0.0,0.0,0,0,1.7729911119172863,1.5652346831877797,1270.970562748477,812.0,11026,19549,,,0.0,0.0,0,0,184,392.5,6.0,55.0,90.0,128.73625974968257,128.0,1.0057520292943951,332.8898966080174,144.0,2.311735393111232,108.98467259205515,107.0,1.0185483419818238,2.063450392356934,1.7652515264403164,1.1631874439087513,1.3724908372772582,2.3913970138005745,1.3033233308239847,2.4115566208001846,1.7706918940710445
C:\Users\JackM\40xMBPCNP\40xN1N2N3N4lif\MDL_0606.lif,MDL_0606,9,Image 10,MDL_0606_S10_Image_10,3,5212,4038,0,0,4038,0,4,4,1,16.142857142857142,1.079247152055473,1.0812842009932881,333.03553390593277,308.0,4358,,,0.0,0.0,0,0,1.079247152055473,1.0812842009932881,333.03553390593277,308.0,4038,4358,,,0.0,0.0,0,0,61,92.5,4.0,30.0,27.5,126.3122833085686,128.0,0.9868147133481922,487.84695393759284,144.0,3.3878260690110613,109.1097077761268,107.0,1.0197168951039888,2.063450392356934,1.7652515264403164,1.1631874439087513,1.3724908372772582,2.3913970138005745,1.3033233308239847,2.4115566208001846,1.7706918940710445
C:\Users\JackM\40xMBPCNP\40xN1N2N3N4lif\MDL_0606.lif,MDL_0606,9,Image 10,MDL_0606_S10_Image_10,4,18035,7517,2,3207,7517,78,13,51,5,9.833333333333334,1.431821205268059,1.6878323183251958,796.6568542494924,472.0,10763,1.438104147178048,1.4781694495294322,475.97056274847716,322.0,3207,4612,1.431821205268059,1.6878323183251958,796.6568542494924,472.0,7517,10763,4.076923076923077,0.6672953153809523,62.86396103067893,94.20710678118655,78,318,95,272.5,16.0,50.0,45.0,139.28999064546304,128.0,1.08820305191768,284.55367832912066,144.0,1.9760672106188935,128.21794871794873,107.0,1.1982985861490536,2.063450392356934,1.7652515264403164,1.1631874439087513,1.3724908372772582,2.3913970138005745,1.3033233308239847,2.4115566208001846,1.7706918940710445
C:\Users\JackM\40xMBPCNP\40xN1N2N3N4lif\MDL_0606.lif,MDL_0606,9,Image 10,MDL_0606_S10_Image_10,5,16390,4337,2,0,4337,0,31,57,9,9.25,2.6640534931980633,1.7710585369902863,963.4558441227157,544.0,11554,,,0.0,0.0,0,0,2.6640534931980633,1.7710585369902863,963.4558441227157,544.0,4337,11554,,,0.0,0.0,0,0,147,357.5,7.0,90.0,65.4,128.4150334332488,128.0,1.0032424486972562,234.83675351625547,144.0,1.6308107883073297,108.59603412497118,107.0,1.0149162067754316,2.063450392356934,1.7652515264403164,1.1631874439087513,1.3724908372772582,2.3913970138005745,1.3033233308239847,2.4115566208001846,1.7706918940710445
C:\Users\JackM\40xMBPCNP\40xN1N2N3N4lif\MDL_0606.lif,MDL_0606,9,Image 10,MDL_0606_S10_Image_10,7,9939,4646,2,1315,4646,0,23,34,3,10.242424242424242,1.7281532501076196,1.5188983132454827,634.8994949366117,418.0,8029,2.585551330798479,1.834576234923812,510.01219330881975,278.0,1315,3400,1.7281532501076196,1.5188983132454827,634.8994949366117,418.0,4646,8029,,,0.0,0.0,0,0,88,247.5,9.0,35.0,37.857142857142854,137.78174904942966,128.0,1.0764199144486692,366.4834266035299,144.0,2.5450237958578463,114.05860113421551,107.0,1.0659682348992103,2.063450392356934,1.7652515264403164,1.1631874439087513,1.3724908372772582,2.3913970138005745,1.3033233308239847,2.4115566208001846,1.7706918940710445
C:\Users\JackM\40xMBPCNP\40xN1N2N3N4lif\MDL_0606.lif,MDL_0606,9,Image 10,MDL_0606_S10_Image_10,8,13520,2984,3,320,2984,0,6,10,1,16.77777777777778,1.2664209115281502,1.2647406179060012,356.65685424949237,282.0,3779,5.20625,0.3744097263466038,81.62132034355963,218.0,320,1666,1.2664209115281502,1.2647406179060012,356.65685424949237,282.0,2984,3779,,,0.0,0.0,0,0,56,112.5,8.0,40.0,25.0,136.128125,128.0,1.0635009765625,265.642091152815,144.0,1.8447367441167708,111.66138739309471,107.0,1.0435643681597637,2.063450392356934,1.7652515264403164,1.1631874439087513,1.3724908372772582,2.3913970138005745,1.3033233308239847,2.4115566208001846,1.7706918940710445
C:\Users\JackM\40xMBPCNP\40xN1N2N3N4lif\MDL_0606.lif,MDL_0606,9,Image 10,MDL_0606_S10_Image_10,9,17202,6354,1,3677,6354,6,19,49,8,10.82857142857143,1.8605602769908718,1.9386646869813737,938.3137084989849,484.0,11822,2.7342942616263257,1.8074754100079637,885.6629509039022,490.0,3677,10054,1.8605602769908718,1.9386646869813737,938.3137084989849,484.0,6354,11822,3.3333333333333335,0.05263157894736842,1.0,19.0,6,20,95,317.5,7.0,55.0,45.0,147.8860484090291,128.0,1.1553597531955397,255.6772112055398,144.0,1.7755361889273598,125.83333333333333,107.0,1.17601246105919,2.063450392356934,1.7652515264403164,1.1631874439087513,1.3724908372772582,2.3913970138005745,1.3033233308239847,2.4115566208001846,1.7706918940710445
C:\Users\JackM\40xMBPCNP\40xN1N2N3N4lif\MDL_0606.lif,MDL_0606,9,Image 10,MDL_0606_S10_Image_10,12,15156,4320,3,11790,4283,42,14,20,2,14.61111111111111,1.8905092592592592,1.3383959435401156,602.278174593052,450.0,8167,1.2743002544529263,2.152586351335057,1222.6690475583123,568.0,11790,15024,1.7277609152463227,1.4361356350045948,583.0710678118655,406.0,4283,7400,23.976190476190474,0.07818134132524869,27.207106781186546,348.0,42,1007,160,225.0,6.0,35.0,82.14285714285714,137.68922815945717,128.0,1.0756970949957592,267.7065141256129,144.0,1.8590730147612007,130.07142857142858,107.0,1.2156208277703606,2.063450392356934,1.7652515264403164,1.1631874439087513,1.3724908372772582,2.3913970138005745,1.3033233308239847,2.4115566208001846,1.7706918940710445
C:\Users\JackM\40xMBPCNP\40xN1N2N3N4lif\MDL_0606.lif,MDL_0606,9,Image 10,MDL_0606_S10_Image_10,14,36120,12379,4,26845,12377,1158,31,86,21,10.18840579710145,2.5091687535342113,1.4732053084315675,1380.698484809835,937.2071067811866,31061,1.4482771465822313,3.4877188550041343,3452.841666454093,990.0,26845,38879,2.50957421022865,1.4732053084315675,1380.698484809835,937.2071067811866,12377,31061,2.330742659758204,0.5273188752025101,162.4142135623731,308.0,1158,2699,254,492.5,8.0,145.0,120.42553191489361,144.30303594710375,128.0,1.127367468336748,398.89625919043385,144.0,2.7701129110446794,131.14075993091538,107.0,1.2256145787936017,2.063450392356934,1.7652515264403164,1.1631874439087513,1.3724908372772582,2.3913970138005745,1.3033233308239847,2.4115566208001846,1.7706918940710445
C:\Users\JackM\40xMBPCNP\40xN1N2N3N4lif\MDL_0606.lif,MDL_0606,9,Image 10,MDL_0606_S10_Image_10,15,10037,2618,4,8137,2618,0,10,14,2,10.285714285714286,1.7482811306340718,1.0613223876219429,370.62132034355966,349.20710678118655,4577,1.2615214452500922,2.2444826150073984,1081.840620433566,482.0,8137,10265,1.7482811306340718,1.0613223876219429,370.62132034355966,349.20710678118655,2618,4577,,,0.0,0.0,0,0,106,142.5,8.0,95.0,57.333333333333336,137.47253287452378,128.0,1.074004163082217,264.3819709702063,144.0,1.8359859095153215,111.95992179863147,107.0,1.0463544093330044,2.063450392356934,1.7652515264403164,1.1631874439087513,1.3724908372772582,2.3913970138005745,1.3033233308239847,2.4115566208001846,1.7706918940710445
C:\Users\JackM\40xMBPCNP\40xN1N2N3N4lif\MDL_0606.lif,MDL_0606,9,Image 10,MDL_0606_S10_Image_10,17,9087,2943,0,9087,2605,717,8,10,2,14.11111111111111,2.1158681617397215,1.3840803040971832,550.8639610306789,398.0,6227,1.0450093540222296,1.0141282237056677,460.4142135623731,454.0,9087,9496,2.2414587332053744,1.2813806117529922,504.8639610306789,394.0,2605,5839,1.099023709902371,1.0,134.0,134.0,717,788,117,157.5,3.0,25.0,55.0,142.2005062176736,128.0,1.110941454825575,232.19270633397312,144.0,1.61244934954148,135.51185495118548,107.0,1.2664659341232287,2.063450392356934,1.7652515264403164,1.1631874439087513,1.3724908372772582,2.3913970138005745,1.3033233308239847,2.4115566208001846,1.7706918940710445
C:\Users\JackM\40xMBPCNP\40xN1N2N3N4lif\MDL_0606.lif,MDL_0606,9,Image 10,MDL_0606_S10_Image_10,18,5161,2392,1,5161,2090,395,11,7,0,11.538461538461538,1.6952341137123745,1.3481903918412965,415.2426406871193,308.0,4055,1.02034489440031,1.006060606060606,332.0,330.0,5161,5266,1.682775119617225,1.318723716739712,369.2426406871193,280.0,2090,3517,1.1063291139240505,1.0273054202454128,98.62132034355963,96.0,395,437,62,167.5,8.0,30.0,27.5,138.47490796357295,128.0,1.0818352184654136,251.24066985645933,144.0,1.7447268740031898,133.13164556962025,107.0,1.244220986631965,2.063450392356934,1.7652515264403164,1.1631874439087513,1.3724908372772582,2.3913970138005745,1.3033233308239847,2.4115566208001846,1.7706918940710445
C:\Users\JackM\40xMBPCNP\40xN1N2N3N4lif\MDL_0606.lif,MDL_0606,9,Image 10,MDL_0606_S10_Image_10,19,6903,2080,1,6903,2080,0,5,11,6,13.222222222222221,1.4509615384615384,1.2599292437256047,332.62132034355966,264.0,3018,1.0267999420541793,1.0005002579255713,414.20710678118655,414.0,6903,7088,1.4509615384615384,1.2599292437256047,332.62132034355966,264.0,2080,3018,,,0.0,0.0,0,0,52,117.5,5.0,30.0,22.5,140.251629726206,128.0,1.0957158572359844,226.8264423076923,144.0,1.575183627136752,111.45965522236709,107.0,1.041679020769786,2.063450392356934,1.7652515264403164,1.1631874439087513,1.3724908372772582,2.3913970138005745,1.3033233308239847,2.4115566208001846,1.7706918940710445
C:\Users\JackM\40xMBPCNP\40xN1N2N3N4lif\MDL_0606.lif,MDL_0606,9,Image 10,MDL_0606_S10_Image_10,20,20819,4926,2,14811,4926,0,14,47,9,9.666666666666666,2.0637434023548518,1.5905395655146946,823.8994949366117,518.0,10166,1.2880966848963609,1.838531814882877,1154.5979797464468,628.0,14811,19078,2.0637434023548518,1.5905395655146946,823.8994949366117,518.0,4926,10166,,,0.0,0.0,0,0,107,227.5,5.0,40.0,50.0,137.88839376139356,128.0,1.0772530762608872,229.24807145757205,144.0,1.5920004962331393,113.55051948051948,107.0,1.061219808229154,2.063450392356934,1.7652515264403164,1.1631874439087513,1.3724908372772582,2.3913970138005745,1.3033233308239847,2.4115566208001846,1.7706918940710445
C:\Users\JackM\40xMBPCNP\40xN1N2N3N4lif\MDL_0606.lif,MDL_0606,9,Image 10,MDL_0606_S10_Image_10,21,13083,3279,2,13044,3278,1,17,15,1,8.285714285714286,2.4946630070143336,1.0969579492738208,527.863961030679,481.20710678118655,8180,1.025375651640601,1.0022353829281232,541.2071067811866,540.0,13044,13375,2.180292861500915,1.2508624668973436,527.863961030679,422.0,3278,7147,1.0,,0.0,0.0,1,1,137,212.5,5.0,10.0,67.04545454545455,141.824363692119,128.0,1.1080028413446796,231.10311165344723,144.0,1.6048827198156057,127.0,107.0,1.1869158878504673,2.063450392356934,1.7652515264403164,1.1631874439087513,1.3724908372772582,2.3913970138005745,1.3033233308239847,2.4115566208001846,1.7706918940710445
C:\Users\JackM\40xMBPCNP\40xN1N2N3N4lif\MDL_0606.lif,MDL_0606,9,Image 10,MDL_0606_S10_Image_10,22,20798,6135,1,20717,23,6125,34,48,21,7.672413793103448,2.7660961695191526,1.3218865915415472,861.8700576850888,652.0,16970,1.1215909639426558,1.145335562740187,891.0710678118655,778.0,20717,23236,26.869565217391305,0.0523131067112872,18.414213562373096,352.0,23,618,2.768816326530612,1.306231519791261,851.6629509039022,652.0,6125,16959,209,372.5,7.0,140.0,102.5,171.03803639523096,128.0,1.3362346593377419,170.1304347826087,144.0,1.1814613526570048,140.584,107.0,1.3138691588785048,2.063450392356934,1.7652515264403164,1.1631874439087513,1.3724908372772582,2.3913970138005745,1.3033233308239847,2.4115566208001846,1.7706918940710445
C:\Users\JackM\40xMBPCNP\40xN1N2N3N4lif\MDL_0606.lif,MDL_0606,9,Image 10,MDL_0606_S10_Image_10,24,54362,16479,4,54362,879,15640,57,198,34,7.969465648854962,2.6782571757995024,1.770880634796692,1957.1898628384834,1105.2071067811867,44135,1.0623045509731062,1.02451176618583,1187.6213203435595,1159.2071067811867,54362,57749,24.339021615472127,0.3520054521240717,285.8284271247462,812.0,879,21394,2.37730179028133,1.6936331232757502,1722.7756492761105,1017.2071067811866,15640,37181,342,607.5,8.0,260.0,177.80701754385964,242.33523417092823,128.0,1.8932440169603768,188.98179749715587,144.0,1.312373593730249,147.97832480818414,107.0,1.3829749982073285,2.063450392356934,1.7652515264403164,1.1631874439087513,1.3724908372772582,2.3913970138005745,1.3033233308239847,2.4115566208001846,1.7706918940710445
C:\Users\JackM\40xMBPCNP\40xN1N2N3N4lif\MDL_0606.lif,MDL_0606,9,Image 10,MDL_0606_S10_Image_10,25,36466,18164,5,36466,18164,271,53,173,36,9.216,2.226657123981502,1.9766488636829462,2249.4264068711927,1138.0,40445,1.2791915757143641,1.032499334655138,1220.414213562373,1182.0,36466,46647,2.226657123981502,1.9766488636829462,2249.4264068711927,1138.0,18164,40445,2.4575645756457565,0.5514690226883947,91.10660171779821,165.20710678118655,271,666,221,875.0,13.0,105.0,107.5,141.34396424066253,128.0,1.104249720630176,312.3002642589738,144.0,2.1687518351317627,129.72693726937268,107.0,1.2124012828913335,2.063450392356934,1.7652515264403164,1.1631874439087513,1.3724908372772582,2.3913970138005745,1.3033233308239847,2.4115566208001846,1.7706918940710445
C:\Users\JackM\40xMBPCNP\40xN1N2N3N4lif\MDL_0606.lif,MDL_0606,9,Image 10,MDL_0606_S10_Image_10,26,28168,7375,2,12110,1702,5989,22,53,14,9.85,2.403254237288136,1.533386121986477,1002.834523779156,654.0,17724,1.8295623451692815,1.4313323974747227,1050.5979797464465,734.0,12110,22156,3.5235017626321974,0.860277467617917,380.2426406871193,442.0,1702,5997,1.5214560026715644,1.3168219825299694,737.4203102167829,560.0,5989,9112,160,397.5,8.0,30.0,77.5,140.8351775392238,128.0,1.1002748245251859,196.88895417156286,144.0,1.3672844039691865,169.2050425780598,107.0,1.5813555381127082,2.063450392356934,1.7652515264403164,1.1631874439087513,1.3724908372772582,2.3913970138005745,1.3033233308239847,2.4115566208001846,1.7706918940710445
C:\Users\JackM\40xMBPCNP\40xN1N2N3N4lif\MDL_0606.lif,MDL_0606,9,Image 10,MDL_0606_S10_Image_10,27,9495,4402,2,253,4402,0,13,27,3,13.2,1.4747841890049977,1.3755300764262985,529.8639610306789,385.20710678118655,6492,2.7430830039525693,0.8852337339071614,118.62132034355963,134.0,253,694,1.4747841890049977,1.3755300764262985,529.8639610306789,385.20710678118655,4402,6492,,,0.0,0.0,0,0,73,197.5,9.0,45.0,32.5,139.08695652173913,128.0,1.086616847826087,334.98205361199456,144.0,2.3262642611944067,108.81089670828604,107.0,1.0169242683017388,2.063450392356934,1.7652515264403164,1.1631874439087513,1.3724908372772582,2.3913970138005745,1.3033233308239847,2.4115566208001846,1.7706918940710445
C:\Users\JackM\40xMBPCNP\40xN1N2N3N4lif\MDL_0606.lif,MDL_0606,9,Image 10,MDL_0606_S10_Image_10,28,30888,12119,4,29719,11854,424,37,80,17,9.867647058823529,2.039277168083175,1.5437441551734985,1438.7695526217005,932.0,24714,1.0956290588512398,1.528191453488433,1439.556349186104,942.0,29719,32561,2.084865868061414,1.4693732233076349,1369.4558441227157,932.0,11854,24714,2.4339622641509435,0.9469164136051185,164.7634559672906,174.0,424,1032,175,547.5,8.0,120.0,85.0,151.1578787980753,128.0,1.1809209281099633,329.64771385186435,144.0,2.289220235082391,129.08254716981133,107.0,1.2063789455122556,2.063450392356934,1.7652515264403164,1.1631874439087513,1.3724908372772582,2.3913970138005745,1.3033233308239847,2.4115566208001846,1.7706918940710445
C:\Users\JackM\40xMBPCNP\40xN1N2N3N4lif\MDL_0606.lif,MDL_0606,9,Image 10,MDL_0606_S10_Image_10,29,12150,2672,3,12148,1202,1470,16,20,3,7.142857142857143,2.4229041916167664,1.0524056559082569,484.1066017177982,460.0,6474,1.0401712216002634,1.011575734866363,578.6213203435597,572.0,12148,12636,4.559900166389351,0.6301245154841542,281.03553390593277,446.0,1202,5481,1.1401360544217687,1.0256114535952803,203.07106781186548,198.0,1470,1676,139,162.5,3.0,75.0,69.6,156.42048073756996,128.0,1.2220350057622653,200.40432612312813,144.0,1.3916967091883898,130.34625850340137,107.0,1.2181893318074895,2.063450392356934,1.7652515264403164,1.1631874439087513,1.3724908372772582,2.3913970138005745,1.3033233308239847,2.4115566208001846,1.7706918940710445
C:\Users\JackM\40xMBPCNP\40xN1N2N3N4lif\MDL_0606.lif,MDL_0606,9,Image 10,MDL_0606_S10_Image_10,31,14526,2388,2,13089,2388,0,9,19,3,9.533333333333333,1.4279731993299833,1.2441553395970146,355.8284271247462,286.0,3410,1.12567805027122,2.032367563927553,1154.3847763108502,568.0,13089,14734,1.4279731993299833,1.2441553395970146,355.8284271247462,286.0,2388,3410,,,0.0,0.0,0,0,61,147.5,8.0,30.0,27.5,145.53854381541754,128.0,1.1370198735579495,243.68257956448912,144.0,1.6922401358645078,111.38467415386967,107.0,1.0409782631202773,2.063450392356934,1.7652515264403164,1.1631874439087513,1.3724908372772582,2.3913970138005745,1.3033233308239847,2.4115566208001846,1.7706918940710445
C:\Users\JackM\40xMBPCNP\40xN1N2N3N4lif\MDL_0606.lif,MDL_0606,9,Image 10,MDL_0606_S10_Image_10,32,18163,10655,2,5,10655,0,13,33,10,18.0,1.4251525105584233,1.2984983139627506,747.9350288425444,576.0,15185,1.0,1.0,5.207106781186548,5.207106781186548,5,5,1.4251525105584233,1.2984983139627506,747.9350288425444,576.0,10655,15185,,,0.0,0.0,0,0,202,302.5,7.0,15.0,101.66666666666667,142.8,128.0,1.115625,533.5932426091038,144.0,3.7055086292298873,109.38320037541061,107.0,1.022272900704772,2.063450392356934,1.7652515264403164,1.1631874439087513,1.3724908372772582,2.3913970138005745,1.3033233308239847,2.4115566208001846,1.7706918940710445
C:\Users\JackM\40xMBPCNP\40xN1N2N3N4lif\MDL_0606.lif,MDL_0606,9,Image 10,MDL_0606_S10_Image_10,33,12190,2289,3,12190,2289,0,20,12,3,9.411764705882353,4.17649628658803,1.129143992969849,562.3137084989849,498.0,9560,1.065791632485644,1.0058099760528743,555.2071067811866,552.0,12190,12992,4.17649628658803,1.129143992969849,562.3137084989849,498.0,2289,9560,,,0.0,0.0,0,0,129,222.5,5.0,50.0,67.04545454545455,140.65266611977032,128.0,1.0988489540607056,217.8086500655308,144.0,1.5125600698995194,112.50754716981132,107.0,1.0514724034561806,2.063450392356934,1.7652515264403164,1.1631874439087513,1.3724908372772582,2.3913970138005745,1.3033233308239847,2.4115566208001846,1.7706918940710445
C:\Users\JackM\40xMBPCNP\40xN1N2N3N4lif\MDL_0606.lif,MDL_0606,9,Image 10,MDL_0606_S10_Image_10,34,6310,3470,3,6310,3470,0,4,4,0,19.75,1.0801152737752162,1.0449790346462793,288.4142135623731,276.0,3748,1.0136291600633915,1.0,362.0,362.0,6310,6396,1.0801152737752162,1.0449790346462793,288.4142135623731,276.0,3470,3748,,,0.0,0.0,0,0,51,92.5,10.0,35.0,22.5,140.30871632329635,128.0,1.0961618462757527,373.5100864553314,144.0,2.5938200448286906,112.63977812995246,107.0,1.0527082068219855,2.063450392356934,1.7652515264403164,1.1631874439087513,1.3724908372772582,2.3913970138005745,1.3033233308239847,2.4115566208001846,1.7706918940710445
C:\Users\JackM\40xMBPCNP\40xN1N2N3N4lif\MDL_0606.lif,MDL_0606,9,Image 10,MDL_0606_S10_Image_10,35,35368,16476,3,35344,15522,954,49,137,26,9.855670103092784,2.0140203932993446,1.8488932029599925,1793.4264068711927,970.0,33183,1.0466840199185152,1.0552132679579438,1074.2071067811867,1018.0,35344,36994,1.9605076665378174,1.6416034423292036,1592.3553390593274,970.0,15522,30431,3.550314465408805,0.4506227371911129,201.07106781186548,446.20710678118655,954,3387,155,692.5,11.0,85.0,75.0,141.25028293345406,128.0,1.1035178354176098,412.0773096250483,144.0,2.86164798350728,128.583857442348,107.0,1.2017182938537196,2.063450392356934,1.7652515264403164,1.1631874439087513,1.3724908372772582,2.3913970138005745,1.3033233308239847,2.4115566208001846,1.7706918940710445
C:\Users\JackM\40xMBPCNP\40xN1N2N3N4lif\MDL_0606.lif,MDL_0606,9,Image 10,MDL_0606_S10_Image_10,36,41407,17863,6,41385,3682,15617,78,231,58,7.319018404907975,1.7598947545205172,2.231464005403663,1959.2253967444162,878.0,31437,1.0375256735532197,1.0515442626905895,996.863961030679,948.0,41385,42938,1.7121129820749592,1.2077765508392866,475.8639610306789,394.0,3682,6304,1.9553691490042902,2.194218660031223,1882.6396103067893,858.0,15617,30537,155,697.5,15.0,95.0,75.0,192.31711972937055,128.0,1.5024774978857074,295.2088538837588,144.0,2.0500614853038805,146.56803483383493,107.0,1.3697947180732237,2.063450392356934,1.7652515264403164,1.1631874439087513,1.3724908372772582,2.3913970138005745,1.3033233308239847,2.4115566208001846,1.7706918940710445
C:\Users\JackM\40xMBPCNP\40xN1N2N3N4lif\MDL_0606.lif,MDL_0606,9,Image 10,MDL_0606_S10_Image_10,37,17299,6102,5,17299,6102,0,16,20,4,13.227272727272727,1.2997377908882333,1.2002317428647786,552.1066017177982,460.0,7931,1.0152609977455345,1.0,624.0,624.0,17299,17563,1.2997377908882333,1.2002317428647786,552.1066017177982,460.0,6102,7931,,,0.0,0.0,0,0,92,202.5,5.0,35.0,42.5,142.01994334932655,128.0,1.1095308074166137,372.16764995083577,144.0,2.5844975691030263,115.3066073183421,107.0,1.0776318440966552,2.063450392356934,1.7652515264403164,1.1631874439087513,1.3724908372772582,2.3913970138005745,1.3033233308239847,2.4115566208001846,1.7706918940710445
C:\Users\JackM\40xMBPCNP\40xN1N2N3N4lif\MDL_0606.lif,MDL_0606,9,Image 10,MDL_0606_S10_Image_10,38,7333,3651,1,7333,3651,333,8,32,6,10.181818181818182,1.4467269241303753,1.3001570559378244,470.6568542494924,362.0,5282,1.05618437201691,1.0147058823529411,414.0,408.0,7333,7745,1.4467269241303753,1.3001570559378244,470.6568542494924,362.0,3651,5282,1.3843843843843844,1.0198736011113039,108.1066017177982,106.0,333,461,74,157.5,6.0,20.0,35.0,140.2087822173735,128.0,1.0953811110732306,264.451657080252,144.0,1.8364698408350835,128.64264264264264,107.0,1.2022676882489967,2.063450392356934,1.7652515264403164,1.1631874439087513,1.3724908372772582,2.3913970138005745,1.3033233308239847,2.4115566208001846,1.7706918940710445
C:\Users\JackM\40xMBPCNP\40xN1N2N3N4lif\MDL_0606.lif,MDL_0606,9,Image 10,MDL_0606_S10_Image_10,40,22372,10769,6,22371,9916,959,29,91,34,10.227272727272727,1.8423251926827005,2.0258279851966865,1355.698484809835,669.2071067811866,19840,1.037280407670645,1.0156260397801744,728.4142135623731,717.2071067811866,22371,23205,1.9793263412666398,1.8637262184265921,1243.4913780286483,667.2071067811866,9916,19627,4.1657977059436915,0.5185945649427162,185.65685424949237,358.0,959,3995,135,452.5,9.0,85.0,65.0,147.6299226677395,128.0,1.1533587708417148,285.24354578459054,144.0,1.9808579568374343,140.25547445255475,107.0,1.3107988266593902,2.063450392356934,1.7652515264403164,1.1631874439087513,1.3724908372772582,2.3913970138005745,1.3033233308239847,2.4115566208001846,1.7706918940710445
C:\Users\JackM\40xMBPCNP\40xN1N2N3N4lif\MDL_0606.lif,MDL_0606,9,Image 10,MDL_0606_S10_Image_10,42,32128,15917,2,495,15917,0,22,73,23,14.981132075471699,1.9063893949864925,1.3229220302154145,1201.2132034355964,908.0,30344,1.0424242424242425,0.9925198752942128,105.20710678118655,106.0,495,516,1.9063893949864925,1.3229220302154145,1201.2132034355964,908.0,15917,30344,,,0.0,0.0,0,0,144,422.5,8.0,65.0,70.0,138.93535353535353,128.0,1.0854324494949494,377.2115348369668,144.0,2.619524547478936,107.58828905678772,107.0,1.0054980285681094,2.063450392356934,1.7652515264403164,1.1631874439087513,1.3724908372772582,2.3913970138005745,1.3033233308239847,2.4115566208001846,1.7706918940710445
C:\Users\JackM\40xMBPCNP\40xN1N2N3N4lif\MDL_0606.lif,MDL_0606,9,Image 10,MDL_0606_S10_Image_10,43,116985,46536,8,116875,4293,43410,163,499,128,8.775067750677508,2.700361010830325,3.62744934177115,5985.291413922398,1650.0,125664,1.1249540106951872,1.0876422197160363,1829.414213562373,1682.0,116875,131479,24.49732122059166,0.8501834293700757,1385.7989898732235,1630.0,4293,105167,2.656046993780235,3.276601490350762,5098.391918985786,1556.0,43410,115299,418,2292.5,13.0,165.0,205.0,265.7174759358289,128.0,2.075917780748663,193.00116468669927,144.0,1.340285865879856,138.5229900944483,107.0,1.2946073840602643,2.063450392356934,1.7652515264403164,1.1631874439087513,1.3724908372772582,2.3913970138005745,1.3033233308239847,2.4115566208001846,1.7706918940710445
C:\Users\JackM\40xMBPCNP\40xN1N2N3N4lif\MDL_0606.lif,MDL_0606,9,Image 10,MDL_0606_S10_Image_10,44,23270,7889,7,23270,7567,322,30,73,7,7.873015873015873,1.6231461528710862,1.7703673069117802,931.2132034355964,526.0,12805,1.0116029222174474,1.002932551319648,684.0,682.0,23270,23540,1.4009514999339236,1.6630732261620276,784.970562748477,472.0,7567,10601,4.599378881987578,0.6467094187206396,147.44974746830582,228.0,322,1481,92,367.5,18.0,50.0,42.5,144.69449935539322,128.0,1.1304257762140095,315.8391700806132,144.0,2.1933275700042585,129.59627329192546,107.0,1.2111801242236024,2.063450392356934,1.7652515264403164,1.1631874439087513,1.3724908372772582,2.3913970138005745,1.3033233308239847,2.4115566208001846,1.7706918940710445
C:\Users\JackM\40xMBPCNP\40xN1N2N3N4lif\MDL_0606.lif,MDL_0606,9,Image 10,MDL_0606_S10_Image_10,45,41318,19891,9,29482,19891,0,41,128,34,10.155963302752294,1.4601578603388468,1.544970872680485,1251.4264068711927,810.0,29044,1.1888949189335867,1.9380372537303339,1765.953318805774,911.2071067811866,29482,35051,1.4601578603388468,1.544970872680485,1251.4264068711927,810.0,19891,29044,,,0.0,0.0,0,0,147,522.5,17.0,80.0,70.0,141.03069669628925,128.0,1.1018023179397598,345.29294655874514,144.0,2.39786768443573,112.52190152801359,107.0,1.0516065563365755,2.063450392356934,1.7652515264403164,1.1631874439087513,1.3724908372772582,2.3913970138005745,1.3033233308239847,2.4115566208001846,1.7706918940710445
C:\Users\JackM\40xMBPCNP\40xN1N2N3N4lif\MDL_0606.lif,MDL_0606,9,Image 10,MDL_0606_S10_Image_10,47,30191,16385,9,6043,13904,2481,31,96,17,12.067567567567568,1.9951785169362222,1.803172598954808,1687.7695526217003,936.0,32691,2.3951679629323186,1.0420344498576117,742.9705627484772,713.0,6043,14474,2.0002157652474106,1.5923834833396449,1398.1126983722081,878.0,13904,27811,1.1120515920999596,1.1586274169979696,289.65685424949237,250.0,2481,2759,183,602.5,11.0,85.0,87.5,138.7312593082906,128.0,1.0838379633460202,430.0320051783659,144.0,2.986333369294208,162.58202337767028,107.0,1.5194581624081336,2.063450392356934,1.7652515264403164,1.1631874439087513,1.3724908372772582,2.3913970138005745,1.3033233308239847,2.4115566208001846,1.7706918940710445
C:\Users\JackM\40xMBPCNP\40xN1N2N3N4lif\MDL_0606.lif,MDL_0606,9,Image 10,MDL_0606_S10_Image_10,48,71385,29150,7,70265,6157,26120,115,335,106,7.828571428571428,2.3775643224699827,2.762105253664506,3690.17261889578,1336.0,69306,1.1268625916174482,1.2904118975433558,1783.3492424049177,1382.0,70265,79179,4.253857398083483,0.9736061713548796,938.556349186104,964.0,6157,26191,2.6533690658499234,2.5643188459645665,3425.929978208661,1336.0,26120,69306,409,1327.5,16.0,310.0,206.73076923076923,207.21159894684408,128.0,1.6188406167722194,254.54279681663147,144.0,1.7676583112266073,154.97331546707503,107.0,1.4483487426829442,2.063450392356934,1.7652515264403164,1.1631874439087513,1.3724908372772582,2.3913970138005745,1.3033233308239847,2.4115566208001846,1.7706918940710445
C:\Users\JackM\40xMBPCNP\40xN1N2N3N4lif\MDL_0606.lif,MDL_0606,9,Image 10,MDL_0606_S10_Image_10,49,26032,6429,3,24797,98,6427,27,73,25,9.728813559322035,2.4216829989111837,1.9780836526112515,1309.4913780286486,662.0,15569,1.1562285760374238,1.2413454744235368,1079.970562748477,870.0,24797,28671,10.673469387755102,0.1774193548387097,55.0,310.0,98,1046,2.4224365956122607,1.9780836526112515,1309.4913780286486,662.0,6427,15569,148,512.5,8.0,50.0,72.5,179.85409525345807,128.0,1.4051101191676412,166.46938775510205,144.0,1.1560374149659864,133.27540065349308,107.0,1.2455644920887203,2.063450392356934,1.7652515264403164,1.1631874439087513,1.3724908372772582,2.3913970138005745,1.3033233308239847,2.4115566208001846,1.7706918940710445
C:\Users\JackM\40xMBPCNP\40xN1N2N3N4lif\MDL_0606.lif,MDL_0606,9,Image 10,MDL_0606_S10_Image_10,50,20288,5316,4,17758,4498,2128,29,25,7,9.08108108108108,2.347441685477803,1.332141469606076,727.3492424049175,546.0,12479,1.1931523820250027,1.7707017124504052,1204.0771644662755,680.0,17758,21188,2.308581591818586,1.1016568542494924,550.8284271247462,500.0,4498,10384,3.7420112781954886,1.1661410132606458,524.7634559672906,450.0,2128,7963,117,387.5,15.0,45.0,55.0,173.53525171753577,128.0,1.3557441540432482,346.1651845264562,144.0,2.4039248925448344,131.21945488721803,107.0,1.226350045674935,2.063450392356934,1.7652515264403164,1.1631874439087513,1.3724908372772582,2.3913970138005745,1.3033233308239847,2.4115566208001846,1.7706918940710445
C:\Users\JackM\40xMBPCNP\40xN1N2N3N4lif\MDL_0606.lif,MDL_0606,9,Image 10,MDL_0606_S10_Image_10,51,12428,4514,3,0,4512,4,8,24,3,11.166666666666666,1.2102348249889234,1.329795777524145,457.4497474683059,344.0,5463,,,0.0,0.0,0,0,1.207668439716312,1.329795777524145,457.4497474683059,344.0,4512,5449,8.5,0.0,0.0,24.207106781186546,4,34,62,167.5,8.0,35.0,27.5,122.09680992467878,128.0,0.953881327536553,292.05651595744683,144.0,2.028170249704492,133.5,107.0,1.2476635514018692,2.063450392356934,1.7652515264403164,1.1631874439087513,1.3724908372772582,2.3913970138005745,1.3033233308239847,2.4115566208001846,1.7706918940710445
C:\Users\JackM\40xMBPCNP\40xN1N2N3N4lif\MDL_0606.lif,MDL_0606,9,Image 10,MDL_0606_S10_Image_10,52,16038,6873,3,1307,6873,0,15,35,7,12.5,2.0404481303651973,1.259557029674433,700.3137084989847,556.0,14024,1.17061973986228,1.2089460270466608,224.86396103067892,186.0,1307,1530,2.0404481303651973,1.259557029674433,700.3137084989847,556.0,6873,14024,,,0.0,0.0,0,0,150,217.5,5.0,105.0,86.13636363636364,134.8423871461362,128.0,1.053456149579189,545.1673214025899,144.0,3.7858841764068742,109.75352624690998,107.0,1.0257338901580373,2.063450392356934,1.7652515264403164,1.1631874439087513,1.3724908372772582,2.3913970138005745,1.3033233308239847,2.4115566208001846,1.7706918940710445
C:\Users\JackM\40xMBPCNP\40xN1N2N3N4lif\MDL_0606.lif,MDL_0606,10,Image 11,MDL_0606_S11_Image_11,1,16591,12839,1,326,11975,864,36,149,48,7.92,1.344185684243321,1.8346084334847697,1130.118795026618,616.0,17258,3.2300613496932513,0.5328505187222399,123.62132034355965,232.0,326,1053,1.3078079331941546,1.4840645554936258,914.1837661840735,616.0,11975,15661,1.3043981481481481,1.3378266793910978,216.72792206135784,162.0,864,1127,103,382.5,13.0,50.0,47.5,137.61656441717793,129.0,1.0667950730013793,407.7027974947808,148.0,2.7547486317214918,148.31597222222223,106.0,1.3992072851153041,1.8651789596756587,1.7830687498754578,1.2735173781759614,1.3152097798230225,1.9029844413612855,1.6213320934081226,2.681586078699245,1.1997610258747118
C:\Users\JackM\40xMBPCNP\40xN1N2N3N4lif\MDL_0606.lif,MDL_0606,10,Image 11,MDL_0606_S11_Image_11,2,40771,27298,2,2313,27295,265,78,261,68,8.431924882629108,2.133306469338413,2.154581558413334,2688.917784899841,1248.0,58235,12.011240812797233,0.9626535802732794,797.0771644662753,828.0,2313,27782,2.133540941564389,2.153614325415589,2687.710678118655,1248.0,27295,58235,20.871698113207547,0.14301139678958413,85.52081528017132,598.0,265,5531,207,1057.5,27.0,65.0,100.0,141.83657587548637,129.0,1.0995083401200494,444.66807107528854,148.0,3.0045139937519494,138.15849056603773,106.0,1.303381986472054,1.8651789596756587,1.7830687498754578,1.2735173781759614,1.3152097798230225,1.9029844413612855,1.6213320934081226,2.681586078699245,1.1997610258747118
C:\Users\JackM\40xMBPCNP\40xN1N2N3N4lif\MDL_0606.lif,MDL_0606,10,Image 11,MDL_0606_S11_Image_11,3,9082,4184,1,0,4184,0,18,36,17,8.823529411764707,1.7813097514340344,1.447524271517249,660.0710678118655,456.0,7453,,,0.0,0.0,0,0,1.7813097514340344,1.447524271517249,660.0710678118655,456.0,4184,7453,,,0.0,0.0,0,0,107,210.0,6.0,40.0,50.0,125.03274378585085,129.0,0.969246075859309,215.9543499043977,148.0,1.459151012867552,108.31118546845124,106.0,1.021803636494823,1.8651789596756587,1.7830687498754578,1.2735173781759614,1.3152097798230225,1.9029844413612855,1.6213320934081226,2.681586078699245,1.1997610258747118
C:\Users\JackM\40xMBPCNP\40xN1N2N3N4lif\MDL_0606.lif,MDL_0606,10,Image 11,MDL_0606_S11_Image_11,4,18137,13111,5,4845,13105,6,52,148,31,7.957264957264957,1.514911143314774,1.6988969813298294,1257.1837661840736,740.0,19862,1.830546955624355,1.745324981229959,781.9055915910216,448.0,4845,8869,1.515604731018695,1.6932117018957933,1252.976659402887,740.0,13105,19862,1.3333333333333333,0.58374419984574,4.207106781186548,7.207106781186548,6,8,159,537.5,17.0,65.0,77.5,139.07100103199176,129.0,1.0780697754417965,349.41175123998477,148.0,2.360890211080978,127.5,106.0,1.2028301886792452,1.8651789596756587,1.7830687498754578,1.2735173781759614,1.3152097798230225,1.9029844413612855,1.6213320934081226,2.681586078699245,1.1997610258747118
C:\Users\JackM\40xMBPCNP\40xN1N2N3N4lif\MDL_0606.lif,MDL_0606,10,Image 11,MDL_0606_S11_Image_11,5,25913,16777,2,11474,15343,1902,61,139,27,8.808,1.663527448292305,1.8753832305197573,1522.811183182043,812.0,27909,1.303207251176573,1.6652858081071595,972.5269119345811,584.0,11474,14953,1.679071889460992,1.8260783858080176,1482.7756492761102,812.0,15343,25762,1.5951629863301788,1.137412771600249,291.1776695296637,256.0,1902,3034,159,667.5,18.0,70.0,77.5,139.1774446574865,129.0,1.0788949198254767,363.2089552238806,148.0,2.4541145623235177,195.72082018927443,106.0,1.846422831974287,1.8651789596756587,1.7830687498754578,1.2735173781759614,1.3152097798230225,1.9029844413612855,1.6213320934081226,2.681586078699245,1.1997610258747118
C:\Users\JackM\40xMBPCNP\40xN1N2N3N4lif\MDL_0606.lif,MDL_0606,10,Image 11,MDL_0606_S11_Image_11,6,34757,27014,5,34648,26538,2552,61,216,48,10.528301886792454,1.4931516991189753,1.8758196510564842,1954.6040764008565,1042.0,40336,1.187456707457862,1.058249215392635,1113.278174593052,1052.0,34648,41143,1.519933680006029,1.904411679097572,1984.39696961967,1042.0,26538,40336,9.115987460815047,0.4612491900348833,388.0060966544099,841.2071067811866,2552,23264,173,732.5,17.0,90.0,85.0,147.50626298776265,129.0,1.143459403005912,393.06157208531164,148.0,2.6558214330088625,141.54663009404388,106.0,1.3353455669249423,1.8651789596756587,1.7830687498754578,1.2735173781759614,1.3152097798230225,1.9029844413612855,1.6213320934081226,2.681586078699245,1.1997610258747118
C:\Users\JackM\40xMBPCNP\40xN1N2N3N4lif\MDL_0606.lif,MDL_0606,10,Image 11,MDL_0606_S11_Image_11,7,14985,14530,8,10324,14530,10,10,28,9,20.73913043478261,1.1386785960082588,1.179084028303192,738.1066017177982,626.0,16545,1.5331266950794267,2.0645931084108913,1280.0477272147525,620.0,10324,15828,1.1386785960082588,1.179084028303192,738.1066017177982,626.0,14530,16545,1.3,0.8007896423540609,7.207106781186548,9.0,10,13,118,282.5,14.0,65.0,55.0,138.16669895389384,129.0,1.0710596818131306,430.3184445973847,148.0,2.907557058090437,135.0,106.0,1.2735849056603774,1.8651789596756587,1.7830687498754578,1.2735173781759614,1.3152097798230225,1.9029844413612855,1.6213320934081226,2.681586078699245,1.1997610258747118
C:\Users\JackM\40xMBPCNP\40xN1N2N3N4lif\MDL_0606.lif,MDL_0606,10,Image 11,MDL_0606_S11_Image_11,8,10049,6037,1,65,6037,0,16,30,5,11.538461538461538,1.568162994864999,1.2914452144146173,614.7279220613578,476.0,9467,9.046153846153846,0.2651959072598716,34.0,128.20710678118655,65,588,1.568162994864999,1.2914452144146173,614.7279220613578,476.0,6037,9467,,,0.0,0.0,0,0,148,205.0,4.0,30.0,75.0,140.58461538461538,129.0,1.0898032200357781,336.7593175418254,148.0,2.275400794201523,109.25641875103528,106.0,1.0307209316135404,1.8651789596756587,1.7830687498754578,1.2735173781759614,1.3152097798230225,1.9029844413612855,1.6213320934081226,2.681586078699245,1.1997610258747118
C:\Users\JackM\40xMBPCNP\40xN1N2N3N4lif\MDL_0606.lif,MDL_0606,10,Image 11,MDL_0606_S11_Image_11,11,18327,15707,3,18327,15429,632,27,132,48,9.130434782608695,1.164257974151652,1.4359859584080925,933.3908729652601,650.0,18287,1.0653680362306979,1.0249771027762034,714.6213203435597,697.2071067811866,18327,19525,1.1088210512670944,1.3920033766888877,903.698484809835,649.2071067811866,15429,17108,1.7436708860759493,0.9971812663539488,169.5208152801713,170.0,632,1102,109,442.5,18.0,80.0,52.5,160.6726141758062,129.0,1.2455241408977225,367.03324907641456,148.0,2.4799543856514497,129.60443037974684,106.0,1.2226833054693098,1.8651789596756587,1.7830687498754578,1.2735173781759614,1.3152097798230225,1.9029844413612855,1.6213320934081226,2.681586078699245,1.1997610258747118
C:\Users\JackM\40xMBPCNP\40xN1N2N3N4lif\MDL_0606.lif,MDL_0606,10,Image 11,MDL_0606_S11_Image_11,12,6767,2710,1,3985,2710,0,12,38,6,8.222222222222221,1.6933579335793358,1.4213282190059982,514.5208152801713,362.0,4589,1.3335006273525722,1.809128051403073,611.4852813742386,338.0,3985,5314,1.6933579335793358,1.4213282190059982,514.5208152801713,362.0,2710,4589,,,0.0,0.0,0,0,73,157.5,7.0,25.0,35.0,137.79623588456712,129.0,1.0681878750741638,235.23173431734318,148.0,1.5894036102523188,108.90404699738903,106.0,1.027396669786689,1.8651789596756587,1.7830687498754578,1.2735173781759614,1.3152097798230225,1.9029844413612855,1.6213320934081226,2.681586078699245,1.1997610258747118
C:\Users\JackM\40xMBPCNP\40xN1N2N3N4lif\MDL_0606.lif,MDL_0606,10,Image 11,MDL_0606_S11_Image_11,13,14636,4821,2,14636,4821,0,20,18,1,10.653846153846153,2.018253474382908,1.181880653199672,581.4852813742386,492.0,9730,1.022137195955179,1.0057475031920906,561.2071067811866,558.0,14636,14960,2.018253474382908,1.181880653199672,581.4852813742386,492.0,4821,9730,,,0.0,0.0,0,0,111,192.5,6.0,45.0,52.5,149.96166985515168,129.0,1.1624935647686176,310.14353868492014,148.0,2.095564450573785,114.3086225744739,106.0,1.0783832318346593,1.8651789596756587,1.7830687498754578,1.2735173781759614,1.3152097798230225,1.9029844413612855,1.6213320934081226,2.681586078699245,1.1997610258747118
C:\Users\JackM\40xMBPCNP\40xN1N2N3N4lif\MDL_0606.lif,MDL_0606,10,Image 11,MDL_0606_S11_Image_11,14,31071,17096,3,31071,17096,0,51,217,79,8.486842105263158,1.609089845577913,1.9226060204104367,1591.9177848998415,828.0,27509,1.0547133983457244,1.0305444134978865,884.2071067811866,858.0,31071,32771,1.609089845577913,1.9226060204104367,1591.9177848998415,828.0,17096,27509,,,0.0,0.0,0,0,145,557.5,21.0,65.0,70.0,158.27002671301213,129.0,1.226899431883815,352.71946654188116,148.0,2.3832396387964945,116.65672170190854,106.0,1.1005351103953636,1.8651789596756587,1.7830687498754578,1.2735173781759614,1.3152097798230225,1.9029844413612855,1.6213320934081226,2.681586078699245,1.1997610258747118
C:\Users\JackM\40xMBPCNP\40xN1N2N3N4lif\MDL_0606.lif,MDL_0606,10,Image 11,MDL_0606_S11_Image_11,15,17844,5809,1,12214,5809,0,18,54,11,10.256410256410257,1.9097951454639353,1.3919174913690628,826.7989898732233,594.0,11094,1.2722285901424595,2.0043702157397174,1210.6396103067893,604.0,12214,15539,1.9097951454639353,1.3919174913690628,826.7989898732233,594.0,5809,11094,,,0.0,0.0,0,0,132,252.5,7.0,65.0,62.5,137.89168167676436,129.0,1.068927764936158,247.03046996040626,148.0,1.669124797029772,114.3581560283688,106.0,1.078850528569517,1.8651789596756587,1.7830687498754578,1.2735173781759614,1.3152097798230225,1.9029844413612855,1.6213320934081226,2.681586078699245,1.1997610258747118
C:\Users\JackM\40xMBPCNP\40xN1N2N3N4lif\MDL_0606.lif,MDL_0606,10,Image 11,MDL_0606_S11_Image_11,16,34645,22762,6,34645,22140,1038,65,272,58,8.109947643979057,1.8858184693787892,2.270215706158094,2333.7817459305206,1028.0,42925,1.2468465868090635,1.0135922330097087,1044.0,1030.0,34645,43197,1.9387985546522133,2.1292283240155405,2188.846717087976,1028.0,22140,42925,3.8583815028901736,0.7057450433708591,271.0060966544099,384.0,1038,4005,189,902.5,17.0,80.0,92.5,141.22066676288065,129.0,1.094733850875044,340.1038392050587,148.0,2.297998913547694,128.7360308285164,106.0,1.2144908568727961,1.8651789596756587,1.7830687498754578,1.2735173781759614,1.3152097798230225,1.9029844413612855,1.6213320934081226,2.681586078699245,1.1997610258747118
C:\Users\JackM\40xMBPCNP\40xN1N2N3N4lif\MDL_0606.lif,MDL_0606,10,Image 11,MDL_0606_S11_Image_11,17,20568,16773,3,20568,16408,374,27,86,18,11.915492957746478,1.3761998449889703,1.7387817362295068,1286.698484809835,740.0,23083,1.1467814080124465,1.0452474957423104,790.2071067811866,756.0,20568,23587,1.3612871769868358,1.5792742579782462,1168.6629509039021,740.0,16408,22336,1.304812834224599,1.1855142028327106,128.03553390593274,108.0,374,488,135,472.5,9.0,85.0,65.0,144.9415597043952,129.0,1.123577982204614,374.78486104339345,148.0,2.532330142185091,131.2326203208556,106.0,1.2380435879326,1.8651789596756587,1.7830687498754578,1.2735173781759614,1.3152097798230225,1.9029844413612855,1.6213320934081226,2.681586078699245,1.1997610258747118
C:\Users\JackM\40xMBPCNP\40xN1N2N3N4lif\MDL_0606.lif,MDL_0606,10,Image 11,MDL_0606_S11_Image_11,18,33377,18613,2,29248,18613,0,46,177,33,9.232558139534884,1.9891473701176596,1.7886731506373503,1903.1482322781408,1064.0,37024,1.26425738512035,1.6745047402385798,1721.39087296526,1028.0,29248,36977,1.9891473701176596,1.7886731506373503,1903.1482322781408,1064.0,18613,37024,,,0.0,0.0,0,0,198,587.5,10.0,80.0,97.5,139.1452407002188,129.0,1.0786452767458823,342.3944017622092,148.0,2.313475687582495,110.56111750415548,106.0,1.0430294104165612,1.8651789596756587,1.7830687498754578,1.2735173781759614,1.3152097798230225,1.9029844413612855,1.6213320934081226,2.681586078699245,1.1997610258747118
C:\Users\JackM\40xMBPCNP\40xN1N2N3N4lif\MDL_0606.lif,MDL_0606,10,Image 11,MDL_0606_S11_Image_11,19,17693,6031,2,17693,6031,0,43,67,19,9.171875,2.8267285690598576,2.517866716117059,1556.0416305603426,618.0,17048,1.0421635675125756,1.0031446540880504,638.0,636.0,17693,18439,2.8267285690598576,2.517866716117059,1556.0416305603426,618.0,6031,17048,,,0.0,0.0,0,0,99,572.5,12.0,60.0,47.5,141.00847792912452,129.0,1.0930889761947638,231.6849610346543,148.0,1.5654389259098263,114.67399536539874,106.0,1.081830144956592,1.8651789596756587,1.7830687498754578,1.2735173781759614,1.3152097798230225,1.9029844413612855,1.6213320934081226,2.681586078699245,1.1997610258747118
C:\Users\JackM\40xMBPCNP\40xN1N2N3N4lif\MDL_0606.lif,MDL_0606,10,Image 11,MDL_0606_S11_Image_11,20,29125,22636,5,29125,22468,555,22,95,20,13.355263157894736,1.333406962360841,1.8733399040941774,1468.698484809835,784.0,30183,1.0679141630901288,1.0227335969905842,828.4142135623731,810.0,29125,31103,1.3408403062132812,1.8608489688660992,1458.9055915910217,784.0,22468,30126,1.2882882882882882,1.1479733367518374,153.8284271247462,134.0,555,715,127,427.5,12.0,95.0,60.0,148.37764806866952,129.0,1.1502143261137172,370.7671354815738,148.0,2.5051833478484715,128.2954954954955,106.0,1.2103348631650517,1.8651789596756587,1.7830687498754578,1.2735173781759614,1.3152097798230225,1.9029844413612855,1.6213320934081226,2.681586078699245,1.1997610258747118
C:\Users\JackM\40xMBPCNP\40xN1N2N3N4lif\MDL_0606.lif,MDL_0606,10,Image 11,MDL_0606_S11_Image_11,21,7174,4029,1,7174,4029,0,14,54,10,8.31578947368421,1.543807396376272,1.8499784124788214,695.5918830920368,376.0,6220,1.0211876219682186,0.99798758066291,393.20710678118655,394.0,7174,7326,1.543807396376272,1.8499784124788214,695.5918830920368,376.0,4029,6220,,,0.0,0.0,0,0,63,180.0,8.0,45.0,30.0,146.56175076665738,129.0,1.1361376028423054,254.37751303052866,148.0,1.7187669799360044,111.99958182325062,106.0,1.0565998285212324,1.8651789596756587,1.7830687498754578,1.2735173781759614,1.3152097798230225,1.9029844413612855,1.6213320934081226,2.681586078699245,1.1997610258747118
C:\Users\JackM\40xMBPCNP\40xN1N2N3N4lif\MDL_0606.lif,MDL_0606,10,Image 11,MDL_0606_S11_Image_11,22,14834,7784,1,1359,7784,0,21,41,14,11.725,2.1610996916752314,1.7758185179979218,1097.4558441227157,618.0,16822,4.60485651214128,1.2567624218655835,550.4619407771256,438.0,1359,6258,2.1610996916752314,1.7758185179979218,1097.4558441227157,618.0,7784,16822,,,0.0,0.0,0,0,112,312.5,8.0,45.0,52.5,138.82045621780722,129.0,1.076127567579901,305.5205549845838,148.0,2.064328074220161,111.91304347826087,106.0,1.0557834290401968,1.8651789596756587,1.7830687498754578,1.2735173781759614,1.3152097798230225,1.9029844413612855,1.6213320934081226,2.681586078699245,1.1997610258747118
C:\Users\JackM\40xMBPCNP\40xN1N2N3N4lif\MDL_0606.lif,MDL_0606,10,Image 11,MDL_0606_S11_Image_11,23,17462,2954,1,17461,2224,773,22,36,6,9.0625,3.772511848341232,1.5347635223812923,773.5208152801713,504.0,11144,1.0161502777618694,1.0135593220338983,598.0,590.0,17461,17743,3.914118705035971,1.1717766535597185,503.8639610306789,430.0,2224,8705,5.318240620957309,0.9349985145194459,317.89949493661163,340.0,773,4111,124,302.5,7.0,65.0,60.0,148.85619380333316,129.0,1.1539239829715748,240.4195143884892,148.0,1.6244561783006026,129.14230271668822,106.0,1.2183236105347945,1.8651789596756587,1.7830687498754578,1.2735173781759614,1.3152097798230225,1.9029844413612855,1.6213320934081226,2.681586078699245,1.1997610258747118
C:\Users\JackM\40xMBPCNP\40xN1N2N3N4lif\MDL_0606.lif,MDL_0606,10,Image 11,MDL_0606_S11_Image_11,24,34504,22740,2,28541,22740,0,63,223,64,8.820987654320987,1.9291116974494282,1.7329652194869742,2190.4680374315353,1264.0,43868,1.5224764374058373,1.742819159654581,2108.811183182043,1210.0,28541,43453,1.9291116974494282,1.7329652194869742,2190.4680374315353,1264.0,22740,43868,,,0.0,0.0,0,0,239,787.5,8.0,55.0,117.5,139.5769244245121,129.0,1.0819916622055201,421.25470536499563,148.0,2.846315576790511,108.8677036712466,106.0,1.0270538082193075,1.8651789596756587,1.7830687498754578,1.2735173781759614,1.3152097798230225,1.9029844413612855,1.6213320934081226,2.681586078699245,1.1997610258747118
C:\Users\JackM\40xMBPCNP\40xN1N2N3N4lif\MDL_0606.lif,MDL_0606,10,Image 11,MDL_0606_S11_Image_11,25,8811,6346,2,8811,249,6297,30,109,39,5.444444444444445,1.2803340687046958,1.8189525586408688,767.5979797464466,422.0,8125,1.0163432073544434,0.9981474457504359,427.20710678118655,428.0,8811,8955,2.6224899598393576,0.573170731707317,94.0,164.0,249,653,1.2902969668095918,1.844612338557329,778.4264068711929,422.0,6297,8125,68,262.5,14.0,40.0,30.0,180.38168198842357,129.0,1.3983076123133609,189.66666666666666,148.0,1.2815315315315314,158.48594568842307,106.0,1.4951504310228592,1.8651789596756587,1.7830687498754578,1.2735173781759614,1.3152097798230225,1.9029844413612855,1.6213320934081226,2.681586078699245,1.1997610258747118
C:\Users\JackM\40xMBPCNP\40xN1N2N3N4lif\MDL_0606.lif,MDL_0606,10,Image 11,MDL_0606_S11_Image_11,26,58499,41217,3,58499,2229,39831,40,229,49,12.81081081081081,1.4819370648033579,2.1651814702414516,2667.503571337468,1232.0,61081,1.074103830834715,1.0042060636358536,1243.2071067811867,1238.0,58499,62834,6.536114849708389,0.8030234825664756,513.9350288425444,640.0,2229,14569,1.4905224573824407,2.093762054708572,2537.639610306789,1212.0,39831,59369,195,847.5,14.0,110.0,95.0,295.12102770987536,129.0,2.287759904727716,217.08524001794527,148.0,1.466792162283414,152.37106776129144,106.0,1.4374629034084099,1.8651789596756587,1.7830687498754578,1.2735173781759614,1.3152097798230225,1.9029844413612855,1.6213320934081226,2.681586078699245,1.1997610258747118
C:\Users\JackM\40xMBPCNP\40xN1N2N3N4lif\MDL_0606.lif,MDL_0606,10,Image 11,MDL_0606_S11_Image_11,27,25937,4324,1,25937,235,4090,26,52,12,7.255813953488372,2.7749768732654947,0.9110695003737637,528.4203102167829,580.0,11999,1.0446466437907236,1.0201685766328734,769.2071067811866,754.0,25937,27095,26.051063829787235,0.26798897260724136,130.2426406871193,486.0,235,6122,1.1288508557457213,1.3272588984322125,398.1776695296637,300.0,4090,4617,172,222.5,3.0,10.0,76.34615384615384,145.40498130084436,129.0,1.127170397680964,221.06382978723406,148.0,1.4936745255894193,140.33545232273838,106.0,1.3239193615352678,1.8651789596756587,1.7830687498754578,1.2735173781759614,1.3152097798230225,1.9029844413612855,1.6213320934081226,2.681586078699245,1.1997610258747118
C:\Users\JackM\40xMBPCNP\40xN1N2N3N4lif\MDL_0606.lif,MDL_0606,10,Image 11,MDL_0606_S11_Image_11,28,18069,9890,2,18069,9890,0,21,53,7,13.0,1.5714863498483316,1.787996637198604,1012.0060966544099,566.0,15542,1.054236537716531,1.0344827586206897,660.0,638.0,18069,19049,1.5714863498483316,1.787996637198604,1012.0060966544099,566.0,9890,15542,,,0.0,0.0,0,0,97,312.5,10.0,65.0,45.0,141.59510764292435,129.0,1.0976364933560028,309.2103134479272,148.0,2.0892588746481566,111.2559079085727,106.0,1.0495840368733274,1.8651789596756587,1.7830687498754578,1.2735173781759614,1.3152097798230225,1.9029844413612855,1.6213320934081226,2.681586078699245,1.1997610258747118
C:\Users\JackM\40xMBPCNP\40xN1N2N3N4lif\MDL_0606.lif,MDL_0606,10,Image 11,MDL_0606_S11_Image_11,29,20961,14342,4,20951,14342,0,32,135,28,9.541666666666666,1.6897224933760981,1.8097787397409866,1411.6274169979695,780.0,24234,1.1933081953128728,1.0492063718885267,844.8284271247462,805.2071067811866,20951,25001,1.6897224933760981,1.8097787397409866,1411.6274169979695,780.0,14342,24234,,,0.0,0.0,0,0,126,502.5,9.0,50.0,60.0,139.15870364183093,129.0,1.0787496406343482,371.97873378887186,148.0,2.5133698228977828,109.54780201422366,106.0,1.0334698303228647,1.8651789596756587,1.7830687498754578,1.2735173781759614,1.3152097798230225,1.9029844413612855,1.6213320934081226,2.681586078699245,1.1997610258747118
C:\Users\JackM\40xMBPCNP\40xN1N2N3N4lif\MDL_0606.lif,MDL_0606,10,Image 11,MDL_0606_S11_Image_11,30,4566,2663,1,0,2663,0,14,32,4,8.625,1.4633871573413444,1.5259934806894715,427.27817459305203,280.0,3897,,,0.0,0.0,0,0,1.4633871573413444,1.5259934806894715,427.27817459305203,280.0,2663,3897,,,0.0,0.0,0,0,55,162.5,7.0,30.0,25.0,132.45212166729252,129.0,1.026760633079787,248.6162223056703,148.0,1.6798393399031777,108.99924896733008,106.0,1.0282948015785855,1.8651789596756587,1.7830687498754578,1.2735173781759614,1.3152097798230225,1.9029844413612855,1.6213320934081226,2.681586078699245,1.1997610258747118
C:\Users\JackM\40xMBPCNP\40xN1N2N3N4lif\MDL_0606.lif,MDL_0606,10,Image 11,MDL_0606_S11_Image_11,31,32881,17369,1,32881,403,17334,49,145,21,11.089108910891088,2.3213771662156715,2.0729442784545715,2019.0477272147525,974.0,40320,1.2819865575864482,1.037356532912838,1033.2071067811867,996.0,32881,42153,5.816377171215881,0.29653675781223426,115.4142135623731,389.20710678118655,403,2344,2.3260643821391485,2.048090986071423,1994.8406204335658,974.0,17334,40320,196,677.5,11.0,80.0,95.0,221.55573127337976,129.0,1.7174862889409284,190.0397022332506,148.0,1.2840520421165582,144.7617399330795,106.0,1.3656767918215047,1.8651789596756587,1.7830687498754578,1.2735173781759614,1.3152097798230225,1.9029844413612855,1.6213320934081226,2.681586078699245,1.1997610258747118
C:\Users\JackM\40xMBPCNP\40xN1N2N3N4lif\MDL_0606.lif,MDL_0606,10,Image 11,MDL_0606_S11_Image_11,32,48815,29696,10,48658,28465,1809,97,279,91,7.955555555555556,2.066204202586207,2.0525638031998565,2512.3380951166246,1224.0,61358,1.445908175428501,1.325215167793467,1714.8284271247462,1294.0,48658,70355,1.856806604602143,1.8286865108418635,2212.710678118655,1210.0,28465,52854,22.597014925373134,0.5642633770866227,582.3198051533946,1032.0,1809,40878,240,977.5,14.0,135.0,117.5,151.43850959759956,129.0,1.1739419348651128,373.51786404356227,148.0,2.523769351645691,130.18905472636817,106.0,1.2281986294940392,1.8651789596756587,1.7830687498754578,1.2735173781759614,1.3152097798230225,1.9029844413612855,1.6213320934081226,2.681586078699245,1.1997610258747118
C:\Users\JackM\40xMBPCNP\40xN1N2N3N4lif\MDL_0606.lif,MDL_0606,10,Image 11,MDL_0606_S11_Image_11,33,34412,15452,4,34412,15416,36,40,112,32,10.477272727272727,1.822741392699974,1.1169521924773385,988.7340187157678,885.2071067811866,28165,1.0797105660815995,0.9747021806412554,971.2071067811866,996.4142135623731,34412,37155,1.60806953814219,1.1224485803922237,968.9055915910216,863.2071067811866,15416,24790,11.444444444444445,0.1358111446900424,19.82842712474619,146.0,36,412,303,402.5,6.0,145.0,174.8913043478261,145.97910612577007,129.0,1.131620977719148,334.99584846912296,148.0,2.2634854626292094,130.38888888888889,106.0,1.230083857442348,1.8651789596756587,1.7830687498754578,1.2735173781759614,1.3152097798230225,1.9029844413612855,1.6213320934081226,2.681586078699245,1.1997610258747118
C:\Users\JackM\40xMBPCNP\40xN1N2N3N4lif\MDL_0606.lif,MDL_0606,10,Image 11,MDL_0606_S11_Image_11,34,36415,20333,3,9418,20332,1,48,135,26,11.707070707070708,2.2302660699355727,2.122062165943262,2147.526911934581,1012.0,45348,3.349543427479295,2.527473515300978,2264.616269709676,896.0,9418,31546,2.230375762345072,2.122062165943262,2147.526911934581,1012.0,20332,45348,1.0,,0.0,0.0,1,1,193,782.5,12.0,100.0,95.0,138.22828626035252,129.0,1.0715371027934304,343.94855400354123,148.0,2.3239767162401437,120.0,106.0,1.1320754716981132,1.8651789596756587,1.7830687498754578,1.2735173781759614,1.3152097798230225,1.9029844413612855,1.6213320934081226,2.681586078699245,1.1997610258747118
C:\Users\JackM\40xMBPCNP\40xN1N2N3N4lif\MDL_0606.lif,MDL_0606,10,Image 11,MDL_0606_S11_Image_11,36,45280,10631,3,45280,3944,6711,74,158,31,7.338709677419355,3.623647822406171,2.0878358798329315,2050.254833995939,982.0,38523,1.0392446996466431,1.011764705882353,1032.0,1020.0,45280,47057,5.876014198782961,0.9088257534313327,794.3137084989847,874.0,3944,23175,4.432573386976606,1.4222140671248784,1277.1482322781408,898.0,6711,29747,271,700.0,10.0,90.0,149.30232558139534,405.509695229682,129.0,3.1434860095324186,235.0692190669371,148.0,1.5883055342360615,131.87676948293847,106.0,1.2441204668201742,1.8651789596756587,1.7830687498754578,1.2735173781759614,1.3152097798230225,1.9029844413612855,1.6213320934081226,2.681586078699245,1.1997610258747118
C:\Users\JackM\40xMBPCNP\40xN1N2N3N4lif\MDL_0606.lif,MDL_0606,10,Image 11,MDL_0606_S11_Image_11,37,16228,3363,2,16222,463,3144,24,42,8,7.378378378378378,2.711567053226286,1.538284271247462,769.1421356237311,500.0,9119,1.0103563062507706,1.0309278350515463,600.0,582.0,16222,16390,13.319654427645789,0.5324137022912342,232.24264068711926,436.20710678118655,463,6167,2.349236641221374,1.5867585929733588,704.5208152801713,444.0,3144,7386,122,270.0,7.0,85.0,57.5,147.1813586487486,129.0,1.1409407647189815,193.8185745140389,148.0,1.3095849629326952,129.3791348600509,106.0,1.220557876038216,1.8651789596756587,1.7830687498754578,1.2735173781759614,1.3152097798230225,1.9029844413612855,1.6213320934081226,2.681586078699245,1.1997610258747118
C:\Users\JackM\40xMBPCNP\40xN1N2N3N4lif\MDL_0606.lif,MDL_0606,10,Image 11,MDL_0606_S11_Image_11,38,49064,21787,2,40641,21787,0,66,193,44,10.151079136690647,2.6063707715610227,2.3000038651425783,3026.805086527633,1316.0,56785,1.2663812406190793,1.8647678893268123,2252.639610306789,1208.0,40641,51467,2.6063707715610227,2.3000038651425783,3026.805086527633,1316.0,21787,56785,,,0.0,0.0,0,0,268,1012.5,10.0,170.0,132.5,145.7639329740902,129.0,1.129952968791397,287.1609675494561,148.0,1.940276807766595,108.9712331889674,106.0,1.0280305017827114,1.8651789596756587,1.7830687498754578,1.2735173781759614,1.3152097798230225,1.9029844413612855,1.6213320934081226,2.681586078699245,1.1997610258747118
C:\Users\JackM\40xMBPCNP\40xN1N2N3N4lif\MDL_0606.lif,MDL_0606,10,Image 11,MDL_0606_S11_Image_11,39,17235,6809,2,2747,6809,0,23,74,20,10.711538461538462,2.228667939491849,1.9222511541549616,1349.420310216783,702.0,15175,5.008736803785948,1.63952389817585,1128.3319984622144,688.2071067811866,2747,13759,2.228667939491849,1.9222511541549616,1349.420310216783,702.0,6809,15175,,,0.0,0.0,0,0,233,532.5,10.0,65.0,110.23255813953489,142.18711321441572,129.0,1.10222568383268,255.15068291966514,148.0,1.7239911008085482,109.21448881196687,106.0,1.0303253661506309,1.8651789596756587,1.7830687498754578,1.2735173781759614,1.3152097798230225,1.9029844413612855,1.6213320934081226,2.681586078699245,1.1997610258747118
C:\Users\JackM\40xMBPCNP\40xN1N2N3N4lif\MDL_0606.lif,MDL_0606,10,Image 11,MDL_0606_S11_Image_11,40,11906,4728,2,5040,4717,11,23,51,7,8.842105263157896,2.2159475465313028,1.601112698372208,800.556349186104,500.0,10477,2.239880952380952,3.1456608539024113,1566.5391052434009,498.0,5040,11289,2.176383294466822,1.5894558441227156,794.7279220613577,500.0,4717,10266,5.636363636363637,0.15664822204593676,5.82842712474619,37.207106781186546,11,62,90,302.5,8.0,65.0,42.5,141.83154761904763,129.0,1.099469361387966,247.49056603773585,148.0,1.672233554309026,121.18181818181819,106.0,1.1432246998284734,1.8651789596756587,1.7830687498754578,1.2735173781759614,1.3152097798230225,1.9029844413612855,1.6213320934081226,2.681586078699245,1.1997610258747118
C:\Users\JackM\40xMBPCNP\40xN1N2N3N4lif\MDL_0606.lif,MDL_0606,10,Image 11,MDL_0606_S11_Image_11,42,28726,3530,1,24745,2630,1047,72,54,15,4.65,5.520113314447592,1.4440695615289258,1120.5979797464465,776.0,19486,1.1870276823600727,1.3429310329748805,1141.4913780286483,850.0,24745,29373,7.286692015209126,1.1024286463442712,848.8700576850888,770.0,2630,19164,4.76981852913085,0.9417378090048351,337.14213562373095,358.0,1047,4994,220,632.5,17.0,60.0,114.23076923076923,139.933360274803,129.0,1.0847547308124263,216.78022813688213,148.0,1.4647312711951495,129.0706781279847,106.0,1.2176479068677803,1.8651789596756587,1.7830687498754578,1.2735173781759614,1.3152097798230225,1.9029844413612855,1.6213320934081226,2.681586078699245,1.1997610258747118
C:\Users\JackM\40xMBPCNP\40xN1N2N3N4lif\MDL_0606.lif,MDL_0606,10,Image 11,MDL_0606_S11_Image_11,43,11472,4504,1,649,4504,0,12,31,6,12.4,1.6338809946714032,1.3974813819429857,729.4852813742385,522.0,7359,1.0801232665639446,1.0451951783372353,121.24264068711929,116.0,649,701,1.6338809946714032,1.3974813819429857,729.4852813742385,522.0,4504,7359,,,0.0,0.0,0,0,120,267.5,9.0,25.0,57.5,137.00462249614793,129.0,1.0620513371794413,223.78685612788632,148.0,1.5120733522154481,107.18669396110542,106.0,1.0111952260481643,1.8651789596756587,1.7830687498754578,1.2735173781759614,1.3152097798230225,1.9029844413612855,1.6213320934081226,2.681586078699245,1.1997610258747118
C:\Users\JackM\40xMBPCNP\40xN1N2N3N4lif\MDL_0606.lif,MDL_0606,10,Image 11,MDL_0606_S11_Image_11,44,22530,10566,1,573,10566,0,31,83,25,11.6875,2.2177739920499717,2.113086585985691,1667.6629509039021,789.2071067811866,23433,1.0453752181500873,1.0172493124976054,107.82842712474618,106.0,573,599,2.2177739920499717,2.113086585985691,1667.6629509039021,789.2071067811866,10566,23433,,,0.0,0.0,0,0,245,590.0,8.0,90.0,127.1590909090909,138.4415357766143,129.0,1.0731901998187154,255.27872420972932,148.0,1.7248562446603333,109.00803963728148,106.0,1.0283777324271839,1.8651789596756587,1.7830687498754578,1.2735173781759614,1.3152097798230225,1.9029844413612855,1.6213320934081226,2.681586078699245,1.1997610258747118
C:\Users\JackM\40xMBPCNP\40xN1N2N3N4lif\MDL_0606.lif,MDL_0606,10,Image 11,MDL_0606_S11_Image_11,45,16472,8072,3,13,8072,0,24,46,6,13.743589743589743,1.958374628344896,1.6605430724186208,1046.142135623731,630.0,15808,25.076923076923077,0.058092281377792904,6.414213562373095,110.41421356237309,13,326,1.958374628344896,1.6605430724186208,1046.142135623731,630.0,8072,15808,,,0.0,0.0,0,0,122,377.5,11.0,70.0,57.5,148.15384615384616,129.0,1.148479427549195,313.18223488602575,148.0,2.116096181662336,110.97374287837503,106.0,1.0469221026261795,1.8651789596756587,1.7830687498754578,1.2735173781759614,1.3152097798230225,1.9029844413612855,1.6213320934081226,2.681586078699245,1.1997610258747118
C:\Users\JackM\40xMBPCNP\40xN1N2N3N4lif\MDL_0606.lif,MDL_0606,10,Image 11,MDL_0606_S11_Image_11,46,10123,5287,2,0,5286,1,13,27,5,14.043478260869565,1.5835067145829393,1.5336066710712772,717.7279220613577,468.0,8372,,,0.0,0.0,0,0,1.5838062807415816,1.5344917427857496,718.1421356237308,468.0,5286,8372,1.0,,0.0,0.0,1,1,89,297.5,10.0,35.0,42.5,130.3283525628901,129.0,1.0102973066890706,320.57283390087025,148.0,2.1660326614923666,116.0,106.0,1.0943396226415094,1.8651789596756587,1.7830687498754578,1.2735173781759614,1.3152097798230225,1.9029844413612855,1.6213320934081226,2.681586078699245,1.1997610258747118
C:\Users\JackM\40xMBPCNP\40xN1N2N3N4lif\MDL_0606.lif,MDL_0606,10,Image 11,MDL_0606_S11_Image_11,47,2550,2128,1,20,2128,0,4,24,1,8.785714285714286,1.1409774436090225,1.4245163994915284,316.2426406871193,222.0,2428,3.9,0.21295701636777445,9.414213562373096,44.207106781186546,20,78,1.1409774436090225,1.4245163994915284,316.2426406871193,222.0,2128,2428,,,0.0,0.0,0,0,40,117.5,17.0,30.0,17.5,137.75,129.0,1.067829457364341,225.43468045112783,148.0,1.5232073003454583,107.47697368421052,106.0,1.013933714001986,1.8651789596756587,1.7830687498754578,1.2735173781759614,1.3152097798230225,1.9029844413612855,1.6213320934081226,2.681586078699245,1.1997610258747118
C:\Users\JackM\40xMBPCNP\40xN1N2N3N4lif\MDL_0606.lif,MDL_0606,10,Image 11,MDL_0606_S11_Image_11,48,13715,9048,1,0,9048,0,18,60,11,12.487179487179487,1.7393899204244032,1.3038065700943255,1222.9705627484773,938.0,15738,,,0.0,0.0,0,0,1.7393899204244032,1.3038065700943255,1222.9705627484773,938.0,9048,15738,,,0.0,0.0,0,0,189,392.5,5.0,40.0,92.5,126.45092838196287,129.0,0.980239754898937,313.5108311229001,148.0,2.1183164265060817,105.75508399646331,106.0,0.9976894716647482,1.8651789596756587,1.7830687498754578,1.2735173781759614,1.3152097798230225,1.9029844413612855,1.6213320934081226,2.681586078699245,1.1997610258747118
C:\Users\JackM\40xMBPCNP\40xN1N2N3N4lif\MDL_0606.lif,MDL_0606,10,Image 11,MDL_0606_S11_Image_11,50,4935,2582,1,346,2582,19,13,44,25,6.352941176470588,1.5201394268009296,1.8744227993931146,581.0710678118655,310.0,3925,1.092485549132948,1.3283381171868103,122.20710678118655,92.0,346,378,1.5201394268009296,1.8744227993931146,581.0710678118655,310.0,2582,3925,8.473684210526315,0.20298354141106786,14.65685424949238,72.20710678118655,19,161,101,162.5,4.0,15.0,47.5,136.64450867052022,129.0,1.0592597571358158,201.08907823392718,148.0,1.3587099880670757,114.0,106.0,1.0754716981132075,1.8651789596756587,1.7830687498754578,1.2735173781759614,1.3152097798230225,1.9029844413612855,1.6213320934081226,2.681586078699245,1.1997610258747118
C:\Users\JackM\40xMBPCNP\40xN1N2N3N4lif\MDL_0606.lif,MDL_0606,10,Image 11,MDL_0606_S11_Image_11,51,7190,3914,2,0,3914,0,9,55,10,7.84375,1.4764946346448646,1.4927002948341976,549.3137084989847,368.0,5779,,,0.0,0.0,0,0,1.4764946346448646,1.4927002948341976,549.3137084989847,368.0,3914,5779,,,0.0,0.0,0,0,68,177.5,7.0,35.0,30.0,126.97981604496678,129.0,0.9843396592633084,246.451967296883,148.0,1.6652159952492094,108.50153295861011,106.0,1.0235993675340578,1.8651789596756587,1.7830687498754578,1.2735173781759614,1.3152097798230225,1.9029844413612855,1.6213320934081226,2.681586078699245,1.1997610258747118
C:\Users\JackM\40xMBPCNP\40xN1N2N3N4lif\MDL_0606.lif,MDL_0606,10,Image 11,MDL_0606_S11_Image_11,52,5122,3395,1,0,3395,0,12,24,3,11.9,1.3764359351988218,1.6039942956032878,513.2781745930521,320.0,4673,,,0.0,0.0,0,0,1.3764359351988218,1.6039942956032878,513.2781745930521,320.0,3395,4673,,,0.0,0.0,0,0,59,182.5,6.0,30.0,27.5,123.03416789396171,129.0,0.9537532394880752,286.63711340206186,148.0,1.9367372527166342,105.84477172312224,106.0,0.998535582293606,1.8651789596756587,1.7830687498754578,1.2735173781759614,1.3152097798230225,1.9029844413612855,1.6213320934081226,2.681586078699245,1.1997610258747118
