lif_path,lif_name,scene_idx,series_name,base_name,cell_id,cellpose_area_px,cell_area_px,num_nuclei,mbp_area_px,pdgfra_area_px,cnp_area_px,num_proc,num_branch3_px,num_branch4_px,avg_segment_len_px,area_ratio_union,perimeter_ratio_union,cell_perimeter_union_px,hull_perimeter_union_px,hull_area_union_px,area_ratio_mbp,perimeter_ratio_mbp,cell_perimeter_mbp_px,hull_perimeter_mbp_px,cell_area_mbp_px,hull_area_mbp_px,area_ratio_pdgfra,perimeter_ratio_pdgfra,cell_perimeter_pdgfra_px,hull_perimeter_pdgfra_px,cell_area_pdgfra_px,hull_area_pdgfra_px,area_ratio_cnp,perimeter_ratio_cnp,cell_perimeter_cnp_px,hull_perimeter_cnp_px,cell_area_cnp_px,hull_area_cnp_px,max_r_px,AUC,Imax,Rmax_px,CriticalValue,mbp_mean_in,mbp_mean_bg,mbp_int_ratio,pdg_mean_in,pdg_mean_bg,pdg_int_ratio,cnp_mean_in,cnp_mean_bg,cnp_int_ratio,scene_area_ratio_union,scene_perimeter_ratio_union,scene_area_ratio_mbp,scene_perimeter_ratio_mbp,scene_area_ratio_pdgfra,scene_perimeter_ratio_pdgfra,scene_area_ratio_cnp,scene_perimeter_ratio_cnp
C:\Users\JackM\40xMBPCNP\40xN1N2N3N4lif\Pranlukast_0404.lif,Pranlukast_0404,0,Image 1,Pranlukast_0404_S1_Image_1,1,4702,3663,1,3765,2365,3097,12,34,5,10.2,1.322140322140322,1.5918933777108535,531.6923881554251,334.0,4843,1.249136786188579,1.274315330369939,425.62132034355966,334.0,3765,4703,1.4862579281183932,1.1249753043191923,335.2426406871193,298.0,2365,3515,1.563448498546981,1.8590869127022287,620.9350288425444,334.0,3097,4842,66,202.5,14.0,35.0,30.0,155.3120849933599,128.0,1.2133756640106241,249.82114164904863,137.0,1.823511982839771,166.4081369066839,128.0,1.300063569583468,1.3035449238847763,1.8984374052478221,1.2414701449749486,1.259465148376633,3.2481892830550216,1.32504127093321,1.3608115952590143,1.8484905538470802
C:\Users\JackM\40xMBPCNP\40xN1N2N3N4lif\Pranlukast_0404.lif,Pranlukast_0404,0,Image 1,Pranlukast_0404_S1_Image_1,2,39556,37600,1,39548,404,37491,16,46,6,26.085714285714285,1.0747872340425533,1.2398946072716308,1234.9350288425444,996.0,40412,1.023262870435926,1.0106639762485539,1006.6213203435597,996.0,39548,40468,1.1658415841584158,1.0,109.20710678118655,109.20710678118655,404,471,1.0779120322210665,1.2583827734989133,1253.3492424049175,996.0,37491,40412,148,427.5,14.0,105.0,70.0,196.72170526954588,128.0,1.5368883224183272,227.51237623762376,137.0,1.6606742791067428,232.45336214024698,128.0,1.8160418917206795,1.3035449238847763,1.8984374052478221,1.2414701449749486,1.259465148376633,3.2481892830550216,1.32504127093321,1.3608115952590143,1.8484905538470802
C:\Users\JackM\40xMBPCNP\40xN1N2N3N4lif\Pranlukast_0404.lif,Pranlukast_0404,0,Image 1,Pranlukast_0404_S1_Image_1,3,30454,14274,2,0,13758,4246,57,176,21,7.944444444444445,2.3224043715846996,2.016819530786575,1920.0121933088196,952.0,33150,,,0.0,0.0,0,0,2.366623055676697,1.877331197573536,1787.2193000900063,952.0,13758,32560,3.5513424399434763,1.5087886471848437,1019.9411254969543,676.0,4246,15079,165,642.5,12.0,115.0,80.0,129.4293120358694,128.0,1.0111665002802297,300.6720453554296,137.0,2.194686462448391,141.02213848327838,128.0,1.1017354569006124,1.3035449238847763,1.8984374052478221,1.2414701449749486,1.259465148376633,3.2481892830550216,1.32504127093321,1.3608115952590143,1.8484905538470802
C:\Users\JackM\40xMBPCNP\40xN1N2N3N4lif\Pranlukast_0404.lif,Pranlukast_0404,0,Image 1,Pranlukast_0404_S1_Image_1,4,82705,79608,2,81767,493,79555,15,53,15,36.75675675675676,1.1000904431715406,1.1721514073185555,1678.5208152801715,1432.0,87576,1.0567099196497365,1.0328498921275147,1460.4497474683058,1414.0,81767,86404,2.3549695740365113,0.7983414640783835,148.65685424949237,186.20710678118655,493,1161,1.1005719313682358,1.171548047901388,1675.3137084989849,1430.0,79555,87556,226,612.5,11.0,185.0,110.0,242.3460320178067,128.0,1.8933283751391148,190.1419878296146,137.0,1.3878977213840482,275.8855634466721,128.0,2.155355964427126,1.3035449238847763,1.8984374052478221,1.2414701449749486,1.259465148376633,3.2481892830550216,1.32504127093321,1.3608115952590143,1.8484905538470802
C:\Users\JackM\40xMBPCNP\40xN1N2N3N4lif\Pranlukast_0404.lif,Pranlukast_0404,0,Image 1,Pranlukast_0404_S1_Image_1,5,81083,64906,1,80794,0,64906,77,265,93,12.019323671497585,1.3111114534865806,2.4728434127278107,3313.6101730552664,1340.0,85099,1.0540510433943115,1.030031821408298,1380.2426406871193,1340.0,80794,85161,,,0.0,0.0,0,0,1.3111114534865806,2.4728434127278107,3313.6101730552664,1340.0,64906,85099,208,1197.5,19.0,160.0,100.0,268.602569497735,128.0,2.0984575742010545,137.71302346302346,137.0,1.0052045508249887,230.30225248821372,128.0,1.7992363475641697,1.3035449238847763,1.8984374052478221,1.2414701449749486,1.259465148376633,3.2481892830550216,1.32504127093321,1.3608115952590143,1.8484905538470802
C:\Users\JackM\40xMBPCNP\40xN1N2N3N4lif\Pranlukast_0404.lif,Pranlukast_0404,0,Image 1,Pranlukast_0404_S1_Image_1,6,62102,54037,2,49576,18996,47400,100,309,67,10.318181818181818,1.2133168014508577,2.5453703405212105,3084.988852711707,1212.0,65564,1.183596901726642,1.307419045455476,1584.5918830920368,1212.0,49576,58678,2.1725100021057067,2.5497585931196323,2299.882250993908,902.0,18996,41269,1.3824894514767931,2.2217377987001545,2692.7462120245873,1212.0,47400,65530,183,1062.5,23.0,120.0,90.0,173.3453687268033,128.0,1.3542606931781507,486.1070751737208,137.0,3.548226826085553,228.14073839662447,128.0,1.7823495187236287,1.3035449238847763,1.8984374052478221,1.2414701449749486,1.259465148376633,3.2481892830550216,1.32504127093321,1.3608115952590143,1.8484905538470802
C:\Users\JackM\40xMBPCNP\40xN1N2N3N4lif\Pranlukast_0404.lif,Pranlukast_0404,0,Image 1,Pranlukast_0404_S1_Image_1,7,29992,22237,2,5,21138,4496,88,210,67,9.075581395348838,1.380357062553402,2.6055933787969434,2204.331998462214,846.0,30695,1.2,0.6881924836846169,4.414213562373095,6.414213562373095,5,6,1.3731668085911628,2.6822420851209023,2226.260930650349,830.0,21138,29026,6.004225978647687,1.341568271684033,1043.7401153701776,778.0,4496,26995,133,772.5,20.0,110.0,62.5,145.0,128.0,1.1328125,528.7857413189516,137.0,3.8597499366346835,150.27313167259786,128.0,1.1740088411921707,1.3035449238847763,1.8984374052478221,1.2414701449749486,1.259465148376633,3.2481892830550216,1.32504127093321,1.3608115952590143,1.8484905538470802
C:\Users\JackM\40xMBPCNP\40xN1N2N3N4lif\Pranlukast_0404.lif,Pranlukast_0404,0,Image 1,Pranlukast_0404_S1_Image_1,8,17293,16668,0,17060,1521,16668,4,12,3,37.75,1.1088912886969042,1.0575507640865054,795.278174593052,752.0,18483,1.083470105509965,1.1097351267023554,834.5208152801713,752.0,17060,18484,2.52465483234714,0.9869562834062211,357.27817459305203,362.0,1521,3840,1.1088912886969042,1.0575507640865054,795.278174593052,752.0,16668,18483,138,282.5,10.0,55.0,65.0,185.7565650644783,128.0,1.4512231645662368,197.80999342537805,137.0,1.4438685651487448,263.98932085433165,128.0,2.062416569174466,1.3035449238847763,1.8984374052478221,1.2414701449749486,1.259465148376633,3.2481892830550216,1.32504127093321,1.3608115952590143,1.8484905538470802
C:\Users\JackM\40xMBPCNP\40xN1N2N3N4lif\Pranlukast_0404.lif,Pranlukast_0404,0,Image 1,Pranlukast_0404_S1_Image_1,9,9787,6877,1,4827,5456,2527,28,48,10,10.23404255319149,1.415151955794678,1.9196564657464508,860.0060966544099,448.0,9732,1.3565361508183136,1.0037132034355962,401.4852813742385,400.0,4827,6548,1.3973607038123168,1.5080481909787518,582.1066017177982,386.0,5456,7624,3.4946576968737633,1.6900695337055407,750.3908729652601,444.0,2527,8831,84,307.5,10.0,60.0,40.0,153.8783923762171,128.0,1.2021749404391961,383.0784457478006,137.0,2.7961930346554786,157.1634349030471,128.0,1.2278393351800554,1.3035449238847763,1.8984374052478221,1.2414701449749486,1.259465148376633,3.2481892830550216,1.32504127093321,1.3608115952590143,1.8484905538470802
C:\Users\JackM\40xMBPCNP\40xN1N2N3N4lif\Pranlukast_0404.lif,Pranlukast_0404,0,Image 1,Pranlukast_0404_S1_Image_1,10,120291,115629,4,120289,5549,115557,26,103,22,26.415584415584416,1.351287306817494,1.4750635187144232,2953.0771644662755,2002.0,156248,1.300077313802592,1.1134801464882103,2231.4142135623733,2004.0,120289,156385,12.030455938006847,1.0372816881290974,1487.4619407771256,1434.0,5549,66757,1.352129252230501,1.4709640647777666,2944.870057685089,2002.0,115557,156248,315,1022.5,17.0,190.0,155.0,339.9054610147229,128.0,2.6555114141775227,259.68841232654535,137.0,1.8955358563981413,347.78202964770634,128.0,2.7170471066227058,1.3035449238847763,1.8984374052478221,1.2414701449749486,1.259465148376633,3.2481892830550216,1.32504127093321,1.3608115952590143,1.8484905538470802
C:\Users\JackM\40xMBPCNP\40xN1N2N3N4lif\Pranlukast_0404.lif,Pranlukast_0404,0,Image 1,Pranlukast_0404_S1_Image_1,11,21663,16131,1,3457,19,16131,63,121,28,8.610619469026549,1.3370528795486951,2.3828857294912797,1572.7045814642447,660.0,21568,2.0974833670812845,1.4181841492889038,597.3492424049175,421.20710678118655,3457,7251,1.105263157894737,0.8879441738241592,14.207106781186548,16.0,19,21,1.3370528795486951,2.3828857294912797,1572.7045814642447,660.0,16131,21568,105,552.5,14.0,65.0,50.0,152.61498409025165,128.0,1.192304563205091,244.8421052631579,137.0,1.787168651555897,181.2546029384415,128.0,1.4160515854565743,1.3035449238847763,1.8984374052478221,1.2414701449749486,1.259465148376633,3.2481892830550216,1.32504127093321,1.3608115952590143,1.8484905538470802
C:\Users\JackM\40xMBPCNP\40xN1N2N3N4lif\Pranlukast_0404.lif,Pranlukast_0404,0,Image 1,Pranlukast_0404_S1_Image_1,12,14995,14343,1,14995,923,14343,5,31,3,23.61111111111111,1.064142787422436,1.2832290192652633,793.0355339059328,618.0,15263,1.0222074024674892,1.0,618.0,618.0,14995,15328,1.1570964247020585,1.0306300398893327,175.20710678118655,170.0,923,1068,1.064142787422436,1.2832290192652633,793.0355339059328,618.0,14343,15263,118,257.5,7.0,55.0,55.0,188.383261087029,128.0,1.4717442272424142,237.15601300108344,137.0,1.731065788329076,209.99958167747334,128.0,1.6406217318552605,1.3035449238847763,1.8984374052478221,1.2414701449749486,1.259465148376633,3.2481892830550216,1.32504127093321,1.3608115952590143,1.8484905538470802
C:\Users\JackM\40xMBPCNP\40xN1N2N3N4lif\Pranlukast_0404.lif,Pranlukast_0404,0,Image 1,Pranlukast_0404_S1_Image_1,13,49221,42848,3,28831,8132,42848,30,94,21,20.44927536231884,1.1694128080657207,1.435945897869078,1585.2842712474621,1104.0,50107,1.4470535187818667,2.0801117232447415,2196.597979746447,1056.0,28831,41720,1.7712739793408756,1.535634201392676,970.5208152801713,632.0,8132,14404,1.1694128080657207,1.435945897869078,1585.2842712474621,1104.0,42848,50107,169,592.5,22.0,110.0,82.5,155.62318337900177,128.0,1.2158061201484514,319.86989670437777,137.0,2.3348167642655313,221.92422050037342,128.0,1.7337829726591674,1.3035449238847763,1.8984374052478221,1.2414701449749486,1.259465148376633,3.2481892830550216,1.32504127093321,1.3608115952590143,1.8484905538470802
C:\Users\JackM\40xMBPCNP\40xN1N2N3N4lif\Pranlukast_0404.lif,Pranlukast_0404,0,Image 1,Pranlukast_0404_S1_Image_1,14,100719,88149,4,100280,7859,87819,52,220,50,18.777070063694268,1.2782561344995405,2.1961900527816987,3518.2964645562815,1602.0,112677,1.1242820103709612,1.0768304012177692,1718.6213203435595,1596.0,100280,112743,6.940959409594096,0.930647928613676,1152.1421356237308,1238.0,7859,54549,1.2820004782564138,2.186461097452344,3502.710678118655,1602.0,87819,112584,267,1137.5,24.0,175.0,130.0,236.66272437175908,128.0,1.8489275341543678,271.1761038300038,137.0,1.979387619197108,214.53642150331933,128.0,1.6760657929946823,1.3035449238847763,1.8984374052478221,1.2414701449749486,1.259465148376633,3.2481892830550216,1.32504127093321,1.3608115952590143,1.8484905538470802
C:\Users\JackM\40xMBPCNP\40xN1N2N3N4lif\Pranlukast_0404.lif,Pranlukast_0404,0,Image 1,Pranlukast_0404_S1_Image_1,15,21513,19177,3,19348,15130,16141,35,73,20,10.08955223880597,1.3224696250717005,1.630599855416074,1335.7989898732233,819.2071067811866,25361,1.257442629729171,1.2286958216720636,1006.556349186104,819.2071067811866,19348,24329,1.339920687376074,1.7433767854599185,1241.284271247462,712.0,15130,20273,1.5361501765689858,1.5870812417468632,1300.1482322781408,819.2071067811866,16141,24795,159,482.5,9.0,75.0,77.5,195.32086003721315,128.0,1.5259442190407277,571.7190350297423,137.0,4.173131642552863,226.9724304566012,128.0,1.7732221129421968,1.3035449238847763,1.8984374052478221,1.2414701449749486,1.259465148376633,3.2481892830550216,1.32504127093321,1.3608115952590143,1.8484905538470802
C:\Users\JackM\40xMBPCNP\40xN1N2N3N4lif\Pranlukast_0404.lif,Pranlukast_0404,0,Image 1,Pranlukast_0404_S1_Image_1,16,43036,38649,2,34360,16779,36623,32,105,20,17.0,1.2037827628140443,1.6428348360741183,1665.834523779156,1014.0,46525,1.116792782305006,1.2416893628570387,1124.970562748477,906.0,34360,38373,1.66964658203707,2.3668350464102077,1921.8700576850888,812.0,16779,28015,1.2682740354422084,1.7038446595757741,1727.698484809835,1014.0,36623,46448,176,602.5,12.0,85.0,85.0,204.38649592549476,128.0,1.5967694994179278,324.9556588592884,137.0,2.3719391157612293,252.15932610654508,128.0,1.9699947352073834,1.3035449238847763,1.8984374052478221,1.2414701449749486,1.259465148376633,3.2481892830550216,1.32504127093321,1.3608115952590143,1.8484905538470802
C:\Users\JackM\40xMBPCNP\40xN1N2N3N4lif\Pranlukast_0404.lif,Pranlukast_0404,0,Image 1,Pranlukast_0404_S1_Image_1,17,43033,40937,1,42001,1958,40925,21,63,12,18.65909090909091,1.2080269682683147,1.1597960846971198,1346.7634559672906,1161.2071067811867,49453,1.1774719649532155,1.0539583799337695,1223.863961030679,1161.2071067811867,42001,49455,6.124106230847804,0.7921132625542145,487.31370849898474,615.2071067811866,1958,11991,1.2083811850946855,1.1506492922933071,1336.142135623731,1161.2071067811867,40925,49453,192,557.5,15.0,95.0,92.5,196.9462631842099,128.0,1.5386426811266398,206.23186925434118,137.0,1.505342111345556,246.616298106292,128.0,1.9266898289554062,1.3035449238847763,1.8984374052478221,1.2414701449749486,1.259465148376633,3.2481892830550216,1.32504127093321,1.3608115952590143,1.8484905538470802
C:\Users\JackM\40xMBPCNP\40xN1N2N3N4lif\Pranlukast_0404.lif,Pranlukast_0404,0,Image 1,Pranlukast_0404_S1_Image_1,18,52251,51627,2,52133,5374,51058,16,22,4,32.92857142857143,1.2557382764832354,1.148343511020225,1426.2426406871193,1242.0,64830,1.2435885139930563,1.115498991520375,1385.4497474683058,1242.0,52133,64832,5.158727205061407,0.7859716239462812,630.3492424049175,802.0,5374,27723,1.2695757765678248,1.2288874191570467,1526.278174593052,1242.0,51058,64822,187,537.5,10.0,100.0,90.0,237.2927128690081,128.0,1.8538493192891259,558.4635280982509,137.0,4.076376117505481,297.23694621802656,128.0,2.3221636423283325,1.3035449238847763,1.8984374052478221,1.2414701449749486,1.259465148376633,3.2481892830550216,1.32504127093321,1.3608115952590143,1.8484905538470802
C:\Users\JackM\40xMBPCNP\40xN1N2N3N4lif\Pranlukast_0404.lif,Pranlukast_0404,0,Image 1,Pranlukast_0404_S1_Image_1,19,68542,52920,1,20575,1723,52445,84,313,51,11.673913043478262,1.4923280423280423,3.047468976383525,4400.54520189781,1444.0,78974,3.532150668286756,2.5325200281372635,3616.4386001800126,1428.0,20575,72674,22.00348229831689,0.4109070636445128,470.89949493661163,1146.0,1723,37912,1.505691676994947,3.0231119314560644,4365.373629022557,1444.0,52445,78966,260,1457.5,20.0,90.0,127.5,151.96714459295262,128.0,1.1872433171324424,194.55948926291353,137.0,1.4201422573935294,189.89545237868242,128.0,1.4835582217084564,1.3035449238847763,1.8984374052478221,1.2414701449749486,1.259465148376633,3.2481892830550216,1.32504127093321,1.3608115952590143,1.8484905538470802
C:\Users\JackM\40xMBPCNP\40xN1N2N3N4lif\Pranlukast_0404.lif,Pranlukast_0404,0,Image 1,Pranlukast_0404_S1_Image_1,20,55757,46332,2,55757,928,46328,34,183,40,14.387931034482758,1.3908961408961409,1.834275104572944,2424.911688245432,1322.0,64443,1.1759599691518554,1.0454325890006813,1408.414213562373,1347.2071067811867,55757,65568,17.62823275862069,0.2275395891118584,228.44974746830584,1004.0,928,16359,1.3909730616473839,1.8336753366313299,2424.118795026618,1322.0,46328,64441,229,797.5,10.0,70.0,112.5,273.99747116953927,128.0,2.1406052435120255,194.35237068965517,137.0,1.4186304429901837,219.29237178380245,128.0,1.7132216545609567,1.3035449238847763,1.8984374052478221,1.2414701449749486,1.259465148376633,3.2481892830550216,1.32504127093321,1.3608115952590143,1.8484905538470802
C:\Users\JackM\40xMBPCNP\40xN1N2N3N4lif\Pranlukast_0404.lif,Pranlukast_0404,0,Image 1,Pranlukast_0404_S1_Image_1,21,25760,22646,1,24816,212,22646,8,26,5,35.421052631578945,1.352600900821337,1.35831403925462,1208.8994949366117,890.0,30631,1.233558994197292,1.2114355837411952,1078.1776695296637,890.0,24816,30612,3.2877358490566038,0.5760947570824873,86.41421356237309,150.0,212,697,1.352600900821337,1.35831403925462,1208.8994949366117,890.0,22646,30631,169,432.5,8.0,95.0,82.5,189.24262572533848,128.0,1.478458013479207,193.1745283018868,137.0,1.4100330532984438,232.00366510642056,128.0,1.8125286336439106,1.3035449238847763,1.8984374052478221,1.2414701449749486,1.259465148376633,3.2481892830550216,1.32504127093321,1.3608115952590143,1.8484905538470802
C:\Users\JackM\40xMBPCNP\40xN1N2N3N4lif\Pranlukast_0404.lif,Pranlukast_0404,0,Image 1,Pranlukast_0404_S1_Image_1,22,121814,114594,3,121814,900,114594,41,138,34,26.80808080808081,1.213283417979999,1.5645241169548374,2753.5624458405136,1760.0,139035,1.1416832219613509,1.0397727272727273,1830.0,1760.0,121814,139073,68.69777777777777,0.25547561535224933,352.55634918610406,1380.0,900,61828,1.213283417979999,1.5645241169548374,2753.5624458405136,1760.0,114594,139035,246,967.5,16.0,180.0,120.0,332.04542991774343,128.0,2.5941049212323706,182.48777777777778,137.0,1.3320275750202757,299.7403267186764,128.0,2.3417213024896593,1.3035449238847763,1.8984374052478221,1.2414701449749486,1.259465148376633,3.2481892830550216,1.32504127093321,1.3608115952590143,1.8484905538470802
C:\Users\JackM\40xMBPCNP\40xN1N2N3N4lif\Pranlukast_0404.lif,Pranlukast_0404,0,Image 1,Pranlukast_0404_S1_Image_1,23,72786,58949,2,71812,1155,58949,52,204,38,15.078947368421053,1.445724270131809,2.3165163620988114,3423.8111831820434,1478.0,85224,1.1879073135409124,1.0660590384187663,1579.8994949366117,1482.0,71812,85306,3.7645021645021646,1.0687597981267036,346.278174593052,324.0,1155,4348,1.445724270131809,2.3165163620988114,3423.8111831820434,1478.0,58949,85224,228,1187.5,20.0,150.0,112.5,246.4215033699103,128.0,1.9251679950774243,195.6952380952381,137.0,1.4284323948557525,219.4401092469762,128.0,1.7143758534920015,1.3035449238847763,1.8984374052478221,1.2414701449749486,1.259465148376633,3.2481892830550216,1.32504127093321,1.3608115952590143,1.8484905538470802
C:\Users\JackM\40xMBPCNP\40xN1N2N3N4lif\Pranlukast_0404.lif,Pranlukast_0404,0,Image 1,Pranlukast_0404_S1_Image_1,24,12494,5794,1,1919,0,5794,34,56,15,8.588235294117647,2.3793579565067313,1.7437544759221657,941.6274169979695,540.0,13786,3.665450755601876,1.0960060015616349,482.2426406871193,440.0,1919,7034,,,0.0,0.0,0,0,2.3793579565067313,1.7437544759221657,941.6274169979695,540.0,5794,13786,134,317.5,7.0,70.0,71.13636363636364,153.0578426263679,128.0,1.1957643955184991,152.965160400138,137.0,1.1165340175192553,163.04021401449776,128.0,1.2737516719882638,1.3035449238847763,1.8984374052478221,1.2414701449749486,1.259465148376633,3.2481892830550216,1.32504127093321,1.3608115952590143,1.8484905538470802
C:\Users\JackM\40xMBPCNP\40xN1N2N3N4lif\Pranlukast_0404.lif,Pranlukast_0404,0,Image 1,Pranlukast_0404_S1_Image_1,25,8631,7517,0,8631,0,7517,12,28,2,12.952380952380953,1.1732073965677796,1.1973979814823859,608.278174593052,508.0,8819,1.038234271810914,1.0039370078740157,510.0,508.0,8631,8961,,,0.0,0.0,0,0,1.1732073965677796,1.1973979814823859,608.278174593052,508.0,7517,8819,101,187.5,4.0,55.0,47.5,305.18074383037884,128.0,2.3842245611748347,141.62356621480708,137.0,1.0337486585022415,230.81069575628575,128.0,1.8032085605959824,1.3035449238847763,1.8984374052478221,1.2414701449749486,1.259465148376633,3.2481892830550216,1.32504127093321,1.3608115952590143,1.8484905538470802
C:\Users\JackM\40xMBPCNP\40xN1N2N3N4lif\Pranlukast_0404.lif,Pranlukast_0404,0,Image 1,Pranlukast_0404_S1_Image_1,26,49278,40692,1,42449,2165,40692,39,166,34,14.89344262295082,1.3018775189226384,2.2961505280479635,2557.9116882454314,1114.0,52976,1.1555042521614172,1.481883862989584,1561.9055915910217,1054.0,42449,49050,1.7935334872979214,1.2533190189292718,391.03553390593277,312.0,2165,3883,1.3018775189226384,2.2961505280479635,2557.9116882454314,1114.0,40692,52976,295,827.5,11.0,100.0,145.0,183.0081745153007,128.0,1.4297513634007868,283.0826789838337,137.0,2.0662969268892972,233.28814017497297,128.0,1.8225635951169763,1.3035449238847763,1.8984374052478221,1.2414701449749486,1.259465148376633,3.2481892830550216,1.32504127093321,1.3608115952590143,1.8484905538470802
C:\Users\JackM\40xMBPCNP\40xN1N2N3N4lif\Pranlukast_0404.lif,Pranlukast_0404,0,Image 1,Pranlukast_0404_S1_Image_1,27,7742,3020,2,1508,958,2470,35,95,24,4.569444444444445,2.2324503311258277,2.0055708321022285,786.1837661840735,392.0,6742,1.6385941644562334,1.1521525230178584,301.8639610306789,262.0,1508,2471,1.6002087682672235,1.387050565098879,266.31370849898474,192.0,958,1533,2.622672064777328,1.8968429740829436,743.5624458405139,392.0,2470,6478,95,270.0,6.0,35.0,45.0,152.70888594164455,128.0,1.193038171419098,208.2661795407098,137.0,1.5201910915380277,147.51174089068826,128.0,1.152435475708502,1.3035449238847763,1.8984374052478221,1.2414701449749486,1.259465148376633,3.2481892830550216,1.32504127093321,1.3608115952590143,1.8484905538470802
C:\Users\JackM\40xMBPCNP\40xN1N2N3N4lif\Pranlukast_0404.lif,Pranlukast_0404,0,Image 1,Pranlukast_0404_S1_Image_1,28,60542,47071,2,24038,15654,42031,101,460,124,9.193442622950819,1.6577723014170083,3.2727879783772513,4405.17261889578,1346.0,78033,2.2062151593310593,1.937330840605786,2274.4264068711927,1174.0,24038,53033,3.3820109876070013,2.1317084016642416,2472.78174593052,1160.0,15654,52942,1.8424734124812638,3.382859740968036,4546.56349186104,1344.0,42031,77441,246,1307.5,17.0,145.0,120.0,164.03585988850986,128.0,1.2815301553789833,443.9037306758656,137.0,3.2401732166121575,202.990150127287,128.0,1.5858605478694296,1.3035449238847763,1.8984374052478221,1.2414701449749486,1.259465148376633,3.2481892830550216,1.32504127093321,1.3608115952590143,1.8484905538470802
C:\Users\JackM\40xMBPCNP\40xN1N2N3N4lif\Pranlukast_0404.lif,Pranlukast_0404,0,Image 1,Pranlukast_0404_S1_Image_1,29,12209,11736,2,0,1206,11736,8,16,2,18.46153846153846,1.0510395364689844,1.1065089256547302,548.8284271247462,496.0,12335,,,0.0,0.0,0,0,2.2470978441127696,1.2473066216158657,334.27817459305203,268.0,1206,2710,1.0510395364689844,1.1065089256547302,548.8284271247462,496.0,11736,12335,82,197.5,16.0,70.0,37.5,133.09270620313566,128.0,1.0397867672119974,199.0547263681592,137.0,1.4529542070668555,205.7926891615542,128.0,1.6077553840746421,1.3035449238847763,1.8984374052478221,1.2414701449749486,1.259465148376633,3.2481892830550216,1.32504127093321,1.3608115952590143,1.8484905538470802
C:\Users\JackM\40xMBPCNP\40xN1N2N3N4lif\Pranlukast_0404.lif,Pranlukast_0404,0,Image 1,Pranlukast_0404_S1_Image_1,30,67248,59871,1,67248,5245,59512,43,177,65,14.877862595419847,1.203738036779075,1.892578657790562,2490.6335136523794,1316.0,72069,1.0756751130145135,1.0144376899696048,1335.0,1316.0,67248,72337,9.61163012392755,1.222889138344531,1308.4913780286483,1070.0,5245,50413,1.210999462293319,1.8412216772148577,2423.0477272147527,1316.0,59512,72069,238,802.5,18.0,130.0,115.0,334.60055317630264,128.0,2.6140668216898644,240.57979027645376,137.0,1.7560568633317792,233.89543285387822,128.0,1.8273080691709236,1.3035449238847763,1.8984374052478221,1.2414701449749486,1.259465148376633,3.2481892830550216,1.32504127093321,1.3608115952590143,1.8484905538470802
C:\Users\JackM\40xMBPCNP\40xN1N2N3N4lif\Pranlukast_0404.lif,Pranlukast_0404,0,Image 1,Pranlukast_0404_S1_Image_1,31,5911,5206,1,2775,4620,1287,15,100,39,6.0625,1.1473300038417211,1.757799069796437,646.8700576850888,368.0,5973,1.2104504504504505,1.116864077255182,321.6568542494924,288.0,2775,3359,1.1770562770562771,1.6045260061921311,574.4203102167829,358.0,4620,5438,3.804195804195804,1.4086635078059226,462.04163056034264,328.0,1287,4896,64,202.5,15.0,40.0,30.0,153.5210810810811,128.0,1.199383445945946,282.08549783549785,137.0,2.0590182323758968,144.7148407148407,128.0,1.130584693084693,1.3035449238847763,1.8984374052478221,1.2414701449749486,1.259465148376633,3.2481892830550216,1.32504127093321,1.3608115952590143,1.8484905538470802
C:\Users\JackM\40xMBPCNP\40xN1N2N3N4lif\Pranlukast_0404.lif,Pranlukast_0404,0,Image 1,Pranlukast_0404_S1_Image_1,32,14833,11505,2,233,256,11330,32,99,20,9.891891891891891,1.310734463276836,2.157236529867289,1272.7695526217003,590.0,15080,2.3090128755364807,0.8679205962605943,97.20710678118655,112.0,233,538,1.1015625,1.067213342142555,83.24264068711929,78.0,256,282,1.3259488084730804,2.1362979105247377,1247.5979797464468,584.0,11330,15023,92,467.5,19.0,65.0,42.5,146.48068669527896,128.0,1.144380364806867,180.890625,137.0,1.3203695255474452,181.35798764342454,128.0,1.4168592784642542,1.3035449238847763,1.8984374052478221,1.2414701449749486,1.259465148376633,3.2481892830550216,1.32504127093321,1.3608115952590143,1.8484905538470802
C:\Users\JackM\40xMBPCNP\40xN1N2N3N4lif\Pranlukast_0404.lif,Pranlukast_0404,0,Image 1,Pranlukast_0404_S1_Image_1,33,16424,14322,1,9728,242,14322,10,44,9,22.517241379310345,1.2089791928501605,1.5608334171826161,1044.5208152801713,669.2071067811866,17315,1.5723684210526316,1.3587119536553525,877.7279220613577,646.0,9728,15296,1.2355371900826446,1.0956611179277707,92.03553390593274,84.0,242,299,1.2089791928501605,1.5608334171826161,1044.5208152801713,669.2071067811866,14322,17315,99,332.5,14.0,75.0,47.5,155.19140625,128.0,1.212432861328125,181.10743801652893,137.0,1.3219521023104301,184.63810920262534,128.0,1.4424852281455105,1.3035449238847763,1.8984374052478221,1.2414701449749486,1.259465148376633,3.2481892830550216,1.32504127093321,1.3608115952590143,1.8484905538470802
C:\Users\JackM\40xMBPCNP\40xN1N2N3N4lif\Pranlukast_0404.lif,Pranlukast_0404,0,Image 1,Pranlukast_0404_S1_Image_1,34,15934,13715,1,7254,12539,5457,23,71,16,10.555555555555555,1.2311337951148378,1.5064619684595035,982.2132034355964,652.0,16885,1.201957540667218,1.2943904727760898,662.727922061358,512.0,7254,8719,1.2823989153840019,1.377515040478231,895.3847763108502,650.0,12539,16080,2.809602345611142,2.2808014509947956,1377.6040764008565,604.0,5457,15332,105,417.5,16.0,60.0,50.0,175.0004135649297,128.0,1.3671907309760132,698.5218119467262,137.0,5.098699357275374,159.3895913505589,128.0,1.2452311824262414,1.3035449238847763,1.8984374052478221,1.2414701449749486,1.259465148376633,3.2481892830550216,1.32504127093321,1.3608115952590143,1.8484905538470802
C:\Users\JackM\40xMBPCNP\40xN1N2N3N4lif\Pranlukast_0404.lif,Pranlukast_0404,0,Image 1,Pranlukast_0404_S1_Image_1,35,22102,17257,1,16717,0,17257,54,188,56,7.834394904458598,1.4867589963493075,2.674612667759348,2094.77564927611,783.2071067811866,25657,1.52760662798349,1.4664974663785917,1140.9350288425444,778.0,16717,25537,,,0.0,0.0,0,0,1.4867589963493075,2.674612667759348,2094.77564927611,783.2071067811866,17257,25657,130,727.5,27.0,85.0,62.5,161.62194173595742,128.0,1.2626714198121674,140.02054414214325,137.0,1.0220477674608996,177.27131019296516,128.0,1.3849321108825403,1.3035449238847763,1.8984374052478221,1.2414701449749486,1.259465148376633,3.2481892830550216,1.32504127093321,1.3608115952590143,1.8484905538470802
C:\Users\JackM\40xMBPCNP\40xN1N2N3N4lif\Pranlukast_0404.lif,Pranlukast_0404,0,Image 1,Pranlukast_0404_S1_Image_1,36,19763,16836,1,586,16660,6360,38,250,67,7.9113924050632916,1.323592302209551,2.4439009961845923,1784.0477272147523,730.0,22284,2.8003412969283277,0.9356076521111711,190.86396103067892,204.0,586,1641,1.3375750300120048,2.5230693430596793,1841.8406204335658,730.0,16660,22284,3.2196540880503144,1.8158665447067506,1285.6335136523794,708.0,6360,20477,125,357.5,11.0,60.0,60.0,146.46075085324233,128.0,1.1442246160409557,439.4238895558223,137.0,3.2074736463928635,141.17720125786164,128.0,1.102946884827044,1.3035449238847763,1.8984374052478221,1.2414701449749486,1.259465148376633,3.2481892830550216,1.32504127093321,1.3608115952590143,1.8484905538470802
C:\Users\JackM\40xMBPCNP\40xN1N2N3N4lif\Pranlukast_0404.lif,Pranlukast_0404,0,Image 1,Pranlukast_0404_S1_Image_1,37,8364,5449,1,2893,1734,5039,30,63,21,8.066666666666666,1.5287208662139842,2.1791106422022297,945.7340187157678,434.0,8330,1.7791220186657448,1.0266034864953504,364.65685424949237,355.20710678118655,2893,5147,1.4665513264129182,1.2692096713564995,326.4497474683059,257.20710678118655,1734,2543,1.6463584044453266,2.3000444702534706,998.2193000900063,434.0,5039,8296,93,347.5,11.0,30.0,45.0,163.99274109920498,128.0,1.2811932898375389,223.09803921568627,137.0,1.6284528409904107,152.4022623536416,128.0,1.190642674637825,1.3035449238847763,1.8984374052478221,1.2414701449749486,1.259465148376633,3.2481892830550216,1.32504127093321,1.3608115952590143,1.8484905538470802
C:\Users\JackM\40xMBPCNP\40xN1N2N3N4lif\Pranlukast_0404.lif,Pranlukast_0404,1,Image 2,Pranlukast_0404_S2_Image_2,1,20162,8276,2,959,7519,4859,66,56,17,7.949367088607595,2.2183421942967616,2.0309294186309756,1234.8050865276332,608.0,18359,1.4577685088633994,1.179918314994549,211.44974746830584,179.20710678118655,959,1398,2.4243915414283816,2.0503655001500105,1230.2193000900063,600.0,7519,18229,2.881457089936201,1.6515169492285653,994.2132034355964,602.0,4859,14001,185,640.0,8.0,130.0,90.0,153.98331595411886,130.0,1.1844870458009142,329.42612049474667,145.0,2.271904279274115,141.8654044041984,129.0,1.0997318170868091,1.4536635651715142,2.0770563402770637,1.3067575565508296,1.1145240434497536,1.7561508779999395,1.8650379707388733,1.7573555576987672,1.8818093832141274
C:\Users\JackM\40xMBPCNP\40xN1N2N3N4lif\Pranlukast_0404.lif,Pranlukast_0404,1,Image 2,Pranlukast_0404_S2_Image_2,2,24316,17548,3,123,0,17548,41,108,28,10.967391304347826,1.3678481878276727,2.4319446003194534,1687.7695526217005,694.0,24003,8.975609756097562,0.3989629396837987,74.20710678118655,186.0,123,1104,,,0.0,0.0,0,0,1.3678481878276727,2.4319446003194534,1687.7695526217005,694.0,17548,24003,108,562.5,16.0,75.0,52.5,150.1788617886179,130.0,1.1552220137585991,139.33445406883976,145.0,0.9609272694402742,187.08080692956463,129.0,1.4502388134074777,1.4536635651715142,2.0770563402770637,1.3067575565508296,1.1145240434497536,1.7561508779999395,1.8650379707388733,1.7573555576987672,1.8818093832141274
C:\Users\JackM\40xMBPCNP\40xN1N2N3N4lif\Pranlukast_0404.lif,Pranlukast_0404,1,Image 2,Pranlukast_0404_S2_Image_2,3,16757,9871,2,26,5677,6654,51,144,33,6.232142857142857,1.5827170499442813,2.0323409304896227,1296.6335136523794,638.0,15623,57.61538461538461,0.059544604535961144,18.82842712474619,316.20710678118655,26,1498,1.3450766249779813,1.6367308768228301,700.5208152801713,428.0,5677,7636,2.3465584610760444,2.3014608126366998,1468.3319984622144,638.0,6654,15614,106,527.5,19.0,70.0,50.0,153.03846153846155,130.0,1.1772189349112427,290.6748282543597,145.0,2.004653987961101,156.27171626089572,129.0,1.2114086531852382,1.4536635651715142,2.0770563402770637,1.3067575565508296,1.1145240434497536,1.7561508779999395,1.8650379707388733,1.7573555576987672,1.8818093832141274
C:\Users\JackM\40xMBPCNP\40xN1N2N3N4lif\Pranlukast_0404.lif,Pranlukast_0404,1,Image 2,Pranlukast_0404_S2_Image_2,4,35645,30685,5,28060,18973,27045,67,300,111,8.376884422110553,1.2282548476454294,2.412492141570582,2137.4680374315353,886.0,37689,1.1719529579472558,1.2018632211768097,1036.00609665441,862.0,28060,32885,1.9233120750540242,4.7710075051311955,4217.570634535977,884.0,18973,36491,1.3609539656128675,1.8605627453916858,1603.8050865276332,862.0,27045,36807,146,687.5,23.0,110.0,70.0,198.8834996436208,130.0,1.5298730741816986,319.7085331787277,145.0,2.2048864357153635,220.13680902200036,129.0,1.7064868916434137,1.4536635651715142,2.0770563402770637,1.3067575565508296,1.1145240434497536,1.7561508779999395,1.8650379707388733,1.7573555576987672,1.8818093832141274
C:\Users\JackM\40xMBPCNP\40xN1N2N3N4lif\Pranlukast_0404.lif,Pranlukast_0404,1,Image 2,Pranlukast_0404_S2_Image_2,5,43823,31814,6,701,31455,7563,63,231,52,9.355263157894736,1.3513233167787766,2.1331081764669255,2218.4325035256024,1040.0,42991,14.614835948644792,0.3778287224457817,210.82842712474618,558.0,701,10245,1.3595612780162136,2.1050673213798734,2176.639610306789,1034.0,31455,42765,4.23985191061748,2.4802609146716743,2133.0243866176397,860.0,7563,32066,181,767.5,20.0,90.0,87.5,148.95292439372326,130.0,1.1457917261055637,566.9767286599905,145.0,3.910184335586141,140.68306227687427,129.0,1.0905663742393354,1.4536635651715142,2.0770563402770637,1.3067575565508296,1.1145240434497536,1.7561508779999395,1.8650379707388733,1.7573555576987672,1.8818093832141274
C:\Users\JackM\40xMBPCNP\40xN1N2N3N4lif\Pranlukast_0404.lif,Pranlukast_0404,1,Image 2,Pranlukast_0404_S2_Image_2,6,13760,10661,2,309,9900,8047,49,180,49,6.3858267716535435,1.3371165931901323,2.2738587679963183,1314.2903679018718,578.0,14255,14.605177993527509,0.4326877739830539,135.86396103067892,314.0,309,4513,1.416969696969697,2.0490576800334384,1184.3553390593274,578.0,9900,14028,1.5715173356530383,2.329647689221978,1262.6690475583123,542.0,8047,12646,122,417.5,12.0,55.0,57.5,148.98381877022655,130.0,1.1460293751555888,362.2070707070707,145.0,2.497979797979798,151.69516590033552,129.0,1.175931518607252,1.4536635651715142,2.0770563402770637,1.3067575565508296,1.1145240434497536,1.7561508779999395,1.8650379707388733,1.7573555576987672,1.8818093832141274
C:\Users\JackM\40xMBPCNP\40xN1N2N3N4lif\Pranlukast_0404.lif,Pranlukast_0404,1,Image 2,Pranlukast_0404_S2_Image_2,7,22689,9793,2,3423,1654,9096,38,110,32,7.345238095238095,2.168589809047279,1.7513127142511922,1302.976659402887,744.0,21237,2.437043529068069,1.0224614217436936,501.0060966544099,490.0,3423,8342,4.0175332527206775,0.7922712427384916,358.1066017177982,452.0,1654,6645,2.3347625329815305,1.8308921588495612,1362.1837661840736,744.0,9096,21237,197,455.0,11.0,110.0,103.78787878787878,151.33508618171194,130.0,1.1641160475516303,224.86880290205562,145.0,1.5508193303590043,173.82113016710642,129.0,1.3474506214504374,1.4536635651715142,2.0770563402770637,1.3067575565508296,1.1145240434497536,1.7561508779999395,1.8650379707388733,1.7573555576987672,1.8818093832141274
C:\Users\JackM\40xMBPCNP\40xN1N2N3N4lif\Pranlukast_0404.lif,Pranlukast_0404,1,Image 2,Pranlukast_0404_S2_Image_2,8,19433,13025,2,0,12214,7149,50,76,28,10.365853658536585,1.4483685220729368,2.0581952724981445,1309.0121933088199,636.0,18865,,,0.0,0.0,0,0,1.5230882593744883,1.985430847037371,1262.734018715768,636.0,12214,18603,2.1580640649041825,2.154413786850835,1236.6335136523794,574.0,7149,15428,100,572.5,21.0,85.0,47.5,129.66679462571977,130.0,0.997436881736306,586.7190109710168,145.0,4.046338006696668,144.61658973282977,129.0,1.1210588351382151,1.4536635651715142,2.0770563402770637,1.3067575565508296,1.1145240434497536,1.7561508779999395,1.8650379707388733,1.7573555576987672,1.8818093832141274
C:\Users\JackM\40xMBPCNP\40xN1N2N3N4lif\Pranlukast_0404.lif,Pranlukast_0404,1,Image 2,Pranlukast_0404_S2_Image_2,9,11939,9144,3,1183,704,8555,46,116,33,6.978494623655914,1.2855424321959754,2.1545685512494965,1060.0477272147523,492.0,11755,7.054945054945055,0.9750495601908841,409.5208152801713,420.0,1183,8346,10.96875,0.8767070091296278,399.0832611206852,455.20710678118655,704,7722,1.334073641145529,1.5707605844767598,757.1066017177982,482.0,8555,11413,96,417.5,13.0,45.0,45.0,150.06508875739644,130.0,1.1543468365953573,240.2088068181818,145.0,1.656612460815047,184.89760374050263,129.0,1.433314757678315,1.4536635651715142,2.0770563402770637,1.3067575565508296,1.1145240434497536,1.7561508779999395,1.8650379707388733,1.7573555576987672,1.8818093832141274
C:\Users\JackM\40xMBPCNP\40xN1N2N3N4lif\Pranlukast_0404.lif,Pranlukast_0404,1,Image 2,Pranlukast_0404_S2_Image_2,10,36638,22689,4,36571,1881,22521,108,360,112,5.845283018867924,1.661554057032042,3.0441547460479197,2800.6223663640862,920.0,37699,1.0594733532033578,1.0220640117846889,964.8284271247462,944.0,36571,38746,4.953216374269005,0.8319489386021274,494.17766952966366,594.0,1881,9317,1.6735935349229607,3.123354703689962,2873.486327394765,920.0,22521,37691,171,1147.5,23.0,70.0,82.5,195.24560444067703,130.0,1.501889264928285,208.43115364167997,145.0,1.437456232011586,172.83570889392124,129.0,1.3398116968521026,1.4536635651715142,2.0770563402770637,1.3067575565508296,1.1145240434497536,1.7561508779999395,1.8650379707388733,1.7573555576987672,1.8818093832141274
C:\Users\JackM\40xMBPCNP\40xN1N2N3N4lif\Pranlukast_0404.lif,Pranlukast_0404,1,Image 2,Pranlukast_0404_S2_Image_2,11,12207,9477,2,9339,8319,4466,37,103,44,6.67816091954023,1.3026274137385248,1.8153377491380167,994.8050865276332,548.0,12345,1.0736695577684976,1.1706274169979696,585.3137084989847,500.0,9339,10027,1.4829907440798173,1.9400626440375013,1063.1543289325507,548.0,8319,12337,1.971115091804747,1.241394849044223,571.0416305603426,460.0,4466,8803,84,447.5,20.0,60.0,40.0,163.3959738730057,130.0,1.2568921067154284,403.35857675201345,145.0,2.7817832879449202,181.27720555306763,129.0,1.4052496554501366,1.4536635651715142,2.0770563402770637,1.3067575565508296,1.1145240434497536,1.7561508779999395,1.8650379707388733,1.7573555576987672,1.8818093832141274
C:\Users\JackM\40xMBPCNP\40xN1N2N3N4lif\Pranlukast_0404.lif,Pranlukast_0404,1,Image 2,Pranlukast_0404_S2_Image_2,12,16872,15912,2,1950,15642,2538,13,25,5,17.782608695652176,1.0658622423328306,1.1611403795192432,738.4852813742386,636.0,16960,1.841025641025641,1.2348817237591985,392.6923881554251,318.0,1950,3590,1.060925712824447,1.11204310790796,687.2426406871193,618.0,15642,16595,3.8770685579196216,0.9300448846211056,513.3847763108503,552.0,2538,9840,111,312.5,13.0,60.0,52.5,152.8097435897436,130.0,1.1754595660749507,492.5717299578059,145.0,3.39704641350211,158.16627265563434,129.0,1.2260951368653825,1.4536635651715142,2.0770563402770637,1.3067575565508296,1.1145240434497536,1.7561508779999395,1.8650379707388733,1.7573555576987672,1.8818093832141274
C:\Users\JackM\40xMBPCNP\40xN1N2N3N4lif\Pranlukast_0404.lif,Pranlukast_0404,1,Image 2,Pranlukast_0404_S2_Image_2,13,24365,18420,2,3122,17849,5484,113,310,173,5.304182509505703,1.4531487513572203,2.999783595362021,2363.8294731452725,788.0,26767,2.040679051889814,1.9022607331605035,738.0771644662753,388.0,3122,6371,1.4965544288195418,3.1827501810595638,2508.0071426749364,788.0,17849,26712,3.3791028446389495,1.370151704947476,937.1837661840736,684.0,5484,18531,136,992.5,27.0,80.0,65.0,149.38436899423448,130.0,1.1491105307248806,386.52619194352627,145.0,2.665697875472595,167.21280087527353,129.0,1.2962232625990195,1.4536635651715142,2.0770563402770637,1.3067575565508296,1.1145240434497536,1.7561508779999395,1.8650379707388733,1.7573555576987672,1.8818093832141274
C:\Users\JackM\40xMBPCNP\40xN1N2N3N4lif\Pranlukast_0404.lif,Pranlukast_0404,1,Image 2,Pranlukast_0404_S2_Image_2,14,12490,10718,1,21,10453,4465,41,163,54,5.869565217391305,1.183243142377309,2.077952307325963,1186.9411254969543,571.2071067811866,12682,1.0476190476190477,0.9444444444444444,17.0,18.0,21,22,1.211996556012628,1.9753252222501185,1128.3198051533946,571.2071067811866,10453,12669,2.2071668533034714,1.8692458878759708,938.3614357137374,502.0,4465,9855,107,442.5,12.0,55.0,50.0,149.33333333333334,130.0,1.1487179487179489,382.72907299339903,145.0,2.639510848230338,164.511758118701,129.0,1.275284946656597,1.4536635651715142,2.0770563402770637,1.3067575565508296,1.1145240434497536,1.7561508779999395,1.8650379707388733,1.7573555576987672,1.8818093832141274
C:\Users\JackM\40xMBPCNP\40xN1N2N3N4lif\Pranlukast_0404.lif,Pranlukast_0404,1,Image 2,Pranlukast_0404_S2_Image_2,15,32159,29898,2,28932,7358,29764,25,43,6,17.829268292682926,1.1045889357147636,1.1928968498644472,1054.5208152801713,884.0,33025,1.060728605004839,1.163306749440076,977.1776695296637,840.0,28932,30689,2.5744767599891274,1.6938649127827994,1101.0121933088196,650.0,7358,18943,1.100020158580836,1.1702724154753068,1034.5208152801713,884.0,29764,32741,230,397.5,6.0,25.0,112.5,180.77758191621734,130.0,1.3905967839709026,384.9771677086165,145.0,2.6550149497145963,256.2066590512028,129.0,1.9860981321798665,1.4536635651715142,2.0770563402770637,1.3067575565508296,1.1145240434497536,1.7561508779999395,1.8650379707388733,1.7573555576987672,1.8818093832141274
C:\Users\JackM\40xMBPCNP\40xN1N2N3N4lif\Pranlukast_0404.lif,Pranlukast_0404,1,Image 2,Pranlukast_0404_S2_Image_2,16,13304,9749,3,0,9497,740,15,19,9,16.17391304347826,1.2082264847676685,1.229225234684991,617.0710678118655,502.0,11779,,,0.0,0.0,0,0,1.0788670106349374,1.0828888267793153,528.4497474683059,488.0,9497,10246,12.952702702702704,0.799681071067955,361.4558441227157,452.0,740,9585,132,235.0,5.0,110.0,65.0,136.60754949225563,130.0,1.0508273037865818,774.0860271664736,145.0,5.338524325286025,139.71621621621622,129.0,1.0830714435365598,1.4536635651715142,2.0770563402770637,1.3067575565508296,1.1145240434497536,1.7561508779999395,1.8650379707388733,1.7573555576987672,1.8818093832141274
C:\Users\JackM\40xMBPCNP\40xN1N2N3N4lif\Pranlukast_0404.lif,Pranlukast_0404,1,Image 2,Pranlukast_0404_S2_Image_2,17,18687,11209,2,14600,0,11209,41,157,51,7.30327868852459,1.5356410027656349,2.541167033253076,1539.947222151364,606.0,17213,1.0967808219178081,1.1709478272017246,714.278174593052,610.0,14600,16013,,,0.0,0.0,0,0,1.5356410027656349,2.541167033253076,1539.947222151364,606.0,11209,17213,100,522.5,14.0,55.0,47.5,161.67842465753424,130.0,1.2436801896733403,149.89312477697158,145.0,1.0337456881170453,167.36095994290304,129.0,1.2973717825031243,1.4536635651715142,2.0770563402770637,1.3067575565508296,1.1145240434497536,1.7561508779999395,1.8650379707388733,1.7573555576987672,1.8818093832141274
C:\Users\JackM\40xMBPCNP\40xN1N2N3N4lif\Pranlukast_0404.lif,Pranlukast_0404,1,Image 2,Pranlukast_0404_S2_Image_2,18,8140,2458,1,3426,0,2458,33,47,25,4.490196078431373,2.8161106590724168,1.526809856724912,595.4558441227157,390.0,6922,1.8660245183887916,1.9979695603825112,739.2487373415291,370.0,3426,6393,,,0.0,0.0,0,0,2.8161106590724168,1.526809856724912,595.4558441227157,390.0,2458,6922,85,342.5,11.0,35.0,40.0,150.64419147694105,130.0,1.1588014728995466,184.0,145.0,1.2689655172413794,157.81122864117168,129.0,1.2233428576835015,1.4536635651715142,2.0770563402770637,1.3067575565508296,1.1145240434497536,1.7561508779999395,1.8650379707388733,1.7573555576987672,1.8818093832141274
C:\Users\JackM\40xMBPCNP\40xN1N2N3N4lif\Pranlukast_0404.lif,Pranlukast_0404,1,Image 2,Pranlukast_0404_S2_Image_2,19,12116,7476,3,273,4601,6741,36,119,48,6.3478260869565215,1.4507758159443553,1.9700969254846719,953.5269119345812,484.0,10846,3.956043956043956,0.3625146458322486,84.82842712474618,234.0,273,1080,1.2577700499891329,1.314690424304785,439.1066017177982,334.0,4601,5787,1.6089600949414034,2.2024311144687747,1065.976659402887,484.0,6741,10846,78,372.5,16.0,55.0,35.0,149.6886446886447,130.0,1.1514511129895746,266.42099543577484,145.0,1.8373861754191367,155.13721999703307,129.0,1.2026141085041324,1.4536635651715142,2.0770563402770637,1.3067575565508296,1.1145240434497536,1.7561508779999395,1.8650379707388733,1.7573555576987672,1.8818093832141274
C:\Users\JackM\40xMBPCNP\40xN1N2N3N4lif\Pranlukast_0404.lif,Pranlukast_0404,1,Image 2,Pranlukast_0404_S2_Image_2,20,14365,13976,2,7820,4554,13976,5,28,6,16.27777777777778,1.0824985689753863,1.1007561352533555,634.0355339059328,576.0,15129,1.569693094629156,2.6254826401438236,1386.254833995939,528.0,7820,12275,2.028985507246377,1.467637011477002,719.1421356237311,490.0,4554,9240,1.0824985689753863,1.1007561352533555,634.0355339059328,576.0,13976,15129,106,202.5,11.0,65.0,50.0,150.44744245524296,130.0,1.1572880188864842,250.01822573561705,145.0,1.7242636257628763,206.83879507727534,129.0,1.6034015122269405,1.4536635651715142,2.0770563402770637,1.3067575565508296,1.1145240434497536,1.7561508779999395,1.8650379707388733,1.7573555576987672,1.8818093832141274
C:\Users\JackM\40xMBPCNP\40xN1N2N3N4lif\Pranlukast_0404.lif,Pranlukast_0404,1,Image 2,Pranlukast_0404_S2_Image_2,21,6193,5430,1,166,3943,4955,9,64,5,9.026315789473685,1.1228360957642725,1.673453160890983,619.1776695296637,370.0,6097,1.0662650602409638,0.9701184463531091,58.207106781186546,60.0,166,177,1.3352777073294446,1.6815136210200357,554.8994949366117,330.0,3943,5265,1.2254288597376388,2.000016477444351,740.0060966544099,370.0,4955,6072,68,187.5,10.0,45.0,32.5,143.29518072289156,130.0,1.1022706209453197,276.06517879786963,145.0,1.903897784812894,172.7013118062563,129.0,1.3387698589632273,1.4536635651715142,2.0770563402770637,1.3067575565508296,1.1145240434497536,1.7561508779999395,1.8650379707388733,1.7573555576987672,1.8818093832141274
C:\Users\JackM\40xMBPCNP\40xN1N2N3N4lif\Pranlukast_0404.lif,Pranlukast_0404,1,Image 2,Pranlukast_0404_S2_Image_2,22,20006,20006,6,20006,6976,20006,5,7,2,33.0,1.0475357392782165,1.0100209059577316,726.4142135623731,719.2071067811866,20957,1.0475357392782165,1.0100209059577316,726.4142135623731,719.2071067811866,20006,20957,1.5110378440366972,2.6695897214043334,1281.40306627408,480.0,6976,10541,1.0475357392782165,1.0100209059577316,726.4142135623731,719.2071067811866,20006,20957,118,207.5,6.0,90.0,55.0,166.17719684094772,130.0,1.2782861295457517,278.06780389908255,145.0,1.917708992407466,262.96910926721984,129.0,2.038520226877673,1.4536635651715142,2.0770563402770637,1.3067575565508296,1.1145240434497536,1.7561508779999395,1.8650379707388733,1.7573555576987672,1.8818093832141274
C:\Users\JackM\40xMBPCNP\40xN1N2N3N4lif\Pranlukast_0404.lif,Pranlukast_0404,1,Image 2,Pranlukast_0404_S2_Image_2,23,12930,12913,4,12930,11373,12217,5,9,2,26.333333333333332,1.026562378997909,1.0176381355961428,531.2071067811866,522.0,13256,1.025212683681361,1.0076628352490422,526.0,522.0,12930,13256,1.131012046074035,1.2411127287304986,625.5208152801713,504.0,11373,12863,1.0810346238847508,1.2487815345415303,651.8639610306789,522.0,12217,13207,89,207.5,9.0,70.0,42.5,187.30672853828307,130.0,1.4408209887560235,604.6594566077553,145.0,4.1700652179845195,210.93656380453467,129.0,1.6351671612754626,1.4536635651715142,2.0770563402770637,1.3067575565508296,1.1145240434497536,1.7561508779999395,1.8650379707388733,1.7573555576987672,1.8818093832141274
C:\Users\JackM\40xMBPCNP\40xN1N2N3N4lif\Pranlukast_0404.lif,Pranlukast_0404,1,Image 2,Pranlukast_0404_S2_Image_2,24,18679,18527,6,18679,303,18527,7,19,3,22.0,1.0376747449668051,1.0414201709449282,735.2426406871193,706.0,19225,1.0310509127897638,1.0,708.0,708.0,18679,19259,10.706270627062706,0.2895775764654284,113.86396103067894,393.20710678118655,303,3244,1.0376747449668051,1.0414201709449282,735.2426406871193,706.0,18527,19225,114,327.5,11.0,65.0,55.0,203.92676267466138,130.0,1.568667405189703,219.006600660066,145.0,1.5103903493797655,242.06692934635936,129.0,1.8764878243903826,1.4536635651715142,2.0770563402770637,1.3067575565508296,1.1145240434497536,1.7561508779999395,1.8650379707388733,1.7573555576987672,1.8818093832141274
C:\Users\JackM\40xMBPCNP\40xN1N2N3N4lif\Pranlukast_0404.lif,Pranlukast_0404,1,Image 2,Pranlukast_0404_S2_Image_2,25,15174,11409,2,6439,6396,10701,23,70,23,11.839285714285714,1.3775966342361294,1.6879765205234356,1033.0416305603426,612.0,15717,1.380804472744215,0.9820148121276912,496.89949493661175,506.0,6439,8891,1.5834896810506567,1.5186610690938487,741.1066017177982,488.0,6396,10128,1.464255677039529,1.687357762914873,1032.6629509039024,612.0,10701,15669,125,262.5,9.0,70.0,60.0,190.60428637987266,130.0,1.4661868183067128,324.71622889305814,145.0,2.239422268227987,199.70012148397345,129.0,1.5480629572401043,1.4536635651715142,2.0770563402770637,1.3067575565508296,1.1145240434497536,1.7561508779999395,1.8650379707388733,1.7573555576987672,1.8818093832141274
C:\Users\JackM\40xMBPCNP\40xN1N2N3N4lif\Pranlukast_0404.lif,Pranlukast_0404,1,Image 2,Pranlukast_0404_S2_Image_2,26,27496,25999,4,27496,9210,25999,9,37,8,21.9,1.338513019731528,1.4762761543871787,1263.692388155425,856.0,34800,1.265638638347396,1.2215202340462143,1045.6213203435595,856.0,27496,34800,1.7416938110749185,2.8272311774568304,1769.8467170879758,626.0,9210,16041,1.338513019731528,1.4762761543871787,1263.692388155425,856.0,25999,34800,170,442.5,6.0,55.0,82.5,195.5580811754437,130.0,1.5042929321187977,319.4557003257329,145.0,2.2031427608671232,252.61979306896419,129.0,1.958292969526854,1.4536635651715142,2.0770563402770637,1.3067575565508296,1.1145240434497536,1.7561508779999395,1.8650379707388733,1.7573555576987672,1.8818093832141274
C:\Users\JackM\40xMBPCNP\40xN1N2N3N4lif\Pranlukast_0404.lif,Pranlukast_0404,1,Image 2,Pranlukast_0404_S2_Image_2,27,36105,24316,3,2621,22775,6314,73,245,63,8.564971751412429,1.5370126665569994,2.7983641100214425,2412.1898628384834,862.0,37374,4.593666539488745,0.6822509057989596,391.0710678118655,573.2071067811866,2621,12040,1.6182656421514818,2.6113901275675517,2251.0182899632296,862.0,22775,36856,5.457079505859993,1.6745499270375703,1396.5746391493337,834.0,6314,34456,161,777.5,14.0,85.0,77.5,156.37848149561236,130.0,1.202911396120095,395.83811196487375,145.0,2.7299180135508534,149.57966423820082,129.0,1.1595322809162854,1.4536635651715142,2.0770563402770637,1.3067575565508296,1.1145240434497536,1.7561508779999395,1.8650379707388733,1.7573555576987672,1.8818093832141274
C:\Users\JackM\40xMBPCNP\40xN1N2N3N4lif\Pranlukast_0404.lif,Pranlukast_0404,1,Image 2,Pranlukast_0404_S2_Image_2,28,9580,7844,1,9303,58,7844,19,58,8,9.127659574468085,1.2197858235594086,1.4469151870850476,656.8994949366116,454.0,9568,1.055143502096098,1.083856977559175,492.07106781186553,454.0,9303,9816,1.2413793103448276,0.8268664593547493,38.207106781186546,46.207106781186546,58,72,1.2197858235594086,1.4469151870850476,656.8994949366116,454.0,7844,9568,80,192.5,7.0,45.0,37.5,188.70321401698376,130.0,1.4515631847460289,166.91379310344828,145.0,1.1511296076099882,198.61473737888832,129.0,1.5396491269681265,1.4536635651715142,2.0770563402770637,1.3067575565508296,1.1145240434497536,1.7561508779999395,1.8650379707388733,1.7573555576987672,1.8818093832141274
C:\Users\JackM\40xMBPCNP\40xN1N2N3N4lif\Pranlukast_0404.lif,Pranlukast_0404,1,Image 2,Pranlukast_0404_S2_Image_2,29,13483,7559,1,22,5099,5153,34,128,41,5.969072164948454,1.5717687524804869,1.9122697822628973,937.0121933088197,490.0,11881,2.3181818181818183,0.43787113540320705,14.449747468305832,33.0,22,51,1.6718964502843694,1.2880768710722916,564.1776695296637,438.0,5099,8525,2.1102270522026005,2.084962993395749,1017.4619407771256,488.0,5153,10874,93,377.5,14.0,45.0,42.5,152.5909090909091,130.0,1.1737762237762237,276.0619729358698,145.0,1.9038756754197916,179.25460896565107,129.0,1.38957061213683,1.4536635651715142,2.0770563402770637,1.3067575565508296,1.1145240434497536,1.7561508779999395,1.8650379707388733,1.7573555576987672,1.8818093832141274
C:\Users\JackM\40xMBPCNP\40xN1N2N3N4lif\Pranlukast_0404.lif,Pranlukast_0404,1,Image 2,Pranlukast_0404_S2_Image_2,30,19842,17362,3,17616,5836,17204,15,87,30,11.5,1.2135698652229006,1.443710416199632,1001.9350288425445,694.0,21070,1.1420299727520435,1.1100940603392335,754.8639610306789,680.0,17616,20118,2.238862234407128,1.5720173211516952,874.0416305603426,556.0,5836,13066,1.2247151825156941,1.410569205824992,978.9350288425444,694.0,17204,21070,120,312.5,12.0,75.0,57.5,163.883514986376,130.0,1.2606424229721231,275.22601096641534,145.0,1.8981104204580368,224.2224482678447,129.0,1.7381585137042224,1.4536635651715142,2.0770563402770637,1.3067575565508296,1.1145240434497536,1.7561508779999395,1.8650379707388733,1.7573555576987672,1.8818093832141274
C:\Users\JackM\40xMBPCNP\40xN1N2N3N4lif\Pranlukast_0404.lif,Pranlukast_0404,1,Image 2,Pranlukast_0404_S2_Image_2,31,13533,10812,4,49,9895,6097,26,153,50,7.528846153846154,1.2968923418423974,1.9262331935469543,1213.5269119345812,630.0,14022,1.2040816326530612,0.6167434587758093,25.414213562373096,41.207106781186546,49,59,1.3629105608893382,1.9446684248019954,1201.8050865276332,618.0,9895,13486,2.2817779235689684,2.1440786549550803,1350.7695526217005,630.0,6097,13912,120,337.5,9.0,50.0,57.5,147.73469387755102,130.0,1.1364207221350078,290.8455785750379,145.0,2.0058315763795718,160.8732163359029,129.0,1.247079196402348,1.4536635651715142,2.0770563402770637,1.3067575565508296,1.1145240434497536,1.7561508779999395,1.8650379707388733,1.7573555576987672,1.8818093832141274
C:\Users\JackM\40xMBPCNP\40xN1N2N3N4lif\Pranlukast_0404.lif,Pranlukast_0404,1,Image 2,Pranlukast_0404_S2_Image_2,32,5518,4633,1,0,4611,1027,8,8,0,17.1,1.11698683358515,1.1236010057407613,373.03553390593277,332.0,5175,,,0.0,0.0,0,0,1.12058121882455,1.0964925720058216,364.03553390593277,332.0,4611,5167,2.9629990262901655,1.0527691627751155,282.14213562373095,268.0,1027,3043,58,132.5,10.0,40.0,25.0,136.0386358730844,130.0,1.0464510451775721,540.702233788766,145.0,3.728980922681145,140.05939629990263,129.0,1.085731754262811,1.4536635651715142,2.0770563402770637,1.3067575565508296,1.1145240434497536,1.7561508779999395,1.8650379707388733,1.7573555576987672,1.8818093832141274
C:\Users\JackM\40xMBPCNP\40xN1N2N3N4lif\Pranlukast_0404.lif,Pranlukast_0404,1,Image 2,Pranlukast_0404_S2_Image_2,33,39198,34686,2,38699,2888,34686,25,59,7,21.288888888888888,1.2483999308078186,1.241748881975507,1353.7634559672906,1090.2071067811867,43302,1.1242409364583064,1.0413474198867239,1139.4497474683058,1094.2071067811867,38699,43507,4.196329639889196,0.9410824083338852,528.142135623731,561.2071067811866,2888,12119,1.2483999308078186,1.241748881975507,1353.7634559672906,1090.2071067811867,34686,43302,188,487.5,9.0,120.0,90.0,240.80185534509937,130.0,1.8523219641930722,257.2268005540166,145.0,1.773977934855287,285.9081185492706,129.0,2.216342004257912,1.4536635651715142,2.0770563402770637,1.3067575565508296,1.1145240434497536,1.7561508779999395,1.8650379707388733,1.7573555576987672,1.8818093832141274
C:\Users\JackM\40xMBPCNP\40xN1N2N3N4lif\Pranlukast_0404.lif,Pranlukast_0404,1,Image 2,Pranlukast_0404_S2_Image_2,34,30590,23964,1,30440,5535,23964,29,101,29,12.73972602739726,1.5401435486563178,1.6360305838971365,1655.6629509039021,1012.0,36908,1.2187582128777923,1.1120358534692385,1129.8284271247462,1016.0,30440,37099,1.4366757000903343,1.3920610129580708,587.4497474683059,422.0,5535,7952,1.5401435486563178,1.6360305838971365,1655.6629509039021,1012.0,23964,36908,174,592.5,16.0,65.0,85.0,251.56731274638634,130.0,1.9351331749722025,470.15230352303524,145.0,3.2424296794692085,276.57110665999,129.0,2.1439620671317052,1.4536635651715142,2.0770563402770637,1.3067575565508296,1.1145240434497536,1.7561508779999395,1.8650379707388733,1.7573555576987672,1.8818093832141274
C:\Users\JackM\40xMBPCNP\40xN1N2N3N4lif\Pranlukast_0404.lif,Pranlukast_0404,1,Image 2,Pranlukast_0404_S2_Image_2,35,11334,7792,4,533,4829,6771,33,141,32,6.510869565217392,1.4163244353182751,1.9572927452745221,998.2193000900063,510.0,11036,6.4033771106941835,0.5623535444174409,178.8284271247462,318.0,533,3413,1.7912611306688755,1.726718640883064,827.4558441227157,479.20710678118655,4829,8650,1.6259045931177079,2.02240471935528,1031.4264068711927,510.0,6771,11009,81,402.5,16.0,55.0,37.5,151.59849906191369,130.0,1.1661423004762592,269.7995444191344,145.0,1.8606865132354098,172.7704918032787,129.0,1.3393061380099125,1.4536635651715142,2.0770563402770637,1.3067575565508296,1.1145240434497536,1.7561508779999395,1.8650379707388733,1.7573555576987672,1.8818093832141274
C:\Users\JackM\40xMBPCNP\40xN1N2N3N4lif\Pranlukast_0404.lif,Pranlukast_0404,1,Image 2,Pranlukast_0404_S2_Image_2,36,29885,25157,3,1102,23678,12527,61,215,62,9.285714285714286,1.292363954366578,2.1310698662723353,1909.4386001800126,896.0,32512,11.502722323049001,0.4146514501644918,267.0355339059327,644.0,1102,12676,1.338246473519723,1.9974894461355648,1769.7756492761105,886.0,23678,31687,2.5381974934142253,2.7853893219412407,2440.0010460205267,876.0,12527,31796,149,737.5,24.0,95.0,72.5,152.35934664246824,130.0,1.1719949741728326,557.5422332967312,145.0,3.845118850322284,154.8470503711982,129.0,1.200364731559676,1.4536635651715142,2.0770563402770637,1.3067575565508296,1.1145240434497536,1.7561508779999395,1.8650379707388733,1.7573555576987672,1.8818093832141274
C:\Users\JackM\40xMBPCNP\40xN1N2N3N4lif\Pranlukast_0404.lif,Pranlukast_0404,1,Image 2,Pranlukast_0404_S2_Image_2,37,17402,10572,2,14763,8826,6705,59,161,52,6.450381679389313,1.563942489595157,2.119475543486546,1352.2253967444162,638.0,16534,1.2080200501253133,1.5545716309043038,1019.7989898732233,656.0,14763,17834,1.463290278721958,1.7938451979096162,1033.254833995939,576.0,8826,12915,2.449813571961223,1.8459311215547483,1174.0121933088199,636.0,6705,16426,186,590.0,10.0,95.0,90.0,158.79787306103097,130.0,1.221522100469469,281.85418082936775,145.0,1.9438219367542604,170.63698732289336,129.0,1.3227673435883207,1.4536635651715142,2.0770563402770637,1.3067575565508296,1.1145240434497536,1.7561508779999395,1.8650379707388733,1.7573555576987672,1.8818093832141274
C:\Users\JackM\40xMBPCNP\40xN1N2N3N4lif\Pranlukast_0404.lif,Pranlukast_0404,1,Image 2,Pranlukast_0404_S2_Image_2,38,25294,15659,2,38,13008,7473,80,199,56,7.9171597633136095,1.5446707963471487,3.0725749886352838,2249.1248916810277,732.0,24188,1.1842105263157894,0.9310344827586207,27.0,29.0,38,45,1.7971248462484626,2.6545314915130627,1927.1898628384834,726.0,13008,23377,2.9727017262143716,2.2173707757328414,1609.811183182043,726.0,7473,22215,117,862.5,25.0,65.0,55.0,147.52631578947367,130.0,1.134817813765182,391.4640221402214,145.0,2.6997518768291133,157.64378429011106,129.0,1.2220448394582253,1.4536635651715142,2.0770563402770637,1.3067575565508296,1.1145240434497536,1.7561508779999395,1.8650379707388733,1.7573555576987672,1.8818093832141274
C:\Users\JackM\40xMBPCNP\40xN1N2N3N4lif\Pranlukast_0404.lif,Pranlukast_0404,1,Image 2,Pranlukast_0404_S2_Image_2,39,14695,13411,3,8605,657,13411,12,29,6,18.444444444444443,1.1187085228543732,1.2786907841067725,754.6923881554251,590.2071067811866,15003,1.5083091226031378,1.3265803736458315,766.7634559672906,578.0,8605,12979,2.7990867579908674,1.1731851201193304,271.2487373415292,231.20710678118655,657,1839,1.1187085228543732,1.2786907841067725,754.6923881554251,590.2071067811866,13411,15003,120,262.5,9.0,60.0,57.5,160.07495642068565,130.0,1.231345818620659,220.84322678843228,145.0,1.5230567364719467,244.0642755946611,129.0,1.8919711286407837,1.4536635651715142,2.0770563402770637,1.3067575565508296,1.1145240434497536,1.7561508779999395,1.8650379707388733,1.7573555576987672,1.8818093832141274
C:\Users\JackM\40xMBPCNP\40xN1N2N3N4lif\Pranlukast_0404.lif,Pranlukast_0404,1,Image 2,Pranlukast_0404_S2_Image_2,40,37763,27907,6,37356,2375,26663,59,220,67,9.537037037037036,1.4735012720822733,2.836617014913078,2638.0538238691624,930.0,41121,1.1205696541385588,1.1556175256501426,1077.0355339059329,932.0,37356,41860,3.3482105263157895,1.0918887535787463,524.1066017177982,480.0,2375,7952,1.539136631286802,2.8482222764386838,2648.846717087976,930.0,26663,41038,162,867.5,21.0,115.0,77.5,197.42879323268016,130.0,1.5186830248667704,228.13473684210527,145.0,1.5733430127041743,191.8444661140907,129.0,1.4871664039851993,1.4536635651715142,2.0770563402770637,1.3067575565508296,1.1145240434497536,1.7561508779999395,1.8650379707388733,1.7573555576987672,1.8818093832141274
C:\Users\JackM\40xMBPCNP\40xN1N2N3N4lif\Pranlukast_0404.lif,Pranlukast_0404,1,Image 2,Pranlukast_0404_S2_Image_2,41,58942,35561,3,57731,333,35496,154,417,154,6.649122807017544,1.8616180647338376,3.641040223215502,4828.019335983756,1326.0,66201,1.1552718643363185,1.274773184317434,1690.3492424049175,1326.0,57731,66695,12.861861861861861,0.3745111142400696,137.07106781186548,366.0,333,4283,1.865027045300879,3.6183889910089166,4797.983802077823,1326.0,35496,66201,240,1927.5,21.0,100.0,117.5,205.55635620377268,130.0,1.5812027400290205,190.72672672672672,145.0,1.3153567360463911,186.73489970700925,129.0,1.4475573620698392,1.4536635651715142,2.0770563402770637,1.3067575565508296,1.1145240434497536,1.7561508779999395,1.8650379707388733,1.7573555576987672,1.8818093832141274
C:\Users\JackM\40xMBPCNP\40xN1N2N3N4lif\Pranlukast_0404.lif,Pranlukast_0404,1,Image 2,Pranlukast_0404_S2_Image_2,42,6231,5209,1,0,5209,777,7,36,10,10.28,1.11211364945287,1.230356513625347,423.2426406871193,344.0,5793,,,0.0,0.0,0,0,1.11211364945287,1.230356513625347,423.2426406871193,344.0,5209,5793,1.4736164736164736,0.9838887712278953,181.03553390593274,184.0,777,1145,57,107.5,8.0,40.0,25.0,134.97389134190823,130.0,1.0382607026300632,783.4463428681129,145.0,5.403078226676641,137.1158301158301,129.0,1.062913411750621,1.4536635651715142,2.0770563402770637,1.3067575565508296,1.1145240434497536,1.7561508779999395,1.8650379707388733,1.7573555576987672,1.8818093832141274
C:\Users\JackM\40xMBPCNP\40xN1N2N3N4lif\Pranlukast_0404.lif,Pranlukast_0404,1,Image 2,Pranlukast_0404_S2_Image_2,43,35635,23488,5,5524,20045,7533,77,298,71,7.487684729064039,1.6373893051771118,2.809531992483323,2910.6751442127224,1036.0,38459,2.6341419261404777,0.9822741187029097,687.5918830920368,700.0,5524,14551,1.8697929658268895,2.4391039461828488,2526.9116882454314,1036.0,20045,37480,4.219832735961768,1.5595662916203232,1615.7106781186549,1036.0,7533,31788,190,907.5,17.0,100.0,92.5,171.43881245474293,130.0,1.3187600958057148,599.3917186330756,145.0,4.133735990572935,148.6378600823045,129.0,1.1522314735062364,1.4536635651715142,2.0770563402770637,1.3067575565508296,1.1145240434497536,1.7561508779999395,1.8650379707388733,1.7573555576987672,1.8818093832141274
C:\Users\JackM\40xMBPCNP\40xN1N2N3N4lif\Pranlukast_0404.lif,Pranlukast_0404,1,Image 2,Pranlukast_0404_S2_Image_2,44,10840,4507,1,1713,2274,2815,18,56,29,8.521739130434783,2.6367872198801865,1.695172277422474,956.0771644662753,564.0,11884,1.7734967892586107,1.1357637312054063,324.8284271247462,286.0,1713,3038,3.7172383465259453,1.0862094707900394,532.2426406871193,490.0,2274,8453,2.1484902309058613,1.5480229930040241,588.2487373415291,380.0,2815,6048,117,302.5,7.0,35.0,55.0,161.14827787507298,130.0,1.2396021375005615,203.21855760773965,145.0,1.4015072938464803,147.8809946714032,129.0,1.1463642997783192,1.4536635651715142,2.0770563402770637,1.3067575565508296,1.1145240434497536,1.7561508779999395,1.8650379707388733,1.7573555576987672,1.8818093832141274
C:\Users\JackM\40xMBPCNP\40xN1N2N3N4lif\Pranlukast_0404.lif,Pranlukast_0404,1,Image 2,Pranlukast_0404_S2_Image_2,45,24171,18367,1,14978,5704,18138,37,186,45,9.30327868852459,1.3132248053574345,2.493544640007367,1780.39087296526,714.0,24120,1.4491921484844439,1.512720475500579,1071.00609665441,708.0,14978,21706,1.6658485273492285,1.5618305458411135,709.0710678118655,454.0,5704,9502,1.329804829639431,2.4918540142634087,1779.1837661840736,714.0,18138,24120,109,547.5,16.0,75.0,52.5,156.5439310989451,130.0,1.204184085376501,291.47615708274895,145.0,2.0101803936741307,178.73674054471275,129.0,1.385556128253587,1.4536635651715142,2.0770563402770637,1.3067575565508296,1.1145240434497536,1.7561508779999395,1.8650379707388733,1.7573555576987672,1.8818093832141274
C:\Users\JackM\40xMBPCNP\40xN1N2N3N4lif\Pranlukast_0404.lif,Pranlukast_0404,1,Image 2,Pranlukast_0404_S2_Image_2,46,17780,9434,1,7519,218,9393,35,115,43,7.67816091954023,1.7752808988764044,2.2635874896299795,1371.7340187157677,606.0,16748,1.2925921000132996,1.453725043494485,693.7279220613578,477.20710678118655,7519,9719,1.224770642201835,0.957916815004231,81.62132034355963,85.20710678118655,218,267,1.7647184073246034,2.2723274509916185,1367.9411254969543,602.0,9393,16576,120,407.5,9.0,50.0,57.5,172.3106796116505,130.0,1.3254667662434654,176.94495412844037,145.0,1.2203100284720025,152.38997125519003,129.0,1.18131760662938,1.4536635651715142,2.0770563402770637,1.3067575565508296,1.1145240434497536,1.7561508779999395,1.8650379707388733,1.7573555576987672,1.8818093832141274
C:\Users\JackM\40xMBPCNP\40xN1N2N3N4lif\Pranlukast_0404.lif,Pranlukast_0404,1,Image 2,Pranlukast_0404_S2_Image_2,47,57717,27576,4,0,25423,5973,90,288,74,9.130232558139534,2.428162170002901,2.7645653850279386,3909.095454429505,1414.0,66959,,,0.0,0.0,0,0,2.6022892656256147,2.452290739210326,3467.539105243401,1414.0,25423,66158,5.99765611920308,1.47629960116935,1361.1482322781408,922.0,5973,35824,236,1347.5,18.0,75.0,115.0,132.4248984624311,130.0,1.0186530650956238,575.0389017818511,145.0,3.9657855295300077,140.351414699481,129.0,1.0879954627866746,1.4536635651715142,2.0770563402770637,1.3067575565508296,1.1145240434497536,1.7561508779999395,1.8650379707388733,1.7573555576987672,1.8818093832141274
C:\Users\JackM\40xMBPCNP\40xN1N2N3N4lif\Pranlukast_0404.lif,Pranlukast_0404,1,Image 2,Pranlukast_0404_S2_Image_2,48,25112,19756,1,10,10483,18983,20,116,35,13.56578947368421,1.3360498076533711,2.092697468705329,1615.562445840514,772.0,26395,1.3,1.2689262903519154,10.414213562373096,8.207106781186548,10,13,1.7278450825145473,1.5722297248099197,1110.3198051533946,706.2071067811866,10483,18113,1.3904546172891534,2.119539211460443,1636.284271247462,772.0,18983,26395,146,507.5,10.0,65.0,70.0,154.7,130.0,1.19,406.62787370027667,145.0,2.804330163450184,176.3906653321393,129.0,1.3673694986987541,1.4536635651715142,2.0770563402770637,1.3067575565508296,1.1145240434497536,1.7561508779999395,1.8650379707388733,1.7573555576987672,1.8818093832141274
C:\Users\JackM\40xMBPCNP\40xN1N2N3N4lif\Pranlukast_0404.lif,Pranlukast_0404,1,Image 2,Pranlukast_0404_S2_Image_2,49,20740,10314,1,1298,2841,8886,80,183,41,6.6644295302013425,1.9569517161140197,3.1035336304002197,2079.3675323681473,670.0,20184,3.4976887519260402,1.115088834764832,356.8284271247462,320.0,1298,4540,4.977120732136572,1.2834801192019536,726.4497474683058,566.0,2841,14140,2.1647535449020934,2.927571417126874,1873.6457069611993,640.0,8886,19236,118,842.5,26.0,65.0,57.5,152.6340523882897,130.0,1.174108095294536,204.54311862020415,145.0,1.4106421973807184,174.0901417960837,129.0,1.3495359829153777,1.4536635651715142,2.0770563402770637,1.3067575565508296,1.1145240434497536,1.7561508779999395,1.8650379707388733,1.7573555576987672,1.8818093832141274
C:\Users\JackM\40xMBPCNP\40xN1N2N3N4lif\Pranlukast_0404.lif,Pranlukast_0404,1,Image 2,Pranlukast_0404_S2_Image_2,50,20086,10208,2,0,7598,6972,34,174,59,6.940677966101695,1.9657131661442007,1.8555806200328124,1495.5979797464468,806.0,20066,,,0.0,0.0,0,0,2.0452750723874704,1.4208678541917104,1088.3847763108502,766.0,7598,15540,2.5007171543316122,1.7822335193198136,1354.4974746830583,760.0,6972,17435,232,480.0,8.0,75.0,112.5,133.49784482758622,130.0,1.0269064986737402,310.4586733350882,145.0,2.141094298862677,142.3785140562249,129.0,1.103709411288565,1.4536635651715142,2.0770563402770637,1.3067575565508296,1.1145240434497536,1.7561508779999395,1.8650379707388733,1.7573555576987672,1.8818093832141274
C:\Users\JackM\40xMBPCNP\40xN1N2N3N4lif\Pranlukast_0404.lif,Pranlukast_0404,1,Image 2,Pranlukast_0404_S2_Image_2,51,15388,12598,1,0,10005,10021,30,120,41,8.522222222222222,1.2162247975869185,1.889160443348193,1099.4913780286483,582.0,15322,,,0.0,0.0,0,0,1.4002998500749626,1.7861666541429086,1035.976659402887,580.0,10005,14010,1.5231014868775572,2.198205049930116,1279.3553390593274,582.0,10021,15263,98,377.5,13.0,60.0,45.0,128.65351643117955,130.0,0.9896424340859966,573.2022988505747,145.0,3.9531193024177567,165.13262149486079,129.0,1.2800978410454324,1.4536635651715142,2.0770563402770637,1.3067575565508296,1.1145240434497536,1.7561508779999395,1.8650379707388733,1.7573555576987672,1.8818093832141274
C:\Users\JackM\40xMBPCNP\40xN1N2N3N4lif\Pranlukast_0404.lif,Pranlukast_0404,1,Image 2,Pranlukast_0404_S2_Image_2,52,37134,19057,2,0,19045,1835,75,192,58,8.503105590062113,1.9949624809781183,2.597062044405546,2472.4030662740797,952.0,38018,,,0.0,0.0,0,0,1.9962194801785245,2.5869556154732356,2462.78174593052,952.0,19045,38018,4.204359673024523,0.7268537970247648,444.8345237791561,612.0,1835,7715,169,932.5,18.0,95.0,82.5,123.00241381119798,130.0,0.9461724139322921,543.9107377264373,145.0,3.7511085360443954,128.05994550408718,129.0,0.9927127558456371,1.4536635651715142,2.0770563402770637,1.3067575565508296,1.1145240434497536,1.7561508779999395,1.8650379707388733,1.7573555576987672,1.8818093832141274
C:\Users\JackM\40xMBPCNP\40xN1N2N3N4lif\Pranlukast_0404.lif,Pranlukast_0404,1,Image 2,Pranlukast_0404_S2_Image_2,53,7628,4266,3,0,3047,2030,11,107,23,6.875,1.2566807313642756,1.815587759564375,646.3492424049175,356.0,5361,,,0.0,0.0,0,0,1.6363636363636365,1.6543905806360857,575.7279220613578,348.0,3047,4986,1.8945812807881774,1.3077844773844665,421.1066017177982,322.0,2030,3846,64,152.5,6.0,40.0,30.0,122.51781528363807,130.0,0.9424447329510621,227.85493928454218,145.0,1.571413374376153,133.3024630541872,129.0,1.033352426776645,1.4536635651715142,2.0770563402770637,1.3067575565508296,1.1145240434497536,1.7561508779999395,1.8650379707388733,1.7573555576987672,1.8818093832141274
C:\Users\JackM\40xMBPCNP\40xN1N2N3N4lif\Pranlukast_0404.lif,Pranlukast_0404,1,Image 2,Pranlukast_0404_S2_Image_2,54,5060,3516,1,0,1721,3408,6,24,3,14.2,1.2525597269624573,1.5163582832640823,470.0710678118655,310.0,4404,,,0.0,0.0,0,0,2.040674026728646,1.308802183481057,376.9350288425444,288.0,1721,3512,1.2702464788732395,1.4685246473778042,455.2426406871193,310.0,3408,4329,58,122.5,10.0,35.0,25.0,122.21444823663253,130.0,0.9401111402817888,221.21092388146425,145.0,1.525592578492857,144.82394366197184,129.0,1.122666229937766,1.4536635651715142,2.0770563402770637,1.3067575565508296,1.1145240434497536,1.7561508779999395,1.8650379707388733,1.7573555576987672,1.8818093832141274
C:\Users\JackM\40xMBPCNP\40xN1N2N3N4lif\Pranlukast_0404.lif,Pranlukast_0404,2,Image 3,Pranlukast_0404_S3_Image_3,1,13186,9449,2,0,1131,9362,23,79,11,9.6,1.3688220975764631,2.00468672542503,1050.4558441227157,524.0,12934,,,0.0,0.0,0,0,3.6480990274093723,0.6175666260736239,197.62132034355966,320.0,1131,4126,1.381328775902585,1.974547616228821,1034.6629509039021,524.0,9362,12932,84,257.5,10.0,60.0,40.0,126.09186157265319,129.0,0.9774562912608774,225.3625110521662,139.0,1.6213130291522748,167.55287331766718,131.0,1.2790295673104364,1.3460296083402927,1.8965399940332723,1.1756079697976294,1.0770302278067803,2.1379548486671722,1.4585710997154755,1.4474914875687674,1.841721159226572
C:\Users\JackM\40xMBPCNP\40xN1N2N3N4lif\Pranlukast_0404.lif,Pranlukast_0404,2,Image 3,Pranlukast_0404_S3_Image_3,2,8834,8080,3,8834,74,8071,11,29,3,15.391304347826088,1.1053217821782177,1.169159012877924,519.1066017177982,444.0,8931,1.0192438306542901,0.9982142044621318,443.20710678118655,444.0,8834,9004,1.1486486486486487,0.9603404564797412,43.41421356237309,45.207106781186546,74,85,1.106554330318424,1.1709448084157923,519.8994949366117,444.0,8071,8931,90,207.5,10.0,55.0,42.5,185.99784921892686,129.0,1.4418437923947818,202.48648648648648,139.0,1.4567373128524208,211.8298847726428,131.0,1.6170220211652122,1.3460296083402927,1.8965399940332723,1.1756079697976294,1.0770302278067803,2.1379548486671722,1.4585710997154755,1.4474914875687674,1.841721159226572
C:\Users\JackM\40xMBPCNP\40xN1N2N3N4lif\Pranlukast_0404.lif,Pranlukast_0404,2,Image 3,Pranlukast_0404_S3_Image_3,3,7946,6589,3,233,4897,5164,25,137,43,7.0588235294117645,1.231294581878889,2.1131554815195916,857.9411254969542,406.0,8113,1.2231759656652361,1.0814633402440157,125.44974746830583,116.0,233,285,1.4727384112722075,1.8294812897921127,702.5208152801713,384.0,4897,7212,1.491092176607281,2.268622332274953,902.9116882454314,398.0,5164,7700,76,222.5,19.0,50.0,35.0,149.5107296137339,129.0,1.1589979039824334,306.68797222789465,139.0,2.206388289409314,152.6862896979086,131.0,1.1655441961672413,1.3460296083402927,1.8965399940332723,1.1756079697976294,1.0770302278067803,2.1379548486671722,1.4585710997154755,1.4474914875687674,1.841721159226572
C:\Users\JackM\40xMBPCNP\40xN1N2N3N4lif\Pranlukast_0404.lif,Pranlukast_0404,2,Image 3,Pranlukast_0404_S3_Image_3,4,22018,15868,6,675,13556,8844,56,352,101,6.480952380952381,1.4028863120746156,2.5035295288003314,1922.7106781186546,768.0,22261,11.26962962962963,0.48920255056279255,241.27817459305203,493.20710678118655,675,7607,1.5111389790498673,2.2736847172376087,1746.1898628384834,768.0,13556,20485,2.4651741293532337,2.3784244011435205,1793.3319984622144,754.0,8844,21802,134,547.5,13.0,75.0,65.0,149.81185185185186,129.0,1.1613321848980764,284.6113160224255,139.0,2.0475634246217664,154.00135685210313,131.0,1.1755828767336116,1.3460296083402927,1.8965399940332723,1.1756079697976294,1.0770302278067803,2.1379548486671722,1.4585710997154755,1.4474914875687674,1.841721159226572
C:\Users\JackM\40xMBPCNP\40xN1N2N3N4lif\Pranlukast_0404.lif,Pranlukast_0404,2,Image 3,Pranlukast_0404_S3_Image_3,5,29630,23645,3,29628,313,23618,37,105,32,12.636363636363637,1.3435398604356101,1.5270440185042014,1258.284271247462,824.0,31768,1.087957337653571,1.0303997769884845,861.4142135623731,836.0,29628,32234,29.7444089456869,0.2698245820569598,158.65685424949237,588.0,313,9310,1.3450757896519603,1.5166243747692172,1249.698484809835,824.0,23618,31768,138,462.5,13.0,95.0,65.0,237.93205751316322,129.0,1.8444345543656062,201.01277955271564,139.0,1.446135104695796,244.86129223473623,131.0,1.869170169730811,1.3460296083402927,1.8965399940332723,1.1756079697976294,1.0770302278067803,2.1379548486671722,1.4585710997154755,1.4474914875687674,1.841721159226572
C:\Users\JackM\40xMBPCNP\40xN1N2N3N4lif\Pranlukast_0404.lif,Pranlukast_0404,2,Image 3,Pranlukast_0404_S3_Image_3,6,7819,6909,3,0,299,6816,7,15,3,15.692307692307692,1.1321464756115212,1.2045710678118655,481.8284271247462,400.0,7822,,,0.0,0.0,0,0,1.9163879598662208,0.9618923081023464,126.20710678118655,131.20710678118655,299,573,1.13893779342723,1.1320710678118655,452.8284271247462,400.0,6816,7763,70,182.5,14.0,50.0,32.5,137.72731220147634,129.0,1.067653582957181,187.64548494983276,139.0,1.3499675176246961,202.1336561032864,131.0,1.5430050084220335,1.3460296083402927,1.8965399940332723,1.1756079697976294,1.0770302278067803,2.1379548486671722,1.4585710997154755,1.4474914875687674,1.841721159226572
C:\Users\JackM\40xMBPCNP\40xN1N2N3N4lif\Pranlukast_0404.lif,Pranlukast_0404,2,Image 3,Pranlukast_0404_S3_Image_3,7,25887,21381,2,22319,0,21381,14,88,18,17.84313725490196,1.258313455872036,1.6543093400595725,1247.3492424049177,754.0,26904,1.161880012545365,1.322971903554604,997.5208152801713,754.0,22319,25932,,,0.0,0.0,0,0,1.258313455872036,1.6543093400595725,1247.3492424049177,754.0,21381,26904,127,342.5,10.0,80.0,60.0,177.0925668712756,129.0,1.3728105959013612,135.63424398398664,139.0,0.9757859279423499,210.9063186941677,131.0,1.6099718984287612,1.3460296083402927,1.8965399940332723,1.1756079697976294,1.0770302278067803,2.1379548486671722,1.4585710997154755,1.4474914875687674,1.841721159226572
C:\Users\JackM\40xMBPCNP\40xN1N2N3N4lif\Pranlukast_0404.lif,Pranlukast_0404,2,Image 3,Pranlukast_0404_S3_Image_3,8,27177,15951,3,17680,9994,9112,126,276,66,5.887445887445887,1.7105510626293023,3.3849008169124115,2606.373629022557,770.0,27285,1.4957579185520362,1.2749800048826305,986.834523779156,774.0,17680,26445,1.9305583350010005,2.323780156390635,1487.2193000900063,640.0,9994,19294,2.9760755048287972,2.811635604493745,2164.9594154601837,770.0,9112,27118,122,927.5,20.0,75.0,57.5,165.42669683257918,129.0,1.2823774948261952,356.4910946567941,139.0,2.5646841342215403,162.31189640035117,131.0,1.2390221099263448,1.3460296083402927,1.8965399940332723,1.1756079697976294,1.0770302278067803,2.1379548486671722,1.4585710997154755,1.4474914875687674,1.841721159226572
C:\Users\JackM\40xMBPCNP\40xN1N2N3N4lif\Pranlukast_0404.lif,Pranlukast_0404,2,Image 3,Pranlukast_0404_S3_Image_3,9,39701,32753,6,17106,845,32539,46,134,37,13.97391304347826,1.3350532775623607,1.8880282015129244,1944.669047558312,1030.0,43727,1.4886589500759968,1.5054545071249446,1135.1126983722081,754.0,17106,25465,6.17396449704142,0.6305896517650036,298.8994949366117,474.0,845,5217,1.3436184271182274,1.8872584022713579,1943.8761543394987,1030.0,32539,43720,196,612.5,9.0,145.0,95.0,164.44908219338245,129.0,1.2747990867704067,192.8733727810651,139.0,1.3875782214465113,211.54565290881712,131.0,1.6148523122810468,1.3460296083402927,1.8965399940332723,1.1756079697976294,1.0770302278067803,2.1379548486671722,1.4585710997154755,1.4474914875687674,1.841721159226572
C:\Users\JackM\40xMBPCNP\40xN1N2N3N4lif\Pranlukast_0404.lif,Pranlukast_0404,2,Image 3,Pranlukast_0404_S3_Image_3,10,46222,38095,3,46222,220,38073,33,155,33,14.546296296296296,1.2520278251739074,1.984098771537967,2011.8761543394985,1014.0,47696,1.0439833845355027,1.014879752232081,1037.2071067811867,1022.0,46222,48255,1.0863636363636364,1.0624502749129683,78.62132034355965,74.0,220,239,1.2526724975704568,1.9860711581257382,2013.8761543394985,1014.0,38073,47693,162,702.5,16.0,80.0,77.5,240.53351218034703,129.0,1.8646008696150933,193.6590909090909,139.0,1.3932308698495748,270.07430462532506,131.0,2.06163591317042,1.3460296083402927,1.8965399940332723,1.1756079697976294,1.0770302278067803,2.1379548486671722,1.4585710997154755,1.4474914875687674,1.841721159226572
C:\Users\JackM\40xMBPCNP\40xN1N2N3N4lif\Pranlukast_0404.lif,Pranlukast_0404,2,Image 3,Pranlukast_0404_S3_Image_3,11,11001,7840,2,11001,0,7840,37,147,43,6.355769230769231,1.5207908163265307,2.0914197585355816,1208.840620433566,578.0,11923,1.1118989182801564,0.9989900233834019,579.4142135623731,580.0,11001,12232,,,0.0,0.0,0,0,1.5207908163265307,2.0914197585355816,1208.840620433566,578.0,7840,11923,104,402.5,16.0,30.0,50.0,200.0183619670939,129.0,1.5505299377294102,148.46786655758567,139.0,1.0681141478962997,157.96135204081634,131.0,1.2058118476398194,1.3460296083402927,1.8965399940332723,1.1756079697976294,1.0770302278067803,2.1379548486671722,1.4585710997154755,1.4474914875687674,1.841721159226572
C:\Users\JackM\40xMBPCNP\40xN1N2N3N4lif\Pranlukast_0404.lif,Pranlukast_0404,2,Image 3,Pranlukast_0404_S3_Image_3,12,12747,8817,1,6040,0,8817,26,92,33,7.253521126760563,1.4176023590790519,2.0813381991208555,1057.3198051533946,508.0,12499,1.1571192052980133,1.1222068990410619,462.3492424049175,412.0,6040,6989,,,0.0,0.0,0,0,1.4176023590790519,2.0813381991208555,1057.3198051533946,508.0,8817,12499,89,342.5,15.0,65.0,42.5,154.8091059602649,129.0,1.2000705888392629,166.9987232684328,139.0,1.2014296638016748,179.71180673698538,131.0,1.371845852954087,1.3460296083402927,1.8965399940332723,1.1756079697976294,1.0770302278067803,2.1379548486671722,1.4585710997154755,1.4474914875687674,1.841721159226572
C:\Users\JackM\40xMBPCNP\40xN1N2N3N4lif\Pranlukast_0404.lif,Pranlukast_0404,2,Image 3,Pranlukast_0404_S3_Image_3,13,19123,14612,3,63,9952,7240,33,135,31,9.31958762886598,1.2935258691486449,2.067235421870782,1430.5269119345812,692.0,18901,1.1904761904761905,1.0057529661440707,36.207106781186546,36.0,63,75,1.4407154340836013,1.7126783641740229,1013.9055915910216,592.0,9952,14338,2.5837016574585636,2.2518221541190018,1558.260930650349,692.0,7240,18706,184,502.5,12.0,30.0,94.6969696969697,150.65079365079364,129.0,1.1678356096960747,517.8610329581993,139.0,3.7256189421453185,155.66063535911601,131.0,1.1882491248787481,1.3460296083402927,1.8965399940332723,1.1756079697976294,1.0770302278067803,2.1379548486671722,1.4585710997154755,1.4474914875687674,1.841721159226572
C:\Users\JackM\40xMBPCNP\40xN1N2N3N4lif\Pranlukast_0404.lif,Pranlukast_0404,2,Image 3,Pranlukast_0404_S3_Image_3,14,17091,11322,7,166,7109,9676,47,114,32,8.757894736842106,1.5324147677088853,1.8162834236578613,1206.0121933088199,664.0,17350,8.162650602409638,0.3577641949557039,94.44974746830583,264.0,166,1355,1.413419608946406,1.7697993762497195,904.7340187157677,511.20710678118655,7109,10048,1.7930963207937165,1.8794829207874804,1247.976659402887,664.0,9676,17350,111,577.5,13.0,80.0,52.5,149.81927710843374,129.0,1.1613897450266182,317.5237023491349,139.0,2.284343182367877,175.04754030591153,131.0,1.3362407656939812,1.3460296083402927,1.8965399940332723,1.1756079697976294,1.0770302278067803,2.1379548486671722,1.4585710997154755,1.4474914875687674,1.841721159226572
C:\Users\JackM\40xMBPCNP\40xN1N2N3N4lif\Pranlukast_0404.lif,Pranlukast_0404,2,Image 3,Pranlukast_0404_S3_Image_3,15,12803,8169,3,12803,0,8169,47,116,32,6.466666666666667,1.6186803770351328,2.180289975794382,1120.6690475583123,514.0,13223,1.0565492462704054,1.0505836575875487,540.0,514.0,12803,13527,,,0.0,0.0,0,0,1.6186803770351328,2.180289975794382,1120.6690475583123,514.0,8169,13223,131,465.0,11.0,105.0,62.5,179.14965242521285,129.0,1.3887569955442856,154.69757088182456,139.0,1.1129321646174428,173.68772187538255,131.0,1.3258604723311644,1.3460296083402927,1.8965399940332723,1.1756079697976294,1.0770302278067803,2.1379548486671722,1.4585710997154755,1.4474914875687674,1.841721159226572
C:\Users\JackM\40xMBPCNP\40xN1N2N3N4lif\Pranlukast_0404.lif,Pranlukast_0404,2,Image 3,Pranlukast_0404_S3_Image_3,16,13037,8530,2,0,2026,7417,37,141,47,7.122448979591836,1.4906213364595544,2.764770402032254,1415.562445840514,512.0,12715,,,0.0,0.0,0,0,4.485192497532083,1.4265063968307297,681.8700576850888,478.0,2026,9087,1.6640151004449237,2.3709456221538243,1199.698484809835,506.0,7417,12342,82,432.5,13.0,60.0,37.5,132.15744431418523,129.0,1.0244763125130638,198.13129318854885,139.0,1.4254049869679775,153.9831468248618,131.0,1.1754438688920748,1.3460296083402927,1.8965399940332723,1.1756079697976294,1.0770302278067803,2.1379548486671722,1.4585710997154755,1.4474914875687674,1.841721159226572
C:\Users\JackM\40xMBPCNP\40xN1N2N3N4lif\Pranlukast_0404.lif,Pranlukast_0404,2,Image 3,Pranlukast_0404_S3_Image_3,17,17639,17639,4,17639,9,17639,3,3,1,50.666666666666664,1.0620216565564942,1.0145682069322572,641.2071067811866,632.0,18733,1.0620216565564942,1.0145682069322572,641.2071067811866,632.0,17639,18733,2.7777777777777777,0.39077190862659616,6.414213562373095,16.414213562373096,9,25,1.0620216565564942,1.0145682069322572,641.2071067811866,632.0,17639,18733,108,247.5,20.0,80.0,50.0,448.41181472872614,129.0,3.476060579292451,221.88888888888889,139.0,1.5963229416466826,289.19972787572993,131.0,2.207631510501755,1.3460296083402927,1.8965399940332723,1.1756079697976294,1.0770302278067803,2.1379548486671722,1.4585710997154755,1.4474914875687674,1.841721159226572
C:\Users\JackM\40xMBPCNP\40xN1N2N3N4lif\Pranlukast_0404.lif,Pranlukast_0404,2,Image 3,Pranlukast_0404_S3_Image_3,18,15782,10536,3,304,1087,10270,43,154,48,7.126050420168068,1.5548595292331056,2.6323923566462666,1632.0832611206852,620.0,16382,1.8388157894736843,0.6085683066083408,77.41421356237309,127.20710678118655,304,559,6.095676172953082,0.5834092604827623,273.03553390593277,468.0,1087,6626,1.5951314508276533,2.5727149372914275,1595.0832611206852,620.0,10270,16382,104,470.0,16.0,70.0,50.0,147.75,129.0,1.1453488372093024,195.05335786568537,139.0,1.4032615673790314,171.6207400194742,131.0,1.3100819848814824,1.3460296083402927,1.8965399940332723,1.1756079697976294,1.0770302278067803,2.1379548486671722,1.4585710997154755,1.4474914875687674,1.841721159226572
C:\Users\JackM\40xMBPCNP\40xN1N2N3N4lif\Pranlukast_0404.lif,Pranlukast_0404,2,Image 3,Pranlukast_0404_S3_Image_3,19,45113,44754,9,45113,1642,44754,6,28,5,27.0,1.1468695535594584,1.0963652333272063,1243.278174593052,1134.0,51327,1.1400926562188283,1.0590828924162257,1201.0,1134.0,45113,51433,11.580389768574909,0.7278108825294366,486.17766952966366,668.0,1642,19015,1.1468695535594584,1.0963652333272063,1243.278174593052,1134.0,44754,51327,189,422.5,9.0,100.0,92.5,267.94433976902445,129.0,2.077087905186236,222.85870889159563,139.0,1.603300063968314,229.6583545604862,131.0,1.753117210385391,1.3460296083402927,1.8965399940332723,1.1756079697976294,1.0770302278067803,2.1379548486671722,1.4585710997154755,1.4474914875687674,1.841721159226572
C:\Users\JackM\40xMBPCNP\40xN1N2N3N4lif\Pranlukast_0404.lif,Pranlukast_0404,2,Image 3,Pranlukast_0404_S3_Image_3,20,17451,15589,4,17370,5537,15576,17,55,15,14.348837209302326,1.1319520174482007,1.3719444930009166,814.9350288425444,594.0,17646,1.026482440990213,1.0775008988315367,640.0355339059328,594.0,17370,17830,1.5490337728011558,1.4282002829084002,675.8345237791561,473.20710678118655,5537,8577,1.1328967642526964,1.3743253239140025,816.3492424049175,594.0,15576,17646,111,272.5,8.0,75.0,52.5,166.3683937823834,129.0,1.2896774711812666,294.58930828968755,139.0,2.1193475416524286,204.2861453518233,131.0,1.55943622405972,1.3460296083402927,1.8965399940332723,1.1756079697976294,1.0770302278067803,2.1379548486671722,1.4585710997154755,1.4474914875687674,1.841721159226572
C:\Users\JackM\40xMBPCNP\40xN1N2N3N4lif\Pranlukast_0404.lif,Pranlukast_0404,2,Image 3,Pranlukast_0404_S3_Image_3,21,7560,4509,1,7534,0,4509,17,58,21,7.0754716981132075,1.6138833444222667,1.67708630944789,670.834523779156,400.0,7277,1.0216352535173878,1.0623938286663033,429.20710678118655,404.0,7534,7697,,,0.0,0.0,0,0,1.6138833444222667,1.67708630944789,670.834523779156,400.0,4509,7277,121,202.5,5.0,25.0,61.5,183.82930714096096,129.0,1.4250333886896198,166.18383328908945,139.0,1.1955671459646724,185.22355289421156,131.0,1.4139202511008517,1.3460296083402927,1.8965399940332723,1.1756079697976294,1.0770302278067803,2.1379548486671722,1.4585710997154755,1.4474914875687674,1.841721159226572
C:\Users\JackM\40xMBPCNP\40xN1N2N3N4lif\Pranlukast_0404.lif,Pranlukast_0404,2,Image 3,Pranlukast_0404_S3_Image_3,22,15993,11346,4,0,1171,11256,28,44,8,12.227272727272727,1.3878018684999118,1.5954224501743228,896.6274169979695,562.0,15746,,,0.0,0.0,0,0,4.057216054654142,0.9608260217435806,394.89949493661163,411.0,1171,4751,1.3974769012082444,1.5089076452925443,848.0060966544099,562.0,11256,15730,95,392.5,13.0,65.0,45.0,135.74158293671778,129.0,1.0522603328427735,210.77198975234842,139.0,1.516345250016895,186.88486140724947,131.0,1.4266019954751867,1.3460296083402927,1.8965399940332723,1.1756079697976294,1.0770302278067803,2.1379548486671722,1.4585710997154755,1.4474914875687674,1.841721159226572
C:\Users\JackM\40xMBPCNP\40xN1N2N3N4lif\Pranlukast_0404.lif,Pranlukast_0404,2,Image 3,Pranlukast_0404_S3_Image_3,23,35062,20790,4,35062,519,20698,73,199,56,8.067484662576687,1.7067821067821067,2.3946118437792174,2150.361435713737,898.0,35484,1.028492384918145,1.0004561823374154,908.4142135623731,908.0,35062,36061,15.221579961464354,0.33856464130234143,171.31370849898477,506.0,519,7900,1.7083293071794377,2.341502280131751,2102.6690475583123,898.0,20698,35359,254,782.5,10.0,105.0,126.97916666666667,216.15823398551137,129.0,1.6756452246938867,197.26974951830442,139.0,1.4192068310669383,179.6331529616388,131.0,1.371245442455258,1.3460296083402927,1.8965399940332723,1.1756079697976294,1.0770302278067803,2.1379548486671722,1.4585710997154755,1.4474914875687674,1.841721159226572
C:\Users\JackM\40xMBPCNP\40xN1N2N3N4lif\Pranlukast_0404.lif,Pranlukast_0404,2,Image 3,Pranlukast_0404_S3_Image_3,24,11682,10516,3,11651,8116,9522,20,48,16,9.093023255813954,1.108406238113351,1.3475747411302852,679.1776695296637,504.0,11656,1.015964294910308,1.0118110236220472,514.0,508.0,11651,11837,1.3180137999014292,1.6731188824007959,833.2132034355964,498.0,8116,10697,1.1965973534971646,1.6069116882454313,803.4558441227157,500.0,9522,11394,90,252.5,11.0,60.0,42.5,160.2095957428547,129.0,1.2419348507198038,379.48509117792014,139.0,2.7301085696253247,184.37712665406428,131.0,1.4074589820920937,1.3460296083402927,1.8965399940332723,1.1756079697976294,1.0770302278067803,2.1379548486671722,1.4585710997154755,1.4474914875687674,1.841721159226572
C:\Users\JackM\40xMBPCNP\40xN1N2N3N4lif\Pranlukast_0404.lif,Pranlukast_0404,2,Image 3,Pranlukast_0404_S3_Image_3,25,6711,2935,1,0,2412,1971,15,33,12,7.21875,2.054855195911414,1.632925209645193,594.3847763108503,364.0,6031,,,0.0,0.0,0,0,1.644278606965174,1.2296440522413465,400.863961030679,326.0,2412,3966,2.450025367833587,1.52587916593987,506.5918830920368,332.0,1971,4829,74,217.5,8.0,45.0,35.0,131.3557069846678,129.0,1.018261294454789,206.32421227197347,139.0,1.4843468508775068,143.9345509893455,131.0,1.098737030453019,1.3460296083402927,1.8965399940332723,1.1756079697976294,1.0770302278067803,2.1379548486671722,1.4585710997154755,1.4474914875687674,1.841721159226572
C:\Users\JackM\40xMBPCNP\40xN1N2N3N4lif\Pranlukast_0404.lif,Pranlukast_0404,2,Image 3,Pranlukast_0404_S3_Image_3,26,36078,23804,4,35939,8282,23383,59,206,49,9.160839160839162,1.6745084859687447,2.374201091213213,2345.710678118655,988.0,39860,1.1248504410250704,1.098637189444899,1094.2426406871193,996.0,35939,40426,2.831924655880222,1.4358114903742787,1151.5208152801715,802.0,8282,23454,1.7011931745285036,2.3552226679302857,2317.539105243401,984.0,23383,39779,176,852.5,13.0,85.0,85.0,186.97437324355158,129.0,1.4494137460740433,284.99601545520403,139.0,2.050331046440317,186.88628490783904,131.0,1.4266128618919012,1.3460296083402927,1.8965399940332723,1.1756079697976294,1.0770302278067803,2.1379548486671722,1.4585710997154755,1.4474914875687674,1.841721159226572
C:\Users\JackM\40xMBPCNP\40xN1N2N3N4lif\Pranlukast_0404.lif,Pranlukast_0404,2,Image 3,Pranlukast_0404_S3_Image_3,27,3286,3285,1,75,3285,1274,3,3,1,8.666666666666666,1.0280060882800608,0.99690276086401,255.20710678118655,256.0,3377,3.3333333333333335,0.5548084016570204,47.82842712474619,86.20710678118655,75,250,1.0280060882800608,0.99690276086401,255.20710678118655,256.0,3285,3377,1.945054945054945,1.0020738520266605,234.48528137423858,234.0,1274,2478,47,82.5,11.0,35.0,20.0,147.16,129.0,1.1407751937984496,739.8066971080669,139.0,5.322350338906957,156.1585557299843,131.0,1.192050043740338,1.3460296083402927,1.8965399940332723,1.1756079697976294,1.0770302278067803,2.1379548486671722,1.4585710997154755,1.4474914875687674,1.841721159226572
C:\Users\JackM\40xMBPCNP\40xN1N2N3N4lif\Pranlukast_0404.lif,Pranlukast_0404,2,Image 3,Pranlukast_0404_S3_Image_3,28,28334,28137,3,28334,11,28137,8,14,3,44.09090909090909,1.028823257632299,1.0403333167647444,815.6213203435597,784.0,28948,1.0229053434036846,1.0063775510204083,789.0,784.0,28334,28983,25.545454545454547,0.04956260192608458,7.207106781186548,145.4142135623731,11,281,1.028823257632299,1.0403333167647444,815.6213203435597,784.0,28137,28948,119,307.5,25.0,95.0,57.5,257.8840968447801,129.0,1.999101525928528,211.0,139.0,1.5179856115107915,234.97249173685893,131.0,1.7936831430294575,1.3460296083402927,1.8965399940332723,1.1756079697976294,1.0770302278067803,2.1379548486671722,1.4585710997154755,1.4474914875687674,1.841721159226572
C:\Users\JackM\40xMBPCNP\40xN1N2N3N4lif\Pranlukast_0404.lif,Pranlukast_0404,2,Image 3,Pranlukast_0404_S3_Image_3,29,11088,9348,1,6380,3454,9302,14,40,8,14.466666666666667,1.1596063329054342,1.3583113574624415,622.1066017177982,458.0,10840,1.3699059561128526,1.206052679230071,537.8994949366116,446.0,6380,8740,1.539953676896352,1.4974619366982902,527.1066017177982,352.0,3454,5319,1.1653407869275425,1.349577733008293,618.1066017177982,458.0,9302,10840,76,167.5,7.0,60.0,35.0,164.06426332288402,129.0,1.2718159947510388,282.86942675159236,139.0,2.035031847133758,210.4952698344442,131.0,1.6068341208736199,1.3460296083402927,1.8965399940332723,1.1756079697976294,1.0770302278067803,2.1379548486671722,1.4585710997154755,1.4474914875687674,1.841721159226572
C:\Users\JackM\40xMBPCNP\40xN1N2N3N4lif\Pranlukast_0404.lif,Pranlukast_0404,2,Image 3,Pranlukast_0404_S3_Image_3,30,13720,7705,1,228,1566,6574,48,113,23,6.887640449438202,1.7941596365996106,2.600845416349329,1399.254833995939,538.0,13824,1.4517543859649122,1.158654851942814,92.6923881554251,80.0,228,331,2.554916985951469,1.1860839448351608,389.03553390593277,328.0,1566,4001,2.077121995740797,2.244558322986353,1203.0832611206852,536.0,6574,13655,119,547.5,12.0,65.0,57.5,146.74122807017545,129.0,1.137528899768802,185.96296296296296,139.0,1.3378630428990141,151.53452996653485,131.0,1.156752137149121,1.3460296083402927,1.8965399940332723,1.1756079697976294,1.0770302278067803,2.1379548486671722,1.4585710997154755,1.4474914875687674,1.841721159226572
C:\Users\JackM\40xMBPCNP\40xN1N2N3N4lif\Pranlukast_0404.lif,Pranlukast_0404,2,Image 3,Pranlukast_0404_S3_Image_3,31,10608,10531,5,8963,0,10531,4,6,0,26.0,1.0221251543063337,1.0282974473909934,510.03553390593277,496.0,10764,1.070846814682584,1.1828886390855484,553.5918830920367,468.0,8963,9598,,,0.0,0.0,0,0,1.0221251543063337,1.0282974473909934,510.03553390593277,496.0,10531,10764,77,202.5,16.0,60.0,35.0,154.88999219011492,129.0,1.20069761387686,167.4096477067705,139.0,1.2043859547249676,224.98642104263604,131.0,1.7174535957453132,1.3460296083402927,1.8965399940332723,1.1756079697976294,1.0770302278067803,2.1379548486671722,1.4585710997154755,1.4474914875687674,1.841721159226572
C:\Users\JackM\40xMBPCNP\40xN1N2N3N4lif\Pranlukast_0404.lif,Pranlukast_0404,2,Image 3,Pranlukast_0404_S3_Image_3,32,16928,15066,3,13614,15,15064,25,65,15,11.796296296296296,1.1352050975706889,1.5161167596599068,921.7989898732233,608.0,17103,1.2433524313206992,1.7452111877004068,1057.5979797464465,606.0,13614,16927,1.0,1.0,12.0,12.0,15,15,1.135355815188529,1.5161167596599068,921.7989898732233,608.0,15064,17103,98,302.5,16.0,65.0,45.0,154.7238137211694,129.0,1.1994094086912357,242.26666666666668,139.0,1.742925659472422,205.67837227827934,131.0,1.5700639105212164,1.3460296083402927,1.8965399940332723,1.1756079697976294,1.0770302278067803,2.1379548486671722,1.4585710997154755,1.4474914875687674,1.841721159226572
C:\Users\JackM\40xMBPCNP\40xN1N2N3N4lif\Pranlukast_0404.lif,Pranlukast_0404,2,Image 3,Pranlukast_0404_S3_Image_3,33,23307,21690,5,23307,2374,21585,21,73,20,15.701754385964913,1.0840940525587828,1.319416247843369,918.3137084989849,696.0,23514,1.021023726777363,1.0102958668302664,707.2071067811866,700.0,23307,23797,4.494102780117944,0.8437984970482951,447.2132034355964,530.0,2374,10669,1.085800324299282,1.3197138150577175,918.5208152801713,696.0,21585,23437,107,312.5,14.0,85.0,50.0,273.7092289869996,129.0,2.12177696889147,240.94271272114574,139.0,1.7334008109434946,242.74366458188558,131.0,1.8530050731441647,1.3460296083402927,1.8965399940332723,1.1756079697976294,1.0770302278067803,2.1379548486671722,1.4585710997154755,1.4474914875687674,1.841721159226572
C:\Users\JackM\40xMBPCNP\40xN1N2N3N4lif\Pranlukast_0404.lif,Pranlukast_0404,2,Image 3,Pranlukast_0404_S3_Image_3,34,23870,18593,7,23841,1338,18174,33,97,14,13.956521739130435,1.3106007637282848,1.8334387492708681,1342.0771644662755,732.0,24368,1.0365337024453671,1.0536978386408353,773.4142135623731,734.0,23841,24712,3.4484304932735426,0.5712505813517325,276.4852813742385,484.0,1338,4614,1.339165841311764,1.889118201884093,1382.8345237791561,732.0,18174,24338,125,497.5,13.0,75.0,60.0,193.8211903863093,129.0,1.502489847955886,209.0799701046338,139.0,1.5041724467959265,209.19302299988996,131.0,1.5968933053426715,1.3460296083402927,1.8965399940332723,1.1756079697976294,1.0770302278067803,2.1379548486671722,1.4585710997154755,1.4474914875687674,1.841721159226572
C:\Users\JackM\40xMBPCNP\40xN1N2N3N4lif\Pranlukast_0404.lif,Pranlukast_0404,2,Image 3,Pranlukast_0404_S3_Image_3,35,14436,5889,2,307,201,5689,76,215,106,4.697986577181208,2.32433350314145,2.8504602930745815,1527.8467170879758,536.0,13688,4.478827361563518,0.3432318110530449,111.20710678118655,324.0,307,1375,1.1492537313432836,0.9571428571428572,67.0,70.0,201,231,2.375637194586043,2.778511030055232,1467.0538238691624,528.0,5689,13515,138,652.5,11.0,110.0,65.0,145.8925081433225,129.0,1.1309496755296318,175.30348258706468,139.0,1.2611761337198897,146.6672525927228,131.0,1.119597348036052,1.3460296083402927,1.8965399940332723,1.1756079697976294,1.0770302278067803,2.1379548486671722,1.4585710997154755,1.4474914875687674,1.841721159226572
C:\Users\JackM\40xMBPCNP\40xN1N2N3N4lif\Pranlukast_0404.lif,Pranlukast_0404,2,Image 3,Pranlukast_0404_S3_Image_3,36,6794,6394,2,6794,6148,4139,11,33,2,12.375,1.0749139818579918,1.3878905556466994,519.0710678118655,374.0,6873,1.0226670591698557,1.003210390375496,377.20710678118655,376.0,6794,6948,1.1060507482108002,1.4942579597598897,555.863961030679,372.0,6148,6800,1.6073930901183862,2.2216638607589534,799.7989898732233,360.0,4139,6653,59,187.5,19.0,50.0,27.5,208.18619370032383,129.0,1.6138464627932079,452.3534482758621,139.0,3.254341354502605,176.0589514375453,131.0,1.3439614613553075,1.3460296083402927,1.8965399940332723,1.1756079697976294,1.0770302278067803,2.1379548486671722,1.4585710997154755,1.4474914875687674,1.841721159226572
C:\Users\JackM\40xMBPCNP\40xN1N2N3N4lif\Pranlukast_0404.lif,Pranlukast_0404,2,Image 3,Pranlukast_0404_S3_Image_3,37,18523,16943,2,14969,1548,16594,17,86,16,14.535714285714286,1.127958448916957,1.4732126557765006,978.2132034355964,664.0,19111,1.1889237758033269,1.4147747564417432,905.4558441227157,640.0,14969,17797,2.361111111111111,1.2521911017576743,395.6923881554251,316.0,1548,3655,1.1516813306014222,1.4310439810777054,950.2132034355964,664.0,16594,19111,110,277.5,13.0,80.0,52.5,160.01282650811677,129.0,1.2404095078148587,198.12467700258398,139.0,1.4253573885077984,232.40165119922864,131.0,1.7740584061009819,1.3460296083402927,1.8965399940332723,1.1756079697976294,1.0770302278067803,2.1379548486671722,1.4585710997154755,1.4474914875687674,1.841721159226572
C:\Users\JackM\40xMBPCNP\40xN1N2N3N4lif\Pranlukast_0404.lif,Pranlukast_0404,2,Image 3,Pranlukast_0404_S3_Image_3,38,26626,26612,8,26626,11865,26612,6,12,7,38.76923076923077,1.0892830302119345,1.0448547533256427,844.2426406871193,808.0,28988,1.0887102831818523,1.0406292414910225,840.8284271247462,808.0,26626,28988,1.8315212810788033,3.229427179667104,2260.5990257669728,700.0,11865,21731,1.0892830302119345,1.0448547533256427,844.2426406871193,808.0,26612,28988,131,347.5,13.0,95.0,62.5,303.7198602869376,129.0,2.3544175216041676,274.2433206911083,139.0,1.9729735301518583,263.3394709153765,131.0,2.010224968819668,1.3460296083402927,1.8965399940332723,1.1756079697976294,1.0770302278067803,2.1379548486671722,1.4585710997154755,1.4474914875687674,1.841721159226572
C:\Users\JackM\40xMBPCNP\40xN1N2N3N4lif\Pranlukast_0404.lif,Pranlukast_0404,2,Image 3,Pranlukast_0404_S3_Image_3,39,11732,6921,3,0,0,6921,31,115,26,6.875,1.6829937870249965,2.3487133468192654,1216.6335136523794,518.0,11648,,,0.0,0.0,0,0,,,0.0,0.0,0,0,1.6829937870249965,2.3487133468192654,1216.6335136523794,518.0,6921,11648,88,392.5,12.0,45.0,40.0,134.67374656841497,129.0,1.0439825315381006,152.24360641525791,139.0,1.0952777439946613,152.22438953908394,131.0,1.162018240756366,1.3460296083402927,1.8965399940332723,1.1756079697976294,1.0770302278067803,2.1379548486671722,1.4585710997154755,1.4474914875687674,1.841721159226572
C:\Users\JackM\40xMBPCNP\40xN1N2N3N4lif\Pranlukast_0404.lif,Pranlukast_0404,2,Image 3,Pranlukast_0404_S3_Image_3,40,12864,8696,2,4868,2635,7717,44,145,62,7.471153846153846,1.5434682612695492,2.132864415022611,1343.704581464245,630.0,13422,2.5110928512736237,1.3574108254475308,792.727922061358,584.0,4868,12224,3.8185958254269448,1.0847541081486611,617.4497474683058,569.2071067811866,2635,10062,1.734223143708695,2.231230387639241,1405.675144212722,630.0,7717,13383,211,410.0,5.0,40.0,102.5,153.87818405916187,129.0,1.1928541399935029,192.838330170778,139.0,1.3873261163365322,152.4618375016198,131.0,1.163830820623052,1.3460296083402927,1.8965399940332723,1.1756079697976294,1.0770302278067803,2.1379548486671722,1.4585710997154755,1.4474914875687674,1.841721159226572
C:\Users\JackM\40xMBPCNP\40xN1N2N3N4lif\Pranlukast_0404.lif,Pranlukast_0404,2,Image 3,Pranlukast_0404_S3_Image_3,41,17294,10017,1,824,2948,8338,57,153,44,6.587786259541985,1.7470300489168413,2.9288765030130075,1757.3259018078045,600.0,17500,9.226941747572816,0.8630386086460423,371.1066017177982,430.0,824,7603,3.8063093622795114,1.6019344858827127,762.5208152801713,476.0,2948,11221,2.003118253777884,2.5138765030130075,1508.3259018078045,600.0,8338,16702,96,650.0,18.0,65.0,50.0,149.80461165048544,129.0,1.1612760593060887,211.08039348710992,139.0,1.518563981921654,160.9012952746462,131.0,1.2282541624018795,1.3460296083402927,1.8965399940332723,1.1756079697976294,1.0770302278067803,2.1379548486671722,1.4585710997154755,1.4474914875687674,1.841721159226572
C:\Users\JackM\40xMBPCNP\40xN1N2N3N4lif\Pranlukast_0404.lif,Pranlukast_0404,2,Image 3,Pranlukast_0404_S3_Image_3,42,18182,14406,3,17925,3508,14170,36,67,18,10.158730158730158,1.2876579203109815,1.541634879788319,1044.00609665441,677.2071067811866,18550,1.04836820083682,1.0783584140617446,724.6568542494924,672.0,17925,18792,2.243443557582668,1.7039503860297205,768.8345237791561,451.20710678118655,3508,7870,1.3085391672547635,1.4873045385228638,1007.2132034355965,677.2071067811866,14170,18542,212,395.0,5.0,25.0,102.5,203.62008368200836,129.0,1.57845026110084,254.41134549600912,139.0,1.8302974496115765,217.47000705716303,131.0,1.660076389749336,1.3460296083402927,1.8965399940332723,1.1756079697976294,1.0770302278067803,2.1379548486671722,1.4585710997154755,1.4474914875687674,1.841721159226572
C:\Users\JackM\40xMBPCNP\40xN1N2N3N4lif\Pranlukast_0404.lif,Pranlukast_0404,2,Image 3,Pranlukast_0404_S3_Image_3,43,64472,55165,5,64286,1319,55165,76,251,74,12.595505617977528,1.2108039517810205,1.9543538456509055,2435.124891681028,1246.0,66794,1.069081915191488,1.0604527417005916,1361.6213203435595,1284.0,64286,68727,6.194086429112964,0.6072303614392802,293.89949493661163,484.0,1319,8170,1.2108039517810205,1.9543538456509055,2435.124891681028,1246.0,55165,66794,207,852.5,19.0,135.0,100.0,306.1236972280123,129.0,2.3730519164962196,219.18423047763457,139.0,1.5768649674649968,279.7783014592586,131.0,2.135712224879837,1.3460296083402927,1.8965399940332723,1.1756079697976294,1.0770302278067803,2.1379548486671722,1.4585710997154755,1.4474914875687674,1.841721159226572
C:\Users\JackM\40xMBPCNP\40xN1N2N3N4lif\Pranlukast_0404.lif,Pranlukast_0404,2,Image 3,Pranlukast_0404_S3_Image_3,44,14015,9670,4,12455,6943,5941,36,97,34,7.943181818181818,1.39741468459152,2.014750360676742,1108.1126983722081,550.0,13513,1.1136089923725412,1.1988871607819767,685.7634559672906,572.0,12455,13870,1.3459599596716116,1.9069738219219865,903.9055915910216,474.0,6943,9345,2.187005554620434,2.064467021212093,1118.9411254969543,542.0,5941,12993,91,437.5,20.0,65.0,42.5,156.83829787234043,129.0,1.2158007587003135,310.82500360074897,139.0,2.2361511050413596,168.507153677832,131.0,1.286314150212458,1.3460296083402927,1.8965399940332723,1.1756079697976294,1.0770302278067803,2.1379548486671722,1.4585710997154755,1.4474914875687674,1.841721159226572
C:\Users\JackM\40xMBPCNP\40xN1N2N3N4lif\Pranlukast_0404.lif,Pranlukast_0404,2,Image 3,Pranlukast_0404_S3_Image_3,45,14830,8577,2,54,7281,6546,30,116,27,7.962025316455696,1.6495278069254984,1.769444073731725,1033.3553390593274,584.0,14148,67.46296296296296,0.07589734585067105,30.071067811865472,396.20710678118655,54,3643,1.8928718582612278,1.4865447527803612,868.142135623731,584.0,7281,13782,2.0035135960892148,1.9211987037205003,1095.0832611206852,570.0,6546,13115,118,307.5,8.0,60.0,55.0,152.25925925925927,129.0,1.180304335343095,435.07389094904545,139.0,3.130027992439176,145.83226397800183,131.0,1.1132233891450523,1.3460296083402927,1.8965399940332723,1.1756079697976294,1.0770302278067803,2.1379548486671722,1.4585710997154755,1.4474914875687674,1.841721159226572
C:\Users\JackM\40xMBPCNP\40xN1N2N3N4lif\Pranlukast_0404.lif,Pranlukast_0404,2,Image 3,Pranlukast_0404_S3_Image_3,46,12813,11031,3,9262,8759,7153,30,93,32,8.873239436619718,1.1908258544102983,1.7630765972464792,1054.3198051533946,598.0,13136,1.3291945584107103,1.2508381780532345,742.0060966544099,593.2071067811866,9262,12311,1.405297408379952,2.1887951865151556,1190.7045814642447,544.0,8759,12309,1.509017195582273,1.3811658359631676,748.5918830920368,542.0,7153,10794,98,352.5,13.0,60.0,47.5,179.1013819909307,129.0,1.3883828061312458,412.75225482361,139.0,2.9694406821842443,207.75618621557388,131.0,1.5859250856150677,1.3460296083402927,1.8965399940332723,1.1756079697976294,1.0770302278067803,2.1379548486671722,1.4585710997154755,1.4474914875687674,1.841721159226572
C:\Users\JackM\40xMBPCNP\40xN1N2N3N4lif\Pranlukast_0404.lif,Pranlukast_0404,2,Image 3,Pranlukast_0404_S3_Image_3,47,13831,12538,3,11714,5527,12350,5,13,0,27.3,1.1084702504386665,1.1683443555112902,633.2426406871193,542.0,13898,1.112344203517159,1.1016516443549227,590.4852813742385,536.0,11714,13030,1.7190157409082685,1.8855295049617387,818.3198051533946,434.0,5527,9501,1.1076113360323887,1.1023058071370955,597.4497474683058,542.0,12350,13679,87,257.5,17.0,60.0,40.0,167.2446645040123,129.0,1.2964702674729636,267.1409444544961,139.0,1.9218772982337848,213.1655060728745,131.0,1.627217603609729,1.3460296083402927,1.8965399940332723,1.1756079697976294,1.0770302278067803,2.1379548486671722,1.4585710997154755,1.4474914875687674,1.841721159226572
C:\Users\JackM\40xMBPCNP\40xN1N2N3N4lif\Pranlukast_0404.lif,Pranlukast_0404,2,Image 3,Pranlukast_0404_S3_Image_3,48,29876,21517,3,27357,566,21517,66,144,37,9.555555555555555,1.5365989682576566,2.2913090119002932,2002.6040764008565,874.0,33063,1.1701941002302885,1.1743843752889267,1009.970562748477,860.0,27357,32013,1.8886925795053005,1.0039098467231689,168.65685424949237,168.0,566,1069,1.5365989682576566,2.2913090119002932,2002.6040764008565,874.0,21517,33063,164,802.5,15.0,65.0,80.0,200.00442299959792,129.0,1.5504218837178134,191.80035335689047,139.0,1.3798586572438163,199.29023562764326,131.0,1.5212995086079637,1.3460296083402927,1.8965399940332723,1.1756079697976294,1.0770302278067803,2.1379548486671722,1.4585710997154755,1.4474914875687674,1.841721159226572
C:\Users\JackM\40xMBPCNP\40xN1N2N3N4lif\Pranlukast_0404.lif,Pranlukast_0404,2,Image 3,Pranlukast_0404_S3_Image_3,49,10595,6479,2,2157,1893,5655,54,127,39,5.841121495327103,1.6823583886402222,2.5377165991651633,1228.254833995939,484.0,10900,2.5818266110338435,1.3587402238416546,491.863961030679,362.0,2157,5569,3.629160063391442,1.2157335954081756,503.31370849898474,414.0,1893,6870,1.883996463306808,2.4212427163677472,1147.6690475583123,474.0,5655,10654,81,462.5,16.0,50.0,37.5,156.31988873435327,129.0,1.211782083212041,197.24511357633386,139.0,1.4190295940743443,148.4976127320955,131.0,1.1335695628404237,1.3460296083402927,1.8965399940332723,1.1756079697976294,1.0770302278067803,2.1379548486671722,1.4585710997154755,1.4474914875687674,1.841721159226572
C:\Users\JackM\40xMBPCNP\40xN1N2N3N4lif\Pranlukast_0404.lif,Pranlukast_0404,2,Image 3,Pranlukast_0404_S3_Image_3,50,36445,21093,9,1037,14666,14693,75,270,86,7.894472361809045,1.7935808087991276,2.7441926213752197,2678.3319984622144,976.0,37832,5.755062680810029,0.7758657115552126,313.4497474683059,404.0,1037,5968,2.2130096822582845,2.172728279031434,2024.9827560572967,932.0,14666,32456,2.4381678350234806,2.487518811553806,2318.3675323681473,932.0,14693,35824,155,812.5,12.0,80.0,75.0,143.5583413693346,129.0,1.1128553594522064,367.3405154779763,139.0,2.64273752142429,146.88457088409447,131.0,1.1212562662907974,1.3460296083402927,1.8965399940332723,1.1756079697976294,1.0770302278067803,2.1379548486671722,1.4585710997154755,1.4474914875687674,1.841721159226572
C:\Users\JackM\40xMBPCNP\40xN1N2N3N4lif\Pranlukast_0404.lif,Pranlukast_0404,2,Image 3,Pranlukast_0404_S3_Image_3,51,15390,13142,3,174,5680,12776,17,47,9,15.17142857142857,1.157053720894841,1.382128675439392,762.9350288425444,552.0,15206,2.2011494252873565,0.6790720487927464,77.41421356237309,114.0,174,383,1.649823943661972,2.1660999213855647,979.0771644662753,452.0,5680,9371,1.190200375704446,1.3553299558400922,748.1421356237308,552.0,12776,15206,97,302.5,15.0,65.0,45.0,146.16091954022988,129.0,1.1330303840327898,239.95739436619718,139.0,1.7263121896848719,211.5136975579211,131.0,1.6146083783047411,1.3460296083402927,1.8965399940332723,1.1756079697976294,1.0770302278067803,2.1379548486671722,1.4585710997154755,1.4474914875687674,1.841721159226572
C:\Users\JackM\40xMBPCNP\40xN1N2N3N4lif\Pranlukast_0404.lif,Pranlukast_0404,2,Image 3,Pranlukast_0404_S3_Image_3,52,10139,3628,2,2957,0,3628,45,86,35,5.391891891891892,2.7036934950385887,2.2451057941845627,1046.2193000900063,466.0,9809,2.7358809604328713,1.5006529920024694,639.278174593052,426.0,2957,8090,,,0.0,0.0,0,0,2.7036934950385887,2.2451057941845627,1046.2193000900063,466.0,3628,9809,120,462.5,11.0,60.0,57.5,154.31586066959755,129.0,1.1962469819348647,150.31635926222935,139.0,1.081412656562801,143.04740904079384,131.0,1.0919649545098766,1.3460296083402927,1.8965399940332723,1.1756079697976294,1.0770302278067803,2.1379548486671722,1.4585710997154755,1.4474914875687674,1.841721159226572
C:\Users\JackM\40xMBPCNP\40xN1N2N3N4lif\Pranlukast_0404.lif,Pranlukast_0404,2,Image 3,Pranlukast_0404_S3_Image_3,53,16355,10710,4,392,9401,4797,51,150,64,7.180327868852459,1.5339869281045753,2.32486817374451,1432.118795026618,616.0,16429,4.326530612244898,0.7755426715746615,162.86396103067892,210.0,392,1696,1.6540793532602915,1.925689708763401,1151.5624458405139,598.0,9401,15550,3.1317490097977903,2.0820818925982367,1282.5624458405139,616.0,4797,15023,111,537.5,12.0,45.0,52.5,146.2015306122449,129.0,1.1333451985445342,299.3626209977662,139.0,2.153687920847239,143.26850114654994,131.0,1.093652680508015,1.3460296083402927,1.8965399940332723,1.1756079697976294,1.0770302278067803,2.1379548486671722,1.4585710997154755,1.4474914875687674,1.841721159226572
C:\Users\JackM\40xMBPCNP\40xN1N2N3N4lif\Pranlukast_0404.lif,Pranlukast_0404,2,Image 3,Pranlukast_0404_S3_Image_3,54,9729,6086,1,382,4267,3704,27,87,23,6.901408450704225,1.5489648373315807,2.2780809192544695,1034.2487373415292,454.0,9427,2.43717277486911,0.7775888347648319,124.4142135623731,160.0,382,931,1.8685258964143425,2.1370910304724013,863.3847763108502,404.0,4267,7973,2.2721382289416847,1.6485791661028897,705.5918830920368,428.0,3704,8416,84,337.5,14.0,45.0,40.0,142.86387434554973,129.0,1.1074718941515482,237.6997890789782,139.0,1.71007042502862,141.2451403887689,131.0,1.0782071785402205,1.3460296083402927,1.8965399940332723,1.1756079697976294,1.0770302278067803,2.1379548486671722,1.4585710997154755,1.4474914875687674,1.841721159226572
C:\Users\JackM\40xMBPCNP\40xN1N2N3N4lif\Pranlukast_0404.lif,Pranlukast_0404,2,Image 3,Pranlukast_0404_S3_Image_3,55,7558,4705,2,0,4191,1249,13,58,5,8.425,1.3927736450584485,1.6610246689687005,607.9350288425444,366.0,6553,,,0.0,0.0,0,0,1.4702934860415175,1.4178752794445004,516.1066017177982,364.0,4191,6162,3.2722177742193757,1.1168261136804674,348.4497474683058,312.0,1249,4087,64,187.5,14.0,40.0,30.0,128.392348565356,129.0,0.9952895237624496,513.1593891672632,139.0,3.691794166670958,136.8630904723779,131.0,1.0447564158196787,1.3460296083402927,1.8965399940332723,1.1756079697976294,1.0770302278067803,2.1379548486671722,1.4585710997154755,1.4474914875687674,1.841721159226572
C:\Users\JackM\40xMBPCNP\40xN1N2N3N4lif\Pranlukast_0404.lif,Pranlukast_0404,2,Image 3,Pranlukast_0404_S3_Image_3,56,7349,2476,1,0,555,2103,23,39,6,7.428571428571429,2.4268982229402263,1.6025047552829212,634.5918830920368,396.0,6009,,,0.0,0.0,0,0,2.1783783783783783,0.8334743408965585,210.03553390593274,252.0,555,1209,2.8573466476462195,1.3297774825556485,526.5918830920368,396.0,2103,6009,128,242.5,5.0,65.0,62.04545454545455,127.15387722132472,129.0,0.9856889707079436,183.6072072072072,139.0,1.3209151597640807,139.7289586305278,131.0,1.066633271988762,1.3460296083402927,1.8965399940332723,1.1756079697976294,1.0770302278067803,2.1379548486671722,1.4585710997154755,1.4474914875687674,1.841721159226572
C:\Users\JackM\40xMBPCNP\40xN1N2N3N4lif\Pranlukast_0404.lif,Pranlukast_0404,3,Image 4,Pranlukast_0404_S4_Image_4,1,7561,5300,1,0,2310,5293,10,43,24,9.393939393939394,1.3466037735849057,1.7313144603595045,657.8994949366117,380.0,7137,,,0.0,0.0,0,0,1.448917748917749,1.265493685502104,336.62132034355966,266.0,2310,3347,1.3483846589835633,1.7576302498331888,667.8994949366117,380.0,5293,7137,70,197.5,7.0,20.0,32.5,132.94377358490567,129.0,1.0305718882550827,232.1900432900433,139.0,1.6704319661154194,156.77498583034196,127.0,1.2344487073255273,1.5527935332450238,2.1139326179808933,1.1573134976137263,1.0718259409067965,2.527477575565943,1.7815047389104812,1.6787305275754016,1.7106514818200746
C:\Users\JackM\40xMBPCNP\40xN1N2N3N4lif\Pranlukast_0404.lif,Pranlukast_0404,3,Image 4,Pranlukast_0404_S4_Image_4,2,33332,13558,1,0,13341,3561,44,137,29,9.205882352941176,2.2674435757486355,2.0556065461696074,1924.0477272147523,936.0,30742,,,0.0,0.0,0,0,2.3018514354246307,2.001119366682428,1873.0477272147525,936.0,13341,30709,4.055883178882336,1.0772184030849006,734.6629509039022,682.0,3561,14443,183,742.5,14.0,105.0,87.5,127.87402271721493,129.0,0.9912714939318986,320.5915598530845,139.0,2.3064140996624785,137.79191238416175,127.0,1.0849756880642658,1.5527935332450238,2.1139326179808933,1.1573134976137263,1.0718259409067965,2.527477575565943,1.7815047389104812,1.6787305275754016,1.7106514818200746
C:\Users\JackM\40xMBPCNP\40xN1N2N3N4lif\Pranlukast_0404.lif,Pranlukast_0404,3,Image 4,Pranlukast_0404_S4_Image_4,3,53268,21011,2,0,19322,9259,103,214,50,8.703703703703704,2.796725524725144,2.753789268523986,3288.0243866176393,1194.0,58762,,,0.0,0.0,0,0,3.0199254735534624,2.6145575761562148,3121.78174593052,1194.0,19322,58351,3.334269359542067,2.0097091781786167,1630.2903679018718,811.2071067811866,9259,30872,180,1292.5,21.0,75.0,87.5,129.87992004188283,129.0,1.006821085595991,303.45802711934584,139.0,2.183151274239898,142.24484285559996,127.0,1.1200381327212594,1.5527935332450238,2.1139326179808933,1.1573134976137263,1.0718259409067965,2.527477575565943,1.7815047389104812,1.6787305275754016,1.7106514818200746
C:\Users\JackM\40xMBPCNP\40xN1N2N3N4lif\Pranlukast_0404.lif,Pranlukast_0404,3,Image 4,Pranlukast_0404_S4_Image_4,5,61057,19735,1,0,19411,2948,92,236,68,8.417525773195877,3.3631618951102102,2.819546461742802,3473.681240867132,1232.0,66372,,,0.0,0.0,0,0,3.4192983359950544,2.714862563407999,3344.710678118655,1232.0,19411,66372,4.747286295793758,1.5489630429967869,975.8467170879758,630.0,2948,13995,210,1372.5,17.0,65.0,102.5,134.649657968077,129.0,1.0437957982021473,368.89500798516303,139.0,2.6539209207565686,143.7757801899593,127.0,1.1320927574012545,1.5527935332450238,2.1139326179808933,1.1573134976137263,1.0718259409067965,2.527477575565943,1.7815047389104812,1.6787305275754016,1.7106514818200746
C:\Users\JackM\40xMBPCNP\40xN1N2N3N4lif\Pranlukast_0404.lif,Pranlukast_0404,3,Image 4,Pranlukast_0404_S4_Image_4,6,20641,14824,1,0,0,14824,83,254,60,6.430939226519337,1.4164867781975174,2.995167360774305,2060.675144212722,688.0,20998,,,0.0,0.0,0,0,,,0.0,0.0,0,0,1.4164867781975174,2.995167360774305,2060.675144212722,688.0,14824,20998,117,657.5,14.0,60.0,55.0,131.30329195898543,129.0,1.0178549764262437,141.98832973556395,139.0,1.0214987750759996,159.36171073934162,127.0,1.2548166199948159,1.5527935332450238,2.1139326179808933,1.1573134976137263,1.0718259409067965,2.527477575565943,1.7815047389104812,1.6787305275754016,1.7106514818200746
C:\Users\JackM\40xMBPCNP\40xN1N2N3N4lif\Pranlukast_0404.lif,Pranlukast_0404,3,Image 4,Pranlukast_0404_S4_Image_4,7,89459,69756,3,74088,11779,67724,130,471,170,9.377464788732395,1.326265840931246,3.082186934773713,4432.184812204599,1438.0,92515,1.0670553935860059,1.3036645235686113,1666.0832611206852,1278.0,74088,79056,3.0569657865693185,1.5302676983219146,1634.3259018078047,1068.0,11779,36008,1.3653062429862384,3.140050013202911,4515.391918985786,1438.0,67724,92464,234,1542.5,26.0,145.0,115.0,237.4013470467552,129.0,1.8403205197422885,311.47151710671534,139.0,2.2408022813432757,234.05470734156282,127.0,1.8429504515083686,1.5527935332450238,2.1139326179808933,1.1573134976137263,1.0718259409067965,2.527477575565943,1.7815047389104812,1.6787305275754016,1.7106514818200746
C:\Users\JackM\40xMBPCNP\40xN1N2N3N4lif\Pranlukast_0404.lif,Pranlukast_0404,3,Image 4,Pranlukast_0404_S4_Image_4,8,45113,15403,1,0,14850,1826,52,116,25,10.490384615384615,2.783678504187496,2.2764450426586884,2212.704581464245,972.0,42877,,,0.0,0.0,0,0,2.802087542087542,2.1336174427361096,2073.8761543394985,972.0,14850,41611,12.403066812705367,1.0109829353659534,667.2487373415292,660.0,1826,22648,147,922.5,14.0,65.0,70.0,131.19872752061286,129.0,1.017044399384596,386.8258585858586,139.0,2.782919845941429,136.58050383351588,127.0,1.0754370380591802,1.5527935332450238,2.1139326179808933,1.1573134976137263,1.0718259409067965,2.527477575565943,1.7815047389104812,1.6787305275754016,1.7106514818200746
C:\Users\JackM\40xMBPCNP\40xN1N2N3N4lif\Pranlukast_0404.lif,Pranlukast_0404,3,Image 4,Pranlukast_0404_S4_Image_4,9,28683,12512,3,0,12462,3265,54,147,20,8.963963963963964,2.2933184143222505,2.3081799928352495,1934.254833995939,838.0,28694,,,0.0,0.0,0,0,2.2514845129192746,2.2926668663436027,1921.254833995939,838.0,12462,28058,3.466156202143951,0.9429684309140847,599.7279220613578,636.0,3265,11317,156,757.5,22.0,50.0,75.0,134.19501278772378,129.0,1.0402714169590992,319.58690418873374,139.0,2.299186361070027,140.7987748851455,127.0,1.1086517707491772,1.5527935332450238,2.1139326179808933,1.1573134976137263,1.0718259409067965,2.527477575565943,1.7815047389104812,1.6787305275754016,1.7106514818200746
C:\Users\JackM\40xMBPCNP\40xN1N2N3N4lif\Pranlukast_0404.lif,Pranlukast_0404,3,Image 4,Pranlukast_0404_S4_Image_4,10,28544,15504,1,0,15295,7435,65,226,65,7.011764705882353,1.8283023735810113,2.7794253085100373,2245.77564927611,808.0,28346,,,0.0,0.0,0,0,1.8530892448512586,2.8055837725809796,2266.9116882454314,808.0,15295,28343,2.8698049764626767,1.7231642338783486,1316.4974746830583,764.0,7435,21337,240,767.5,10.0,20.0,117.5,135.15086429308565,129.0,1.0476811185510515,317.50853220006536,139.0,2.2842340446047866,145.2922663080027,127.0,1.1440335929763992,1.5527935332450238,2.1139326179808933,1.1573134976137263,1.0718259409067965,2.527477575565943,1.7815047389104812,1.6787305275754016,1.7106514818200746
C:\Users\JackM\40xMBPCNP\40xN1N2N3N4lif\Pranlukast_0404.lif,Pranlukast_0404,3,Image 4,Pranlukast_0404_S4_Image_4,11,49358,26517,1,858,25733,9146,113,406,118,6.3125,2.0626767733906552,3.1163541864958897,3521.480230740355,1130.0,54696,1.3927738927738929,1.1502538136138052,193.24264068711926,168.0,858,1195,2.1255197606186607,2.7939472792804962,3157.1604255869606,1130.0,25733,54696,4.681718784167942,2.022013779334143,2137.687337521542,1057.2071067811867,9146,42819,176,1227.5,21.0,120.0,85.0,150.0920745920746,129.0,1.1635044542021287,425.9081723856527,139.0,3.0640875711198032,146.85906407172536,127.0,1.156370583241932,1.5527935332450238,2.1139326179808933,1.1573134976137263,1.0718259409067965,2.527477575565943,1.7815047389104812,1.6787305275754016,1.7106514818200746
C:\Users\JackM\40xMBPCNP\40xN1N2N3N4lif\Pranlukast_0404.lif,Pranlukast_0404,3,Image 4,Pranlukast_0404_S4_Image_4,12,57713,42302,2,57676,156,42295,68,231,51,12.095238095238095,1.4803318992009835,2.631817442488896,3210.817279836453,1220.0,62621,1.0908870240654691,1.0568968963626009,1289.414213562373,1220.0,57676,62918,4.801282051282051,0.286834127490619,63.44974746830584,221.20710678118655,156,749,1.4805769003428302,2.6250611796306016,3202.574639149334,1220.0,42295,62621,211,1127.5,19.0,105.0,102.5,215.10293709688605,129.0,1.6674646286580315,186.0,139.0,1.3381294964028776,203.73488592032155,127.0,1.6042117001600122,1.5527935332450238,2.1139326179808933,1.1573134976137263,1.0718259409067965,2.527477575565943,1.7815047389104812,1.6787305275754016,1.7106514818200746
C:\Users\JackM\40xMBPCNP\40xN1N2N3N4lif\Pranlukast_0404.lif,Pranlukast_0404,3,Image 4,Pranlukast_0404_S4_Image_4,13,98083,85188,1,98083,2357,85080,48,139,23,21.590476190476192,1.5005165046720195,1.7905362118327535,3115.533008588991,1740.0,127826,1.3037937257220926,1.1683163643979257,2035.2071067811867,1742.0,98083,127880,31.579974543911753,0.6049122671488144,730.7340187157678,1208.0,2357,74434,1.4990244475787493,1.7693704491173823,3078.704581464245,1740.0,85080,127537,342,1147.5,20.0,170.0,167.5,365.6561381686939,129.0,2.834543706734061,208.10946117946543,139.0,1.497190368197593,265.2429948283968,127.0,2.0885275183338328,1.5527935332450238,2.1139326179808933,1.1573134976137263,1.0718259409067965,2.527477575565943,1.7815047389104812,1.6787305275754016,1.7106514818200746
C:\Users\JackM\40xMBPCNP\40xN1N2N3N4lif\Pranlukast_0404.lif,Pranlukast_0404,3,Image 4,Pranlukast_0404_S4_Image_4,14,13983,11101,1,2318,868,11101,20,57,13,11.675,1.2736690388253311,1.343155730335858,800.5208152801713,596.0,14139,1.276100086281277,1.3156397130446664,360.4852813742386,274.0,2318,2958,2.140552995391705,1.0602186701903553,275.65685424949237,260.0,868,1858,1.2736690388253311,1.343155730335858,800.5208152801713,596.0,11101,14139,98,272.5,10.0,60.0,47.5,152.82528041415014,129.0,1.184692096233722,187.63709677419354,139.0,1.3499071710373636,196.37456085037385,127.0,1.546256384648613,1.5527935332450238,2.1139326179808933,1.1573134976137263,1.0718259409067965,2.527477575565943,1.7815047389104812,1.6787305275754016,1.7106514818200746
C:\Users\JackM\40xMBPCNP\40xN1N2N3N4lif\Pranlukast_0404.lif,Pranlukast_0404,3,Image 4,Pranlukast_0404_S4_Image_4,15,24024,12869,2,6976,7205,9916,81,211,63,6.255952380952381,1.839769989898205,2.7239764863231137,1912.231493398826,702.0,23676,2.8609518348623855,1.1095940581802626,778.9350288425444,702.0,6976,19958,2.7390700902151286,1.7612413062729184,1211.734018715768,688.0,7205,19735,2.340964098426785,2.432788147915175,1707.817279836453,702.0,9916,23213,113,767.5,16.0,80.0,55.0,154.69509747706422,129.0,1.1991868021477847,265.7315752949341,139.0,1.9117379517621158,150.9883017345704,127.0,1.1888842656265386,1.5527935332450238,2.1139326179808933,1.1573134976137263,1.0718259409067965,2.527477575565943,1.7815047389104812,1.6787305275754016,1.7106514818200746
C:\Users\JackM\40xMBPCNP\40xN1N2N3N4lif\Pranlukast_0404.lif,Pranlukast_0404,3,Image 4,Pranlukast_0404_S4_Image_4,16,65171,27648,2,0,25869,8118,130,292,78,8.336065573770492,2.932255497685185,3.1414109419836342,4108.965512114593,1308.0,81071,,,0.0,0.0,0,0,3.1320499439483553,2.9057242641602,3800.687337521542,1308.0,25869,81023,7.669623059866963,1.8006483825411697,2013.1248916810277,1118.0,8118,62262,233,1450.0,17.0,60.0,112.5,135.55088975694446,129.0,1.0507820911391044,353.3856353164019,139.0,2.5423427001179992,142.0819167282582,127.0,1.1187552498288047,1.5527935332450238,2.1139326179808933,1.1573134976137263,1.0718259409067965,2.527477575565943,1.7815047389104812,1.6787305275754016,1.7106514818200746
C:\Users\JackM\40xMBPCNP\40xN1N2N3N4lif\Pranlukast_0404.lif,Pranlukast_0404,3,Image 4,Pranlukast_0404_S4_Image_4,17,13427,5034,2,1091,4426,2305,38,78,29,6.516666666666667,2.811084624553039,1.4984895922153207,980.0121933088197,654.0,14151,1.7451879010082494,1.0097138779430603,215.27817459305203,213.20710678118655,1091,1904,2.9082693176683234,1.2798932962229974,801.2132034355964,626.0,4426,12872,3.402169197396963,1.2455754201790383,575.4558441227157,462.0,2305,7842,117,422.5,20.0,65.0,55.0,151.77726856095325,129.0,1.1765679733407228,229.56213285133302,139.0,1.6515261356211008,140.3409978308026,127.0,1.1050472270141936,1.5527935332450238,2.1139326179808933,1.1573134976137263,1.0718259409067965,2.527477575565943,1.7815047389104812,1.6787305275754016,1.7106514818200746
C:\Users\JackM\40xMBPCNP\40xN1N2N3N4lif\Pranlukast_0404.lif,Pranlukast_0404,3,Image 4,Pranlukast_0404_S4_Image_4,18,21345,12398,1,0,9462,9086,69,192,51,6.397260273972603,1.705275044361994,2.509105651693357,1620.8822509939087,646.0,21142,,,0.0,0.0,0,0,1.811139294018178,2.0566022518483886,1283.3198051533946,624.0,9462,17137,2.2676645388509797,2.160857149622977,1357.0182899632296,628.0,9086,20604,110,607.5,21.0,85.0,52.5,134.63252137441523,129.0,1.0436629563908157,267.9283449587825,139.0,1.9275420500631832,151.70063834470614,127.0,1.1944932153126466,1.5527935332450238,2.1139326179808933,1.1573134976137263,1.0718259409067965,2.527477575565943,1.7815047389104812,1.6787305275754016,1.7106514818200746
C:\Users\JackM\40xMBPCNP\40xN1N2N3N4lif\Pranlukast_0404.lif,Pranlukast_0404,3,Image 4,Pranlukast_0404_S4_Image_4,19,31003,31003,2,31003,0,31003,4,6,1,49.857142857142854,1.208753991549205,0.9793491936777581,904.142135623731,923.2071067811866,37475,1.208753991549205,0.9793491936777581,904.142135623731,923.2071067811866,31003,37475,,,0.0,0.0,0,0,1.208753991549205,0.9793491936777581,904.142135623731,923.2071067811866,31003,37475,270,375.0,6.0,245.0,135.0,320.0690255781698,129.0,2.4811552370400762,164.14572783279039,139.0,1.1809045167826646,276.842466858046,127.0,2.1798619437641418,1.5527935332450238,2.1139326179808933,1.1573134976137263,1.0718259409067965,2.527477575565943,1.7815047389104812,1.6787305275754016,1.7106514818200746
C:\Users\JackM\40xMBPCNP\40xN1N2N3N4lif\Pranlukast_0404.lif,Pranlukast_0404,3,Image 4,Pranlukast_0404_S4_Image_4,20,17741,17193,2,17610,14394,12122,16,40,8,15.8125,1.0621183039609143,1.2047227473272948,761.3847763108503,632.0,18261,1.0369676320272572,1.052926815614408,665.4497474683059,632.0,17610,18261,1.15700986522162,1.3345686989761985,824.7634559672906,618.0,14394,16654,1.4109882857614255,2.2259575695429925,1371.1898628384834,616.0,12122,17104,111,297.5,12.0,65.0,52.5,189.87427597955707,129.0,1.4718936122446284,673.5848270112547,139.0,4.845934007275213,194.0150965187263,127.0,1.5276779253443016,1.5527935332450238,2.1139326179808933,1.1573134976137263,1.0718259409067965,2.527477575565943,1.7815047389104812,1.6787305275754016,1.7106514818200746
C:\Users\JackM\40xMBPCNP\40xN1N2N3N4lif\Pranlukast_0404.lif,Pranlukast_0404,3,Image 4,Pranlukast_0404_S4_Image_4,21,41804,41804,7,41804,653,41804,5,9,0,75.71428571428571,1.0467419385704717,1.031372549019608,1052.0,1020.0,43758,1.0467419385704717,1.031372549019608,1052.0,1020.0,41804,43758,6.415007656967841,0.38280295889467897,188.03553390593274,491.20710678118655,653,4189,1.0467419385704717,1.031372549019608,1052.0,1020.0,41804,43758,144,397.5,22.0,110.0,70.0,290.41811788345615,129.0,2.251303239406637,197.0321592649311,139.0,1.417497548668569,257.17775810927185,127.0,2.025021717395841,1.5527935332450238,2.1139326179808933,1.1573134976137263,1.0718259409067965,2.527477575565943,1.7815047389104812,1.6787305275754016,1.7106514818200746
C:\Users\JackM\40xMBPCNP\40xN1N2N3N4lif\Pranlukast_0404.lif,Pranlukast_0404,3,Image 4,Pranlukast_0404_S4_Image_4,23,6162,4488,1,24,4122,848,22,63,24,6.918367346938775,1.2660427807486632,1.835565660723072,627.7634559672906,342.0,5682,1.5416666666666667,0.5862554110430493,15.242640687119284,26.0,24,37,1.3323629306162057,1.8840621122950805,644.3492424049175,342.0,4122,5492,3.036556603773585,0.6963827875759053,188.86396103067892,271.20710678118655,848,2575,63,237.5,13.0,45.0,30.0,145.45833333333334,129.0,1.1275839793281655,386.63343037360505,139.0,2.7815354703137056,140.92334905660377,127.0,1.1096326697370376,1.5527935332450238,2.1139326179808933,1.1573134976137263,1.0718259409067965,2.527477575565943,1.7815047389104812,1.6787305275754016,1.7106514818200746
C:\Users\JackM\40xMBPCNP\40xN1N2N3N4lif\Pranlukast_0404.lif,Pranlukast_0404,3,Image 4,Pranlukast_0404_S4_Image_4,24,32224,32224,4,32224,104,32224,4,6,2,55.0,1.0503972194637536,0.9920381681416376,898.0,905.2071067811866,33848,1.0503972194637536,0.9920381681416376,898.0,905.2071067811866,32224,33848,5.480769230769231,0.3617215884176066,59.03553390593274,163.20710678118655,104,570,1.0503972194637536,0.9920381681416376,898.0,905.2071067811866,32224,33848,242,317.5,4.0,230.0,117.5,360.03137413108243,129.0,2.790940884737073,234.68269230769232,139.0,1.6883646928610958,272.07298907646475,127.0,2.142307000602085,1.5527935332450238,2.1139326179808933,1.1573134976137263,1.0718259409067965,2.527477575565943,1.7815047389104812,1.6787305275754016,1.7106514818200746
C:\Users\JackM\40xMBPCNP\40xN1N2N3N4lif\Pranlukast_0404.lif,Pranlukast_0404,3,Image 4,Pranlukast_0404_S4_Image_4,25,6670,3436,1,0,3200,556,11,36,11,10.208333333333334,1.2505820721769498,1.577022005725994,473.1066017177982,300.0,4297,,,0.0,0.0,0,0,1.2684375,1.4192450632300146,422.9350288425444,298.0,3200,4059,2.026978417266187,1.0319957819541423,228.07106781186548,221.0,556,1127,64,122.5,6.0,50.0,30.0,133.1420256111758,129.0,1.0321087256680295,297.8415625,139.0,2.1427450539568347,140.1294964028777,127.0,1.1033818614399817,1.5527935332450238,2.1139326179808933,1.1573134976137263,1.0718259409067965,2.527477575565943,1.7815047389104812,1.6787305275754016,1.7106514818200746
C:\Users\JackM\40xMBPCNP\40xN1N2N3N4lif\Pranlukast_0404.lif,Pranlukast_0404,3,Image 4,Pranlukast_0404_S4_Image_4,26,95969,73244,10,95969,6339,70984,118,421,109,10.427244582043343,1.4164436677407024,3.2835834649568896,4800.599025766973,1462.0,103746,1.0863924809052923,1.0726450798776928,1568.2071067811867,1462.0,95969,104260,6.1224167849818585,0.8931323407445477,1063.9055915910217,1191.2071067811867,6339,38810,1.4429026259438746,3.0854597616398634,4510.94217151748,1462.0,70984,102423,381,1797.5,16.0,270.0,187.5,351.07648303097875,129.0,2.7215231242711533,287.63227638428776,139.0,2.069296952404948,220.00052124422405,127.0,1.732287568852158,1.5527935332450238,2.1139326179808933,1.1573134976137263,1.0718259409067965,2.527477575565943,1.7815047389104812,1.6787305275754016,1.7106514818200746
C:\Users\JackM\40xMBPCNP\40xN1N2N3N4lif\Pranlukast_0404.lif,Pranlukast_0404,3,Image 4,Pranlukast_0404_S4_Image_4,27,12380,8336,5,130,5442,6007,32,131,36,6.188118811881188,1.4820057581573896,2.073006176871451,1048.9411254969543,506.0,12354,1.3615384615384616,1.0711969929415015,66.41421356237309,62.0,130,177,1.6988239617787577,1.5774184262092743,772.9350288425444,490.0,5442,9245,2.054602963209589,2.412050345223436,1220.4974746830585,506.0,6007,12342,94,332.5,11.0,55.0,45.0,151.46923076923076,129.0,1.174180083482409,275.9103270856303,139.0,1.9849663819110093,159.59447311469953,127.0,1.2566493946039332,1.5527935332450238,2.1139326179808933,1.1573134976137263,1.0718259409067965,2.527477575565943,1.7815047389104812,1.6787305275754016,1.7106514818200746
C:\Users\JackM\40xMBPCNP\40xN1N2N3N4lif\Pranlukast_0404.lif,Pranlukast_0404,3,Image 4,Pranlukast_0404_S4_Image_4,28,38598,38598,7,38598,1450,38598,6,12,1,52.09090909090909,1.1689465775428778,0.9925479960637834,1056.0710678118655,1064.0,45119,1.1689465775428778,0.9925479960637834,1056.0710678118655,1064.0,38598,45119,2.3848275862068964,1.0512123592123443,414.1776695296637,394.0,1450,3458,1.1689465775428778,0.9925479960637834,1056.0710678118655,1064.0,38598,45119,335,385.0,6.0,320.0,167.5,280.13757189491685,129.0,2.1716090844567195,271.7903448275862,139.0,1.9553262217811955,345.19806725737084,127.0,2.7180950177745737,1.5527935332450238,2.1139326179808933,1.1573134976137263,1.0718259409067965,2.527477575565943,1.7815047389104812,1.6787305275754016,1.7106514818200746
C:\Users\JackM\40xMBPCNP\40xN1N2N3N4lif\Pranlukast_0404.lif,Pranlukast_0404,3,Image 4,Pranlukast_0404_S4_Image_4,29,17310,13274,4,29,12942,1960,38,137,39,6.882882882882883,1.409899050775953,2.15293249015369,1476.9116882454314,686.0,18715,1.2758620689655173,0.6947392908803268,18.207106781186546,26.207106781186546,29,37,1.4430536238602998,2.0185197980528353,1384.704581464245,686.0,12942,18676,3.656122448979592,1.0798380165151997,478.5918830920368,443.20710678118655,1960,7166,130,512.5,13.0,80.0,62.5,146.27586206896552,129.0,1.1339214113873297,516.264101375367,139.0,3.7141302257220645,138.9719387755102,127.0,1.0942672344528364,1.5527935332450238,2.1139326179808933,1.1573134976137263,1.0718259409067965,2.527477575565943,1.7815047389104812,1.6787305275754016,1.7106514818200746
C:\Users\JackM\40xMBPCNP\40xN1N2N3N4lif\Pranlukast_0404.lif,Pranlukast_0404,3,Image 4,Pranlukast_0404_S4_Image_4,30,17480,17088,2,17153,819,16324,7,13,1,30.818181818181817,1.084679307116105,1.1615931290860504,755.0355339059328,650.0,18535,1.0662274820731068,1.097991617574221,707.1066017177983,644.0,17153,18289,4.4041514041514045,0.4323037680958552,153.03553390593274,354.0,819,3607,1.0611982357265377,1.078752230310067,638.6213203435597,592.0,16324,17323,117,262.5,17.0,80.0,55.0,178.46988864921587,129.0,1.3834875089086502,287.3785103785104,139.0,2.067471297687125,221.02964959568735,127.0,1.7403909416983256,1.5527935332450238,2.1139326179808933,1.1573134976137263,1.0718259409067965,2.527477575565943,1.7815047389104812,1.6787305275754016,1.7106514818200746
C:\Users\JackM\40xMBPCNP\40xN1N2N3N4lif\Pranlukast_0404.lif,Pranlukast_0404,3,Image 4,Pranlukast_0404_S4_Image_4,31,21624,17345,5,0,16960,4140,21,51,10,15.487179487179487,1.2505621216488902,1.4105154743585586,1021.2132034355964,724.0,21691,,,0.0,0.0,0,0,1.2548349056603774,1.2671533756117928,902.2132034355964,712.0,16960,21282,4.445652173913044,1.6685251288795855,1208.0121933088199,724.0,4140,18405,138,412.5,12.0,70.0,65.0,131.1272989334102,129.0,1.0164906894062806,507.5015919811321,139.0,3.651090589792317,142.44975845410627,127.0,1.1216516413709154,1.5527935332450238,2.1139326179808933,1.1573134976137263,1.0718259409067965,2.527477575565943,1.7815047389104812,1.6787305275754016,1.7106514818200746
C:\Users\JackM\40xMBPCNP\40xN1N2N3N4lif\Pranlukast_0404.lif,Pranlukast_0404,3,Image 4,Pranlukast_0404_S4_Image_4,32,42539,34370,2,40931,711,34367,43,131,29,14.37864077669903,1.2467267966249636,1.8607038208347724,1763.9472221513643,948.0,42850,1.0519166401993598,1.084721348814988,1030.4852813742386,950.0,40931,43056,17.814345991561183,0.39934659913395776,305.89949493661163,766.0,711,12666,1.246835627200512,1.8598674355828597,1763.154328932551,948.0,34367,42850,147,632.5,20.0,120.0,70.0,227.0715838850749,129.0,1.76024483631841,174.32630098452884,139.0,1.254146050248409,264.73686967148717,127.0,2.0845422808778515,1.5527935332450238,2.1139326179808933,1.1573134976137263,1.0718259409067965,2.527477575565943,1.7815047389104812,1.6787305275754016,1.7106514818200746
C:\Users\JackM\40xMBPCNP\40xN1N2N3N4lif\Pranlukast_0404.lif,Pranlukast_0404,3,Image 4,Pranlukast_0404_S4_Image_4,33,38283,38283,7,38283,234,38283,5,9,2,69.14285714285714,1.0890734790899355,1.0421382991115764,1004.6213203435597,964.0,41693,1.0890734790899355,1.0421382991115764,1004.6213203435597,964.0,38283,41693,28.88034188034188,0.18166288319293608,79.24264068711929,436.20710678118655,234,6758,1.0890734790899355,1.0421382991115764,1004.6213203435597,964.0,38283,41693,170,347.5,14.0,115.0,82.5,337.3181307630019,129.0,2.6148692307209447,219.1965811965812,139.0,1.5769538215581382,274.5232087349476,127.0,2.1616000687791153,1.5527935332450238,2.1139326179808933,1.1573134976137263,1.0718259409067965,2.527477575565943,1.7815047389104812,1.6787305275754016,1.7106514818200746
C:\Users\JackM\40xMBPCNP\40xN1N2N3N4lif\Pranlukast_0404.lif,Pranlukast_0404,3,Image 4,Pranlukast_0404_S4_Image_4,34,9319,4995,2,1491,2491,2800,28,61,16,5.859649122807017,1.8530530530530531,1.7445068208246914,792.0060966544099,454.0,9256,1.6901408450704225,1.084736219498491,305.03553390593277,281.20710678118655,1491,2520,1.5455640305098355,1.1273459080339014,315.6568542494924,280.0,2491,3850,3.3057142857142856,1.2735973643955867,578.2132034355964,454.0,2800,9256,103,292.5,8.0,40.0,47.5,154.78336686787392,129.0,1.1998710609912706,243.69209152950623,139.0,1.7531805146007642,167.22535714285715,127.0,1.3167350956130484,1.5527935332450238,2.1139326179808933,1.1573134976137263,1.0718259409067965,2.527477575565943,1.7815047389104812,1.6787305275754016,1.7106514818200746
C:\Users\JackM\40xMBPCNP\40xN1N2N3N4lif\Pranlukast_0404.lif,Pranlukast_0404,3,Image 4,Pranlukast_0404_S4_Image_4,35,20754,19120,3,20754,5955,19103,11,47,17,17.97222222222222,1.1172594142259413,1.5525501614568227,1043.3137084989849,672.0,21362,1.0318010985834056,1.0148809523809523,682.0,672.0,20754,21414,2.413266162888329,1.570641293851417,942.3847763108502,600.0,5955,14371,1.118253677432864,1.5495739709806322,1041.3137084989849,672.0,19103,21362,121,302.5,8.0,70.0,57.5,239.78033150236098,129.0,1.8587622597082247,254.38152812762385,139.0,1.8300829361699558,208.32309061403967,127.0,1.6403392961735408,1.5527935332450238,2.1139326179808933,1.1573134976137263,1.0718259409067965,2.527477575565943,1.7815047389104812,1.6787305275754016,1.7106514818200746
C:\Users\JackM\40xMBPCNP\40xN1N2N3N4lif\Pranlukast_0404.lif,Pranlukast_0404,3,Image 4,Pranlukast_0404_S4_Image_4,36,26307,18260,5,498,16871,3910,79,297,79,6.741463414634146,1.437842278203724,2.9663423440483316,2426.4680374315353,818.0,26255,13.196787148594378,0.4086666386714648,189.62132034355966,464.0,498,6572,1.5142552308695394,2.526160324491955,2046.1898628384836,810.0,16871,25547,6.142710997442455,1.7178883958776763,1388.0538238691624,808.0,3910,24018,162,817.5,20.0,70.0,77.5,147.2449799196787,129.0,1.1414339528657265,376.9108529429198,139.0,2.7115888700929482,145.1762148337596,127.0,1.1431198018406268,1.5527935332450238,2.1139326179808933,1.1573134976137263,1.0718259409067965,2.527477575565943,1.7815047389104812,1.6787305275754016,1.7106514818200746
C:\Users\JackM\40xMBPCNP\40xN1N2N3N4lif\Pranlukast_0404.lif,Pranlukast_0404,3,Image 4,Pranlukast_0404_S4_Image_4,37,15035,7474,1,0,6966,2993,49,85,36,7.0875,1.9095531174739095,1.7233455085889908,1102.941125496954,640.0,14272,,,0.0,0.0,0,0,1.9322423198392191,1.7540930735378595,1052.4558441227157,600.0,6966,13460,4.00868693618443,1.0757008679505524,659.6274169979695,613.2071067811866,2993,11998,168,485.0,8.0,30.0,84.83870967741936,129.8936312550174,129.0,1.0069273740699023,358.2499282227964,139.0,2.5773376131136434,141.36852656197794,127.0,1.1131380044250232,1.5527935332450238,2.1139326179808933,1.1573134976137263,1.0718259409067965,2.527477575565943,1.7815047389104812,1.6787305275754016,1.7106514818200746
C:\Users\JackM\40xMBPCNP\40xN1N2N3N4lif\Pranlukast_0404.lif,Pranlukast_0404,3,Image 4,Pranlukast_0404_S4_Image_4,38,22044,13046,0,0,13046,1224,48,185,51,7.4772727272727275,2.097807757166948,2.3493004961843815,1926.426406871193,820.0,27368,,,0.0,0.0,0,0,2.097807757166948,2.3493004961843815,1926.426406871193,820.0,13046,27368,9.701797385620916,0.4876465936764367,275.62132034355966,565.2071067811866,1224,11875,162,547.5,8.0,110.0,77.5,119.66518473095202,129.0,0.9276370909376126,328.9880423118197,139.0,2.3668204482864725,129.51307189542484,127.0,1.0197879676805106,1.5527935332450238,2.1139326179808933,1.1573134976137263,1.0718259409067965,2.527477575565943,1.7815047389104812,1.6787305275754016,1.7106514818200746
C:\Users\JackM\40xMBPCNP\40xN1N2N3N4lif\Pranlukast_0404.lif,Pranlukast_0404,3,Image 4,Pranlukast_0404_S4_Image_4,39,14419,13178,4,2918,6075,13176,7,21,4,22.266666666666666,1.0966003945970557,1.2201863100908226,680.863961030679,558.0,14451,2.0191912268677177,1.0040487754914476,419.6923881554251,418.0,2918,5892,1.4235390946502058,1.6782416109496754,765.278174593052,456.0,6075,8648,1.0967668488160291,1.218394195395482,679.863961030679,558.0,13176,14451,95,267.5,16.0,75.0,45.0,156.9910897875257,129.0,1.2169851921513621,308.2989300411523,139.0,2.2179779139651243,210.48504857316334,127.0,1.6573625871902624,1.5527935332450238,2.1139326179808933,1.1573134976137263,1.0718259409067965,2.527477575565943,1.7815047389104812,1.6787305275754016,1.7106514818200746
C:\Users\JackM\40xMBPCNP\40xN1N2N3N4lif\Pranlukast_0404.lif,Pranlukast_0404,3,Image 4,Pranlukast_0404_S4_Image_4,40,19253,13417,2,0,11246,9413,81,173,65,6.375,1.4166356115376015,2.5921489267764484,1633.0538238691624,630.0,19007,,,0.0,0.0,0,0,1.6258225146718834,2.1908580235307205,1349.5685424949238,616.0,11246,18284,1.9378519069372144,2.6788391674213643,1676.953318805774,626.0,9413,18241,113,632.5,19.0,75.0,55.0,128.77401803681897,129.0,0.998248201835806,427.8399430908768,139.0,3.0779852020926386,147.6809731222777,127.0,1.1628423080494306,1.5527935332450238,2.1139326179808933,1.1573134976137263,1.0718259409067965,2.527477575565943,1.7815047389104812,1.6787305275754016,1.7106514818200746
C:\Users\JackM\40xMBPCNP\40xN1N2N3N4lif\Pranlukast_0404.lif,Pranlukast_0404,3,Image 4,Pranlukast_0404_S4_Image_4,41,18162,10240,1,545,10108,1962,31,97,17,9.585714285714285,1.82880859375,2.317720653275525,1487.976659402887,642.0,18727,1.1027522935779817,1.021555478235474,114.41421356237309,112.0,545,601,1.824000791452315,2.288448233931579,1469.1837661840736,642.0,10108,18437,6.08868501529052,0.8827878984624313,517.3137084989847,586.0,1962,11946,118,522.5,12.0,70.0,57.5,142.2165137614679,129.0,1.1024535950501386,315.8116343490305,139.0,2.272026146395903,132.73496432212028,127.0,1.0451571993867739,1.5527935332450238,2.1139326179808933,1.1573134976137263,1.0718259409067965,2.527477575565943,1.7815047389104812,1.6787305275754016,1.7106514818200746
C:\Users\JackM\40xMBPCNP\40xN1N2N3N4lif\Pranlukast_0404.lif,Pranlukast_0404,3,Image 4,Pranlukast_0404_S4_Image_4,42,10250,6516,3,0,6321,1021,26,59,12,10.227272727272727,1.417280540208717,1.5223737663127128,758.142135623731,498.0,9235,,,0.0,0.0,0,0,1.4610030058535042,1.555334034510249,774.5563491861041,498.0,6321,9235,2.541625857002938,1.018149108323429,272.863961030679,268.0,1021,2595,106,282.5,8.0,40.0,50.0,124.9267955801105,129.0,0.968424771938841,609.7978168011391,139.0,4.387034653245605,133.5083251714006,127.0,1.051246654892918,1.5527935332450238,2.1139326179808933,1.1573134976137263,1.0718259409067965,2.527477575565943,1.7815047389104812,1.6787305275754016,1.7106514818200746
C:\Users\JackM\40xMBPCNP\40xN1N2N3N4lif\Pranlukast_0404.lif,Pranlukast_0404,3,Image 4,Pranlukast_0404_S4_Image_4,43,13462,12272,2,10265,3942,12267,11,27,4,20.047619047619047,1.1066655801825294,1.1633225374172902,630.5208152801713,542.0,13581,1.1452508524111058,1.3764353839611096,690.970562748477,502.0,10265,11756,1.860730593607306,1.6118688611086591,667.3137084989849,414.0,3942,7335,1.107116654438738,1.1655496716999223,631.7279220613578,542.0,12267,13581,82,187.5,18.0,65.0,37.5,156.55586945932782,129.0,1.21361139115758,222.69406392694063,139.0,1.6021155678197168,208.82293959403276,127.0,1.6442751149136439,1.5527935332450238,2.1139326179808933,1.1573134976137263,1.0718259409067965,2.527477575565943,1.7815047389104812,1.6787305275754016,1.7106514818200746
C:\Users\JackM\40xMBPCNP\40xN1N2N3N4lif\Pranlukast_0404.lif,Pranlukast_0404,4,Image 5,Pranlukast_0404_S5_Image_5,1,90173,55756,1,84262,49,55707,114,494,144,9.49859943977591,1.7487624650261855,3.584911972349772,5807.557395206631,1620.0,97504,1.1782179392846124,1.225096000402466,1992.00609665441,1626.0,84262,99279,1.1020408163265305,0.9716823850423767,27.207106781186546,28.0,49,54,1.7503006803453784,3.5681174619910148,5780.350288425444,1620.0,55707,97504,300,1762.5,16.0,90.0,142.85714285714286,231.81065011511714,126.0,1.8397670644056916,228.3673469387755,140.0,1.631195335276968,183.34796345163085,123.0,1.4906338492002509,1.7005580503474498,2.4102925280056215,1.2233075303349341,1.2227326991583063,2.643681781339112,1.7099129453895623,1.711946732782779,2.2753789314305575
C:\Users\JackM\40xMBPCNP\40xN1N2N3N4lif\Pranlukast_0404.lif,Pranlukast_0404,4,Image 5,Pranlukast_0404_S5_Image_5,2,57912,8201,2,0,8201,0,34,46,13,6.8,2.370442628947689,1.0841825721624856,827.4558441227157,763.2071067811866,19440,,,0.0,0.0,0,0,2.370442628947689,1.0841825721624856,827.4558441227157,763.2071067811866,8201,19440,,,0.0,0.0,0,0,205,422.5,7.0,75.0,97.77777777777777,130.47421046213876,126.0,1.035509606842371,476.0715766369955,140.0,3.400511261692825,132.33569076941836,123.0,1.0758999249546208,1.7005580503474498,2.4102925280056215,1.2233075303349341,1.2227326991583063,2.643681781339112,1.7099129453895623,1.711946732782779,2.2753789314305575
C:\Users\JackM\40xMBPCNP\40xN1N2N3N4lif\Pranlukast_0404.lif,Pranlukast_0404,4,Image 5,Pranlukast_0404_S5_Image_5,3,12233,4450,2,2330,3430,2597,17,27,7,10.192307692307692,1.4404494382022472,1.3417162268575507,563.5208152801713,420.0,6410,1.624892703862661,1.1763001347255606,355.2426406871193,302.0,2330,3786,1.149854227405248,1.1196538733204442,333.65685424949237,298.0,3430,3944,1.9218328840970351,1.2522917373591775,510.9350288425444,408.0,2597,4991,125,222.5,7.0,15.0,60.0,152.66437768240343,126.0,1.2116220450984398,309.12361516034986,140.0,2.2080258225739278,141.2510589141317,123.0,1.1483825927978186,1.7005580503474498,2.4102925280056215,1.2233075303349341,1.2227326991583063,2.643681781339112,1.7099129453895623,1.711946732782779,2.2753789314305575
C:\Users\JackM\40xMBPCNP\40xN1N2N3N4lif\Pranlukast_0404.lif,Pranlukast_0404,4,Image 5,Pranlukast_0404_S5_Image_5,4,49734,32749,2,49703,0,32749,140,342,121,7.350877192982456,1.611652264191273,2.921316102008995,3178.3919189857866,1088.0,52780,1.077661308170533,1.0504730674623952,1157.6213203435595,1102.0,49703,53563,,,0.0,0.0,0,0,1.611652264191273,2.921316102008995,3178.3919189857866,1088.0,32749,52780,189,1342.5,26.0,100.0,92.5,218.71046013319116,126.0,1.7357973026443743,152.52336881073578,140.0,1.0894526343623985,201.27139759992673,123.0,1.6363528260156646,1.7005580503474498,2.4102925280056215,1.2233075303349341,1.2227326991583063,2.643681781339112,1.7099129453895623,1.711946732782779,2.2753789314305575
C:\Users\JackM\40xMBPCNP\40xN1N2N3N4lif\Pranlukast_0404.lif,Pranlukast_0404,4,Image 5,Pranlukast_0404_S5_Image_5,5,36824,18027,0,22115,4893,17173,37,119,23,10.357894736842105,2.019859100238531,1.9412234778883317,2123.698484809835,1094.0,36412,1.5349762604567037,1.7334047819132181,1872.0771644662755,1080.0,22115,33946,2.684242795830779,1.3768604879717545,908.727922061358,660.0,4893,13134,2.0623071099982533,1.9090414790024208,2088.4913780286483,1094.0,17173,35416,220,692.5,11.0,80.0,107.5,166.53655889667647,126.0,1.3217187214021942,227.54976497036583,140.0,1.6253554640740415,149.05811448203576,123.0,1.2118545892848436,1.7005580503474498,2.4102925280056215,1.2233075303349341,1.2227326991583063,2.643681781339112,1.7099129453895623,1.711946732782779,2.2753789314305575
C:\Users\JackM\40xMBPCNP\40xN1N2N3N4lif\Pranlukast_0404.lif,Pranlukast_0404,4,Image 5,Pranlukast_0404_S5_Image_5,6,124268,77559,2,107504,7863,73584,194,758,187,8.7959927140255,1.7178921853040912,4.71770949849507,8397.522907321225,1780.0,133238,1.2084387557672274,1.6786990943116231,2978.0121933088194,1774.0,107504,129912,9.033320615541141,1.5134249682917236,1976.533008588991,1306.0,7863,71029,1.7912046096977603,4.457063328836753,7889.002092041053,1770.0,73584,131804,265,2762.5,37.0,180.0,130.0,228.4583457359726,126.0,1.8131614740950208,224.72707617957522,140.0,1.60519340128268,195.64686616655794,123.0,1.590624928183398,1.7005580503474498,2.4102925280056215,1.2233075303349341,1.2227326991583063,2.643681781339112,1.7099129453895623,1.711946732782779,2.2753789314305575
C:\Users\JackM\40xMBPCNP\40xN1N2N3N4lif\Pranlukast_0404.lif,Pranlukast_0404,4,Image 5,Pranlukast_0404_S5_Image_5,7,37946,26099,1,1020,0,26099,58,240,78,9.380952380952381,1.501819993103184,2.918169400684578,2772.260930650349,950.0,39196,6.405882352941177,0.49231810586589414,280.62132034355966,570.0,1020,6534,,,0.0,0.0,0,0,1.501819993103184,2.918169400684578,2772.260930650349,950.0,26099,39196,151,1042.5,31.0,105.0,72.5,143.9607843137255,126.0,1.1425459072517896,144.21435055601785,140.0,1.0301025039715561,163.16720947162727,123.0,1.326562678631116,1.7005580503474498,2.4102925280056215,1.2233075303349341,1.2227326991583063,2.643681781339112,1.7099129453895623,1.711946732782779,2.2753789314305575
C:\Users\JackM\40xMBPCNP\40xN1N2N3N4lif\Pranlukast_0404.lif,Pranlukast_0404,4,Image 5,Pranlukast_0404_S5_Image_5,8,18686,4898,1,0,2530,3693,17,40,15,9.868421052631579,3.310739077174357,1.282087378075248,846.1776695296637,660.0,16216,,,0.0,0.0,0,0,5.369565217391305,1.0730477988200604,671.7279220613578,626.0,2530,13585,1.503384782020038,1.1841603204317213,452.3492424049175,382.0,3693,5552,206,272.5,4.0,10.0,108.63636363636364,133.92037566353613,126.0,1.0628601243137787,209.4719367588933,140.0,1.4962281197063807,144.2946114270241,123.0,1.1731269221709277,1.7005580503474498,2.4102925280056215,1.2233075303349341,1.2227326991583063,2.643681781339112,1.7099129453895623,1.711946732782779,2.2753789314305575
C:\Users\JackM\40xMBPCNP\40xN1N2N3N4lif\Pranlukast_0404.lif,Pranlukast_0404,4,Image 5,Pranlukast_0404_S5_Image_5,9,55705,20873,2,0,18229,3602,130,450,141,6.283387622149837,3.142480716715374,2.5499809642329483,3870.8711037056155,1518.0,65593,,,0.0,0.0,0,0,3.4314005156618577,2.414911442555786,3665.8355697996826,1518.0,18229,62551,4.751249305941144,1.0067467609897707,747.0060966544098,742.0,3602,17114,541,1505.0,11.0,225.0,282.2,133.42806496430796,126.0,1.0589528965421267,243.43233309561688,140.0,1.7388023792544063,143.3448084397557,123.0,1.1654049466646805,1.7005580503474498,2.4102925280056215,1.2233075303349341,1.2227326991583063,2.643681781339112,1.7099129453895623,1.711946732782779,2.2753789314305575
C:\Users\JackM\40xMBPCNP\40xN1N2N3N4lif\Pranlukast_0404.lif,Pranlukast_0404,4,Image 5,Pranlukast_0404_S5_Image_5,10,22649,16254,2,2514,15161,8136,46,139,37,9.302752293577981,1.5815799187892212,1.9753957484364193,1638.0121933088199,829.2071067811866,25707,6.416070007955449,0.8106226507823149,571.6568542494924,705.2071067811866,2514,16130,1.6930941230789527,1.8725955674080461,1552.7695526217003,829.2071067811866,15161,25669,2.8753687315634218,1.8145549474382707,1477.0477272147523,814.0,8136,23394,150,577.5,13.0,85.0,72.5,153.88504375497214,126.0,1.2213098710712076,535.7256777257437,140.0,3.826611983755312,146.75319567354967,123.0,1.1931154119800786,1.7005580503474498,2.4102925280056215,1.2233075303349341,1.2227326991583063,2.643681781339112,1.7099129453895623,1.711946732782779,2.2753789314305575
C:\Users\JackM\40xMBPCNP\40xN1N2N3N4lif\Pranlukast_0404.lif,Pranlukast_0404,4,Image 5,Pranlukast_0404_S5_Image_5,11,23377,12317,1,0,11993,3022,33,134,38,9.670454545454545,2.3555248843062433,1.85109366962447,1725.219300090006,932.0,29013,,,0.0,0.0,0,0,2.403401984490953,1.8462648782178346,1715.5624458405139,929.2071067811866,11993,28824,4.99669093315685,0.9701117864424162,758.6274169979695,782.0,3022,15100,294,575.0,7.0,165.0,145.0,129.71137452301696,126.0,1.0294553533572774,327.1851079796548,140.0,2.3370364855689627,137.49040370615486,123.0,1.1178081602126413,1.7005580503474498,2.4102925280056215,1.2233075303349341,1.2227326991583063,2.643681781339112,1.7099129453895623,1.711946732782779,2.2753789314305575
C:\Users\JackM\40xMBPCNP\40xN1N2N3N4lif\Pranlukast_0404.lif,Pranlukast_0404,4,Image 5,Pranlukast_0404_S5_Image_5,12,79388,56753,7,70189,26825,50303,213,736,214,7.226235741444867,1.43587123147675,3.8888295274050755,5265.475180106472,1354.0,81490,1.0354186553448546,1.1399418998855422,1450.0060966544097,1272.0,70189,72675,2.239888164026095,3.085441688707188,3721.042676580869,1206.0,26825,60085,1.5922907182474206,3.4274480517701402,4627.054869889689,1350.0,50303,80097,195,1962.5,28.0,150.0,95.0,261.4974141247204,126.0,2.0753763025771463,374.3134016775396,140.0,2.6736671548395687,199.01785181798303,123.0,1.6180313155933579,1.7005580503474498,2.4102925280056215,1.2233075303349341,1.2227326991583063,2.643681781339112,1.7099129453895623,1.711946732782779,2.2753789314305575
C:\Users\JackM\40xMBPCNP\40xN1N2N3N4lif\Pranlukast_0404.lif,Pranlukast_0404,4,Image 5,Pranlukast_0404_S5_Image_5,13,12968,10787,1,0,7429,6365,23,109,46,7.487804878048781,1.2183183461574116,1.8711263483347236,1070.284271247462,572.0,13142,,,0.0,0.0,0,0,1.4149952887333423,1.1465595104143165,619.142135623731,540.0,7429,10512,1.89897879025923,2.0884150118254223,1152.8050865276332,552.0,6365,12087,102,287.5,7.0,55.0,47.5,128.08398998794846,126.0,1.016539603078956,515.5571409341769,140.0,3.6825510066726923,148.6878240377062,123.0,1.20884409786753,1.7005580503474498,2.4102925280056215,1.2233075303349341,1.2227326991583063,2.643681781339112,1.7099129453895623,1.711946732782779,2.2753789314305575
C:\Users\JackM\40xMBPCNP\40xN1N2N3N4lif\Pranlukast_0404.lif,Pranlukast_0404,4,Image 5,Pranlukast_0404_S5_Image_5,14,5310,4356,0,194,4135,523,8,16,6,14.571428571428571,1.1590909090909092,1.3982023372800407,439.03553390593277,314.0,5049,4.350515463917525,0.34544194657344546,76.41421356237309,221.20710678118655,194,844,1.1837968561064087,1.2453360952418242,391.03553390593277,314.0,4135,4895,5.2963671128107075,0.6971795017605482,185.44974746830582,266.0,523,2770,61,127.5,9.0,45.0,27.5,140.11340206185568,126.0,1.112011127475045,678.018137847642,140.0,4.842986698911729,131.87571701720842,123.0,1.072160300952914,1.7005580503474498,2.4102925280056215,1.2233075303349341,1.2227326991583063,2.643681781339112,1.7099129453895623,1.711946732782779,2.2753789314305575
C:\Users\JackM\40xMBPCNP\40xN1N2N3N4lif\Pranlukast_0404.lif,Pranlukast_0404,4,Image 5,Pranlukast_0404_S5_Image_5,15,70508,53829,3,60886,725,53704,118,323,115,9.417322834645669,1.482360809229226,2.8008845781392027,3960.4507934888325,1414.0,79794,1.127664816213908,1.252951672047374,1576.2132034355964,1258.0,60886,68659,14.73103448275862,0.44897708443674267,266.69238815542514,594.0,725,10680,1.4858111127662743,2.7618413625938087,3905.243686707646,1414.0,53704,79794,217,1552.5,21.0,150.0,105.0,227.90749926091385,126.0,1.8087896766739195,192.39586206896553,140.0,1.3742561576354682,201.4791449426486,123.0,1.638041828802021,1.7005580503474498,2.4102925280056215,1.2233075303349341,1.2227326991583063,2.643681781339112,1.7099129453895623,1.711946732782779,2.2753789314305575
C:\Users\JackM\40xMBPCNP\40xN1N2N3N4lif\Pranlukast_0404.lif,Pranlukast_0404,4,Image 5,Pranlukast_0404_S5_Image_5,16,48601,23128,2,56,20970,6841,79,212,58,8.98857142857143,2.951184711172605,2.4286263333363602,3317.503571337468,1366.0,68255,80.26785714285714,0.07836367062835971,35.82842712474619,457.20710678118655,56,4495,3.1917501192179305,2.1350482225881193,2848.154328932551,1334.0,20970,66931,5.926765092822687,1.543737395422203,1537.562445840514,996.0,6841,40545,232,1152.5,14.0,80.0,112.5,141.46428571428572,126.0,1.122732426303855,389.1299475441106,140.0,2.7794996253150757,142.84972957170004,123.0,1.1613799152170734,1.7005580503474498,2.4102925280056215,1.2233075303349341,1.2227326991583063,2.643681781339112,1.7099129453895623,1.711946732782779,2.2753789314305575
C:\Users\JackM\40xMBPCNP\40xN1N2N3N4lif\Pranlukast_0404.lif,Pranlukast_0404,4,Image 5,Pranlukast_0404_S5_Image_5,17,7532,2845,1,0,801,2291,31,48,8,5.586956521739131,2.311072056239016,1.6320480900219616,629.9705627484772,386.0,6575,,,0.0,0.0,0,0,3.118601747815231,1.0458140843024328,280.27817459305203,268.0,801,2498,2.49628982976866,1.302615848961906,480.9350288425444,369.20710678118655,2291,5719,103,230.0,7.0,40.0,60.0,130.2439367311072,126.0,1.0336820375484699,204.729088639201,140.0,1.4623506331371499,144.74901789611522,123.0,1.176821283708254,1.7005580503474498,2.4102925280056215,1.2233075303349341,1.2227326991583063,2.643681781339112,1.7099129453895623,1.711946732782779,2.2753789314305575
C:\Users\JackM\40xMBPCNP\40xN1N2N3N4lif\Pranlukast_0404.lif,Pranlukast_0404,4,Image 5,Pranlukast_0404_S5_Image_5,18,49061,36841,2,43247,1141,36697,78,322,79,9.765765765765765,1.5828832007817377,2.9546832227408744,3557.4386001800126,1204.0,58315,1.3354221102041761,1.6808396916784798,2010.284271247462,1196.0,43247,57753,11.470639789658195,0.5250235034186513,311.8639610306789,594.0,1141,13088,1.5890944763877157,2.9495278184375633,3551.2314933988264,1204.0,36697,58315,192,1202.5,20.0,95.0,92.5,174.68208199412675,126.0,1.386365730112117,198.10604732690624,140.0,1.4150431951921874,195.9895904297354,123.0,1.5934113043067917,1.7005580503474498,2.4102925280056215,1.2233075303349341,1.2227326991583063,2.643681781339112,1.7099129453895623,1.711946732782779,2.2753789314305575
C:\Users\JackM\40xMBPCNP\40xN1N2N3N4lif\Pranlukast_0404.lif,Pranlukast_0404,4,Image 5,Pranlukast_0404_S5_Image_5,19,7207,6015,1,7207,2945,6015,11,29,9,10.428571428571429,1.16691604322527,1.2226994127437552,493.9705627484771,404.0,7019,1.0159567087553767,1.0,410.0,410.0,7207,7322,1.1724957555178268,1.1603641137198963,308.6568542494924,266.0,2945,3453,1.16691604322527,1.2226994127437552,493.9705627484771,404.0,6015,7019,72,212.5,13.0,45.0,32.5,200.8119883446649,126.0,1.5937459392433724,280.7368421052632,140.0,2.005263157894737,207.69808811305072,123.0,1.688602342382526,1.7005580503474498,2.4102925280056215,1.2233075303349341,1.2227326991583063,2.643681781339112,1.7099129453895623,1.711946732782779,2.2753789314305575
C:\Users\JackM\40xMBPCNP\40xN1N2N3N4lif\Pranlukast_0404.lif,Pranlukast_0404,4,Image 5,Pranlukast_0404_S5_Image_5,21,44185,38570,5,43704,17244,36279,50,201,72,10.783216783216783,1.2224786103189007,2.014555828627549,2107.2253967444162,1046.0,47151,1.0852095917993776,1.0485686065148103,1088.414213562373,1038.0,43704,47428,2.0572952911157505,2.8784654772517584,2694.243686707646,936.0,17244,35476,1.2996774993798066,1.93042580950709,2019.2253967444162,1046.0,36279,47151,182,637.5,17.0,110.0,87.5,196.54505308438587,126.0,1.559881373685602,384.2802713987474,140.0,2.7448590814196243,198.9921166515064,123.0,1.617822086597613,1.7005580503474498,2.4102925280056215,1.2233075303349341,1.2227326991583063,2.643681781339112,1.7099129453895623,1.711946732782779,2.2753789314305575
C:\Users\JackM\40xMBPCNP\40xN1N2N3N4lif\Pranlukast_0404.lif,Pranlukast_0404,4,Image 5,Pranlukast_0404_S5_Image_5,22,23552,18969,1,13809,7757,18550,33,76,24,12.241935483870968,1.3289577732089197,1.5997752488681674,1286.2193000900065,804.0,25209,1.3070461293359403,1.1490764636701563,797.9350288425444,694.4142135623731,13809,18049,2.432641485110223,1.7867765899596402,1282.9055915910217,718.0,7757,18870,1.3499730458221024,1.4905359116483337,1198.3908729652603,804.0,18550,25042,137,537.5,16.0,85.0,65.0,159.856977333623,126.0,1.2687061693144683,270.0761892484208,140.0,1.92911563748872,209.07741239892184,123.0,1.6998163609668442,1.7005580503474498,2.4102925280056215,1.2233075303349341,1.2227326991583063,2.643681781339112,1.7099129453895623,1.711946732782779,2.2753789314305575
C:\Users\JackM\40xMBPCNP\40xN1N2N3N4lif\Pranlukast_0404.lif,Pranlukast_0404,4,Image 5,Pranlukast_0404_S5_Image_5,23,7457,6596,1,1015,4630,5858,16,58,14,10.717948717948717,1.1296240145542753,1.3332857002402543,549.3137084989847,412.0,7451,3.4216748768472907,0.8228202963820515,261.65685424949237,318.0,1015,3473,1.1857451403887689,1.4472789564845316,497.8639610306789,344.0,4630,5490,1.2715944008193922,2.038849749161189,840.0060966544099,412.0,5858,7449,81,197.5,11.0,50.0,37.5,151.9960591133005,126.0,1.206317929470639,299.38704103671705,140.0,2.138478864547979,160.97217480368727,123.0,1.3087168683226607,1.7005580503474498,2.4102925280056215,1.2233075303349341,1.2227326991583063,2.643681781339112,1.7099129453895623,1.711946732782779,2.2753789314305575
C:\Users\JackM\40xMBPCNP\40xN1N2N3N4lif\Pranlukast_0404.lif,Pranlukast_0404,4,Image 5,Pranlukast_0404_S5_Image_5,24,11015,6882,1,0,6882,0,11,16,6,16.2,1.4070037779715199,1.1730588512711897,570.1066017177982,486.0,9683,,,0.0,0.0,0,0,1.4070037779715199,1.1730588512711897,570.1066017177982,486.0,6882,9683,,,0.0,0.0,0,0,103,262.5,7.0,55.0,50.0,128.8510607381575,126.0,1.0226274661758532,535.7319093286835,140.0,3.8266564952048823,129.58863702412089,123.0,1.0535661546676496,1.7005580503474498,2.4102925280056215,1.2233075303349341,1.2227326991583063,2.643681781339112,1.7099129453895623,1.711946732782779,2.2753789314305575
C:\Users\JackM\40xMBPCNP\40xN1N2N3N4lif\Pranlukast_0404.lif,Pranlukast_0404,4,Image 5,Pranlukast_0404_S5_Image_5,25,35721,27187,3,26937,5814,26378,53,195,34,10.17557251908397,1.5163129436863207,2.588319667785983,2515.846717087976,972.0,41224,1.4406207075769388,1.709186613541311,1575.8700576850888,922.0,26937,38806,3.545235638114895,1.346174312569913,1176.556349186104,874.0,5814,20612,1.5628174994313444,2.494521753305269,2424.6751442127215,972.0,26378,41224,178,847.5,14.0,95.0,87.5,175.5966514459665,126.0,1.393624217825131,246.27416580667355,140.0,1.7591011843333826,213.79372962317083,123.0,1.7381604034404132,1.7005580503474498,2.4102925280056215,1.2233075303349341,1.2227326991583063,2.643681781339112,1.7099129453895623,1.711946732782779,2.2753789314305575
C:\Users\JackM\40xMBPCNP\40xN1N2N3N4lif\Pranlukast_0404.lif,Pranlukast_0404,4,Image 5,Pranlukast_0404_S5_Image_5,26,9346,5444,1,0,5413,712,17,52,13,8.075,1.227406318883174,1.479550781652327,571.1066017177982,386.0,6682,,,0.0,0.0,0,0,1.2344356179567708,1.4847321288025859,573.1066017177982,386.0,5413,6682,1.1474719101123596,1.0514954077267544,155.62132034355966,148.0,712,817,109,172.5,5.0,60.0,52.5,126.43736223365173,126.0,1.0034711288385059,502.05634583410307,140.0,3.586116755957879,129.97471910112358,123.0,1.0567050333424681,1.7005580503474498,2.4102925280056215,1.2233075303349341,1.2227326991583063,2.643681781339112,1.7099129453895623,1.711946732782779,2.2753789314305575
C:\Users\JackM\40xMBPCNP\40xN1N2N3N4lif\Pranlukast_0404.lif,Pranlukast_0404,4,Image 5,Pranlukast_0404_S5_Image_5,27,63710,44586,1,61517,820,44386,63,126,28,13.069565217391304,1.6633248104786256,2.127591012424747,2642.4680374315353,1242.0,74161,1.2159077978444983,1.2074830056790622,1494.863961030679,1238.0,61517,74799,6.501219512195122,0.4126709072076113,215.4142135623731,522.0,820,5331,1.670819627810571,2.1227600945503506,2636.4680374315353,1242.0,44386,74161,186,1027.5,22.0,150.0,90.0,277.69332054554025,126.0,2.2039152424249226,185.2829268292683,140.0,1.3234494773519163,259.6463073942234,123.0,2.110945588570922,1.7005580503474498,2.4102925280056215,1.2233075303349341,1.2227326991583063,2.643681781339112,1.7099129453895623,1.711946732782779,2.2753789314305575
C:\Users\JackM\40xMBPCNP\40xN1N2N3N4lif\Pranlukast_0404.lif,Pranlukast_0404,4,Image 5,Pranlukast_0404_S5_Image_5,28,24526,18458,4,11655,6181,17055,56,120,36,9.037735849056604,1.398688915375447,2.053276505163762,1755.976659402887,855.2071067811866,25817,1.053968253968254,1.0852343475037445,614.2426406871193,566.0,11655,12284,2.814593107911341,1.5529026096386933,1096.3492424049175,706.0,6181,17397,1.4976253298153035,1.7528060529697602,1499.0121933088199,855.2071067811866,17055,25542,155,622.5,16.0,90.0,75.0,163.23861003861003,126.0,1.2955445241159527,271.84258210645527,140.0,1.9417327293318234,192.25417766051012,123.0,1.5630420948008954,1.7005580503474498,2.4102925280056215,1.2233075303349341,1.2227326991583063,2.643681781339112,1.7099129453895623,1.711946732782779,2.2753789314305575
C:\Users\JackM\40xMBPCNP\40xN1N2N3N4lif\Pranlukast_0404.lif,Pranlukast_0404,4,Image 5,Pranlukast_0404_S5_Image_5,29,10867,8197,1,564,7300,2939,13,63,19,12.095238095238095,1.4329632792485056,1.7292595909456503,1002.9705627484772,580.0,11746,1.3049645390070923,1.105756842600733,171.62132034355966,155.20710678118655,564,736,1.4834246575342467,1.5385448469271528,876.970562748477,570.0,7300,10829,2.457298400816604,1.4112298580705511,643.5208152801713,456.0,2939,7222,113,297.5,7.0,30.0,55.0,148.5159574468085,126.0,1.1786980749746707,404.04,140.0,2.886,134.72847907451515,123.0,1.0953534884106924,1.7005580503474498,2.4102925280056215,1.2233075303349341,1.2227326991583063,2.643681781339112,1.7099129453895623,1.711946732782779,2.2753789314305575
C:\Users\JackM\40xMBPCNP\40xN1N2N3N4lif\Pranlukast_0404.lif,Pranlukast_0404,4,Image 5,Pranlukast_0404_S5_Image_5,30,9801,6642,1,0,6642,391,13,33,7,12.041666666666666,1.239235170129479,1.264318854962293,528.4852813742385,418.0,8231,,,0.0,0.0,0,0,1.239235170129479,1.264318854962293,528.4852813742385,418.0,6642,8231,5.112531969309463,0.823952797379777,202.69238815542514,246.0,391,1999,69,172.5,10.0,50.0,32.5,128.25639867509787,126.0,1.0179079259928403,553.3867810900331,140.0,3.952762722071665,131.3989769820972,123.0,1.0682843657081074,1.7005580503474498,2.4102925280056215,1.2233075303349341,1.2227326991583063,2.643681781339112,1.7099129453895623,1.711946732782779,2.2753789314305575
C:\Users\JackM\40xMBPCNP\40xN1N2N3N4lif\Pranlukast_0404.lif,Pranlukast_0404,4,Image 5,Pranlukast_0404_S5_Image_5,31,7979,3986,1,107,176,3810,32,79,36,5.786885245901639,2.0506773707977923,1.8662237914676365,809.9411254969542,434.0,8174,1.1495327102803738,1.0090046426602846,46.41421356237309,46.0,107,123,1.25,0.9832632446392312,68.82842712474618,70.0,176,220,1.9753280839895013,1.8527817459305203,741.1126983722081,400.0,3810,7526,85,352.5,11.0,50.0,40.0,141.7196261682243,126.0,1.12475893784305,179.92613636363637,140.0,1.2851866883116885,143.5976377952756,123.0,1.1674604698802895,1.7005580503474498,2.4102925280056215,1.2233075303349341,1.2227326991583063,2.643681781339112,1.7099129453895623,1.711946732782779,2.2753789314305575
C:\Users\JackM\40xMBPCNP\40xN1N2N3N4lif\Pranlukast_0404.lif,Pranlukast_0404,4,Image 5,Pranlukast_0404_S5_Image_5,32,62020,21688,1,0,21688,2417,52,173,43,11.257352941176471,3.0202416082626335,2.588687235687539,3256.568542494924,1258.0,65503,,,0.0,0.0,0,0,3.0202416082626335,2.588687235687539,3256.568542494924,1258.0,21688,65503,1.9561439801406701,0.8737860409769777,370.4852813742385,424.0,2417,4728,216,1167.5,20.0,115.0,105.0,122.60106971597196,126.0,0.9730243628251742,340.9480357801549,140.0,2.435343112715392,131.20604054613156,123.0,1.0667157767978175,1.7005580503474498,2.4102925280056215,1.2233075303349341,1.2227326991583063,2.643681781339112,1.7099129453895623,1.711946732782779,2.2753789314305575
C:\Users\JackM\40xMBPCNP\40xN1N2N3N4lif\Pranlukast_0404.lif,Pranlukast_0404,4,Image 5,Pranlukast_0404_S5_Image_5,33,15027,9096,1,9882,226,9019,23,53,21,10.0,1.3271767810026385,1.5718668614866043,789.0771644662753,502.0,12072,1.0639546650475613,1.1490789838276243,526.278174593052,458.0,9882,10514,1.238938053097345,1.1034731714563015,83.86396103067892,76.0,226,280,1.3385075950770595,1.5300341921638951,768.0771644662753,502.0,9019,12072,91,352.5,12.0,50.0,42.5,216.76138433515482,126.0,1.7203284471044034,188.5,140.0,1.3464285714285715,249.64707839006542,123.0,2.02965104382167,1.7005580503474498,2.4102925280056215,1.2233075303349341,1.2227326991583063,2.643681781339112,1.7099129453895623,1.711946732782779,2.2753789314305575
C:\Users\JackM\40xMBPCNP\40xN1N2N3N4lif\Pranlukast_0404.lif,Pranlukast_0404,4,Image 5,Pranlukast_0404_S5_Image_5,34,43499,33551,1,39713,0,33551,17,82,21,20.52,1.3679174987332718,1.6293002310223874,1626.0416305603426,998.0,45895,1.1691889305768892,1.16584759604856,1156.5208152801715,992.0,39713,46432,,,0.0,0.0,0,0,1.3679174987332718,1.6293002310223874,1626.0416305603426,998.0,33551,45895,173,492.5,9.0,110.0,85.0,249.0387530531564,126.0,1.9764980401044159,135.21679128820193,140.0,0.9658342234871566,202.48555929778547,123.0,1.646224059331589,1.7005580503474498,2.4102925280056215,1.2233075303349341,1.2227326991583063,2.643681781339112,1.7099129453895623,1.711946732782779,2.2753789314305575
C:\Users\JackM\40xMBPCNP\40xN1N2N3N4lif\Pranlukast_0404.lif,Pranlukast_0404,4,Image 5,Pranlukast_0404_S5_Image_5,36,18004,10603,2,0,10020,837,21,35,8,13.34375,1.4135621993775347,1.6139162009601582,910.2487373415292,564.0,14988,,,0.0,0.0,0,0,1.449001996007984,1.5124663641537544,850.0060966544099,562.0,10020,14519,2.652329749103943,0.7354128252680361,233.27817459305203,317.20710678118655,837,2220,99,362.5,11.0,50.0,47.5,123.87343204753371,126.0,0.9831224765677279,684.8513972055888,140.0,4.891795694325634,131.19713261648747,123.0,1.0666433546055891,1.7005580503474498,2.4102925280056215,1.2233075303349341,1.2227326991583063,2.643681781339112,1.7099129453895623,1.711946732782779,2.2753789314305575
C:\Users\JackM\40xMBPCNP\40xN1N2N3N4lif\Pranlukast_0404.lif,Pranlukast_0404,5,Image 6,Pranlukast_0404_S6_Image_6,1,77084,59388,1,75090,0,59388,75,210,42,13.795180722891565,1.3978918299993264,2.4567538829963675,3454.195959492893,1406.0,83018,1.1081235850312958,1.222474388245536,1718.7989898732235,1406.0,75090,83209,,,0.0,0.0,0,0,1.3978918299993264,2.4567538829963675,3454.195959492893,1406.0,59388,83018,208,1287.5,27.0,140.0,100.0,236.0282461046744,131.0,1.8017423366769039,137.07154040068994,134.0,1.0229219432887309,237.3110729440291,123.0,1.9293583166181227,1.2360131157387233,1.9346765420857772,1.0971783630061913,1.079136459442715,5.91568024195651,0.5493074843612119,1.2415271181791443,1.9367301848864433
C:\Users\JackM\40xMBPCNP\40xN1N2N3N4lif\Pranlukast_0404.lif,Pranlukast_0404,5,Image 6,Pranlukast_0404_S6_Image_6,2,62892,53853,1,62876,791,53853,41,156,39,18.81081081081081,1.2406922548418844,1.9145654949198043,2427.669047558312,1268.0,66815,1.0684680959348558,1.0397966354902197,1322.6213203435595,1272.0,62876,67181,7.768647281921618,0.22981115746421388,177.4142135623731,772.0,791,6145,1.2406922548418844,1.9145654949198043,2427.669047558312,1268.0,53853,66815,210,862.5,12.0,120.0,102.5,208.11882117183026,131.0,1.5886932913880172,197.15297092288242,134.0,1.4712908277827046,229.461534176369,123.0,1.8655409282631628,1.2360131157387233,1.9346765420857772,1.0971783630061913,1.079136459442715,5.91568024195651,0.5493074843612119,1.2415271181791443,1.9367301848864433
C:\Users\JackM\40xMBPCNP\40xN1N2N3N4lif\Pranlukast_0404.lif,Pranlukast_0404,5,Image 6,Pranlukast_0404_S6_Image_6,3,152513,136310,1,152208,372,136271,60,233,57,21.748538011695906,1.2515369378622259,1.9611662408557393,3894.8761543394985,1986.0,170597,1.1231604120676968,1.10355330049852,2198.278174593052,1992.0,152208,170954,15.021505376344086,0.10037721291160281,112.14213562373095,1117.2071067811867,372,5588,1.2518951207520308,1.959047858790691,3890.6690475583123,1986.0,136271,170597,312,1262.5,17.0,205.0,152.5,237.39895406286135,131.0,1.8122057562050484,175.71774193548387,134.0,1.3113264323543572,265.01287141064495,123.0,2.1545761903304466,1.2360131157387233,1.9346765420857772,1.0971783630061913,1.079136459442715,5.91568024195651,0.5493074843612119,1.2415271181791443,1.9367301848864433
C:\Users\JackM\40xMBPCNP\40xN1N2N3N4lif\Pranlukast_0404.lif,Pranlukast_0404,5,Image 6,Pranlukast_0404_S6_Image_6,4,12377,3753,0,2253,3718,2383,7,20,2,9.4,1.1254996003197442,1.1250945456142685,335.27817459305203,298.0,4224,1.0470483799378607,1.0228381876367831,233.20710678118655,228.0,2253,2359,1.136094674556213,1.1331959334074668,337.69238815542514,298.0,3718,4224,1.1456147712966849,1.0350334409712152,260.8284271247462,252.0,2383,2730,57,137.5,9.0,35.0,25.0,156.92276964047937,131.0,1.197883737713583,338.6011296395912,134.0,2.526874101787994,140.5132186319765,123.0,1.1423838913168822,1.2360131157387233,1.9346765420857772,1.0971783630061913,1.079136459442715,5.91568024195651,0.5493074843612119,1.2415271181791443,1.9367301848864433
C:\Users\JackM\40xMBPCNP\40xN1N2N3N4lif\Pranlukast_0404.lif,Pranlukast_0404,5,Image 6,Pranlukast_0404_S6_Image_6,5,57696,53166,1,57696,822,53166,29,124,36,17.395604395604394,1.2142346612496708,1.6300951101171721,1985.4558441227157,1218.0,64556,1.1242547143649473,1.0753018864581785,1322.6213203435595,1230.0,57696,64865,5.429440389294404,0.4255165217235367,194.03553390593274,456.0,822,4463,1.2142346612496708,1.6300951101171721,1985.4558441227157,1218.0,53166,64556,198,617.5,16.0,110.0,97.5,230.13870978924015,131.0,1.756784044192673,198.54257907542578,134.0,1.4816610378763118,236.54754918556972,123.0,1.9231508063867457,1.2360131157387233,1.9346765420857772,1.0971783630061913,1.079136459442715,5.91568024195651,0.5493074843612119,1.2415271181791443,1.9367301848864433
C:\Users\JackM\40xMBPCNP\40xN1N2N3N4lif\Pranlukast_0404.lif,Pranlukast_0404,5,Image 6,Pranlukast_0404_S6_Image_6,6,12806,8182,1,0,143,8182,59,169,42,5.6461538461538465,1.4402346614519677,2.3670051017079934,1197.7045814642447,506.0,11784,,,0.0,0.0,0,0,3.013986013986014,0.5119460816205387,70.24264068711929,137.20710678118655,143,431,1.4402346614519677,2.3670051017079934,1197.7045814642447,506.0,8182,11784,83,447.5,22.0,55.0,37.5,139.9852114397458,131.0,1.068589400303403,195.16083916083917,134.0,1.4564241728420835,151.44023466145197,123.0,1.2312214200118046,1.2360131157387233,1.9346765420857772,1.0971783630061913,1.079136459442715,5.91568024195651,0.5493074843612119,1.2415271181791443,1.9367301848864433
C:\Users\JackM\40xMBPCNP\40xN1N2N3N4lif\Pranlukast_0404.lif,Pranlukast_0404,5,Image 6,Pranlukast_0404_S6_Image_6,7,125313,114461,3,125313,153,114385,59,162,33,20.73015873015873,1.2127711622299298,1.7364113114671336,2948.4264068711927,1698.0,138815,1.1141381979523273,1.1120692116875721,1899.414213562373,1708.0,125313,139616,153.94771241830065,0.10087616842469871,95.44974746830584,946.2071067811866,153,23554,1.2135769550203261,1.708832732477295,2901.597979746447,1698.0,114385,138815,268,1027.5,16.0,205.0,132.5,537.2522802901534,131.0,4.101162444963003,199.72549019607843,134.0,1.4904887328065555,371.07231717445467,123.0,3.0168481071093876,1.2360131157387233,1.9346765420857772,1.0971783630061913,1.079136459442715,5.91568024195651,0.5493074843612119,1.2415271181791443,1.9367301848864433
C:\Users\JackM\40xMBPCNP\40xN1N2N3N4lif\Pranlukast_0404.lif,Pranlukast_0404,5,Image 6,Pranlukast_0404_S6_Image_6,8,22240,14340,1,18606,8142,11718,61,186,51,8.048275862068966,1.5224546722454673,2.786726060761963,1861.5330085889912,668.0,21832,1.1041599484037408,1.1937871135403209,787.8994949366117,660.0,18606,20544,2.0506018177352003,2.2763984730743534,1379.4974746830583,606.0,8142,16696,1.85347328895716,2.979505292334747,1972.4325035256027,662.0,11718,21719,114,687.5,19.0,65.0,55.0,171.6312479845211,131.0,1.310162198355123,310.8828297715549,134.0,2.320021117698171,162.60232121522444,123.0,1.3219700911806864,1.2360131157387233,1.9346765420857772,1.0971783630061913,1.079136459442715,5.91568024195651,0.5493074843612119,1.2415271181791443,1.9367301848864433
C:\Users\JackM\40xMBPCNP\40xN1N2N3N4lif\Pranlukast_0404.lif,Pranlukast_0404,5,Image 6,Pranlukast_0404_S6_Image_6,10,32129,29559,2,32129,0,29559,16,44,6,23.5625,1.1068710037552014,1.3939648952421326,1131.8994949366117,812.0,32718,1.0207600610040772,1.0024630541871922,814.0,812.0,32129,32796,,,0.0,0.0,0,0,1.1068710037552014,1.3939648952421326,1131.8994949366117,812.0,29559,32718,135,367.5,12.0,110.0,65.0,228.7754365215226,131.0,1.74637737802689,145.71465031591399,134.0,1.087422763551597,239.4052234514023,123.0,1.9463839304992057,1.2360131157387233,1.9346765420857772,1.0971783630061913,1.079136459442715,5.91568024195651,0.5493074843612119,1.2415271181791443,1.9367301848864433
C:\Users\JackM\40xMBPCNP\40xN1N2N3N4lif\Pranlukast_0404.lif,Pranlukast_0404,5,Image 6,Pranlukast_0404_S6_Image_6,12,148699,136201,3,148699,1561,136080,71,194,37,24.736842105263158,1.158177986945764,1.9401913020469828,3620.39696961967,1866.0,157745,1.0609620777543898,1.0128617363344052,1890.0,1866.0,148699,157764,30.201153106982705,0.32461356070981556,402.5208152801713,1240.0,1561,47144,1.159185773074662,1.942020998489841,3623.8111831820434,1866.0,136080,157742,281,1267.5,25.0,215.0,137.5,553.0456694396062,131.0,4.22172266747791,213.34849455477257,134.0,1.5921529444386013,385.59728835978837,123.0,3.1349373037381167,1.2360131157387233,1.9346765420857772,1.0971783630061913,1.079136459442715,5.91568024195651,0.5493074843612119,1.2415271181791443,1.9367301848864433
C:\Users\JackM\40xMBPCNP\40xN1N2N3N4lif\Pranlukast_0404.lif,Pranlukast_0404,5,Image 6,Pranlukast_0404_S6_Image_6,14,9586,3486,1,270,3475,181,11,41,5,8.678571428571429,1.4916810097532989,1.4214474729559599,474.7634559672906,334.0,5200,5.411111111111111,0.472675031986729,100.20710678118655,212.0,270,1461,1.4964028776978417,1.4238214047488145,475.55634918610406,334.0,3475,5200,4.6187845303867405,0.5097669900214437,84.62132034355965,166.0,181,836,65,167.5,12.0,35.0,30.0,142.2925925925926,131.0,1.0862029968900198,226.26877697841726,134.0,1.688572962525502,126.3646408839779,123.0,1.0273548039347797,1.2360131157387233,1.9346765420857772,1.0971783630061913,1.079136459442715,5.91568024195651,0.5493074843612119,1.2415271181791443,1.9367301848864433
C:\Users\JackM\40xMBPCNP\40xN1N2N3N4lif\Pranlukast_0404.lif,Pranlukast_0404,6,Image 7,Pranlukast_0404_S7_Image_7,1,36409,31041,2,36299,4851,30332,23,74,17,16.446428571428573,1.2465126767823203,1.5374174753866203,1411.3492424049175,918.0,38693,1.0795889693930962,1.0574728467401138,983.4497474683059,930.0,36299,39188,1.7375798804370233,1.8673863717440051,825.3847763108503,442.0,4851,8429,1.2715613873137281,1.5739517320481804,1438.5918830920368,914.0,30332,38569,164,527.5,24.0,105.0,80.0,219.11278547618392,133.0,1.6474645524525107,268.0861678004535,134.0,2.000643043286966,245.96205327706713,122.0,2.0160824039103864,1.2878899908487915,1.7687261357943493,1.1624233116566283,1.100245751044696,4.343583513845793,1.2292620556645133,1.3119294257664766,1.6450671790923448
C:\Users\JackM\40xMBPCNP\40xN1N2N3N4lif\Pranlukast_0404.lif,Pranlukast_0404,6,Image 7,Pranlukast_0404_S7_Image_7,2,5227,4496,0,0,0,4496,4,8,2,22.5,1.079626334519573,1.1007302557552803,376.4497474683059,342.0,4854,,,0.0,0.0,0,0,,,0.0,0.0,0,0,1.079626334519573,1.1007302557552803,376.4497474683059,342.0,4496,4854,75,117.5,4.0,60.0,35.0,127.70996441281139,133.0,0.9602252963369278,147.75578291814946,134.0,1.1026550964041004,223.4252669039146,122.0,1.8313546467533983,1.2878899908487915,1.7687261357943493,1.1624233116566283,1.100245751044696,4.343583513845793,1.2292620556645133,1.3119294257664766,1.6450671790923448
C:\Users\JackM\40xMBPCNP\40xN1N2N3N4lif\Pranlukast_0404.lif,Pranlukast_0404,6,Image 7,Pranlukast_0404_S7_Image_7,3,33968,17792,1,4692,16071,5797,74,235,63,7.928176795580111,2.116119604316547,2.6305916304814225,2635.8528137423855,1002.0,37650,3.592924126172208,1.2167436712093005,928.6274169979695,763.2071067811866,4692,16858,2.2628958994462076,2.3112756439146462,2278.917784899841,986.0,16071,36367,5.424874935311368,1.7349463068246076,1492.0538238691624,860.0,5797,31448,288,887.5,10.0,155.0,140.0,154.12127024722932,133.0,1.1588065432122505,385.1146163897704,134.0,2.873989674550525,148.3646713817492,122.0,1.2161038637848294,1.2878899908487915,1.7687261357943493,1.1624233116566283,1.100245751044696,4.343583513845793,1.2292620556645133,1.3119294257664766,1.6450671790923448
C:\Users\JackM\40xMBPCNP\40xN1N2N3N4lif\Pranlukast_0404.lif,Pranlukast_0404,6,Image 7,Pranlukast_0404_S7_Image_7,4,17024,5307,1,33,502,5210,24,60,14,8.652173913043478,2.4431882419446014,1.7737676366280668,957.834523779156,540.0,12966,1.1818181818181819,0.9682842712474619,24.207106781186546,25.0,33,39,6.824701195219124,0.7405197527491779,235.48528137423858,318.0,502,3426,2.4831094049904032,1.6959898588502889,915.834523779156,540.0,5210,12937,137,327.5,7.0,70.0,70.45454545454545,146.0909090909091,133.0,1.098427887901572,184.9621513944223,134.0,1.3803145626449427,139.47831094049903,122.0,1.1432648437745823,1.2878899908487915,1.7687261357943493,1.1624233116566283,1.100245751044696,4.343583513845793,1.2292620556645133,1.3119294257664766,1.6450671790923448
C:\Users\JackM\40xMBPCNP\40xN1N2N3N4lif\Pranlukast_0404.lif,Pranlukast_0404,6,Image 7,Pranlukast_0404_S7_Image_7,5,11502,3595,1,124,513,3516,36,46,14,6.961538461538462,3.490403337969402,1.6167000086757484,960.3198051533946,594.0,12548,8.75,0.170636873147388,66.20710678118655,388.0,124,1085,2.98635477582846,0.7007097880115971,161.86396103067892,231.0,513,1532,3.363196814562002,1.5610846317297338,927.2842712474619,594.0,3516,11825,148,442.5,11.0,120.0,70.1923076923077,148.19354838709677,133.0,1.1142372059180208,207.2962962962963,134.0,1.546987285793256,143.52047781569965,122.0,1.1763973591450791,1.2878899908487915,1.7687261357943493,1.1624233116566283,1.100245751044696,4.343583513845793,1.2292620556645133,1.3119294257664766,1.6450671790923448
C:\Users\JackM\40xMBPCNP\40xN1N2N3N4lif\Pranlukast_0404.lif,Pranlukast_0404,6,Image 7,Pranlukast_0404_S7_Image_7,6,9448,5011,1,0,5011,356,7,54,19,9.470588235294118,1.7589303532229097,2.032980895158951,882.3137084989849,434.0,8814,,,0.0,0.0,0,0,1.7589303532229097,2.032980895158951,882.3137084989849,434.0,5011,8814,7.48876404494382,0.5703881034402508,180.24264068711926,316.0,356,2666,76,255.0,10.0,45.0,40.0,131.72600279385352,133.0,0.9904210736379965,266.2119337457593,134.0,1.9866562219832786,127.45505617977528,122.0,1.0447135752440597,1.2878899908487915,1.7687261357943493,1.1624233116566283,1.100245751044696,4.343583513845793,1.2292620556645133,1.3119294257664766,1.6450671790923448
C:\Users\JackM\40xMBPCNP\40xN1N2N3N4lif\Pranlukast_0404.lif,Pranlukast_0404,6,Image 7,Pranlukast_0404_S7_Image_7,7,11337,8532,1,0,2562,8473,24,105,31,7.935897435897436,1.2898499765588374,2.022381767384592,966.698484809835,478.0,11005,,,0.0,0.0,0,0,1.911007025761124,1.3768382066786795,459.8639610306789,334.0,2562,4896,1.2988315826743775,2.0735318666906712,991.1482322781409,478.0,8473,11005,75,312.5,20.0,55.0,35.0,136.4773792780122,133.0,1.0261457088572346,213.85480093676816,134.0,1.5959313502743893,157.20606632833707,122.0,1.2885743141666972,1.2878899908487915,1.7687261357943493,1.1624233116566283,1.100245751044696,4.343583513845793,1.2292620556645133,1.3119294257664766,1.6450671790923448
C:\Users\JackM\40xMBPCNP\40xN1N2N3N4lif\Pranlukast_0404.lif,Pranlukast_0404,6,Image 7,Pranlukast_0404_S7_Image_7,8,10745,9037,1,10582,0,9037,9,35,6,14.083333333333334,1.191767179373686,1.2451677135410446,635.0355339059328,510.0,10770,1.037989037989038,1.080131086445874,563.8284271247462,522.0,10582,10984,,,0.0,0.0,0,0,1.191767179373686,1.2451677135410446,635.0355339059328,510.0,9037,10770,93,197.5,8.0,55.0,45.0,173.05244755244755,133.0,1.3011462221988537,154.88090790211098,134.0,1.155827670911276,194.99734425141088,122.0,1.5983388873066466,1.2878899908487915,1.7687261357943493,1.1624233116566283,1.100245751044696,4.343583513845793,1.2292620556645133,1.3119294257664766,1.6450671790923448
C:\Users\JackM\40xMBPCNP\40xN1N2N3N4lif\Pranlukast_0404.lif,Pranlukast_0404,6,Image 7,Pranlukast_0404_S7_Image_7,9,99857,90087,2,98338,8075,87336,73,271,57,18.41919191919192,1.2035143805432527,1.8983597776132337,2988.01828996323,1574.0,108421,1.1063780023998862,1.0990918441858177,1729.9705627484773,1574.0,98338,108799,2.7302786377708976,1.2339232792236154,1009.3492424049175,818.0,8075,22047,1.241217825409911,2.058465302806632,3240.0243866176393,1574.0,87336,108403,245,942.5,23.0,160.0,120.0,400.9705912261791,133.0,3.0148164753848055,315.19665634674925,134.0,2.3522138533339496,304.0966840707154,122.0,2.492595771071438,1.2878899908487915,1.7687261357943493,1.1624233116566283,1.100245751044696,4.343583513845793,1.2292620556645133,1.3119294257664766,1.6450671790923448
C:\Users\JackM\40xMBPCNP\40xN1N2N3N4lif\Pranlukast_0404.lif,Pranlukast_0404,6,Image 7,Pranlukast_0404_S7_Image_7,10,15246,7455,1,4515,6104,2724,37,110,38,6.827160493827161,1.9835010060362173,2.4413006879464616,1347.5979797464468,552.0,14787,2.745514950166113,2.1256303440653577,1028.8050865276332,484.0,4515,12396,2.3923656618610747,2.026066188407777,1110.284271247462,548.0,6104,14603,3.3917033773861966,1.4992672845737005,689.6629509039022,460.0,2724,9239,106,505.0,14.0,50.0,50.0,150.61771871539312,133.0,1.1324640504916776,231.2639252948886,134.0,1.7258501887678253,141.95227606461086,122.0,1.1635432464312365,1.2878899908487915,1.7687261357943493,1.1624233116566283,1.100245751044696,4.343583513845793,1.2292620556645133,1.3119294257664766,1.6450671790923448
C:\Users\JackM\40xMBPCNP\40xN1N2N3N4lif\Pranlukast_0404.lif,Pranlukast_0404,6,Image 7,Pranlukast_0404_S7_Image_7,11,150664,131926,1,150664,5591,130024,114,346,64,17.637065637065636,1.2088595121507513,2.5798117857381673,4772.651803615609,1850.0,159480,1.0620652577921734,1.0097297297297296,1868.0,1850.0,150664,160015,16.475049186192095,0.7869250950734501,1298.4264068711927,1650.0,5591,92112,1.2155294407186366,2.478266994183427,4584.79393923934,1850.0,130024,158048,254,1657.5,38.0,200.0,125.0,401.6117586151967,133.0,3.019637282821028,206.33160436415668,134.0,1.539788092269826,329.1136405586661,122.0,2.697652791464476,1.2878899908487915,1.7687261357943493,1.1624233116566283,1.100245751044696,4.343583513845793,1.2292620556645133,1.3119294257664766,1.6450671790923448
C:\Users\JackM\40xMBPCNP\40xN1N2N3N4lif\Pranlukast_0404.lif,Pranlukast_0404,6,Image 7,Pranlukast_0404_S7_Image_7,12,9270,4868,1,5359,3680,2865,31,52,12,8.488888888888889,1.872432210353328,1.6483960828518283,794.5269119345812,482.0,9115,1.6079492442619892,1.9129098217733802,876.1126983722081,458.0,5359,8617,2.198641304347826,1.4581629124048883,702.8345237791561,482.0,3680,8091,2.755322862129145,1.3207308864278435,610.1776695296637,462.0,2865,7894,92,342.5,10.0,35.0,42.5,151.56055234185482,133.0,1.1395530251267278,229.2345108695652,134.0,1.7107053049967553,142.61431064572426,122.0,1.1689697593911825,1.2878899908487915,1.7687261357943493,1.1624233116566283,1.100245751044696,4.343583513845793,1.2292620556645133,1.3119294257664766,1.6450671790923448
C:\Users\JackM\40xMBPCNP\40xN1N2N3N4lif\Pranlukast_0404.lif,Pranlukast_0404,6,Image 7,Pranlukast_0404_S7_Image_7,13,84105,73759,2,84105,5758,73286,57,218,40,20.705128205128204,1.36326414403666,1.975066963371342,3077.154328932551,1558.0,100553,1.2178824088936449,1.1210191082802548,1760.0,1570.0,84105,102430,7.309482459187218,1.1959605671857918,1243.7989898732235,1040.0,5758,42088,1.3720628769478482,1.9198679903289801,2991.154328932551,1558.0,73286,100553,240,1082.5,20.0,140.0,117.5,268.3439034540158,133.0,2.0176233342407204,216.20371656825287,134.0,1.6134605714048722,271.03486341183856,122.0,2.221597241080644,1.2878899908487915,1.7687261357943493,1.1624233116566283,1.100245751044696,4.343583513845793,1.2292620556645133,1.3119294257664766,1.6450671790923448
C:\Users\JackM\40xMBPCNP\40xN1N2N3N4lif\Pranlukast_0404.lif,Pranlukast_0404,6,Image 7,Pranlukast_0404_S7_Image_7,14,32450,29436,1,32450,6638,28271,34,93,39,12.720930232558139,1.123080581600761,1.9418303093060556,1502.976659402887,774.0,33059,1.0196918335901386,1.0170634454537293,787.2071067811866,774.0,32450,33089,3.534950286230792,2.025880240395114,1523.4619407771256,752.0,6638,23465,1.1408510487778996,1.573934150863051,1215.0771644662755,772.0,28271,32253,129,502.5,17.0,95.0,62.5,254.5331278890601,133.0,1.9137829164590985,242.7342573064176,134.0,1.811449681391176,230.30055533939372,122.0,1.8877094699950305,1.2878899908487915,1.7687261357943493,1.1624233116566283,1.100245751044696,4.343583513845793,1.2292620556645133,1.3119294257664766,1.6450671790923448
C:\Users\JackM\40xMBPCNP\40xN1N2N3N4lif\Pranlukast_0404.lif,Pranlukast_0404,6,Image 7,Pranlukast_0404_S7_Image_7,15,71440,70340,2,71440,1683,70340,16,54,7,30.0,1.1853994882001706,1.2118327150384343,1694.142135623731,1398.0,83381,1.1684490481522956,1.1020181118337335,1540.6213203435595,1398.0,71440,83474,12.120617944147355,0.5108855054842925,404.62132034355966,792.0,1683,20399,1.1853994882001706,1.2118327150384343,1694.142135623731,1398.0,70340,83381,235,602.5,11.0,165.0,115.0,423.9169652855543,133.0,3.187345603650784,201.14854426619132,134.0,1.5011085392999353,336.89041796986066,122.0,2.761396868605415,1.2878899908487915,1.7687261357943493,1.1624233116566283,1.100245751044696,4.343583513845793,1.2292620556645133,1.3119294257664766,1.6450671790923448
C:\Users\JackM\40xMBPCNP\40xN1N2N3N4lif\Pranlukast_0404.lif,Pranlukast_0404,6,Image 7,Pranlukast_0404_S7_Image_7,16,53930,51145,1,53930,11,51145,23,65,12,22.4,1.3199530745918466,1.3159212995614227,1637.0060966544097,1244.0,67509,1.2608010383830892,1.1194449655896839,1394.8284271247462,1246.0,53930,67995,2.3636363636363638,0.40680865697035573,7.0,17.207106781186546,11,26,1.3199530745918466,1.3159212995614227,1637.0060966544097,1244.0,51145,67509,244,557.5,12.0,130.0,120.0,373.20331911737435,133.0,2.806039993363717,170.0,134.0,1.2686567164179106,317.86407273438266,122.0,2.6054432191342842,1.2878899908487915,1.7687261357943493,1.1624233116566283,1.100245751044696,4.343583513845793,1.2292620556645133,1.3119294257664766,1.6450671790923448
C:\Users\JackM\40xMBPCNP\40xN1N2N3N4lif\Pranlukast_0404.lif,Pranlukast_0404,6,Image 7,Pranlukast_0404_S7_Image_7,17,87005,77499,2,86996,670,77491,45,123,23,18.572916666666668,1.2787261771119627,1.6541410143952546,2358.805086527633,1426.0,99100,1.1539955860039541,1.0788664708288231,1540.6213203435595,1428.0,86996,100393,9.547761194029851,0.2923623846348872,202.8994949366117,694.0,670,6397,1.2788581899833529,1.6539957782233146,2358.5979797464465,1426.0,77491,99100,249,832.5,17.0,180.0,122.5,258.89858154397905,133.0,1.9466058762705192,189.8641791044776,134.0,1.4168968589886388,286.1188525119046,122.0,2.345236495999218,1.2878899908487915,1.7687261357943493,1.1624233116566283,1.100245751044696,4.343583513845793,1.2292620556645133,1.3119294257664766,1.6450671790923448
C:\Users\JackM\40xMBPCNP\40xN1N2N3N4lif\Pranlukast_0404.lif,Pranlukast_0404,6,Image 7,Pranlukast_0404_S7_Image_7,18,41570,38455,1,41370,0,38455,12,112,45,15.202898550724637,1.1215966714341439,1.5408369045191517,1531.5918830920368,994.0,43131,1.0434131012811216,1.0580860084108463,1049.6213203435595,992.0,41370,43166,,,0.0,0.0,0,0,1.1215966714341439,1.5408369045191517,1531.5918830920368,994.0,38455,43131,151,467.5,11.0,110.0,72.5,209.35494319555232,133.0,1.5740973172597919,144.86026960429047,134.0,1.0810467880917198,270.1235470029905,122.0,2.214127434450742,1.2878899908487915,1.7687261357943493,1.1624233116566283,1.100245751044696,4.343583513845793,1.2292620556645133,1.3119294257664766,1.6450671790923448
C:\Users\JackM\40xMBPCNP\40xN1N2N3N4lif\Pranlukast_0404.lif,Pranlukast_0404,6,Image 7,Pranlukast_0404_S7_Image_7,20,46396,42355,0,46389,0,42355,19,42,10,23.236842105263158,1.20772045803329,1.3924264380597353,1580.6923881554253,1135.2071067811867,51153,1.1348595572226174,1.031023451309084,1171.2426406871193,1136.0,46389,52645,,,0.0,0.0,0,0,1.20772045803329,1.3924264380597353,1580.6923881554253,1135.2071067811867,42355,51153,205,507.5,8.0,100.0,100.0,207.59458061178296,133.0,1.5608615083592703,138.5265903554722,134.0,1.0337805250408372,286.9247550466297,122.0,2.3518422544805713,1.2878899908487915,1.7687261357943493,1.1624233116566283,1.100245751044696,4.343583513845793,1.2292620556645133,1.3119294257664766,1.6450671790923448
C:\Users\JackM\40xMBPCNP\40xN1N2N3N4lif\Pranlukast_0404.lif,Pranlukast_0404,6,Image 7,Pranlukast_0404_S7_Image_7,21,21469,19888,0,21469,0,19888,11,31,6,18.875,1.1454646017699115,1.1773635810094871,828.8639610306789,704.0,22781,1.07238343658298,1.0559623168694345,747.6213203435597,708.0,21469,23023,,,0.0,0.0,0,0,1.1454646017699115,1.1773635810094871,828.8639610306789,704.0,19888,22781,118,242.5,9.0,90.0,55.0,188.76603474777588,133.0,1.4192934943441795,139.53928920769482,134.0,1.0413379791619017,263.5844730490748,122.0,2.160528467615367,1.2878899908487915,1.7687261357943493,1.1624233116566283,1.100245751044696,4.343583513845793,1.2292620556645133,1.3119294257664766,1.6450671790923448
C:\Users\JackM\40xMBPCNP\40xN1N2N3N4lif\Pranlukast_0404.lif,Pranlukast_0404,6,Image 7,Pranlukast_0404_S7_Image_7,22,22738,17769,1,1359,604,17757,36,109,32,9.090909090909092,1.2945016601947212,1.5166525424679893,1216.3553390593274,802.0,23002,5.705665930831493,0.7484907074038558,396.1066017177982,529.2071067811866,1359,7754,6.753311258278146,0.2156573843073675,132.2426406871193,613.2071067811866,604,4079,1.2863096243734866,1.529113103422531,1204.9411254969543,788.0,17757,22841,148,452.5,11.0,55.0,70.0,152.39293598233996,133.0,1.1458115487393983,192.89900662251657,134.0,1.4395448255411685,190.47941656811398,122.0,1.561306693181262,1.2878899908487915,1.7687261357943493,1.1624233116566283,1.100245751044696,4.343583513845793,1.2292620556645133,1.3119294257664766,1.6450671790923448
C:\Users\JackM\40xMBPCNP\40xN1N2N3N4lif\Pranlukast_0404.lif,Pranlukast_0404,7,Image 8,Pranlukast_0404_S8_Image_8,1,32590,18445,1,0,17352,3623,51,225,46,8.335664335664335,1.9220384928164815,2.470575654438495,2179.0477272147527,882.0,35452,,,0.0,0.0,0,0,2.029276164130936,2.3671804488938837,2083.1187950266176,880.0,17352,35212,7.420645873585427,1.2103805216784964,936.8345237791561,774.0,3623,26885,158,632.5,9.0,75.0,75.0,132.15164001084304,135.0,0.9789010371173559,422.541724296911,137.0,3.0842461627511755,130.95583770356058,122.0,1.07340850576689,1.338135097607968,2.285651815375277,1.1336587831445106,1.229967475231291,3.027182503340999,1.4693614015056575,1.3368790964829491,2.0161516237255666
C:\Users\JackM\40xMBPCNP\40xN1N2N3N4lif\Pranlukast_0404.lif,Pranlukast_0404,7,Image 8,Pranlukast_0404_S8_Image_8,2,22082,8837,2,0,5488,7243,53,147,37,6.530973451327434,2.08090981102184,2.3766046518259505,1497.2609306503489,630.0,18389,,,0.0,0.0,0,0,1.9857871720116618,1.6463699843693433,849.5269119345812,516.0,5488,10898,2.538865111141792,2.5619901966177183,1614.0538238691624,630.0,7243,18389,121,617.5,14.0,55.0,57.5,136.012560823809,135.0,1.0075004505467333,247.53024781341108,137.0,1.8067901300248983,143.2978047770261,122.0,1.1745721703034926,1.338135097607968,2.285651815375277,1.1336587831445106,1.229967475231291,3.027182503340999,1.4693614015056575,1.3368790964829491,2.0161516237255666
C:\Users\JackM\40xMBPCNP\40xN1N2N3N4lif\Pranlukast_0404.lif,Pranlukast_0404,7,Image 8,Pranlukast_0404_S8_Image_8,3,41111,22205,1,0,22203,810,87,256,97,7.7,1.8337761765368161,2.8727059975880187,2688.8528137423855,936.0,40719,,,0.0,0.0,0,0,1.8339413592757736,2.8727059975880187,2688.8528137423855,936.0,22203,40719,6.41358024691358,0.8070596551650847,279.2426406871193,346.0,810,5195,159,902.5,15.0,100.0,77.5,139.2738572393605,135.0,1.0316582017730407,387.0807998919065,137.0,2.8254072984810694,134.76172839506174,122.0,1.1046043311070635,1.338135097607968,2.285651815375277,1.1336587831445106,1.229967475231291,3.027182503340999,1.4693614015056575,1.3368790964829491,2.0161516237255666
C:\Users\JackM\40xMBPCNP\40xN1N2N3N4lif\Pranlukast_0404.lif,Pranlukast_0404,7,Image 8,Pranlukast_0404_S8_Image_8,4,12311,3376,1,0,0,3376,13,53,17,6.5,1.3815165876777251,1.4037315900590799,523.5918830920368,373.0,4664,,,0.0,0.0,0,0,,,0.0,0.0,0,0,1.3815165876777251,1.4037315900590799,523.5918830920368,373.0,3376,4664,88,157.5,7.0,40.0,42.5,137.18216824644549,135.0,1.0161642092329295,155.11255924170615,137.0,1.132208461618293,135.45438388625593,122.0,1.1102818351332453,1.338135097607968,2.285651815375277,1.1336587831445106,1.229967475231291,3.027182503340999,1.4693614015056575,1.3368790964829491,2.0161516237255666
C:\Users\JackM\40xMBPCNP\40xN1N2N3N4lif\Pranlukast_0404.lif,Pranlukast_0404,7,Image 8,Pranlukast_0404_S8_Image_8,5,43439,28479,1,10051,24961,9368,88,364,100,7.678294573643411,1.7483408827557148,3.1658278061275205,3450.7523086789975,1090.0,49791,1.8769276688886678,1.454285100765085,1145.976659402887,788.0,10051,18865,1.8987620688273708,3.021979526297702,3227.4741340859455,1068.0,24961,47395,2.890264730999146,2.2303667101140356,1833.3614357137371,822.0,9368,27076,188,1137.5,13.0,85.0,92.5,153.15301960003978,135.0,1.1344668118521466,375.2217058611434,137.0,2.738844568329514,161.3425491033305,122.0,1.322479910683037,1.338135097607968,2.285651815375277,1.1336587831445106,1.229967475231291,3.027182503340999,1.4693614015056575,1.3368790964829491,2.0161516237255666
C:\Users\JackM\40xMBPCNP\40xN1N2N3N4lif\Pranlukast_0404.lif,Pranlukast_0404,7,Image 8,Pranlukast_0404_S8_Image_8,6,51418,49465,1,51096,5769,48304,24,74,24,15.689655172413794,1.0733447892449206,1.3874098123780803,1448.4558441227157,1044.0,53093,1.0393181462345389,1.111706245539808,1160.6213203435595,1044.0,51096,53105,2.6824406309585718,1.4775428390593273,945.6274169979695,640.0,5769,15475,1.0991429281218947,1.4415485243322672,1504.976659402887,1044.0,48304,53093,172,462.5,13.0,115.0,82.5,211.79102082354783,135.0,1.5688223764707245,265.64499913329865,137.0,1.9390145922138589,330.5630796621398,122.0,2.7095334398536046,1.338135097607968,2.285651815375277,1.1336587831445106,1.229967475231291,3.027182503340999,1.4693614015056575,1.3368790964829491,2.0161516237255666
C:\Users\JackM\40xMBPCNP\40xN1N2N3N4lif\Pranlukast_0404.lif,Pranlukast_0404,7,Image 8,Pranlukast_0404_S8_Image_8,7,16859,2697,1,1,2204,493,20,41,16,8.03125,4.96514645902855,1.0520815190398805,721.727922061358,686.0,13391,1.0,,0.0,0.0,1,1,2.7540834845735027,1.2761068856320648,551.278174593052,432.0,2204,6070,5.511156186612576,0.6001751671419219,170.44974746830582,284.0,493,2717,237,257.5,6.0,80.0,126.28205128205128,141.0,135.0,1.0444444444444445,198.64382940108894,137.0,1.449954959132036,137.35091277890467,122.0,1.125827153925448,1.338135097607968,2.285651815375277,1.1336587831445106,1.229967475231291,3.027182503340999,1.4693614015056575,1.3368790964829491,2.0161516237255666
C:\Users\JackM\40xMBPCNP\40xN1N2N3N4lif\Pranlukast_0404.lif,Pranlukast_0404,7,Image 8,Pranlukast_0404_S8_Image_8,8,36893,32619,1,36893,20,32619,26,98,32,15.383561643835616,1.1078819093166559,1.5332301139941364,1336.976659402887,872.0,36138,1.0066137207600359,1.0,872.0,872.0,36893,37137,1.1,1.0,16.0,16.0,20,22,1.1078819093166559,1.5332301139941364,1336.976659402887,872.0,32619,36138,250,517.5,12.0,230.0,122.5,228.73190036050198,135.0,1.6943103730407554,219.15,137.0,1.5996350364963503,271.65075569453387,122.0,2.2266455384797856,1.338135097607968,2.285651815375277,1.1336587831445106,1.229967475231291,3.027182503340999,1.4693614015056575,1.3368790964829491,2.0161516237255666
C:\Users\JackM\40xMBPCNP\40xN1N2N3N4lif\Pranlukast_0404.lif,Pranlukast_0404,7,Image 8,Pranlukast_0404_S8_Image_8,9,59391,47208,1,59391,319,47124,40,146,28,16.34234234234234,1.2678783257075072,2.273233995093515,2550.568542494924,1122.0,59854,1.009866814837265,1.0,1122.0,1122.0,59391,59977,8.438871473354231,0.2119122515125235,122.48528137423858,578.0,319,2692,1.2701383583736525,2.2605716895844363,2536.3614357137376,1122.0,47124,59854,172,897.5,27.0,125.0,82.5,244.53338047852367,135.0,1.81135837391499,182.5141065830721,137.0,1.3322197560808182,232.67929292929293,122.0,1.907207319092565,1.338135097607968,2.285651815375277,1.1336587831445106,1.229967475231291,3.027182503340999,1.4693614015056575,1.3368790964829491,2.0161516237255666
C:\Users\JackM\40xMBPCNP\40xN1N2N3N4lif\Pranlukast_0404.lif,Pranlukast_0404,7,Image 8,Pranlukast_0404_S8_Image_8,10,19279,4542,2,3324,3750,2368,47,90,31,5.671052631578948,3.0433729634522235,1.5651783602054967,935.976659402887,598.0,13823,3.114019253910951,2.636213589590539,1191.5685424949238,452.0,3324,10351,2.692266666666667,1.0651438324623401,575.1776695296637,540.0,3750,10096,3.9708614864864864,1.2317168722164609,623.2487373415292,506.0,2368,9403,152,475.0,10.0,85.0,74.81481481481481,148.51233453670278,135.0,1.100091366938539,393.7117333333333,137.0,2.8738082725060825,142.23859797297297,122.0,1.1658901473194505,1.338135097607968,2.285651815375277,1.1336587831445106,1.229967475231291,3.027182503340999,1.4693614015056575,1.3368790964829491,2.0161516237255666
C:\Users\JackM\40xMBPCNP\40xN1N2N3N4lif\Pranlukast_0404.lif,Pranlukast_0404,7,Image 8,Pranlukast_0404_S8_Image_8,11,65612,51236,1,60488,223,51236,47,175,36,14.6328125,1.3586540713560777,2.3996939711334453,2985.219300090006,1244.0,69612,1.1233302473217828,1.5514224881511063,1898.941125496954,1224.0,60488,67948,46.24215246636771,0.1504768371591558,85.62132034355965,569.0,223,10312,1.3586540713560777,2.3996939711334453,2985.219300090006,1244.0,51236,69612,214,892.5,16.0,110.0,105.0,172.9352929506679,135.0,1.2810021700049474,185.28251121076232,137.0,1.352427089129652,215.3238933562339,122.0,1.7649499455429007,1.338135097607968,2.285651815375277,1.1336587831445106,1.229967475231291,3.027182503340999,1.4693614015056575,1.3368790964829491,2.0161516237255666
C:\Users\JackM\40xMBPCNP\40xN1N2N3N4lif\Pranlukast_0404.lif,Pranlukast_0404,7,Image 8,Pranlukast_0404_S8_Image_8,12,10080,8199,1,720,1014,8037,26,56,14,9.847826086956522,1.3219904866447127,1.8631568545064696,1004.6274169979696,539.2071067811866,10839,6.343055555555556,0.7904561478691765,284.72792206135784,360.20710678118655,720,4567,3.203155818540434,0.8428308708099987,232.62132034355966,276.0,1014,3248,1.3486375513251214,1.874284304283267,1010.6274169979696,539.2071067811866,8037,10839,89,407.5,18.0,55.0,42.5,149.8486111111111,135.0,1.1099897119341562,191.3570019723866,137.0,1.3967664377546467,182.3719049396541,122.0,1.4948516798332303,1.338135097607968,2.285651815375277,1.1336587831445106,1.229967475231291,3.027182503340999,1.4693614015056575,1.3368790964829491,2.0161516237255666
C:\Users\JackM\40xMBPCNP\40xN1N2N3N4lif\Pranlukast_0404.lif,Pranlukast_0404,7,Image 8,Pranlukast_0404_S8_Image_8,13,110738,103234,1,110738,264,103234,36,167,33,26.09259259259259,1.167580448301916,1.6334641848217597,2593.9411254969546,1588.0,120534,1.0930665173653127,1.064249820302618,1696.414213562373,1594.0,110738,121044,14.43939393939394,0.23603415044851092,79.82842712474618,338.20710678118655,264,3812,1.167580448301916,1.6334641848217597,2593.9411254969546,1588.0,103234,120534,242,802.5,24.0,180.0,117.5,432.85798009716626,135.0,3.2063554081271577,187.27651515151516,137.0,1.3669818624198187,312.856607319294,122.0,2.564398420649951,1.338135097607968,2.285651815375277,1.1336587831445106,1.229967475231291,3.027182503340999,1.4693614015056575,1.3368790964829491,2.0161516237255666
C:\Users\JackM\40xMBPCNP\40xN1N2N3N4lif\Pranlukast_0404.lif,Pranlukast_0404,7,Image 8,Pranlukast_0404_S8_Image_8,14,16316,13569,1,844,663,13546,25,120,24,10.488372093023257,1.217923207310782,2.005798396179053,1195.4558441227157,596.0,16526,8.408767772511847,0.6804464244427689,298.03553390593277,438.0,844,7097,2.4374057315233784,0.7519567797348329,186.48528137423855,248.0,663,1616,1.2199911412963236,2.0225769196689862,1205.4558441227157,596.0,13546,16526,91,337.5,15.0,70.0,42.5,150.4063981042654,135.0,1.114121467439003,184.55203619909503,137.0,1.34709515473792,179.82120183079877,122.0,1.4739442773016294,1.338135097607968,2.285651815375277,1.1336587831445106,1.229967475231291,3.027182503340999,1.4693614015056575,1.3368790964829491,2.0161516237255666
C:\Users\JackM\40xMBPCNP\40xN1N2N3N4lif\Pranlukast_0404.lif,Pranlukast_0404,7,Image 8,Pranlukast_0404_S8_Image_8,15,138966,118017,1,138966,1661,117784,92,335,63,18.7125,1.3121245244329207,2.5596375740956585,4750.687337521542,1856.0,154853,1.1175683260653686,1.0350934622115735,1929.414213562373,1864.0,138966,155304,8.558097531607466,0.3935146014537682,397.4497474683059,1010.0,1661,14215,1.3124787747062419,2.5507937090297244,4734.2731239591685,1856.0,117784,154589,297,1647.5,29.0,195.0,145.0,501.6785256825411,135.0,3.716137227278082,199.19747140276942,137.0,1.4539961416260543,317.67325782788834,122.0,2.603879162523675,1.338135097607968,2.285651815375277,1.1336587831445106,1.229967475231291,3.027182503340999,1.4693614015056575,1.3368790964829491,2.0161516237255666
C:\Users\JackM\40xMBPCNP\40xN1N2N3N4lif\Pranlukast_0404.lif,Pranlukast_0404,7,Image 8,Pranlukast_0404_S8_Image_8,16,38771,23169,1,12611,20122,8679,97,303,79,7.2845188284518825,1.6875134878501445,3.07761598188479,2868.3380951166246,932.0,39098,1.6869399730394101,1.3221844675883532,956.2132034355964,723.2071067811866,12611,21274,1.8750621210615246,3.04966588955263,2775.195959492893,910.0,20122,37730,3.0629104735568613,1.9887829481306838,1507.4974746830583,758.0,8679,26583,159,1152.5,26.0,65.0,77.5,164.8127824914757,135.0,1.220835425862783,401.2574793758076,137.0,2.928886710772318,145.60652148865077,122.0,1.193496077775826,1.338135097607968,2.285651815375277,1.1336587831445106,1.229967475231291,3.027182503340999,1.4693614015056575,1.3368790964829491,2.0161516237255666
C:\Users\JackM\40xMBPCNP\40xN1N2N3N4lif\Pranlukast_0404.lif,Pranlukast_0404,7,Image 8,Pranlukast_0404_S8_Image_8,17,27975,21404,3,13810,922,20895,63,203,42,8.355263157894736,1.307138852550925,2.6552395546605974,2087.0182899632296,786.0,27978,1.587472845763939,2.3880775581548113,1685.9827560572967,706.0,13810,21923,5.039045553145336,0.6220378875754458,255.03553390593277,410.0,922,4646,1.3324240248863364,2.6054076662076393,2042.6396103067893,784.0,20895,27841,131,757.5,18.0,60.0,62.5,150.58913830557566,135.0,1.1154750985598196,191.29609544468548,137.0,1.396321864559748,172.02957645369705,122.0,1.4100784955221068,1.338135097607968,2.285651815375277,1.1336587831445106,1.229967475231291,3.027182503340999,1.4693614015056575,1.3368790964829491,2.0161516237255666
C:\Users\JackM\40xMBPCNP\40xN1N2N3N4lif\Pranlukast_0404.lif,Pranlukast_0404,7,Image 8,Pranlukast_0404_S8_Image_8,18,156270,135075,5,156270,7316,134954,127,470,133,13.634502923976608,1.219589117157135,2.7786770144182973,5279.486327394765,1900.0,164736,1.0640877967620144,1.0415567191926478,1985.2071067811867,1906.0,156270,166285,12.493985784581739,0.4794346710540217,804.4913780286485,1678.0,7316,91406,1.2192598959645509,2.7524328244021508,5229.622366364087,1900.0,134954,164544,301,1762.5,21.0,210.0,147.5,438.94379599411275,135.0,3.2514355258823167,496.9250956806998,137.0,3.6271904794211665,297.88202646827807,122.0,2.441655954658017,1.338135097607968,2.285651815375277,1.1336587831445106,1.229967475231291,3.027182503340999,1.4693614015056575,1.3368790964829491,2.0161516237255666
C:\Users\JackM\40xMBPCNP\40xN1N2N3N4lif\Pranlukast_0404.lif,Pranlukast_0404,7,Image 8,Pranlukast_0404_S8_Image_8,19,47539,27611,1,6726,27595,2032,93,347,104,7.234200743494424,1.9456738256491979,2.9783934290970384,3437.0660171779823,1154.0,53722,2.124739815640797,1.6864119894665597,961.2548339959391,570.0,6726,14291,1.9468019568762458,2.9785421057653694,3437.237590053236,1154.0,27595,53722,3.8046259842519685,1.375345759091159,618.9055915910216,450.0,2032,7731,245,1142.5,18.0,115.0,120.0,151.6806422836753,135.0,1.1235603132124097,379.2269251676028,137.0,2.7680797457489255,137.0123031496063,122.0,1.1230516651607074,1.338135097607968,2.285651815375277,1.1336587831445106,1.229967475231291,3.027182503340999,1.4693614015056575,1.3368790964829491,2.0161516237255666
C:\Users\JackM\40xMBPCNP\40xN1N2N3N4lif\Pranlukast_0404.lif,Pranlukast_0404,7,Image 8,Pranlukast_0404_S8_Image_8,20,124181,112498,1,124181,1320,112089,74,298,68,16.13131313131313,1.1578694732350798,2.210448401643695,3766.6040764008562,1704.0,130258,1.0514088306584743,1.0014167919966979,1706.414213562373,1704.0,124181,130565,39.217424242424244,0.3598967490385864,421.7989898732233,1172.0,1320,51767,1.1605242262844704,2.166926852515359,3683.7756492761105,1700.0,112089,130082,254,1372.5,37.0,215.0,125.0,604.924448989781,135.0,4.480921844368749,199.47651515151514,137.0,1.4560329573103294,410.7990257741616,122.0,3.3672051292964063,1.338135097607968,2.285651815375277,1.1336587831445106,1.229967475231291,3.027182503340999,1.4693614015056575,1.3368790964829491,2.0161516237255666
C:\Users\JackM\40xMBPCNP\40xN1N2N3N4lif\Pranlukast_0404.lif,Pranlukast_0404,7,Image 8,Pranlukast_0404_S8_Image_8,21,6313,4266,1,1313,4245,97,8,24,3,14.25,1.2688701359587435,1.2099909082355271,418.65685424949237,346.0,5413,2.235338918507235,1.2553415837275252,328.89949493661163,262.0,1313,2935,1.2219081272084806,1.2037857055707601,399.65685424949237,332.0,4245,5187,8.597938144329897,0.34464185503295963,62.03553390593274,180.0,97,834,62,122.5,11.0,40.0,27.5,148.66031987814165,135.0,1.101187554652901,269.4914016489988,137.0,1.9670905229853928,125.4639175257732,122.0,1.0283927666046984,1.338135097607968,2.285651815375277,1.1336587831445106,1.229967475231291,3.027182503340999,1.4693614015056575,1.3368790964829491,2.0161516237255666
C:\Users\JackM\40xMBPCNP\40xN1N2N3N4lif\Pranlukast_0404.lif,Pranlukast_0404,8,Image 9,Pranlukast_0404_S9_Image_9,1,33000,27645,1,20842,376,27645,28,88,22,14.771428571428572,1.1716042684029662,1.656179237376147,1377.9411254969543,832.0,32389,1.1700412628346608,1.139440384747844,836.3492424049175,734.0,20842,24386,4.446808510638298,0.4832417867047884,141.1066017177982,292.0,376,1672,1.1716042684029662,1.656179237376147,1377.9411254969543,832.0,27645,32389,224,512.5,6.0,10.0,110.0,161.33432492083293,134.0,1.203987499409201,178.88829787234042,132.0,1.3552143778207608,242.83591969614758,122.0,1.990458358165144,1.4117609572392278,2.709860847430381,1.1522498041111648,1.1106188161413846,7.868605632317266,0.7291358838717404,1.425042716491086,2.7092325677146545
C:\Users\JackM\40xMBPCNP\40xN1N2N3N4lif\Pranlukast_0404.lif,Pranlukast_0404,8,Image 9,Pranlukast_0404_S9_Image_9,2,20634,13485,1,264,13086,2837,25,138,49,8.1010101010101,1.4550982573229514,2.050028052625205,1447.3198051533946,706.0,19622,1.0265151515151516,1.0,70.0,70.0,264,271,1.4972489683631363,2.0401130384608988,1440.3198051533946,706.0,13086,19593,3.2636587945012336,1.1088535625574059,587.6923881554251,530.0,2837,9259,120,367.5,9.0,85.0,57.5,139.21212121212122,134.0,1.0388964269561285,550.1145499006572,132.0,4.167534468944372,136.95664434261545,122.0,1.122595445431274,1.4117609572392278,2.709860847430381,1.1522498041111648,1.1106188161413846,7.868605632317266,0.7291358838717404,1.425042716491086,2.7092325677146545
C:\Users\JackM\40xMBPCNP\40xN1N2N3N4lif\Pranlukast_0404.lif,Pranlukast_0404,8,Image 9,Pranlukast_0404_S9_Image_9,4,104867,104112,2,104867,2921,104112,8,16,1,55.76923076923077,1.0265387275242046,1.0444227701282087,1543.6568542494924,1478.0,106875,1.0213794616037457,1.0013513513513514,1482.0,1480.0,104867,107109,8.116056145155769,0.45642779331970984,465.55634918610406,1020.0,2921,23707,1.0265387275242046,1.0444227701282087,1543.6568542494924,1478.0,104112,106875,263,567.5,13.0,195.0,127.5,517.7488723812066,134.0,3.8637975550836314,252.41389934953784,132.0,1.9122265102237714,491.05065698478563,122.0,4.025005385121194,1.4117609572392278,2.709860847430381,1.1522498041111648,1.1106188161413846,7.868605632317266,0.7291358838717404,1.425042716491086,2.7092325677146545
C:\Users\JackM\40xMBPCNP\40xN1N2N3N4lif\Pranlukast_0404.lif,Pranlukast_0404,8,Image 9,Pranlukast_0404_S9_Image_9,5,89779,85531,2,89779,276,85531,33,97,15,29.38888888888889,1.1146134150191158,1.3998234447953302,1996.1482322781408,1426.0,95334,1.063444680827365,1.0378681626928472,1480.0,1426.0,89779,95475,22.097826086956523,0.2731130333470755,150.48528137423858,551.0,276,6099,1.1146134150191158,1.3998234447953302,1996.1482322781408,1426.0,85531,95334,230,752.5,24.0,165.0,112.5,600.7949186335335,134.0,4.483544168906966,196.64492753623188,132.0,1.489734299516908,389.068571629,122.0,3.1890866526967216,1.4117609572392278,2.709860847430381,1.1522498041111648,1.1106188161413846,7.868605632317266,0.7291358838717404,1.425042716491086,2.7092325677146545
C:\Users\JackM\40xMBPCNP\40xN1N2N3N4lif\Pranlukast_0404.lif,Pranlukast_0404,8,Image 9,Pranlukast_0404_S9_Image_9,6,128633,94165,0,128633,0,94165,177,665,188,10.25,1.557478893431742,4.419250842955808,7919.297510576808,1792.0,146660,1.1458490434025483,1.1740284876149312,2106.2071067811867,1794.0,128633,147394,,,0.0,0.0,0,0,1.557478893431742,4.419250842955808,7919.297510576808,1792.0,94165,146660,301,2752.5,27.0,120.0,147.5,257.27680299767553,134.0,1.919976141773698,133.796669594894,132.0,1.0136111332946516,214.4646099930972,122.0,1.757906639287682,1.4117609572392278,2.709860847430381,1.1522498041111648,1.1106188161413846,7.868605632317266,0.7291358838717404,1.425042716491086,2.7092325677146545
C:\Users\JackM\40xMBPCNP\40xN1N2N3N4lif\Pranlukast_0404.lif,Pranlukast_0404,8,Image 9,Pranlukast_0404_S9_Image_9,7,55373,45333,0,55373,82,45333,59,143,26,16.23728813559322,1.345245185626365,2.1227897153999056,2279.8761543394985,1074.0,60984,1.1214129629964062,1.1421310501659219,1247.2071067811867,1092.0,55373,62096,1.0853658536585367,0.9957106781186548,39.82842712474619,40.0,82,89,1.345245185626365,2.1227897153999056,2279.8761543394985,1074.0,45333,60984,196,862.5,28.0,125.0,95.0,246.98013472269878,134.0,1.8431353337514835,189.79268292682926,132.0,1.4378233555062823,259.7708953742307,122.0,2.1292696342150057,1.4117609572392278,2.709860847430381,1.1522498041111648,1.1106188161413846,7.868605632317266,0.7291358838717404,1.425042716491086,2.7092325677146545
C:\Users\JackM\40xMBPCNP\40xN1N2N3N4lif\Pranlukast_0404.lif,Pranlukast_0404,8,Image 9,Pranlukast_0404_S9_Image_9,8,216385,157183,2,216385,9,157183,353,1029,281,9.56763590391909,1.6469401907330945,4.385646766152915,11411.452885529885,2602.0,258871,1.1990849642997434,1.1418347353582348,2975.6213203435595,2606.0,216385,259464,1.1111111111111112,0.9008883476483185,7.207106781186548,8.0,9,10,1.6469401907330945,4.385646766152915,11411.452885529885,2602.0,157183,258871,416,4267.5,42.0,195.0,205.0,436.4444023384246,134.0,3.2570477786449596,197.22222222222223,132.0,1.4941077441077442,262.2934986607967,122.0,2.1499467103343988,1.4117609572392278,2.709860847430381,1.1522498041111648,1.1106188161413846,7.868605632317266,0.7291358838717404,1.425042716491086,2.7092325677146545
C:\Users\JackM\40xMBPCNP\40xN1N2N3N4lif\Pranlukast_0404.lif,Pranlukast_0404,8,Image 9,Pranlukast_0404_S9_Image_9,9,172726,135488,3,172726,4722,135390,154,476,112,14.111979166666666,1.6269558927727916,3.2493700655427036,7226.599025766973,2224.0,220433,1.2854521033312878,1.2513068222252794,2790.4142135623733,2230.0,172726,222031,23.12833545108005,0.6680620401821805,1088.9411254969543,1630.0,4722,109212,1.6281335401432897,3.2479120436510134,7223.356385079854,2224.0,135390,220433,353,2472.5,22.0,235.0,172.5,349.06874471706635,134.0,2.604990632216913,234.47543413807708,132.0,1.7763290465005839,251.6069650638895,122.0,2.062352172654832,1.4117609572392278,2.709860847430381,1.1522498041111648,1.1106188161413846,7.868605632317266,0.7291358838717404,1.425042716491086,2.7092325677146545
C:\Users\JackM\40xMBPCNP\40xN1N2N3N4lif\Pranlukast_0404.lif,Pranlukast_0404,8,Image 9,Pranlukast_0404_S9_Image_9,10,26351,22303,1,26351,13632,16888,29,146,42,11.656565656565656,1.4231269335963772,1.8611699991200077,1772.219300090006,952.2071067811866,31740,1.238890364692042,0.9819114812934762,954.6213203435597,972.2071067811866,26351,32646,1.5721097417840375,1.7925036863008308,1312.1126983722081,732.0,13632,21431,1.879441023211748,2.3655914690695687,2252.533008588991,952.2071067811866,16888,31740,175,562.5,11.0,65.0,73.39285714285714,230.5293157754924,134.0,1.7203680281753164,568.3449237089202,132.0,4.305643361431214,183.73513737565136,122.0,1.5060257161938637,1.4117609572392278,2.709860847430381,1.1522498041111648,1.1106188161413846,7.868605632317266,0.7291358838717404,1.425042716491086,2.7092325677146545
C:\Users\JackM\40xMBPCNP\40xN1N2N3N4lif\Pranlukast_0404.lif,Pranlukast_0404,8,Image 9,Pranlukast_0404_S9_Image_9,11,165167,138164,2,164597,2027,137856,100,404,109,15.018248175182482,1.3494687472858342,2.986319355799575,5960.693434175952,1996.0,186448,1.1424388050815022,1.1630579303388133,2314.4852813742386,1990.0,164597,188042,54.12826837691169,0.2890799137528686,482.7634559672906,1670.0,2027,109718,1.3524837511606314,2.9339038646454867,5856.072113832392,1996.0,137856,186448,319,2042.5,20.0,195.0,157.5,345.90846734752154,134.0,2.581406472742698,216.38825851011347,132.0,1.639304988712981,266.5125638347261,122.0,2.18452921176005,1.4117609572392278,2.709860847430381,1.1522498041111648,1.1106188161413846,7.868605632317266,0.7291358838717404,1.425042716491086,2.7092325677146545
C:\Users\JackM\40xMBPCNP\40xN1N2N3N4lif\Pranlukast_0404.lif,Pranlukast_0404,8,Image 9,Pranlukast_0404_S9_Image_9,12,42296,33275,0,42253,0,33275,75,223,65,10.815286624203821,1.3184372652141247,2.621454828022725,2542.8111831820434,970.0,43871,1.042908195867749,1.02880658436214,1000.0,972.0,42253,44066,,,0.0,0.0,0,0,1.3184372652141247,2.621454828022725,2542.8111831820434,970.0,33275,43871,279,900.0,12.0,35.0,137.5,214.58672756964003,134.0,1.6013934893256718,133.37661231155184,132.0,1.01042888114812,242.1582569496619,122.0,1.984903745489032,1.4117609572392278,2.709860847430381,1.1522498041111648,1.1106188161413846,7.868605632317266,0.7291358838717404,1.425042716491086,2.7092325677146545
C:\Users\JackM\40xMBPCNP\40xN1N2N3N4lif\Pranlukast_0404.lif,Pranlukast_0404,8,Image 9,Pranlukast_0404_S9_Image_9,13,40326,36536,0,40326,0,36536,19,53,7,25.641025641025642,1.1248905189402234,1.392620799380627,1353.6274169979695,972.0,41099,1.0301046471259236,1.0213351174861032,1015.2071067811866,994.0,40326,41540,,,0.0,0.0,0,0,1.1248905189402234,1.392620799380627,1353.6274169979695,972.0,36536,41099,174,482.5,11.0,110.0,85.0,278.19044785002234,134.0,2.0760481182837487,138.66899766899766,132.0,1.0505227096136187,255.3552386687103,122.0,2.0930757267927076,1.4117609572392278,2.709860847430381,1.1522498041111648,1.1106188161413846,7.868605632317266,0.7291358838717404,1.425042716491086,2.7092325677146545
C:\Users\JackM\40xMBPCNP\40xN1N2N3N4lif\Pranlukast_0404.lif,Pranlukast_0404,8,Image 9,Pranlukast_0404_S9_Image_9,15,110376,82022,1,110376,482,82005,112,314,71,13.680161943319838,1.439894174733608,2.774721319168564,4611.586832458153,1662.0,118103,1.0830524751757629,1.0585421956504646,1761.414213562373,1664.0,110376,119543,13.41908713692946,0.250472452558712,166.31370849898474,664.0,482,6468,1.4401926711785866,2.773517949734148,4609.586832458153,1662.0,82005,118103,280,1822.5,22.0,150.0,137.5,388.6002844821338,134.0,2.9000021230009985,180.59751037344398,132.0,1.3681629573745757,254.48962868117798,122.0,2.0859805629604753,1.4117609572392278,2.709860847430381,1.1522498041111648,1.1106188161413846,7.868605632317266,0.7291358838717404,1.425042716491086,2.7092325677146545
C:\Users\JackM\40xMBPCNP\40xN1N2N3N4lif\Pranlukast_0404.lif,Pranlukast_0404,8,Image 9,Pranlukast_0404_S9_Image_9,16,29123,13351,1,26888,311,13351,31,57,10,14.943396226415095,2.4888023369036025,1.8829800939395092,1835.9055915910214,975.0,33228,1.4223817316274918,1.0953895891137506,1115.1066017177982,1018.0,26888,38245,1.3183279742765273,1.1044974746830585,110.44974746830584,100.0,311,410,2.4888023369036025,1.8829800939395092,1835.9055915910214,975.0,13351,33228,162,642.5,18.0,85.0,77.5,216.74204105920856,134.0,1.6174779183523027,173.64308681672026,132.0,1.3154779304296988,176.69680173769754,122.0,1.4483344404729306,1.4117609572392278,2.709860847430381,1.1522498041111648,1.1106188161413846,7.868605632317266,0.7291358838717404,1.425042716491086,2.7092325677146545
C:\Users\JackM\40xMBPCNP\40xN1N2N3N4lif\Pranlukast_0404.lif,Pranlukast_0404,9,Image 10,Pranlukast_0404_S10_Image_10,3,55711,23180,1,0,23180,2655,68,251,59,9.531791907514451,2.8321829163071612,3.039164609612559,3507.195959492893,1154.0,65650,,,0.0,0.0,0,0,2.8321829163071612,3.039164609612559,3507.195959492893,1154.0,23180,65650,4.152165725047081,0.9583860571796409,512.9350288425444,535.2071067811866,2655,11024,201,1227.5,15.0,75.0,97.5,123.52010353753235,127.0,0.9725992404530106,350.1416307161346,135.0,2.5936417090084047,134.06591337099812,125.0,1.072527306967985,1.704140871989152,2.501784905985408,1.2853295720497195,1.5645406307962602,4.0837147852081195,1.4109242198581295,1.6246979379365523,2.4240080340804506
C:\Users\JackM\40xMBPCNP\40xN1N2N3N4lif\Pranlukast_0404.lif,Pranlukast_0404,9,Image 10,Pranlukast_0404_S10_Image_10,4,23075,4349,1,917,644,4066,25,41,9,8.805555555555555,2.880662221200276,1.292398091097595,747.0060966544099,578.0,12528,2.6793893129770994,1.088260981423494,311.2426406871193,286.0,917,2457,1.8990683229813665,0.9517331477651377,199.86396103067892,210.0,644,1223,2.6281357599606494,1.1850944451718914,670.7634559672906,566.0,4066,10686,197,327.5,5.0,120.0,110.6896551724138,145.40458015267177,127.0,1.1449179539580454,188.6723602484472,135.0,1.3975730388773866,143.11190359075258,125.0,1.1448952287260206,1.704140871989152,2.501784905985408,1.2853295720497195,1.5645406307962602,4.0837147852081195,1.4109242198581295,1.6246979379365523,2.4240080340804506
C:\Users\JackM\40xMBPCNP\40xN1N2N3N4lif\Pranlukast_0404.lif,Pranlukast_0404,9,Image 10,Pranlukast_0404_S10_Image_10,5,7608,2813,1,504,2762,570,13,50,8,5.636363636363637,1.5769640952719517,1.4143054973403286,482.27817459305203,341.0,4436,1.3194444444444444,1.010777739117737,113.20710678118655,112.0,504,665,1.606082548877625,1.4025752920617363,478.27817459305203,341.0,2762,4436,1.1087719298245613,1.0643491676891657,119.20710678118655,112.0,570,632,75,162.5,7.0,25.0,35.0,146.0654761904762,127.0,1.1501218597675291,231.5658942795076,135.0,1.7153029205889452,132.07719298245615,125.0,1.0566175438596492,1.704140871989152,2.501784905985408,1.2853295720497195,1.5645406307962602,4.0837147852081195,1.4109242198581295,1.6246979379365523,2.4240080340804506
C:\Users\JackM\40xMBPCNP\40xN1N2N3N4lif\Pranlukast_0404.lif,Pranlukast_0404,9,Image 10,Pranlukast_0404_S10_Image_10,6,43235,10733,1,0,8112,3823,37,149,41,8.64,4.463710053107239,2.0549790079966463,2383.77564927611,1160.0,47909,,,0.0,0.0,0,0,5.637204142011834,1.740736925858568,2019.254833995939,1160.0,8112,45729,4.275699712267852,1.0876878928755782,788.7989898732233,725.2071067811866,3823,16346,254,797.5,8.0,70.0,125.0,131.25025621913724,127.0,1.0334665844026554,199.98175542406312,135.0,1.4813463364745416,137.70023541721162,125.0,1.1016018833376928,1.704140871989152,2.501784905985408,1.2853295720497195,1.5645406307962602,4.0837147852081195,1.4109242198581295,1.6246979379365523,2.4240080340804506
C:\Users\JackM\40xMBPCNP\40xN1N2N3N4lif\Pranlukast_0404.lif,Pranlukast_0404,9,Image 10,Pranlukast_0404_S10_Image_10,8,34413,18063,0,20765,0,18063,67,199,79,7.2317073170731705,1.9164036981675248,2.6183802307821726,2555.5391052434006,976.0,34616,1.6570190223934504,1.752500614959482,1685.9055915910217,962.0,20765,34408,,,0.0,0.0,0,0,1.9164036981675248,2.6183802307821726,2555.5391052434006,976.0,18063,34616,181,912.5,15.0,55.0,87.5,175.8129063327715,127.0,1.384353593171429,134.55862580757812,135.0,0.9967305615376157,175.50008304268394,125.0,1.4040006643414715,1.704140871989152,2.501784905985408,1.2853295720497195,1.5645406307962602,4.0837147852081195,1.4109242198581295,1.6246979379365523,2.4240080340804506
C:\Users\JackM\40xMBPCNP\40xN1N2N3N4lif\Pranlukast_0404.lif,Pranlukast_0404,9,Image 10,Pranlukast_0404_S10_Image_10,9,21267,2402,1,0,1378,1027,38,47,26,5.188679245283019,6.391340549542048,1.3749068441407506,868.9411254969543,632.0,15352,,,0.0,0.0,0,0,6.962989840348331,0.7538071099482822,410.0710678118655,544.0,1378,9595,5.136319376825706,1.2327580566598983,462.2842712474619,375.0,1027,5275,157,337.5,7.0,70.0,75.0,131.2751873438801,127.0,1.0336628924714968,193.1364296081277,135.0,1.4306402193194645,137.94547224926973,125.0,1.1035637779941578,1.704140871989152,2.501784905985408,1.2853295720497195,1.5645406307962602,4.0837147852081195,1.4109242198581295,1.6246979379365523,2.4240080340804506
C:\Users\JackM\40xMBPCNP\40xN1N2N3N4lif\Pranlukast_0404.lif,Pranlukast_0404,9,Image 10,Pranlukast_0404_S10_Image_10,10,15350,8451,0,8147,0,8451,29,92,23,8.555555555555555,1.7615666784995858,2.3977533196016743,1328.3553390593274,554.0,14887,1.8129372775254695,1.6959500887835812,939.556349186104,554.0,8147,14770,,,0.0,0.0,0,0,1.7615666784995858,2.3977533196016743,1328.3553390593274,554.0,8451,14887,98,427.5,14.0,60.0,45.0,164.52632870995458,127.0,1.2954829032279889,131.91927110922768,135.0,0.9771797859942791,163.0091113477695,125.0,1.304072890782156,1.704140871989152,2.501784905985408,1.2853295720497195,1.5645406307962602,4.0837147852081195,1.4109242198581295,1.6246979379365523,2.4240080340804506
C:\Users\JackM\40xMBPCNP\40xN1N2N3N4lif\Pranlukast_0404.lif,Pranlukast_0404,9,Image 10,Pranlukast_0404_S10_Image_10,11,71023,65550,2,50561,963,65539,32,126,17,21.658823529411766,1.1913348588863464,1.4958916474607757,2016.4619407771256,1348.0,78092,1.308637091829671,1.5953540796003554,1987.811183182043,1246.0,50561,66166,13.191069574247145,0.6433803999488916,411.7634559672906,640.0,963,12703,1.1915348113337096,1.494407967935553,2014.4619407771256,1348.0,65539,78092,194,797.5,16.0,150.0,95.0,182.40952512806314,127.0,1.436295473449316,191.06542056074767,135.0,1.4152994115610937,333.0862845023574,125.0,2.664690276018859,1.704140871989152,2.501784905985408,1.2853295720497195,1.5645406307962602,4.0837147852081195,1.4109242198581295,1.6246979379365523,2.4240080340804506
C:\Users\JackM\40xMBPCNP\40xN1N2N3N4lif\Pranlukast_0404.lif,Pranlukast_0404,9,Image 10,Pranlukast_0404_S10_Image_10,12,87728,71587,2,84829,6870,70340,103,361,99,10.431818181818182,1.3463617695950383,2.7351486290445473,3965.965512114594,1450.0,96382,1.088849332185927,1.2731066017177983,1782.3492424049177,1400.0,84829,92366,5.076128093158661,1.6688620902480253,1728.9411254969543,1036.0,6870,34873,1.3687375604208132,2.6353843784022506,3816.036579926459,1448.0,70340,96277,383,1280.0,9.0,105.0,190.0,285.23987079890134,127.0,2.2459832346370185,198.95298398835516,135.0,1.4737258073211492,290.6720642593119,125.0,2.3253765140744953,1.704140871989152,2.501784905985408,1.2853295720497195,1.5645406307962602,4.0837147852081195,1.4109242198581295,1.6246979379365523,2.4240080340804506
C:\Users\JackM\40xMBPCNP\40xN1N2N3N4lif\Pranlukast_0404.lif,Pranlukast_0404,9,Image 10,Pranlukast_0404_S10_Image_10,13,14348,4776,1,601,0,4776,6,28,8,13.944444444444445,1.8511306532663316,1.469247755364003,662.9350288425444,451.20710678118655,8841,1.1447587354409319,0.9885070947511958,154.20710678118655,156.0,601,688,,,0.0,0.0,0,0,1.8511306532663316,1.469247755364003,662.9350288425444,451.20710678118655,4776,8841,86,217.5,6.0,50.0,40.0,150.74542429284526,127.0,1.1869718448255533,153.98618090452263,135.0,1.140638377070538,138.97319932998326,125.0,1.111785594639866,1.704140871989152,2.501784905985408,1.2853295720497195,1.5645406307962602,4.0837147852081195,1.4109242198581295,1.6246979379365523,2.4240080340804506
C:\Users\JackM\40xMBPCNP\40xN1N2N3N4lif\Pranlukast_0404.lif,Pranlukast_0404,9,Image 10,Pranlukast_0404_S10_Image_10,14,8127,2411,1,0,378,2170,15,27,5,8.166666666666666,2.3952716715055993,1.5332924094377696,570.3847763108503,372.0,5775,,,0.0,0.0,0,0,1.216931216931217,1.031903559372885,123.82842712474618,120.0,378,460,2.3096774193548386,1.3910095999091405,500.7634559672906,360.0,2170,5012,74,267.5,11.0,60.0,35.0,127.88842803815844,127.0,1.0069954963634522,186.03968253968253,135.0,1.378071722516167,154.9110599078341,125.0,1.2392884792626728,1.704140871989152,2.501784905985408,1.2853295720497195,1.5645406307962602,4.0837147852081195,1.4109242198581295,1.6246979379365523,2.4240080340804506
C:\Users\JackM\40xMBPCNP\40xN1N2N3N4lif\Pranlukast_0404.lif,Pranlukast_0404,9,Image 10,Pranlukast_0404_S10_Image_10,16,67648,46571,1,6615,2356,46571,113,380,141,9.420529801324504,1.5115629898434648,3.857914992813763,4922.699530830361,1276.0,70395,3.013000755857899,1.4350026373838052,1024.5918830920368,714.0,6615,19931,2.0526315789473686,1.2629593626489408,421.8284271247462,334.0,2356,4836,1.5115629898434648,3.857914992813763,4922.699530830361,1276.0,46571,70395,192,1667.5,26.0,160.0,92.5,152.2161753590325,127.0,1.1985525618821455,226.5581494057725,135.0,1.6782085141168332,193.58182130510403,125.0,1.5486545704408323,1.704140871989152,2.501784905985408,1.2853295720497195,1.5645406307962602,4.0837147852081195,1.4109242198581295,1.6246979379365523,2.4240080340804506
C:\Users\JackM\40xMBPCNP\40xN1N2N3N4lif\Pranlukast_0404.lif,Pranlukast_0404,9,Image 10,Pranlukast_0404_S10_Image_10,17,8561,6074,2,1109,4226,5272,14,51,8,8.311111111111112,1.4170233783338821,1.7340366255149067,731.7634559672906,422.0,8607,1.7240757439134355,1.1719889270395027,283.62132034355966,242.0,1109,1912,1.9098438239469948,1.9148908467052048,788.9350288425444,412.0,4226,8071,1.5660091047040972,1.5917723271596158,671.7279220613578,422.0,5272,8256,77,297.5,15.0,60.0,35.0,144.90802524797115,127.0,1.1410080728186704,259.25698059630855,135.0,1.9204220784911745,148.84996206373293,125.0,1.1907996965098635,1.704140871989152,2.501784905985408,1.2853295720497195,1.5645406307962602,4.0837147852081195,1.4109242198581295,1.6246979379365523,2.4240080340804506
C:\Users\JackM\40xMBPCNP\40xN1N2N3N4lif\Pranlukast_0404.lif,Pranlukast_0404,9,Image 10,Pranlukast_0404_S10_Image_10,18,166989,127109,3,153604,8155,126987,261,732,194,9.872193436960277,1.4378840208010448,3.8695019113672338,7615.179761570716,1968.0,182768,1.0635335017317258,1.3534750817950731,2441.669047558312,1804.0,153604,163363,11.570324954015941,0.6762902131553854,1168.7695526217005,1728.2071067811867,8155,94356,1.4392654366194966,3.8443930630123693,7565.765548008343,1968.0,126987,182768,302,2952.5,40.0,200.0,147.5,329.9159982812948,127.0,2.597763765994447,273.2522378908645,135.0,2.0240906510434407,301.03829525856975,125.0,2.408306362068558,1.704140871989152,2.501784905985408,1.2853295720497195,1.5645406307962602,4.0837147852081195,1.4109242198581295,1.6246979379365523,2.4240080340804506
C:\Users\JackM\40xMBPCNP\40xN1N2N3N4lif\Pranlukast_0404.lif,Pranlukast_0404,9,Image 10,Pranlukast_0404_S10_Image_10,19,26432,17834,0,0,14132,13800,37,110,20,10.771084337349398,1.480262420096445,1.680596256757491,1297.420310216783,772.0,26399,,,0.0,0.0,0,0,1.4534390036795923,1.451537863509911,1030.5918830920368,710.0,14132,20540,1.8328985507246376,2.2783802022543798,1727.0121933088199,758.0,13800,25294,214,520.0,9.0,15.0,105.0,128.4809913648088,127.0,1.0116613493292033,511.79047551655816,135.0,3.791040559381912,158.72833333333332,125.0,1.2698266666666667,1.704140871989152,2.501784905985408,1.2853295720497195,1.5645406307962602,4.0837147852081195,1.4109242198581295,1.6246979379365523,2.4240080340804506
C:\Users\JackM\40xMBPCNP\40xN1N2N3N4lif\Pranlukast_0404.lif,Pranlukast_0404,9,Image 10,Pranlukast_0404_S10_Image_10,20,32513,16270,1,0,251,16270,106,308,80,6.126016260162602,2.0288875230485557,3.3135825904680125,2816.545201897811,850.0,33010,,,0.0,0.0,0,0,5.2151394422310755,0.4743117992764057,98.65685424949238,208.0,251,1309,2.0288875230485557,3.3135825904680125,2816.545201897811,850.0,16270,33010,137,1032.5,18.0,65.0,65.0,132.19557467732022,127.0,1.0409100368292932,185.31075697211156,135.0,1.372672273867493,148.48438844499077,125.0,1.187875107559926,1.704140871989152,2.501784905985408,1.2853295720497195,1.5645406307962602,4.0837147852081195,1.4109242198581295,1.6246979379365523,2.4240080340804506
C:\Users\JackM\40xMBPCNP\40xN1N2N3N4lif\Pranlukast_0404.lif,Pranlukast_0404,9,Image 10,Pranlukast_0404_S10_Image_10,21,23513,3228,2,0,212,3223,26,18,2,9.148148148148149,5.027571251548947,1.0188760049079948,713.2132034355964,700.0,16229,,,0.0,0.0,0,0,2.6745283018867925,0.4601015254455221,64.41421356237309,140.0,212,567,5.035370772572138,1.017151566649157,712.0060966544099,700.0,3223,16229,182,300.0,7.0,135.0,98.4,127.01889714993804,127.0,1.000148796456205,188.6320754716981,135.0,1.3972746331236896,135.4641638225256,125.0,1.0837133105802048,1.704140871989152,2.501784905985408,1.2853295720497195,1.5645406307962602,4.0837147852081195,1.4109242198581295,1.6246979379365523,2.4240080340804506
C:\Users\JackM\40xMBPCNP\40xN1N2N3N4lif\Pranlukast_0404.lif,Pranlukast_0404,9,Image 10,Pranlukast_0404_S10_Image_10,22,22968,9478,1,0,0,9478,48,80,16,8.44,2.360097066891749,2.1824078736978323,1575.698484809835,722.0,22369,,,0.0,0.0,0,0,,,0.0,0.0,0,0,2.360097066891749,2.1824078736978323,1575.698484809835,722.0,9478,22369,222,607.5,11.0,95.0,118.64864864864865,128.90525427305337,127.0,1.0150020021500266,149.42181894914538,135.0,1.106828288512188,146.7920447351762,125.0,1.1743363578814097,1.704140871989152,2.501784905985408,1.2853295720497195,1.5645406307962602,4.0837147852081195,1.4109242198581295,1.6246979379365523,2.4240080340804506
C:\Users\JackM\40xMBPCNP\40xN1N2N3N4lif\Pranlukast_0404.lif,Pranlukast_0404,9,Image 10,Pranlukast_0404_S10_Image_10,23,17663,4180,1,0,1090,3683,53,73,16,5.075,3.721291866028708,1.6243387824777085,987.5979797464468,608.0,15555,,,0.0,0.0,0,0,1.2522935779816513,0.9634122975687395,173.4142135623731,180.0,1090,1365,4.210697800705947,1.5266180364869633,928.1837661840736,608.0,3683,15508,178,432.5,7.0,120.0,87.0,132.8767942583732,127.0,1.0462739705383717,231.0651376146789,135.0,1.7115936119605843,142.54113494433886,125.0,1.140329079554711,1.704140871989152,2.501784905985408,1.2853295720497195,1.5645406307962602,4.0837147852081195,1.4109242198581295,1.6246979379365523,2.4240080340804506
C:\Users\JackM\40xMBPCNP\40xN1N2N3N4lif\Pranlukast_0404.lif,Pranlukast_0404,9,Image 10,Pranlukast_0404_S10_Image_10,24,36974,24476,1,884,197,24476,53,204,53,9.972602739726028,1.5771776434057854,2.8404759881886155,2533.704581464245,892.0,38603,7.131221719457014,0.7530983691013791,319.31370849898474,424.0,884,6304,1.2741116751269035,1.17003667620999,84.24264068711929,72.0,197,251,1.5771776434057854,2.8404759881886155,2533.704581464245,892.0,24476,38603,156,772.5,16.0,85.0,75.0,148.51357466063348,127.0,1.1693982256742794,177.9543147208122,135.0,1.3181801090430534,171.95652884458244,125.0,1.3756522307566594,1.704140871989152,2.501784905985408,1.2853295720497195,1.5645406307962602,4.0837147852081195,1.4109242198581295,1.6246979379365523,2.4240080340804506
C:\Users\JackM\40xMBPCNP\40xN1N2N3N4lif\Pranlukast_0404.lif,Pranlukast_0404,9,Image 10,Pranlukast_0404_S10_Image_10,25,36058,19591,1,209,9,19591,42,223,65,8.965277777777779,1.8713184625593384,2.6621833366966627,2337.39696961967,878.0,36661,1.1770334928229664,0.9909898497862109,87.20710678118655,88.0,209,246,2.111111111111111,0.5327081867737162,7.035533905932738,13.207106781186548,9,19,1.8713184625593384,2.6621833366966627,2337.39696961967,878.0,19591,36661,145,757.5,15.0,95.0,70.0,134.2200956937799,127.0,1.0568511471951174,162.11111111111111,135.0,1.2008230452674897,166.24628656015517,125.0,1.3299702924812413,1.704140871989152,2.501784905985408,1.2853295720497195,1.5645406307962602,4.0837147852081195,1.4109242198581295,1.6246979379365523,2.4240080340804506
C:\Users\JackM\40xMBPCNP\40xN1N2N3N4lif\Pranlukast_0404.lif,Pranlukast_0404,9,Image 10,Pranlukast_0404_S10_Image_10,26,14117,8948,1,0,0,8948,30,79,15,9.80952380952381,1.5875055878408584,2.3036611536139624,1257.7989898732235,546.0,14205,,,0.0,0.0,0,0,,,0.0,0.0,0,0,1.5875055878408584,2.3036611536139624,1257.7989898732235,546.0,8948,14205,97,492.5,14.0,50.0,45.0,125.15198927134556,127.0,0.9854487344200438,138.7421770227984,135.0,1.0277198297985066,157.03050961108627,125.0,1.2562440768886902,1.704140871989152,2.501784905985408,1.2853295720497195,1.5645406307962602,4.0837147852081195,1.4109242198581295,1.6246979379365523,2.4240080340804506
C:\Users\JackM\40xMBPCNP\40xN1N2N3N4lif\Pranlukast_0404.lif,Pranlukast_0404,9,Image 10,Pranlukast_0404_S10_Image_10,27,30522,18851,0,7762,0,18851,63,203,72,8.129251700680273,1.6052729298180468,3.058685361662959,2416.3614357137376,790.0,30261,3.3515846431332132,2.4460219202669564,1858.976659402887,760.0,7762,26015,,,0.0,0.0,0,0,1.6052729298180468,3.058685361662959,2416.3614357137376,790.0,18851,30261,189,780.0,13.0,115.0,92.5,148.50296315382633,127.0,1.1693146705025694,131.6045179764556,135.0,0.9748482813070786,173.07776775767863,125.0,1.384622142061429,1.704140871989152,2.501784905985408,1.2853295720497195,1.5645406307962602,4.0837147852081195,1.4109242198581295,1.6246979379365523,2.4240080340804506
C:\Users\JackM\40xMBPCNP\40xN1N2N3N4lif\Pranlukast_0404.lif,Pranlukast_0404,9,Image 10,Pranlukast_0404_S10_Image_10,28,23556,12577,0,15146,18,12577,54,167,47,7.333333333333333,1.8141051125069572,2.9727767512456795,2152.290367901872,724.0,22816,1.4986795193450415,2.5245165149768916,1832.7989898732233,726.0,15146,22699,1.2222222222222223,0.5575296614407077,10.035533905932738,18.0,18,22,1.8141051125069572,2.9727767512456795,2152.290367901872,724.0,12577,22816,121,747.5,14.0,40.0,57.5,163.42730753994454,127.0,1.2868291932279097,201.94444444444446,135.0,1.4958847736625516,152.12347936709867,125.0,1.2169878349367893,1.704140871989152,2.501784905985408,1.2853295720497195,1.5645406307962602,4.0837147852081195,1.4109242198581295,1.6246979379365523,2.4240080340804506
