lif_path,lif_name,scene_idx,series_name,base_name,cell_id,cellpose_area_px,cell_area_px,num_nuclei,mbp_area_px,pdgfra_area_px,cnp_area_px,num_proc,num_branch3_px,num_branch4_px,avg_segment_len_px,area_ratio_union,perimeter_ratio_union,cell_perimeter_union_px,hull_perimeter_union_px,hull_area_union_px,area_ratio_mbp,perimeter_ratio_mbp,cell_perimeter_mbp_px,hull_perimeter_mbp_px,cell_area_mbp_px,hull_area_mbp_px,area_ratio_pdgfra,perimeter_ratio_pdgfra,cell_perimeter_pdgfra_px,hull_perimeter_pdgfra_px,cell_area_pdgfra_px,hull_area_pdgfra_px,area_ratio_cnp,perimeter_ratio_cnp,cell_perimeter_cnp_px,hull_perimeter_cnp_px,cell_area_cnp_px,hull_area_cnp_px,max_r_px,AUC,Imax,Rmax_px,CriticalValue,mbp_mean_in,mbp_mean_bg,mbp_int_ratio,pdg_mean_in,pdg_mean_bg,pdg_int_ratio,cnp_mean_in,cnp_mean_bg,cnp_int_ratio,scene_area_ratio_union,scene_perimeter_ratio_union,scene_area_ratio_mbp,scene_perimeter_ratio_mbp,scene_area_ratio_pdgfra,scene_perimeter_ratio_pdgfra,scene_area_ratio_cnp,scene_perimeter_ratio_cnp
C:\Users\JackM\40xMBPCNP\40xN1N2N3N4lif\Pranlukast_0606.lif,Pranlukast_0606,0,Image 1,Pranlukast_0606_S1_Image_1,2,12377,9543,4,12377,796,9084,17,120,54,6.790123456790123,1.3397254532117782,1.9198336635868982,956.0771644662753,498.0,12785,1.0576068514179526,1.0358565737051793,520.0,502.0,12377,13090,7.005025125628141,0.8551392610770352,323.2426406871193,378.0,796,5576,1.4025759577278731,1.7422950821363499,867.6629509039022,498.0,9084,12741,90,317.5,10.0,55.0,42.5,197.26371495515878,127.0,1.5532575980721164,183.48366834170855,139.0,1.3200263909475436,143.63143989431967,107.0,1.3423499055543895,2.1038548052956223,2.5374931622892962,1.1830049706762036,1.2515290813639262,4.741312974987247,1.2979185791331518,2.094693437036255,2.635829630877369
C:\Users\JackM\40xMBPCNP\40xN1N2N3N4lif\Pranlukast_0606.lif,Pranlukast_0606,0,Image 1,Pranlukast_0606_S1_Image_1,3,22997,2368,1,9541,2229,139,28,34,12,8.028571428571428,5.9581925675675675,1.2002999615435879,739.3847763108502,616.0,14109,1.9020018865946966,1.366325567337691,855.3198051533947,626.0,9541,18147,5.172274562584119,1.2347734867229545,656.8994949366117,532.0,2229,11529,1.8129496402877698,1.0998037516565145,82.48528137423858,75.0,139,252,194,300.0,5.0,70.0,97.20588235294117,146.63735457499214,127.0,1.1546248391731664,220.74831763122475,139.0,1.5881173930303938,129.33812949640287,107.0,1.2087675653869427,2.1038548052956223,2.5374931622892962,1.1830049706762036,1.2515290813639262,4.741312974987247,1.2979185791331518,2.094693437036255,2.635829630877369
C:\Users\JackM\40xMBPCNP\40xN1N2N3N4lif\Pranlukast_0606.lif,Pranlukast_0606,0,Image 1,Pranlukast_0606_S1_Image_1,5,112515,53638,3,112509,5985,52144,198,622,153,8.280590717299578,2.4102501957567397,3.6759543448853287,6616.717820793591,1800.0,129281,1.1673377240931837,1.0715775046994365,1952.414213562373,1822.0,112509,131336,7.868170426065163,0.7284656544011401,845.8994949366117,1161.2071067811867,5985,47091,2.479307302853636,3.621243686707646,6518.238636073763,1800.0,52144,129281,482,2467.5,16.0,85.0,242.2826086956522,200.26561430641104,127.0,1.5768946008378821,281.65998329156224,139.0,2.0263308150472104,141.6460954280454,107.0,1.3237952843742562,2.1038548052956223,2.5374931622892962,1.1830049706762036,1.2515290813639262,4.741312974987247,1.2979185791331518,2.094693437036255,2.635829630877369
C:\Users\JackM\40xMBPCNP\40xN1N2N3N4lif\Pranlukast_0606.lif,Pranlukast_0606,0,Image 1,Pranlukast_0606_S1_Image_1,6,9852,3229,1,7922,1,3228,24,60,16,5.910714285714286,2.2966862805822235,1.896388246640793,724.4203102167829,382.0,7416,1.1747033577379449,1.3240270748965557,564.0355339059328,426.0,7922,9306,1.0,,0.0,0.0,1,1,2.2973977695167287,1.896388246640793,724.4203102167829,382.0,3228,7416,75,245.0,11.0,40.0,35.0,165.57031052764452,127.0,1.303703232501138,175.0,139.0,1.2589928057553956,129.37608426270137,107.0,1.2091222828289847,2.1038548052956223,2.5374931622892962,1.1830049706762036,1.2515290813639262,4.741312974987247,1.2979185791331518,2.094693437036255,2.635829630877369
C:\Users\JackM\40xMBPCNP\40xN1N2N3N4lif\Pranlukast_0606.lif,Pranlukast_0606,0,Image 1,Pranlukast_0606_S1_Image_1,8,3370,2540,0,3363,175,2540,10,22,1,10.941176470588236,1.2586614173228345,1.2627300703643514,371.2426406871193,294.0,3197,1.0612548319952424,1.0254044011451988,307.62132034355966,300.0,3363,3569,2.525714285714286,0.8310383051124827,91.41421356237309,110.0,175,442,1.2586614173228345,1.2627300703643514,371.2426406871193,294.0,2540,3197,63,102.5,4.0,30.0,27.5,181.28218852215284,127.0,1.4274188072610459,166.59428571428572,139.0,1.1985200411099692,132.88188976377953,107.0,1.2418868202222386,2.1038548052956223,2.5374931622892962,1.1830049706762036,1.2515290813639262,4.741312974987247,1.2979185791331518,2.094693437036255,2.635829630877369
C:\Users\JackM\40xMBPCNP\40xN1N2N3N4lif\Pranlukast_0606.lif,Pranlukast_0606,0,Image 1,Pranlukast_0606_S1_Image_1,9,28879,9086,4,418,9086,0,28,71,17,10.827586206896552,3.445410521681708,1.6542908968576477,1409.455844122716,852.0,31305,11.473684210526315,0.39921711784636466,160.48528137423858,402.0,418,4796,3.445410521681708,1.6542908968576477,1409.455844122716,852.0,9086,31305,,,0.0,0.0,0,0,163,452.5,8.0,90.0,80.0,138.10047846889952,127.0,1.0874053422747993,236.75896984371562,139.0,1.703301941321695,111.6147549811524,107.0,1.0431285512257233,2.1038548052956223,2.5374931622892962,1.1830049706762036,1.2515290813639262,4.741312974987247,1.2979185791331518,2.094693437036255,2.635829630877369
C:\Users\JackM\40xMBPCNP\40xN1N2N3N4lif\Pranlukast_0606.lif,Pranlukast_0606,0,Image 1,Pranlukast_0606_S1_Image_1,10,21032,6347,3,4754,6347,0,27,64,17,7.7254901960784315,1.9653379549393415,1.5207875664621846,815.142135623731,536.0,12474,2.785864535128313,2.267735754871092,1299.8822509939087,573.2071067811866,4754,13244,1.9653379549393415,1.5207875664621846,815.142135623731,536.0,6347,12474,,,0.0,0.0,0,0,97,307.5,12.0,45.0,45.0,138.8496003365587,127.0,1.0933039396579425,413.2046636206082,139.0,2.972695421730994,113.58502660861151,107.0,1.0615423047533787,2.1038548052956223,2.5374931622892962,1.1830049706762036,1.2515290813639262,4.741312974987247,1.2979185791331518,2.094693437036255,2.635829630877369
C:\Users\JackM\40xMBPCNP\40xN1N2N3N4lif\Pranlukast_0606.lif,Pranlukast_0606,0,Image 1,Pranlukast_0606_S1_Image_1,11,17982,3800,2,0,3800,0,27,55,12,9.977777777777778,3.9839473684210525,1.809410156674828,1190.5918830920368,658.0,15139,,,0.0,0.0,0,0,3.9839473684210525,1.809410156674828,1190.5918830920368,658.0,3800,15139,,,0.0,0.0,0,0,114,452.5,8.0,40.0,55.0,132.8571052631579,127.0,1.0461189390799834,193.86973684210525,139.0,1.3947463082165845,110.62421052631579,107.0,1.0338711264141662,2.1038548052956223,2.5374931622892962,1.1830049706762036,1.2515290813639262,4.741312974987247,1.2979185791331518,2.094693437036255,2.635829630877369
C:\Users\JackM\40xMBPCNP\40xN1N2N3N4lif\Pranlukast_0606.lif,Pranlukast_0606,0,Image 1,Pranlukast_0606_S1_Image_1,13,8254,3039,1,0,3039,0,14,24,4,9.681818181818182,1.7064823955248436,1.3357326271914924,475.5208152801713,356.0,5186,,,0.0,0.0,0,0,1.7064823955248436,1.3357326271914924,475.5208152801713,356.0,3039,5186,,,0.0,0.0,0,0,139,157.5,2.0,20.0,67.5,127.15465613688714,127.0,1.001217764857379,253.6762092793682,139.0,1.8250086998515698,109.61599210266534,107.0,1.0244485243239752,2.1038548052956223,2.5374931622892962,1.1830049706762036,1.2515290813639262,4.741312974987247,1.2979185791331518,2.094693437036255,2.635829630877369
C:\Users\JackM\40xMBPCNP\40xN1N2N3N4lif\Pranlukast_0606.lif,Pranlukast_0606,0,Image 1,Pranlukast_0606_S1_Image_1,15,19207,6891,1,4360,6891,0,17,25,3,16.807692307692307,2.1365549267160064,1.6808618735007268,948.0060966544099,564.0,14723,3.6105504587155965,2.282670278702967,1406.1248916810277,616.0,4360,15742,2.1365549267160064,1.6808618735007268,948.0060966544099,564.0,6891,14723,,,0.0,0.0,0,0,103,382.5,11.0,70.0,47.5,138.73967889908258,127.0,1.0924384165282093,335.4862864606008,139.0,2.4135704061913725,110.90973557692308,107.0,1.0365395848310568,2.1038548052956223,2.5374931622892962,1.1830049706762036,1.2515290813639262,4.741312974987247,1.2979185791331518,2.094693437036255,2.635829630877369
C:\Users\JackM\40xMBPCNP\40xN1N2N3N4lif\Pranlukast_0606.lif,Pranlukast_0606,0,Image 1,Pranlukast_0606_S1_Image_1,16,21404,3309,1,21139,2212,1105,29,27,4,8.774193548387096,4.8268359020852225,1.3129203500175568,811.3847763108502,618.0,15972,1.0775344150622073,1.1326541397026768,806.4497474683059,712.0,21139,22778,2.4371609403254975,1.3686729540169507,479.03553390593277,350.0,2212,5391,12.214479638009049,0.5504493034460577,340.17766952966366,618.0,1105,13497,211,362.5,6.0,70.0,86.6,149.22091868111073,127.0,1.1749678636307932,197.43987341772151,139.0,1.420430744012385,130.2552036199095,107.0,1.2173383515879392,2.1038548052956223,2.5374931622892962,1.1830049706762036,1.2515290813639262,4.741312974987247,1.2979185791331518,2.094693437036255,2.635829630877369
C:\Users\JackM\40xMBPCNP\40xN1N2N3N4lif\Pranlukast_0606.lif,Pranlukast_0606,0,Image 1,Pranlukast_0606_S1_Image_1,17,101043,46910,2,101043,2820,45573,155,511,180,8.12718204488778,2.464591771477297,3.1786859011779343,5689.8477631085025,1790.0,115614,1.1764397335787733,1.0237048500242267,1840.6213203435595,1798.0,101043,118871,22.68404255319149,0.7165527674052892,993.1421356237308,1386.0,2820,63969,2.4826980887806376,3.07134569788972,5362.569588515451,1746.0,45573,113144,263,2122.5,32.0,125.0,130.0,255.92354740061162,127.0,2.015146042524501,185.8709219858156,139.0,1.3372008775957958,160.196739297391,107.0,1.497165787826084,2.1038548052956223,2.5374931622892962,1.1830049706762036,1.2515290813639262,4.741312974987247,1.2979185791331518,2.094693437036255,2.635829630877369
C:\Users\JackM\40xMBPCNP\40xN1N2N3N4lif\Pranlukast_0606.lif,Pranlukast_0606,0,Image 1,Pranlukast_0606_S1_Image_1,19,28490,7639,1,28365,6335,2851,43,90,10,8.52112676056338,3.099751276345071,1.8482505053858935,1382.4913780286483,748.0,23679,1.0425524413890357,1.1650366748166259,953.0,818.0,28365,29572,3.216416732438832,1.6637526447921867,1184.5918830920368,712.0,6335,20376,2.4296737986671344,1.275357351374811,595.5918830920368,467.0,2851,6927,137,487.5,9.0,50.0,65.0,146.5670368411775,127.0,1.154071156229744,246.16716653512233,139.0,1.7709868096051966,130.622939319537,107.0,1.2207751338274486,2.1038548052956223,2.5374931622892962,1.1830049706762036,1.2515290813639262,4.741312974987247,1.2979185791331518,2.094693437036255,2.635829630877369
C:\Users\JackM\40xMBPCNP\40xN1N2N3N4lif\Pranlukast_0606.lif,Pranlukast_0606,0,Image 1,Pranlukast_0606_S1_Image_1,21,10968,3759,2,0,3759,0,9,7,2,14.11111111111111,1.3745677041766426,0.9881489406953018,347.8284271247462,352.0,5167,,,0.0,0.0,0,0,1.3745677041766426,0.9881489406953018,347.8284271247462,352.0,3759,5167,,,0.0,0.0,0,0,76,122.5,7.0,35.0,34.166666666666664,130.08725724926842,127.0,1.024309112198964,370.2146847565842,139.0,2.663414998248807,113.17877094972067,107.0,1.0577455228945858,2.1038548052956223,2.5374931622892962,1.1830049706762036,1.2515290813639262,4.741312974987247,1.2979185791331518,2.094693437036255,2.635829630877369
C:\Users\JackM\40xMBPCNP\40xN1N2N3N4lif\Pranlukast_0606.lif,Pranlukast_0606,0,Image 1,Pranlukast_0606_S1_Image_1,22,106144,54664,5,106144,16733,46299,175,606,198,8.302222222222222,1.8755305136835942,3.6624107986963885,5625.462986797653,1536.0,102524,1.0283105969249322,1.0,1620.0,1620.0,106144,109149,4.985298511922548,1.931666047407166,2588.4325035256024,1340.0,16733,83419,1.9175792133739389,3.079509403313881,4637.741161390704,1506.0,46299,88782,230,1922.5,25.0,140.0,112.5,413.1007028188122,127.0,3.2527614395182063,388.6806908504154,139.0,2.7962639629526285,192.17063003520593,107.0,1.7959871965907097,2.1038548052956223,2.5374931622892962,1.1830049706762036,1.2515290813639262,4.741312974987247,1.2979185791331518,2.094693437036255,2.635829630877369
C:\Users\JackM\40xMBPCNP\40xN1N2N3N4lif\Pranlukast_0606.lif,Pranlukast_0606,0,Image 1,Pranlukast_0606_S1_Image_1,24,14370,3144,1,7614,3134,788,13,19,9,7.625,1.963740458015267,0.9271599025766971,370.86396103067887,400.0,6174,1.7471762542684528,1.8849885853354347,987.7340187157678,524.0,7614,13303,1.643267389917039,1.0714481638812612,372.86396103067887,348.0,3134,5150,2.318527918781726,0.49650708313073355,139.62132034355966,281.20710678118655,788,1827,122,182.5,5.0,85.0,65.27777777777777,139.0397951142632,127.0,1.094801536332781,245.1308232291002,139.0,1.7635311023676274,128.89086294416245,107.0,1.204587504151051,2.1038548052956223,2.5374931622892962,1.1830049706762036,1.2515290813639262,4.741312974987247,1.2979185791331518,2.094693437036255,2.635829630877369
C:\Users\JackM\40xMBPCNP\40xN1N2N3N4lif\Pranlukast_0606.lif,Pranlukast_0606,0,Image 1,Pranlukast_0606_S1_Image_1,25,7241,2913,1,6548,2913,0,11,42,6,7.733333333333333,1.9213868863714383,1.739955693454914,629.8639610306789,362.0,5597,1.1127061698228466,1.5825401403050032,623.5208152801713,394.0,6548,7286,1.9213868863714383,1.739955693454914,629.8639610306789,362.0,2913,5597,,,0.0,0.0,0,0,107,230.0,8.0,50.0,50.0,138.51405009163102,127.0,1.090661811745126,216.11774802608994,139.0,1.5548039426337406,109.86268611821326,107.0,1.026754075871152,2.1038548052956223,2.5374931622892962,1.1830049706762036,1.2515290813639262,4.741312974987247,1.2979185791331518,2.094693437036255,2.635829630877369
C:\Users\JackM\40xMBPCNP\40xN1N2N3N4lif\Pranlukast_0606.lif,Pranlukast_0606,0,Image 1,Pranlukast_0606_S1_Image_1,26,8805,4738,1,8759,4168,1736,8,18,2,16.928571428571427,1.4691853102574925,1.3882526940207613,605.278174593052,436.0,6961,1.0355063363397647,1.1338277643392776,523.8284271247462,462.0,8759,9070,1.415067178502879,1.4389198241748709,535.278174593052,372.0,4168,5898,1.7955069124423964,1.2078662498891815,345.4497474683059,286.0,1736,3117,129,192.5,4.0,10.0,62.5,154.03699052403243,127.0,1.2128896891656098,301.7137715930902,139.0,2.170602673331584,130.98617511520737,107.0,1.2241698608897886,2.1038548052956223,2.5374931622892962,1.1830049706762036,1.2515290813639262,4.741312974987247,1.2979185791331518,2.094693437036255,2.635829630877369
C:\Users\JackM\40xMBPCNP\40xN1N2N3N4lif\Pranlukast_0606.lif,Pranlukast_0606,0,Image 1,Pranlukast_0606_S1_Image_1,27,56445,36270,1,56049,310,36263,57,424,123,8.8212927756654,1.6316790736145574,3.2159972433957815,3762.7167747730646,1170.0,59181,1.0813217006547842,1.1505240730054378,1348.414213562373,1172.0,56049,60607,1.1516129032258065,1.0952380952380953,92.0,84.0,310,357,1.631994043515429,3.2190923889885674,3766.338095116624,1170.0,36263,59181,182,1127.5,25.0,110.0,87.5,207.67000303306037,127.0,1.6351968742760659,167.2516129032258,139.0,1.203249013692272,144.75881752750738,107.0,1.3528861451168914,2.1038548052956223,2.5374931622892962,1.1830049706762036,1.2515290813639262,4.741312974987247,1.2979185791331518,2.094693437036255,2.635829630877369
C:\Users\JackM\40xMBPCNP\40xN1N2N3N4lif\Pranlukast_0606.lif,Pranlukast_0606,0,Image 1,Pranlukast_0606_S1_Image_1,28,41351,24503,3,40985,5309,21602,52,239,52,9.49079754601227,1.9242949842876382,2.6543543200469273,2723.3675323681473,1026.0,47151,1.1815054288154203,1.2668127705521526,1317.4852813742386,1040.0,40985,48424,4.87605952156715,1.326382425050892,1095.5918830920368,826.0,5309,25887,2.005416165169892,2.3295312220079527,2296.9177848998415,986.0,21602,43321,160,872.5,14.0,75.0,77.5,181.48100524582165,127.0,1.4289842932741863,219.16895837257488,139.0,1.5767550962055747,149.18868623275623,107.0,1.3942867872220208,2.1038548052956223,2.5374931622892962,1.1830049706762036,1.2515290813639262,4.741312974987247,1.2979185791331518,2.094693437036255,2.635829630877369
C:\Users\JackM\40xMBPCNP\40xN1N2N3N4lif\Pranlukast_0606.lif,Pranlukast_0606,0,Image 1,Pranlukast_0606_S1_Image_1,29,112982,59638,4,112978,9163,55531,193,612,134,8.967602591792657,2.2200610349106276,4.056728709242156,7367.019335983756,1816.0,132400,1.198197879233125,1.045731476733757,1907.414213562373,1824.0,112978,135370,10.710684273709484,1.324825608082565,2180.662950903902,1646.0,9163,98142,2.3445823053789776,3.6231737907610433,6565.19090885901,1812.0,55531,130197,300,2677.5,29.0,200.0,147.5,367.7629095930181,127.0,2.895770941677308,213.03612354032524,139.0,1.532633982304498,171.11254974698818,107.0,1.5991827079157774,2.1038548052956223,2.5374931622892962,1.1830049706762036,1.2515290813639262,4.741312974987247,1.2979185791331518,2.094693437036255,2.635829630877369
C:\Users\JackM\40xMBPCNP\40xN1N2N3N4lif\Pranlukast_0606.lif,Pranlukast_0606,0,Image 1,Pranlukast_0606_S1_Image_1,30,53087,34046,1,53087,168,34010,85,257,88,9.880382775119617,1.5781589614051577,2.80937213177845,3118.4030662740797,1110.0,53730,1.066814851093488,0.9914397786548834,1134.2071067811867,1144.0,53087,56634,124.4702380952381,0.1128753742331304,96.62132034355963,856.0,168,20911,1.5795648338723904,2.7927827501907267,3099.988852711707,1110.0,34010,53721,359,1175.0,12.0,215.0,184.8507462686567,368.2377983310415,127.0,2.899510223079067,177.67857142857142,139.0,1.2782631038026722,154.11381946486327,107.0,1.4403160697650772,2.1038548052956223,2.5374931622892962,1.1830049706762036,1.2515290813639262,4.741312974987247,1.2979185791331518,2.094693437036255,2.635829630877369
C:\Users\JackM\40xMBPCNP\40xN1N2N3N4lif\Pranlukast_0606.lif,Pranlukast_0606,0,Image 1,Pranlukast_0606_S1_Image_1,31,20923,5198,2,5683,5171,220,41,62,7,10.232142857142858,3.4896113889957676,2.374293087575585,1514.7989898732233,638.0,18139,2.7830371282773183,1.978020011592503,1289.669047558312,652.0,5683,15816,3.507832140785148,2.3479162425524724,1497.9705627484773,638.0,5171,18139,14.063636363636364,0.4031626659353877,128.69238815542514,319.20710678118655,220,3094,208,522.5,8.0,80.0,102.23684210526316,139.37726552877,127.0,1.0974587836911025,195.51692129181976,139.0,1.4065965560562572,126.10909090909091,107.0,1.178589634664401,2.1038548052956223,2.5374931622892962,1.1830049706762036,1.2515290813639262,4.741312974987247,1.2979185791331518,2.094693437036255,2.635829630877369
C:\Users\JackM\40xMBPCNP\40xN1N2N3N4lif\Pranlukast_0606.lif,Pranlukast_0606,0,Image 1,Pranlukast_0606_S1_Image_1,32,44461,28519,3,42560,3244,26764,58,248,67,10.042780748663102,1.5165679021003542,2.5487679998296384,2446.817279836453,960.0,43251,1.0609962406015037,1.5055858675423757,1451.3847763108502,964.0,42560,45156,8.641800246609124,1.0620961923232854,921.8994949366117,868.0,3244,28034,1.5966970557465252,2.269206875187513,2178.4386001800126,960.0,26764,42734,147,872.5,17.0,95.0,70.0,182.28705357142857,127.0,1.4353311304836895,179.4152281134402,139.0,1.2907570367873396,144.40812285159168,107.0,1.3496086247812307,2.1038548052956223,2.5374931622892962,1.1830049706762036,1.2515290813639262,4.741312974987247,1.2979185791331518,2.094693437036255,2.635829630877369
C:\Users\JackM\40xMBPCNP\40xN1N2N3N4lif\Pranlukast_0606.lif,Pranlukast_0606,0,Image 1,Pranlukast_0606_S1_Image_1,33,11339,4376,1,6,4376,0,15,31,10,10.84,2.2854204753199268,1.5490633374233291,780.7279220613578,504.0,10001,1.0,1.0,6.0,6.0,6,6,2.2854204753199268,1.5490633374233291,780.7279220613578,504.0,4376,10001,,,0.0,0.0,0,0,157,267.5,10.0,85.0,76.60714285714286,148.33333333333334,127.0,1.167979002624672,284.35260511882996,139.0,2.045702195099496,112.79341864716636,107.0,1.0541440995062277,2.1038548052956223,2.5374931622892962,1.1830049706762036,1.2515290813639262,4.741312974987247,1.2979185791331518,2.094693437036255,2.635829630877369
C:\Users\JackM\40xMBPCNP\40xN1N2N3N4lif\Pranlukast_0606.lif,Pranlukast_0606,0,Image 1,Pranlukast_0606_S1_Image_1,34,11447,7567,1,5404,7497,1097,10,30,4,15.416666666666666,1.1375710321131227,1.1768241731124494,534.278174593052,454.0,8608,1.458919319022946,1.6222441184669925,652.142135623731,402.0,5404,7884,1.1312525010004002,1.1707260744960684,524.4852813742386,448.0,7497,8481,1.6472196900638103,1.255306670869231,273.65685424949237,218.0,1097,1807,83,157.5,5.0,40.0,40.0,167.17283493708365,127.0,1.3163215349376665,510.4799253034547,139.0,3.672517448226293,129.51048313582498,107.0,1.210378347063785,2.1038548052956223,2.5374931622892962,1.1830049706762036,1.2515290813639262,4.741312974987247,1.2979185791331518,2.094693437036255,2.635829630877369
C:\Users\JackM\40xMBPCNP\40xN1N2N3N4lif\Pranlukast_0606.lif,Pranlukast_0606,1,Image 2,Pranlukast_0606_S2_Image_2,1,37343,7414,2,33613,17,7405,39,77,18,8.701492537313433,4.2879687078500135,1.5323423353805528,1417.734018715768,925.2071067811866,31791,1.2455002528783505,2.156759980710902,2264.597979746447,1050.0,33613,41865,88.82352941176471,0.058021112474443026,14.621320343559642,252.0,17,1510,4.005806887238353,1.5241049144964067,1410.1126983722081,925.2071067811866,7405,29663,349,542.5,6.0,150.0,170.1492537313433,161.19087852914052,127.0,1.2692195159774844,165.94117647058823,140.0,1.1852941176470588,133.18703578663064,107.0,1.2447386522115014,1.6673039631559812,2.0842875870310307,1.1230549795114215,1.153410783304215,2.7329175174111264,1.2022250197660531,1.7255282616093803,2.123352456705712
C:\Users\JackM\40xMBPCNP\40xN1N2N3N4lif\Pranlukast_0606.lif,Pranlukast_0606,1,Image 2,Pranlukast_0606_S2_Image_2,3,20629,15223,4,0,15223,0,31,124,21,9.440860215053764,1.1976614333574196,1.656181393964378,1036.7695526217005,626.0,18232,,,0.0,0.0,0,0,1.1976614333574196,1.656181393964378,1036.7695526217005,626.0,15223,18232,,,0.0,0.0,0,0,117,337.5,9.0,65.0,55.0,123.81948367601656,127.0,0.9749565643780832,330.00170794192996,140.0,2.3571550567280712,110.0813900019707,107.0,1.0287980374015953,1.6673039631559812,2.0842875870310307,1.1230549795114215,1.153410783304215,2.7329175174111264,1.2022250197660531,1.7255282616093803,2.123352456705712
C:\Users\JackM\40xMBPCNP\40xN1N2N3N4lif\Pranlukast_0606.lif,Pranlukast_0606,1,Image 2,Pranlukast_0606_S2_Image_2,4,35736,16421,1,35727,49,16421,62,191,36,8.108695652173912,2.0660130320930516,1.878839758029067,1578.2253967444162,840.0,33926,1.064796932292104,1.0478359908883828,920.0,878.0,35727,38042,2.9591836734693877,0.3570519845719816,28.207106781186546,79.0,49,145,2.0660130320930516,1.878839758029067,1578.2253967444162,840.0,16421,33926,247,602.5,7.0,175.0,120.0,168.9267500769726,127.0,1.3301318903698631,171.18367346938774,140.0,1.222740524781341,138.48791182023018,107.0,1.2942795497217774,1.6673039631559812,2.0842875870310307,1.1230549795114215,1.153410783304215,2.7329175174111264,1.2022250197660531,1.7255282616093803,2.123352456705712
C:\Users\JackM\40xMBPCNP\40xN1N2N3N4lif\Pranlukast_0606.lif,Pranlukast_0606,1,Image 2,Pranlukast_0606_S2_Image_2,6,26775,13201,2,3212,13201,0,25,107,28,10.577464788732394,1.8260737822892206,1.4926155256270566,1510.5269119345812,1012.0,24106,3.968244084682441,0.5204834258562392,464.89949493661163,893.2071067811866,3212,12746,1.8260737822892206,1.4926155256270566,1510.5269119345812,1012.0,13201,24106,,,0.0,0.0,0,0,193,507.5,6.0,35.0,95.0,139.140099626401,127.0,1.0955913356409528,332.130671918794,140.0,2.3723619422771,110.35957534813181,107.0,1.03139790044983,1.6673039631559812,2.0842875870310307,1.1230549795114215,1.153410783304215,2.7329175174111264,1.2022250197660531,1.7255282616093803,2.123352456705712
C:\Users\JackM\40xMBPCNP\40xN1N2N3N4lif\Pranlukast_0606.lif,Pranlukast_0606,1,Image 2,Pranlukast_0606_S2_Image_2,7,13732,6168,1,13226,275,6056,23,72,17,9.346938775510203,1.5875486381322956,2.001054459288945,932.4913780286485,466.0,9792,1.0499017087554816,1.4544336085023024,782.4852813742386,538.0,13226,13886,2.629090909090909,0.5056119585808456,127.4142135623731,252.0,275,723,1.5994055482166447,1.9246901107103467,896.9055915910216,466.0,6056,9686,91,317.5,9.0,25.0,42.5,166.86186299712688,127.0,1.313872936985251,163.4,140.0,1.1671428571428573,135.36889035667107,107.0,1.2651298164174867,1.6673039631559812,2.0842875870310307,1.1230549795114215,1.153410783304215,2.7329175174111264,1.2022250197660531,1.7255282616093803,2.123352456705712
C:\Users\JackM\40xMBPCNP\40xN1N2N3N4lif\Pranlukast_0606.lif,Pranlukast_0606,1,Image 2,Pranlukast_0606_S2_Image_2,10,8732,2572,1,1127,2572,0,7,17,1,10.153846153846153,1.417185069984448,1.2810860110026274,363.8284271247462,284.0,3645,1.7133984028393967,1.246252048841543,256.72792206135784,206.0,1127,1931,1.417185069984448,1.2810860110026274,363.8284271247462,284.0,2572,3645,,,0.0,0.0,0,0,55,147.5,9.0,45.0,25.0,137.85359361135758,127.0,1.0854613670185635,236.098367029549,140.0,1.6864169073539215,110.56575496440614,107.0,1.0333248127514592,1.6673039631559812,2.0842875870310307,1.1230549795114215,1.153410783304215,2.7329175174111264,1.2022250197660531,1.7255282616093803,2.123352456705712
C:\Users\JackM\40xMBPCNP\40xN1N2N3N4lif\Pranlukast_0606.lif,Pranlukast_0606,1,Image 2,Pranlukast_0606_S2_Image_2,12,8069,2316,1,8015,2316,0,4,4,0,20.6,1.201208981001727,1.2259497334916645,304.03553390593277,248.0,2782,1.0177167810355583,1.153040661199867,465.8284271247462,404.0,8015,8157,1.201208981001727,1.2259497334916645,304.03553390593277,248.0,2316,2782,,,0.0,0.0,0,0,48,102.5,6.0,25.0,22.5,142.43480973175295,127.0,1.1215339348956925,236.89119170984455,140.0,1.6920799407846039,112.02370555208984,107.0,1.0469505191784096,1.6673039631559812,2.0842875870310307,1.1230549795114215,1.153410783304215,2.7329175174111264,1.2022250197660531,1.7255282616093803,2.123352456705712
C:\Users\JackM\40xMBPCNP\40xN1N2N3N4lif\Pranlukast_0606.lif,Pranlukast_0606,1,Image 2,Pranlukast_0606_S2_Image_2,13,25034,13465,3,25034,2426,11393,26,97,15,12.138461538461538,1.585740809506127,1.7598322771702346,1214.284271247462,690.0,21352,1.0236478389390429,1.0082872928176796,730.0,724.0,25034,25626,1.1001648804616653,1.1203936292469554,255.44974746830582,228.0,2426,2669,1.8710611779162645,1.7050599681574614,1176.4913780286483,690.0,11393,21317,125,377.5,11.0,65.0,60.0,219.58081009826637,127.0,1.7289827566792628,264.2881286067601,140.0,1.8877723471911436,145.5787764416747,107.0,1.360549312539016,1.6673039631559812,2.0842875870310307,1.1230549795114215,1.153410783304215,2.7329175174111264,1.2022250197660531,1.7255282616093803,2.123352456705712
C:\Users\JackM\40xMBPCNP\40xN1N2N3N4lif\Pranlukast_0606.lif,Pranlukast_0606,1,Image 2,Pranlukast_0606_S2_Image_2,14,23010,10138,2,23010,7623,3338,25,43,9,12.282051282051283,1.6349378575655948,1.389979968830066,1056.3847763108502,760.0,16575,1.0674489352455454,1.0028604426094467,846.4142135623731,844.0,23010,24562,1.6210153482880756,0.8212093063007351,532.3137084989847,648.2071067811866,7623,12357,3.7543439185140803,1.1286479902752293,729.1066017177982,646.0,3338,12532,258,402.5,8.0,145.0,125.0,194.36931768796177,127.0,1.5304670684091477,332.2274695001968,140.0,2.373053353572834,131.47603355302576,107.0,1.2287479771310819,1.6673039631559812,2.0842875870310307,1.1230549795114215,1.153410783304215,2.7329175174111264,1.2022250197660531,1.7255282616093803,2.123352456705712
C:\Users\JackM\40xMBPCNP\40xN1N2N3N4lif\Pranlukast_0606.lif,Pranlukast_0606,1,Image 2,Pranlukast_0606_S2_Image_2,15,22878,17295,1,22878,0,17295,56,176,54,8.669172932330827,1.3186470078057242,1.9741088558339743,1413.4619407771256,716.0,22806,1.0300288486755835,0.998892607236294,715.2071067811866,716.0,22878,23565,,,0.0,0.0,0,0,1.3186470078057242,1.9741088558339743,1413.4619407771256,716.0,17295,22806,114,482.5,15.0,75.0,55.0,186.76475216365066,127.0,1.4705885997137846,146.1997989334732,140.0,1.0442842780962371,140.41214223764095,107.0,1.3122630115667377,1.6673039631559812,2.0842875870310307,1.1230549795114215,1.153410783304215,2.7329175174111264,1.2022250197660531,1.7255282616093803,2.123352456705712
C:\Users\JackM\40xMBPCNP\40xN1N2N3N4lif\Pranlukast_0606.lif,Pranlukast_0606,1,Image 2,Pranlukast_0606_S2_Image_2,16,75397,43702,2,75397,2085,42101,102,377,91,9.25,1.5564962701935838,2.655060998469525,3377.237590053236,1272.0,68022,1.0433571627518337,1.0026384229794318,1389.6568542494924,1386.0,75397,78666,15.46378896882494,0.6140361253626342,528.0710678118654,860.0,2085,32242,1.5594641457447567,2.4399263918409986,3054.7878425849303,1252.0,42101,65655,340,1147.5,10.0,180.0,167.5,341.43342573311935,127.0,2.688452171126924,202.43357314148682,140.0,1.445954093867763,158.18360609011663,107.0,1.4783514587861366,1.6673039631559812,2.0842875870310307,1.1230549795114215,1.153410783304215,2.7329175174111264,1.2022250197660531,1.7255282616093803,2.123352456705712
C:\Users\JackM\40xMBPCNP\40xN1N2N3N4lif\Pranlukast_0606.lif,Pranlukast_0606,1,Image 2,Pranlukast_0606_S2_Image_2,17,60649,41146,3,60649,577,40919,85,250,63,9.753846153846155,1.7078695377436446,2.116621682436129,2785.4741340859455,1316.0,70272,1.1902257250737853,1.0772727272727274,1422.0,1320.0,60649,72186,20.317157712305026,0.25941990948552196,190.4142135623731,734.0,577,11723,1.7173440211148856,2.0694822189817725,2723.4386001800126,1316.0,40919,70272,474,1052.5,10.0,410.0,237.17391304347825,212.64785899190423,127.0,1.6743925904874348,177.56672443674177,140.0,1.268333745976727,152.9412497861629,107.0,1.4293574746370366,1.6673039631559812,2.0842875870310307,1.1230549795114215,1.153410783304215,2.7329175174111264,1.2022250197660531,1.7255282616093803,2.123352456705712
C:\Users\JackM\40xMBPCNP\40xN1N2N3N4lif\Pranlukast_0606.lif,Pranlukast_0606,1,Image 2,Pranlukast_0606_S2_Image_2,18,80644,70220,7,80644,3668,70220,79,294,81,11.665116279069768,1.1898319567074906,1.727824033098687,2387.8528137423855,1382.0,83550,1.0583676404940232,1.027606291026869,1422.2071067811867,1384.0,80644,85351,7.288167938931298,0.8594985401728507,737.4497474683059,858.0,3668,26733,1.1898319567074906,1.727824033098687,2387.8528137423855,1382.0,70220,83550,316,820.0,14.0,300.0,163.94736842105263,462.0572268240663,127.0,3.638245880504459,245.86423118865866,140.0,1.7561730799189905,167.11006835659356,107.0,1.5617763397812483,1.6673039631559812,2.0842875870310307,1.1230549795114215,1.153410783304215,2.7329175174111264,1.2022250197660531,1.7255282616093803,2.123352456705712
C:\Users\JackM\40xMBPCNP\40xN1N2N3N4lif\Pranlukast_0606.lif,Pranlukast_0606,1,Image 2,Pranlukast_0606_S2_Image_2,19,9133,3386,1,664,3386,0,7,31,9,9.681818181818182,1.2790903721204963,1.3545399596419387,409.0710678118655,302.0,4331,2.2710843373493974,1.0832632446392314,227.48528137423858,210.0,664,1508,1.2790903721204963,1.3545399596419387,409.0710678118655,302.0,3386,4331,,,0.0,0.0,0,0,57,112.5,6.0,30.0,25.0,138.7906626506024,127.0,1.09283986339057,247.11075014766686,140.0,1.765076786769049,111.97747879496929,107.0,1.046518493410928,1.6673039631559812,2.0842875870310307,1.1230549795114215,1.153410783304215,2.7329175174111264,1.2022250197660531,1.7255282616093803,2.123352456705712
C:\Users\JackM\40xMBPCNP\40xN1N2N3N4lif\Pranlukast_0606.lif,Pranlukast_0606,1,Image 2,Pranlukast_0606_S2_Image_2,20,8593,3535,1,4681,3535,0,8,30,5,9.652173913043478,1.3157001414427156,1.374224821346745,456.2426406871193,332.0,4651,1.1324503311258278,1.1353728612328529,381.4852813742386,336.0,4681,5301,1.3157001414427156,1.374224821346745,456.2426406871193,332.0,3535,4651,,,0.0,0.0,0,0,60,122.5,6.0,35.0,27.5,142.33689382610552,127.0,1.1207629435126418,262.8656294200849,140.0,1.877611638714892,114.72417313189057,107.0,1.0721885339429025,1.6673039631559812,2.0842875870310307,1.1230549795114215,1.153410783304215,2.7329175174111264,1.2022250197660531,1.7255282616093803,2.123352456705712
C:\Users\JackM\40xMBPCNP\40xN1N2N3N4lif\Pranlukast_0606.lif,Pranlukast_0606,1,Image 2,Pranlukast_0606_S2_Image_2,21,4101,2651,1,4101,2435,309,11,27,6,8.095238095238095,1.4156921916258016,1.4470926008603187,419.6568542494924,290.0,3753,1.0182882223847842,1.006896551724138,292.0,290.0,4101,4176,1.3806981519507187,1.3133920613497034,357.2426406871193,272.0,2435,3362,3.177993527508091,0.7238771842921888,126.82842712474618,175.20710678118655,309,982,54,137.5,7.0,30.0,25.0,166.29090465740063,127.0,1.3093772020267767,254.74948665297742,140.0,1.8196391903784102,128.126213592233,107.0,1.1974412485255421,1.6673039631559812,2.0842875870310307,1.1230549795114215,1.153410783304215,2.7329175174111264,1.2022250197660531,1.7255282616093803,2.123352456705712
C:\Users\JackM\40xMBPCNP\40xN1N2N3N4lif\Pranlukast_0606.lif,Pranlukast_0606,1,Image 2,Pranlukast_0606_S2_Image_2,22,12639,6583,2,12639,2526,5941,20,103,31,6.8059701492537314,1.3360170135196718,1.6835002216844264,734.0060966544099,436.0,8795,1.0207294880924125,1.0,536.0,536.0,12639,12901,1.486935866983373,1.4671015994700438,416.6568542494924,284.0,2526,3756,1.4803905066487124,1.873080162623629,816.6629509039022,436.0,5941,8795,82,207.5,8.0,50.0,37.5,240.29622596724425,127.0,1.8920962674586161,234.4916864608076,140.0,1.6749406175771973,137.41053694664197,107.0,1.2842106256695511,1.6673039631559812,2.0842875870310307,1.1230549795114215,1.153410783304215,2.7329175174111264,1.2022250197660531,1.7255282616093803,2.123352456705712
C:\Users\JackM\40xMBPCNP\40xN1N2N3N4lif\Pranlukast_0606.lif,Pranlukast_0606,1,Image 2,Pranlukast_0606_S2_Image_2,23,12799,3619,2,2022,3200,530,29,58,10,7.288888888888889,2.4249792760431057,1.6740945470045807,793.5208152801713,474.0,8776,3.5044510385756675,1.3922588984322122,601.4558441227157,432.0,2022,7086,2.6440625,1.5909104724709742,747.7279220613578,470.0,3200,8461,1.1,1.0,112.0,112.0,530,583,109,302.5,11.0,35.0,52.5,138.42185954500493,127.0,1.0899359019291728,223.873125,140.0,1.59909375,134.97924528301886,107.0,1.2614882736730735,1.6673039631559812,2.0842875870310307,1.1230549795114215,1.153410783304215,2.7329175174111264,1.2022250197660531,1.7255282616093803,2.123352456705712
C:\Users\JackM\40xMBPCNP\40xN1N2N3N4lif\Pranlukast_0606.lif,Pranlukast_0606,1,Image 2,Pranlukast_0606_S2_Image_2,24,5998,3141,2,5998,3141,0,8,18,1,11.923076923076923,1.1942056669850367,1.255018084659911,384.03553390593277,306.0,3751,1.016005335111704,0.9978096872408468,361.20710678118655,362.0,5998,6094,1.1942056669850367,1.255018084659911,384.03553390593277,306.0,3141,3751,,,0.0,0.0,0,0,60,117.5,6.0,45.0,27.5,140.30726908969658,127.0,1.1047816463755635,317.2878064310729,140.0,2.2663414745076635,114.92197399133045,107.0,1.0740371401058921,1.6673039631559812,2.0842875870310307,1.1230549795114215,1.153410783304215,2.7329175174111264,1.2022250197660531,1.7255282616093803,2.123352456705712
C:\Users\JackM\40xMBPCNP\40xN1N2N3N4lif\Pranlukast_0606.lif,Pranlukast_0606,1,Image 2,Pranlukast_0606_S2_Image_2,25,11581,4351,2,11249,4193,666,25,59,19,7.456521739130435,2.1418064812686737,1.7625208006613833,828.3847763108502,470.0,9319,1.0450706729487065,1.184315119608136,611.1066017177982,516.0,11249,11756,2.222513713331743,1.851958106844219,870.4203102167829,470.0,4193,9319,1.1891891891891893,1.0988417880699488,156.03553390593274,142.0,666,792,133,342.5,10.0,55.0,62.5,141.24019912881144,127.0,1.1121275521953657,234.3355592654424,140.0,1.6738254233245886,128.11711711711712,107.0,1.1973562347394122,1.6673039631559812,2.0842875870310307,1.1230549795114215,1.153410783304215,2.7329175174111264,1.2022250197660531,1.7255282616093803,2.123352456705712
C:\Users\JackM\40xMBPCNP\40xN1N2N3N4lif\Pranlukast_0606.lif,Pranlukast_0606,1,Image 2,Pranlukast_0606_S2_Image_2,26,66336,41901,1,66336,695,41883,84,391,93,9.361538461538462,1.6860456791007374,3.004776091819748,3659.817279836453,1218.0,70647,1.0975337674867343,1.0487407268627773,1308.8284271247462,1248.0,66336,72806,1.2388489208633093,1.386208513701435,180.20710678118655,130.0,695,861,1.6867702886612708,3.004776091819748,3659.817279836453,1218.0,41883,70647,323,1077.5,9.0,105.0,164.23728813559322,239.2974403039074,127.0,1.8842318134165936,189.4661870503597,140.0,1.3533299075025693,153.03810615285437,107.0,1.4302626743257418,1.6673039631559812,2.0842875870310307,1.1230549795114215,1.153410783304215,2.7329175174111264,1.2022250197660531,1.7255282616093803,2.123352456705712
C:\Users\JackM\40xMBPCNP\40xN1N2N3N4lif\Pranlukast_0606.lif,Pranlukast_0606,1,Image 2,Pranlukast_0606_S2_Image_2,27,11148,5156,2,10205,737,4847,19,37,5,11.451612903225806,1.948021722265322,1.6364726289866616,769.142135623731,470.0,10044,1.0734933855952964,1.1094429048095915,530.3137084989847,478.0,10205,10955,5.899592944369064,0.5263060193748187,184.20710678118655,350.0,737,4348,2.0550856199711163,1.640287295409669,770.9350288425444,470.0,4847,9961,79,252.5,11.0,55.0,37.5,145.26134247917688,127.0,1.1437900982612352,196.70963364993216,140.0,1.4050688117852297,131.56055291933154,107.0,1.2295378777507622,1.6673039631559812,2.0842875870310307,1.1230549795114215,1.153410783304215,2.7329175174111264,1.2022250197660531,1.7255282616093803,2.123352456705712
C:\Users\JackM\40xMBPCNP\40xN1N2N3N4lif\Pranlukast_0606.lif,Pranlukast_0606,1,Image 2,Pranlukast_0606_S2_Image_2,28,60734,36649,4,60734,6125,35429,106,354,88,7.427480916030534,1.587983301045049,2.6547813322570883,2824.687337521542,1064.0,58198,1.0581058385747686,1.0585342071644404,1179.2071067811867,1114.0,60734,64263,3.3271836734693876,1.41308315936315,949.5918830920368,672.0,6125,20379,1.6234158457760592,2.491798048833805,2651.2731239591685,1064.0,35429,57516,303,942.5,14.0,280.0,150.0,374.6700200875951,127.0,2.950157638485001,260.28816326530614,140.0,1.8592011661807581,163.67650794546842,107.0,1.5296869901445647,1.6673039631559812,2.0842875870310307,1.1230549795114215,1.153410783304215,2.7329175174111264,1.2022250197660531,1.7255282616093803,2.123352456705712
C:\Users\JackM\40xMBPCNP\40xN1N2N3N4lif\Pranlukast_0606.lif,Pranlukast_0606,1,Image 2,Pranlukast_0606_S2_Image_2,29,66436,33585,3,66350,2952,32866,70,276,74,10.941798941798941,2.02009825815096,3.082865126581561,3761.0954544295046,1220.0,67845,1.0740919366993218,1.0723920196636183,1327.6213203435595,1238.0,66350,71266,13.52879403794038,0.7861556108396786,787.727922061358,1002.0,2952,39937,2.0566542931905314,3.0006166464581945,3660.7523086789975,1220.0,32866,67594,364,1337.5,10.0,200.0,180.0,199.98476262245666,127.0,1.5746831702555641,194.5430216802168,140.0,1.3895930120015487,146.58650276881883,107.0,1.3699673155964376,1.6673039631559812,2.0842875870310307,1.1230549795114215,1.153410783304215,2.7329175174111264,1.2022250197660531,1.7255282616093803,2.123352456705712
C:\Users\JackM\40xMBPCNP\40xN1N2N3N4lif\Pranlukast_0606.lif,Pranlukast_0606,1,Image 2,Pranlukast_0606_S2_Image_2,30,10231,8111,2,10231,3616,8074,15,31,12,13.25,1.2017013931697695,1.2708079913468295,615.0710678118655,484.0,9747,1.0377284722900988,1.0082644628099173,488.0,484.0,10231,10617,1.3100110619469028,1.1645484830215578,377.31370849898474,324.0,3616,4737,1.2072083230121378,1.2832046855617056,621.0710678118655,484.0,8074,9747,84,212.5,8.0,45.0,40.0,237.6656240836673,127.0,1.87138286680053,362.85425884955754,140.0,2.591816134639697,156.29564032697547,107.0,1.460706918943696,1.6673039631559812,2.0842875870310307,1.1230549795114215,1.153410783304215,2.7329175174111264,1.2022250197660531,1.7255282616093803,2.123352456705712
C:\Users\JackM\40xMBPCNP\40xN1N2N3N4lif\Pranlukast_0606.lif,Pranlukast_0606,1,Image 2,Pranlukast_0606_S2_Image_2,31,22577,6804,4,21285,3149,3878,37,90,25,9.485294117647058,2.727366255144033,2.2165757485363593,1423.0416305603426,642.0,18557,1.0679351656095841,1.536757508221829,1051.142135623731,684.0,21285,22731,4.132105430295332,1.571114165599411,860.9705627484772,548.0,3149,13012,3.9706034038164004,1.2634949470111299,742.9350288425444,588.0,3878,15398,203,475.0,8.0,115.0,107.5,152.2907681465821,127.0,1.199139906666001,196.26706891076532,140.0,1.401907635076895,131.8220732336256,107.0,1.2319819928376223,1.6673039631559812,2.0842875870310307,1.1230549795114215,1.153410783304215,2.7329175174111264,1.2022250197660531,1.7255282616093803,2.123352456705712
C:\Users\JackM\40xMBPCNP\40xN1N2N3N4lif\Pranlukast_0606.lif,Pranlukast_0606,1,Image 2,Pranlukast_0606_S2_Image_2,32,32497,20349,2,32497,723,20193,59,213,51,7.851851851851852,1.618064769767556,2.3400270313503078,2040.5035713374682,872.0,32926,1.0630212019571037,1.008171322881164,889.2071067811866,882.0,32497,34545,13.04149377593361,0.31798023009289755,175.20710678118655,551.0,723,9429,1.614074184123211,2.295064752931516,2001.2964645562818,872.0,20193,32593,165,737.5,15.0,70.0,80.0,344.5398036741853,127.0,2.7129118399542147,189.79806362378977,140.0,1.3557004544556412,147.67330262962412,107.0,1.380124323641347,1.6673039631559812,2.0842875870310307,1.1230549795114215,1.153410783304215,2.7329175174111264,1.2022250197660531,1.7255282616093803,2.123352456705712
C:\Users\JackM\40xMBPCNP\40xN1N2N3N4lif\Pranlukast_0606.lif,Pranlukast_0606,1,Image 2,Pranlukast_0606_S2_Image_2,33,7472,4191,2,7459,4046,145,12,58,12,8.36111111111111,1.854688618468146,1.5326092332806647,701.9350288425444,458.0,7773,1.1087277114894758,1.0366379310344827,481.0,464.0,7459,8270,1.606524962926347,1.5525332899016815,647.7279220613577,417.20710678118655,4046,6500,1.110344827586207,0.9679840496640455,54.207106781186546,56.0,145,161,96,192.5,5.0,40.0,45.0,156.30540286901729,127.0,1.2307512036930495,257.9582303509639,140.0,1.8425587882211707,135.8,107.0,1.269158878504673,1.6673039631559812,2.0842875870310307,1.1230549795114215,1.153410783304215,2.7329175174111264,1.2022250197660531,1.7255282616093803,2.123352456705712
C:\Users\JackM\40xMBPCNP\40xN1N2N3N4lif\Pranlukast_0606.lif,Pranlukast_0606,1,Image 2,Pranlukast_0606_S2_Image_2,34,17864,16195,1,17864,131,16151,18,48,7,16.025641025641026,1.293732633528867,1.4592943641394183,1093.3137084989849,749.2071067811866,20952,1.1782355575459025,1.007503025922579,754.8284271247462,749.2071067811866,17864,21048,8.603053435114504,0.2544035229124354,83.24264068711929,327.20710678118655,131,1127,1.297009473097641,1.4360982685616488,1075.9350288425444,749.2071067811866,16151,20948,234,390.0,5.0,100.0,115.0,258.3940326914465,127.0,2.0345986826098152,193.00763358778627,140.0,1.3786259541984733,155.92310073679647,107.0,1.4572252405308082,1.6673039631559812,2.0842875870310307,1.1230549795114215,1.153410783304215,2.7329175174111264,1.2022250197660531,1.7255282616093803,2.123352456705712
C:\Users\JackM\40xMBPCNP\40xN1N2N3N4lif\Pranlukast_0606.lif,Pranlukast_0606,1,Image 2,Pranlukast_0606_S2_Image_2,35,47509,23593,2,47509,17498,10506,66,137,38,10.445378151260504,2.2190056372652904,1.5676965229077167,1872.1543289325507,1194.2071067811867,52353,1.2586036329958534,1.0581583198707594,1310.0,1238.0,47509,59795,1.6380157732312264,1.3012574788267737,1085.2487373415292,834.0,17498,28662,4.0869979059584995,1.5532424240153269,1736.8467170879758,1118.2071067811867,10506,42938,315,752.5,14.0,85.0,153.72881355932202,192.00101033488392,127.0,1.511818979014834,377.15424619956565,140.0,2.693958901425469,135.06415381686656,107.0,1.2622818113725847,1.6673039631559812,2.0842875870310307,1.1230549795114215,1.153410783304215,2.7329175174111264,1.2022250197660531,1.7255282616093803,2.123352456705712
C:\Users\JackM\40xMBPCNP\40xN1N2N3N4lif\Pranlukast_0606.lif,Pranlukast_0606,1,Image 2,Pranlukast_0606_S2_Image_2,36,11228,5933,3,11228,4438,2404,17,48,6,11.157894736842104,1.7765042979942693,1.8684030686720927,926.727922061358,496.0,10540,1.131902386889918,1.018626107264939,558.2071067811866,548.0,11228,12709,1.3373141054529067,1.353784921787537,495.4852813742386,366.0,4438,5935,3.706322795341098,1.3227239270400515,656.0710678118655,496.0,2404,8910,90,337.5,11.0,55.0,42.5,183.2984503028144,127.0,1.443294884274129,316.4004055881027,140.0,2.2600028970578765,132.00790349417636,107.0,1.2337187242446388,1.6673039631559812,2.0842875870310307,1.1230549795114215,1.153410783304215,2.7329175174111264,1.2022250197660531,1.7255282616093803,2.123352456705712
C:\Users\JackM\40xMBPCNP\40xN1N2N3N4lif\Pranlukast_0606.lif,Pranlukast_0606,1,Image 2,Pranlukast_0606_S2_Image_2,37,62634,53306,8,62634,3412,51656,55,304,71,12.98611111111111,1.2450380820170337,3.04065358969384,3612.2964645562815,1188.0,66368,1.0664335664335665,1.0654660519345074,1270.0355339059329,1192.0,62634,66795,5.830597889800703,1.1591121521863093,873.9705627484772,754.0,3412,19894,1.2721852253368438,2.935874574967978,3464.3319984622144,1180.0,51656,65716,192,947.5,18.0,150.0,92.5,313.65236133729286,127.0,2.4697036325771093,204.34085580304807,140.0,1.4595775414503434,170.37234783955398,107.0,1.5922649330799437,1.6673039631559812,2.0842875870310307,1.1230549795114215,1.153410783304215,2.7329175174111264,1.2022250197660531,1.7255282616093803,2.123352456705712
C:\Users\JackM\40xMBPCNP\40xN1N2N3N4lif\Pranlukast_0606.lif,Pranlukast_0606,1,Image 2,Pranlukast_0606_S2_Image_2,38,11518,3307,2,11518,3147,206,23,33,9,9.290322580645162,3.2053220441487755,1.4199088749980016,721.3137084989847,508.0,10600,1.0849105747525611,1.0749158956493854,548.2071067811866,510.0,11518,12496,2.746425166825548,1.4391763959666921,664.8994949366117,462.0,3147,8643,6.228155339805825,0.4340427538695396,94.62132034355963,218.0,206,1283,162,262.5,6.0,85.0,90.0,171.87905886438617,127.0,1.353378416255009,240.29075309818876,140.0,1.7163625221299197,128.8495145631068,107.0,1.2042010706832411,1.6673039631559812,2.0842875870310307,1.1230549795114215,1.153410783304215,2.7329175174111264,1.2022250197660531,1.7255282616093803,2.123352456705712
C:\Users\JackM\40xMBPCNP\40xN1N2N3N4lif\Pranlukast_0606.lif,Pranlukast_0606,1,Image 2,Pranlukast_0606_S2_Image_2,39,15592,8608,1,15565,4993,7143,35,74,18,8.295081967213115,1.5738847583643123,1.6155397302323948,927.3198051533947,574.0,13548,1.0309026662383554,1.0718778370237965,647.4142135623731,604.0,15565,16046,1.5964350090126176,1.2120541223107644,535.7279220613578,442.0,4993,7971,1.8339633207335853,1.4625904389104203,839.5269119345812,574.0,7143,13100,130,352.5,9.0,55.0,60.43478260869565,198.13543205910696,127.0,1.5601215122764327,454.72701782495494,140.0,3.2480501273211067,144.04605907881842,107.0,1.3462248512039103,1.6673039631559812,2.0842875870310307,1.1230549795114215,1.153410783304215,2.7329175174111264,1.2022250197660531,1.7255282616093803,2.123352456705712
C:\Users\JackM\40xMBPCNP\40xN1N2N3N4lif\Pranlukast_0606.lif,Pranlukast_0606,1,Image 2,Pranlukast_0606_S2_Image_2,40,19210,7465,3,13297,7465,0,30,56,9,10.84,1.9176155391828533,2.1179193366903646,1181.7989898732235,558.0,14315,1.139053921937279,2.008937903260661,1157.1482322781408,576.0,13297,15146,1.9176155391828533,2.1179193366903646,1181.7989898732235,558.0,7465,14315,,,0.0,0.0,0,0,94,372.5,12.0,60.0,45.0,145.13190945326014,127.0,1.1427709405768514,262.3093101138647,140.0,1.8736379293847478,114.08208251758393,107.0,1.0661876870802236,1.6673039631559812,2.0842875870310307,1.1230549795114215,1.153410783304215,2.7329175174111264,1.2022250197660531,1.7255282616093803,2.123352456705712
C:\Users\JackM\40xMBPCNP\40xN1N2N3N4lif\Pranlukast_0606.lif,Pranlukast_0606,1,Image 2,Pranlukast_0606_S2_Image_2,41,8811,5033,2,0,5033,0,11,35,8,12.461538461538462,1.57699185376515,1.5347926393942017,702.9350288425444,458.0,7937,,,0.0,0.0,0,0,1.57699185376515,1.5347926393942017,702.9350288425444,458.0,5033,7937,,,0.0,0.0,0,0,83,202.5,5.0,15.0,37.5,127.85614941386847,127.0,1.0067413339674682,281.25630836479235,140.0,2.008973631177088,113.49473475064573,107.0,1.0606984556135115,1.6673039631559812,2.0842875870310307,1.1230549795114215,1.153410783304215,2.7329175174111264,1.2022250197660531,1.7255282616093803,2.123352456705712
C:\Users\JackM\40xMBPCNP\40xN1N2N3N4lif\Pranlukast_0606.lif,Pranlukast_0606,1,Image 2,Pranlukast_0606_S2_Image_2,42,99179,53641,0,99052,1751,52859,129,407,115,10.617554858934168,1.937212207080405,4.295207277133257,6631.80003589375,1544.0,103914,1.0663287969955175,1.095260961329429,1702.0355339059329,1554.0,99052,105622,27.62535693889206,0.5013163272916827,527.3847763108503,1052.0,1751,48372,1.9657957963639114,4.242075454655322,6549.764501987817,1544.0,52859,103910,232,2157.5,27.0,135.0,112.5,297.1416629649073,127.0,2.339698133581947,186.1233580810965,140.0,1.329452557722118,165.03185834011236,107.0,1.5423538162627324,1.6673039631559812,2.0842875870310307,1.1230549795114215,1.153410783304215,2.7329175174111264,1.2022250197660531,1.7255282616093803,2.123352456705712
C:\Users\JackM\40xMBPCNP\40xN1N2N3N4lif\Pranlukast_0606.lif,Pranlukast_0606,1,Image 2,Pranlukast_0606_S2_Image_2,43,19355,6936,3,15053,6936,1919,14,32,7,11.52,1.6274509803921569,1.1049427750591594,563.5208152801713,510.0,11288,1.153192054739919,1.7380370095387396,1035.8700576850888,596.0,15053,17359,1.6274509803921569,1.1049427750591594,563.5208152801713,510.0,6936,11288,1.1756122980719124,1.1222880257517274,242.4142135623731,216.0,1919,2256,168,162.5,4.0,35.0,79.375,142.55716468478045,127.0,1.1224973597226806,349.93886966551327,140.0,2.499563354753666,131.63731109953102,107.0,1.2302552439208507,1.6673039631559812,2.0842875870310307,1.1230549795114215,1.153410783304215,2.7329175174111264,1.2022250197660531,1.7255282616093803,2.123352456705712
C:\Users\JackM\40xMBPCNP\40xN1N2N3N4lif\Pranlukast_0606.lif,Pranlukast_0606,1,Image 2,Pranlukast_0606_S2_Image_2,44,19587,8348,1,3554,8336,12,22,83,25,10.19047619047619,2.168782942022041,2.118696356266008,1385.6274169979695,654.0,18105,4.977771525042206,1.4658212172532998,891.2193000900063,608.0,3554,17691,2.171904990403071,2.1085720132330428,1379.00609665441,654.0,8336,18105,1.25,0.5908144245288088,6.621320343559642,11.207106781186548,12,15,117,425.0,10.0,55.0,60.0,138.44850872256612,127.0,1.0901457379729615,264.1830614203455,140.0,1.8870218672881822,140.0,107.0,1.308411214953271,1.6673039631559812,2.0842875870310307,1.1230549795114215,1.153410783304215,2.7329175174111264,1.2022250197660531,1.7255282616093803,2.123352456705712
C:\Users\JackM\40xMBPCNP\40xN1N2N3N4lif\Pranlukast_0606.lif,Pranlukast_0606,1,Image 2,Pranlukast_0606_S2_Image_2,45,20645,8579,1,189,8579,0,33,81,22,10.129032258064516,2.2769553561021096,2.128537157241145,1404.834523779156,660.0,19534,1.0846560846560847,1.0066808639092435,62.41421356237309,62.0,189,205,2.2769553561021096,2.128537157241145,1404.834523779156,660.0,8579,19534,,,0.0,0.0,0,0,187,432.5,6.0,40.0,90.0,134.984126984127,127.0,1.0628671416072992,265.562652989859,140.0,1.896876092784707,111.71838209581536,107.0,1.0440970289328537,1.6673039631559812,2.0842875870310307,1.1230549795114215,1.153410783304215,2.7329175174111264,1.2022250197660531,1.7255282616093803,2.123352456705712
C:\Users\JackM\40xMBPCNP\40xN1N2N3N4lif\Pranlukast_0606.lif,Pranlukast_0606,1,Image 2,Pranlukast_0606_S2_Image_2,46,12431,8140,2,4627,4855,4400,18,61,10,10.595238095238095,1.3302211302211302,1.5047832217722985,761.420310216783,506.0,10828,1.7864707153663282,1.6422334758175179,747.5563491861041,455.20710678118655,4627,8266,1.803913491246138,1.468267376658169,663.6568542494924,452.0,4855,8758,2.075681818181818,1.212388053813213,585.8345237791561,483.20710678118655,4400,9133,163,250.0,3.0,35.0,82.5,146.66889993516318,127.0,1.1548732278359306,269.0434603501545,140.0,1.9217390025011034,141.4584090909091,107.0,1.3220412064570943,1.6673039631559812,2.0842875870310307,1.1230549795114215,1.153410783304215,2.7329175174111264,1.2022250197660531,1.7255282616093803,2.123352456705712
C:\Users\JackM\40xMBPCNP\40xN1N2N3N4lif\Pranlukast_0606.lif,Pranlukast_0606,1,Image 2,Pranlukast_0606_S2_Image_2,47,11940,4893,2,0,4890,3,29,47,6,9.825,2.163090128755365,2.1511885697375,1058.3847763108502,492.0,10584,,,0.0,0.0,0,0,2.1644171779141104,2.146702580344845,1056.1776695296637,492.0,4890,10584,1.0,1.0,3.414213562373095,3.414213562373095,3,3,87,367.5,11.0,40.0,40.0,124.72695687717147,127.0,0.9821020226548935,239.3269938650307,140.0,1.709478527607362,139.66666666666666,107.0,1.305295950155763,1.6673039631559812,2.0842875870310307,1.1230549795114215,1.153410783304215,2.7329175174111264,1.2022250197660531,1.7255282616093803,2.123352456705712
C:\Users\JackM\40xMBPCNP\40xN1N2N3N4lif\Pranlukast_0606.lif,Pranlukast_0606,1,Image 2,Pranlukast_0606_S2_Image_2,48,4581,2810,1,2901,2810,0,7,19,3,10.153846153846153,1.3252669039145908,1.3244507114474877,362.89949493661163,274.0,3724,1.2002757669769044,1.2300140462080813,346.8639610306789,282.0,2901,3482,1.3252669039145908,1.3244507114474877,362.89949493661163,274.0,2810,3724,,,0.0,0.0,0,0,55,122.5,6.0,45.0,25.0,140.23095484315752,127.0,1.104180746796516,246.55053380782917,140.0,1.7610752414844941,111.85489566613163,107.0,1.0453728566928189,1.6673039631559812,2.0842875870310307,1.1230549795114215,1.153410783304215,2.7329175174111264,1.2022250197660531,1.7255282616093803,2.123352456705712
C:\Users\JackM\40xMBPCNP\40xN1N2N3N4lif\Pranlukast_0606.lif,Pranlukast_0606,2,Image 3,Pranlukast_0606_S3_Image_3,1,52849,22086,1,52849,4147,19131,78,234,82,8.97860962566845,1.874264239789912,2.62843956056352,2638.953318805774,1004.0,41395,1.023841510719219,1.0095572160872535,1078.2071067811867,1068.0,52849,54109,7.085845189293465,1.2418925650849402,1095.3492424049173,882.0,4147,29385,1.5585175892530447,2.1991181803074475,1807.675144212722,822.0,19131,29816,170,827.5,13.0,115.0,82.5,243.18653143862704,128.0,1.8998947768642738,191.744393537497,140.0,1.3696028109821214,145.99947728817102,107.0,1.3644810961511311,1.9929114596902655,2.1947540975103013,1.1697050563352362,1.2523349783787336,2.919206173730365,1.6707077332104112,1.892527457509194,2.188618074361362
C:\Users\JackM\40xMBPCNP\40xN1N2N3N4lif\Pranlukast_0606.lif,Pranlukast_0606,2,Image 3,Pranlukast_0606_S3_Image_3,3,34934,15502,1,686,15502,0,30,144,46,10.938144329896907,2.72945426396594,2.2436334498303596,2450.0477272147527,1092.0,42312,11.403790087463557,0.5401207576332852,308.5208152801713,571.2071067811866,686,7823,2.72945426396594,2.2436334498303596,2450.0477272147527,1092.0,15502,42312,,,0.0,0.0,0,0,200,802.5,11.0,40.0,97.5,137.48833819241983,128.0,1.07412764212828,284.486646884273,140.0,2.032047477744807,110.07586737638684,107.0,1.0287464240783817,1.9929114596902655,2.1947540975103013,1.1697050563352362,1.2523349783787336,2.919206173730365,1.6707077332104112,1.892527457509194,2.188618074361362
C:\Users\JackM\40xMBPCNP\40xN1N2N3N4lif\Pranlukast_0606.lif,Pranlukast_0606,2,Image 3,Pranlukast_0606_S3_Image_3,4,16082,4085,1,4586,4085,0,18,34,14,12.129032258064516,3.3113831089351287,1.78338902005578,980.863961030679,550.0,13527,1.4888791975577846,1.14098374882716,426.72792206135784,374.0,4586,6828,3.3113831089351287,1.78338902005578,980.863961030679,550.0,4085,13527,,,0.0,0.0,0,0,105,312.5,7.0,40.0,50.0,143.7191452245966,128.0,1.1228058220671608,211.2345165238678,140.0,1.5088179751704842,108.80583613916947,107.0,1.016876973263266,1.9929114596902655,2.1947540975103013,1.1697050563352362,1.2523349783787336,2.919206173730365,1.6707077332104112,1.892527457509194,2.188618074361362
C:\Users\JackM\40xMBPCNP\40xN1N2N3N4lif\Pranlukast_0606.lif,Pranlukast_0606,2,Image 3,Pranlukast_0606_S3_Image_3,5,29226,11789,1,28012,11789,0,32,127,32,10.123595505617978,2.873271693951989,2.193584833253707,2083.9055915910217,950.0,33873,1.3199343138654862,1.3122275299889874,1303.3137084989849,993.2071067811866,28012,36974,2.873271693951989,2.193584833253707,2083.9055915910217,950.0,11789,33873,,,0.0,0.0,0,0,165,717.5,17.0,85.0,80.0,147.0273811223761,128.0,1.1486514150185634,245.3507506998049,140.0,1.7525053621414637,110.61403012516796,107.0,1.0337759824782051,1.9929114596902655,2.1947540975103013,1.1697050563352362,1.2523349783787336,2.919206173730365,1.6707077332104112,1.892527457509194,2.188618074361362
C:\Users\JackM\40xMBPCNP\40xN1N2N3N4lif\Pranlukast_0606.lif,Pranlukast_0606,2,Image 3,Pranlukast_0606_S3_Image_3,7,7937,2026,1,3940,2026,0,8,18,2,8.8125,1.6870681145113524,1.3277087376066647,385.03553390593277,290.0,3418,1.6771573604060914,1.6952223236428015,674.698484809835,398.0,3940,6608,1.6870681145113524,1.3277087376066647,385.03553390593277,290.0,2026,3418,,,0.0,0.0,0,0,63,132.5,5.0,20.0,30.0,138.98451776649748,128.0,1.0858165450507615,215.64906219151035,140.0,1.540350444225074,112.81195200738348,107.0,1.0543173084802195,1.9929114596902655,2.1947540975103013,1.1697050563352362,1.2523349783787336,2.919206173730365,1.6707077332104112,1.892527457509194,2.188618074361362
C:\Users\JackM\40xMBPCNP\40xN1N2N3N4lif\Pranlukast_0606.lif,Pranlukast_0606,2,Image 3,Pranlukast_0606_S3_Image_3,9,17510,5027,3,17510,997,4792,24,71,21,7.7407407407407405,2.5279490749950266,1.7268910074501467,977.420310216783,566.0,12708,1.1618503712164479,1.049879694714923,686.6213203435597,654.0,17510,20344,4.989969909729187,0.9723598563172452,357.8284271247462,368.0,997,4975,2.2689899833055094,1.730935937057048,862.0060966544099,498.0,4792,10873,169,280.0,7.0,135.0,91.78571428571429,206.10205596801828,128.0,1.6101723122501428,187.74824473420261,140.0,1.34105889095859,131.65191986644408,107.0,1.2303917744527484,1.9929114596902655,2.1947540975103013,1.1697050563352362,1.2523349783787336,2.919206173730365,1.6707077332104112,1.892527457509194,2.188618074361362
C:\Users\JackM\40xMBPCNP\40xN1N2N3N4lif\Pranlukast_0606.lif,Pranlukast_0606,2,Image 3,Pranlukast_0606_S3_Image_3,10,12615,4012,1,12580,4012,0,35,77,19,7.262295081967213,2.8257726819541378,2.2361680262671393,1122.556349186104,502.0,11337,1.0465818759936407,1.1837794202763878,625.0355339059328,528.0,12580,13166,2.8257726819541378,2.2361680262671393,1122.556349186104,502.0,4012,11337,,,0.0,0.0,0,0,105,377.5,10.0,50.0,50.0,150.2764705882353,128.0,1.1740349264705883,209.0692921236291,140.0,1.4933520865973509,111.3258346581876,107.0,1.0404283612914729,1.9929114596902655,2.1947540975103013,1.1697050563352362,1.2523349783787336,2.919206173730365,1.6707077332104112,1.892527457509194,2.188618074361362
C:\Users\JackM\40xMBPCNP\40xN1N2N3N4lif\Pranlukast_0606.lif,Pranlukast_0606,2,Image 3,Pranlukast_0606_S3_Image_3,11,92428,53083,5,92428,10033,50292,126,358,77,10.43956043956044,1.7385415293031667,3.0798392158226036,4219.379725676967,1370.0,92287,1.0446076946379885,1.0336296264783018,1420.2071067811867,1374.0,92428,96551,6.714841024618758,1.8337533145544003,2145.4913780286483,1170.0,10033,67370,1.6520122484689415,2.7934204428435323,3653.79393923934,1308.0,50292,83083,368,1480.0,11.0,230.0,187.27941176470588,302.12970095642015,128.0,2.3603882887220324,255.2865543705771,140.0,1.823475388361265,157.0320726954585,107.0,1.4675894644435374,1.9929114596902655,2.1947540975103013,1.1697050563352362,1.2523349783787336,2.919206173730365,1.6707077332104112,1.892527457509194,2.188618074361362
C:\Users\JackM\40xMBPCNP\40xN1N2N3N4lif\Pranlukast_0606.lif,Pranlukast_0606,2,Image 3,Pranlukast_0606_S3_Image_3,12,48774,24950,2,48774,3022,23675,89,251,78,8.18407960199005,1.8980360721442886,2.2935816497170514,2449.545201897811,1068.0,47356,1.1375937999753967,1.0743879035169495,1216.2071067811867,1132.0,48774,55485,7.407346128391794,0.9379701399306096,729.9350288425444,778.2071067811866,3022,22385,2.0002534318901795,2.197527542565715,2346.9594154601837,1068.0,23675,47356,345,825.0,6.0,5.0,172.12121212121212,303.74385943330464,128.0,2.3729989018226925,198.39080079417604,140.0,1.4170771485298288,150.52181626187962,107.0,1.4067459463727068,1.9929114596902655,2.1947540975103013,1.1697050563352362,1.2523349783787336,2.919206173730365,1.6707077332104112,1.892527457509194,2.188618074361362
C:\Users\JackM\40xMBPCNP\40xN1N2N3N4lif\Pranlukast_0606.lif,Pranlukast_0606,2,Image 3,Pranlukast_0606_S3_Image_3,13,45456,22063,2,45456,2927,21758,58,139,31,9.693548387096774,1.8249104836151022,1.7428616234353613,1641.7756492761105,942.0,40263,1.0812653995072157,1.0328185328185329,1070.0,1036.0,45456,49150,9.160915613255893,1.2382362456584632,936.1066017177982,756.0,2927,26814,1.7881239084474676,1.641132932220132,1545.9472221513643,942.0,21758,38906,152,667.5,15.0,105.0,72.5,218.77943505807815,128.0,1.7092143363912355,187.1247010591049,140.0,1.3366050075650349,153.42862395440758,107.0,1.4339123734056785,1.9929114596902655,2.1947540975103013,1.1697050563352362,1.2523349783787336,2.919206173730365,1.6707077332104112,1.892527457509194,2.188618074361362
C:\Users\JackM\40xMBPCNP\40xN1N2N3N4lif\Pranlukast_0606.lif,Pranlukast_0606,2,Image 3,Pranlukast_0606_S3_Image_3,14,8608,3236,2,6589,3236,3,8,16,3,11.153846153846153,1.423053152039555,1.2481827458019399,436.863961030679,350.0,4605,1.293215966003946,2.2757294236187375,974.0121933088197,428.0,6589,8521,1.423053152039555,1.2481827458019399,436.863961030679,350.0,3236,4605,1.0,1.0,3.414213562373095,3.414213562373095,3,3,68,127.5,4.0,30.0,32.5,137.56700561541965,128.0,1.074742231370466,231.13040791100124,140.0,1.6509314850785803,130.0,107.0,1.2149532710280373,1.9929114596902655,2.1947540975103013,1.1697050563352362,1.2523349783787336,2.919206173730365,1.6707077332104112,1.892527457509194,2.188618074361362
C:\Users\JackM\40xMBPCNP\40xN1N2N3N4lif\Pranlukast_0606.lif,Pranlukast_0606,2,Image 3,Pranlukast_0606_S3_Image_3,15,11406,3536,1,11406,3536,0,14,32,7,11.25,1.94881221719457,1.5383798485011346,667.6568542494924,434.0,6891,1.0328774329300368,1.008185032648223,518.2071067811866,514.0,11406,11781,1.94881221719457,1.5383798485011346,667.6568542494924,434.0,3536,6891,,,0.0,0.0,0,0,89,237.5,7.0,30.0,42.5,141.8695423461336,128.0,1.1083557995791689,234.31589366515837,140.0,1.6736849547511312,112.24425740838156,107.0,1.0490117514802015,1.9929114596902655,2.1947540975103013,1.1697050563352362,1.2523349783787336,2.919206173730365,1.6707077332104112,1.892527457509194,2.188618074361362
C:\Users\JackM\40xMBPCNP\40xN1N2N3N4lif\Pranlukast_0606.lif,Pranlukast_0606,2,Image 3,Pranlukast_0606_S3_Image_3,16,39959,21666,4,18191,20521,2058,61,215,42,9.880794701986755,2.0680790178159327,2.4278636193059215,2680.3614357137376,1104.0,44807,1.480567313506679,1.4793880278285283,1162.7989898732233,786.0,18191,26933,2.1823985185907118,2.3240077730654396,2565.704581464245,1104.0,20521,44785,2.5830903790087465,1.3146689089979846,462.7634559672906,352.0,2058,5316,190,932.5,14.0,90.0,92.5,144.9547578472871,128.0,1.1324590456819306,359.1150041420983,140.0,2.5651071724435592,132.53449951409135,107.0,1.2386401823746855,1.9929114596902655,2.1947540975103013,1.1697050563352362,1.2523349783787336,2.919206173730365,1.6707077332104112,1.892527457509194,2.188618074361362
C:\Users\JackM\40xMBPCNP\40xN1N2N3N4lif\Pranlukast_0606.lif,Pranlukast_0606,2,Image 3,Pranlukast_0606_S3_Image_3,17,12459,3670,2,12459,3670,0,18,20,7,12.904761904761905,2.5264305177111717,1.2921299228889387,635.7279220613578,492.0,9272,1.0215105546191507,1.0,554.0,554.0,12459,12727,2.5264305177111717,1.2921299228889387,635.7279220613578,492.0,3670,9272,,,0.0,0.0,0,0,142,232.5,5.0,70.0,66.0,141.0765711533831,128.0,1.1021607121358055,244.5716621253406,140.0,1.7469404437524327,112.83770768119432,107.0,1.0545580157120964,1.9929114596902655,2.1947540975103013,1.1697050563352362,1.2523349783787336,2.919206173730365,1.6707077332104112,1.892527457509194,2.188618074361362
C:\Users\JackM\40xMBPCNP\40xN1N2N3N4lif\Pranlukast_0606.lif,Pranlukast_0606,2,Image 3,Pranlukast_0606_S3_Image_3,18,13348,4871,2,13343,2633,2375,20,80,14,9.08,2.3826729624307124,1.8870734126789461,981.278174593052,520.0,11606,1.066626695645657,1.0305090545765718,581.2071067811866,564.0,13343,14232,2.8226357766805923,1.5230481645568432,624.4497474683058,410.0,2633,7432,1.9145263157894736,1.3091097026560459,437.2426406871193,334.0,2375,4547,114,300.0,10.0,50.0,55.0,162.6110320017987,128.0,1.2703986875140523,223.77630079756932,140.0,1.5984021485540665,131.79957894736842,107.0,1.2317717658632563,1.9929114596902655,2.1947540975103013,1.1697050563352362,1.2523349783787336,2.919206173730365,1.6707077332104112,1.892527457509194,2.188618074361362
C:\Users\JackM\40xMBPCNP\40xN1N2N3N4lif\Pranlukast_0606.lif,Pranlukast_0606,2,Image 3,Pranlukast_0606_S3_Image_3,19,10191,6713,2,8479,2633,6316,22,130,40,6.860759493670886,1.3239982124236556,1.8948065575642274,852.6629509039024,450.0,8888,1.1713645477060974,1.2778006356392495,592.8994949366117,464.0,8479,9932,2.801747056589442,1.8607126783696977,751.7279220613578,404.0,2633,7377,1.3587713742875238,1.7939746600273725,800.1126983722081,446.0,6316,8582,81,252.5,15.0,45.0,37.5,142.7665998348862,128.0,1.1153640612100484,230.9164451196354,140.0,1.6494031794259671,135.65357821405954,107.0,1.2677904505986872,1.9929114596902655,2.1947540975103013,1.1697050563352362,1.2523349783787336,2.919206173730365,1.6707077332104112,1.892527457509194,2.188618074361362
C:\Users\JackM\40xMBPCNP\40xN1N2N3N4lif\Pranlukast_0606.lif,Pranlukast_0606,2,Image 3,Pranlukast_0606_S3_Image_3,20,5241,2768,1,4169,2728,73,8,16,4,12.615384615384615,1.3070809248554913,1.2722951453111404,356.2426406871193,280.0,3618,1.1338450467738066,1.5409820203489257,499.278174593052,324.0,4169,4727,1.307551319648094,1.2483292586544343,347.03553390593277,278.0,2728,3567,1.2602739726027397,0.9142017314639642,40.41421356237309,44.207106781186546,73,92,61,132.5,14.0,30.0,27.5,149.46246102182778,128.0,1.1676754767330295,305.2965542521994,140.0,2.180689673229996,126.58904109589041,107.0,1.1830751504288823,1.9929114596902655,2.1947540975103013,1.1697050563352362,1.2523349783787336,2.919206173730365,1.6707077332104112,1.892527457509194,2.188618074361362
C:\Users\JackM\40xMBPCNP\40xN1N2N3N4lif\Pranlukast_0606.lif,Pranlukast_0606,2,Image 3,Pranlukast_0606_S3_Image_3,22,21023,7725,1,19490,7725,0,28,40,7,13.162162162162161,2.548220064724919,1.934249209254783,1330.7634559672906,688.0,19685,1.093483837865572,1.9708261705580996,1359.8700576850888,690.0,19490,21312,2.548220064724919,1.934249209254783,1330.7634559672906,688.0,7725,19685,,,0.0,0.0,0,0,171,520.0,8.0,110.0,86.66666666666667,142.07737301180092,128.0,1.1099794766546947,270.53203883495144,140.0,1.932371705963939,111.5525211146513,107.0,1.0425469263051523,1.9929114596902655,2.1947540975103013,1.1697050563352362,1.2523349783787336,2.919206173730365,1.6707077332104112,1.892527457509194,2.188618074361362
C:\Users\JackM\40xMBPCNP\40xN1N2N3N4lif\Pranlukast_0606.lif,Pranlukast_0606,2,Image 3,Pranlukast_0606_S3_Image_3,23,24394,11505,3,24301,11247,267,40,142,27,9.752475247524753,2.1374185136897,2.8735644848050224,2063.219300090006,718.0,24591,1.0603678860952224,1.0928765755346952,791.2426406871193,724.0,24301,25768,2.1864497199253132,2.7732364431533054,1991.1837661840734,718.0,11247,24591,4.01123595505618,0.37378604097697776,79.24264068711929,212.0,267,1071,180,727.5,17.0,120.0,87.5,144.93613431546027,128.0,1.1323135493395333,258.9890637503334,140.0,1.8499218839309528,129.74157303370785,107.0,1.2125380657355873,1.9929114596902655,2.1947540975103013,1.1697050563352362,1.2523349783787336,2.919206173730365,1.6707077332104112,1.892527457509194,2.188618074361362
C:\Users\JackM\40xMBPCNP\40xN1N2N3N4lif\Pranlukast_0606.lif,Pranlukast_0606,2,Image 3,Pranlukast_0606_S3_Image_3,25,5864,2654,1,5645,2636,147,11,9,2,9.166666666666666,1.5003767897513187,1.1543661762007604,341.6923881554251,296.0,3982,1.050132860938884,1.3095437457037395,447.8639610306789,342.0,5645,5928,1.3687405159332322,1.1807289233349616,328.2426406871193,278.0,2636,3608,6.421768707482993,0.3319996179478326,67.72792206135786,204.0,147,944,62,142.5,8.0,35.0,27.5,153.47015057573074,128.0,1.1989855513728964,268.93816388467377,140.0,1.920986884890527,128.2925170068027,107.0,1.1989954860448853,1.9929114596902655,2.1947540975103013,1.1697050563352362,1.2523349783787336,2.919206173730365,1.6707077332104112,1.892527457509194,2.188618074361362
C:\Users\JackM\40xMBPCNP\40xN1N2N3N4lif\Pranlukast_0606.lif,Pranlukast_0606,2,Image 3,Pranlukast_0606_S3_Image_3,26,5102,2285,1,4949,2285,0,16,40,5,7.071428571428571,2.1190371991247265,1.537024298637848,544.1066017177982,354.0,4842,1.048292584360477,1.1487481758460238,406.6568542494924,354.0,4949,5188,2.1190371991247265,1.537024298637848,544.1066017177982,354.0,2285,4842,,,0.0,0.0,0,0,70,197.5,7.0,50.0,32.5,141.29015962820773,128.0,1.103829372095373,216.4074398249453,140.0,1.5457674273210378,110.85671760269895,107.0,1.03604408974485,1.9929114596902655,2.1947540975103013,1.1697050563352362,1.2523349783787336,2.919206173730365,1.6707077332104112,1.892527457509194,2.188618074361362
C:\Users\JackM\40xMBPCNP\40xN1N2N3N4lif\Pranlukast_0606.lif,Pranlukast_0606,2,Image 3,Pranlukast_0606_S3_Image_3,27,9062,4622,1,9062,4622,0,14,46,5,10.088235294117647,1.8087408048463869,1.6381607795642201,760.1066017177982,464.0,8360,1.041271242551313,1.0042735042735043,470.0,468.0,9062,9436,1.8087408048463869,1.6381607795642201,760.1066017177982,464.0,4622,8360,,,0.0,0.0,0,0,85,242.5,6.0,30.0,40.0,140.79198852350476,128.0,1.099937410339881,259.74231934227606,140.0,1.8553022810162576,112.74420657691459,107.0,1.0536841736160243,1.9929114596902655,2.1947540975103013,1.1697050563352362,1.2523349783787336,2.919206173730365,1.6707077332104112,1.892527457509194,2.188618074361362
C:\Users\JackM\40xMBPCNP\40xN1N2N3N4lif\Pranlukast_0606.lif,Pranlukast_0606,2,Image 3,Pranlukast_0606_S3_Image_3,28,10100,3910,1,8870,3910,0,14,19,12,11.1,1.9263427109974425,1.306387575643447,555.4852813742386,425.20710678118655,7532,1.1804960541149943,1.9070216510169538,911.556349186104,478.0,8870,10471,1.9263427109974425,1.306387575643447,555.4852813742386,425.20710678118655,3910,7532,,,0.0,0.0,0,0,116,195.0,6.0,75.0,59.473684210526315,156.12784667418265,128.0,1.219748802142052,256.72659846547316,140.0,1.8337614176105226,110.4791370058044,107.0,1.0325152991196673,1.9929114596902655,2.1947540975103013,1.1697050563352362,1.2523349783787336,2.919206173730365,1.6707077332104112,1.892527457509194,2.188618074361362
C:\Users\JackM\40xMBPCNP\40xN1N2N3N4lif\Pranlukast_0606.lif,Pranlukast_0606,2,Image 3,Pranlukast_0606_S3_Image_3,29,15648,6570,2,15648,6570,0,28,58,8,10.73913043478261,2.158751902587519,2.2817602178023444,1282.3492424049175,562.0,14183,1.018213190184049,1.0,582.0,582.0,15648,15933,2.158751902587519,2.2817602178023444,1282.3492424049175,562.0,6570,14183,,,0.0,0.0,0,0,156,435.0,8.0,115.0,75.0,142.796331799591,128.0,1.1155963421843047,239.1372907153729,140.0,1.7081235051098065,112.08064928425358,107.0,1.047482703591155,1.9929114596902655,2.1947540975103013,1.1697050563352362,1.2523349783787336,2.919206173730365,1.6707077332104112,1.892527457509194,2.188618074361362
C:\Users\JackM\40xMBPCNP\40xN1N2N3N4lif\Pranlukast_0606.lif,Pranlukast_0606,2,Image 3,Pranlukast_0606_S3_Image_3,30,7221,3448,2,7212,3448,0,11,33,6,10.409090909090908,1.8271461716937354,1.549455028868626,610.4852813742386,394.0,6300,1.0965058236272878,1.0261793889045254,447.4142135623731,436.0,7212,7908,1.8271461716937354,1.549455028868626,610.4852813742386,394.0,3448,6300,,,0.0,0.0,0,0,77,192.5,6.0,20.0,35.0,140.95479755962285,128.0,1.1012093559345535,220.44141531322506,140.0,1.5745815379516077,111.40931780366057,107.0,1.0412085776043043,1.9929114596902655,2.1947540975103013,1.1697050563352362,1.2523349783787336,2.919206173730365,1.6707077332104112,1.892527457509194,2.188618074361362
C:\Users\JackM\40xMBPCNP\40xN1N2N3N4lif\Pranlukast_0606.lif,Pranlukast_0606,2,Image 3,Pranlukast_0606_S3_Image_3,31,13428,4654,1,2115,4654,0,19,35,7,11.529411764705882,2.591104426299957,1.5871719647139173,971.3492424049174,612.0,12059,3.6212765957446806,0.8810048737865818,431.6923881554251,490.0,2115,7659,2.591104426299957,1.5871719647139173,971.3492424049174,612.0,4654,12059,,,0.0,0.0,0,0,123,307.5,4.0,40.0,60.0,143.51347517730497,128.0,1.121199024822695,207.44327460249247,140.0,1.481737675732089,112.6349346520664,107.0,1.0526629406735177,1.9929114596902655,2.1947540975103013,1.1697050563352362,1.2523349783787336,2.919206173730365,1.6707077332104112,1.892527457509194,2.188618074361362
C:\Users\JackM\40xMBPCNP\40xN1N2N3N4lif\Pranlukast_0606.lif,Pranlukast_0606,2,Image 3,Pranlukast_0606_S3_Image_3,32,15868,11305,2,15453,11305,0,32,125,32,8.935064935064934,1.3024325519681557,1.7749474334794237,993.9705627484773,560.0,14724,1.0427748657218663,1.324598573181427,778.863961030679,588.0,15453,16114,1.3024325519681557,1.7749474334794237,993.9705627484773,560.0,11305,14724,,,0.0,0.0,0,0,95,332.5,10.0,65.0,45.0,145.45563968161522,128.0,1.136372185012619,377.7189739053516,140.0,2.6979926707525115,111.46632190512673,107.0,1.0417413262161377,1.9929114596902655,2.1947540975103013,1.1697050563352362,1.2523349783787336,2.919206173730365,1.6707077332104112,1.892527457509194,2.188618074361362
C:\Users\JackM\40xMBPCNP\40xN1N2N3N4lif\Pranlukast_0606.lif,Pranlukast_0606,2,Image 3,Pranlukast_0606_S3_Image_3,33,47458,21536,3,35000,21513,57,63,166,34,11.062015503875969,2.9994892273402676,2.4301330676334167,3207.77564927611,1320.0,64597,1.8736857142857142,2.7996759687409356,3762.7645019878173,1344.0,35000,65579,3.0026960442523127,2.4225573100576594,3197.7756492761105,1320.0,21513,64597,3.526315789473684,0.5851715203569643,38.621320343559645,66.0,57,201,215,992.5,12.0,55.0,105.0,139.671,128.0,1.0911796875,273.2704411286199,140.0,1.951931722347285,128.3684210526316,107.0,1.1997048696507626,1.9929114596902655,2.1947540975103013,1.1697050563352362,1.2523349783787336,2.919206173730365,1.6707077332104112,1.892527457509194,2.188618074361362
C:\Users\JackM\40xMBPCNP\40xN1N2N3N4lif\Pranlukast_0606.lif,Pranlukast_0606,2,Image 3,Pranlukast_0606_S3_Image_3,34,7419,4109,2,7268,4109,0,13,61,18,8.717948717948717,1.6899488926746167,2.0541594866480213,846.3137084989849,412.0,6944,1.0727848101265822,1.2374090642993842,537.0355339059328,434.0,7268,7797,1.6899488926746167,2.0541594866480213,846.3137084989849,412.0,4109,6944,,,0.0,0.0,0,0,84,232.5,7.0,30.0,40.0,148.80310952118876,128.0,1.1625242931342872,230.28717449501096,140.0,1.6449083892500782,110.48872077028886,107.0,1.0326048670120456,1.9929114596902655,2.1947540975103013,1.1697050563352362,1.2523349783787336,2.919206173730365,1.6707077332104112,1.892527457509194,2.188618074361362
C:\Users\JackM\40xMBPCNP\40xN1N2N3N4lif\Pranlukast_0606.lif,Pranlukast_0606,2,Image 3,Pranlukast_0606_S3_Image_3,35,13476,4137,2,13456,1489,3056,18,50,14,9.368421052631579,2.511723471114334,1.848446064227243,935.3137084989849,506.0,10391,1.0350029726516052,1.0813874795024607,603.4142135623731,558.0,13456,13927,2.3955674949630623,1.4117872413715316,460.2426406871193,326.0,1489,3567,2.5346858638743455,1.5715266086495643,678.8994949366117,432.0,3056,7746,128,337.5,7.0,95.0,64.34782608695652,169.60627229488705,128.0,1.325049002303805,204.46742780389522,140.0,1.4604816271706802,129.98527486910996,107.0,1.214815652982336,1.9929114596902655,2.1947540975103013,1.1697050563352362,1.2523349783787336,2.919206173730365,1.6707077332104112,1.892527457509194,2.188618074361362
C:\Users\JackM\40xMBPCNP\40xN1N2N3N4lif\Pranlukast_0606.lif,Pranlukast_0606,2,Image 3,Pranlukast_0606_S3_Image_3,36,6162,3170,1,2877,3170,6,17,79,22,6.469387755102041,1.4782334384858045,1.9794788190640253,621.556349186104,314.0,4686,1.2502606882168925,1.165508183959553,319.3492424049175,274.0,2877,3597,1.4782334384858045,1.9794788190640253,621.556349186104,314.0,3170,4686,1.6666666666666667,0.58374419984574,4.207106781186548,7.207106781186548,6,10,59,147.5,7.0,35.0,27.5,139.52554744525548,128.0,1.0900433394160585,217.0731861198738,140.0,1.5505227579990986,128.83333333333334,107.0,1.2040498442367602,1.9929114596902655,2.1947540975103013,1.1697050563352362,1.2523349783787336,2.919206173730365,1.6707077332104112,1.892527457509194,2.188618074361362
C:\Users\JackM\40xMBPCNP\40xN1N2N3N4lif\Pranlukast_0606.lif,Pranlukast_0606,2,Image 3,Pranlukast_0606_S3_Image_3,37,4835,3407,1,4835,2732,1950,20,67,13,6.3,1.4006457293806869,1.910918633260807,592.3847763108502,310.0,4772,1.0328852119958636,1.0108732915999143,317.4142135623731,314.0,4835,4994,1.526354319180088,2.3619674577533694,684.970562748477,290.0,2732,4170,1.6174358974358973,1.1246915703625577,339.6568542494924,302.0,1950,3154,62,142.5,11.0,35.0,27.5,235.4448810754912,128.0,1.839413133402275,251.66764275256222,140.0,1.7976260196611586,135.48615384615385,107.0,1.2662257368799426,1.9929114596902655,2.1947540975103013,1.1697050563352362,1.2523349783787336,2.919206173730365,1.6707077332104112,1.892527457509194,2.188618074361362
C:\Users\JackM\40xMBPCNP\40xN1N2N3N4lif\Pranlukast_0606.lif,Pranlukast_0606,2,Image 3,Pranlukast_0606_S3_Image_3,38,60262,37273,7,60262,2525,37172,64,302,65,11.28061224489796,1.7763796850266949,2.631872012888902,3374.059920523572,1282.0,66211,1.1250207427566294,1.0730275509700153,1375.6213203435595,1282.0,60262,67796,9.261386138613862,0.9645409562877185,781.278174593052,810.0,2525,23385,1.7812062843000107,2.6211408433780745,3360.3025612106917,1282.0,37172,66211,382,997.5,7.0,210.0,187.5,351.29977431880786,128.0,2.7445294868656864,199.1508910891089,140.0,1.4225063649222065,153.79438824921985,107.0,1.43733073130112,1.9929114596902655,2.1947540975103013,1.1697050563352362,1.2523349783787336,2.919206173730365,1.6707077332104112,1.892527457509194,2.188618074361362
C:\Users\JackM\40xMBPCNP\40xN1N2N3N4lif\Pranlukast_0606.lif,Pranlukast_0606,2,Image 3,Pranlukast_0606_S3_Image_3,39,29875,15473,2,29822,15473,0,33,110,22,11.636363636363637,2.322691139404123,2.0092060491544377,1981.0771644662755,986.0,35939,1.2440480182415665,1.1247395148655053,1111.2426406871193,988.0,29822,37100,2.322691139404123,2.0092060491544377,1981.0771644662755,986.0,15473,35939,,,0.0,0.0,0,0,179,597.5,8.0,55.0,87.5,141.8518878680169,128.0,1.108217873968882,312.68648613714214,140.0,2.2334749009795867,112.16726407825533,107.0,1.048292187647246,1.9929114596902655,2.1947540975103013,1.1697050563352362,1.2523349783787336,2.919206173730365,1.6707077332104112,1.892527457509194,2.188618074361362
C:\Users\JackM\40xMBPCNP\40xN1N2N3N4lif\Pranlukast_0606.lif,Pranlukast_0606,2,Image 3,Pranlukast_0606_S3_Image_3,40,142707,69462,3,142625,3805,67965,119,605,149,9.93144208037825,1.9711065042757192,3.711283318618658,6606.084307141211,1780.0,136917,1.1289184925503943,1.1048945437067725,2081.6213203435595,1884.0,142625,161012,14.635216819973719,0.7636524169142922,897.4497474683059,1175.2071067811867,3805,55687,1.97837122048113,3.6162178686354642,6400.705627484772,1770.0,67965,134460,390,2062.5,14.0,335.0,194.33333333333334,306.71032427695,128.0,2.396174408413672,206.64231274638632,140.0,1.4760165196170452,149.41636136246598,107.0,1.3964145921725792,1.9929114596902655,2.1947540975103013,1.1697050563352362,1.2523349783787336,2.919206173730365,1.6707077332104112,1.892527457509194,2.188618074361362
C:\Users\JackM\40xMBPCNP\40xN1N2N3N4lif\Pranlukast_0606.lif,Pranlukast_0606,2,Image 3,Pranlukast_0606_S3_Image_3,41,4174,2565,1,2587,2565,0,5,5,4,10.5,1.0838206627680311,1.1172720119878732,259.20710678118655,232.0,2780,1.1151913413219945,1.1085874983183968,268.27817459305203,242.0,2587,2885,1.0838206627680311,1.1172720119878732,259.20710678118655,232.0,2565,2780,,,0.0,0.0,0,0,46,92.5,8.0,30.0,20.0,150.21955933513723,128.0,1.1735903073057596,260.70409356725145,140.0,1.8621720969089388,113.32217422606192,107.0,1.0590857404304852,1.9929114596902655,2.1947540975103013,1.1697050563352362,1.2523349783787336,2.919206173730365,1.6707077332104112,1.892527457509194,2.188618074361362
C:\Users\JackM\40xMBPCNP\40xN1N2N3N4lif\Pranlukast_0606.lif,Pranlukast_0606,2,Image 3,Pranlukast_0606_S3_Image_3,42,61729,38410,3,61729,3323,37575,73,371,90,9.430327868852459,1.7602447279354334,3.2586751062948425,3877.8233764908628,1190.0,67611,1.143919389589982,1.080640905266865,1305.414213562373,1208.0,61729,70613,4.577791152572976,1.0525915509503443,629.4497474683059,598.0,3323,15212,1.782115768463074,3.248098815170786,3865.2375900532356,1190.0,37575,66963,283,1227.5,13.0,180.0,140.0,278.7339338074487,128.0,2.177608857870693,284.12879927776106,140.0,2.029491423412579,164.54488356620092,107.0,1.5378026501514106,1.9929114596902655,2.1947540975103013,1.1697050563352362,1.2523349783787336,2.919206173730365,1.6707077332104112,1.892527457509194,2.188618074361362
C:\Users\JackM\40xMBPCNP\40xN1N2N3N4lif\Pranlukast_0606.lif,Pranlukast_0606,2,Image 3,Pranlukast_0606_S3_Image_3,43,6131,2493,1,4945,2493,0,12,34,11,8.91304347826087,1.5880465302847975,1.4882441969149198,449.4497474683058,302.0,3959,1.1019211324570273,1.303045690940825,461.27817459305203,354.0,4945,5449,1.5880465302847975,1.4882441969149198,449.4497474683058,302.0,2493,3959,,,0.0,0.0,0,0,70,127.5,8.0,30.0,32.5,146.56198179979776,128.0,1.14501548281092,218.04853590052147,140.0,1.557489542146582,112.73091265947006,107.0,1.0535599313969164,1.9929114596902655,2.1947540975103013,1.1697050563352362,1.2523349783787336,2.919206173730365,1.6707077332104112,1.892527457509194,2.188618074361362
C:\Users\JackM\40xMBPCNP\40xN1N2N3N4lif\Pranlukast_0606.lif,Pranlukast_0606,2,Image 3,Pranlukast_0606_S3_Image_3,45,32827,15489,4,32560,15365,155,39,119,21,12.195402298850574,2.121118212925302,2.36946830047216,2056.698484809835,868.0,32854,1.0507371007371007,1.2125406467445146,1052.4852813742386,868.0,32560,34212,2.1297103807354376,2.289259406067137,1987.0771644662752,868.0,15365,32723,71.47741935483872,0.18016140759202987,92.24264068711929,512.0,155,11079,149,722.5,14.0,85.0,72.5,187.61360565110564,128.0,1.4657312941492628,324.00559713634885,140.0,2.3143256938310635,128.83225806451614,107.0,1.204039794995478,1.9929114596902655,2.1947540975103013,1.1697050563352362,1.2523349783787336,2.919206173730365,1.6707077332104112,1.892527457509194,2.188618074361362
C:\Users\JackM\40xMBPCNP\40xN1N2N3N4lif\Pranlukast_0606.lif,Pranlukast_0606,2,Image 3,Pranlukast_0606_S3_Image_3,46,22255,13538,2,22255,3334,11751,25,68,19,16.037037037037038,1.857733786379081,2.3384693546851407,1824.00609665441,780.0,25150,1.174118175690856,1.0458015267175573,822.0,786.0,22255,26130,6.032993401319736,1.35906201024695,1011.1421356237308,744.0,3334,20114,1.98000170198281,1.9664089613759272,1533.7989898732233,780.0,11751,23267,185,607.5,11.0,120.0,90.0,470.9766793978881,128.0,3.679505307796001,194.4898020395921,140.0,1.389212871711372,147.95396136499022,107.0,1.3827473024765442,1.9929114596902655,2.1947540975103013,1.1697050563352362,1.2523349783787336,2.919206173730365,1.6707077332104112,1.892527457509194,2.188618074361362
C:\Users\JackM\40xMBPCNP\40xN1N2N3N4lif\Pranlukast_0606.lif,Pranlukast_0606,2,Image 3,Pranlukast_0606_S3_Image_3,47,13967,4153,5,2461,1716,2570,34,56,10,7.369565217391305,2.255718757524681,1.8232878879068577,860.5918830920368,472.0,9368,2.1462819991873223,1.0480890728297982,396.1776695296637,378.0,2461,5282,2.613053613053613,1.034395617729088,386.8639610306789,374.0,1716,4484,2.936575875486381,1.262735960155311,545.7634559672906,432.20710678118655,2570,7547,109,295.0,6.0,40.0,52.5,142.72003250711094,128.0,1.1150002539618042,204.36655011655012,140.0,1.4597610722610723,130.52217898832686,107.0,1.219833448489036,1.9929114596902655,2.1947540975103013,1.1697050563352362,1.2523349783787336,2.919206173730365,1.6707077332104112,1.892527457509194,2.188618074361362
C:\Users\JackM\40xMBPCNP\40xN1N2N3N4lif\Pranlukast_0606.lif,Pranlukast_0606,2,Image 3,Pranlukast_0606_S3_Image_3,48,45314,26089,5,45314,4924,23864,58,197,45,9.624161073825503,1.759937138257503,2.3841169274191305,2403.1898628384834,1008.0,45915,1.198305159553339,1.1572740042007346,1196.6213203435595,1034.0,45314,54300,4.431762794476036,1.2996887578516982,987.7634559672906,760.0,4924,21822,1.8693010392222595,2.4120478078295466,2358.9827560572967,978.0,23864,44609,191,882.5,18.0,95.0,92.5,421.0287769784173,128.0,3.289287320143885,212.43460601137286,140.0,1.5173900429383775,148.69975695608449,107.0,1.3897173547297614,1.9929114596902655,2.1947540975103013,1.1697050563352362,1.2523349783787336,2.919206173730365,1.6707077332104112,1.892527457509194,2.188618074361362
C:\Users\JackM\40xMBPCNP\40xN1N2N3N4lif\Pranlukast_0606.lif,Pranlukast_0606,2,Image 3,Pranlukast_0606_S3_Image_3,49,23216,16801,2,6267,16801,924,16,53,11,12.272727272727273,1.545681804654485,1.3242676767519654,1085.8994949366117,820.0,25969,1.2482846657092708,1.5277677470996347,626.3847763108503,410.0,6267,7823,1.545681804654485,1.3242676767519654,1085.8994949366117,820.0,16801,25969,1.54004329004329,1.0432922519093806,204.48528137423858,196.0,924,1423,189,312.5,6.0,80.0,92.5,144.4876336365087,128.0,1.1288096377852241,465.4295577644188,140.0,3.3244968411744202,129.51298701298703,107.0,1.2104017477849254,1.9929114596902655,2.1947540975103013,1.1697050563352362,1.2523349783787336,2.919206173730365,1.6707077332104112,1.892527457509194,2.188618074361362
C:\Users\JackM\40xMBPCNP\40xN1N2N3N4lif\Pranlukast_0606.lif,Pranlukast_0606,2,Image 3,Pranlukast_0606_S3_Image_3,50,15808,6162,2,6702,6162,57,25,59,14,10.853658536585366,2.241966893865628,1.8835522227510746,1058.556349186104,562.0,13815,1.5816174276335422,1.701254833995939,850.6274169979695,500.0,6702,10600,2.241966893865628,1.8835522227510746,1058.556349186104,562.0,6162,13815,1.5614035087719298,0.9126903958192328,41.071067811865476,45.0,57,89,142,400.0,8.0,30.0,72.08333333333333,146.4364368845121,128.0,1.1440346631602507,245.79454722492696,140.0,1.7556753373209069,128.05263157894737,107.0,1.1967535661583866,1.9929114596902655,2.1947540975103013,1.1697050563352362,1.2523349783787336,2.919206173730365,1.6707077332104112,1.892527457509194,2.188618074361362
C:\Users\JackM\40xMBPCNP\40xN1N2N3N4lif\Pranlukast_0606.lif,Pranlukast_0606,2,Image 3,Pranlukast_0606_S3_Image_3,51,17540,5202,2,17100,1244,3958,40,77,23,6.1866666666666665,2.827374086889658,1.7670651054537292,1196.6690475583123,677.2071067811866,14708,1.1259649122807018,1.1854493596393525,834.5563491861042,704.0,17100,19254,2.745176848874598,0.8480760517910746,301.2426406871193,355.20710678118655,1244,3415,3.0176856998484083,1.4943891894206323,896.6335136523794,600.0,3958,11944,123,542.5,11.0,70.0,57.5,208.2419298245614,128.0,1.626890076754386,173.81028938906752,140.0,1.241502067064768,131.4378473976756,107.0,1.2283910971745382,1.9929114596902655,2.1947540975103013,1.1697050563352362,1.2523349783787336,2.919206173730365,1.6707077332104112,1.892527457509194,2.188618074361362
C:\Users\JackM\40xMBPCNP\40xN1N2N3N4lif\Pranlukast_0606.lif,Pranlukast_0606,2,Image 3,Pranlukast_0606_S3_Image_3,52,5961,2692,1,1478,2692,0,15,22,6,10.636363636363637,1.7425705794947994,1.5426364875356184,502.89949493661163,326.0,4691,1.6305818673883627,1.0212775071574927,245.1066017177982,240.0,1478,2410,1.7425705794947994,1.5426364875356184,502.89949493661163,326.0,2692,4691,,,0.0,0.0,0,0,57,152.5,7.0,45.0,25.0,135.84573748308526,128.0,1.0612948240866036,215.4851411589896,140.0,1.5391795797070684,109.65641952983725,107.0,1.0248263507461426,1.9929114596902655,2.1947540975103013,1.1697050563352362,1.2523349783787336,2.919206173730365,1.6707077332104112,1.892527457509194,2.188618074361362
C:\Users\JackM\40xMBPCNP\40xN1N2N3N4lif\Pranlukast_0606.lif,Pranlukast_0606,2,Image 3,Pranlukast_0606_S3_Image_3,53,17186,9987,1,38,9987,5,15,48,10,14.108108108108109,1.8089516371282668,1.7159219113921804,1115.3492424049173,650.0,18066,1.7105263157894737,0.7174563090207275,25.82842712474619,36.0,38,65,1.8089516371282668,1.7159219113921804,1115.3492424049173,650.0,9987,18066,2.2,0.3278417080583755,3.414213562373095,10.414213562373096,5,11,144,377.5,7.0,90.0,70.0,132.39473684210526,128.0,1.0343338815789473,342.8571142485231,140.0,2.4489793874894508,134.8,107.0,1.2598130841121495,1.9929114596902655,2.1947540975103013,1.1697050563352362,1.2523349783787336,2.919206173730365,1.6707077332104112,1.892527457509194,2.188618074361362
C:\Users\JackM\40xMBPCNP\40xN1N2N3N4lif\Pranlukast_0606.lif,Pranlukast_0606,3,Image 4,Pranlukast_0606_S4_Image_4,1,41001,7545,5,37752,7097,1030,68,70,19,7.686746987951807,3.1165009940357855,2.036734819167667,1507.1837661840736,740.0,23514,1.0483947870311507,1.114058662723691,1053.8994949366117,946.0,37752,39579,3.3132309426518245,1.9242927829768743,1423.976659402887,740.0,7097,23514,4.5,0.7663252421852339,257.4852813742386,336.0,1030,4635,201,652.5,9.0,85.0,97.5,157.29111040474677,128.0,1.2288368000370842,264.5244469494152,144.0,1.8369753260376056,129.41941747572815,108.0,1.1983279395900754,1.7651395561006817,1.9882527676644048,1.235423796281451,1.3323516075923378,3.368963898386263,1.443567029848135,1.572610387127967,1.937478610587651
C:\Users\JackM\40xMBPCNP\40xN1N2N3N4lif\Pranlukast_0606.lif,Pranlukast_0606,3,Image 4,Pranlukast_0606_S4_Image_4,2,79715,35612,2,79712,888,34995,73,188,45,13.09375,1.7628608334269347,2.0483657949072445,2511.2964645562815,1226.0,62779,1.0297571256523486,1.0141228726332254,1379.2071067811867,1360.0,79712,82084,48.61036036036036,0.36034114342302975,366.10660171779824,1016.0,888,43166,1.5189027003857694,2.1293592220889446,2308.225396744416,1084.0,34995,53154,329,922.5,12.0,265.0,162.5,234.1433410276997,128.0,1.829244851778904,186.22972972972974,144.0,1.2932620120120122,142.80565795113588,108.0,1.3222746106586656,1.7651395561006817,1.9882527676644048,1.235423796281451,1.3323516075923378,3.368963898386263,1.443567029848135,1.572610387127967,1.937478610587651
C:\Users\JackM\40xMBPCNP\40xN1N2N3N4lif\Pranlukast_0606.lif,Pranlukast_0606,3,Image 4,Pranlukast_0606_S4_Image_4,5,34723,16945,2,34475,790,16599,54,181,48,9.385185185185184,1.9362643847742698,2.2804983384347044,2093.4974746830585,918.0,32810,1.0693255982596084,1.214163519679771,1141.3137084989849,940.0,34475,36865,16.564556962025318,0.5766629768922891,354.0710678118655,614.0,790,13086,1.768660762696548,2.2961343369704954,1970.0832611206852,858.0,16599,29358,239,657.5,8.0,105.0,117.5,163.31013778100072,128.0,1.2758604514140681,172.25063291139242,144.0,1.1961849507735585,136.65365383456836,108.0,1.2653116095793366,1.7651395561006817,1.9882527676644048,1.235423796281451,1.3323516075923378,3.368963898386263,1.443567029848135,1.572610387127967,1.937478610587651
C:\Users\JackM\40xMBPCNP\40xN1N2N3N4lif\Pranlukast_0606.lif,Pranlukast_0606,3,Image 4,Pranlukast_0606_S4_Image_4,7,24514,6481,2,24514,6481,56,34,82,12,7.953125,3.6042277426323097,1.6870729406953149,1302.420310216783,772.0,23359,1.0966794484784206,1.0399002493765586,834.0,802.0,24514,26884,3.6042277426323097,1.6870729406953149,1302.420310216783,772.0,6481,23359,1.1785714285714286,0.9559503767325859,34.41421356237309,36.0,56,66,188,442.5,7.0,80.0,92.5,142.39238802317044,128.0,1.112440531431019,222.50763771022991,144.0,1.5451919285432634,128.33928571428572,108.0,1.1883267195767198,1.7651395561006817,1.9882527676644048,1.235423796281451,1.3323516075923378,3.368963898386263,1.443567029848135,1.572610387127967,1.937478610587651
C:\Users\JackM\40xMBPCNP\40xN1N2N3N4lif\Pranlukast_0606.lif,Pranlukast_0606,3,Image 4,Pranlukast_0606_S4_Image_4,8,61810,30303,4,31854,30303,0,112,300,65,8.94758064516129,2.017061017061017,3.396968559646781,3879.338095116624,1142.0,61123,1.6167200351604194,2.3133998644503158,2665.5157646462876,1152.2071067811867,31854,51499,2.017061017061017,3.396968559646781,3879.338095116624,1142.0,30303,61123,,,0.0,0.0,0,0,185,1392.5,25.0,95.0,90.0,140.7950021975262,128.0,1.0999609546681735,379.66369666369667,144.0,2.6365534490534492,112.47362992827341,108.0,1.041422499335865,1.7651395561006817,1.9882527676644048,1.235423796281451,1.3323516075923378,3.368963898386263,1.443567029848135,1.572610387127967,1.937478610587651
C:\Users\JackM\40xMBPCNP\40xN1N2N3N4lif\Pranlukast_0606.lif,Pranlukast_0606,3,Image 4,Pranlukast_0606_S4_Image_4,9,27079,27078,0,27079,460,27074,2,6,0,78.0,1.0499298323362138,1.0136081034467912,865.6213203435597,854.0,28430,1.0498910594925956,1.0117096018735363,864.0,854.0,27079,28430,16.91521739130435,0.47356179971990325,228.82842712474618,483.20710678118655,460,7781,1.0500849523528109,1.0276596256950348,877.6213203435597,854.0,27074,28430,165,327.5,7.0,70.0,80.0,162.11263340596034,128.0,1.2665049484840651,211.06304347826088,144.0,1.465715579710145,282.8382950432149,108.0,2.6188731022519898,1.7651395561006817,1.9882527676644048,1.235423796281451,1.3323516075923378,3.368963898386263,1.443567029848135,1.572610387127967,1.937478610587651
C:\Users\JackM\40xMBPCNP\40xN1N2N3N4lif\Pranlukast_0606.lif,Pranlukast_0606,3,Image 4,Pranlukast_0606_S4_Image_4,10,11304,7202,1,11304,5115,4671,21,41,18,10.894736842105264,1.6016384337683978,1.5879155758384162,803.4852813742386,506.0,11535,1.0942144373673035,1.006097161180963,529.2071067811866,526.0,11304,12369,1.6649071358748777,1.8419498297668526,769.9350288425444,418.0,5115,8516,1.5131663455362878,1.5129441738241591,629.3847763108502,416.0,4671,7068,98,302.5,15.0,50.0,45.588235294117645,152.33448336871905,128.0,1.1901131513181176,262.0535679374389,144.0,1.8198164440099924,137.28559195033185,108.0,1.2711628884289985,1.7651395561006817,1.9882527676644048,1.235423796281451,1.3323516075923378,3.368963898386263,1.443567029848135,1.572610387127967,1.937478610587651
C:\Users\JackM\40xMBPCNP\40xN1N2N3N4lif\Pranlukast_0606.lif,Pranlukast_0606,3,Image 4,Pranlukast_0606_S4_Image_4,11,25832,9001,1,1241,9001,0,37,92,22,9.602564102564102,3.085990445506055,2.2966288011335574,1869.4558441227157,814.0,27777,6.460918614020951,0.5959155575576229,297.4852813742386,499.20710678118655,1241,8018,3.085990445506055,2.2966288011335574,1869.4558441227157,814.0,9001,27777,,,0.0,0.0,0,0,135,662.5,11.0,90.0,65.0,140.6631748589847,128.0,1.0989310535858179,240.39640039995555,144.0,1.6694194472219135,112.49159216687953,108.0,1.0415888163599956,1.7651395561006817,1.9882527676644048,1.235423796281451,1.3323516075923378,3.368963898386263,1.443567029848135,1.572610387127967,1.937478610587651
C:\Users\JackM\40xMBPCNP\40xN1N2N3N4lif\Pranlukast_0606.lif,Pranlukast_0606,3,Image 4,Pranlukast_0606_S4_Image_4,12,10874,3945,1,5680,3945,0,14,40,5,11.466666666666667,2.4458808618504437,1.5279638636568313,791.4852813742386,518.0,9649,1.43943661971831,1.2838383028969436,572.5918830920368,446.0,5680,8176,2.4458808618504437,1.5279638636568313,791.4852813742386,518.0,3945,9649,,,0.0,0.0,0,0,90,252.5,8.0,65.0,42.5,138.49207746478874,128.0,1.081969355193662,226.98833967046895,144.0,1.5763079143782566,112.87140366172625,108.0,1.0451055894604282,1.7651395561006817,1.9882527676644048,1.235423796281451,1.3323516075923378,3.368963898386263,1.443567029848135,1.572610387127967,1.937478610587651
C:\Users\JackM\40xMBPCNP\40xN1N2N3N4lif\Pranlukast_0606.lif,Pranlukast_0606,3,Image 4,Pranlukast_0606_S4_Image_4,13,9109,2336,1,9090,2336,0,9,23,6,11.555555555555555,1.7709760273972603,1.4108696264082987,489.8639610306789,347.20710678118655,4137,1.0144114411441143,1.0358470082845885,445.4142135623731,430.0,9090,9221,1.7709760273972603,1.4108696264082987,489.8639610306789,347.20710678118655,2336,4137,,,0.0,0.0,0,0,67,127.5,4.0,25.0,30.0,143.6181518151815,128.0,1.1220168110561055,225.90796232876713,144.0,1.5688052939497716,112.89834983498349,108.0,1.045355091064662,1.7651395561006817,1.9882527676644048,1.235423796281451,1.3323516075923378,3.368963898386263,1.443567029848135,1.572610387127967,1.937478610587651
C:\Users\JackM\40xMBPCNP\40xN1N2N3N4lif\Pranlukast_0606.lif,Pranlukast_0606,3,Image 4,Pranlukast_0606_S4_Image_4,14,20380,5094,1,702,5094,0,32,28,5,12.135135135135135,3.846093443266588,1.3748696564602378,1215.3847763108502,884.0,19592,7.8262108262108265,0.5272877657319146,238.9705627484771,453.20710678118655,702,5494,3.846093443266588,1.3748696564602378,1215.3847763108502,884.0,5094,19592,,,0.0,0.0,0,0,247,482.5,6.0,35.0,119.23913043478261,138.99287749287748,128.0,1.0858818554131053,227.95072634471927,144.0,1.5829911551716616,110.00436363636364,108.0,1.0185589225589224,1.7651395561006817,1.9882527676644048,1.235423796281451,1.3323516075923378,3.368963898386263,1.443567029848135,1.572610387127967,1.937478610587651
C:\Users\JackM\40xMBPCNP\40xN1N2N3N4lif\Pranlukast_0606.lif,Pranlukast_0606,3,Image 4,Pranlukast_0606_S4_Image_4,15,7614,3387,1,7614,3138,2361,13,11,2,11.642857142857142,1.5742545025095955,1.0048540651840596,385.8639610306789,384.0,5332,1.0182558444969791,1.0044247787610618,454.0,452.0,7614,7753,1.5567240280433396,0.9267258898432212,333.62132034355966,360.0,3138,4885,1.418890300720034,1.2714262439475192,394.14213562373095,310.0,2361,3350,81,157.5,6.0,25.0,35.76923076923077,200.67244549514052,128.0,1.5677534804307853,408.18100701083495,144.0,2.8345903264641317,134.85175772977553,108.0,1.2486273863868105,1.7651395561006817,1.9882527676644048,1.235423796281451,1.3323516075923378,3.368963898386263,1.443567029848135,1.572610387127967,1.937478610587651
C:\Users\JackM\40xMBPCNP\40xN1N2N3N4lif\Pranlukast_0606.lif,Pranlukast_0606,3,Image 4,Pranlukast_0606_S4_Image_4,16,69245,49509,5,69245,4580,47316,79,342,114,10.136546184738956,1.3978266577793936,2.200463594313919,2891.4091629284894,1314.0,69205,1.0882374178641057,1.0089153046062407,1358.0,1346.0,69245,75355,11.341484716157206,0.9589394097035626,1159.556349186104,1209.2071067811867,4580,51944,1.3711006847577987,2.056977545846943,2645.2731239591685,1286.0,47316,64875,349,1047.5,9.0,215.0,172.5,331.6642212434111,128.0,2.591126728464149,224.19519650655022,144.0,1.5569110868510432,164.30668272888664,108.0,1.521358173415617,1.7651395561006817,1.9882527676644048,1.235423796281451,1.3323516075923378,3.368963898386263,1.443567029848135,1.572610387127967,1.937478610587651
C:\Users\JackM\40xMBPCNP\40xN1N2N3N4lif\Pranlukast_0606.lif,Pranlukast_0606,3,Image 4,Pranlukast_0606_S4_Image_4,17,10892,5071,1,0,5071,0,12,16,3,16.466666666666665,1.5635969236836915,1.2800437106202056,570.8994949366117,446.0,7929,,,0.0,0.0,0,0,1.5635969236836915,1.2800437106202056,570.8994949366117,446.0,5071,7929,,,0.0,0.0,0,0,78,187.5,6.0,40.0,35.0,131.04259514888582,128.0,1.0237702746006705,355.24807730230725,144.0,2.467000536821578,108.65864720962335,108.0,1.0060985852742903,1.7651395561006817,1.9882527676644048,1.235423796281451,1.3323516075923378,3.368963898386263,1.443567029848135,1.572610387127967,1.937478610587651
C:\Users\JackM\40xMBPCNP\40xN1N2N3N4lif\Pranlukast_0606.lif,Pranlukast_0606,3,Image 4,Pranlukast_0606_S4_Image_4,18,11152,6806,1,8996,67,6802,35,96,40,7.580246913580247,1.446223920070526,2.101382824483497,975.0416305603426,464.0,9843,1.139172965762561,1.2766581792633143,615.3492424049175,482.0,8996,10248,3.3134328358208953,0.36295986372357264,35.207106781186546,97.0,67,222,1.4454572184651573,2.094470956420595,971.834523779156,464.0,6802,9832,80,362.5,12.0,40.0,37.5,143.09526456202758,128.0,1.1179317543908405,166.4179104477612,144.0,1.1556799336650083,136.96074683916495,108.0,1.2681550633256014,1.7651395561006817,1.9882527676644048,1.235423796281451,1.3323516075923378,3.368963898386263,1.443567029848135,1.572610387127967,1.937478610587651
C:\Users\JackM\40xMBPCNP\40xN1N2N3N4lif\Pranlukast_0606.lif,Pranlukast_0606,3,Image 4,Pranlukast_0606_S4_Image_4,19,53552,37017,3,53552,4904,34789,93,274,79,10.009661835748792,1.4435259475376179,2.6232171443917607,2780.6101730552664,1060.0,53435,1.0464034956677621,1.008588719012301,1081.2071067811867,1072.0,53552,56037,8.346859706362153,1.257441193781487,1169.420310216783,930.0,4904,40933,1.5357153123113627,2.563654843477307,2717.4741340859455,1060.0,34789,53426,167,972.5,19.0,120.0,80.0,216.27466761278757,128.0,1.6896458407249029,219.49143556280586,144.0,1.5242460802972628,148.2973066199086,108.0,1.3731232094435981,1.7651395561006817,1.9882527676644048,1.235423796281451,1.3323516075923378,3.368963898386263,1.443567029848135,1.572610387127967,1.937478610587651
C:\Users\JackM\40xMBPCNP\40xN1N2N3N4lif\Pranlukast_0606.lif,Pranlukast_0606,3,Image 4,Pranlukast_0606_S4_Image_4,20,21111,12602,1,852,11434,2358,24,126,20,10.058823529411764,1.842009204888113,1.8791780639565145,1368.0416305603426,728.0,23213,2.971830985915493,0.6199589009748412,202.1066017177982,326.0,852,2532,1.8929508483470352,1.8190153086731862,1308.2487373415292,719.2071067811866,11434,21644,1.5759117896522477,1.0316659014191087,340.4497474683059,330.0,2358,3716,126,447.5,9.0,65.0,60.0,137.69131455399062,128.0,1.0757133949530517,401.55842224943154,144.0,2.7886001545099415,139.28074639525022,108.0,1.2896365406967614,1.7651395561006817,1.9882527676644048,1.235423796281451,1.3323516075923378,3.368963898386263,1.443567029848135,1.572610387127967,1.937478610587651
C:\Users\JackM\40xMBPCNP\40xN1N2N3N4lif\Pranlukast_0606.lif,Pranlukast_0606,3,Image 4,Pranlukast_0606_S4_Image_4,21,15659,13308,5,15659,3620,13249,17,82,26,11.254901960784315,1.2301623083859332,1.5244766828837826,960.420310216783,630.0,16371,1.061753624113928,1.0146144552082326,639.2071067811866,630.0,15659,16626,2.628729281767956,1.2567198074238581,681.1421356237311,542.0,3620,9516,1.235640425692505,1.542923223111655,972.0416305603426,630.0,13249,16371,128,347.5,15.0,70.0,62.5,165.2467590523022,128.0,1.290990305096111,250.73121546961326,144.0,1.7411889963167588,156.565854026719,108.0,1.4496838335807314,1.7651395561006817,1.9882527676644048,1.235423796281451,1.3323516075923378,3.368963898386263,1.443567029848135,1.572610387127967,1.937478610587651
C:\Users\JackM\40xMBPCNP\40xN1N2N3N4lif\Pranlukast_0606.lif,Pranlukast_0606,3,Image 4,Pranlukast_0606_S4_Image_4,22,8640,4081,2,8633,4021,133,15,41,7,8.066666666666666,1.4136241117373194,1.591489839820324,582.4852813742386,366.0,5769,1.023977759759064,1.0049265776365772,450.20710678118655,448.0,8633,8840,1.4083561303158418,1.5792607407608428,571.6923881554251,362.0,4021,5663,1.1804511278195489,0.9973688009831573,65.03553390593274,65.20710678118655,133,157,71,172.5,7.0,25.0,32.5,155.60558322715164,128.0,1.2156686189621222,246.5162894802288,144.0,1.7119186769460333,129.3984962406015,108.0,1.198134224450014,1.7651395561006817,1.9882527676644048,1.235423796281451,1.3323516075923378,3.368963898386263,1.443567029848135,1.572610387127967,1.937478610587651
C:\Users\JackM\40xMBPCNP\40xN1N2N3N4lif\Pranlukast_0606.lif,Pranlukast_0606,3,Image 4,Pranlukast_0606_S4_Image_4,23,10496,2406,1,6190,2406,0,17,23,2,11.590909090909092,3.0473815461346634,1.991124447914744,788.4852813742386,396.0,7332,1.2534733441033925,1.346751772455599,560.2487373415292,416.0,6190,7759,3.0473815461346634,1.991124447914744,788.4852813742386,396.0,2406,7332,,,0.0,0.0,0,0,112,302.5,6.0,80.0,54.21052631578947,138.68901453957997,128.0,1.0835079260904685,211.20199501246884,144.0,1.4666805209199225,108.54520836467579,108.0,1.00504822559885,1.7651395561006817,1.9882527676644048,1.235423796281451,1.3323516075923378,3.368963898386263,1.443567029848135,1.572610387127967,1.937478610587651
C:\Users\JackM\40xMBPCNP\40xN1N2N3N4lif\Pranlukast_0606.lif,Pranlukast_0606,3,Image 4,Pranlukast_0606_S4_Image_4,24,12525,7699,2,7616,4013,4121,15,74,21,10.043478260869565,1.4836991817119107,1.5839525574555275,893.3492424049175,564.0,11423,1.5873161764705883,1.6338045715123697,911.6629509039022,558.0,7616,12089,1.6845252927984051,1.5208997078183217,617.4852813742386,406.0,4013,6760,1.5435573889832566,1.2721593221121306,496.14213562373095,390.0,4121,6361,102,220.0,7.0,40.0,47.5,138.7826943277311,128.0,1.0842397994353992,223.7460752554199,144.0,1.5537921892737492,138.91045862654695,108.0,1.286207950245805,1.7651395561006817,1.9882527676644048,1.235423796281451,1.3323516075923378,3.368963898386263,1.443567029848135,1.572610387127967,1.937478610587651
C:\Users\JackM\40xMBPCNP\40xN1N2N3N4lif\Pranlukast_0606.lif,Pranlukast_0606,3,Image 4,Pranlukast_0606_S4_Image_4,25,9102,6580,1,5533,1210,6573,24,118,36,5.773809523809524,1.2738601823708207,1.8140190581738753,787.2842712474619,434.0,8382,1.246520874751491,1.4772252224584734,596.7989898732233,404.0,5533,6897,2.521487603305785,0.8784063615326736,267.03553390593277,304.0,1210,3051,1.2752167959835692,1.818627353104751,789.2842712474619,434.0,6573,8382,79,287.5,9.0,50.0,37.5,138.5503343574914,128.0,1.0824244871679016,219.27190082644628,144.0,1.5227215335169881,142.1265784268979,108.0,1.3159868372860917,1.7651395561006817,1.9882527676644048,1.235423796281451,1.3323516075923378,3.368963898386263,1.443567029848135,1.572610387127967,1.937478610587651
C:\Users\JackM\40xMBPCNP\40xN1N2N3N4lif\Pranlukast_0606.lif,Pranlukast_0606,3,Image 4,Pranlukast_0606_S4_Image_4,26,11783,6468,2,150,6468,0,23,42,17,9.710526315789474,1.6037414965986394,1.3096687512953065,662.6923881554251,506.0,10373,1.42,1.0438194687448552,77.24264068711929,74.0,150,213,1.6037414965986394,1.3096687512953065,662.6923881554251,506.0,6468,10373,,,0.0,0.0,0,0,126,232.5,5.0,105.0,60.0,139.41333333333333,128.0,1.0891666666666666,392.88048855906,144.0,2.728336726104583,109.95887445887446,108.0,1.0181377264710598,1.7651395561006817,1.9882527676644048,1.235423796281451,1.3323516075923378,3.368963898386263,1.443567029848135,1.572610387127967,1.937478610587651
C:\Users\JackM\40xMBPCNP\40xN1N2N3N4lif\Pranlukast_0606.lif,Pranlukast_0606,3,Image 4,Pranlukast_0606_S4_Image_4,27,12190,6974,2,1460,6974,0,20,48,15,10.461538461538462,1.4848006882707199,1.2993062154424608,652.5208152801713,502.20710678118655,10355,1.9671232876712328,1.3399576472634547,340.3492424049175,254.0,1460,2872,1.4848006882707199,1.2993062154424608,652.5208152801713,502.20710678118655,6974,10355,,,0.0,0.0,0,0,160,222.5,3.0,5.0,83.88888888888889,137.9404109589041,128.0,1.0776594606164382,353.622454832234,144.0,2.4557114918905136,108.97451780937632,108.0,1.0090233130497808,1.7651395561006817,1.9882527676644048,1.235423796281451,1.3323516075923378,3.368963898386263,1.443567029848135,1.572610387127967,1.937478610587651
C:\Users\JackM\40xMBPCNP\40xN1N2N3N4lif\Pranlukast_0606.lif,Pranlukast_0606,3,Image 4,Pranlukast_0606_S4_Image_4,28,15814,8031,3,14566,5011,5480,29,96,14,8.261538461538462,1.5701656082679616,1.8422169114725058,991.1126983722081,538.0,12610,1.1310586296855691,1.8168495823036572,1031.9705627484773,568.0,14566,16475,1.6234284573937339,1.5075774715043382,666.3492424049175,442.0,5011,8135,1.7822992700729927,2.2446832081659287,1041.533008588991,464.0,5480,9767,104,372.5,16.0,50.0,50.0,150.62865577371963,128.0,1.1767863732321846,293.9842346836959,144.0,2.0415571853034438,134.06441605839416,108.0,1.241337185725872,1.7651395561006817,1.9882527676644048,1.235423796281451,1.3323516075923378,3.368963898386263,1.443567029848135,1.572610387127967,1.937478610587651
C:\Users\JackM\40xMBPCNP\40xN1N2N3N4lif\Pranlukast_0606.lif,Pranlukast_0606,3,Image 4,Pranlukast_0606_S4_Image_4,29,12199,2963,2,6954,2963,0,10,6,1,13.636363636363637,2.2504218697266283,0.9077013824957219,359.4497474683059,396.0,6668,1.4009203336209375,2.1102277601282755,936.9411254969543,444.0,6954,9742,2.2504218697266283,0.9077013824957219,359.4497474683059,396.0,2963,6668,,,0.0,0.0,0,0,104,182.5,12.0,30.0,43.57142857142857,138.28242737992522,128.0,1.0803314639056658,308.5102936213297,144.0,2.1424325945925675,113.2303825746998,108.0,1.0484294682842574,1.7651395561006817,1.9882527676644048,1.235423796281451,1.3323516075923378,3.368963898386263,1.443567029848135,1.572610387127967,1.937478610587651
C:\Users\JackM\40xMBPCNP\40xN1N2N3N4lif\Pranlukast_0606.lif,Pranlukast_0606,3,Image 4,Pranlukast_0606_S4_Image_4,30,8890,3377,2,8096,296,3241,10,63,13,7.046511627906977,2.1667160201362154,1.4515824392638217,667.727922061358,460.0,7317,1.104866600790514,1.1648850449038626,554.4852813742386,476.0,8096,8945,7.361486486486487,0.6202471923890972,142.65685424949237,230.0,296,2179,2.1129281086084544,1.418119893981021,628.5208152801713,443.20710678118655,3241,6848,146,247.5,6.0,80.0,70.0,141.31558794466403,128.0,1.1040280308176877,183.40878378378378,144.0,1.2736721096096095,132.860536871336,108.0,1.230190156216074,1.7651395561006817,1.9882527676644048,1.235423796281451,1.3323516075923378,3.368963898386263,1.443567029848135,1.572610387127967,1.937478610587651
C:\Users\JackM\40xMBPCNP\40xN1N2N3N4lif\Pranlukast_0606.lif,Pranlukast_0606,3,Image 4,Pranlukast_0606_S4_Image_4,32,5438,3100,1,3501,3100,0,10,8,2,13.272727272727273,1.4141935483870969,1.1653739045339004,382.2426406871193,328.0,4384,1.0676949443016281,1.1194171877300716,302.2426406871193,270.0,3501,3738,1.4141935483870969,1.1653739045339004,382.2426406871193,328.0,3100,4384,,,0.0,0.0,0,0,78,142.5,11.0,35.0,35.0,156.89574407312196,128.0,1.2257480005712653,275.0896774193548,144.0,1.910344982078853,108.64736032803691,108.0,1.0059940771114528,1.7651395561006817,1.9882527676644048,1.235423796281451,1.3323516075923378,3.368963898386263,1.443567029848135,1.572610387127967,1.937478610587651
C:\Users\JackM\40xMBPCNP\40xN1N2N3N4lif\Pranlukast_0606.lif,Pranlukast_0606,3,Image 4,Pranlukast_0606_S4_Image_4,33,18361,12122,4,3167,3564,9728,37,143,29,8.25,1.4238574492657978,2.2361780336837493,1404.3198051533946,628.0,17260,1.7631828228607516,0.8637876634007944,347.2426406871193,402.0,3167,5584,4.415263748597082,1.4160761313922954,858.142135623731,606.0,3564,15736,1.513466282894737,1.7780465612732115,1045.4913780286483,588.0,9728,14723,114,455.0,10.0,55.0,55.0,139.91000947268708,128.0,1.0930469490053678,196.55415263748597,144.0,1.3649593933158748,135.64206414473685,108.0,1.255945038377193,1.7651395561006817,1.9882527676644048,1.235423796281451,1.3323516075923378,3.368963898386263,1.443567029848135,1.572610387127967,1.937478610587651
C:\Users\JackM\40xMBPCNP\40xN1N2N3N4lif\Pranlukast_0606.lif,Pranlukast_0606,3,Image 4,Pranlukast_0606_S4_Image_4,34,13306,4368,2,6527,3824,1251,20,34,10,11.10344827586207,2.514194139194139,1.6397868889452323,793.6568542494924,484.0,10982,1.3159184924161176,1.3306827282790452,580.1776695296637,436.0,6527,8589,2.8718619246861925,1.4922368609238001,722.2426406871193,484.0,3824,10982,2.785771382893685,1.1901385557456858,333.4852813742385,280.20710678118655,1251,3485,106,285.0,7.0,35.0,50.0,140.88478627240693,128.0,1.1006623927531791,222.3723849372385,144.0,1.5442526731752675,128.7585931254996,108.0,1.1922091956064778,1.7651395561006817,1.9882527676644048,1.235423796281451,1.3323516075923378,3.368963898386263,1.443567029848135,1.572610387127967,1.937478610587651
C:\Users\JackM\40xMBPCNP\40xN1N2N3N4lif\Pranlukast_0606.lif,Pranlukast_0606,3,Image 4,Pranlukast_0606_S4_Image_4,35,22996,13921,2,12293,4093,13744,29,74,20,12.983333333333333,1.5397600747072768,1.613047796178673,1090.420310216783,676.0,21435,1.3990889123891646,1.3175708796173815,793.1776695296637,602.0,12293,17199,1.8128512093818714,1.382089888413396,566.6568542494924,410.0,4093,7420,1.5536233993015134,1.5340326873585945,1037.00609665441,676.0,13744,21353,115,332.5,10.0,70.0,55.0,141.11388595135443,128.0,1.1024522339949565,305.36257024187637,144.0,2.120573404457475,141.5998253783469,108.0,1.3111094942439527,1.7651395561006817,1.9882527676644048,1.235423796281451,1.3323516075923378,3.368963898386263,1.443567029848135,1.572610387127967,1.937478610587651
C:\Users\JackM\40xMBPCNP\40xN1N2N3N4lif\Pranlukast_0606.lif,Pranlukast_0606,3,Image 4,Pranlukast_0606_S4_Image_4,37,8742,3167,1,0,3167,0,15,33,6,7.851851851851852,1.5712030312598675,1.3347522847199957,456.4852813742385,342.0,4976,,,0.0,0.0,0,0,1.5712030312598675,1.3347522847199957,456.4852813742385,342.0,3167,4976,,,0.0,0.0,0,0,75,147.5,9.0,30.0,35.0,129.24471108304388,128.0,1.0097243053362803,239.1831386169877,144.0,1.6609940181735257,110.05904641616672,108.0,1.0190652445941364,1.7651395561006817,1.9882527676644048,1.235423796281451,1.3323516075923378,3.368963898386263,1.443567029848135,1.572610387127967,1.937478610587651
C:\Users\JackM\40xMBPCNP\40xN1N2N3N4lif\Pranlukast_0606.lif,Pranlukast_0606,3,Image 4,Pranlukast_0606_S4_Image_4,38,12422,6558,1,6657,3418,5288,13,50,19,10.277777777777779,1.457151570600793,1.467577191659147,716.1776695296637,488.0,9556,1.4225627159381102,1.3782201190793417,647.7634559672906,470.0,6657,9470,1.71152720889409,1.3582244365835774,510.6923881554251,376.0,3418,5850,1.6371028744326777,1.568295367080198,712.0060966544099,454.0,5288,8657,128,205.0,8.0,105.0,67.5,139.57308096740275,128.0,1.090414695057834,283.36132241076655,144.0,1.9677869611858787,146.2106656580938,108.0,1.3538024597971647,1.7651395561006817,1.9882527676644048,1.235423796281451,1.3323516075923378,3.368963898386263,1.443567029848135,1.572610387127967,1.937478610587651
C:\Users\JackM\40xMBPCNP\40xN1N2N3N4lif\Pranlukast_0606.lif,Pranlukast_0606,3,Image 4,Pranlukast_0606_S4_Image_4,39,43618,24173,4,15269,11109,17968,51,160,33,10.890625,1.9120092665370454,2.466440737864412,2515.7695526217003,1020.0,46219,2.434802541096339,1.3887137419079278,1341.4974746830583,966.0,15269,37177,3.916734179494104,2.326459778814579,2331.112698372208,1002.0,11109,43511,1.47489982190561,1.8911412437690436,1490.2193000900063,788.0,17968,26501,198,872.5,16.0,90.0,95.0,140.46224376187047,128.0,1.097361279389613,238.12890449185346,144.0,1.6536729478600936,145.7001892252894,108.0,1.349075826160087,1.7651395561006817,1.9882527676644048,1.235423796281451,1.3323516075923378,3.368963898386263,1.443567029848135,1.572610387127967,1.937478610587651
C:\Users\JackM\40xMBPCNP\40xN1N2N3N4lif\Pranlukast_0606.lif,Pranlukast_0606,3,Image 4,Pranlukast_0606_S4_Image_4,40,20746,5199,1,13322,1740,3848,25,41,7,10.076923076923077,3.7564916330063474,1.3542319979804511,968.5563491861041,715.2071067811866,19530,1.721363158684882,1.9926195696911317,1514.39087296526,760.0,13322,22932,9.87528735632184,0.7131290193269344,493.48528137423864,692.0,1740,17183,2.732068607068607,1.3369854350655657,670.1066017177982,501.20710678118655,3848,10513,245,357.5,4.0,55.0,113.45238095238095,151.73975379072212,128.0,1.1854668264900166,185.86494252873564,144.0,1.2907287675606642,137.70218295218297,108.0,1.2750202125202126,1.7651395561006817,1.9882527676644048,1.235423796281451,1.3323516075923378,3.368963898386263,1.443567029848135,1.572610387127967,1.937478610587651
C:\Users\JackM\40xMBPCNP\40xN1N2N3N4lif\Pranlukast_0606.lif,Pranlukast_0606,3,Image 4,Pranlukast_0606_S4_Image_4,42,31841,18145,6,28092,1820,16685,42,185,50,9.538461538461538,1.4953430697161751,2.5742886424494404,2023.3908729652603,786.0,27133,1.1167948170297595,1.9148542771393378,1631.4558441227157,852.0,28092,31373,5.8659340659340655,0.6924438516235022,384.4497474683059,555.2071067811866,1820,10676,1.620797123164519,2.4184042808452917,1886.3553390593274,780.0,16685,27043,132,597.5,24.0,85.0,62.5,161.4320091129147,128.0,1.261187571194646,205.20714285714286,144.0,1.4250496031746032,138.96008390770152,108.0,1.2866674435898289,1.7651395561006817,1.9882527676644048,1.235423796281451,1.3323516075923378,3.368963898386263,1.443567029848135,1.572610387127967,1.937478610587651
C:\Users\JackM\40xMBPCNP\40xN1N2N3N4lif\Pranlukast_0606.lif,Pranlukast_0606,3,Image 4,Pranlukast_0606_S4_Image_4,43,77344,50980,2,73962,7314,45769,78,372,94,10.521400778210117,1.6041977245978816,3.101791133806647,4026.1248916810277,1298.0,81782,1.1315946026337849,1.9878087338449255,2600.0538238691624,1308.0,73962,83695,8.992343450916051,1.4070342140422685,1578.6923881554253,1122.0,7314,65770,1.6333981515873188,2.5817102623448167,3351.059920523572,1298.0,45769,74759,312,1292.5,13.0,150.0,152.5,203.34661042156785,128.0,1.5886453939184988,204.3766748701121,144.0,1.4192824643757787,147.003386571697,108.0,1.3611424682564537,1.7651395561006817,1.9882527676644048,1.235423796281451,1.3323516075923378,3.368963898386263,1.443567029848135,1.572610387127967,1.937478610587651
C:\Users\JackM\40xMBPCNP\40xN1N2N3N4lif\Pranlukast_0606.lif,Pranlukast_0606,3,Image 4,Pranlukast_0606_S4_Image_4,45,75983,28482,5,69808,2219,27039,62,291,65,9.81159420289855,2.216382276525525,3.1833466305408775,3730.8822509939087,1172.0,63127,1.281787187714875,1.768213337987262,2436.597979746447,1378.0,69808,89479,13.730509238395674,0.7789071386021947,662.0710678118655,850.0,2219,30468,2.226413698731462,3.0212656438198406,3510.710678118655,1162.0,27039,60200,182,1152.5,15.0,120.0,87.5,214.03598441439377,128.0,1.6721561282374513,174.8774222622803,144.0,1.2144265434880577,134.79278079810643,108.0,1.2480813036861707,1.7651395561006817,1.9882527676644048,1.235423796281451,1.3323516075923378,3.368963898386263,1.443567029848135,1.572610387127967,1.937478610587651
C:\Users\JackM\40xMBPCNP\40xN1N2N3N4lif\Pranlukast_0606.lif,Pranlukast_0606,3,Image 4,Pranlukast_0606_S4_Image_4,46,13786,5592,0,8847,3133,3580,21,47,11,10.4,2.0760014306151646,1.7254730117980368,986.970562748477,572.0,11609,1.6193059794280547,1.5849407879017632,1027.0416305603426,648.0,8847,14326,3.1573571656559207,1.4805535014446005,832.0710678118655,562.0,3133,9892,1.7941340782122905,1.4211304383059689,548.556349186104,386.0,3580,6423,136,327.5,8.0,35.0,65.0,153.36373912060586,128.0,1.1981542118797333,178.88541334184487,144.0,1.2422598148739228,135.66117318435755,108.0,1.2561219739292366,1.7651395561006817,1.9882527676644048,1.235423796281451,1.3323516075923378,3.368963898386263,1.443567029848135,1.572610387127967,1.937478610587651
C:\Users\JackM\40xMBPCNP\40xN1N2N3N4lif\Pranlukast_0606.lif,Pranlukast_0606,3,Image 4,Pranlukast_0606_S4_Image_4,47,22298,13149,4,0,13149,0,18,79,29,12.137254901960784,1.5136512282302836,1.5674933575875736,987.5208152801713,630.0,19903,,,0.0,0.0,0,0,1.5136512282302836,1.5674933575875736,987.5208152801713,630.0,13149,19903,,,0.0,0.0,0,0,107,352.5,15.0,70.0,50.0,123.53555403452734,128.0,0.9651215158947448,421.6766294014754,144.0,2.928309926399135,109.3419271427485,108.0,1.0124252513217453,1.7651395561006817,1.9882527676644048,1.235423796281451,1.3323516075923378,3.368963898386263,1.443567029848135,1.572610387127967,1.937478610587651
C:\Users\JackM\40xMBPCNP\40xN1N2N3N4lif\Pranlukast_0606.lif,Pranlukast_0606,3,Image 4,Pranlukast_0606_S4_Image_4,48,23634,9342,4,1332,9342,0,26,65,13,14.14,2.3316206379790194,2.3066702842765694,1642.3492424049175,712.0,21782,12.598348348348349,0.6105174440002763,378.5208152801713,620.0,1332,16781,2.3316206379790194,2.3066702842765694,1642.3492424049175,712.0,9342,21782,,,0.0,0.0,0,0,125,567.5,15.0,60.0,60.0,134.61861861861863,128.0,1.051707957957958,253.12877328195248,144.0,1.7578387033468923,113.5594507741747,108.0,1.0514763960571731,1.7651395561006817,1.9882527676644048,1.235423796281451,1.3323516075923378,3.368963898386263,1.443567029848135,1.572610387127967,1.937478610587651
C:\Users\JackM\40xMBPCNP\40xN1N2N3N4lif\Pranlukast_0606.lif,Pranlukast_0606,3,Image 4,Pranlukast_0606_S4_Image_4,49,3361,2199,1,2212,2199,0,6,8,2,11.444444444444445,1.1891768985902682,1.20181744098744,269.20710678118655,224.0,2615,1.1274864376130198,1.2055298560544507,272.4497474683059,226.0,2212,2494,1.1891768985902682,1.20181744098744,269.20710678118655,224.0,2199,2615,,,0.0,0.0,0,0,46,82.5,10.0,30.0,20.0,144.4353526220615,128.0,1.1284011923598554,242.35561618917689,144.0,1.6830251124248394,108.23061307348762,108.0,1.0021353062359966,1.7651395561006817,1.9882527676644048,1.235423796281451,1.3323516075923378,3.368963898386263,1.443567029848135,1.572610387127967,1.937478610587651
C:\Users\JackM\40xMBPCNP\40xN1N2N3N4lif\Pranlukast_0606.lif,Pranlukast_0606,4,Image 5,Pranlukast_0606_S5_Image_5,1,6691,3741,1,6691,3741,0,10,34,10,9.56,1.4522854851643945,1.519454616730887,522.6923881554252,344.0,5433,1.0167389030040352,1.0,368.0,368.0,6691,6803,1.4522854851643945,1.519454616730887,522.6923881554252,344.0,3741,5433,,,0.0,0.0,0,0,66,167.5,7.0,40.0,30.0,233.9514272903901,128.0,1.8277455257061725,283.5835338144881,145.0,1.955748509065435,108.62471977282917,106.0,1.0247615072908411,1.9695349575790573,2.1324718840918613,1.3133793068129624,1.4590847828749829,2.742302101588078,1.7501800068164073,1.7021651464234278,2.3435337555221496
C:\Users\JackM\40xMBPCNP\40xN1N2N3N4lif\Pranlukast_0606.lif,Pranlukast_0606,4,Image 5,Pranlukast_0606_S5_Image_5,2,14420,10872,2,14395,10872,0,14,66,21,12.790697674418604,1.2695916114790287,1.5356462258915682,826.1776695296637,538.0,13803,1.0197290725946508,1.025644597077954,568.2071067811866,554.0,14395,14679,1.2695916114790287,1.5356462258915682,826.1776695296637,538.0,10872,13803,,,0.0,0.0,0,0,103,287.5,11.0,55.0,50.0,229.52573810350816,128.0,1.7931698289336575,377.33710448859455,145.0,2.6023248585420315,110.37736111111111,106.0,1.041295859538784,1.9695349575790573,2.1324718840918613,1.3133793068129624,1.4590847828749829,2.742302101588078,1.7501800068164073,1.7021651464234278,2.3435337555221496
C:\Users\JackM\40xMBPCNP\40xN1N2N3N4lif\Pranlukast_0606.lif,Pranlukast_0606,4,Image 5,Pranlukast_0606_S5_Image_5,3,18059,6012,1,3823,6012,0,23,59,14,10.133333333333333,2.56437125748503,1.63319896243143,1055.3847763108502,646.2071067811866,15417,1.7135757258697357,1.4511762841809406,571.7634559672906,394.0,3823,6551,2.56437125748503,1.63319896243143,1055.3847763108502,646.2071067811866,6012,15417,,,0.0,0.0,0,0,112,392.5,10.0,45.0,52.5,138.16976196704158,128.0,1.0794512653675123,293.84364604125085,145.0,2.0265079037327647,108.20685246739964,106.0,1.0208193628999966,1.9695349575790573,2.1324718840918613,1.3133793068129624,1.4590847828749829,2.742302101588078,1.7501800068164073,1.7021651464234278,2.3435337555221496
C:\Users\JackM\40xMBPCNP\40xN1N2N3N4lif\Pranlukast_0606.lif,Pranlukast_0606,4,Image 5,Pranlukast_0606_S5_Image_5,4,9936,3256,1,9252,2600,851,20,40,13,8.029411764705882,2.5076781326781328,1.6317989088158857,714.727922061358,438.0,8165,1.093493298746217,1.1404541623323863,515.4852813742386,452.0,9252,10117,3.064230769230769,1.3920728814186252,609.7279220613578,438.0,2600,7967,2.0928319623971796,1.226073931967702,244.2426406871193,199.20710678118655,851,1781,104,247.5,7.0,35.0,49.11764705882353,150.0346952010376,128.0,1.1721460562581063,224.92192307692306,145.0,1.5511856763925729,129.3360752056404,106.0,1.2201516528834002,1.9695349575790573,2.1324718840918613,1.3133793068129624,1.4590847828749829,2.742302101588078,1.7501800068164073,1.7021651464234278,2.3435337555221496
C:\Users\JackM\40xMBPCNP\40xN1N2N3N4lif\Pranlukast_0606.lif,Pranlukast_0606,4,Image 5,Pranlukast_0606_S5_Image_5,5,4849,2713,1,4061,2633,150,13,27,11,9.115384615384615,1.537043862882418,1.5863331980231907,456.8639610306789,288.0,4170,1.1063777394730363,1.1505590451368153,352.0710678118655,306.0,4061,4493,1.5062666160273452,1.481186106512297,420.65685424949237,284.0,2633,3966,1.4133333333333333,0.9656952625763097,78.62132034355963,81.41421356237309,150,212,61,152.5,7.0,35.0,27.5,147.9995075104654,128.0,1.156246152425511,245.44853778959362,145.0,1.692748536479956,127.37333333333333,106.0,1.2016352201257863,1.9695349575790573,2.1324718840918613,1.3133793068129624,1.4590847828749829,2.742302101588078,1.7501800068164073,1.7021651464234278,2.3435337555221496
C:\Users\JackM\40xMBPCNP\40xN1N2N3N4lif\Pranlukast_0606.lif,Pranlukast_0606,4,Image 5,Pranlukast_0606_S5_Image_5,6,60810,29727,2,57712,653,29516,48,178,39,14.428571428571429,1.993137551720658,2.8600940006146,3311.988852711707,1158.0,59250,1.1781085389520376,1.8703057859015881,2360.3259018078043,1262.0,57712,67991,27.44563552833078,0.34042248234248024,303.65685424949237,892.0,653,17922,1.9183493698333107,2.7996184249886813,3225.1604255869606,1152.0,29516,56622,182,1147.5,23.0,120.0,87.5,160.18552467424453,128.0,1.2514494115175354,174.76722817764164,145.0,1.2052912288113216,141.28784388128472,106.0,1.3329041875592897,1.9695349575790573,2.1324718840918613,1.3133793068129624,1.4590847828749829,2.742302101588078,1.7501800068164073,1.7021651464234278,2.3435337555221496
C:\Users\JackM\40xMBPCNP\40xN1N2N3N4lif\Pranlukast_0606.lif,Pranlukast_0606,4,Image 5,Pranlukast_0606_S5_Image_5,8,7435,2792,1,1692,2792,0,12,16,4,12.8,1.8617478510028653,1.4262822608214194,547.6923881554251,384.0,5198,1.7470449172576832,0.6749083305584116,238.2426406871193,353.0,1692,2956,1.8617478510028653,1.4262822608214194,547.6923881554251,384.0,2792,5198,,,0.0,0.0,0,0,140,212.5,5.0,90.0,67.5,139.10992907801418,128.0,1.0867963209219857,229.3656876790831,145.0,1.5818323288212628,109.35501540568299,106.0,1.0316510887328585,1.9695349575790573,2.1324718840918613,1.3133793068129624,1.4590847828749829,2.742302101588078,1.7501800068164073,1.7021651464234278,2.3435337555221496
C:\Users\JackM\40xMBPCNP\40xN1N2N3N4lif\Pranlukast_0606.lif,Pranlukast_0606,4,Image 5,Pranlukast_0606_S5_Image_5,9,13440,5701,2,2448,5701,0,14,34,4,15.925925925925926,2.009822838098579,2.0495804094597516,1016.5918830920367,496.0,11458,2.2026143790849675,0.7688020382004283,307.5208152801713,400.0,2448,5392,2.009822838098579,2.0495804094597516,1016.5918830920367,496.0,5701,11458,,,0.0,0.0,0,0,101,322.5,9.0,45.0,47.5,141.2920751633987,128.0,1.1038443372140523,255.6405893702859,145.0,1.7630385473812822,110.31228899392302,106.0,1.0406819716407831,1.9695349575790573,2.1324718840918613,1.3133793068129624,1.4590847828749829,2.742302101588078,1.7501800068164073,1.7021651464234278,2.3435337555221496
C:\Users\JackM\40xMBPCNP\40xN1N2N3N4lif\Pranlukast_0606.lif,Pranlukast_0606,4,Image 5,Pranlukast_0606_S5_Image_5,11,13348,4764,2,9635,2228,3581,24,38,7,10.121212121212121,2.1580604534005037,1.6111016772338873,770.1066017177982,478.0,10281,1.1969901401141672,1.6070139461161594,809.9350288425444,504.0,9635,11533,2.6754937163375225,1.3463308355117005,495.4497474683058,368.0,2228,5961,1.6601507958670763,1.3938538925378066,568.6923881554251,408.0,3581,5945,96,292.5,10.0,40.0,45.0,149.83871302542812,128.0,1.1706149455111572,207.49416517055656,145.0,1.4309942425555624,136.73610723261658,106.0,1.2899632757794017,1.9695349575790573,2.1324718840918613,1.3133793068129624,1.4590847828749829,2.742302101588078,1.7501800068164073,1.7021651464234278,2.3435337555221496
C:\Users\JackM\40xMBPCNP\40xN1N2N3N4lif\Pranlukast_0606.lif,Pranlukast_0606,4,Image 5,Pranlukast_0606_S5_Image_5,13,24551,9885,2,21720,9815,3227,41,60,10,10.614035087719298,2.412038442083966,1.6701660787396986,1352.834523779156,810.0,23843,1.254696132596685,1.632980325648707,1361.9055915910217,834.0,21720,27252,2.4221090168110035,1.63534249012095,1324.6274169979695,810.0,9815,23773,1.8472265261853114,1.2428740816127541,489.69238815542514,394.0,3227,5961,214,532.5,9.0,180.0,105.0,146.81929097605894,128.0,1.1470257107504604,298.2528782475802,145.0,2.0569164017074497,132.3576076851565,106.0,1.2486566762750613,1.9695349575790573,2.1324718840918613,1.3133793068129624,1.4590847828749829,2.742302101588078,1.7501800068164073,1.7021651464234278,2.3435337555221496
C:\Users\JackM\40xMBPCNP\40xN1N2N3N4lif\Pranlukast_0606.lif,Pranlukast_0606,4,Image 5,Pranlukast_0606_S5_Image_5,14,10644,3268,1,1884,3268,0,20,48,7,9.114285714285714,2.3944308445532436,1.9288699747338878,825.556349186104,428.0,7825,1.6146496815286624,0.913372072546142,254.1066017177982,278.20710678118655,1884,3042,2.3944308445532436,1.9288699747338878,825.556349186104,428.0,3268,7825,,,0.0,0.0,0,0,87,322.5,9.0,40.0,40.0,140.7972399150743,128.0,1.099978436836518,217.44706242350063,145.0,1.4996349132655216,110.21529968454259,106.0,1.0397669781560621,1.9695349575790573,2.1324718840918613,1.3133793068129624,1.4590847828749829,2.742302101588078,1.7501800068164073,1.7021651464234278,2.3435337555221496
C:\Users\JackM\40xMBPCNP\40xN1N2N3N4lif\Pranlukast_0606.lif,Pranlukast_0606,4,Image 5,Pranlukast_0606_S5_Image_5,15,27305,12207,3,20094,12207,0,45,110,19,9.76923076923077,2.2062750880642255,2.0777994695987294,1599.9055915910217,770.0,26932,1.1739325171693042,1.4189884903839813,1010.3198051533947,712.0,20094,23589,2.2062750880642255,2.0777994695987294,1599.9055915910217,770.0,12207,26932,,,0.0,0.0,0,0,231,545.0,6.0,55.0,112.5,148.81482034438142,128.0,1.1626157839404798,274.86802654214796,145.0,1.895641562359641,112.48655827799405,106.0,1.0611939460188118,1.9695349575790573,2.1324718840918613,1.3133793068129624,1.4590847828749829,2.742302101588078,1.7501800068164073,1.7021651464234278,2.3435337555221496
C:\Users\JackM\40xMBPCNP\40xN1N2N3N4lif\Pranlukast_0606.lif,Pranlukast_0606,4,Image 5,Pranlukast_0606_S5_Image_5,16,50388,25712,2,5286,25712,339,63,249,46,9.016759776536313,2.252761356565028,2.2198003407863696,2672.639610306789,1204.0,57923,5.272228528187665,1.026226332813441,847.6629509039022,826.0,5286,27869,2.252761356565028,2.2198003407863696,2672.639610306789,1204.0,25712,57923,2.6843657817109143,1.1454640266373406,178.69238815542514,156.0,339,910,196,957.5,14.0,100.0,95.0,143.42413923571698,128.0,1.120501087779039,345.3044881767268,145.0,2.381410263287771,127.82300884955752,106.0,1.2058774419769578,1.9695349575790573,2.1324718840918613,1.3133793068129624,1.4590847828749829,2.742302101588078,1.7501800068164073,1.7021651464234278,2.3435337555221496
C:\Users\JackM\40xMBPCNP\40xN1N2N3N4lif\Pranlukast_0606.lif,Pranlukast_0606,4,Image 5,Pranlukast_0606_S5_Image_5,17,5720,3478,1,1758,3478,0,3,15,2,16.285714285714285,1.1118458884416331,1.1057745642721497,311.8284271247462,282.0,3867,1.7332195676905575,1.476102805345566,380.83452377915603,258.0,1758,3047,1.1118458884416331,1.1057745642721497,311.8284271247462,282.0,3478,3867,,,0.0,0.0,0,0,54,87.5,7.0,35.0,25.0,139.1968145620023,128.0,1.0874751137656429,302.5138010350776,145.0,2.0863020761039834,114.68107959239879,106.0,1.081896977286781,1.9695349575790573,2.1324718840918613,1.3133793068129624,1.4590847828749829,2.742302101588078,1.7501800068164073,1.7021651464234278,2.3435337555221496
C:\Users\JackM\40xMBPCNP\40xN1N2N3N4lif\Pranlukast_0606.lif,Pranlukast_0606,4,Image 5,Pranlukast_0606_S5_Image_5,18,14663,6394,1,5318,6394,0,22,58,10,9.642857142857142,2.192680638098217,1.6089746271847503,965.3847763108502,600.0,14020,1.9084242196314405,1.7441184907653933,886.0121933088197,508.0,5318,10149,2.192680638098217,1.6089746271847503,965.3847763108502,600.0,6394,14020,,,0.0,0.0,0,0,112,342.5,7.0,50.0,52.5,139.01316284317411,128.0,1.0860403347122978,266.1779793556459,145.0,1.8357102024527303,108.82732325190642,106.0,1.0266728608670417,1.9695349575790573,2.1324718840918613,1.3133793068129624,1.4590847828749829,2.742302101588078,1.7501800068164073,1.7021651464234278,2.3435337555221496
C:\Users\JackM\40xMBPCNP\40xN1N2N3N4lif\Pranlukast_0606.lif,Pranlukast_0606,4,Image 5,Pranlukast_0606_S5_Image_5,19,49581,16815,2,33386,16815,217,62,138,30,11.594594594594595,3.346238477549807,2.486520647669038,2745.118795026618,1104.0,56267,1.6906787276103756,4.853560341006875,5290.380771697493,1090.0,33386,56445,3.346238477549807,2.486520647669038,2745.118795026618,1104.0,16815,56267,1.1382488479262673,1.0765750997233317,73.20710678118655,68.0,217,247,307,1100.0,11.0,105.0,150.0,138.12439345833582,128.0,1.0790968238932486,290.1445732976509,145.0,2.0009970572251783,127.82949308755761,106.0,1.2059386140335624,1.9695349575790573,2.1324718840918613,1.3133793068129624,1.4590847828749829,2.742302101588078,1.7501800068164073,1.7021651464234278,2.3435337555221496
C:\Users\JackM\40xMBPCNP\40xN1N2N3N4lif\Pranlukast_0606.lif,Pranlukast_0606,4,Image 5,Pranlukast_0606_S5_Image_5,20,16094,5119,2,3590,5119,0,12,26,4,20.0,2.08243797616722,1.5128888364503559,874.4497474683058,578.0,10660,1.3220055710306406,1.2647164251214935,437.59188309203677,346.0,3590,4746,2.08243797616722,1.5128888364503559,874.4497474683058,578.0,5119,10660,,,0.0,0.0,0,0,132,262.5,6.0,30.0,62.5,138.40362116991645,128.0,1.0812782903899723,256.32975190466885,145.0,1.767791392445992,111.34412374421942,106.0,1.0504162617379191,1.9695349575790573,2.1324718840918613,1.3133793068129624,1.4590847828749829,2.742302101588078,1.7501800068164073,1.7021651464234278,2.3435337555221496
C:\Users\JackM\40xMBPCNP\40xN1N2N3N4lif\Pranlukast_0606.lif,Pranlukast_0606,4,Image 5,Pranlukast_0606_S5_Image_5,21,30210,14433,1,27826,14433,0,26,104,24,13.098591549295774,2.333956904316497,2.023969721396154,1910.6274169979695,944.0,33686,1.2533961043628261,2.3203120679539806,2204.2964645562815,950.0,27826,34877,2.333956904316497,2.023969721396154,1910.6274169979695,944.0,14433,33686,,,0.0,0.0,0,0,141,562.5,11.0,80.0,67.5,138.39114497232805,128.0,1.081180820096313,330.1536063188526,145.0,2.2769214228886385,110.28361617652226,106.0,1.0404114733634175,1.9695349575790573,2.1324718840918613,1.3133793068129624,1.4590847828749829,2.742302101588078,1.7501800068164073,1.7021651464234278,2.3435337555221496
C:\Users\JackM\40xMBPCNP\40xN1N2N3N4lif\Pranlukast_0606.lif,Pranlukast_0606,4,Image 5,Pranlukast_0606_S5_Image_5,22,34176,20051,2,1628,20051,0,47,119,17,11.94392523364486,2.064485561817366,2.1606736039193457,2402.6690475583123,1112.0,41395,3.942874692874693,0.8483659726166304,356.31370849898474,420.0,1628,6419,2.064485561817366,2.1606736039193457,2402.6690475583123,1112.0,20051,41395,,,0.0,0.0,0,0,218,847.5,15.0,65.0,107.5,138.42567567567568,128.0,1.0814505912162162,337.76873971373,145.0,2.3294395842326208,109.67776573736577,106.0,1.0346959031826959,1.9695349575790573,2.1324718840918613,1.3133793068129624,1.4590847828749829,2.742302101588078,1.7501800068164073,1.7021651464234278,2.3435337555221496
C:\Users\JackM\40xMBPCNP\40xN1N2N3N4lif\Pranlukast_0606.lif,Pranlukast_0606,4,Image 5,Pranlukast_0606_S5_Image_5,23,6600,2119,1,3429,2119,0,16,26,7,7.333333333333333,2.135913166588013,1.463182308061313,474.0710678118654,324.0,4526,1.5202682997958588,1.45013910283875,513.3492424049175,354.0,3429,5213,2.135913166588013,1.463182308061313,474.0710678118654,324.0,2119,4526,,,0.0,0.0,0,0,105,175.0,5.0,50.0,49.44444444444444,161.29192184310295,128.0,1.2600931393992418,197.28079282680508,145.0,1.3605571919090005,110.70633926334251,106.0,1.0443994270126653,1.9695349575790573,2.1324718840918613,1.3133793068129624,1.4590847828749829,2.742302101588078,1.7501800068164073,1.7021651464234278,2.3435337555221496
C:\Users\JackM\40xMBPCNP\40xN1N2N3N4lif\Pranlukast_0606.lif,Pranlukast_0606,4,Image 5,Pranlukast_0606_S5_Image_5,24,15441,7132,2,15410,7132,0,24,87,20,9.971014492753623,2.0337913628715647,2.3253315407618382,1344.0416305603426,578.0,14505,1.05425048669695,1.128005949336587,670.0355339059328,594.0,15410,16246,2.0337913628715647,2.3253315407618382,1344.0416305603426,578.0,7132,14505,,,0.0,0.0,0,0,96,422.5,13.0,50.0,45.0,147.80707332900712,128.0,1.1547427603828682,250.77706113292203,145.0,1.7294969733304968,111.72757949383517,106.0,1.0540337688097656,1.9695349575790573,2.1324718840918613,1.3133793068129624,1.4590847828749829,2.742302101588078,1.7501800068164073,1.7021651464234278,2.3435337555221496
C:\Users\JackM\40xMBPCNP\40xN1N2N3N4lif\Pranlukast_0606.lif,Pranlukast_0606,4,Image 5,Pranlukast_0606_S5_Image_5,25,48067,21757,1,33781,21744,339,76,172,49,9.808219178082192,2.5822953532196533,2.854248597597881,3242.4264068711927,1136.0,56183,1.4340605665906871,2.128907008607668,2239.6101730552664,1052.0,33781,48444,2.583839220014717,2.8507274708373176,3238.4264068711927,1136.0,21744,56183,3.309734513274336,0.7406167215456663,148.86396103067892,201.0,339,1122,200,1112.5,17.0,115.0,97.5,143.46662324975577,128.0,1.120832994138717,331.78927520235464,145.0,2.2882018979472734,128.36578171091446,106.0,1.2109979406690043,1.9695349575790573,2.1324718840918613,1.3133793068129624,1.4590847828749829,2.742302101588078,1.7501800068164073,1.7021651464234278,2.3435337555221496
C:\Users\JackM\40xMBPCNP\40xN1N2N3N4lif\Pranlukast_0606.lif,Pranlukast_0606,4,Image 5,Pranlukast_0606_S5_Image_5,26,8703,3898,1,67,3898,3,12,41,14,9.296296296296296,1.9409953822473063,1.6701114873631535,698.1066017177982,418.0,7566,15.238805970149254,0.16295915756776222,38.621320343559645,237.0,67,1021,1.9409953822473063,1.6701114873631535,698.1066017177982,418.0,3898,7566,2.0,0.0,0.0,5.0,3,6,74,235.0,10.0,35.0,37.5,140.7462686567164,128.0,1.099580223880597,211.66983068240123,145.0,1.459791935740698,123.66666666666667,106.0,1.1666666666666667,1.9695349575790573,2.1324718840918613,1.3133793068129624,1.4590847828749829,2.742302101588078,1.7501800068164073,1.7021651464234278,2.3435337555221496
C:\Users\JackM\40xMBPCNP\40xN1N2N3N4lif\Pranlukast_0606.lif,Pranlukast_0606,4,Image 5,Pranlukast_0606_S5_Image_5,27,144459,94798,3,144459,17956,83833,134,642,133,12.546697038724373,1.6499504208949556,4.347140774924945,8450.841666454093,1944.0,156412,1.1279947943707211,1.062307581475386,2090.6213203435595,1968.0,144459,162949,7.963410559144576,2.055232599948331,3707.639610306789,1804.0,17956,142991,1.5618670451969987,3.697897529198967,6671.007142674936,1804.0,83833,130936,480,2490.0,14.0,340.0,232.82608695652175,371.1772267563807,128.0,2.8998220840342244,244.6249164624638,145.0,1.687068389396302,163.7164481767323,106.0,1.5444947941201161,1.9695349575790573,2.1324718840918613,1.3133793068129624,1.4590847828749829,2.742302101588078,1.7501800068164073,1.7021651464234278,2.3435337555221496
C:\Users\JackM\40xMBPCNP\40xN1N2N3N4lif\Pranlukast_0606.lif,Pranlukast_0606,4,Image 5,Pranlukast_0606_S5_Image_5,28,4392,2061,1,2753,2044,619,9,11,2,10.0,1.2979136341581756,1.3325808207225711,303.8284271247462,228.0,2675,1.0846349436977842,1.094698715218704,271.4852813742386,248.0,2753,2986,1.1707436399217221,1.4284359770035198,302.8284271247462,212.0,2044,2393,2.6607431340872374,0.9733160935976242,202.44974746830582,208.0,619,1647,49,77.5,7.0,30.0,22.5,145.25790047221213,128.0,1.1348273474391573,217.9716242661448,145.0,1.5032525811458262,127.8739903069467,106.0,1.2063583991221387,1.9695349575790573,2.1324718840918613,1.3133793068129624,1.4590847828749829,2.742302101588078,1.7501800068164073,1.7021651464234278,2.3435337555221496
C:\Users\JackM\40xMBPCNP\40xN1N2N3N4lif\Pranlukast_0606.lif,Pranlukast_0606,4,Image 5,Pranlukast_0606_S5_Image_5,29,9344,5204,1,0,5204,32,14,35,3,12.964285714285714,1.5851268255188318,1.8731187184730942,854.142135623731,456.0,8249,,,0.0,0.0,0,0,1.5851268255188318,1.8731187184730942,854.142135623731,456.0,5204,8249,1.03125,1.0,24.414213562373096,24.414213562373096,32,33,78,267.5,8.0,35.0,37.5,129.86990776325902,128.0,1.014608654400461,259.67371252882396,145.0,1.7908531898539584,135.21875,106.0,1.2756485849056605,1.9695349575790573,2.1324718840918613,1.3133793068129624,1.4590847828749829,2.742302101588078,1.7501800068164073,1.7021651464234278,2.3435337555221496
C:\Users\JackM\40xMBPCNP\40xN1N2N3N4lif\Pranlukast_0606.lif,Pranlukast_0606,4,Image 5,Pranlukast_0606_S5_Image_5,30,20731,11717,2,3429,11717,0,25,82,23,10.890625,1.8846121020739097,1.63837770375678,1291.0416305603426,788.0,22082,1.699620880723243,1.2356754497725773,484.38477631085027,392.0,3429,5828,1.8846121020739097,1.63837770375678,1291.0416305603426,788.0,11717,22082,,,0.0,0.0,0,0,163,387.5,9.0,70.0,80.0,142.3167104111986,128.0,1.1118493000874892,301.9590338823931,145.0,2.082476095740642,110.67865828092243,106.0,1.0441382856690795,1.9695349575790573,2.1324718840918613,1.3133793068129624,1.4590847828749829,2.742302101588078,1.7501800068164073,1.7021651464234278,2.3435337555221496
C:\Users\JackM\40xMBPCNP\40xN1N2N3N4lif\Pranlukast_0606.lif,Pranlukast_0606,4,Image 5,Pranlukast_0606_S5_Image_5,31,4776,2553,1,311,2553,0,10,30,10,7.038461538461538,1.3932628280454367,1.5770123359933779,419.4852813742385,266.0,3557,1.9839228295819935,1.090533008588991,130.86396103067892,120.0,311,617,1.3932628280454367,1.5770123359933779,419.4852813742385,266.0,2553,3557,,,0.0,0.0,0,0,52,137.5,8.0,25.0,22.5,138.7331189710611,128.0,1.0838524919614148,256.11280846063454,145.0,1.7662952307629969,112.44808954071787,106.0,1.060831033402999,1.9695349575790573,2.1324718840918613,1.3133793068129624,1.4590847828749829,2.742302101588078,1.7501800068164073,1.7021651464234278,2.3435337555221496
C:\Users\JackM\40xMBPCNP\40xN1N2N3N4lif\Pranlukast_0606.lif,Pranlukast_0606,4,Image 5,Pranlukast_0606_S5_Image_5,32,12465,5996,1,2297,5995,4,20,46,8,10.756756756756756,1.8232154769846565,1.5930835100823864,799.727922061358,502.0,10932,1.4161950370047889,1.3193726981046148,353.59188309203677,268.0,2297,3253,1.79232693911593,1.5930835100823864,799.727922061358,502.0,5995,10745,8.5,0.0985148143508467,3.414213562373095,34.65685424949238,4,34,94,257.5,9.0,55.0,45.0,143.1114497170222,128.0,1.118058200914236,284.9679733110926,145.0,1.9652963676627075,125.75,106.0,1.1863207547169812,1.9695349575790573,2.1324718840918613,1.3133793068129624,1.4590847828749829,2.742302101588078,1.7501800068164073,1.7021651464234278,2.3435337555221496
C:\Users\JackM\40xMBPCNP\40xN1N2N3N4lif\Pranlukast_0606.lif,Pranlukast_0606,4,Image 5,Pranlukast_0606_S5_Image_5,33,44147,20821,0,38308,5564,15581,75,308,103,7.6728110599078345,2.6685077565919024,2.7951654846748952,3723.1604255869606,1332.0,55561,1.438968361699906,1.1983615828346836,1557.8700576850888,1300.0,38308,55124,7.909777138749101,1.0340017385194111,1247.00609665441,1206.0,5564,44010,2.829215069636095,2.3252685620310944,2662.432503525603,1145.0,15581,44082,313,1182.5,13.0,55.0,152.5,180.61626814242456,128.0,1.4110645948626919,201.3468727534148,145.0,1.3885991224373435,134.7448815865477,106.0,1.2711781281749783,1.9695349575790573,2.1324718840918613,1.3133793068129624,1.4590847828749829,2.742302101588078,1.7501800068164073,1.7021651464234278,2.3435337555221496
C:\Users\JackM\40xMBPCNP\40xN1N2N3N4lif\Pranlukast_0606.lif,Pranlukast_0606,4,Image 5,Pranlukast_0606_S5_Image_5,34,9806,4153,2,1187,4153,0,8,14,3,16.0,1.5138454129544907,1.1279262133373313,462.4497474683058,410.0,6287,1.7666385846672283,1.3986416746194361,302.1066017177982,216.0,1187,2097,1.5138454129544907,1.1279262133373313,462.4497474683058,410.0,4153,6287,,,0.0,0.0,0,0,91,142.5,5.0,30.0,34.166666666666664,137.99073294018535,128.0,1.078052601095198,342.5364796532627,145.0,2.3623205493328463,113.11683446499649,106.0,1.0671399477829857,1.9695349575790573,2.1324718840918613,1.3133793068129624,1.4590847828749829,2.742302101588078,1.7501800068164073,1.7021651464234278,2.3435337555221496
C:\Users\JackM\40xMBPCNP\40xN1N2N3N4lif\Pranlukast_0606.lif,Pranlukast_0606,4,Image 5,Pranlukast_0606_S5_Image_5,35,14254,8203,3,6752,8203,0,14,34,7,19.125,1.5183469462391808,1.7521308500442743,939.142135623731,536.0,12455,1.3489336492890995,1.6127016050817573,728.9411254969543,452.0,6752,9108,1.5183469462391808,1.7521308500442743,939.142135623731,536.0,8203,12455,,,0.0,0.0,0,0,93,337.5,14.0,60.0,45.0,146.8908471563981,128.0,1.1475847434093602,343.8641960258442,145.0,2.3714772139713394,113.62063985780938,106.0,1.0718928288472582,1.9695349575790573,2.1324718840918613,1.3133793068129624,1.4590847828749829,2.742302101588078,1.7501800068164073,1.7021651464234278,2.3435337555221496
C:\Users\JackM\40xMBPCNP\40xN1N2N3N4lif\Pranlukast_0606.lif,Pranlukast_0606,4,Image 5,Pranlukast_0606_S5_Image_5,36,5197,3384,2,2571,3384,82,10,35,8,10.73913043478261,1.50177304964539,1.6727114645343781,595.4852813742386,356.0,5082,1.1135744846363282,1.0817336395510424,283.4142135623731,262.0,2571,2863,1.50177304964539,1.6727114645343781,595.4852813742386,356.0,3384,5082,2.573170731707317,0.7474768694815616,50.828427124746185,68.0,82,211,66,137.5,5.0,35.0,30.0,155.35433683391676,128.0,1.2137057565149747,253.73640661938535,145.0,1.749906252547485,127.6219512195122,106.0,1.2039806718821906,1.9695349575790573,2.1324718840918613,1.3133793068129624,1.4590847828749829,2.742302101588078,1.7501800068164073,1.7021651464234278,2.3435337555221496
C:\Users\JackM\40xMBPCNP\40xN1N2N3N4lif\Pranlukast_0606.lif,Pranlukast_0606,4,Image 5,Pranlukast_0606_S5_Image_5,37,37112,18635,1,1017,18307,1138,52,180,36,9.992063492063492,2.2642339683391466,2.859165848417794,2773.3908729652603,970.0,42194,7.855457227138643,0.6564676368528892,299.3492424049175,456.0,1017,7989,2.2991751788933197,2.792972954828942,2709.1837661840736,970.0,18307,42091,3.7768014059753954,0.9302426619383783,321.8639610306789,346.0,1138,4298,161,892.5,15.0,100.0,77.5,143.5614552605703,128.0,1.1215738692232056,257.93598077238215,145.0,1.7788688329129803,129.2126537785589,106.0,1.2189872997977254,1.9695349575790573,2.1324718840918613,1.3133793068129624,1.4590847828749829,2.742302101588078,1.7501800068164073,1.7021651464234278,2.3435337555221496
C:\Users\JackM\40xMBPCNP\40xN1N2N3N4lif\Pranlukast_0606.lif,Pranlukast_0606,4,Image 5,Pranlukast_0606_S5_Image_5,38,17414,4536,1,17414,2342,3865,23,51,8,8.047619047619047,2.244268077601411,1.6747634338323958,813.9350288425444,486.0,10180,1.0174572183300792,0.998371335504886,613.0,614.0,17414,17718,3.722459436379163,1.5476332521472478,742.863961030679,480.0,2342,8718,1.7803363518758086,1.6906036294123123,622.142135623731,368.0,3865,6881,163,340.0,5.0,45.0,80.0,152.53233030894683,128.0,1.191658830538647,211.29077711357814,145.0,1.4571777731970907,133.22432082794307,106.0,1.2568332153579536,1.9695349575790573,2.1324718840918613,1.3133793068129624,1.4590847828749829,2.742302101588078,1.7501800068164073,1.7021651464234278,2.3435337555221496
C:\Users\JackM\40xMBPCNP\40xN1N2N3N4lif\Pranlukast_0606.lif,Pranlukast_0606,4,Image 5,Pranlukast_0606_S5_Image_5,39,94117,64662,2,94117,10343,62540,76,346,99,12.663793103448276,1.4578732485849495,2.79440275660274,4202.781745930521,1504.0,94269,1.08393807707428,1.0306147337595095,1570.6568542494924,1524.0,94117,102017,8.882529246833608,1.0429371195950565,1562.3198051533946,1498.0,10343,91872,1.3695554844899265,3.0032696262803307,4234.610173055266,1410.0,62540,85652,232,1382.5,17.0,180.0,112.5,331.9065737326944,128.0,2.593020107286675,344.53108382480906,145.0,2.3760764401710968,166.90975375759513,106.0,1.5746203184678786,1.9695349575790573,2.1324718840918613,1.3133793068129624,1.4590847828749829,2.742302101588078,1.7501800068164073,1.7021651464234278,2.3435337555221496
C:\Users\JackM\40xMBPCNP\40xN1N2N3N4lif\Pranlukast_0606.lif,Pranlukast_0606,4,Image 5,Pranlukast_0606_S5_Image_5,40,22842,5566,4,3640,4015,2315,32,33,12,10.18421052631579,2.69098095580309,1.5969042913488103,1101.863961030679,690.0,14978,2.739010989010989,1.3730751489096344,719.4913780286485,524.0,3640,9970,3.6254047322540472,1.4110968902166556,973.6568542494924,690.0,4015,14556,3.226781857451404,0.9409898497862108,414.03553390593277,440.0,2315,7470,224,447.5,6.0,195.0,113.375,139.33983516483516,128.0,1.0885924622252747,196.0084682440847,145.0,1.3517825396143772,131.88509719222463,106.0,1.2441990301153267,1.9695349575790573,2.1324718840918613,1.3133793068129624,1.4590847828749829,2.742302101588078,1.7501800068164073,1.7021651464234278,2.3435337555221496
C:\Users\JackM\40xMBPCNP\40xN1N2N3N4lif\Pranlukast_0606.lif,Pranlukast_0606,4,Image 5,Pranlukast_0606_S5_Image_5,41,11395,5714,1,1634,5714,0,10,22,5,16.58823529411765,1.5572278613930697,1.6051110713870327,699.8284271247462,436.0,8898,2.2399020807833536,1.527986478467052,412.55634918610406,270.0,1634,3660,1.5572278613930697,1.6051110713870327,699.8284271247462,436.0,5714,8898,,,0.0,0.0,0,0,83,217.5,10.0,55.0,37.5,140.4718482252142,128.0,1.0974363142594858,281.8076653832692,145.0,1.9435011405742701,111.90423728813559,106.0,1.055700351774864,1.9695349575790573,2.1324718840918613,1.3133793068129624,1.4590847828749829,2.742302101588078,1.7501800068164073,1.7021651464234278,2.3435337555221496
C:\Users\JackM\40xMBPCNP\40xN1N2N3N4lif\Pranlukast_0606.lif,Pranlukast_0606,4,Image 5,Pranlukast_0606_S5_Image_5,42,10292,4538,1,0,4538,0,20,62,13,9.071428571428571,1.9041427941824591,1.6272676264708978,794.1066017177982,488.0,8641,,,0.0,0.0,0,0,1.9041427941824591,1.6272676264708978,794.1066017177982,488.0,4538,8641,,,0.0,0.0,0,0,89,257.5,7.0,30.0,42.5,127.21793741736448,128.0,0.99389013607316,226.49691494050242,145.0,1.5620476892448443,109.74283825473778,106.0,1.0353097948560168,1.9695349575790573,2.1324718840918613,1.3133793068129624,1.4590847828749829,2.742302101588078,1.7501800068164073,1.7021651464234278,2.3435337555221496
C:\Users\JackM\40xMBPCNP\40xN1N2N3N4lif\Pranlukast_0606.lif,Pranlukast_0606,4,Image 5,Pranlukast_0606_S5_Image_5,43,16886,7239,1,357,7239,0,28,54,11,12.170212765957446,2.3809918497029976,1.8159305846711715,1213.0416305603426,668.0,17236,1.0812324929971988,0.9911900753465173,89.20710678118655,90.0,357,386,2.3809918497029976,1.8159305846711715,1213.0416305603426,668.0,7239,17236,,,0.0,0.0,0,0,204,485.0,11.0,85.0,100.0,131.61624649859945,128.0,1.0282519257703082,265.7170879955795,145.0,1.8325316413488242,108.98984500267237,106.0,1.0282060849308714,1.9695349575790573,2.1324718840918613,1.3133793068129624,1.4590847828749829,2.742302101588078,1.7501800068164073,1.7021651464234278,2.3435337555221496
C:\Users\JackM\40xMBPCNP\40xN1N2N3N4lif\Pranlukast_0606.lif,Pranlukast_0606,4,Image 5,Pranlukast_0606_S5_Image_5,44,20412,5832,1,1447,5832,0,39,70,22,9.301587301587302,3.470164609053498,2.1880767470724893,1566.6629509039024,716.0,20238,3.9322736696613685,1.1521065288934764,441.7340187157678,383.4142135623731,1447,5690,3.470164609053498,2.1880767470724893,1566.6629509039024,716.0,5832,20238,,,0.0,0.0,0,0,178,527.5,8.0,110.0,87.5,139.46648237733243,128.0,1.0895818935729096,208.45833333333334,145.0,1.4376436781609196,114.68519070321811,106.0,1.0819357613511142,1.9695349575790573,2.1324718840918613,1.3133793068129624,1.4590847828749829,2.742302101588078,1.7501800068164073,1.7021651464234278,2.3435337555221496
C:\Users\JackM\40xMBPCNP\40xN1N2N3N4lif\Pranlukast_0606.lif,Pranlukast_0606,4,Image 5,Pranlukast_0606_S5_Image_5,45,15227,6926,1,0,6926,0,32,82,17,9.15,2.3527288478198094,1.9910865661136907,1238.4558441227157,622.0,16295,,,0.0,0.0,0,0,2.3527288478198094,1.9910865661136907,1238.4558441227157,622.0,6926,16295,,,0.0,0.0,0,0,108,457.5,9.0,50.0,50.0,127.88088362691308,128.0,0.9990694033352584,260.41712388102803,145.0,1.795980164696745,108.23982096448167,106.0,1.0211303864573742,1.9695349575790573,2.1324718840918613,1.3133793068129624,1.4590847828749829,2.742302101588078,1.7501800068164073,1.7021651464234278,2.3435337555221496
C:\Users\JackM\40xMBPCNP\40xN1N2N3N4lif\Pranlukast_0606.lif,Pranlukast_0606,4,Image 5,Pranlukast_0606_S5_Image_5,46,11852,7574,0,385,7574,0,17,42,17,9.86111111111111,1.5217850541325588,1.3852519045671632,772.970562748477,558.0,11526,6.275324675324676,0.7770696944933357,198.31370849898474,255.20710678118655,385,2416,1.5217850541325588,1.3852519045671632,772.970562748477,558.0,7574,11526,,,0.0,0.0,0,0,115,312.5,12.0,50.0,55.0,137.4909090909091,128.0,1.0741477272727273,535.6855030367045,145.0,3.6943827795634796,109.1455862977602,106.0,1.0296753424317,1.9695349575790573,2.1324718840918613,1.3133793068129624,1.4590847828749829,2.742302101588078,1.7501800068164073,1.7021651464234278,2.3435337555221496
C:\Users\JackM\40xMBPCNP\40xN1N2N3N4lif\Pranlukast_0606.lif,Pranlukast_0606,4,Image 5,Pranlukast_0606_S5_Image_5,47,11743,5983,1,2230,5983,0,11,18,6,13.38888888888889,1.5096105632625774,1.1552868445399571,562.863961030679,487.20710678118655,9032,1.3044843049327355,1.0389904499274776,269.31370849898474,259.20710678118655,2230,2909,1.5096105632625774,1.1552868445399571,562.863961030679,487.20710678118655,5983,9032,,,0.0,0.0,0,0,83,192.5,7.0,45.0,37.5,138.50627802690582,128.0,1.0820802970852017,335.09042286478353,145.0,2.310968433550231,112.797565374211,106.0,1.0641279752284056,1.9695349575790573,2.1324718840918613,1.3133793068129624,1.4590847828749829,2.742302101588078,1.7501800068164073,1.7021651464234278,2.3435337555221496
C:\Users\JackM\40xMBPCNP\40xN1N2N3N4lif\Pranlukast_0606.lif,Pranlukast_0606,4,Image 5,Pranlukast_0606_S5_Image_5,49,19135,7159,2,4375,7127,68,30,84,12,8.625,2.566140522419332,2.0242516615975905,1336.0060966544097,660.0,18371,1.2987428571428572,1.2545362862534004,454.14213562373095,362.0,4375,5682,2.577662410551424,2.0099877016546013,1326.5918830920368,660.0,7127,18371,7.514705882352941,0.32377262261353507,42.41421356237309,131.0,68,511,171,482.5,8.0,120.0,82.5,147.6976,128.0,1.1538875,231.8377999158131,145.0,1.5988813787297456,126.76470588235294,106.0,1.1958934517203108,1.9695349575790573,2.1324718840918613,1.3133793068129624,1.4590847828749829,2.742302101588078,1.7501800068164073,1.7021651464234278,2.3435337555221496
C:\Users\JackM\40xMBPCNP\40xN1N2N3N4lif\Pranlukast_0606.lif,Pranlukast_0606,4,Image 5,Pranlukast_0606_S5_Image_5,50,8117,5885,1,933,5885,0,9,40,4,13.666666666666666,1.2783347493627868,1.6002110925104913,646.4852813742385,404.0,7523,1.6645230439442658,0.893186466974495,173.27817459305203,194.0,933,1553,1.2783347493627868,1.6002110925104913,646.4852813742385,404.0,5885,7523,,,0.0,0.0,0,0,71,207.5,10.0,50.0,32.5,136.58199356913184,128.0,1.0670468247588425,378.93967714528463,145.0,2.6133770837605836,110.72135808663656,106.0,1.0445411140248733,1.9695349575790573,2.1324718840918613,1.3133793068129624,1.4590847828749829,2.742302101588078,1.7501800068164073,1.7021651464234278,2.3435337555221496
C:\Users\JackM\40xMBPCNP\40xN1N2N3N4lif\Pranlukast_0606.lif,Pranlukast_0606,4,Image 5,Pranlukast_0606_S5_Image_5,51,14821,5490,3,8140,5490,0,13,25,10,12.625,1.5806921675774135,1.5859046459246398,710.4852813742386,448.0,8678,1.438943488943489,1.660080226076591,806.7989898732233,486.0,8140,11713,1.5806921675774135,1.5859046459246398,710.4852813742386,448.0,5490,8678,,,0.0,0.0,0,0,76,262.5,9.0,40.0,35.0,159.82788697788698,128.0,1.248655367014742,273.3943533697632,145.0,1.8854782991018153,113.52831635447475,106.0,1.0710218524007051,1.9695349575790573,2.1324718840918613,1.3133793068129624,1.4590847828749829,2.742302101588078,1.7501800068164073,1.7021651464234278,2.3435337555221496
C:\Users\JackM\40xMBPCNP\40xN1N2N3N4lif\Pranlukast_0606.lif,Pranlukast_0606,4,Image 5,Pranlukast_0606_S5_Image_5,52,9755,5389,2,371,5389,0,14,37,8,11.466666666666667,1.8018185192057896,1.7788832521472477,853.8639610306789,480.0,9710,7.409703504043127,0.4858745890493206,129.2426406871193,266.0,371,2749,1.8018185192057896,1.7788832521472477,853.8639610306789,480.0,5389,9710,,,0.0,0.0,0,0,78,242.5,6.0,25.0,35.0,128.01347708894878,128.0,1.0001052897574123,256.4971237706439,145.0,1.7689456811768545,106.36248644741598,106.0,1.0034196834661884,1.9695349575790573,2.1324718840918613,1.3133793068129624,1.4590847828749829,2.742302101588078,1.7501800068164073,1.7021651464234278,2.3435337555221496
C:\Users\JackM\40xMBPCNP\40xN1N2N3N4lif\Pranlukast_0606.lif,Pranlukast_0606,4,Image 5,Pranlukast_0606_S5_Image_5,53,3696,2054,1,1840,2054,0,3,3,1,34.333333333333336,1.4148003894839338,1.200878255331586,302.62132034355966,252.0,2906,1.3684782608695651,1.4576822110721932,326.5208152801713,224.0,1840,2518,1.4148003894839338,1.200878255331586,302.62132034355966,252.0,2054,2906,,,0.0,0.0,0,0,52,97.5,8.0,30.0,22.5,144.3663043478261,128.0,1.1278617527173913,224.00292112950342,145.0,1.5448477319276097,111.5079295154185,106.0,1.0519615992020612,1.9695349575790573,2.1324718840918613,1.3133793068129624,1.4590847828749829,2.742302101588078,1.7501800068164073,1.7021651464234278,2.3435337555221496
C:\Users\JackM\40xMBPCNP\40xN1N2N3N4lif\Pranlukast_0606.lif,Pranlukast_0606,4,Image 5,Pranlukast_0606_S5_Image_5,54,4718,2907,1,0,2907,0,6,26,4,9.833333333333334,1.2077743378052976,1.4651375158563151,392.6568542494924,268.0,3511,,,0.0,0.0,0,0,1.2077743378052976,1.4651375158563151,392.6568542494924,268.0,2907,3511,,,0.0,0.0,0,0,53,137.5,11.0,35.0,22.5,125.04781561747507,128.0,0.976936059511524,261.5823873409013,145.0,1.8040164644200087,110.2046783625731,106.0,1.0396667770054067,1.9695349575790573,2.1324718840918613,1.3133793068129624,1.4590847828749829,2.742302101588078,1.7501800068164073,1.7021651464234278,2.3435337555221496
C:\Users\JackM\40xMBPCNP\40xN1N2N3N4lif\Pranlukast_0606.lif,Pranlukast_0606,4,Image 5,Pranlukast_0606_S5_Image_5,55,3142,2034,1,0,2034,0,9,31,5,7.809523809523809,1.3411996066863323,1.766325242185234,395.6568542494924,224.0,2728,,,0.0,0.0,0,0,1.3411996066863323,1.766325242185234,395.6568542494924,224.0,2034,2728,,,0.0,0.0,0,0,45,107.5,8.0,30.0,20.0,120.56047197640117,128.0,0.9418786873156342,211.83972468043265,145.0,1.4609636184857424,105.94591937069814,106.0,0.9994898053839447,1.9695349575790573,2.1324718840918613,1.3133793068129624,1.4590847828749829,2.742302101588078,1.7501800068164073,1.7021651464234278,2.3435337555221496
C:\Users\JackM\40xMBPCNP\40xN1N2N3N4lif\Pranlukast_0606.lif,Pranlukast_0606,4,Image 5,Pranlukast_0606_S5_Image_5,56,3026,2166,1,0,2166,0,12,46,14,5.3,1.2391505078485687,1.6303086171163976,368.4497474683059,226.0,2684,,,0.0,0.0,0,0,1.2391505078485687,1.6303086171163976,368.4497474683059,226.0,2166,2684,,,0.0,0.0,0,0,47,77.5,4.0,30.0,20.0,123.13388734995384,128.0,0.9619834949215144,214.56325023084025,145.0,1.4797465533161396,109.73684210526316,106.0,1.035253227408143,1.9695349575790573,2.1324718840918613,1.3133793068129624,1.4590847828749829,2.742302101588078,1.7501800068164073,1.7021651464234278,2.3435337555221496
C:\Users\JackM\40xMBPCNP\40xN1N2N3N4lif\Pranlukast_0606.lif,Pranlukast_0606,5,Image 6,Pranlukast_0606_S6_Image_6,1,5188,2697,0,978,2697,0,16,16,2,10.277777777777779,1.7304412309974044,1.3313050258083072,420.6923881554251,316.0,4667,1.534764826175869,1.3572567068188486,252.44974746830584,186.0,978,1501,1.7304412309974044,1.3313050258083072,420.6923881554251,316.0,2697,4667,,,0.0,0.0,0,0,62,187.5,9.0,35.0,27.5,133.59406952965236,127.0,1.0519218073200973,244.93845012977383,140.0,1.7495603580698131,108.7572710951526,109.0,0.9977731293133266,1.691761035479621,2.441457552881335,1.1762934353625145,1.142313759384744,3.693550647664572,1.5120486726461992,1.6851143514887676,2.3646996910421763
C:\Users\JackM\40xMBPCNP\40xN1N2N3N4lif\Pranlukast_0606.lif,Pranlukast_0606,5,Image 6,Pranlukast_0606_S6_Image_6,2,9481,7159,1,848,24,7159,25,86,25,7.2835820895522385,1.3352423522838386,1.8065415792503359,798.4913780286485,442.0,9559,2.9716981132075473,1.041300970512578,258.2426406871193,248.0,848,2520,12.041666666666666,0.0854408507157522,13.414213562373096,157.0,24,289,1.3352423522838386,1.8065415792503359,798.4913780286485,442.0,7159,9559,85,297.5,10.0,55.0,40.0,137.58018867924528,127.0,1.083308572277522,179.41666666666666,140.0,1.281547619047619,140.91744657075012,109.0,1.2928206107408267,1.691761035479621,2.441457552881335,1.1762934353625145,1.142313759384744,3.693550647664572,1.5120486726461992,1.6851143514887676,2.3646996910421763
C:\Users\JackM\40xMBPCNP\40xN1N2N3N4lif\Pranlukast_0606.lif,Pranlukast_0606,5,Image 6,Pranlukast_0606_S6_Image_6,3,38882,30147,3,38690,3117,28764,44,254,66,9.993939393939394,1.379905131522208,2.637466101826427,2447.5685424949243,928.0,41600,1.0914706642543293,1.1414635502080301,1059.278174593052,928.0,38690,42229,9.68912415784408,0.9989447854550687,913.0355339059328,914.0,3117,30201,1.3656306494228898,2.3557586431162014,2181.4325035256024,926.0,28764,39281,156,672.5,15.0,90.0,75.0,203.71752390798656,127.0,1.604074991401469,198.59191530317614,140.0,1.4185136807369725,145.07683215130024,109.0,1.3309801114798188,1.691761035479621,2.441457552881335,1.1762934353625145,1.142313759384744,3.693550647664572,1.5120486726461992,1.6851143514887676,2.3646996910421763
C:\Users\JackM\40xMBPCNP\40xN1N2N3N4lif\Pranlukast_0606.lif,Pranlukast_0606,5,Image 6,Pranlukast_0606_S6_Image_6,4,27012,9643,1,53,9643,0,35,95,19,10.4,3.17224930001037,2.3416624442089797,2060.662950903902,880.0,30590,1.7358490566037736,0.37507502035622187,22.207106781186546,59.207106781186546,53,92,3.17224930001037,2.3416624442089797,2060.662950903902,880.0,9643,30590,,,0.0,0.0,0,0,176,662.5,8.0,100.0,85.0,135.9433962264151,127.0,1.070420442727678,238.31432126931452,140.0,1.7022451519236752,113.94779822203846,109.0,1.045392644238885,1.691761035479621,2.441457552881335,1.1762934353625145,1.142313759384744,3.693550647664572,1.5120486726461992,1.6851143514887676,2.3646996910421763
C:\Users\JackM\40xMBPCNP\40xN1N2N3N4lif\Pranlukast_0606.lif,Pranlukast_0606,5,Image 6,Pranlukast_0606_S6_Image_6,6,20109,14327,1,17959,10965,5764,34,156,35,9.723809523809523,1.8480491379912054,2.0633748416058264,1687.840620433566,818.0,26477,1.5236371735620022,1.3171986642305205,1088.00609665441,826.0,17959,27363,2.3895120839033286,1.7923109649839735,1458.9411254969543,814.0,10965,26201,1.9148160999306036,1.7754892257167219,955.2132034355964,538.0,5764,11037,172,487.5,10.0,25.0,82.5,165.16036527646307,127.0,1.3004753171375045,364.3389876880985,140.0,2.602421340629275,141.37248438584317,109.0,1.2969952695948914,1.691761035479621,2.441457552881335,1.1762934353625145,1.142313759384744,3.693550647664572,1.5120486726461992,1.6851143514887676,2.3646996910421763
C:\Users\JackM\40xMBPCNP\40xN1N2N3N4lif\Pranlukast_0606.lif,Pranlukast_0606,5,Image 6,Pranlukast_0606_S6_Image_6,7,13597,5447,1,12546,5447,188,20,24,3,10.92,2.2010280888562512,1.3129573386694045,749.970562748477,571.2071067811866,11989,1.071098358042404,1.2277659600247846,725.8639610306789,591.2071067811866,12546,13438,2.2010280888562512,1.3129573386694045,749.970562748477,571.2071067811866,5447,11989,3.015957446808511,0.884666554685859,102.62132034355965,116.0,188,567,118,290.0,11.0,100.0,59.473684210526315,152.22086720867208,127.0,1.198589505580095,287.26161189645677,140.0,2.0518686564032627,128.52659574468086,109.0,1.17914308022643,1.691761035479621,2.441457552881335,1.1762934353625145,1.142313759384744,3.693550647664572,1.5120486726461992,1.6851143514887676,2.3646996910421763
C:\Users\JackM\40xMBPCNP\40xN1N2N3N4lif\Pranlukast_0606.lif,Pranlukast_0606,5,Image 6,Pranlukast_0606_S6_Image_6,8,17108,4303,1,183,4303,0,32,44,14,10.372093023255815,3.4413200092958403,1.7472081303681193,1118.2132034355964,640.0,14808,1.0382513661202186,1.0,56.0,56.0,183,190,3.4413200092958403,1.7472081303681193,1118.2132034355964,640.0,4303,14808,,,0.0,0.0,0,0,109,392.5,8.0,70.0,52.5,133.24043715846994,127.0,1.0491373004603932,209.71020218452242,140.0,1.4979300156037316,108.79736959429336,109.0,0.9981410054522326,1.691761035479621,2.441457552881335,1.1762934353625145,1.142313759384744,3.693550647664572,1.5120486726461992,1.6851143514887676,2.3646996910421763
C:\Users\JackM\40xMBPCNP\40xN1N2N3N4lif\Pranlukast_0606.lif,Pranlukast_0606,5,Image 6,Pranlukast_0606_S6_Image_6,9,27779,15585,1,6815,15583,2608,29,83,12,14.205882352941176,1.8602502406159769,2.546659536170776,1955.834523779156,768.0,28992,2.898459280997799,2.3137823415609136,1591.8822509939087,688.0,6815,19753,1.860488994416993,2.546659536170776,1955.834523779156,768.0,15583,28992,2.620015337423313,1.0577995725339664,451.89949493661163,427.20710678118655,2608,6833,130,627.5,11.0,80.0,62.5,138.21203228173147,127.0,1.088283718753791,311.23448629917215,140.0,2.2231034735655153,130.23006134969324,109.0,1.1947712050430572,1.691761035479621,2.441457552881335,1.1762934353625145,1.142313759384744,3.693550647664572,1.5120486726461992,1.6851143514887676,2.3646996910421763
C:\Users\JackM\40xMBPCNP\40xN1N2N3N4lif\Pranlukast_0606.lif,Pranlukast_0606,5,Image 6,Pranlukast_0606_S6_Image_6,11,32746,29082,2,32746,308,29066,34,153,37,13.179245283018869,1.195344199160993,2.0189162559075067,1922.4264068711927,952.2071067811866,34763,1.0621144567275393,0.9989498083002338,951.2071067811866,952.2071067811866,32746,34780,21.441558441558442,0.3757139720103178,172.82842712474618,460.0,308,6604,1.1960022018853644,2.0105147223093773,1914.4264068711927,952.2071067811866,29066,34763,158,562.5,19.0,100.0,75.0,200.5981188542112,127.0,1.5795127468835528,176.5194805194805,140.0,1.2608534322820037,159.90611023188606,109.0,1.4670285342374867,1.691761035479621,2.441457552881335,1.1762934353625145,1.142313759384744,3.693550647664572,1.5120486726461992,1.6851143514887676,2.3646996910421763
C:\Users\JackM\40xMBPCNP\40xN1N2N3N4lif\Pranlukast_0606.lif,Pranlukast_0606,5,Image 6,Pranlukast_0606_S6_Image_6,12,27561,14141,3,542,14141,164,25,90,22,14.044776119402986,2.22608019234849,2.3050856130154904,1977.7634559672906,858.0,31479,2.5092250922509227,0.6293113800560342,144.2426406871193,229.20710678118655,542,1360,2.22608019234849,2.3050856130154904,1977.7634559672906,858.0,14141,31479,6.884146341463414,0.4531850366093424,92.44974746830584,204.0,164,1129,141,602.5,11.0,75.0,67.5,136.3321033210332,127.0,1.0734811285120724,279.44197722933313,140.0,1.9960141230666653,130.03658536585365,109.0,1.192996196017006,1.691761035479621,2.441457552881335,1.1762934353625145,1.142313759384744,3.693550647664572,1.5120486726461992,1.6851143514887676,2.3646996910421763
C:\Users\JackM\40xMBPCNP\40xN1N2N3N4lif\Pranlukast_0606.lif,Pranlukast_0606,5,Image 6,Pranlukast_0606_S6_Image_6,13,29090,21890,1,29090,9164,16203,58,227,51,8.618181818181819,1.4338053905893102,2.63984148765462,2360.01828996323,894.0,31386,1.0873839807493983,1.0035873677641909,897.2071067811866,894.0,29090,31632,2.4969445656918374,2.177718702459428,1646.3553390593274,756.0,9164,22882,1.5234833055606987,2.240217790307943,1760.8111831820431,786.0,16203,24685,142,757.5,12.0,60.0,67.5,179.00862839463733,127.0,1.4095167590128923,253.15320820602358,140.0,1.808237201471597,144.25057088193543,109.0,1.323399732861793,1.691761035479621,2.441457552881335,1.1762934353625145,1.142313759384744,3.693550647664572,1.5120486726461992,1.6851143514887676,2.3646996910421763
C:\Users\JackM\40xMBPCNP\40xN1N2N3N4lif\Pranlukast_0606.lif,Pranlukast_0606,5,Image 6,Pranlukast_0606_S6_Image_6,14,13174,2285,2,10477,1921,396,35,36,3,6.891891891891892,5.452954048140044,1.4458763259376761,806.7989898732233,558.0,12460,1.3430371289491267,2.498990219796446,1404.4325035256027,562.0,10477,14071,6.031754294638209,1.3122071909111792,708.5918830920368,540.0,1921,11587,4.333333333333333,0.6904982557627148,142.24264068711926,206.0,396,1716,177,332.5,6.0,100.0,89.64285714285714,138.06624033597404,127.0,1.087135750676961,204.87766788131182,140.0,1.4634119134379415,128.90656565656565,109.0,1.1826290427207857,1.691761035479621,2.441457552881335,1.1762934353625145,1.142313759384744,3.693550647664572,1.5120486726461992,1.6851143514887676,2.3646996910421763
C:\Users\JackM\40xMBPCNP\40xN1N2N3N4lif\Pranlukast_0606.lif,Pranlukast_0606,5,Image 6,Pranlukast_0606_S6_Image_6,15,15865,15093,2,15865,1593,15052,14,44,6,18.066666666666666,1.10282912608494,1.2332090968316702,900.2426406871193,730.0,16645,1.0538922155688624,0.9975439818920364,728.2071067811866,730.0,15865,16720,6.322033898305085,1.01379642286084,577.8639610306789,570.0,1593,10071,1.10583311187882,1.255410612970282,916.4497474683059,730.0,15052,16645,130,292.5,7.0,45.0,62.5,249.7923101166089,127.0,1.9668685835953457,186.56497175141243,140.0,1.3326069410815173,171.61234387456815,109.0,1.5744251731611758,1.691761035479621,2.441457552881335,1.1762934353625145,1.142313759384744,3.693550647664572,1.5120486726461992,1.6851143514887676,2.3646996910421763
C:\Users\JackM\40xMBPCNP\40xN1N2N3N4lif\Pranlukast_0606.lif,Pranlukast_0606,5,Image 6,Pranlukast_0606_S6_Image_6,16,83035,66604,3,83035,3583,66186,74,391,94,12.339285714285714,1.4246291514023182,3.0014979259842383,4400.195959492893,1466.0,94886,1.2056120912868067,1.101964937133229,1690.414213562373,1534.0,83035,100108,20.036282444878594,0.9942569957095401,1216.970562748477,1224.0,3583,71790,1.4336264466805668,2.991738299896534,4385.888347648319,1466.0,66186,94886,504,1375.0,11.0,445.0,257.5,291.5570662973445,127.0,2.2957249314751533,186.17331844822775,140.0,1.329809417487341,164.269739824132,109.0,1.5070618332489174,1.691761035479621,2.441457552881335,1.1762934353625145,1.142313759384744,3.693550647664572,1.5120486726461992,1.6851143514887676,2.3646996910421763
C:\Users\JackM\40xMBPCNP\40xN1N2N3N4lif\Pranlukast_0606.lif,Pranlukast_0606,5,Image 6,Pranlukast_0606_S6_Image_6,17,21652,12599,2,21652,4760,11190,89,152,54,6.368794326241135,1.7192634336058417,2.3464726468764927,1745.7756492761105,744.0,21661,1.0660908922963237,1.0116841456614043,797.2071067811866,788.0,21652,23083,2.952310924369748,0.7806822956333512,530.8639610306789,680.0,4760,14053,1.8351206434316354,2.400317460203403,1704.2253967444162,710.0,11190,20535,228,787.5,14.0,115.0,110.0,201.98485128394606,127.0,1.590431899873591,341.70693277310926,140.0,2.440763805522209,135.21447721179624,109.0,1.2404997909339104,1.691761035479621,2.441457552881335,1.1762934353625145,1.142313759384744,3.693550647664572,1.5120486726461992,1.6851143514887676,2.3646996910421763
C:\Users\JackM\40xMBPCNP\40xN1N2N3N4lif\Pranlukast_0606.lif,Pranlukast_0606,5,Image 6,Pranlukast_0606_S6_Image_6,18,121763,52719,3,121763,157,52651,276,777,265,7.636842105263158,2.8565223164324056,4.36359491554636,8203.558441227156,1880.0,150593,1.276808225815724,1.2253774913120365,2318.4142135623733,1892.0,121763,155468,15.853503184713375,0.1069364161849711,74.0,692.0,157,2489,2.860211581926269,4.344445979376147,8167.558441227156,1880.0,52651,150593,531,3182.5,15.0,210.0,260.0485436893204,265.0149963453594,127.0,2.0867322546878695,169.05732484076432,140.0,1.2075523202911738,137.07456648496705,109.0,1.2575648301373124,1.691761035479621,2.441457552881335,1.1762934353625145,1.142313759384744,3.693550647664572,1.5120486726461992,1.6851143514887676,2.3646996910421763
C:\Users\JackM\40xMBPCNP\40xN1N2N3N4lif\Pranlukast_0606.lif,Pranlukast_0606,5,Image 6,Pranlukast_0606_S6_Image_6,19,59422,36218,1,59422,115,36117,75,290,44,10.09216589861751,1.7667458169970733,2.9032071014350405,3396.7523086789975,1170.0,63988,1.115815691158157,1.0881131547581129,1299.2071067811867,1194.0,59422,66304,89.28695652173913,0.14756905008281299,77.62132034355963,526.0,115,10268,1.77168646343827,2.850893334955394,3335.5452018978112,1170.0,36117,63988,328,1020.0,8.0,120.0,164.672131147541,314.3506277136414,127.0,2.4752017930207986,172.56521739130434,140.0,1.2326086956521738,155.65448403798766,109.0,1.4280227893393362,1.691761035479621,2.441457552881335,1.1762934353625145,1.142313759384744,3.693550647664572,1.5120486726461992,1.6851143514887676,2.3646996910421763
C:\Users\JackM\40xMBPCNP\40xN1N2N3N4lif\Pranlukast_0606.lif,Pranlukast_0606,5,Image 6,Pranlukast_0606_S6_Image_6,20,25516,15081,1,20733,14144,2601,39,127,32,9.433333333333334,1.6919965519527882,2.0353667760264544,1852.1837661840736,910.0,25517,1.2421260791974147,1.1633381114735915,1042.5918830920368,896.2071067811866,20733,25753,1.8007635746606334,1.975210768754018,1793.4913780286483,908.0,14144,25470,3.7808535178777394,1.1289637756434885,654.7989898732233,580.0,2601,9834,174,582.5,7.0,110.0,85.0,145.174070322674,127.0,1.1431029159265669,288.5898614253394,140.0,2.0613561530381386,130.6078431372549,109.0,1.1982370930023385,1.691761035479621,2.441457552881335,1.1762934353625145,1.142313759384744,3.693550647664572,1.5120486726461992,1.6851143514887676,2.3646996910421763
C:\Users\JackM\40xMBPCNP\40xN1N2N3N4lif\Pranlukast_0606.lif,Pranlukast_0606,5,Image 6,Pranlukast_0606_S6_Image_6,21,36867,32212,2,36867,2478,32055,32,176,39,13.559322033898304,1.1934682726934063,2.370755280014902,2347.0477272147527,990.0,38444,1.0462473214527896,0.9991990977587742,989.2071067811866,990.0,36867,38572,9.030266343825666,0.7255733029976181,577.5563491861041,796.0,2478,22377,1.1948525970987365,2.4094437081591216,2361.254833995939,980.0,32055,38301,164,655.0,15.0,95.0,80.0,239.91664632327013,127.0,1.8891074513643318,246.34382566585955,140.0,1.7595987547561396,174.45562314771487,109.0,1.600510304107476,1.691761035479621,2.441457552881335,1.1762934353625145,1.142313759384744,3.693550647664572,1.5120486726461992,1.6851143514887676,2.3646996910421763
C:\Users\JackM\40xMBPCNP\40xN1N2N3N4lif\Pranlukast_0606.lif,Pranlukast_0606,5,Image 6,Pranlukast_0606_S6_Image_6,22,123902,71996,10,123902,5645,71316,111,492,104,12.156976744186046,2.293071837324296,4.067154205657849,7808.936074863072,1920.0,165092,1.3385013962647898,1.2089137268859005,2335.6213203435595,1932.0,123902,165843,11.619131975199291,1.3146465516212082,1635.420310216783,1244.0,5645,65590,2.31357619608503,4.009252344785321,7697.764501987817,1920.0,71316,164995,462,2345.0,14.0,410.0,227.5,310.2971138480412,127.0,2.4432843610081982,190.92860938883967,140.0,1.363775781348855,146.42282236805204,109.0,1.343328645578459,1.691761035479621,2.441457552881335,1.1762934353625145,1.142313759384744,3.693550647664572,1.5120486726461992,1.6851143514887676,2.3646996910421763
C:\Users\JackM\40xMBPCNP\40xN1N2N3N4lif\Pranlukast_0606.lif,Pranlukast_0606,5,Image 6,Pranlukast_0606_S6_Image_6,23,34660,18277,1,34646,16000,4237,61,169,46,9.248175182481752,2.327406029435903,2.411565463219441,2700.953318805774,1120.0,42538,1.2398256653004676,1.042334119252119,1167.414213562373,1120.0,34646,42955,2.5448125,2.017160089366077,2259.219300090006,1120.0,16000,40717,7.035638423412792,1.392091336311511,1147.0832611206852,824.0,4237,29810,207,942.5,16.0,105.0,100.0,148.34191537262598,127.0,1.1680465777372124,326.503,140.0,2.3321642857142857,170.5397687042719,109.0,1.5645850339841458,1.691761035479621,2.441457552881335,1.1762934353625145,1.142313759384744,3.693550647664572,1.5120486726461992,1.6851143514887676,2.3646996910421763
C:\Users\JackM\40xMBPCNP\40xN1N2N3N4lif\Pranlukast_0606.lif,Pranlukast_0606,5,Image 6,Pranlukast_0606_S6_Image_6,24,24715,8122,1,24711,0,8122,42,74,18,9.492957746478874,2.8150701797586803,2.3614287077091602,1624.6629509039021,688.0,22864,1.0553194933430456,1.0311588434484293,748.6213203435597,726.0,24711,26078,,,0.0,0.0,0,0,2.8150701797586803,2.3614287077091602,1624.6629509039021,688.0,8122,22864,181,595.0,13.0,100.0,87.5,190.54056897737848,127.0,1.5003194407667597,150.91602929869288,140.0,1.0779716378478064,130.85200689485347,109.0,1.20047712747572,1.691761035479621,2.441457552881335,1.1762934353625145,1.142313759384744,3.693550647664572,1.5120486726461992,1.6851143514887676,2.3646996910421763
C:\Users\JackM\40xMBPCNP\40xN1N2N3N4lif\Pranlukast_0606.lif,Pranlukast_0606,5,Image 6,Pranlukast_0606_S6_Image_6,25,26580,22394,4,26580,10822,20490,45,163,50,9.548672566371682,1.2262213092792713,1.6515872566411673,1327.8761543394985,804.0,27460,1.077012791572611,1.0038546956504646,835.2071067811866,832.0,26580,28627,2.200425060062835,1.4205360095604807,1127.9055915910217,794.0,10822,23813,1.20165934602245,1.6037535826988734,1170.7401153701776,730.0,20490,24622,151,512.5,17.0,85.0,72.5,160.99826937547027,127.0,1.2677029084682698,323.7274995379782,140.0,2.31233928241413,148.90649097120547,109.0,1.3661145960661052,1.691761035479621,2.441457552881335,1.1762934353625145,1.142313759384744,3.693550647664572,1.5120486726461992,1.6851143514887676,2.3646996910421763
C:\Users\JackM\40xMBPCNP\40xN1N2N3N4lif\Pranlukast_0606.lif,Pranlukast_0606,5,Image 6,Pranlukast_0606_S6_Image_6,26,10136,6700,2,10136,332,6532,37,113,42,6.813953488372093,1.421641791044776,2.0230335377647535,979.1482322781408,484.0,9525,1.0587016574585635,1.0099601593625498,507.0,502.0,10136,10731,10.05722891566265,0.7356848859475548,186.86396103067892,254.0,332,3339,1.4582057562767912,1.9081868715713097,923.5624458405139,484.0,6532,9525,92,367.5,13.0,45.0,42.5,228.01756116811364,127.0,1.7954138674654618,175.50301204819277,140.0,1.253592943201377,138.07225964482546,109.0,1.2667179783928941,1.691761035479621,2.441457552881335,1.1762934353625145,1.142313759384744,3.693550647664572,1.5120486726461992,1.6851143514887676,2.3646996910421763
C:\Users\JackM\40xMBPCNP\40xN1N2N3N4lif\Pranlukast_0606.lif,Pranlukast_0606,5,Image 6,Pranlukast_0606_S6_Image_6,27,14933,7307,1,14933,7307,0,23,61,17,11.9375,1.867798001915971,1.8329281418039194,1114.420310216783,608.0,13648,1.0303354985602358,1.0,610.0,610.0,14933,15386,1.867798001915971,1.8329281418039194,1114.420310216783,608.0,7307,13648,,,0.0,0.0,0,0,157,342.5,5.0,70.0,77.32142857142857,148.43889372530637,127.0,1.168810186813436,268.7302586560832,140.0,1.9195018475434515,113.93444050090403,109.0,1.045270096338569,1.691761035479621,2.441457552881335,1.1762934353625145,1.142313759384744,3.693550647664572,1.5120486726461992,1.6851143514887676,2.3646996910421763
C:\Users\JackM\40xMBPCNP\40xN1N2N3N4lif\Pranlukast_0606.lif,Pranlukast_0606,5,Image 6,Pranlukast_0606_S6_Image_6,28,59621,45787,4,59621,11913,45471,84,304,90,10.272727272727273,1.3996330836263569,2.1992786297207525,3039.4030662740797,1382.0,64085,1.1298200298552523,1.0008609891449263,1403.2071067811867,1402.0,59621,67361,3.454797280282045,1.5769894655544263,1604.1248916810277,1017.2071067811866,11913,41157,1.398055903762838,2.1534185141951085,2976.0243866176397,1382.0,45471,63571,243,987.5,13.0,155.0,117.5,248.45594673017897,127.0,1.9563460372455037,288.91857634516913,140.0,2.0637041167512082,151.28371929361572,109.0,1.387924030216658,1.691761035479621,2.441457552881335,1.1762934353625145,1.142313759384744,3.693550647664572,1.5120486726461992,1.6851143514887676,2.3646996910421763
C:\Users\JackM\40xMBPCNP\40xN1N2N3N4lif\Pranlukast_0606.lif,Pranlukast_0606,5,Image 6,Pranlukast_0606_S6_Image_6,29,143690,116837,8,143690,28604,113254,154,725,212,10.222222222222221,1.33770124190111,3.096564072665506,5840.119841047144,1886.0,156293,1.0983645347623356,1.0713117651799506,2031.2071067811864,1896.0,143690,157824,4.4265487344427354,2.1554101414006266,3629.710678118655,1684.0,28604,126617,1.3115651544316316,2.8859329756264813,5252.398015640196,1820.0,113254,148540,281,1812.5,26.0,190.0,137.5,453.8648270582504,127.0,3.573738795734255,346.03775695706895,140.0,2.471698263979064,167.24130715029932,109.0,1.5343239188100855,1.691761035479621,2.441457552881335,1.1762934353625145,1.142313759384744,3.693550647664572,1.5120486726461992,1.6851143514887676,2.3646996910421763
C:\Users\JackM\40xMBPCNP\40xN1N2N3N4lif\Pranlukast_0606.lif,Pranlukast_0606,5,Image 6,Pranlukast_0606_S6_Image_6,30,12262,5261,1,12260,5261,0,24,98,25,7.90625,2.055312678198061,2.2211348749971696,1194.9705627484773,538.0,10813,1.0816476345840131,1.02466511593956,590.2071067811866,576.0,12260,13261,2.055312678198061,2.2211348749971696,1194.9705627484773,538.0,5261,10813,,,0.0,0.0,0,0,196,362.5,7.0,10.0,99.14285714285714,140.31590538336053,127.0,1.1048496486878783,220.01140467591713,140.0,1.571510033399408,116.44004893964112,109.0,1.0682573297214781,1.691761035479621,2.441457552881335,1.1762934353625145,1.142313759384744,3.693550647664572,1.5120486726461992,1.6851143514887676,2.3646996910421763
C:\Users\JackM\40xMBPCNP\40xN1N2N3N4lif\Pranlukast_0606.lif,Pranlukast_0606,5,Image 6,Pranlukast_0606_S6_Image_6,31,68678,48316,4,68673,16705,42001,92,339,95,10.938016528925619,1.5055468167894692,2.9903325603652307,3863.509667991878,1292.0,72742,1.0935010848513973,1.1066518933392648,1465.2071067811867,1324.0,68673,75094,3.9688117330140678,2.2063517830717663,2718.2253967444162,1232.0,16705,66299,1.6557939096688175,2.9384239572267736,3643.6457069611993,1240.0,42001,69545,217,1252.5,34.0,120.0,105.0,291.6697537605755,127.0,2.2966122343352398,369.07626459143967,140.0,2.636259032795998,158.17973381586154,109.0,1.4511902184941425,1.691761035479621,2.441457552881335,1.1762934353625145,1.142313759384744,3.693550647664572,1.5120486726461992,1.6851143514887676,2.3646996910421763
C:\Users\JackM\40xMBPCNP\40xN1N2N3N4lif\Pranlukast_0606.lif,Pranlukast_0606,5,Image 6,Pranlukast_0606_S6_Image_6,32,85852,56222,4,85852,8029,53587,108,461,96,9.924012158054712,1.6882359218811143,3.718201214056582,5331.900540957138,1434.0,94916,1.115745701905605,1.119303421571382,1614.0355339059329,1442.0,85852,95789,10.865736704446382,1.7471247131959418,2487.905591591021,1424.0,8029,87241,1.679623789351895,3.439644908253196,4863.657900270019,1414.0,53587,90006,250,1592.5,16.0,125.0,122.5,308.23100218981506,127.0,2.427015765274134,187.58911446008221,140.0,1.3399222461434444,157.63099259148674,109.0,1.4461558953347409,1.691761035479621,2.441457552881335,1.1762934353625145,1.142313759384744,3.693550647664572,1.5120486726461992,1.6851143514887676,2.3646996910421763
C:\Users\JackM\40xMBPCNP\40xN1N2N3N4lif\Pranlukast_0606.lif,Pranlukast_0606,5,Image 6,Pranlukast_0606_S6_Image_6,33,13544,5988,1,13439,5759,673,19,55,10,13.894736842105264,2.223613894455578,1.9252651655510944,1247.970562748477,648.2071067811866,13315,1.1215864275615746,1.2140249652351767,798.8284271247462,658.0,13439,15073,2.2953637784337557,1.8188177056603285,1178.9705627484773,648.2071067811866,5759,13219,7.542347696879643,0.5899692210764527,221.82842712474618,376.0,673,5076,148,412.5,10.0,45.0,72.5,157.3300096733388,127.0,1.2388189738058173,238.91074839381838,140.0,1.7065053456701313,128.25111441307578,109.0,1.1766157285603283,1.691761035479621,2.441457552881335,1.1762934353625145,1.142313759384744,3.693550647664572,1.5120486726461992,1.6851143514887676,2.3646996910421763
C:\Users\JackM\40xMBPCNP\40xN1N2N3N4lif\Pranlukast_0606.lif,Pranlukast_0606,5,Image 6,Pranlukast_0606_S6_Image_6,35,20845,10334,1,20845,8743,4898,51,138,38,6.5,2.0433520418037547,2.2769331160234616,1721.3614357137371,756.0,21116,1.069321180139122,1.0,782.0,782.0,20845,22290,2.2571199816996455,1.9986549819417407,1415.0477272147525,708.0,8743,19734,2.504287464271131,1.7712384599505697,1107.3908729652603,625.2071067811866,4898,12266,142,667.5,19.0,40.0,67.5,167.22902374670184,127.0,1.3167639665094633,282.2801098021274,140.0,2.0162864985866245,131.7792976725194,109.0,1.2089843823166917,1.691761035479621,2.441457552881335,1.1762934353625145,1.142313759384744,3.693550647664572,1.5120486726461992,1.6851143514887676,2.3646996910421763
C:\Users\JackM\40xMBPCNP\40xN1N2N3N4lif\Pranlukast_0606.lif,Pranlukast_0606,5,Image 6,Pranlukast_0606_S6_Image_6,36,19194,8049,1,19194,495,7585,26,72,13,11.50943396226415,2.456454217915269,2.045221945308442,1407.1126983722081,688.0,19772,1.147754506616651,1.0658220894318897,748.2071067811866,702.0,19194,22030,7.329292929292929,0.4531627428635584,198.48528137423858,438.0,495,3628,2.3145682267633485,1.8913170538842714,1255.8345237791561,664.0,7585,17556,240,457.5,5.0,85.0,117.5,213.88340106283212,127.0,1.6841212682112765,186.76363636363635,140.0,1.334025974025974,135.5309162821358,109.0,1.2434029016709707,1.691761035479621,2.441457552881335,1.1762934353625145,1.142313759384744,3.693550647664572,1.5120486726461992,1.6851143514887676,2.3646996910421763
C:\Users\JackM\40xMBPCNP\40xN1N2N3N4lif\Pranlukast_0606.lif,Pranlukast_0606,5,Image 6,Pranlukast_0606_S6_Image_6,37,24185,12781,1,23889,1182,12020,50,185,45,8.188034188034187,2.3805649010249588,2.2319507630102953,2191.77564927611,982.0,30426,1.3548495123278497,1.1000358928342757,1089.0355339059329,990.0,23889,32366,4.641285956006768,0.6412947502014112,296.278174593052,462.0,1182,5486,2.3771214642262897,2.1308853308164566,2049.9116882454314,962.0,12020,28573,238,787.5,12.0,50.0,115.0,220.3445937460756,127.0,1.7349968011502015,196.6057529610829,140.0,1.404326806864878,140.29692179700498,109.0,1.2871277229083027,1.691761035479621,2.441457552881335,1.1762934353625145,1.142313759384744,3.693550647664572,1.5120486726461992,1.6851143514887676,2.3646996910421763
C:\Users\JackM\40xMBPCNP\40xN1N2N3N4lif\Pranlukast_0606.lif,Pranlukast_0606,5,Image 6,Pranlukast_0606_S6_Image_6,38,8685,5101,1,7582,4278,2211,12,52,8,10.735294117647058,1.6686924132523036,1.5154395848842805,721.3492424049175,476.0,8512,1.1047217093115274,1.2112301587086212,569.278174593052,470.0,7582,8376,1.951846657316503,1.6095423017305273,766.142135623731,476.0,4278,8350,2.0081411126187247,1.4280249019213878,505.5208152801713,354.0,2211,4440,96,227.5,6.0,40.0,45.0,185.99169084674227,127.0,1.4645015027302541,251.0563347358579,140.0,1.7932595338275563,130.74355495251018,109.0,1.1994821555276163,1.691761035479621,2.441457552881335,1.1762934353625145,1.142313759384744,3.693550647664572,1.5120486726461992,1.6851143514887676,2.3646996910421763
C:\Users\JackM\40xMBPCNP\40xN1N2N3N4lif\Pranlukast_0606.lif,Pranlukast_0606,5,Image 6,Pranlukast_0606_S6_Image_6,39,12985,5534,3,11066,5256,280,24,64,15,9.692307692307692,1.8402602096132996,2.2151617567502204,1045.556349186104,472.0,10184,1.0616302186878728,1.0785845404436134,560.863961030679,520.0,11066,11748,1.7781582952815829,2.0623549750949652,923.9350288425444,448.0,5256,9346,1.5464285714285715,1.1084282333867814,123.03553390593274,111.0,280,433,89,342.5,16.0,50.0,42.5,157.68064341225374,127.0,1.2415798693878248,260.73915525114154,140.0,1.8624225375081538,130.13214285714287,109.0,1.1938728702490171,1.691761035479621,2.441457552881335,1.1762934353625145,1.142313759384744,3.693550647664572,1.5120486726461992,1.6851143514887676,2.3646996910421763
C:\Users\JackM\40xMBPCNP\40xN1N2N3N4lif\Pranlukast_0606.lif,Pranlukast_0606,5,Image 6,Pranlukast_0606_S6_Image_6,40,7051,2717,1,7051,2645,72,19,45,10,5.409090909090909,1.6790577843209422,1.39764364417181,491.97056274847716,352.0,4562,1.0283647709544745,1.005050505050505,398.0,396.0,7051,7251,1.5145557655954631,1.343694583487344,446.1066017177982,332.0,2645,4006,30.59722222222222,0.16092617905501377,45.86396103067893,285.0,72,2203,105,220.0,8.0,50.0,52.5,147.7993192454971,127.0,1.1637741672873787,217.7531190926276,140.0,1.555379422090197,128.69444444444446,109.0,1.1806829765545364,1.691761035479621,2.441457552881335,1.1762934353625145,1.142313759384744,3.693550647664572,1.5120486726461992,1.6851143514887676,2.3646996910421763
C:\Users\JackM\40xMBPCNP\40xN1N2N3N4lif\Pranlukast_0606.lif,Pranlukast_0606,5,Image 6,Pranlukast_0606_S6_Image_6,41,59332,54891,1,59332,1259,54891,38,200,49,13.285714285714286,1.2246452059536173,1.6513550388279215,2008.0477272147525,1216.0,67222,1.1399919099305602,1.0766947566193539,1311.414213562373,1218.0,59332,67638,31.727561556791105,0.5839773080877376,595.6568542494924,1020.0,1259,39945,1.2246452059536173,1.6513550388279215,2008.0477272147525,1216.0,54891,67222,252,597.5,12.0,125.0,122.5,246.09023798287603,127.0,1.9377184093139845,179.10722795869737,140.0,1.279337342562124,153.01380918547667,109.0,1.4037964145456576,1.691761035479621,2.441457552881335,1.1762934353625145,1.142313759384744,3.693550647664572,1.5120486726461992,1.6851143514887676,2.3646996910421763
C:\Users\JackM\40xMBPCNP\40xN1N2N3N4lif\Pranlukast_0606.lif,Pranlukast_0606,5,Image 6,Pranlukast_0606_S6_Image_6,42,17096,14778,2,17096,20,14778,23,98,25,11.353846153846154,1.1520503451075923,1.647651606269356,912.7989898732233,554.0,17025,1.0535797847449695,1.055528659753001,593.2071067811866,562.0,17096,18012,1.1,0.6480634602802352,9.207106781186548,14.207106781186548,20,22,1.1520503451075923,1.647651606269356,912.7989898732233,554.0,14778,17025,100,322.5,10.0,85.0,47.5,179.08306036499766,127.0,1.4101028375196667,182.15,140.0,1.3010714285714287,142.5115712545676,109.0,1.3074456078400698,1.691761035479621,2.441457552881335,1.1762934353625145,1.142313759384744,3.693550647664572,1.5120486726461992,1.6851143514887676,2.3646996910421763
C:\Users\JackM\40xMBPCNP\40xN1N2N3N4lif\Pranlukast_0606.lif,Pranlukast_0606,5,Image 6,Pranlukast_0606_S6_Image_6,43,8534,6883,1,6932,6883,169,10,45,23,9.633333333333333,1.1920674124654946,1.3564077664789913,594.1066017177982,438.0,8205,1.208597807270629,1.3487810519867804,601.5563491861041,446.0,6932,8378,1.1920674124654946,1.3564077664789913,594.1066017177982,438.0,6883,8205,1.0946745562130178,1.0194694642126862,63.207106781186546,62.0,169,185,80,222.5,8.0,40.0,37.5,145.17931332948643,127.0,1.143144199444775,324.0961789917187,140.0,2.314972707083705,129.87573964497042,109.0,1.1915205472015635,1.691761035479621,2.441457552881335,1.1762934353625145,1.142313759384744,3.693550647664572,1.5120486726461992,1.6851143514887676,2.3646996910421763
C:\Users\JackM\40xMBPCNP\40xN1N2N3N4lif\Pranlukast_0606.lif,Pranlukast_0606,5,Image 6,Pranlukast_0606_S6_Image_6,44,9860,6776,2,8315,55,6743,19,82,28,6.806451612903226,1.380460448642267,1.8172633162977265,835.9411254969542,460.0,9354,1.180637402285027,1.7395086064168275,828.0060966544099,476.0,8315,9817,52.4,0.1218715549289419,39.24264068711929,322.0,55,2882,1.3872163725344802,1.7737850554281613,815.9411254969542,460.0,6743,9354,85,407.5,20.0,50.0,40.0,150.65628382441372,127.0,1.1862699513733364,166.63636363636363,140.0,1.1902597402597401,161.2436600919472,109.0,1.479299633871075,1.691761035479621,2.441457552881335,1.1762934353625145,1.142313759384744,3.693550647664572,1.5120486726461992,1.6851143514887676,2.3646996910421763
C:\Users\JackM\40xMBPCNP\40xN1N2N3N4lif\Pranlukast_0606.lif,Pranlukast_0606,5,Image 6,Pranlukast_0606_S6_Image_6,45,12087,6293,1,329,6293,0,23,92,26,9.109375,1.7697441601779755,2.4773840893006005,1253.556349186104,506.0,11137,6.832826747720365,0.6123752922925236,142.07106781186548,232.0,329,2248,1.7697441601779755,2.4773840893006005,1253.556349186104,506.0,6293,11137,,,0.0,0.0,0,0,99,402.5,9.0,60.0,47.5,138.2066869300912,127.0,1.0882416293707968,228.26744001271254,140.0,1.6304817143765182,112.59512725015519,109.0,1.032982818808763,1.691761035479621,2.441457552881335,1.1762934353625145,1.142313759384744,3.693550647664572,1.5120486726461992,1.6851143514887676,2.3646996910421763
C:\Users\JackM\40xMBPCNP\40xN1N2N3N4lif\Pranlukast_0606.lif,Pranlukast_0606,5,Image 6,Pranlukast_0606_S6_Image_6,46,9708,8247,1,8888,730,8113,9,45,9,12.25,1.215836061598157,1.3523595519046288,638.3137084989847,472.0,10027,1.1207245724572457,1.1863030272087804,559.9350288425444,472.0,8888,9961,1.1643835616438356,1.0676993145675482,145.20710678118655,136.0,730,850,1.235917663009984,1.471078903400249,694.3492424049175,472.0,8113,10027,87,157.5,6.0,50.0,40.0,186.22187218721874,127.0,1.4663139542300687,175.6027397260274,140.0,1.2543052837573387,156.87895969431776,109.0,1.4392565109570437,1.691761035479621,2.441457552881335,1.1762934353625145,1.142313759384744,3.693550647664572,1.5120486726461992,1.6851143514887676,2.3646996910421763
C:\Users\JackM\40xMBPCNP\40xN1N2N3N4lif\Pranlukast_0606.lif,Pranlukast_0606,5,Image 6,Pranlukast_0606_S6_Image_6,47,13120,7773,2,184,7773,0,18,69,17,10.10204081632653,1.7011449890647112,1.6351789372748702,918.970562748477,562.0,13223,13.092391304347826,0.3764618911163765,95.62132034355963,254.0,184,2409,1.7011449890647112,1.6351789372748702,918.970562748477,562.0,7773,13223,,,0.0,0.0,0,0,107,317.5,9.0,60.0,50.0,132.3586956521739,127.0,1.0421944539541252,278.50109352888205,140.0,1.9892935252063004,110.88342232392576,109.0,1.017279103889227,1.691761035479621,2.441457552881335,1.1762934353625145,1.142313759384744,3.693550647664572,1.5120486726461992,1.6851143514887676,2.3646996910421763
C:\Users\JackM\40xMBPCNP\40xN1N2N3N4lif\Pranlukast_0606.lif,Pranlukast_0606,5,Image 6,Pranlukast_0606_S6_Image_6,48,5271,5071,1,2288,4996,391,3,13,1,10.818181818181818,1.0824295010845988,1.0791751918526025,433.8284271247462,402.0,5489,1.7622377622377623,1.3630872746813065,512.5208152801713,376.0,2288,4032,1.0710568454763811,1.051296816775024,422.62132034355966,402.0,4996,5351,5.601023017902813,0.42979228371543543,130.65685424949237,304.0,391,2190,81,182.5,9.0,25.0,37.5,140.5166083916084,127.0,1.1064299873354992,591.8510808646918,140.0,4.227507720462084,138.55754475703324,109.0,1.2711701353856262,1.691761035479621,2.441457552881335,1.1762934353625145,1.142313759384744,3.693550647664572,1.5120486726461992,1.6851143514887676,2.3646996910421763
C:\Users\JackM\40xMBPCNP\40xN1N2N3N4lif\Pranlukast_0606.lif,Pranlukast_0606,5,Image 6,Pranlukast_0606_S6_Image_6,49,5504,5279,1,5504,0,5279,9,29,6,9.444444444444445,1.0687630232998675,1.086813840205462,373.86396103067887,344.0,5642,1.0290697674418605,0.9947881011081005,342.20710678118655,344.0,5504,5664,,,0.0,0.0,0,0,1.0687630232998675,1.086813840205462,373.86396103067887,344.0,5279,5642,107,125.0,6.0,5.0,50.0,228.50890261627907,127.0,1.799282697765977,142.16024709302326,140.0,1.0154303363787376,146.62928584959272,109.0,1.3452228059595663,1.691761035479621,2.441457552881335,1.1762934353625145,1.142313759384744,3.693550647664572,1.5120486726461992,1.6851143514887676,2.3646996910421763
C:\Users\JackM\40xMBPCNP\40xN1N2N3N4lif\Pranlukast_0606.lif,Pranlukast_0606,6,Image 7,Pranlukast_0606_S7_Image_7,1,23790,14300,1,23790,149,14289,34,156,55,8.053097345132743,1.686013986013986,2.472260809360286,1775.0832611206852,718.0,24110,1.0432955023118957,1.0027777777777778,722.0,720.0,23790,24820,4.832214765100671,0.3861291486184482,66.41421356237309,172.0,149,720,1.6873119182588006,2.4705796021441486,1773.8761543394987,718.0,14289,24110,126,567.5,15.0,70.0,60.0,338.35199663724256,129.0,2.6228836948623453,158.53691275167785,137.0,1.1572037427129769,147.08957939673874,106.0,1.3876375414786675,1.4300547099351881,2.1605593505567113,1.1679920363224372,1.061162687861678,3.192900870196042,1.4251435688673035,1.4994717788034044,2.2546479993401953
C:\Users\JackM\40xMBPCNP\40xN1N2N3N4lif\Pranlukast_0606.lif,Pranlukast_0606,6,Image 7,Pranlukast_0606_S7_Image_7,2,4837,4736,1,0,4736,0,4,12,5,13.909090909090908,1.041385135135135,1.2173570226039552,365.20710678118655,300.0,4932,,,0.0,0.0,0,0,1.041385135135135,1.2173570226039552,365.20710678118655,300.0,4736,4932,,,0.0,0.0,0,0,55,132.5,12.0,45.0,25.0,125.97972972972973,129.0,0.9765870521684475,365.32390202702703,137.0,2.666597825014796,106.14653716216216,106.0,1.0013824260581337,1.4300547099351881,2.1605593505567113,1.1679920363224372,1.061162687861678,3.192900870196042,1.4251435688673035,1.4994717788034044,2.2546479993401953
C:\Users\JackM\40xMBPCNP\40xN1N2N3N4lif\Pranlukast_0606.lif,Pranlukast_0606,6,Image 7,Pranlukast_0606_S7_Image_7,3,8225,5625,1,8225,4739,3644,18,43,7,9.424242424242424,1.4161777777777778,1.682768363030596,689.9350288425444,410.0,7966,1.0201823708206688,1.0105603195272084,422.4142135623731,418.0,8225,8391,1.6571006541464444,1.7776425847868922,725.278174593052,408.0,4739,7853,1.4322173435784853,1.6206422238100286,591.8700576850888,365.20710678118655,3644,5219,77,212.5,7.0,45.0,35.0,227.76863221884497,129.0,1.765648311773992,266.92171344165433,137.0,1.948333674756601,134.3468715697036,106.0,1.267423316695317,1.4300547099351881,2.1605593505567113,1.1679920363224372,1.061162687861678,3.192900870196042,1.4251435688673035,1.4994717788034044,2.2546479993401953
C:\Users\JackM\40xMBPCNP\40xN1N2N3N4lif\Pranlukast_0606.lif,Pranlukast_0606,6,Image 7,Pranlukast_0606_S7_Image_7,4,13315,12435,2,13315,1502,11896,7,19,5,21.5,1.0652995577000401,1.2151811251108702,678.0710678118655,558.0,13247,1.041982726248592,1.0177935943060499,572.0,562.0,13315,13874,4.238348868175765,0.8351602476927904,452.6568542494924,542.0,1502,6366,1.070780094149294,1.0907548277852925,604.2781745930521,554.0,11896,12738,112,222.5,6.0,55.0,52.5,556.2392790086369,129.0,4.31193239541579,194.35818908122502,137.0,1.4186729130016424,203.5116845998655,106.0,1.9199215528289197,1.4300547099351881,2.1605593505567113,1.1679920363224372,1.061162687861678,3.192900870196042,1.4251435688673035,1.4994717788034044,2.2546479993401953
C:\Users\JackM\40xMBPCNP\40xN1N2N3N4lif\Pranlukast_0606.lif,Pranlukast_0606,6,Image 7,Pranlukast_0606_S7_Image_7,5,18175,16264,2,18171,5509,14963,10,89,18,12.456140350877194,1.1437530742744713,1.8553784546650696,1165.1776695296637,628.0,18602,1.0260855208849264,1.0057481275294597,633.6213203435597,630.0,18171,18645,2.760573606825195,1.9639593991448427,1080.1776695296635,550.0,5509,15208,1.243066230034084,2.0166494333164264,1266.4558441227157,628.0,14963,18600,100,307.5,8.0,70.0,47.5,185.88294535248474,129.0,1.4409530647479438,219.14666908694863,137.0,1.5996107232623988,178.36697186393104,106.0,1.6827072817351985,1.4300547099351881,2.1605593505567113,1.1679920363224372,1.061162687861678,3.192900870196042,1.4251435688673035,1.4994717788034044,2.2546479993401953
C:\Users\JackM\40xMBPCNP\40xN1N2N3N4lif\Pranlukast_0606.lif,Pranlukast_0606,6,Image 7,Pranlukast_0606_S7_Image_7,6,5154,3969,1,5154,876,3518,10,32,9,10.038461538461538,1.3149407911312674,1.7861557006948166,575.142135623731,322.0,5219,1.0283275126115639,1.0185185185185186,330.0,324.0,5154,5300,1.7842465753424657,0.8000717856685511,158.4142135623731,198.0,876,1563,1.4215463331438318,1.7675221603221458,569.142135623731,322.0,3518,5001,62,185.0,8.0,15.0,27.5,189.10419091967404,129.0,1.4659239606176282,211.01255707762556,137.0,1.5402376429023763,136.9175667993178,106.0,1.2916751584841302,1.4300547099351881,2.1605593505567113,1.1679920363224372,1.061162687861678,3.192900870196042,1.4251435688673035,1.4994717788034044,2.2546479993401953
C:\Users\JackM\40xMBPCNP\40xN1N2N3N4lif\Pranlukast_0606.lif,Pranlukast_0606,6,Image 7,Pranlukast_0606_S7_Image_7,7,90708,69319,4,90708,6681,67514,101,558,180,10.471389645776567,1.3787561851728962,3.280704481230263,4835.758405333408,1474.0,95574,1.062254707412797,1.020465519499449,1506.2071067811867,1476.0,90708,96355,5.019009130369705,1.5634251233571959,1428.970562748477,914.0,6681,33532,1.415617501555233,3.1795267071669517,4686.622366364087,1474.0,67514,95574,223,1532.5,30.0,140.0,107.5,448.6973475327424,129.0,3.478274011881724,250.6162251160006,137.0,1.8293155117956248,155.7704179873804,106.0,1.469532245163966,1.4300547099351881,2.1605593505567113,1.1679920363224372,1.061162687861678,3.192900870196042,1.4251435688673035,1.4994717788034044,2.2546479993401953
C:\Users\JackM\40xMBPCNP\40xN1N2N3N4lif\Pranlukast_0606.lif,Pranlukast_0606,6,Image 7,Pranlukast_0606_S7_Image_7,8,21071,17482,3,21071,16798,3596,24,64,9,14.549019607843137,1.335888342294932,1.5323888868571331,1106.3847763108502,722.0,23354,1.1275686963124674,1.063187424298559,767.6213203435597,722.0,21071,23759,1.367067508036671,1.458121130148602,1052.7634559672906,722.0,16798,22964,3.3111790878754173,0.8405219905388527,558.1066017177982,664.0,3596,11907,135,367.5,10.0,90.0,65.0,188.44359546295857,129.0,1.46080306560433,389.41552565781643,137.0,2.8424490923928207,135.74304783092325,106.0,1.2805947908577664,1.4300547099351881,2.1605593505567113,1.1679920363224372,1.061162687861678,3.192900870196042,1.4251435688673035,1.4994717788034044,2.2546479993401953
C:\Users\JackM\40xMBPCNP\40xN1N2N3N4lif\Pranlukast_0606.lif,Pranlukast_0606,6,Image 7,Pranlukast_0606_S7_Image_7,9,4862,4627,1,4606,4500,1930,6,14,3,11.909090909090908,1.0527339528852389,1.0877100642457123,350.2426406871193,322.0,4871,1.0527572731220147,1.0485134172160238,337.62132034355966,322.0,4606,4849,1.0544444444444445,1.0410158595689023,335.20710678118655,322.0,4500,4745,1.7352331606217617,1.0429969335916625,317.0710678118654,304.0,1930,3349,60,137.5,9.0,35.0,27.5,173.2828918801563,129.0,1.3432782316291187,485.30955555555556,137.0,3.542405515004055,131.3958549222798,106.0,1.2395835370026396,1.4300547099351881,2.1605593505567113,1.1679920363224372,1.061162687861678,3.192900870196042,1.4251435688673035,1.4994717788034044,2.2546479993401953
C:\Users\JackM\40xMBPCNP\40xN1N2N3N4lif\Pranlukast_0606.lif,Pranlukast_0606,6,Image 7,Pranlukast_0606_S7_Image_7,10,62318,45182,1,62318,3169,44972,68,361,92,10.562753036437247,1.5968084635474304,2.837019704162234,3824.3025612106912,1348.0,72147,1.183542475689207,1.057657509972333,1438.414213562373,1360.0,62318,73756,11.212369832754812,0.8658149149333187,869.278174593052,1004.0,3169,35532,1.6042648759227964,2.849042780409405,3840.509667991878,1348.0,44972,72147,259,1237.5,15.0,80.0,127.5,475.0211495875991,129.0,3.682334492927125,191.7560744714421,137.0,1.399679375703957,155.3281819798986,106.0,1.465360207357534,1.4300547099351881,2.1605593505567113,1.1679920363224372,1.061162687861678,3.192900870196042,1.4251435688673035,1.4994717788034044,2.2546479993401953
C:\Users\JackM\40xMBPCNP\40xN1N2N3N4lif\Pranlukast_0606.lif,Pranlukast_0606,6,Image 7,Pranlukast_0606_S7_Image_7,11,44052,32627,2,44052,1998,31852,99,326,87,7.156378600823046,1.3880834891347658,2.522472932712902,2507.3380951166246,994.0,45289,1.0535957504767093,1.0203290812687993,1014.2071067811866,994.0,44052,46413,10.31131131131131,0.5056464860898677,441.9350288425444,874.0,1998,20602,1.39831093808866,2.53606877652509,2470.130988335438,974.0,31852,44539,159,912.5,21.0,95.0,77.5,333.0400662852992,129.0,2.5817059401961178,229.6041041041041,137.0,1.6759423657233876,144.92483988446565,106.0,1.3672154706081665,1.4300547099351881,2.1605593505567113,1.1679920363224372,1.061162687861678,3.192900870196042,1.4251435688673035,1.4994717788034044,2.2546479993401953
C:\Users\JackM\40xMBPCNP\40xN1N2N3N4lif\Pranlukast_0606.lif,Pranlukast_0606,6,Image 7,Pranlukast_0606_S7_Image_7,12,60097,43675,4,60097,10276,41694,55,302,73,10.317535545023697,1.6432283915283343,2.3855376385776195,3139.3675323681473,1316.0,71768,1.2025225884819541,1.074468085106383,1414.0,1316.0,60097,72268,3.622323861424679,1.8309763796617438,1717.4558441227157,938.0,10276,37223,1.7128843478677986,2.596289342532724,3416.7167747730646,1316.0,41694,71417,202,947.5,14.0,125.0,97.5,450.67229645406593,129.0,3.4935836934423716,258.9383028415726,137.0,1.8900606046830115,160.0708735069794,106.0,1.5101025802545227,1.4300547099351881,2.1605593505567113,1.1679920363224372,1.061162687861678,3.192900870196042,1.4251435688673035,1.4994717788034044,2.2546479993401953
C:\Users\JackM\40xMBPCNP\40xN1N2N3N4lif\Pranlukast_0606.lif,Pranlukast_0606,6,Image 7,Pranlukast_0606_S7_Image_7,13,9769,5054,1,9769,3896,2550,21,49,15,9.930232558139535,1.739216462208152,1.724738610106119,807.1776695296637,468.0,8790,1.0184256321015457,1.0,472.0,472.0,9769,9949,1.5734086242299794,1.4701988260054792,564.5563491861041,384.0,3896,6130,1.935686274509804,1.4896191446441691,509.4497474683058,342.0,2550,4936,89,332.5,12.0,50.0,42.5,202.19551642952194,129.0,1.5674071041048212,255.64322381930185,137.0,1.8660089329876048,132.73529411764707,106.0,1.252219755826859,1.4300547099351881,2.1605593505567113,1.1679920363224372,1.061162687861678,3.192900870196042,1.4251435688673035,1.4994717788034044,2.2546479993401953
C:\Users\JackM\40xMBPCNP\40xN1N2N3N4lif\Pranlukast_0606.lif,Pranlukast_0606,6,Image 7,Pranlukast_0606_S7_Image_7,14,20156,17556,1,20156,30,17556,12,78,15,13.26923076923077,1.2882205513784462,1.3895228474983081,1042.142135623731,750.0,22616,1.142290136931931,1.04947753561328,789.2071067811866,752.0,20156,23024,10.933333333333334,0.11669793305439408,23.621320343559642,202.4142135623731,30,328,1.2882205513784462,1.3895228474983081,1042.142135623731,750.0,17556,22616,155,362.5,9.0,80.0,75.0,327.7805120063505,129.0,2.540934201599616,182.8,137.0,1.3343065693430658,164.02694235588973,106.0,1.5474239844895257,1.4300547099351881,2.1605593505567113,1.1679920363224372,1.061162687861678,3.192900870196042,1.4251435688673035,1.4994717788034044,2.2546479993401953
C:\Users\JackM\40xMBPCNP\40xN1N2N3N4lif\Pranlukast_0606.lif,Pranlukast_0606,6,Image 7,Pranlukast_0606_S7_Image_7,15,13059,11906,1,13059,4036,11255,10,55,11,11.5,1.11699983201747,1.4779664935959627,786.2781745930521,532.0,13299,1.0506164331112642,1.0135471931977191,539.2071067811866,532.0,13059,13720,1.2931119920713579,1.1359706992885423,379.4142135623731,334.0,4036,5219,1.1816081741448246,1.964619679567037,1045.1776695296637,532.0,11255,13299,106,242.5,9.0,65.0,50.0,404.63894632054524,129.0,3.136736017988723,312.5946481665015,137.0,2.2817127603394267,165.80524211461574,106.0,1.5642003973076957,1.4300547099351881,2.1605593505567113,1.1679920363224372,1.061162687861678,3.192900870196042,1.4251435688673035,1.4994717788034044,2.2546479993401953
C:\Users\JackM\40xMBPCNP\40xN1N2N3N4lif\Pranlukast_0606.lif,Pranlukast_0606,6,Image 7,Pranlukast_0606_S7_Image_7,16,22042,18834,3,22042,762,18828,33,102,21,10.532467532467532,1.2331421896570034,1.5291070117787235,1094.840620433566,716.0,23225,1.0682333726522095,1.0222841225626742,734.0,718.0,22042,23546,8.965879265091864,0.8420148427717596,350.27817459305203,416.0,762,6832,1.2335351603994051,1.5313714256663766,1096.4619407771256,716.0,18828,23225,113,437.5,20.0,80.0,55.0,386.18328645313494,129.0,2.9936688872336044,183.96194225721786,137.0,1.3427878996877216,152.99298916507328,106.0,1.4433300864629555,1.4300547099351881,2.1605593505567113,1.1679920363224372,1.061162687861678,3.192900870196042,1.4251435688673035,1.4994717788034044,2.2546479993401953
C:\Users\JackM\40xMBPCNP\40xN1N2N3N4lif\Pranlukast_0606.lif,Pranlukast_0606,6,Image 7,Pranlukast_0606_S7_Image_7,17,60339,48566,1,60339,1750,48002,52,364,94,11.515418502202643,1.8137380060124366,2.499745844305021,3484.6457069611993,1394.0,88086,1.46359734168614,1.2336727125939733,1722.2071067811867,1396.0,60339,88312,16.441142857142857,0.4915208718717535,460.65685424949237,937.2071067811866,1750,28772,1.8319653347777176,2.481985902186742,3459.8883476483184,1394.0,48002,87938,278,1037.5,16.0,130.0,135.0,469.16909461542286,129.0,3.6369697257009523,181.87314285714285,137.0,1.327541188738269,154.02654056080996,106.0,1.4530805713283959,1.4300547099351881,2.1605593505567113,1.1679920363224372,1.061162687861678,3.192900870196042,1.4251435688673035,1.4994717788034044,2.2546479993401953
C:\Users\JackM\40xMBPCNP\40xN1N2N3N4lif\Pranlukast_0606.lif,Pranlukast_0606,6,Image 7,Pranlukast_0606_S7_Image_7,18,17376,16752,4,17376,16752,1,8,58,13,15.305555555555555,1.0834527220630372,1.258899367806029,793.1066017177982,630.0,18150,1.0485151933701657,1.014240506329114,641.0,632.0,17376,18219,1.0834527220630372,1.258899367806029,793.1066017177982,630.0,16752,18150,1.0,,0.0,0.0,1,1,103,232.5,9.0,75.0,50.0,190.56014042357273,129.0,1.4772103908804088,436.59831661891116,137.0,3.18684902641541,136.0,106.0,1.2830188679245282,1.4300547099351881,2.1605593505567113,1.1679920363224372,1.061162687861678,3.192900870196042,1.4251435688673035,1.4994717788034044,2.2546479993401953
C:\Users\JackM\40xMBPCNP\40xN1N2N3N4lif\Pranlukast_0606.lif,Pranlukast_0606,6,Image 7,Pranlukast_0606_S7_Image_7,19,136916,119823,10,136916,25290,116451,135,632,123,12.147058823529411,1.403795598507799,3.13932403664732,5845.42135623731,1862.0,168207,1.2295348973092992,1.1652101613015895,2169.6213203435595,1862.0,136916,168343,4.511111111111111,2.218886069034399,3646.089357775095,1643.2071067811867,25290,114086,1.419257885290809,3.2559002811407294,6010.391918985786,1846.0,116451,165274,306,1762.5,17.0,225.0,150.0,1094.3271933156095,129.0,8.483156537330306,293.0173586397786,137.0,2.138812836786705,201.70824638689234,106.0,1.9029079847820032,1.4300547099351881,2.1605593505567113,1.1679920363224372,1.061162687861678,3.192900870196042,1.4251435688673035,1.4994717788034044,2.2546479993401953
C:\Users\JackM\40xMBPCNP\40xN1N2N3N4lif\Pranlukast_0606.lif,Pranlukast_0606,6,Image 7,Pranlukast_0606_S7_Image_7,20,4461,3388,1,4461,3236,1309,7,19,2,9.785714285714286,1.1891971664698937,1.2743872397312366,356.8284271247462,280.0,4029,1.0172607038780543,1.0,300.0,300.0,4461,4538,1.185105067985167,1.2858411925211886,360.03553390593277,280.0,3236,3835,1.865546218487395,1.5445923195342866,342.89949493661163,222.0,1309,2442,52,107.5,9.0,35.0,22.5,194.83165209594262,129.0,1.5103228844646714,301.1662546353523,137.0,2.1982938294551264,128.9136745607334,106.0,1.2161667411389943,1.4300547099351881,2.1605593505567113,1.1679920363224372,1.061162687861678,3.192900870196042,1.4251435688673035,1.4994717788034044,2.2546479993401953
C:\Users\JackM\40xMBPCNP\40xN1N2N3N4lif\Pranlukast_0606.lif,Pranlukast_0606,6,Image 7,Pranlukast_0606_S7_Image_7,21,16576,11903,3,16576,7720,10348,43,113,29,9.373493975903614,1.3409224565235656,1.7992821066900835,1007.5979797464468,560.0,15961,1.0168918918918919,1.0,582.0,582.0,16576,16856,1.7751295336787565,1.1243917162671273,609.420310216783,542.0,7720,13704,1.5075376884422111,2.212125541015113,1216.669047558312,550.0,10348,15600,100,397.5,19.0,65.0,47.5,331.4758083976834,129.0,2.569579910059561,339.46981865284977,137.0,2.4778818879770057,136.046385775029,106.0,1.2834564695757453,1.4300547099351881,2.1605593505567113,1.1679920363224372,1.061162687861678,3.192900870196042,1.4251435688673035,1.4994717788034044,2.2546479993401953
C:\Users\JackM\40xMBPCNP\40xN1N2N3N4lif\Pranlukast_0606.lif,Pranlukast_0606,6,Image 7,Pranlukast_0606_S7_Image_7,22,19453,11662,1,19453,108,11662,18,66,19,13.46,1.834505230663694,1.6063415927284355,1134.0771644662755,706.0,21394,1.1400812214054388,1.0640061831351204,761.8284271247462,716.0,19453,22178,1.1574074074074074,0.9336563688418128,61.621320343559645,66.0,108,125,1.834505230663694,1.6063415927284355,1134.0771644662755,706.0,11662,21394,131,417.5,9.0,50.0,62.5,444.7423019585668,129.0,3.447614743864859,194.2037037037037,137.0,1.4175452825087862,144.44966558051792,106.0,1.3627326941558293,1.4300547099351881,2.1605593505567113,1.1679920363224372,1.061162687861678,3.192900870196042,1.4251435688673035,1.4994717788034044,2.2546479993401953
C:\Users\JackM\40xMBPCNP\40xN1N2N3N4lif\Pranlukast_0606.lif,Pranlukast_0606,6,Image 7,Pranlukast_0606_S7_Image_7,23,155733,132247,10,155733,40667,127753,150,789,197,11.150278293135436,1.6266077869441273,2.9598592894728055,7204.297510576808,2434.0,215114,1.399106162470382,1.1242338174321207,2756.62132034356,2452.0,155733,217887,4.341579167383874,1.640815393268138,3642.6101730552664,2220.0,40667,176559,1.6838273856582624,2.961393397408618,7208.031529292576,2434.0,127753,215114,383,2382.5,23.0,170.0,187.5,874.7805667392267,129.0,6.781244703404859,343.8960828189933,137.0,2.5101903855400973,179.43038519643375,106.0,1.692739482985224,1.4300547099351881,2.1605593505567113,1.1679920363224372,1.061162687861678,3.192900870196042,1.4251435688673035,1.4994717788034044,2.2546479993401953
C:\Users\JackM\40xMBPCNP\40xN1N2N3N4lif\Pranlukast_0606.lif,Pranlukast_0606,6,Image 7,Pranlukast_0606_S7_Image_7,24,8856,6818,2,8856,4331,5914,16,35,5,12.962962962962964,1.3056614843062482,1.5718700915359263,710.4852813742386,452.0,8902,1.041214995483288,0.9960853859851235,456.20710678118655,458.0,8856,9221,1.6229508196721312,1.7772238087345855,678.8994949366116,382.0,4331,7029,1.355089617855935,1.5990731614081477,716.3847763108502,448.0,5914,8014,82,152.5,10.0,45.0,37.5,433.1782971996387,129.0,3.3579712961212302,255.74855691526207,137.0,1.8667777877026428,172.3124788637132,106.0,1.6255894232425774,1.4300547099351881,2.1605593505567113,1.1679920363224372,1.061162687861678,3.192900870196042,1.4251435688673035,1.4994717788034044,2.2546479993401953
C:\Users\JackM\40xMBPCNP\40xN1N2N3N4lif\Pranlukast_0606.lif,Pranlukast_0606,6,Image 7,Pranlukast_0606_S7_Image_7,25,4978,4415,1,4978,4175,445,9,15,6,11.333333333333334,1.1098527746319367,1.1723099602615623,379.8284271247462,324.0,4900,1.0385697067095219,1.0123456790123457,328.0,324.0,4978,5170,1.1446706586826347,1.15782897656128,361.2426406871193,312.0,4175,4779,1.7640449438202248,0.9553997564417432,152.86396103067892,160.0,445,785,56,132.5,10.0,40.0,25.0,248.6629168340699,129.0,1.9276195103416272,434.4625149700599,137.0,3.1712592333581013,130.4808988764045,106.0,1.2309518761924951,1.4300547099351881,2.1605593505567113,1.1679920363224372,1.061162687861678,3.192900870196042,1.4251435688673035,1.4994717788034044,2.2546479993401953
C:\Users\JackM\40xMBPCNP\40xN1N2N3N4lif\Pranlukast_0606.lif,Pranlukast_0606,6,Image 7,Pranlukast_0606_S7_Image_7,26,18851,16687,2,18851,16686,124,20,127,53,10.535714285714286,1.3058069155630132,1.376486768916172,1123.2132034355964,816.0,21790,1.1717150283804574,1.053921568627451,860.0,816.0,18851,22088,1.305885173199089,1.3752612787200935,1122.2132034355964,816.0,16686,21790,4.451612903225806,0.36215258493675145,50.41421356237309,139.20710678118655,124,552,183,332.5,6.0,55.0,87.5,186.76950824889926,129.0,1.4478256453403042,506.997482919813,137.0,3.700711554159219,129.45967741935485,106.0,1.2213177115033476,1.4300547099351881,2.1605593505567113,1.1679920363224372,1.061162687861678,3.192900870196042,1.4251435688673035,1.4994717788034044,2.2546479993401953
C:\Users\JackM\40xMBPCNP\40xN1N2N3N4lif\Pranlukast_0606.lif,Pranlukast_0606,6,Image 7,Pranlukast_0606_S7_Image_7,27,17316,14192,2,17316,2321,13932,9,45,8,19.266666666666666,1.2310456595264938,1.4770509041589843,971.8994949366117,658.0,17471,1.0554978054978055,1.0091185410334347,664.0,658.0,17316,18277,3.793623438173201,1.3257875706900322,707.9705627484772,534.0,2321,8805,1.2464111398219926,1.4730671346398967,969.2781745930521,658.0,13932,17365,113,317.5,15.0,60.0,52.5,757.1232386232386,129.0,5.869172392428206,212.45411460577338,137.0,1.5507599606260831,216.19846396784382,106.0,2.039608150640036,1.4300547099351881,2.1605593505567113,1.1679920363224372,1.061162687861678,3.192900870196042,1.4251435688673035,1.4994717788034044,2.2546479993401953
C:\Users\JackM\40xMBPCNP\40xN1N2N3N4lif\Pranlukast_0606.lif,Pranlukast_0606,6,Image 7,Pranlukast_0606_S7_Image_7,28,12613,11694,3,12613,11694,1555,8,14,1,19.357142857142858,1.064990593466735,1.0689685975265428,583.6568542494924,546.0,12454,1.0271148814714977,1.0,566.0,566.0,12613,12955,1.064990593466735,1.0689685975265428,583.6568542494924,546.0,11694,12454,1.32475884244373,1.4661919121647222,302.03553390593277,206.0,1555,2060,94,202.5,7.0,85.0,45.0,209.8300959327678,129.0,1.6265898909516883,448.61176671797506,137.0,3.274538443196898,129.22315112540193,106.0,1.2190863313717162,1.4300547099351881,2.1605593505567113,1.1679920363224372,1.061162687861678,3.192900870196042,1.4251435688673035,1.4994717788034044,2.2546479993401953
C:\Users\JackM\40xMBPCNP\40xN1N2N3N4lif\Pranlukast_0606.lif,Pranlukast_0606,6,Image 7,Pranlukast_0606_S7_Image_7,29,56487,49905,9,56487,8698,48232,41,205,50,15.262773722627736,1.339264602745216,2.256719460323755,2938.2487373415292,1302.0,66836,1.1855648202241225,1.0817313468220993,1408.414213562373,1302.0,56487,66969,6.7161416417567255,1.4489161374711867,1759.284271247462,1214.2071067811867,8698,58417,1.3853665616188422,2.3884558775896316,3109.7695526217003,1302.0,48232,66819,277,877.5,17.0,120.0,135.0,1244.8267565988635,129.0,9.64981981859584,275.0060933547942,137.0,2.007343747115286,227.84522723503068,106.0,2.1494832758021762,1.4300547099351881,2.1605593505567113,1.1679920363224372,1.061162687861678,3.192900870196042,1.4251435688673035,1.4994717788034044,2.2546479993401953
C:\Users\JackM\40xMBPCNP\40xN1N2N3N4lif\Pranlukast_0606.lif,Pranlukast_0606,6,Image 7,Pranlukast_0606_S7_Image_7,30,68313,66100,10,68313,41594,64111,35,173,41,17.232142857142858,1.1170801815431164,1.4807882624881281,1859.8700576850888,1256.0,73839,1.0896315488999166,1.0365659777424483,1304.0,1258.0,68313,74436,1.6776938981583882,2.631395541975977,3210.3025612106917,1220.0,41594,69782,1.1465895088206393,1.9447688320336345,2438.7401153701776,1254.0,64111,73509,204,682.5,17.0,135.0,100.0,849.6694626205847,129.0,6.58658498155492,372.2106553829879,137.0,2.7168660976860433,185.40648250690208,106.0,1.7491177594990763,1.4300547099351881,2.1605593505567113,1.1679920363224372,1.061162687861678,3.192900870196042,1.4251435688673035,1.4994717788034044,2.2546479993401953
C:\Users\JackM\40xMBPCNP\40xN1N2N3N4lif\Pranlukast_0606.lif,Pranlukast_0606,6,Image 7,Pranlukast_0606_S7_Image_7,31,59983,49346,6,59983,4665,48587,55,272,93,12.371428571428572,1.3037530904227292,2.2690018116797708,2868.01828996323,1264.0,64335,1.0792057749695747,1.0205371248025277,1292.0,1266.0,59983,64734,11.776634512325831,1.1070864392525126,1282.0060966544097,1158.0,4665,54938,1.3075308210015024,2.19905385791207,2779.6040764008567,1264.0,48587,63529,223,872.5,12.0,115.0,107.5,824.3599686577863,129.0,6.390387353936328,221.9309753483387,137.0,1.6199341266302096,186.0740733117912,106.0,1.7554157859602944,1.4300547099351881,2.1605593505567113,1.1679920363224372,1.061162687861678,3.192900870196042,1.4251435688673035,1.4994717788034044,2.2546479993401953
C:\Users\JackM\40xMBPCNP\40xN1N2N3N4lif\Pranlukast_0606.lif,Pranlukast_0606,6,Image 7,Pranlukast_0606_S7_Image_7,32,18303,15461,1,18303,181,15461,12,32,9,18.551724137931036,1.222948062867861,1.4058279901223243,894.1066017177982,636.0,18908,1.0631044091132602,1.0553570861339412,671.2071067811866,636.0,18303,19458,3.3977900552486187,0.5733333333333334,86.0,150.0,181,615,1.222948062867861,1.4058279901223243,894.1066017177982,636.0,15461,18908,107,302.5,17.0,80.0,50.0,475.5571217833142,129.0,3.6864893161497223,175.04972375690608,137.0,1.277735209904424,143.9946316538387,106.0,1.3584399212626292,1.4300547099351881,2.1605593505567113,1.1679920363224372,1.061162687861678,3.192900870196042,1.4251435688673035,1.4994717788034044,2.2546479993401953
C:\Users\JackM\40xMBPCNP\40xN1N2N3N4lif\Pranlukast_0606.lif,Pranlukast_0606,6,Image 7,Pranlukast_0606_S7_Image_7,33,57625,41508,6,57625,13853,35079,60,287,66,10.72463768115942,1.5576033535703961,2.6706517438683397,3389.6101730552664,1269.2071067811867,64653,1.1261605206073753,1.0214025760523613,1298.414213562373,1271.2071067811867,57625,64895,3.5349021872518587,2.346433548405686,2534.1482322781408,1080.0,13853,48969,1.769263662020012,2.4255096884016103,3078.4741340859455,1269.2071067811867,35079,62064,366,1067.5,9.0,270.0,180.0,499.66795661605204,129.0,3.8733950125275354,275.3864866815852,137.0,2.010120340741498,154.59117990820718,106.0,1.458407357624596,1.4300547099351881,2.1605593505567113,1.1679920363224372,1.061162687861678,3.192900870196042,1.4251435688673035,1.4994717788034044,2.2546479993401953
C:\Users\JackM\40xMBPCNP\40xN1N2N3N4lif\Pranlukast_0606.lif,Pranlukast_0606,6,Image 7,Pranlukast_0606_S7_Image_7,34,77751,46466,3,77751,5513,44605,72,336,89,10.557446808510639,1.8672793009942754,3.0935518486115328,4269.101551083915,1380.0,86765,1.1357796041208472,1.1160378262083306,1546.8284271247462,1386.0,77751,88308,8.71286051151823,1.2042863198600338,1334.3492424049175,1108.0,5513,48034,1.9424279789261294,2.940228814961078,4057.5157646462876,1380.0,44605,86642,217,1332.5,16.0,125.0,105.0,540.3908502784531,129.0,4.189076358747698,185.55160529657175,137.0,1.35439127953702,161.41071628741173,106.0,1.5227426064850162,1.4300547099351881,2.1605593505567113,1.1679920363224372,1.061162687861678,3.192900870196042,1.4251435688673035,1.4994717788034044,2.2546479993401953
C:\Users\JackM\40xMBPCNP\40xN1N2N3N4lif\Pranlukast_0606.lif,Pranlukast_0606,6,Image 7,Pranlukast_0606_S7_Image_7,36,26886,22946,2,26886,2870,22946,20,88,16,15.266666666666667,1.2670182166826462,1.615256567354099,1340.6629509039021,830.0,29073,1.1304024399315629,1.0603040832085802,886.4142135623731,836.0,26886,30392,2.5473867595818813,1.5131685154835084,677.8994949366117,448.0,2870,7311,1.2670182166826462,1.615256567354099,1340.6629509039021,830.0,22946,29073,142,372.5,9.0,90.0,67.5,407.77817451461726,129.0,3.161071120268351,197.705574912892,137.0,1.443106386225489,144.405212237427,106.0,1.3623133229945945,1.4300547099351881,2.1605593505567113,1.1679920363224372,1.061162687861678,3.192900870196042,1.4251435688673035,1.4994717788034044,2.2546479993401953
C:\Users\JackM\40xMBPCNP\40xN1N2N3N4lif\Pranlukast_0606.lif,Pranlukast_0606,6,Image 7,Pranlukast_0606_S7_Image_7,37,5212,4471,2,4979,4471,0,4,39,25,9.761904761904763,1.102661596958175,1.2949358076266235,440.27817459305203,340.0,4930,1.0612572805784295,1.1356303902601523,390.6568542494924,344.0,4979,5284,1.102661596958175,1.2949358076266235,440.27817459305203,340.0,4471,4930,,,0.0,0.0,0,0,67,97.5,4.0,35.0,30.0,145.6324563165294,129.0,1.1289337698955768,361.35853276671884,137.0,2.637653523844663,113.14601250977326,106.0,1.0674152123563514,1.4300547099351881,2.1605593505567113,1.1679920363224372,1.061162687861678,3.192900870196042,1.4251435688673035,1.4994717788034044,2.2546479993401953
C:\Users\JackM\40xMBPCNP\40xN1N2N3N4lif\Pranlukast_0606.lif,Pranlukast_0606,6,Image 7,Pranlukast_0606_S7_Image_7,39,31549,25002,4,31549,4717,24596,28,130,21,13.420454545454545,1.359051275897928,2.0620311975009207,1719.7340187157677,834.0,33979,1.0795904783035912,1.0303997769884845,861.4142135623731,836.0,31549,34060,3.6752172991308036,1.3012986511702005,936.9350288425444,720.0,4717,17336,1.3783542039355994,1.9924687724949133,1657.734018715768,832.0,24596,33902,140,547.5,14.0,95.0,67.5,851.111730958192,129.0,6.597765356265054,222.53529785880858,137.0,1.624345239845318,162.013579443812,106.0,1.5284299947529434,1.4300547099351881,2.1605593505567113,1.1679920363224372,1.061162687861678,3.192900870196042,1.4251435688673035,1.4994717788034044,2.2546479993401953
C:\Users\JackM\40xMBPCNP\40xN1N2N3N4lif\Pranlukast_0606.lif,Pranlukast_0606,6,Image 7,Pranlukast_0606_S7_Image_7,40,17066,14269,1,17066,1284,13510,22,128,39,9.604938271604938,1.197420982549583,1.6273470945247548,979.6629509039024,602.0,17086,1.0304699402320403,1.0033112582781456,606.0,604.0,17066,17586,2.2601246105919004,0.6858957103402169,188.62132034355966,275.0,1284,2902,1.2478904515173945,1.6458781865576353,987.5269119345812,600.0,13510,16859,104,347.5,15.0,65.0,50.0,382.5767608109692,129.0,2.96571132411604,209.88940809968847,137.0,1.5320394751802078,154.78749074759438,106.0,1.4602593466754186,1.4300547099351881,2.1605593505567113,1.1679920363224372,1.061162687861678,3.192900870196042,1.4251435688673035,1.4994717788034044,2.2546479993401953
C:\Users\JackM\40xMBPCNP\40xN1N2N3N4lif\Pranlukast_0606.lif,Pranlukast_0606,7,Image 8,Pranlukast_0606_S8_Image_8,1,39638,18854,1,26898,783,18402,50,228,55,8.75,1.9383154768218946,2.6834960192738513,2501.0182899632296,932.0,36545,1.275894118521823,2.065184927968229,1881.8111831820431,911.2071067811866,26898,34319,18.309067688378033,0.3397003217064394,239.82842712474618,706.0,783,14336,1.8887077491577002,2.6302004810386874,2391.39696961967,909.2071067811866,18402,34756,159,817.5,14.0,80.0,77.5,139.89504795895607,128.0,1.0929300621793443,170.02554278416346,136.0,1.2501878145894372,134.8214867949136,106.0,1.2719008188199397,1.6320772558180718,2.672244972057301,1.1112429239372172,1.0876072602722002,5.634945492234251,1.0713509013399822,1.6275484587346416,2.7858762058809
C:\Users\JackM\40xMBPCNP\40xN1N2N3N4lif\Pranlukast_0606.lif,Pranlukast_0606,7,Image 8,Pranlukast_0606_S8_Image_8,2,29689,14467,1,8275,14467,0,46,134,24,10.43298969072165,2.6456763669039884,2.151461038915197,2332.1837661840736,1084.0,38275,2.573655589123867,1.6147117410028708,1262.704581464245,782.0,8275,21297,2.6456763669039884,2.151461038915197,2332.1837661840736,1084.0,14467,38275,,,0.0,0.0,0,0,200,837.5,9.0,65.0,97.5,139.42296072507554,128.0,1.0892418806646527,268.85657012511234,136.0,1.9768865450375908,109.57159930465015,106.0,1.0336943330627373,1.6320772558180718,2.672244972057301,1.1112429239372172,1.0876072602722002,5.634945492234251,1.0713509013399822,1.6275484587346416,2.7858762058809
C:\Users\JackM\40xMBPCNP\40xN1N2N3N4lif\Pranlukast_0606.lif,Pranlukast_0606,7,Image 8,Pranlukast_0606_S8_Image_8,3,9302,2345,2,1,2345,0,5,24,5,9.25,1.300639658848614,1.4192983092784008,396.278174593052,279.20710678118655,3050,1.0,,0.0,0.0,1,1,1.300639658848614,1.4192983092784008,396.278174593052,279.20710678118655,2345,3050,,,0.0,0.0,0,0,59,147.5,8.0,25.0,27.5,120.0,128.0,0.9375,237.04690831556502,136.0,1.7429919729085663,112.28687127024723,106.0,1.0593101063230872,1.6320772558180718,2.672244972057301,1.1112429239372172,1.0876072602722002,5.634945492234251,1.0713509013399822,1.6275484587346416,2.7858762058809
C:\Users\JackM\40xMBPCNP\40xN1N2N3N4lif\Pranlukast_0606.lif,Pranlukast_0606,7,Image 8,Pranlukast_0606_S8_Image_8,4,12706,5891,2,3164,5891,0,23,60,14,10.093023255813954,2.0419283653030047,1.7880856995736902,1054.9705627484773,590.0,12029,2.437104930467762,1.4559609859477598,634.7989898732233,436.0,3164,7711,2.0419283653030047,1.7880856995736902,1054.9705627484773,590.0,5891,12029,,,0.0,0.0,0,0,101,372.5,10.0,25.0,47.5,137.8135271807838,128.0,1.0766681810998735,245.39551858767612,136.0,1.8043788131446774,112.41299760866507,106.0,1.0604999774402364,1.6320772558180718,2.672244972057301,1.1112429239372172,1.0876072602722002,5.634945492234251,1.0713509013399822,1.6275484587346416,2.7858762058809
C:\Users\JackM\40xMBPCNP\40xN1N2N3N4lif\Pranlukast_0606.lif,Pranlukast_0606,7,Image 8,Pranlukast_0606_S8_Image_8,6,6584,2350,3,1622,2350,0,12,16,2,13.0,2.4093617021276597,1.546244814184807,544.2781745930521,352.0,5662,2.8699136868064117,0.9549509379141287,286.4852813742386,300.0,1622,4655,2.4093617021276597,1.546244814184807,544.2781745930521,352.0,2350,5662,,,0.0,0.0,0,0,85,192.5,4.0,25.0,40.0,138.6584463625154,128.0,1.0832691122071516,228.7131914893617,136.0,1.6817146433041301,109.47260516083422,106.0,1.0327604260456058,1.6320772558180718,2.672244972057301,1.1112429239372172,1.0876072602722002,5.634945492234251,1.0713509013399822,1.6275484587346416,2.7858762058809
C:\Users\JackM\40xMBPCNP\40xN1N2N3N4lif\Pranlukast_0606.lif,Pranlukast_0606,7,Image 8,Pranlukast_0606_S8_Image_8,7,5609,2319,1,798,2319,0,15,33,6,8.222222222222221,2.0789133247089264,1.7934325508516729,577.4852813742386,322.0,4821,3.2130325814536342,0.9208641532937468,233.8994949366117,254.0,798,2564,2.0789133247089264,1.7934325508516729,577.4852813742386,322.0,2319,4821,,,0.0,0.0,0,0,61,185.0,8.0,25.0,32.5,139.54511278195488,128.0,1.0901961936090225,194.5709357481673,136.0,1.4306686452071125,110.75028991109393,106.0,1.0448140557650372,1.6320772558180718,2.672244972057301,1.1112429239372172,1.0876072602722002,5.634945492234251,1.0713509013399822,1.6275484587346416,2.7858762058809
C:\Users\JackM\40xMBPCNP\40xN1N2N3N4lif\Pranlukast_0606.lif,Pranlukast_0606,7,Image 8,Pranlukast_0606_S8_Image_8,8,63612,46910,3,63586,2442,45980,80,391,86,9.487179487179487,1.4528245576636112,2.5954702421205966,3400.066017177982,1310.0,68152,1.1322146384424245,1.021986947885052,1359.2426406871193,1330.0,63586,71993,16.595413595413596,0.8146500083487082,829.3137084989849,1018.0,2442,40526,1.481187472814267,2.462487717860149,3225.858910396795,1310.0,45980,68105,203,1017.5,21.0,125.0,95.13513513513513,225.39785487371435,128.0,1.7609207412008934,186.41687141687143,136.0,1.370712289829937,147.03373205741627,106.0,1.387110679786946,1.6320772558180718,2.672244972057301,1.1112429239372172,1.0876072602722002,5.634945492234251,1.0713509013399822,1.6275484587346416,2.7858762058809
C:\Users\JackM\40xMBPCNP\40xN1N2N3N4lif\Pranlukast_0606.lif,Pranlukast_0606,7,Image 8,Pranlukast_0606_S8_Image_8,9,6700,3193,1,4472,3193,0,8,20,4,12.75,1.6273097400563734,1.5954784216934472,552.0355339059328,346.0,5196,1.1270125223613596,1.2922525477505353,413.5208152801713,320.0,4472,5040,1.6273097400563734,1.5954784216934472,552.0355339059328,346.0,3193,5196,,,0.0,0.0,0,0,91,177.5,5.0,30.0,42.5,138.40339892665475,128.0,1.0812765541144902,240.93454431569057,136.0,1.771577531733019,114.20336687306502,106.0,1.0773902535194813,1.6320772558180718,2.672244972057301,1.1112429239372172,1.0876072602722002,5.634945492234251,1.0713509013399822,1.6275484587346416,2.7858762058809
C:\Users\JackM\40xMBPCNP\40xN1N2N3N4lif\Pranlukast_0606.lif,Pranlukast_0606,7,Image 8,Pranlukast_0606_S8_Image_8,10,9217,2340,2,1075,709,1636,15,25,2,8.12,1.9508547008547008,1.4631508627407936,488.6923881554251,334.0,4565,1.7423255813953489,1.1272891335067161,243.72792206135784,216.20710678118655,1075,1873,2.634696755994358,1.0100769005244195,204.03553390593274,202.0,709,1868,1.5721271393643033,1.1702528899618752,298.6568542494924,255.20710678118655,1636,2572,67,162.5,8.0,30.0,28.0,137.8986046511628,128.0,1.0773328488372094,203.41184767277855,136.0,1.4956753505351363,130.24694376528117,106.0,1.2287447525026525,1.6320772558180718,2.672244972057301,1.1112429239372172,1.0876072602722002,5.634945492234251,1.0713509013399822,1.6275484587346416,2.7858762058809
C:\Users\JackM\40xMBPCNP\40xN1N2N3N4lif\Pranlukast_0606.lif,Pranlukast_0606,7,Image 8,Pranlukast_0606_S8_Image_8,11,10121,5524,1,9865,5524,2,19,77,21,7.946428571428571,1.620926864590876,2.0069992720917704,911.1776695296637,454.0,8954,1.030410542321338,1.2495280310490466,587.278174593052,470.0,9865,10165,1.620926864590876,2.0069992720917704,911.1776695296637,454.0,5524,8954,1.0,,0.0,0.0,2,2,79,267.5,15.0,45.0,37.5,156.78266599087684,128.0,1.2248645780537253,237.62436640115857,136.0,1.747237988243813,125.5,106.0,1.1839622641509433,1.6320772558180718,2.672244972057301,1.1112429239372172,1.0876072602722002,5.634945492234251,1.0713509013399822,1.6275484587346416,2.7858762058809
C:\Users\JackM\40xMBPCNP\40xN1N2N3N4lif\Pranlukast_0606.lif,Pranlukast_0606,7,Image 8,Pranlukast_0606_S8_Image_8,12,108572,60637,3,108572,4893,58980,137,453,111,10.167630057803468,1.8039645760839091,3.5925698371074213,5906.1848122046,1644.0,109387,1.082442987142173,1.0401956380270254,1739.2071067811867,1672.0,108572,117523,14.864500306560393,0.8217267138145907,1217.7989898732235,1482.0,4893,72732,1.84548999660902,3.505838823459229,5763.599025766973,1644.0,58980,108847,457,2147.5,15.0,225.0,225.0,309.22481855358654,128.0,2.415818894949895,260.555283057429,136.0,1.9158476695399191,150.0688538487623,106.0,1.4157439042336066,1.6320772558180718,2.672244972057301,1.1112429239372172,1.0876072602722002,5.634945492234251,1.0713509013399822,1.6275484587346416,2.7858762058809
C:\Users\JackM\40xMBPCNP\40xN1N2N3N4lif\Pranlukast_0606.lif,Pranlukast_0606,7,Image 8,Pranlukast_0606_S8_Image_8,14,7242,3335,1,7242,2044,2341,19,48,9,9.617647058823529,1.8449775112443778,1.7655979670470758,681.5208152801713,386.0,6153,1.0336923501795083,0.9969308596510876,447.8284271247462,449.20710678118655,7242,7486,1.4437377690802349,1.6763878867789916,422.4497474683059,252.0,2044,2951,2.628363947031183,1.711822424785727,660.7634559672906,386.0,2341,6153,82,195.0,6.0,30.0,37.5,230.5668323667495,128.0,1.8013033778652305,199.7720156555773,136.0,1.4689118798204213,129.6915847928236,106.0,1.2235055169134301,1.6320772558180718,2.672244972057301,1.1112429239372172,1.0876072602722002,5.634945492234251,1.0713509013399822,1.6275484587346416,2.7858762058809
C:\Users\JackM\40xMBPCNP\40xN1N2N3N4lif\Pranlukast_0606.lif,Pranlukast_0606,7,Image 8,Pranlukast_0606_S8_Image_8,15,23385,13303,1,23385,462,12949,44,131,33,8.444444444444445,1.8209426445162746,1.9301612665271732,1453.811183182043,753.2071067811866,24224,1.0941201624973274,1.0156259545967057,793.4142135623731,781.2071067811866,23385,25586,10.943722943722944,0.49700574383510376,197.4142135623731,397.20710678118655,462,5056,1.8343501428681752,1.7605522932505526,1319.0182899632296,749.2071067811866,12949,23753,149,632.5,17.0,65.0,72.5,210.5320504596964,128.0,1.644781644216378,180.25757575757575,136.0,1.3254233511586453,143.14147810641748,106.0,1.3503913028907308,1.6320772558180718,2.672244972057301,1.1112429239372172,1.0876072602722002,5.634945492234251,1.0713509013399822,1.6275484587346416,2.7858762058809
C:\Users\JackM\40xMBPCNP\40xN1N2N3N4lif\Pranlukast_0606.lif,Pranlukast_0606,7,Image 8,Pranlukast_0606_S8_Image_8,16,163672,111635,4,163672,4143,109073,162,825,216,10.77079482439926,1.4847225332556995,3.690091080049813,7158.776695296637,1940.0,165747,1.065863434185444,1.0152439024390243,1998.0,1968.0,163672,174452,15.972242336471156,0.7896675965673007,1077.1066017177982,1364.0,4143,66173,1.4612507219935273,3.6757405040554008,6726.605122421383,1830.0,109073,159383,285,1967.5,31.0,200.0,140.0,308.1771164279779,128.0,2.4076337220935775,202.58387641805456,136.0,1.4895873266033424,158.94516516461454,106.0,1.4994826902322127,1.6320772558180718,2.672244972057301,1.1112429239372172,1.0876072602722002,5.634945492234251,1.0713509013399822,1.6275484587346416,2.7858762058809
C:\Users\JackM\40xMBPCNP\40xN1N2N3N4lif\Pranlukast_0606.lif,Pranlukast_0606,7,Image 8,Pranlukast_0606_S8_Image_8,17,91078,62420,4,91078,4302,59841,148,642,169,8.672413793103448,1.6669817366228772,3.965759823059249,5932.776695296637,1496.0,104053,1.1648257537495335,1.0652390018106683,1636.2071067811867,1536.0,91078,106090,13.46001859600186,1.1424878467258828,1307.00609665441,1144.0,4302,57905,1.642636319580221,3.666693315653058,5360.705627484771,1462.0,59841,98297,228,1972.5,25.0,145.0,110.0,345.30775818529173,128.0,2.6977168608225917,188.96582984658298,136.0,1.3894546312248748,171.7382730903561,106.0,1.6201723876448688,1.6320772558180718,2.672244972057301,1.1112429239372172,1.0876072602722002,5.634945492234251,1.0713509013399822,1.6275484587346416,2.7858762058809
C:\Users\JackM\40xMBPCNP\40xN1N2N3N4lif\Pranlukast_0606.lif,Pranlukast_0606,7,Image 8,Pranlukast_0606_S8_Image_8,18,14191,12228,1,14191,448,12185,12,114,33,10.34375,1.2048577036310109,1.6964306914316778,975.7989898732233,575.2071067811866,14733,1.0473539567331407,1.0282415912862413,597.6213203435597,581.2071067811866,14191,14863,5.939732142857143,0.5741862162272922,167.20710678118655,291.20710678118655,448,2661,1.2091095609355764,1.6859996659292713,969.7989898732233,575.2071067811866,12185,14733,93,302.5,13.0,65.0,42.5,152.84948206609823,128.0,1.1941365786413924,177.71205357142858,136.0,1.3067062762605044,155.24103405826835,106.0,1.464538057153475,1.6320772558180718,2.672244972057301,1.1112429239372172,1.0876072602722002,5.634945492234251,1.0713509013399822,1.6275484587346416,2.7858762058809
C:\Users\JackM\40xMBPCNP\40xN1N2N3N4lif\Pranlukast_0606.lif,Pranlukast_0606,7,Image 8,Pranlukast_0606_S8_Image_8,19,13368,7549,1,13243,0,7549,15,50,11,10.783783783783784,1.5203338190488807,1.477742083266468,700.4497474683059,474.0,11477,1.038284376651816,1.0858782128826556,566.8284271247462,522.0,13243,13750,,,0.0,0.0,0,0,1.5203338190488807,1.477742083266468,700.4497474683059,474.0,7549,11477,85,242.5,11.0,65.0,40.0,164.06728082760705,128.0,1.28177563146568,146.8146945556143,136.0,1.0795198129089287,137.2278447476487,106.0,1.2946023089400822,1.6320772558180718,2.672244972057301,1.1112429239372172,1.0876072602722002,5.634945492234251,1.0713509013399822,1.6275484587346416,2.7858762058809
C:\Users\JackM\40xMBPCNP\40xN1N2N3N4lif\Pranlukast_0606.lif,Pranlukast_0606,7,Image 8,Pranlukast_0606_S8_Image_8,20,61463,43712,2,61383,9788,39778,74,288,60,11.116379310344827,1.482499084919473,2.8117671454458204,3475.3441917710343,1236.0,64803,1.0658488506589772,1.031278472681036,1287.0355339059329,1248.0,61383,65425,5.869329791581529,1.3623707208275042,1596.698484809835,1172.0,9788,57449,1.537608728442858,2.654805743777234,3244.17261889578,1222.0,39778,61163,187,1227.5,14.0,75.0,90.0,219.53565319388105,128.0,1.7151222905771957,374.36677564364527,136.0,2.7526968797326856,142.74081150384634,106.0,1.3466114292815692,1.6320772558180718,2.672244972057301,1.1112429239372172,1.0876072602722002,5.634945492234251,1.0713509013399822,1.6275484587346416,2.7858762058809
C:\Users\JackM\40xMBPCNP\40xN1N2N3N4lif\Pranlukast_0606.lif,Pranlukast_0606,7,Image 8,Pranlukast_0606_S8_Image_8,21,30986,25087,4,30986,1999,25087,26,126,35,14.32183908045977,1.3355921393550445,2.054322455872703,1889.976659402887,920.0,33506,1.0881365778093333,1.0100077247621593,929.2071067811866,920.0,30986,33717,5.551275637818909,0.7931069391709943,429.8639610306789,542.0,1999,11097,1.3355921393550445,2.054322455872703,1889.976659402887,920.0,25087,33506,141,507.5,14.0,95.0,67.5,190.86887626670108,128.0,1.4911630958336022,239.85142571285644,136.0,1.7636134243592385,186.37350021923706,106.0,1.75824056810601,1.6320772558180718,2.672244972057301,1.1112429239372172,1.0876072602722002,5.634945492234251,1.0713509013399822,1.6275484587346416,2.7858762058809
C:\Users\JackM\40xMBPCNP\40xN1N2N3N4lif\Pranlukast_0606.lif,Pranlukast_0606,7,Image 8,Pranlukast_0606_S8_Image_8,23,13295,10473,1,13295,445,10292,19,110,24,8.44047619047619,1.2364174544065694,1.571386992241096,854.8345237791561,544.0,12949,1.011432869499812,1.0,546.0,546.0,13295,13447,8.125842696629213,0.46382548092388515,151.20710678118655,326.0,445,3616,1.2581616789739603,1.589007923192616,864.420310216783,544.0,10292,12949,87,287.5,12.0,60.0,40.0,145.63174125611133,128.0,1.1377479785633697,173.38202247191012,136.0,1.2748678122934567,143.92304702681693,106.0,1.3577645945926125,1.6320772558180718,2.672244972057301,1.1112429239372172,1.0876072602722002,5.634945492234251,1.0713509013399822,1.6275484587346416,2.7858762058809
C:\Users\JackM\40xMBPCNP\40xN1N2N3N4lif\Pranlukast_0606.lif,Pranlukast_0606,7,Image 8,Pranlukast_0606_S8_Image_8,24,11839,5379,1,11828,4441,2023,20,46,10,9.416666666666666,1.9148540620933259,1.5600363570569211,758.1776695296637,486.0,10300,1.024179912073047,1.0515917060921698,542.6213203435597,516.0,11828,12114,2.009682503940554,1.1595067603440157,507.86396103067887,438.0,4441,8925,2.913494809688581,1.2111519036023526,472.3492424049175,390.0,2023,5894,93,272.5,9.0,60.0,45.0,155.6779675346635,128.0,1.2162341213645587,298.42287773024094,136.0,2.1942858656635362,134.48690064260998,106.0,1.2687443456849998,1.6320772558180718,2.672244972057301,1.1112429239372172,1.0876072602722002,5.634945492234251,1.0713509013399822,1.6275484587346416,2.7858762058809
C:\Users\JackM\40xMBPCNP\40xN1N2N3N4lif\Pranlukast_0606.lif,Pranlukast_0606,7,Image 8,Pranlukast_0606_S8_Image_8,25,4018,3291,1,4018,3291,0,3,11,1,14.333333333333334,1.1008811911273169,1.2435391201732329,338.2426406871193,272.0,3623,1.0159283225485316,1.0,288.0,288.0,4018,4082,1.1008811911273169,1.2435391201732329,338.2426406871193,272.0,3291,3623,,,0.0,0.0,0,0,49,112.5,8.0,35.0,22.5,159.16774514683922,128.0,1.2434980089596814,288.8553631115163,136.0,2.1239364934670313,117.8312593330015,106.0,1.1116156540849198,1.6320772558180718,2.672244972057301,1.1112429239372172,1.0876072602722002,5.634945492234251,1.0713509013399822,1.6275484587346416,2.7858762058809
C:\Users\JackM\40xMBPCNP\40xN1N2N3N4lif\Pranlukast_0606.lif,Pranlukast_0606,7,Image 8,Pranlukast_0606_S8_Image_8,26,4457,3098,1,4457,3058,42,11,25,5,7.0,1.2130406714009039,1.3286983353783313,372.03553390593277,280.0,3758,1.0134619699349339,1.0,298.0,298.0,4457,4517,1.1654676258992807,1.294135922107262,346.8284271247462,268.0,3058,3564,5.095238095238095,0.25155009051632526,25.207106781186546,100.20710678118655,42,214,52,122.5,13.0,35.0,22.5,149.3284720664124,128.0,1.1666286880188468,289.2086330935252,136.0,2.126534066864156,124.52380952380952,106.0,1.1747529200359388,1.6320772558180718,2.672244972057301,1.1112429239372172,1.0876072602722002,5.634945492234251,1.0713509013399822,1.6275484587346416,2.7858762058809
C:\Users\JackM\40xMBPCNP\40xN1N2N3N4lif\Pranlukast_0606.lif,Pranlukast_0606,7,Image 8,Pranlukast_0606_S8_Image_8,27,8987,2593,1,8987,2551,42,11,20,4,10.1,1.8322406478981874,1.352564333779957,470.6923881554251,348.0,4751,1.0134638922888617,1.004739336492891,424.0,422.0,8987,9108,1.3818110544884359,1.532215884003653,441.2781745930521,288.0,2551,3525,14.619047619047619,0.18156921952082158,29.414213562373096,162.0,42,614,65,202.5,7.0,25.0,30.0,166.79537109157673,128.0,1.3030888366529432,227.08075264602118,136.0,1.6697114165148617,128.76190476190476,106.0,1.2147349505840073,1.6320772558180718,2.672244972057301,1.1112429239372172,1.0876072602722002,5.634945492234251,1.0713509013399822,1.6275484587346416,2.7858762058809
C:\Users\JackM\40xMBPCNP\40xN1N2N3N4lif\Pranlukast_0606.lif,Pranlukast_0606,7,Image 8,Pranlukast_0606_S8_Image_8,28,28135,22980,3,28135,4945,22120,25,136,40,11.336842105263157,1.2468233246301132,2.2991941738241595,1839.3553390593274,800.0,28652,1.0462413364137195,1.006492651846866,807.2071067811866,802.0,28135,29436,3.765217391304348,1.1490981789024288,756.1066017177982,658.0,4945,18619,1.2916817359855335,2.3520342965954852,1872.2193000900063,796.0,22120,28572,159,622.5,20.0,80.0,77.5,241.902896747823,128.0,1.8898663808423672,298.4962588473205,136.0,2.194825432700886,170.26907775768535,106.0,1.6063120543177862,1.6320772558180718,2.672244972057301,1.1112429239372172,1.0876072602722002,5.634945492234251,1.0713509013399822,1.6275484587346416,2.7858762058809
C:\Users\JackM\40xMBPCNP\40xN1N2N3N4lif\Pranlukast_0606.lif,Pranlukast_0606,7,Image 8,Pranlukast_0606_S8_Image_8,29,57742,43233,1,57742,1886,43111,76,324,88,9.867521367521368,1.374042976430042,2.5967182753157334,2970.6457069611993,1144.0,59404,1.09511274289079,1.0128205128205128,1185.0,1170.0,57742,63234,15.009013785790032,0.7130305906847253,661.6923881554251,928.0,1886,28307,1.3730370439099069,2.572423788236351,2942.8528137423855,1144.0,43111,59193,171,1092.5,28.0,130.0,82.5,270.18956738595824,128.0,2.1108559952027988,175.9612937433722,136.0,1.293833042230678,152.06914708543064,106.0,1.4346145951455722,1.6320772558180718,2.672244972057301,1.1112429239372172,1.0876072602722002,5.634945492234251,1.0713509013399822,1.6275484587346416,2.7858762058809
C:\Users\JackM\40xMBPCNP\40xN1N2N3N4lif\Pranlukast_0606.lif,Pranlukast_0606,7,Image 8,Pranlukast_0606_S8_Image_8,30,7735,6683,1,7735,2297,6055,7,37,6,14.0,1.1533742331288344,1.1333821702347922,513.6568542494924,453.20710678118655,7708,1.0648998060762767,0.9674766503389625,446.20710678118655,461.20710678118655,7735,8237,1.35132781889421,1.179806117010324,313.8284271247462,266.0,2297,3104,1.2729975227085053,1.3951981313573554,632.3137084989849,453.20710678118655,6055,7708,101,207.5,11.0,55.0,47.5,220.85559146735616,128.0,1.72543430833872,252.15150195907705,136.0,1.854055161463802,154.92964492155244,106.0,1.4616004237882305,1.6320772558180718,2.672244972057301,1.1112429239372172,1.0876072602722002,5.634945492234251,1.0713509013399822,1.6275484587346416,2.7858762058809
C:\Users\JackM\40xMBPCNP\40xN1N2N3N4lif\Pranlukast_0606.lif,Pranlukast_0606,7,Image 8,Pranlukast_0606_S8_Image_8,31,65971,33751,1,65971,2754,32711,90,342,89,8.308,1.8461675209623418,2.936766645948737,3494.7523086789975,1190.0,62310,1.0639675008715952,1.0064102564102564,1256.0,1248.0,65971,70191,12.407770515613652,1.0319708522929385,947.3492424049175,918.0,2754,34171,1.8173703035676072,2.7797761496723283,3252.338095116624,1170.0,32711,59448,349,1195.0,9.0,280.0,181.984126984127,333.44352821694383,128.0,2.6050275641948737,179.03050108932462,136.0,1.3164007433038574,153.68765858579684,106.0,1.4498835715641212,1.6320772558180718,2.672244972057301,1.1112429239372172,1.0876072602722002,5.634945492234251,1.0713509013399822,1.6275484587346416,2.7858762058809
C:\Users\JackM\40xMBPCNP\40xN1N2N3N4lif\Pranlukast_0606.lif,Pranlukast_0606,7,Image 8,Pranlukast_0606_S8_Image_8,32,7930,4210,1,7930,3974,925,21,15,1,13.142857142857142,1.7624703087885987,1.6272946299403357,637.8994949366116,392.0,7420,1.026860025220681,1.0076359685266347,423.20710678118655,420.0,7930,8143,1.85556114745848,1.4931472155586345,585.3137084989847,392.0,3974,7374,2.801081081081081,1.076232545361619,319.8639610306789,297.20710678118655,925,2591,73,237.5,12.0,40.0,32.5,169.55712484237074,128.0,1.3246650378310214,299.0915953699044,136.0,2.19920290713165,128.00756756756758,106.0,1.2076185619581847,1.6320772558180718,2.672244972057301,1.1112429239372172,1.0876072602722002,5.634945492234251,1.0713509013399822,1.6275484587346416,2.7858762058809
C:\Users\JackM\40xMBPCNP\40xN1N2N3N4lif\Pranlukast_0606.lif,Pranlukast_0606,7,Image 8,Pranlukast_0606_S8_Image_8,33,40742,28155,1,40742,815,28145,78,370,104,7.411764705882353,1.4821168531344344,3.002175223133906,2990.1665222413703,996.0,41729,1.0510284227578421,1.0098039215686274,1030.0,1020.0,40742,42821,24.99754601226994,0.3553338656404959,276.4497474683058,778.0,815,20373,1.4826434535441464,3.002383161669234,2990.373629022557,996.0,28145,41729,156,782.5,13.0,90.0,75.0,321.3158656914241,128.0,2.510280200714251,172.38895705521472,136.0,1.2675658607001081,150.25940664416416,106.0,1.4175415721147562,1.6320772558180718,2.672244972057301,1.1112429239372172,1.0876072602722002,5.634945492234251,1.0713509013399822,1.6275484587346416,2.7858762058809
C:\Users\JackM\40xMBPCNP\40xN1N2N3N4lif\Pranlukast_0606.lif,Pranlukast_0606,7,Image 8,Pranlukast_0606_S8_Image_8,34,27569,11049,3,27569,5118,9024,41,176,45,7.25,2.4693637433251876,2.0358878016179465,1810.3259018078045,889.2071067811866,27284,1.1052994305197867,1.0238589211618256,987.0,964.0,27569,30472,2.9308323563892147,1.5406032395967215,1059.9350288425444,688.0,5118,15000,3.0234929078014185,1.8575426385752367,1651.7401153701776,889.2071067811866,9024,27284,180,672.5,12.0,60.0,87.5,253.16986470310857,128.0,1.9778895679930357,234.01719421649082,136.0,1.7207146633565502,139.30008865248226,106.0,1.3141517797403988,1.6320772558180718,2.672244972057301,1.1112429239372172,1.0876072602722002,5.634945492234251,1.0713509013399822,1.6275484587346416,2.7858762058809
C:\Users\JackM\40xMBPCNP\40xN1N2N3N4lif\Pranlukast_0606.lif,Pranlukast_0606,7,Image 8,Pranlukast_0606_S8_Image_8,35,142467,95511,5,142467,6429,93662,151,734,157,10.667311411992262,1.7026625205473715,3.9728874233539253,7929.883297014435,1996.0,162623,1.1806804382769343,1.0555959149512841,2115.4142135623733,2004.0,142467,168208,17.848343443770414,0.8983780367487791,1444.5918830920368,1608.0,6429,114747,1.7002412931605133,3.923071811099309,7751.989898732234,1976.0,93662,159248,333,2597.5,27.0,140.0,165.0,396.8982992552661,128.0,3.1007679629317666,209.73495100326645,136.0,1.5421687573769591,167.06783967884522,106.0,1.5761116950834455,1.6320772558180718,2.672244972057301,1.1112429239372172,1.0876072602722002,5.634945492234251,1.0713509013399822,1.6275484587346416,2.7858762058809
C:\Users\JackM\40xMBPCNP\40xN1N2N3N4lif\Pranlukast_0606.lif,Pranlukast_0606,7,Image 8,Pranlukast_0606_S8_Image_8,36,14401,9273,1,14401,20,9273,33,92,22,8.161764705882353,1.2266796074625257,1.8673914534992884,922.4913780286485,494.0,11375,1.016943267828623,1.005789001410084,557.2071067811866,554.0,14401,14645,27.6,0.05236826171180807,16.035533905932738,306.20710678118655,20,552,1.2266796074625257,1.8673914534992884,922.4913780286485,494.0,9273,11375,96,287.5,9.0,50.0,45.0,156.6898826470384,128.0,1.2241397081799874,178.3,136.0,1.3110294117647059,135.6111290844387,106.0,1.279350274381497,1.6320772558180718,2.672244972057301,1.1112429239372172,1.0876072602722002,5.634945492234251,1.0713509013399822,1.6275484587346416,2.7858762058809
C:\Users\JackM\40xMBPCNP\40xN1N2N3N4lif\Pranlukast_0606.lif,Pranlukast_0606,7,Image 8,Pranlukast_0606_S8_Image_8,37,9740,3764,1,9740,3743,21,14,20,4,10.4,1.7290116896918173,1.1494863190771256,480.4852813742385,418.0,6508,1.0125256673511294,1.0,446.0,446.0,9740,9862,1.5452845311247663,1.2089555809572343,466.6568542494924,386.0,3743,5784,18.80952380952381,0.10461272568209594,13.621320343559642,130.20710678118655,21,395,77,202.5,8.0,40.0,35.0,185.55790554414784,128.0,1.449671137063655,263.3919316056639,136.0,1.936705379453411,130.14285714285714,106.0,1.2277628032345014,1.6320772558180718,2.672244972057301,1.1112429239372172,1.0876072602722002,5.634945492234251,1.0713509013399822,1.6275484587346416,2.7858762058809
C:\Users\JackM\40xMBPCNP\40xN1N2N3N4lif\Pranlukast_0606.lif,Pranlukast_0606,7,Image 8,Pranlukast_0606_S8_Image_8,39,166315,94871,3,166198,7338,93955,162,675,140,11.742138364779874,1.8005502208261746,4.728958158913267,8956.646752981727,1894.0,170820,1.095482496780948,1.0784464821425963,2098.6568542494924,1946.0,166198,182067,2.1590351594439903,1.0511621738779575,639.1066017177982,608.0,7338,15843,1.8181044116864455,4.888246642627852,9258.339141137152,1894.0,93955,170820,585,2970.0,16.0,95.0,286.1504424778761,429.7320786050374,128.0,3.3572818641018545,395.51976015263017,136.0,2.908233530534045,157.48713745942206,106.0,1.4857277118813401,1.6320772558180718,2.672244972057301,1.1112429239372172,1.0876072602722002,5.634945492234251,1.0713509013399822,1.6275484587346416,2.7858762058809
C:\Users\JackM\40xMBPCNP\40xN1N2N3N4lif\Pranlukast_0606.lif,Pranlukast_0606,7,Image 8,Pranlukast_0606_S8_Image_8,40,11536,5015,1,11536,1721,3687,11,55,12,10.166666666666666,1.8570289132602193,1.8227530639128788,805.6568542494924,442.0,9313,1.0583391123439667,0.9918002253624713,529.6213203435597,534.0,11536,12209,1.2393957001743172,1.6419817710446236,321.8284271247462,196.0,1721,2133,2.525901817195552,1.6924684792123654,748.0710678118655,442.0,3687,9313,85,232.5,10.0,45.0,40.0,225.88696255201108,128.0,1.7647418949375866,199.43986054619407,136.0,1.4664695628396622,130.98047192839707,106.0,1.2356648295131798,1.6320772558180718,2.672244972057301,1.1112429239372172,1.0876072602722002,5.634945492234251,1.0713509013399822,1.6275484587346416,2.7858762058809
C:\Users\JackM\40xMBPCNP\40xN1N2N3N4lif\Pranlukast_0606.lif,Pranlukast_0606,7,Image 8,Pranlukast_0606_S8_Image_8,41,89573,52440,2,89573,1580,52027,120,429,105,9.323624595469255,1.7713005339435546,2.8703891942165622,4081.6934341759516,1422.0,92887,1.0874705547430588,1.0918508287292819,1581.0,1448.0,89573,97408,21.117088607594937,0.48698230636622947,521.0710678118655,1070.0,1580,33365,1.7409998654544756,2.8151547992448966,3958.107647738325,1406.0,52027,90579,380,1320.0,10.0,280.0,187.5,394.1305080772108,128.0,3.079144594353209,169.1018987341772,136.0,1.2433963142218913,165.02775481961288,106.0,1.556865611505782,1.6320772558180718,2.672244972057301,1.1112429239372172,1.0876072602722002,5.634945492234251,1.0713509013399822,1.6275484587346416,2.7858762058809
C:\Users\JackM\40xMBPCNP\40xN1N2N3N4lif\Pranlukast_0606.lif,Pranlukast_0606,7,Image 8,Pranlukast_0606_S8_Image_8,42,41890,27658,0,41890,422,27601,39,173,24,12.403361344537815,1.4248680309494541,2.242431704875266,2157.219300090006,962.0,39409,1.0348293148722845,1.0081967213114753,984.0,976.0,41890,43349,6.26303317535545,0.4510544079274265,134.4142135623731,298.0,422,2643,1.3675591464077388,2.302185389707799,2127.2193000900065,924.0,27601,37746,163,657.5,11.0,120.0,77.5,416.104893769396,128.0,3.2508194825734065,160.59715639810426,136.0,1.1808614441037077,152.63196985616463,106.0,1.4399242439260813,1.6320772558180718,2.672244972057301,1.1112429239372172,1.0876072602722002,5.634945492234251,1.0713509013399822,1.6275484587346416,2.7858762058809
C:\Users\JackM\40xMBPCNP\40xN1N2N3N4lif\Pranlukast_0606.lif,Pranlukast_0606,7,Image 8,Pranlukast_0606_S8_Image_8,43,3192,2250,1,3192,2250,15,8,22,3,9.25,1.1973333333333334,1.405175086201524,331.62132034355966,236.0,2694,1.0203634085213034,1.0,256.0,256.0,3192,3257,1.1973333333333334,1.405175086201524,331.62132034355966,236.0,2250,2694,3.8666666666666667,0.30713834764831843,9.82842712474619,32.0,15,58,45,117.5,11.0,30.0,20.0,150.75751879699249,128.0,1.1777931156015038,245.9488888888889,136.0,1.8084477124183007,126.4,106.0,1.1924528301886792,1.6320772558180718,2.672244972057301,1.1112429239372172,1.0876072602722002,5.634945492234251,1.0713509013399822,1.6275484587346416,2.7858762058809
C:\Users\JackM\40xMBPCNP\40xN1N2N3N4lif\Pranlukast_0606.lif,Pranlukast_0606,7,Image 8,Pranlukast_0606_S8_Image_8,44,5250,2986,1,0,2986,0,8,62,14,6.947368421052632,1.2304085733422638,1.812151024085457,521.8994949366116,288.0,3674,,,0.0,0.0,0,0,1.2304085733422638,1.812151024085457,521.8994949366116,288.0,2986,3674,,,0.0,0.0,0,0,55,117.5,7.0,30.0,25.0,123.51774949765573,128.0,0.9649824179504354,209.73710649698594,136.0,1.542184606595485,106.99129269926323,106.0,1.0093518179175776,1.6320772558180718,2.672244972057301,1.1112429239372172,1.0876072602722002,5.634945492234251,1.0713509013399822,1.6275484587346416,2.7858762058809
C:\Users\JackM\40xMBPCNP\40xN1N2N3N4lif\Pranlukast_0606.lif,Pranlukast_0606,7,Image 8,Pranlukast_0606_S8_Image_8,45,2763,2017,1,1633,2017,6,3,1,0,29.0,1.22310361923649,1.2027806509944523,271.8284271247462,226.0,2467,1.3110838946723822,1.2442905354815514,266.27817459305203,214.0,1633,2141,1.22310361923649,1.2027806509944523,271.8284271247462,226.0,2017,2467,2.0,0.29391286525281735,3.0,10.207106781186548,6,12,43,85.0,9.0,30.0,20.0,136.75995101041028,128.0,1.0684371172688303,224.55825483391175,136.0,1.651163638484645,123.5,106.0,1.1650943396226414,1.6320772558180718,2.672244972057301,1.1112429239372172,1.0876072602722002,5.634945492234251,1.0713509013399822,1.6275484587346416,2.7858762058809
C:\Users\JackM\40xMBPCNP\40xN1N2N3N4lif\Pranlukast_0606.lif,Pranlukast_0606,8,Image 9,Pranlukast_0606_S9_Image_9,1,32958,15833,0,32958,2735,14212,49,170,38,9.5,1.940440851386345,2.754250194869055,2252.976659402887,818.0,30723,1.0331330784634989,1.0236966824644549,864.0,844.0,32958,34050,4.122851919561243,1.217749390623693,650.278174593052,534.0,2735,11276,2.117928511117366,2.584366984485109,2114.0121933088194,818.0,14212,30100,135,672.5,13.0,80.0,65.0,270.413495964561,128.0,2.1126054372231327,180.46325411334553,139.0,1.2982967921823418,135.20130875316633,106.0,1.2754840448411917,1.4599239952800722,2.1639622928405013,1.1094632533487347,1.049826587649333,2.661211614517554,1.4242430966795199,1.5148370416053893,2.1955749112898806
C:\Users\JackM\40xMBPCNP\40xN1N2N3N4lif\Pranlukast_0606.lif,Pranlukast_0606,8,Image 9,Pranlukast_0606_S9_Image_9,2,40186,35146,6,40186,10739,33771,35,155,20,13.425742574257425,1.342371820406305,1.8026174837517426,1930.976659402887,1071.2071067811867,47179,1.1797640969491863,1.0029939185064065,1074.414213562373,1071.2071067811867,40186,47410,3.6952230189030635,1.7340070419726026,1692.39087296526,976.0,10739,39683,1.3831986023511296,1.6920747018631965,1812.5624458405139,1071.2071067811867,33771,46712,174,637.5,12.0,110.0,85.0,472.6984521972826,128.0,3.6929566577912705,280.68637675761244,139.0,2.0193264514936144,154.73820733765658,106.0,1.4597944088458168,1.4599239952800722,2.1639622928405013,1.1094632533487347,1.049826587649333,2.661211614517554,1.4242430966795199,1.5148370416053893,2.1955749112898806
C:\Users\JackM\40xMBPCNP\40xN1N2N3N4lif\Pranlukast_0606.lif,Pranlukast_0606,8,Image 9,Pranlukast_0606_S9_Image_9,3,12978,9853,2,12978,390,9828,26,56,17,10.0,1.3173652694610778,1.4587032044758643,773.1126983722081,530.0,12980,1.0468485128679303,1.041044776119403,558.0,536.0,12978,13586,6.269230769230769,0.6200526428236041,167.4142135623731,270.0,390,2445,1.3207163207163206,1.4832315063626569,786.1126983722081,530.0,9828,12980,160,272.5,6.0,60.0,77.5,297.99691786099555,128.0,2.3281009207890278,172.45641025641027,139.0,1.2406935989669803,141.0909645909646,106.0,1.331046835763817,1.4599239952800722,2.1639622928405013,1.1094632533487347,1.049826587649333,2.661211614517554,1.4242430966795199,1.5148370416053893,2.1955749112898806
C:\Users\JackM\40xMBPCNP\40xN1N2N3N4lif\Pranlukast_0606.lif,Pranlukast_0606,8,Image 9,Pranlukast_0606_S9_Image_9,4,6454,4878,2,6454,4878,0,8,20,5,14.9375,1.1871668716687167,1.3222346548357782,468.0710678118655,354.0,5791,1.0162689804772234,1.0112994350282485,358.0,354.0,6454,6559,1.1871668716687167,1.3222346548357782,468.0710678118655,354.0,4878,5791,,,0.0,0.0,0,0,98,160.0,6.0,65.0,47.5,176.31019522776572,128.0,1.3774234002169197,322.9645346453465,139.0,2.3234858607578883,114.11109389525875,106.0,1.076519753728856,1.4599239952800722,2.1639622928405013,1.1094632533487347,1.049826587649333,2.661211614517554,1.4242430966795199,1.5148370416053893,2.1955749112898806
C:\Users\JackM\40xMBPCNP\40xN1N2N3N4lif\Pranlukast_0606.lif,Pranlukast_0606,8,Image 9,Pranlukast_0606_S9_Image_9,6,74198,56884,1,74198,990,56808,90,507,108,9.899408284023668,1.421682722733985,3.136590736422576,4196.758405333407,1338.0,80871,1.1094638669505916,1.0756382670327718,1456.414213562373,1354.0,74198,82320,34.57575757575758,0.37095216231022154,367.2426406871193,990.0,990,34230,1.4235847063793832,3.1245043590868113,4180.586832458153,1338.0,56808,80871,200,1317.5,18.0,115.0,97.5,520.558532575002,128.0,4.066863535742203,175.15858585858587,139.0,1.260133711212848,148.2698563582594,106.0,1.3987722297949001,1.4599239952800722,2.1639622928405013,1.1094632533487347,1.049826587649333,2.661211614517554,1.4242430966795199,1.5148370416053893,2.1955749112898806
C:\Users\JackM\40xMBPCNP\40xN1N2N3N4lif\Pranlukast_0606.lif,Pranlukast_0606,8,Image 9,Pranlukast_0606_S9_Image_9,7,4867,3822,2,4867,183,3639,18,50,12,6.871794871794871,1.1891679748822606,1.4487376094738063,443.31370849898474,306.0,4545,1.0320525991370455,1.0324675324675325,318.0,308.0,4867,5023,1.3224043715846994,1.0164889289341066,74.41421356237309,73.20710678118655,183,242,1.1319043693322342,1.3081542373638713,368.8994949366117,282.0,3639,4119,56,192.5,18.0,40.0,25.0,264.8543250462297,128.0,2.0691744144236695,203.47540983606558,139.0,1.4638518693242129,137.08848584776038,106.0,1.293287602337362,1.4599239952800722,2.1639622928405013,1.1094632533487347,1.049826587649333,2.661211614517554,1.4242430966795199,1.5148370416053893,2.1955749112898806
C:\Users\JackM\40xMBPCNP\40xN1N2N3N4lif\Pranlukast_0606.lif,Pranlukast_0606,8,Image 9,Pranlukast_0606_S9_Image_9,8,54593,46490,6,54593,5718,46430,55,206,54,11.227848101265822,1.284899978489998,1.8491129730846698,2196.7462120245877,1188.0,59735,1.134357884710494,1.0381720844991151,1252.0355339059329,1206.0,54593,61928,6.7332983560685555,1.5340046866229569,1423.556349186104,928.0,5718,38501,1.2865604135257376,1.860753063257015,2210.574639149334,1188.0,46430,59735,196,797.5,22.0,125.0,95.0,464.8501639404319,128.0,3.6316419057846243,231.21476040573629,139.0,1.6634155424873114,154.9360758130519,106.0,1.4616610925759612,1.4599239952800722,2.1639622928405013,1.1094632533487347,1.049826587649333,2.661211614517554,1.4242430966795199,1.5148370416053893,2.1955749112898806
C:\Users\JackM\40xMBPCNP\40xN1N2N3N4lif\Pranlukast_0606.lif,Pranlukast_0606,8,Image 9,Pranlukast_0606_S9_Image_9,9,79345,76799,13,79345,43548,75535,27,183,55,18.860869565217392,1.2150027995156187,1.34039461114082,2061.526911934581,1538.0,93311,1.1817757892746865,1.0688542427960603,1646.0355339059329,1540.0,79345,93768,1.4699182511251951,1.4687538983838218,1821.254833995939,1240.0,43548,64012,1.235334613093268,1.4511779507447538,2231.9116882454314,1538.0,75535,93311,248,657.5,13.0,160.0,120.0,695.6240090742958,128.0,5.434562570892936,523.4808946449895,139.0,3.7660496017625142,174.71418547693122,106.0,1.648247032801238,1.4599239952800722,2.1639622928405013,1.1094632533487347,1.049826587649333,2.661211614517554,1.4242430966795199,1.5148370416053893,2.1955749112898806
C:\Users\JackM\40xMBPCNP\40xN1N2N3N4lif\Pranlukast_0606.lif,Pranlukast_0606,8,Image 9,Pranlukast_0606_S9_Image_9,10,53443,21301,1,53443,1791,20002,84,246,50,8.35,2.4642035585183795,2.804867591662014,2989.988852711707,1066.0,52490,1.0392942012985797,1.0878504672897196,1164.0,1070.0,53443,55543,26.337241764377442,0.5541409088030081,569.6568542494924,1028.0,1791,47170,2.4306569343065694,2.5679909818394355,2665.574639149334,1038.0,20002,48618,228,1047.5,16.0,135.0,112.5,276.9773216323934,128.0,2.1638853252530734,220.73199329983248,139.0,1.587999951797356,139.17448255174483,106.0,1.3129668165258945,1.4599239952800722,2.1639622928405013,1.1094632533487347,1.049826587649333,2.661211614517554,1.4242430966795199,1.5148370416053893,2.1955749112898806
C:\Users\JackM\40xMBPCNP\40xN1N2N3N4lif\Pranlukast_0606.lif,Pranlukast_0606,8,Image 9,Pranlukast_0606_S9_Image_9,11,33332,22209,6,33332,2596,21491,51,229,63,8.148809523809524,1.4565266333468414,2.20098455475346,1892.8467170879758,860.0,32348,1.0495619824792992,1.0023148148148149,866.0,864.0,33332,34984,7.092835130970724,1.1240012602448866,692.3847763108502,616.0,2596,18413,1.452003164115211,1.956215039074129,1678.4325035256027,858.0,21491,31205,155,677.5,18.0,75.0,75.0,412.0388815552622,128.0,3.219053762150486,230.07395993836673,139.0,1.655208344880336,152.51891489460704,106.0,1.4388576876849721,1.4599239952800722,2.1639622928405013,1.1094632533487347,1.049826587649333,2.661211614517554,1.4242430966795199,1.5148370416053893,2.1955749112898806
C:\Users\JackM\40xMBPCNP\40xN1N2N3N4lif\Pranlukast_0606.lif,Pranlukast_0606,8,Image 9,Pranlukast_0606_S9_Image_9,14,19686,15975,2,19686,154,15967,22,97,21,11.727272727272727,1.2499530516431925,1.707118990373611,1119.8700576850888,656.0,19968,1.0296149547902063,1.0151515151515151,670.0,660.0,19686,20269,50.09090909090909,0.1943450007534203,88.62132034355965,456.0,154,7714,1.2050479113170915,1.7382122564417433,1112.4558441227157,640.0,15967,19241,113,352.5,7.0,70.0,52.5,462.5931626536625,128.0,3.614009083231738,202.3181818181818,139.0,1.4555264879005885,141.3262353604309,106.0,1.3332663713248198,1.4599239952800722,2.1639622928405013,1.1094632533487347,1.049826587649333,2.661211614517554,1.4242430966795199,1.5148370416053893,2.1955749112898806
C:\Users\JackM\40xMBPCNP\40xN1N2N3N4lif\Pranlukast_0606.lif,Pranlukast_0606,8,Image 9,Pranlukast_0606_S9_Image_9,15,4490,3702,1,4490,3496,837,5,21,1,15.923076923076923,1.174500270124257,1.3860252815635328,413.03553390593277,298.0,4348,1.0307349665924277,0.9974908442442613,315.20710678118655,316.0,4490,4628,1.1164187643020596,1.2405263373217952,349.8284271247462,282.0,3496,3903,2.620071684587814,1.0240261272193623,257.24264068711926,251.20710678118655,837,2193,51,112.5,11.0,40.0,22.5,205.47216035634744,128.0,1.6052512527839644,283.87557208237985,139.0,2.0422703027509344,128.8100358422939,106.0,1.2151890173801312,1.4599239952800722,2.1639622928405013,1.1094632533487347,1.049826587649333,2.661211614517554,1.4242430966795199,1.5148370416053893,2.1955749112898806
C:\Users\JackM\40xMBPCNP\40xN1N2N3N4lif\Pranlukast_0606.lif,Pranlukast_0606,8,Image 9,Pranlukast_0606_S9_Image_9,16,8278,5605,2,8278,2,5605,17,57,11,7.866666666666666,1.4365744870651205,1.5402208389924326,668.4558441227157,434.0,8052,1.055206571635661,1.0272727272727273,452.0,440.0,8278,8735,1.0,,0.0,0.0,2,2,1.4365744870651205,1.5402208389924326,668.4558441227157,434.0,5605,8052,87,272.5,8.0,30.0,40.0,235.2663686880889,128.0,1.8380185053756946,192.0,139.0,1.381294964028777,138.35807314897414,106.0,1.3052648410280578,1.4599239952800722,2.1639622928405013,1.1094632533487347,1.049826587649333,2.661211614517554,1.4242430966795199,1.5148370416053893,2.1955749112898806
C:\Users\JackM\40xMBPCNP\40xN1N2N3N4lif\Pranlukast_0606.lif,Pranlukast_0606,8,Image 9,Pranlukast_0606_S9_Image_9,17,25247,21108,3,25243,6794,19480,27,113,19,13.051948051948052,1.2218116353989008,1.7599383791045473,1298.834523779156,738.0,25790,1.0597393336766627,1.0243410518465061,766.2071067811866,748.0,25243,26751,3.0272299087430086,1.9294501638627024,1377.6274169979695,714.0,6794,20567,1.281570841889117,1.5956583492020229,1142.4913780286483,716.0,19480,24965,111,412.5,15.0,90.0,52.5,201.60638592877234,128.0,1.575049890068534,235.4275831616132,139.0,1.6937236198677208,173.7674024640657,106.0,1.6393151175855254,1.4599239952800722,2.1639622928405013,1.1094632533487347,1.049826587649333,2.661211614517554,1.4242430966795199,1.5148370416053893,2.1955749112898806
C:\Users\JackM\40xMBPCNP\40xN1N2N3N4lif\Pranlukast_0606.lif,Pranlukast_0606,8,Image 9,Pranlukast_0606_S9_Image_9,18,28319,26301,5,28319,25967,2693,16,23,1,19.115384615384617,1.1698034295273945,1.1385982073305105,947.3137084989849,832.0,30767,1.107030615487835,1.0536313946437015,876.6213203435597,832.0,28319,31350,1.1245811992143875,1.131679512648846,891.7634559672906,788.0,25967,29202,3.1897512068325287,1.1303757167727342,608.142135623731,538.0,2693,8590,133,317.5,9.0,95.0,65.0,215.732829549066,128.0,1.685412730852078,440.50571879693456,139.0,3.1691058906254286,131.31340512439658,106.0,1.2388057087207225,1.4599239952800722,2.1639622928405013,1.1094632533487347,1.049826587649333,2.661211614517554,1.4242430966795199,1.5148370416053893,2.1955749112898806
C:\Users\JackM\40xMBPCNP\40xN1N2N3N4lif\Pranlukast_0606.lif,Pranlukast_0606,8,Image 9,Pranlukast_0606_S9_Image_9,19,54478,52212,13,54478,16113,51673,15,138,27,18.134146341463413,1.1311001302382595,1.5908432188861803,1800.8345237791561,1132.0,59057,1.0865119864899593,1.0187341932695995,1153.2071067811867,1132.0,54478,59191,3.1209582324830882,2.55029635936986,2739.0182899632296,1074.0,16113,50288,1.1423567433669422,1.6337949153027527,1849.455844122716,1132.0,51673,59029,170,422.5,13.0,135.0,82.5,570.9052277983774,128.0,4.460197092174823,281.82132439645005,139.0,2.027491542420504,193.4390687593134,106.0,1.824896875087862,1.4599239952800722,2.1639622928405013,1.1094632533487347,1.049826587649333,2.661211614517554,1.4242430966795199,1.5148370416053893,2.1955749112898806
C:\Users\JackM\40xMBPCNP\40xN1N2N3N4lif\Pranlukast_0606.lif,Pranlukast_0606,8,Image 9,Pranlukast_0606_S9_Image_9,20,16235,8714,1,16235,8358,515,23,63,20,10.145833333333334,1.836355290337388,1.9382297052374706,1116.420310216783,576.0,16002,1.0202032645518941,1.0,578.0,578.0,16235,16563,1.8668341708542713,1.7909581303681195,1031.5918830920368,576.0,8358,15603,1.3203883495145632,1.2374474334794234,173.2426406871193,140.0,515,680,105,422.5,12.0,70.0,50.0,170.70169387126577,128.0,1.3336069833692639,298.23881311318496,139.0,2.145602972037302,128.4,106.0,1.211320754716981,1.4599239952800722,2.1639622928405013,1.1094632533487347,1.049826587649333,2.661211614517554,1.4242430966795199,1.5148370416053893,2.1955749112898806
C:\Users\JackM\40xMBPCNP\40xN1N2N3N4lif\Pranlukast_0606.lif,Pranlukast_0606,8,Image 9,Pranlukast_0606_S9_Image_9,21,79304,62008,4,79304,27711,55073,75,344,84,11.645669291338583,1.3856437878983356,2.3972407173214116,3212.3025612106917,1340.0,85921,1.1254917784727125,1.1140350877192982,1524.0,1368.0,79304,89256,1.7737721482443796,1.6874486981920498,1783.982756057297,1057.2071067811867,27711,49153,1.4403246599967316,2.6476448154047905,3410.1665222413703,1288.0,55073,79323,229,1027.5,21.0,175.0,112.5,524.5748638151922,128.0,4.098241123556189,421.4564613330446,139.0,3.0320608728996015,180.9161113431264,106.0,1.706755767387985,1.4599239952800722,2.1639622928405013,1.1094632533487347,1.049826587649333,2.661211614517554,1.4242430966795199,1.5148370416053893,2.1955749112898806
C:\Users\JackM\40xMBPCNP\40xN1N2N3N4lif\Pranlukast_0606.lif,Pranlukast_0606,8,Image 9,Pranlukast_0606_S9_Image_9,22,122143,88319,14,122143,41792,73132,169,704,183,9.442190669371197,1.65675562449756,3.2858251794076847,6262.782791951047,1906.0,146323,1.2035892355681455,1.0972858073079452,2093.6213203435595,1908.0,122143,147010,2.6115763782542114,2.3887168949346753,3649.9594154601837,1528.0,41792,109143,1.7777306787726304,3.306940460663829,5899.58178182427,1784.0,73132,130009,580,2062.5,15.0,115.0,287.5,568.1395577315114,128.0,4.438590294777433,338.67445922664626,139.0,2.436506900911124,159.07032489197616,106.0,1.5006634423771334,1.4599239952800722,2.1639622928405013,1.1094632533487347,1.049826587649333,2.661211614517554,1.4242430966795199,1.5148370416053893,2.1955749112898806
C:\Users\JackM\40xMBPCNP\40xN1N2N3N4lif\Pranlukast_0606.lif,Pranlukast_0606,8,Image 9,Pranlukast_0606_S9_Image_9,23,74360,42446,5,74360,10233,38782,69,261,59,11.028985507246377,1.8135984545069028,2.1949371220961034,3066.7817459305206,1397.2071067811867,76980,1.1120898332436795,1.006456596620748,1435.2071067811867,1426.0,74360,82695,4.247727939020815,0.8847959726477981,957.3492424049175,1082.0,10233,43467,1.949796297251302,2.124600179184635,2951.509667991878,1389.2071067811867,38782,75617,226,1202.5,15.0,130.0,110.0,452.23695535234,128.0,3.533101213690156,339.41669109742986,139.0,2.441846698542661,148.8075653653757,106.0,1.4038449562771291,1.4599239952800722,2.1639622928405013,1.1094632533487347,1.049826587649333,2.661211614517554,1.4242430966795199,1.5148370416053893,2.1955749112898806
C:\Users\JackM\40xMBPCNP\40xN1N2N3N4lif\Pranlukast_0606.lif,Pranlukast_0606,8,Image 9,Pranlukast_0606_S9_Image_9,24,75380,57855,2,75380,5140,56522,122,637,159,8.443645083932854,1.3489240342234898,3.7810524546184654,4953.17871555019,1310.0,78042,1.0386044043512868,1.0030534351145037,1314.0,1310.0,75380,78290,7.6721789883268485,1.2211996879160596,1187.00609665441,972.0,5140,39435,1.3771451824068504,3.779453669573444,4951.084307141212,1310.0,56522,77839,224,1457.5,22.0,130.0,110.0,635.7051339877952,128.0,4.96644635927965,251.90291828793775,139.0,1.812251210704588,186.22617741764267,106.0,1.7568507303551195,1.4599239952800722,2.1639622928405013,1.1094632533487347,1.049826587649333,2.661211614517554,1.4242430966795199,1.5148370416053893,2.1955749112898806
C:\Users\JackM\40xMBPCNP\40xN1N2N3N4lif\Pranlukast_0606.lif,Pranlukast_0606,8,Image 9,Pranlukast_0606_S9_Image_9,25,9935,7650,1,9935,898,7282,24,122,36,7.012820512820513,1.2373856209150327,1.8397908424653069,853.6629509039024,464.0,9466,1.0135883241066934,1.0,470.0,470.0,9935,10070,3.7405345211581293,0.5599597010821078,222.86396103067892,398.0,898,3359,1.2554243339741828,1.8334019069177478,850.698484809835,464.0,7282,9142,77,282.5,10.0,45.0,35.0,146.80674383492703,128.0,1.1469276862103674,184.92761692650333,139.0,1.330414510262614,140.17261741279867,106.0,1.32238318313961,1.4599239952800722,2.1639622928405013,1.1094632533487347,1.049826587649333,2.661211614517554,1.4242430966795199,1.5148370416053893,2.1955749112898806
C:\Users\JackM\40xMBPCNP\40xN1N2N3N4lif\Pranlukast_0606.lif,Pranlukast_0606,8,Image 9,Pranlukast_0606_S9_Image_9,32,52909,39125,4,52909,8128,36172,53,264,62,11.748603351955307,1.3920511182108626,3.133982650199755,3353.3614357137376,1070.0,54464,1.033378064223478,1.0197827488630473,1093.2071067811867,1072.0,52909,54675,5.6454232283464565,1.7230647246080533,1819.5563491861042,1056.0,8128,45886,1.4698385491540418,3.042591994628593,3243.40306627408,1066.0,36172,53167,182,992.5,21.0,115.0,87.5,491.7283259936873,128.0,3.841627546825682,227.7527066929134,139.0,1.6385086812439813,192.49640605993585,106.0,1.8160038307541118,1.4599239952800722,2.1639622928405013,1.1094632533487347,1.049826587649333,2.661211614517554,1.4242430966795199,1.5148370416053893,2.1955749112898806
C:\Users\JackM\40xMBPCNP\40xN1N2N3N4lif\Pranlukast_0606.lif,Pranlukast_0606,8,Image 9,Pranlukast_0606_S9_Image_9,33,54561,33661,3,54561,4274,32915,61,285,74,10.1139896373057,1.75146311755444,2.6749489137947995,3188.539105243401,1192.0,58956,1.1250160370960942,1.0236785113019775,1228.414213562373,1200.0,54561,61382,7.2419279363593825,1.4895337989589879,1336.420310216783,897.2071067811866,4274,30952,1.791159046027647,2.553508176116208,3043.78174593052,1192.0,32915,58956,319,1025.0,10.0,180.0,162.33333333333334,666.7104525210315,128.0,5.208675410320558,210.81913897987835,139.0,1.51668445309265,171.81087650007595,106.0,1.6208573254724146,1.4599239952800722,2.1639622928405013,1.1094632533487347,1.049826587649333,2.661211614517554,1.4242430966795199,1.5148370416053893,2.1955749112898806
C:\Users\JackM\40xMBPCNP\40xN1N2N3N4lif\Pranlukast_0606.lif,Pranlukast_0606,8,Image 9,Pranlukast_0606_S9_Image_9,34,33954,19405,4,33954,15710,9546,39,167,41,10.308333333333334,1.875186807523834,2.3981597659387135,2124.7695526217003,886.0,36388,1.1028450256229017,1.0665248390799849,949.2071067811866,890.0,33954,37446,2.316231699554424,2.373248854187173,2102.698484809835,886.0,15710,36388,2.5133040016760946,2.0623753074578643,1512.1482322781408,733.2071067811866,9546,23992,169,687.5,10.0,110.0,82.5,171.46754432467455,128.0,1.33959019003652,294.3096753660089,139.0,2.117335794000064,132.21558768070395,106.0,1.2473168649123014,1.4599239952800722,2.1639622928405013,1.1094632533487347,1.049826587649333,2.661211614517554,1.4242430966795199,1.5148370416053893,2.1955749112898806
C:\Users\JackM\40xMBPCNP\40xN1N2N3N4lif\Pranlukast_0606.lif,Pranlukast_0606,8,Image 9,Pranlukast_0606_S9_Image_9,35,6780,5684,1,6776,5280,1129,10,41,17,10.387096774193548,1.1817382125263898,1.3479044370068367,514.8994949366116,382.0,6717,1.03586186540732,1.0331836853798657,411.20710678118655,398.0,6776,7019,1.224621212121212,1.2754980682103185,474.4852813742385,372.0,5280,6466,2.2019486271036315,1.195957621005201,327.6923881554251,274.0,1129,2486,64,197.5,12.0,55.0,30.0,162.25855962219597,128.0,1.267644997048406,411.6,139.0,2.9611510791366906,132.3020372010629,106.0,1.2481324264251217,1.4599239952800722,2.1639622928405013,1.1094632533487347,1.049826587649333,2.661211614517554,1.4242430966795199,1.5148370416053893,2.1955749112898806
C:\Users\JackM\40xMBPCNP\40xN1N2N3N4lif\Pranlukast_0606.lif,Pranlukast_0606,8,Image 9,Pranlukast_0606_S9_Image_9,36,8764,5266,1,8764,5266,0,8,18,3,17.384615384615383,1.2470565894417014,1.1996366859124172,472.65685424949237,394.0,6567,1.0147193062528526,1.0,444.0,444.0,8764,8893,1.2470565894417014,1.1996366859124172,472.65685424949237,394.0,5266,6567,,,0.0,0.0,0,0,84,177.5,5.0,30.0,40.0,154.6332724783204,128.0,1.2080724412368782,331.0774781617926,139.0,2.3818523608762057,111.28639890460977,106.0,1.0498716877793375,1.4599239952800722,2.1639622928405013,1.1094632533487347,1.049826587649333,2.661211614517554,1.4242430966795199,1.5148370416053893,2.1955749112898806
C:\Users\JackM\40xMBPCNP\40xN1N2N3N4lif\Pranlukast_0606.lif,Pranlukast_0606,8,Image 9,Pranlukast_0606_S9_Image_9,37,7971,4514,2,7971,3824,1250,14,37,12,8.333333333333334,1.662826761187417,1.7340826799355686,752.5918830920368,434.0,7506,1.0396437084431063,1.0094329748457098,450.20710678118655,446.0,7971,8287,1.8020397489539748,1.3219024338803573,536.6923881554251,406.0,3824,6891,4.568,1.232265956041368,477.14213562373095,387.20710678118655,1250,5710,83,307.5,13.0,40.0,37.5,216.29695144900265,128.0,1.6898199331953332,358.8444037656904,139.0,2.5816144155805065,127.3536,106.0,1.2014490566037737,1.4599239952800722,2.1639622928405013,1.1094632533487347,1.049826587649333,2.661211614517554,1.4242430966795199,1.5148370416053893,2.1955749112898806
C:\Users\JackM\40xMBPCNP\40xN1N2N3N4lif\Pranlukast_0606.lif,Pranlukast_0606,8,Image 9,Pranlukast_0606_S9_Image_9,38,6405,4538,2,6405,3375,3891,8,12,5,15.75,1.2190392243278978,1.243550401963198,435.2426406871193,350.0,5532,1.0285714285714285,0.9979134388978593,379.20710678118655,380.0,6405,6588,1.3478518518518519,1.404905855742488,435.5208152801713,310.0,3375,4549,1.3109740426625547,1.3601015254455222,476.03553390593277,350.0,3891,5101,64,192.5,11.0,50.0,30.0,218.68587041373925,128.0,1.708483362607338,272.4485925925926,139.0,1.9600618172128965,137.28193266512466,106.0,1.2951125723124968,1.4599239952800722,2.1639622928405013,1.1094632533487347,1.049826587649333,2.661211614517554,1.4242430966795199,1.5148370416053893,2.1955749112898806
C:\Users\JackM\40xMBPCNP\40xN1N2N3N4lif\Pranlukast_0606.lif,Pranlukast_0606,8,Image 9,Pranlukast_0606_S9_Image_9,39,15518,10224,3,15480,9675,1947,13,60,9,13.425,1.447378716744914,1.519891714737574,911.9350288425444,600.0,14798,1.054392764857881,1.0990544450058164,672.6213203435597,612.0,15480,16322,1.5229974160206718,1.5751660903913143,938.7989898732233,596.0,9675,14735,2.026707755521315,0.8867635636719898,311.62132034355966,351.4142135623731,1947,3946,103,262.5,6.0,65.0,50.0,185.19379844961242,128.0,1.446826550387597,371.4395865633075,139.0,2.672227241462644,131.13199794555726,106.0,1.2370943202411062,1.4599239952800722,2.1639622928405013,1.1094632533487347,1.049826587649333,2.661211614517554,1.4242430966795199,1.5148370416053893,2.1955749112898806
C:\Users\JackM\40xMBPCNP\40xN1N2N3N4lif\Pranlukast_0606.lif,Pranlukast_0606,8,Image 9,Pranlukast_0606_S9_Image_9,40,2993,2764,1,2993,2764,0,6,6,2,8.444444444444445,1.081041968162084,1.052989975227369,259.03553390593277,246.0,2988,1.0253925826929502,1.0049069381349047,247.20710678118655,246.0,2993,3069,1.081041968162084,1.052989975227369,259.03553390593277,246.0,2764,2988,,,0.0,0.0,0,0,51,102.5,7.0,30.0,22.5,150.4944871366522,128.0,1.1757381807550953,294.1486975397974,139.0,2.1161776801424272,113.96525225526229,106.0,1.0751438892005876,1.4599239952800722,2.1639622928405013,1.1094632533487347,1.049826587649333,2.661211614517554,1.4242430966795199,1.5148370416053893,2.1955749112898806
C:\Users\JackM\40xMBPCNP\40xN1N2N3N4lif\Pranlukast_0606.lif,Pranlukast_0606,8,Image 9,Pranlukast_0606_S9_Image_9,41,14590,10816,3,9987,10815,178,13,51,7,14.333333333333334,1.5269045857988166,1.3387315616307385,915.6923881554252,684.0,16515,1.5941724241513968,1.2497763240429043,842.3492424049175,674.0,9987,15921,1.5264909847434118,1.3387315616307385,915.6923881554252,684.0,10815,16509,2.230337078651685,0.9617965366765062,88.48528137423857,92.0,178,397,140,287.5,6.0,45.0,67.5,143.13097026133974,128.0,1.1182107051667167,340.7824318076745,139.0,2.451672171278234,124.73595505617978,106.0,1.176754292982828,1.4599239952800722,2.1639622928405013,1.1094632533487347,1.049826587649333,2.661211614517554,1.4242430966795199,1.5148370416053893,2.1955749112898806
C:\Users\JackM\40xMBPCNP\40xN1N2N3N4lif\Pranlukast_0606.lif,Pranlukast_0606,8,Image 9,Pranlukast_0606_S9_Image_9,42,36567,25613,3,36567,3511,25069,47,235,75,10.294117647058824,1.5304337641041659,2.6933960925895364,2768.8111831820434,1028.0,39199,1.0984767686712062,1.003050880041143,1054.414213562373,1051.2071067811867,36567,40168,5.527200227855312,0.7798521094692464,606.1066017177982,777.2071067811866,3511,19406,1.4916031752363477,2.753539527125986,2737.01828996323,994.0,25069,37393,323,822.5,7.0,145.0,157.5,505.3825853911997,128.0,3.9483014483687477,280.4420393050413,139.0,2.0175686280938225,167.12377837169413,106.0,1.576639418600888,1.4599239952800722,2.1639622928405013,1.1094632533487347,1.049826587649333,2.661211614517554,1.4242430966795199,1.5148370416053893,2.1955749112898806
C:\Users\JackM\40xMBPCNP\40xN1N2N3N4lif\Pranlukast_0606.lif,Pranlukast_0606,8,Image 9,Pranlukast_0606_S9_Image_9,43,6999,5874,1,6999,4831,3111,11,54,13,8.560975609756097,1.1595165134490977,1.6841679341181917,623.142135623731,370.0,6811,1.0122874696385198,1.0,376.0,376.0,6999,7085,1.3388532394949286,1.7431890529675036,634.5208152801713,364.0,4831,6468,1.514304082288653,1.2815424986872643,397.278174593052,310.0,3111,4711,60,212.5,22.0,50.0,27.5,157.87569652807545,128.0,1.2334038791255895,295.5239080935624,139.0,2.12607128124865,134.63066538090646,106.0,1.2701006168010043,1.4599239952800722,2.1639622928405013,1.1094632533487347,1.049826587649333,2.661211614517554,1.4242430966795199,1.5148370416053893,2.1955749112898806
C:\Users\JackM\40xMBPCNP\40xN1N2N3N4lif\Pranlukast_0606.lif,Pranlukast_0606,8,Image 9,Pranlukast_0606_S9_Image_9,45,30545,20156,0,26412,6615,13609,36,139,22,11.402061855670103,2.274260766025005,2.2112039191882062,2343.8761543394985,1060.0,45840,1.260752688172043,1.2169562690297708,1139.0710678118655,936.0,26412,33299,2.763265306122449,1.07503507796653,855.727922061358,796.0,6615,18279,1.6513336762436623,2.047520617015225,1523.3553390593274,744.0,13609,22473,349,790.0,9.0,190.0,172.5,411.202786612146,128.0,3.2125217704073905,309.3898715041572,139.0,2.225826413698973,185.0454111249908,106.0,1.7457114257074604,1.4599239952800722,2.1639622928405013,1.1094632533487347,1.049826587649333,2.661211614517554,1.4242430966795199,1.5148370416053893,2.1955749112898806
C:\Users\JackM\40xMBPCNP\40xN1N2N3N4lif\Pranlukast_0606.lif,Pranlukast_0606,8,Image 9,Pranlukast_0606_S9_Image_9,46,4233,2340,1,4233,2340,0,14,16,4,9.6,1.4764957264957266,1.7536811917376196,452.4497474683059,258.0,3455,1.0174816914717695,1.0,292.0,292.0,4233,4307,1.4764957264957266,1.7536811917376196,452.4497474683059,258.0,2340,3455,,,0.0,0.0,0,0,50,132.5,8.0,35.0,22.5,149.0066146940704,128.0,1.164114177297425,211.72051282051282,139.0,1.5231691569821066,112.24143633356957,106.0,1.058881474844996,1.4599239952800722,2.1639622928405013,1.1094632533487347,1.049826587649333,2.661211614517554,1.4242430966795199,1.5148370416053893,2.1955749112898806
C:\Users\JackM\40xMBPCNP\40xN1N2N3N4lif\Pranlukast_0606.lif,Pranlukast_0606,8,Image 9,Pranlukast_0606_S9_Image_9,47,24577,18439,3,24259,15171,7460,27,131,40,11.421052631578947,1.4568035142903628,2.205331899446896,1733.39087296526,786.0,26862,1.1079599323962241,1.1143836774349023,889.2781745930521,798.0,24259,26878,1.6821567464240985,1.9503962162696535,1501.8050865276332,770.0,15171,25520,1.7969168900804289,1.6940040187566177,1063.834523779156,628.0,7460,13405,151,477.5,12.0,75.0,72.5,243.39181334762355,128.0,1.901498541778309,332.33359699426535,139.0,2.3908891870091034,151.84705093833782,106.0,1.432519348474885,1.4599239952800722,2.1639622928405013,1.1094632533487347,1.049826587649333,2.661211614517554,1.4242430966795199,1.5148370416053893,2.1955749112898806
C:\Users\JackM\40xMBPCNP\40xN1N2N3N4lif\Pranlukast_0606.lif,Pranlukast_0606,8,Image 9,Pranlukast_0606_S9_Image_9,48,15689,13540,1,15689,518,13290,19,63,13,12.931818181818182,1.1590841949778434,1.6536463387987856,929.3492424049175,562.0,15694,1.016954554146217,1.0105633802816902,574.0,568.0,15689,15955,3.5424710424710426,0.836873620191223,195.82842712474618,234.0,518,1835,1.1630549285176826,1.5906204237824897,858.9350288425444,540.0,13290,15457,99,277.5,8.0,60.0,47.5,354.20441073363503,128.0,2.7672219588565237,167.67760617760618,139.0,1.206313713507958,177.46177577125658,106.0,1.6741676959552507,1.4599239952800722,2.1639622928405013,1.1094632533487347,1.049826587649333,2.661211614517554,1.4242430966795199,1.5148370416053893,2.1955749112898806
C:\Users\JackM\40xMBPCNP\40xN1N2N3N4lif\Pranlukast_0606.lif,Pranlukast_0606,8,Image 9,Pranlukast_0606_S9_Image_9,49,9541,6991,2,7585,6991,0,8,12,2,17.75,1.2185667286511228,1.1162821512129513,471.0710678118655,422.0,8519,1.1070533948582728,1.1881383603177018,510.89949493661175,430.0,7585,8397,1.2185667286511228,1.1162821512129513,471.0710678118655,422.0,6991,8519,,,0.0,0.0,0,0,80,162.5,6.0,50.0,37.5,144.83203691496374,128.0,1.1315002883981542,369.0896867400944,139.0,2.6553214873388087,111.3999744669986,106.0,1.0509431553490434,1.4599239952800722,2.1639622928405013,1.1094632533487347,1.049826587649333,2.661211614517554,1.4242430966795199,1.5148370416053893,2.1955749112898806
C:\Users\JackM\40xMBPCNP\40xN1N2N3N4lif\Pranlukast_0606.lif,Pranlukast_0606,8,Image 9,Pranlukast_0606_S9_Image_9,50,8250,7988,4,1030,7988,0,10,41,14,13.11111111111111,1.0791186780170254,1.349261868332688,588.278174593052,436.0,8620,1.9932038834951455,0.8221591619084496,208.8284271247462,254.0,1030,2053,1.0791186780170254,1.349261868332688,588.278174593052,436.0,7988,8620,,,0.0,0.0,0,0,88,187.5,6.0,40.0,40.0,135.28252427184466,128.0,1.0568947208737864,452.9677015523285,139.0,3.258760442822507,110.79331497245869,106.0,1.045219952570365,1.4599239952800722,2.1639622928405013,1.1094632533487347,1.049826587649333,2.661211614517554,1.4242430966795199,1.5148370416053893,2.1955749112898806
C:\Users\JackM\40xMBPCNP\40xN1N2N3N4lif\Pranlukast_0606.lif,Pranlukast_0606,9,Image 10,Pranlukast_0606_S10_Image_10,1,5050,3659,0,5050,486,3603,10,38,9,9.458333333333334,1.2448756490844493,1.290918306264331,414.38477631085027,321.0,4555,1.0356435643564357,0.9982565879832533,335.4142135623731,336.0,5050,5230,2.271604938271605,1.0024952624239343,166.4142135623731,166.0,486,1104,1.2300860394116016,1.3632145890717657,437.5918830920368,321.0,3603,4432,63,117.5,6.0,35.0,27.5,237.2390099009901,131.0,1.8109848084045046,168.02057613168725,142.0,1.1832434938851215,148.4315847904524,107.0,1.3872110728079663,1.7989294146728152,2.179657882308795,1.1301742568119753,1.067683127839098,3.0734142900611325,1.2058170694037684,1.8502477923031428,2.192729199687646
C:\Users\JackM\40xMBPCNP\40xN1N2N3N4lif\Pranlukast_0606.lif,Pranlukast_0606,9,Image 10,Pranlukast_0606_S10_Image_10,2,7589,5731,2,0,5731,0,10,18,2,16.11764705882353,1.1361019019368348,1.1342693653570175,426.4852813742386,376.0,6511,,,0.0,0.0,0,0,1.1361019019368348,1.1342693653570175,426.4852813742386,376.0,5731,6511,,,0.0,0.0,0,0,78,172.5,10.0,45.0,35.0,130.38789042051997,131.0,0.9953274077902288,340.0036642819752,142.0,2.3943920019857408,108.72448089338684,107.0,1.0161166438634284,1.7989294146728152,2.179657882308795,1.1301742568119753,1.067683127839098,3.0734142900611325,1.2058170694037684,1.8502477923031428,2.192729199687646
C:\Users\JackM\40xMBPCNP\40xN1N2N3N4lif\Pranlukast_0606.lif,Pranlukast_0606,9,Image 10,Pranlukast_0606_S10_Image_10,4,8868,5732,3,250,5732,0,24,42,12,7.595238095238095,1.3787508722958828,1.3951618888269466,583.1776695296637,418.0,7903,13.524,0.5641028556355983,155.6923881554251,276.0,250,3381,1.3787508722958828,1.3951618888269466,583.1776695296637,418.0,5732,7903,,,0.0,0.0,0,0,71,302.5,12.0,35.0,32.5,139.344,131.0,1.0636946564885497,334.4281228192603,142.0,2.3551276254877487,108.84443681318682,107.0,1.017237727226045,1.7989294146728152,2.179657882308795,1.1301742568119753,1.067683127839098,3.0734142900611325,1.2058170694037684,1.8502477923031428,2.192729199687646
C:\Users\JackM\40xMBPCNP\40xN1N2N3N4lif\Pranlukast_0606.lif,Pranlukast_0606,9,Image 10,Pranlukast_0606_S10_Image_10,5,9893,4210,1,9893,0,4210,14,74,33,8.021739130434783,1.9505938242280285,1.9214776783006309,803.1776695296637,418.0,8212,1.047002931365612,1.0043290043290043,464.0,462.0,9893,10358,,,0.0,0.0,0,0,1.9505938242280285,1.9214776783006309,803.1776695296637,418.0,4210,8212,134,197.5,5.0,75.0,65.0,183.16931163448902,131.0,1.3982390201106032,142.29465278479734,142.0,1.002075019611249,131.35344418052256,107.0,1.2276022820609584,1.7989294146728152,2.179657882308795,1.1301742568119753,1.067683127839098,3.0734142900611325,1.2058170694037684,1.8502477923031428,2.192729199687646
C:\Users\JackM\40xMBPCNP\40xN1N2N3N4lif\Pranlukast_0606.lif,Pranlukast_0606,9,Image 10,Pranlukast_0606_S10_Image_10,7,33919,11820,3,33919,3573,9919,59,137,54,7.647540983606557,2.5596446700507616,2.029977517904369,1749.840620433566,862.0,30255,1.1182523069665968,0.9953874938065231,989.6213203435597,994.2071067811866,33919,37930,3.172684019031626,1.6850935003335314,891.7634559672906,529.2071067811866,3573,11336,2.5203145478374838,1.5963469371881975,1299.4264068711927,814.0,9919,24999,261,720.0,11.0,95.0,143.37209302325581,293.2066688286801,131.0,2.238218846020459,210.95717884130983,142.0,1.4856139355021818,141.95221292469,107.0,1.3266561955578504,1.7989294146728152,2.179657882308795,1.1301742568119753,1.067683127839098,3.0734142900611325,1.2058170694037684,1.8502477923031428,2.192729199687646
C:\Users\JackM\40xMBPCNP\40xN1N2N3N4lif\Pranlukast_0606.lif,Pranlukast_0606,9,Image 10,Pranlukast_0606_S10_Image_10,9,10095,2815,1,10095,2059,1112,13,33,5,12.26086956521739,2.135701598579041,1.8830972019674717,759.278174593052,403.20710678118655,6012,1.0289252105002475,1.0,484.0,484.0,10095,10387,2.2797474502185526,1.8763385341318624,630.4497474683058,336.0,2059,4694,1.606115107913669,1.2200779043869017,267.4497474683059,219.20710678118655,1112,1786,76,242.5,7.0,45.0,35.0,208.61040118870727,131.0,1.5924458106008188,186.33705682370083,142.0,1.3122327945331045,130.0179856115108,107.0,1.2151213608552411,1.7989294146728152,2.179657882308795,1.1301742568119753,1.067683127839098,3.0734142900611325,1.2058170694037684,1.8502477923031428,2.192729199687646
C:\Users\JackM\40xMBPCNP\40xN1N2N3N4lif\Pranlukast_0606.lif,Pranlukast_0606,9,Image 10,Pranlukast_0606_S10_Image_10,11,15513,4431,3,15513,4431,0,17,33,6,9.1,2.4139020537124805,1.468986542167074,760.9350288425444,518.0,10696,1.1144846257977181,1.107758990811948,629.2071067811866,568.0,15513,17289,2.4139020537124805,1.468986542167074,760.9350288425444,518.0,4431,10696,,,0.0,0.0,0,0,111,292.5,8.0,50.0,48.05555555555556,149.33919938116418,131.0,1.1399938884058334,253.1611374407583,142.0,1.782824911554636,113.62773157996519,107.0,1.0619414166351886,1.7989294146728152,2.179657882308795,1.1301742568119753,1.067683127839098,3.0734142900611325,1.2058170694037684,1.8502477923031428,2.192729199687646
C:\Users\JackM\40xMBPCNP\40xN1N2N3N4lif\Pranlukast_0606.lif,Pranlukast_0606,9,Image 10,Pranlukast_0606_S10_Image_10,12,15811,4698,1,15811,769,3935,18,90,19,6.693548387096774,1.4225202213707961,1.4755663421135914,593.1776695296637,402.0,6683,1.0083486180507242,1.0,580.0,580.0,15811,15943,2.1157347204161248,1.1276251662055528,230.03553390593277,204.0,769,1627,1.1039390088945362,1.290859456568681,374.3492424049175,290.0,3935,4344,92,222.5,9.0,30.0,42.5,188.305799759661,131.0,1.4374488531271832,189.34720416124838,142.0,1.333431015220059,135.04421855146126,107.0,1.2620955004809462,1.7989294146728152,2.179657882308795,1.1301742568119753,1.067683127839098,3.0734142900611325,1.2058170694037684,1.8502477923031428,2.192729199687646
C:\Users\JackM\40xMBPCNP\40xN1N2N3N4lif\Pranlukast_0606.lif,Pranlukast_0606,9,Image 10,Pranlukast_0606_S10_Image_10,13,87541,47463,3,87541,280,47351,123,448,138,8.724458204334365,1.754082127130607,2.579475469128824,3836.214249456123,1487.2071067811867,83254,1.0816645914485783,1.007239733062782,1559.2071067811867,1548.0,87541,94690,82.87142857142857,0.17869968094236538,149.03553390593274,834.0,280,23204,1.7510929019450487,2.578338596918862,3777.8000358937497,1465.2071067811867,47351,82916,228,1447.5,21.0,155.0,112.5,377.6867068002422,131.0,2.8831046320629174,171.26071428571427,142.0,1.2060613682092554,153.52609237397309,107.0,1.4348232932147018,1.7989294146728152,2.179657882308795,1.1301742568119753,1.067683127839098,3.0734142900611325,1.2058170694037684,1.8502477923031428,2.192729199687646
C:\Users\JackM\40xMBPCNP\40xN1N2N3N4lif\Pranlukast_0606.lif,Pranlukast_0606,9,Image 10,Pranlukast_0606_S10_Image_10,15,6620,2521,1,6620,2494,47,9,20,6,10.368421052631579,1.8817929393097976,1.3828800776867751,495.0710678118655,358.0,4744,1.0273413897280967,0.998066114100455,409.20710678118655,410.0,6620,6801,1.7373696872493987,1.3995998853843499,475.8639610306789,340.0,2494,4333,8.25531914893617,0.2729000080473854,30.621320343559645,112.20710678118655,47,388,67,180.0,7.0,25.0,30.0,174.96465256797583,131.0,1.3356080348700445,215.2578187650361,142.0,1.5159001321481416,124.65957446808511,107.0,1.1650427520381785,1.7989294146728152,2.179657882308795,1.1301742568119753,1.067683127839098,3.0734142900611325,1.2058170694037684,1.8502477923031428,2.192729199687646
C:\Users\JackM\40xMBPCNP\40xN1N2N3N4lif\Pranlukast_0606.lif,Pranlukast_0606,9,Image 10,Pranlukast_0606_S10_Image_10,16,125675,64220,4,125675,5598,64003,185,559,136,10.60635696821516,1.991497975708502,3.460550888166418,5654.540151263927,1634.0,127894,1.060234732444798,1.046172539489672,1722.0,1646.0,125675,133245,7.480528760271525,1.1019623426861622,1198.9350288425444,1088.0,5598,41876,1.998250082027405,3.4543259353663855,5644.368578388674,1634.0,64003,127894,467,2207.5,15.0,395.0,230.0,309.80708175850407,131.0,2.364939555408428,213.67809932118612,142.0,1.5047753473322967,140.9611424464478,107.0,1.317393854639699,1.7989294146728152,2.179657882308795,1.1301742568119753,1.067683127839098,3.0734142900611325,1.2058170694037684,1.8502477923031428,2.192729199687646
C:\Users\JackM\40xMBPCNP\40xN1N2N3N4lif\Pranlukast_0606.lif,Pranlukast_0606,9,Image 10,Pranlukast_0606_S10_Image_10,17,29777,10729,1,29777,10729,0,24,50,6,16.048780487804876,2.6365924130860283,1.7028632680640932,1307.7989898732235,768.0,28288,1.0565537159552676,1.0414507772020725,804.0,772.0,29777,31461,2.6365924130860283,1.7028632680640932,1307.7989898732235,768.0,10729,28288,,,0.0,0.0,0,0,142,492.5,10.0,85.0,67.5,142.29375020989355,131.0,1.0862118336633095,305.23236089104296,142.0,2.1495236682467813,109.3177284481311,107.0,1.0216610135339357,1.7989294146728152,2.179657882308795,1.1301742568119753,1.067683127839098,3.0734142900611325,1.2058170694037684,1.8502477923031428,2.192729199687646
C:\Users\JackM\40xMBPCNP\40xN1N2N3N4lif\Pranlukast_0606.lif,Pranlukast_0606,9,Image 10,Pranlukast_0606_S10_Image_10,18,4517,3202,1,4517,618,3188,8,18,0,13.23076923076923,1.3579013116802,1.1964717723749767,387.6568542494924,324.0,4348,1.0413991587336728,0.9976541620745164,337.20710678118655,338.0,4517,4704,1.63915857605178,1.0727734206570556,165.20710678118655,154.0,618,1013,1.3638644918444165,1.184126093362631,383.6568542494924,324.0,3188,4348,72,127.5,5.0,25.0,32.5,228.72348904139915,131.0,1.7459808323770927,178.2135922330097,142.0,1.2550252974155613,137.9563989962359,107.0,1.2893121401517373,1.7989294146728152,2.179657882308795,1.1301742568119753,1.067683127839098,3.0734142900611325,1.2058170694037684,1.8502477923031428,2.192729199687646
C:\Users\JackM\40xMBPCNP\40xN1N2N3N4lif\Pranlukast_0606.lif,Pranlukast_0606,9,Image 10,Pranlukast_0606_S10_Image_10,28,18013,5601,3,18013,4263,1398,31,79,26,7.1940298507462686,2.6407784324227817,1.9667188275571066,1199.698484809835,610.0,14791,1.0368067506800644,1.0066779472717247,634.2071067811866,630.0,18013,18676,2.974196575181797,1.664656385685682,1012.4558441227157,608.2071067811866,4263,12679,1.1688125894134478,1.0567713863487393,224.03553390593274,212.0,1398,1634,149,502.5,7.0,40.0,72.5,158.54294120912675,131.0,1.2102514596116547,251.58010790523105,142.0,1.7716909007410637,130.71530758226038,107.0,1.2216383886192559,1.7989294146728152,2.179657882308795,1.1301742568119753,1.067683127839098,3.0734142900611325,1.2058170694037684,1.8502477923031428,2.192729199687646
C:\Users\JackM\40xMBPCNP\40xN1N2N3N4lif\Pranlukast_0606.lif,Pranlukast_0606,9,Image 10,Pranlukast_0606_S10_Image_10,29,7833,3248,2,7833,3237,11,13,30,9,9.12,1.5095443349753694,1.5536648618154132,526.6923881554251,339.0,4903,1.0924294650836206,1.0406874148653578,445.4142135623731,428.0,7833,8557,1.3880135928328698,1.686506757555116,516.0710678118655,306.0,3237,4493,1.3636363636363635,1.4737287327677129,10.621320343559642,7.207106781186548,11,15,84,172.5,9.0,30.0,38.57142857142857,159.12983531214095,131.0,1.2147315672682515,227.06333024405313,142.0,1.5990375369299517,121.72727272727273,107.0,1.1376380628717078,1.7989294146728152,2.179657882308795,1.1301742568119753,1.067683127839098,3.0734142900611325,1.2058170694037684,1.8502477923031428,2.192729199687646
C:\Users\JackM\40xMBPCNP\40xN1N2N3N4lif\Pranlukast_0606.lif,Pranlukast_0606,9,Image 10,Pranlukast_0606_S10_Image_10,32,9765,3301,1,9765,3271,77,14,34,3,8.818181818181818,2.267191760072705,1.6076870724078038,694.5208152801713,432.0,7484,1.0482334869431644,1.0,478.0,478.0,9765,10236,2.287985325588505,1.56354108210256,675.4497474683059,432.0,3271,7484,6.675324675324675,0.4480143571343257,53.31370849898476,119.0,77,514,89,255.0,7.0,30.0,42.5,148.0957501280082,131.0,1.1305019093741084,209.0388260470804,142.0,1.4721044087822563,126.98701298701299,107.0,1.1867945138973177,1.7989294146728152,2.179657882308795,1.1301742568119753,1.067683127839098,3.0734142900611325,1.2058170694037684,1.8502477923031428,2.192729199687646
C:\Users\JackM\40xMBPCNP\40xN1N2N3N4lif\Pranlukast_0606.lif,Pranlukast_0606,9,Image 10,Pranlukast_0606_S10_Image_10,33,10109,6493,1,9360,6379,2553,8,18,2,14.692307692307692,1.1167411058062529,1.1494298575620263,475.8639610306789,414.0,7251,1.0876068376068375,1.5016174914561242,708.7634559672906,472.0,9360,10180,1.1360714845587083,1.1789156227339745,488.0710678118655,414.0,6379,7247,1.3129651390520956,1.4325890193997728,411.4497474683059,287.20710678118655,2553,3352,82,132.5,4.0,50.0,37.5,165.03728632478632,131.0,1.2598266131663078,459.54773475466374,142.0,3.2362516532018573,133.82608695652175,107.0,1.2507110930516052,1.7989294146728152,2.179657882308795,1.1301742568119753,1.067683127839098,3.0734142900611325,1.2058170694037684,1.8502477923031428,2.192729199687646
C:\Users\JackM\40xMBPCNP\40xN1N2N3N4lif\Pranlukast_0606.lif,Pranlukast_0606,9,Image 10,Pranlukast_0606_S10_Image_10,34,49367,25277,2,49367,8278,24436,75,231,66,10.69832402234637,1.9956877794042014,3.2503770365517655,3347.8883476483184,1030.0,50445,1.058844977414062,1.0588529872896026,1101.2071067811867,1040.0,49367,52272,4.347306112587582,1.6162514858877797,1467.556349186104,908.0,8278,35987,2.055696513340972,3.051715560490057,3143.267027304759,1030.0,24436,50233,266,1097.5,8.0,65.0,130.0,215.98389612494177,131.0,1.648732031488105,271.7043971973907,142.0,1.9134112478689485,140.79296938942545,107.0,1.3158221438264062,1.7989294146728152,2.179657882308795,1.1301742568119753,1.067683127839098,3.0734142900611325,1.2058170694037684,1.8502477923031428,2.192729199687646
C:\Users\JackM\40xMBPCNP\40xN1N2N3N4lif\Pranlukast_0606.lif,Pranlukast_0606,9,Image 10,Pranlukast_0606_S10_Image_10,35,39249,24416,1,39249,11399,23757,38,145,36,12.00909090909091,2.3292922673656618,1.6336587977505352,2091.083261120685,1280.0,56872,1.511248694234248,1.0180109335095178,1323.414213562373,1300.0,39249,59315,3.2830072813404683,1.2519584277962894,1314.556349186104,1050.0,11399,37423,2.359893926000758,1.5815813251792865,1999.118795026618,1264.0,23757,56064,352,702.5,5.0,200.0,172.5,257.0820403067594,131.0,1.9624583229523618,323.28906044389856,142.0,2.2766835242528067,156.74967378035947,107.0,1.4649502222463502,1.7989294146728152,2.179657882308795,1.1301742568119753,1.067683127839098,3.0734142900611325,1.2058170694037684,1.8502477923031428,2.192729199687646
C:\Users\JackM\40xMBPCNP\40xN1N2N3N4lif\Pranlukast_0606.lif,Pranlukast_0606,9,Image 10,Pranlukast_0606_S10_Image_10,36,10995,2544,3,10995,0,2544,31,50,28,5.468085106382978,1.943003144654088,1.6046504443291485,560.3553390593274,349.20710678118655,4943,1.0171896316507503,1.0,484.0,484.0,10995,11184,,,0.0,0.0,0,0,1.943003144654088,1.6046504443291485,560.3553390593274,349.20710678118655,2544,4943,114,227.5,5.0,10.0,56.5,310.10322874033653,131.0,2.367200219391882,156.12887676216462,142.0,1.09949913212792,132.4626572327044,107.0,1.2379687591841533,1.7989294146728152,2.179657882308795,1.1301742568119753,1.067683127839098,3.0734142900611325,1.2058170694037684,1.8502477923031428,2.192729199687646
C:\Users\JackM\40xMBPCNP\40xN1N2N3N4lif\Pranlukast_0606.lif,Pranlukast_0606,9,Image 10,Pranlukast_0606_S10_Image_10,37,13164,8181,3,13164,5417,3146,21,57,8,8.787234042553191,1.3487348734873488,1.4192148239036944,715.2842712474619,504.0,11034,1.0118505013673655,1.0,538.0,538.0,13164,13320,1.360716263614547,1.1910009421248182,490.6923881554251,412.0,5417,7371,1.0991735537190082,1.338367532368147,334.59188309203677,250.0,3146,3458,96,247.5,8.0,50.0,45.0,174.07414159829838,131.0,1.3288102412083846,333.98467786597746,142.0,2.3520047737040666,135.64208518753972,107.0,1.2676830391358853,1.7989294146728152,2.179657882308795,1.1301742568119753,1.067683127839098,3.0734142900611325,1.2058170694037684,1.8502477923031428,2.192729199687646
C:\Users\JackM\40xMBPCNP\40xN1N2N3N4lif\Pranlukast_0606.lif,Pranlukast_0606,9,Image 10,Pranlukast_0606_S10_Image_10,38,4925,3821,1,4925,3821,0,6,22,4,10.6875,1.1036377911541482,1.1589266726940288,352.31370849898474,304.0,4217,1.0144162436548223,1.0,318.0,318.0,4925,4996,1.1036377911541482,1.1589266726940288,352.31370849898474,304.0,3821,4217,,,0.0,0.0,0,0,56,157.5,9.0,35.0,25.0,157.32852791878173,131.0,1.2009811291510055,346.3797435226381,142.0,2.4392939684692823,114.30192893401015,107.0,1.068242326486076,1.7989294146728152,2.179657882308795,1.1301742568119753,1.067683127839098,3.0734142900611325,1.2058170694037684,1.8502477923031428,2.192729199687646
C:\Users\JackM\40xMBPCNP\40xN1N2N3N4lif\Pranlukast_0606.lif,Pranlukast_0606,9,Image 10,Pranlukast_0606_S10_Image_10,39,81743,74500,8,81743,2443,74437,61,313,75,13.771428571428572,1.2134899328859061,1.4959222751584977,2166.0954544295046,1448.0,90405,1.1139302447916029,1.0726270780177622,1566.0355339059329,1460.0,81743,91056,20.699549733933686,0.6700398023765431,806.727922061358,1204.0,2443,50569,1.214087080349826,1.4898743750805419,2157.3380951166246,1448.0,74437,90373,239,837.5,14.0,155.0,117.5,628.5037006226833,131.0,4.797738172692239,204.14203847728203,142.0,1.437619989276634,157.07069065115468,107.0,1.4679503799173335,1.7989294146728152,2.179657882308795,1.1301742568119753,1.067683127839098,3.0734142900611325,1.2058170694037684,1.8502477923031428,2.192729199687646
C:\Users\JackM\40xMBPCNP\40xN1N2N3N4lif\Pranlukast_0606.lif,Pranlukast_0606,9,Image 10,Pranlukast_0606_S10_Image_10,40,20649,8554,2,20649,205,8545,61,127,31,6.747747747747748,1.9390928220715455,2.386253368065121,1474.7045814642447,618.0,16587,1.0112838394111094,1.0029940119760479,670.0,668.0,20649,20882,5.2926829268292686,0.36932941570695854,84.20710678118655,228.0,205,1085,1.9346986541837332,2.387871491042467,1475.7045814642447,618.0,8545,16532,192,612.5,9.0,30.0,97.20588235294117,155.5095161993317,131.0,1.1870955435063488,179.09268292682927,142.0,1.261216076949502,134.0825043885313,107.0,1.2531075176498252,1.7989294146728152,2.179657882308795,1.1301742568119753,1.067683127839098,3.0734142900611325,1.2058170694037684,1.8502477923031428,2.192729199687646
C:\Users\JackM\40xMBPCNP\40xN1N2N3N4lif\Pranlukast_0606.lif,Pranlukast_0606,9,Image 10,Pranlukast_0606_S10_Image_10,42,4100,2450,1,4100,2442,8,10,12,1,10.692307692307692,1.3289795918367346,1.334977037945925,336.4142135623731,252.0,3256,1.0153658536585366,1.0,286.0,286.0,4100,4163,1.285012285012285,1.3512772909039557,332.4142135623731,246.0,2442,3138,2.625,0.26303491239691923,4.0,15.207106781186548,8,21,49,97.5,8.0,30.0,22.5,154.36439024390245,131.0,1.1783541239992554,243.50696150696152,142.0,1.7148377570912783,131.5,107.0,1.2289719626168225,1.7989294146728152,2.179657882308795,1.1301742568119753,1.067683127839098,3.0734142900611325,1.2058170694037684,1.8502477923031428,2.192729199687646
C:\Users\JackM\40xMBPCNP\40xN1N2N3N4lif\Pranlukast_0606.lif,Pranlukast_0606,9,Image 10,Pranlukast_0606_S10_Image_10,43,7158,3920,1,6526,3674,246,14,38,6,8.814814814814815,1.4471938775510205,1.413236597314852,520.0710678118655,368.0,5673,1.1068035550107262,1.547968261260436,609.8994949366117,394.0,6526,7223,1.1970604246053347,1.3495245173047654,426.4497474683059,316.0,3674,4398,1.4065040650406504,0.9752220869120797,93.62132034355965,96.0,246,346,92,157.5,6.0,80.0,42.5,141.19414649095924,131.0,1.077817912144727,369.424605334785,142.0,2.6015817277097533,124.1219512195122,107.0,1.1600182356963757,1.7989294146728152,2.179657882308795,1.1301742568119753,1.067683127839098,3.0734142900611325,1.2058170694037684,1.8502477923031428,2.192729199687646
C:\Users\JackM\40xMBPCNP\40xN1N2N3N4lif\Pranlukast_0606.lif,Pranlukast_0606,9,Image 10,Pranlukast_0606_S10_Image_10,44,74202,36313,8,74202,9681,30403,145,451,118,8.33527696793003,2.215046952881888,3.746102596198795,5094.699530830361,1360.0,80435,1.128837497641573,1.1098981077147017,1525.0,1374.0,74202,83762,3.696518954653445,1.8205110655090189,1718.5624458405139,944.0,9681,35786,2.6456270762753675,3.5050784100084913,4766.906637611548,1360.0,30403,80435,326,1787.5,19.0,190.0,162.01612903225808,272.39234791515054,131.0,2.079330900115653,234.85817580828427,142.0,1.6539308155512977,140.52797421307108,107.0,1.3133455533931877,1.7989294146728152,2.179657882308795,1.1301742568119753,1.067683127839098,3.0734142900611325,1.2058170694037684,1.8502477923031428,2.192729199687646
C:\Users\JackM\40xMBPCNP\40xN1N2N3N4lif\Pranlukast_0606.lif,Pranlukast_0606,9,Image 10,Pranlukast_0606_S10_Image_10,45,6105,2653,2,6062,2303,742,17,47,17,5.3076923076923075,1.810403316999623,1.5568556998188903,544.8994949366116,350.0,4803,1.0884196634774002,1.219387755102041,478.0,392.0,6062,6598,1.8597481545809813,1.44208638996854,481.6568542494924,334.0,2303,4283,3.6630727762803232,0.7008429533122789,231.27817459305203,330.0,742,2718,118,197.5,5.0,15.0,53.0,165.14054767403496,131.0,1.260614867740725,206.4950065132436,142.0,1.4541901867129832,126.64016172506739,107.0,1.1835529133183869,1.7989294146728152,2.179657882308795,1.1301742568119753,1.067683127839098,3.0734142900611325,1.2058170694037684,1.8502477923031428,2.192729199687646
C:\Users\JackM\40xMBPCNP\40xN1N2N3N4lif\Pranlukast_0606.lif,Pranlukast_0606,9,Image 10,Pranlukast_0606_S10_Image_10,46,17577,7142,2,17577,2382,5023,32,72,12,11.018867924528301,2.32861943433212,2.4071881578866394,1468.3847763108502,610.0,16631,1.118905387722592,1.022064640122776,704.4142135623731,689.2071067811866,17577,19667,2.2468513853904284,1.170955873924761,442.62132034355966,378.0,2382,5352,3.1937089388811466,1.9478322451305958,1188.1776695296635,610.0,5023,16042,110,522.5,9.0,45.0,52.5,220.64231666382204,131.0,1.684292493616962,227.4521410579345,142.0,1.60177564125306,130.8926936093968,107.0,1.2232962019569793,1.7989294146728152,2.179657882308795,1.1301742568119753,1.067683127839098,3.0734142900611325,1.2058170694037684,1.8502477923031428,2.192729199687646
C:\Users\JackM\40xMBPCNP\40xN1N2N3N4lif\Pranlukast_0606.lif,Pranlukast_0606,9,Image 10,Pranlukast_0606_S10_Image_10,47,13294,4215,1,11582,4202,16,10,32,7,12.875,2.476393831553974,1.4019563966843624,787.8994949366117,562.0,10438,1.3336211362458987,1.2944674892041406,820.6923881554251,634.0,11582,15446,2.1420752022846266,1.481842140027173,776.4852813742386,524.0,4202,9001,137.625,0.035535809209823244,12.82842712474619,361.0,16,2202,161,277.5,6.0,10.0,77.5,149.23847349335176,131.0,1.1392249884988683,223.5906711089957,142.0,1.5745821909084206,129.5625,107.0,1.2108644859813085,1.7989294146728152,2.179657882308795,1.1301742568119753,1.067683127839098,3.0734142900611325,1.2058170694037684,1.8502477923031428,2.192729199687646
C:\Users\JackM\40xMBPCNP\40xN1N2N3N4lif\Pranlukast_0606.lif,Pranlukast_0606,9,Image 10,Pranlukast_0606_S10_Image_10,48,17384,7385,4,17384,6716,828,18,34,5,12.518518518518519,1.6705484089370346,1.3583624347085934,730.7989898732233,538.0,12337,1.0083985273815002,1.0,592.0,592.0,17384,17530,1.3683740321620013,1.2656036294123125,582.1776695296637,460.0,6716,9190,6.472222222222222,0.4466571237306255,209.03553390593274,468.0,828,5359,176,287.5,4.0,15.0,85.0,174.55505062126093,131.0,1.3324813024523736,313.1853782013103,142.0,2.2055308324035936,131.22946859903382,107.0,1.2264436317666711,1.7989294146728152,2.179657882308795,1.1301742568119753,1.067683127839098,3.0734142900611325,1.2058170694037684,1.8502477923031428,2.192729199687646
C:\Users\JackM\40xMBPCNP\40xN1N2N3N4lif\Pranlukast_0606.lif,Pranlukast_0606,9,Image 10,Pranlukast_0606_S10_Image_10,49,52755,32967,4,52755,6558,30735,65,308,85,10.042654028436019,2.051718385051718,2.4992467854555183,3531.953318805774,1413.2071067811867,67639,1.3924936025021326,1.0187710165094583,1480.4852813742386,1453.2071067811867,52755,73461,4.612839280268375,0.9332512788685874,931.3847763108502,998.0,6558,30251,2.155945989913779,2.558487381187926,3605.4386001800126,1409.2071067811867,30735,66263,344,1095.0,14.0,175.0,179.68253968253967,432.4394654535115,131.0,3.3010646217825306,259.44327538883806,142.0,1.8270653196397046,145.28163331706523,107.0,1.3577722739912639,1.7989294146728152,2.179657882308795,1.1301742568119753,1.067683127839098,3.0734142900611325,1.2058170694037684,1.8502477923031428,2.192729199687646
C:\Users\JackM\40xMBPCNP\40xN1N2N3N4lif\Pranlukast_0606.lif,Pranlukast_0606,9,Image 10,Pranlukast_0606_S10_Image_10,52,51754,28473,3,51754,443,28125,112,297,66,9.270386266094421,2.386014821058547,3.1710243772845392,4020.8589103967956,1268.0,67937,1.363005758009043,1.1274746194299279,1461.2071067811867,1296.0,51754,70541,11.311512415349886,0.26511107213985846,177.4142135623731,669.2071067811866,443,5011,2.381902222222222,3.0796673857794596,3898.8589103967956,1266.0,28125,66991,370,1555.0,13.0,270.0,182.5,374.235711249372,131.0,2.856761154575359,240.36343115124154,142.0,1.6927002193749405,140.92302222222222,107.0,1.3170375908618899,1.7989294146728152,2.179657882308795,1.1301742568119753,1.067683127839098,3.0734142900611325,1.2058170694037684,1.8502477923031428,2.192729199687646
C:\Users\JackM\40xMBPCNP\40xN1N2N3N4lif\Pranlukast_0606.lif,Pranlukast_0606,9,Image 10,Pranlukast_0606_S10_Image_10,53,14346,10044,1,14346,0,10044,21,97,29,8.786666666666667,1.4898446833930705,1.7533404449454273,1057.6274169979695,603.2071067811866,14964,1.1013522933221804,1.0594501953629216,652.6213203435597,616.0,14346,15800,,,0.0,0.0,0,0,1.4898446833930705,1.7533404449454273,1057.6274169979695,603.2071067811866,10044,14964,114,332.5,14.0,50.0,55.0,346.8151401087411,131.0,2.647443817623978,148.1051861145964,142.0,1.0429942684126507,142.91865790521703,107.0,1.3356883916375424,1.7989294146728152,2.179657882308795,1.1301742568119753,1.067683127839098,3.0734142900611325,1.2058170694037684,1.8502477923031428,2.192729199687646
C:\Users\JackM\40xMBPCNP\40xN1N2N3N4lif\Pranlukast_0606.lif,Pranlukast_0606,9,Image 10,Pranlukast_0606_S10_Image_10,55,45555,34687,7,45555,576,34687,75,273,66,8.708333333333334,1.3507365871940495,2.1150834142148165,2280.059920523572,1078.0,46853,1.1013280649764021,1.066124271817012,1151.414213562373,1080.0,45555,50171,3.826388888888889,0.7660519518774808,288.03553390593277,376.0,576,2204,1.3507365871940495,2.1150834142148165,2280.059920523572,1078.0,34687,46853,189,797.5,18.0,90.0,92.5,340.3189990121831,131.0,2.597854954291474,187.13020833333334,142.0,1.317818368544601,142.31637212788652,107.0,1.3300595525970704,1.7989294146728152,2.179657882308795,1.1301742568119753,1.067683127839098,3.0734142900611325,1.2058170694037684,1.8502477923031428,2.192729199687646
C:\Users\JackM\40xMBPCNP\40xN1N2N3N4lif\Pranlukast_0606.lif,Pranlukast_0606,9,Image 10,Pranlukast_0606_S10_Image_10,56,62877,40598,3,62864,152,40553,99,491,133,8.54858934169279,1.5842898664958864,3.4551503704489424,4160.001046020527,1204.0,64319,1.0586822346653093,1.0425918484682835,1263.6213203435595,1212.0,62864,66553,14.177631578947368,0.27207106781186546,81.62132034355963,300.0,152,2155,1.5845190244864744,3.447675287392464,4151.001046020527,1204.0,40553,64257,222,1307.5,22.0,120.0,107.5,227.27904683125476,131.0,1.734954555963777,168.4671052631579,142.0,1.1863880652335064,144.63400981431707,107.0,1.3517197178908138,1.7989294146728152,2.179657882308795,1.1301742568119753,1.067683127839098,3.0734142900611325,1.2058170694037684,1.8502477923031428,2.192729199687646
C:\Users\JackM\40xMBPCNP\40xN1N2N3N4lif\Pranlukast_0606.lif,Pranlukast_0606,9,Image 10,Pranlukast_0606_S10_Image_10,57,5069,4604,0,5038,4495,604,7,21,6,12.235294117647058,1.1007819287576022,1.4262193810158985,459.2426406871193,322.0,5068,1.019650655021834,1.0218494841799155,329.03553390593277,322.0,5038,5137,1.1107897664071191,1.3641075797736624,439.24264068711926,322.0,4495,4993,1.3609271523178808,1.0660232493811364,162.03553390593274,152.0,604,822,60,187.5,16.0,40.0,27.5,180.6810242159587,131.0,1.379244459663807,321.9523915461624,142.0,2.2672703630011437,129.99503311258277,107.0,1.2149068515194652,1.7989294146728152,2.179657882308795,1.1301742568119753,1.067683127839098,3.0734142900611325,1.2058170694037684,1.8502477923031428,2.192729199687646
C:\Users\JackM\40xMBPCNP\40xN1N2N3N4lif\Pranlukast_0606.lif,Pranlukast_0606,9,Image 10,Pranlukast_0606_S10_Image_10,59,17316,11929,2,16748,7760,7996,21,60,10,12.543478260869565,1.5433816749098834,1.7589670397416546,1087.0416305603426,618.0,18411,1.1250298543109625,1.531529581511713,946.4852813742386,618.0,16748,18842,1.889561855670103,1.453374503489139,845.8639610306789,582.0,7760,14663,1.917208604302151,1.4361712956326644,870.3198051533947,606.0,7996,15330,177,397.5,9.0,145.0,85.0,167.6261046095056,131.0,1.2795885848053863,280.3270618556701,142.0,1.9741342384202119,138.548024012006,107.0,1.2948413459065982,1.7989294146728152,2.179657882308795,1.1301742568119753,1.067683127839098,3.0734142900611325,1.2058170694037684,1.8502477923031428,2.192729199687646
C:\Users\JackM\40xMBPCNP\40xN1N2N3N4lif\Pranlukast_0606.lif,Pranlukast_0606,9,Image 10,Pranlukast_0606_S10_Image_10,60,42652,22048,6,42652,2007,22048,67,186,43,8.507352941176471,1.7322206095791002,1.7424953226860538,1704.1604255869606,978.0,38192,1.1046609772109162,1.0593092119972738,1093.2071067811867,1032.0,42652,47116,1.4265072247135027,1.3756224374979857,346.6568542494924,252.0,2007,2863,1.7322206095791002,1.7424953226860538,1704.1604255869606,978.0,22048,38192,240,717.5,15.0,165.0,117.5,382.0189205664447,131.0,2.9161749661560665,219.16542102640759,142.0,1.5434184579324477,148.8711901306241,107.0,1.3913195339310662,1.7989294146728152,2.179657882308795,1.1301742568119753,1.067683127839098,3.0734142900611325,1.2058170694037684,1.8502477923031428,2.192729199687646
C:\Users\JackM\40xMBPCNP\40xN1N2N3N4lif\Pranlukast_0606.lif,Pranlukast_0606,10,Image 11,Pranlukast_0606_S11_Image_11,1,15153,8056,1,2421,8056,0,22,43,11,9.19047619047619,1.4121151936444887,1.5285697762375516,800.970562748477,524.0,11376,1.52333746385791,1.1817152543653047,337.97056274847716,286.0,2421,3688,1.4121151936444887,1.5285697762375516,800.970562748477,524.0,8056,11376,,,0.0,0.0,0,0,85,292.5,9.0,30.0,40.0,141.20115654688146,127.0,1.1118201302904052,341.71189175769615,143.0,2.3895936486552176,110.61615785554729,108.0,1.0242236838476602,1.5666995287002026,2.0297463571808185,1.1114747726423322,1.2035928343862505,3.1401767995670213,1.1988498583248144,1.524934067037169,2.075283896338477
C:\Users\JackM\40xMBPCNP\40xN1N2N3N4lif\Pranlukast_0606.lif,Pranlukast_0606,10,Image 11,Pranlukast_0606_S11_Image_11,2,8455,2560,1,3735,2560,0,9,23,4,8.833333333333334,1.2859375,1.2078609758009684,347.8639610306789,288.0,3292,1.2447121820615796,1.0542244868893647,379.5208152801713,360.0,3735,4649,1.2859375,1.2078609758009684,347.8639610306789,288.0,2560,3292,,,0.0,0.0,0,0,62,117.5,5.0,25.0,27.5,152.40187416331995,127.0,1.2000147571914956,243.98203125,143.0,1.7061680506993007,112.77098445595855,108.0,1.0441757819996162,1.5666995287002026,2.0297463571808185,1.1114747726423322,1.2035928343862505,3.1401767995670213,1.1988498583248144,1.524934067037169,2.075283896338477
C:\Users\JackM\40xMBPCNP\40xN1N2N3N4lif\Pranlukast_0606.lif,Pranlukast_0606,10,Image 11,Pranlukast_0606_S11_Image_11,3,12735,7051,2,0,7051,0,12,71,16,8.866666666666667,1.2552829385902708,1.3579090067219046,605.6274169979695,446.0,8851,,,0.0,0.0,0,0,1.2552829385902708,1.3579090067219046,605.6274169979695,446.0,7051,8851,,,0.0,0.0,0,0,84,252.5,15.0,50.0,40.0,129.652957027372,127.0,1.020889425412378,426.42419514962415,143.0,2.9819873786687006,113.08722167068501,108.0,1.0471039043581944,1.5666995287002026,2.0297463571808185,1.1114747726423322,1.2035928343862505,3.1401767995670213,1.1988498583248144,1.524934067037169,2.075283896338477
C:\Users\JackM\40xMBPCNP\40xN1N2N3N4lif\Pranlukast_0606.lif,Pranlukast_0606,10,Image 11,Pranlukast_0606_S11_Image_11,5,8847,3136,1,8178,3136,0,10,26,4,9.863636363636363,1.7576530612244898,1.5167653719609244,546.0355339059328,360.0,5512,1.0877965272682808,1.634295984229661,725.6274169979695,444.0,8178,8896,1.7576530612244898,1.5167653719609244,546.0355339059328,360.0,3136,5512,,,0.0,0.0,0,0,65,172.5,7.0,35.0,30.0,153.4778674492541,127.0,1.2084871452697172,236.29049744897958,143.0,1.6523811010418152,111.19256632840201,108.0,1.0295607993370557,1.5666995287002026,2.0297463571808185,1.1114747726423322,1.2035928343862505,3.1401767995670213,1.1988498583248144,1.524934067037169,2.075283896338477
C:\Users\JackM\40xMBPCNP\40xN1N2N3N4lif\Pranlukast_0606.lif,Pranlukast_0606,10,Image 11,Pranlukast_0606_S11_Image_11,6,22831,5370,2,1644,5370,0,17,33,3,13.10344827586207,3.0517690875232772,1.4452973767237576,968.3492424049175,670.0,16388,1.3771289537712896,1.1180242410846635,316.8639610306789,283.4142135623731,1644,2264,3.0517690875232772,1.4452973767237576,968.3492424049175,670.0,5370,16388,,,0.0,0.0,0,0,123,382.5,9.0,75.0,57.5,138.6119221411192,127.0,1.0914324578040882,239.70316573556798,143.0,1.676245914234741,110.80285630153121,108.0,1.025952373162326,1.5666995287002026,2.0297463571808185,1.1114747726423322,1.2035928343862505,3.1401767995670213,1.1988498583248144,1.524934067037169,2.075283896338477
C:\Users\JackM\40xMBPCNP\40xN1N2N3N4lif\Pranlukast_0606.lif,Pranlukast_0606,10,Image 11,Pranlukast_0606_S11_Image_11,7,7798,2406,1,2160,2406,0,8,6,4,15.333333333333334,1.4189526184538654,1.2853167922441955,347.03553390593277,270.0,3414,1.1708333333333334,1.031103310226718,241.27817459305203,234.0,2160,2529,1.4189526184538654,1.2853167922441955,347.03553390593277,270.0,2406,3414,,,0.0,0.0,0,0,55,97.5,5.0,30.0,25.0,142.49675925925925,127.0,1.1220217264508603,267.8815461346633,143.0,1.873297525417226,115.83465758607643,108.0,1.072543125797004,1.5666995287002026,2.0297463571808185,1.1114747726423322,1.2035928343862505,3.1401767995670213,1.1988498583248144,1.524934067037169,2.075283896338477
C:\Users\JackM\40xMBPCNP\40xN1N2N3N4lif\Pranlukast_0606.lif,Pranlukast_0606,10,Image 11,Pranlukast_0606_S11_Image_11,8,10331,4706,1,6366,4706,1,5,13,1,17.9,1.1221844453888652,1.2413844068166437,409.6568542494924,330.0,5281,1.2043669494187874,1.7064593401067265,645.0416305603426,378.0,6366,7667,1.1221844453888652,1.2413844068166437,409.6568542494924,330.0,4706,5281,1.0,,0.0,0.0,1,1,63,172.5,9.0,35.0,27.5,140.4630851398052,127.0,1.106008544407915,319.3523161920952,143.0,2.2332329803643023,141.0,108.0,1.3055555555555556,1.5666995287002026,2.0297463571808185,1.1114747726423322,1.2035928343862505,3.1401767995670213,1.1988498583248144,1.524934067037169,2.075283896338477
C:\Users\JackM\40xMBPCNP\40xN1N2N3N4lif\Pranlukast_0606.lif,Pranlukast_0606,10,Image 11,Pranlukast_0606_S11_Image_11,9,15694,7068,2,247,7068,0,26,72,24,9.254901960784315,1.7620260328239954,1.376128424284085,712.834523779156,518.0,12454,3.3846153846153846,0.7392867665453948,120.65685424949238,163.20710678118655,247,836,1.7620260328239954,1.376128424284085,712.834523779156,518.0,7068,12454,,,0.0,0.0,0,0,180,255.0,7.0,100.0,94.03225806451613,136.80566801619435,127.0,1.0772099843794831,446.7839558573854,143.0,3.124363327674024,110.72113752122242,108.0,1.0251957177890965,1.5666995287002026,2.0297463571808185,1.1114747726423322,1.2035928343862505,3.1401767995670213,1.1988498583248144,1.524934067037169,2.075283896338477
C:\Users\JackM\40xMBPCNP\40xN1N2N3N4lif\Pranlukast_0606.lif,Pranlukast_0606,10,Image 11,Pranlukast_0606_S11_Image_11,10,34731,21512,2,25904,5524,20668,29,197,50,9.330434782608696,1.3870862774265527,1.9230472545386637,1507.6690475583123,784.0,29839,1.2354848672019765,2.1838860449301105,1795.1543289325507,822.0,25904,32004,2.818609703113686,1.2226014894591526,736.0060966544098,602.0,5524,15570,1.3680568995548674,2.0148646992334465,1507.118795026618,748.0,20668,28275,220,450.0,7.0,140.0,109.8780487804878,140.33276714021,127.0,1.1049824184268504,276.00905141202026,143.0,1.9301332266574842,146.2781110896071,108.0,1.3544269545333991,1.5666995287002026,2.0297463571808185,1.1114747726423322,1.2035928343862505,3.1401767995670213,1.1988498583248144,1.524934067037169,2.075283896338477
C:\Users\JackM\40xMBPCNP\40xN1N2N3N4lif\Pranlukast_0606.lif,Pranlukast_0606,10,Image 11,Pranlukast_0606_S11_Image_11,13,59791,37397,2,59791,81,37392,76,367,84,9.943775100401606,1.5368879856672994,2.5886610838044017,3158.1665222413703,1220.0,57475,1.1232292485491127,1.034858808028574,1330.8284271247462,1286.0,59791,67159,12.580246913580247,0.13388962900420207,46.621320343559645,348.20710678118655,81,1019,1.5370934959349594,2.58965051559226,3159.373629022557,1220.0,37392,57475,195,1047.5,17.0,100.0,95.0,288.7505477412989,127.0,2.273626360167708,170.7530864197531,143.0,1.1940775274108608,140.78482028241336,108.0,1.3035631507630867,1.5666995287002026,2.0297463571808185,1.1114747726423322,1.2035928343862505,3.1401767995670213,1.1988498583248144,1.524934067037169,2.075283896338477
C:\Users\JackM\40xMBPCNP\40xN1N2N3N4lif\Pranlukast_0606.lif,Pranlukast_0606,10,Image 11,Pranlukast_0606_S11_Image_11,14,13570,3169,1,359,3056,163,33,52,26,6.125,2.9769643420637424,1.5927242069559882,869.6274169979695,546.0,9434,1.9972144846796658,0.8236498473298244,100.48528137423857,122.0,359,717,3.087041884816754,1.5226176600822665,831.3492424049175,546.0,3056,9434,1.5460122699386503,0.9593203862759094,69.07106781186548,72.0,163,252,112,377.5,8.0,25.0,52.5,138.33983286908077,127.0,1.0892900225911872,216.08376963350784,143.0,1.5110753121224325,129.57668711656441,108.0,1.199784139968189,1.5666995287002026,2.0297463571808185,1.1114747726423322,1.2035928343862505,3.1401767995670213,1.1988498583248144,1.524934067037169,2.075283896338477
C:\Users\JackM\40xMBPCNP\40xN1N2N3N4lif\Pranlukast_0606.lif,Pranlukast_0606,10,Image 11,Pranlukast_0606_S11_Image_11,15,16497,5436,1,16492,5431,5,18,29,10,10.653846153846153,2.250551876379691,1.1052596721820471,642.3847763108503,581.2071067811866,12234,1.0406257579432452,1.0243322746784418,657.6213203435597,642.0,16492,17162,2.08801325722703,1.161178555703763,640.9705627484772,552.0,5431,11340,46.8,0.007926574537620513,1.4142135623730951,178.4142135623731,5,234,153,287.5,7.0,110.0,74.25925925925925,154.90031530439,127.0,1.219687522081811,373.1204198121893,143.0,2.609233704980345,133.6,108.0,1.237037037037037,1.5666995287002026,2.0297463571808185,1.1114747726423322,1.2035928343862505,3.1401767995670213,1.1988498583248144,1.524934067037169,2.075283896338477
C:\Users\JackM\40xMBPCNP\40xN1N2N3N4lif\Pranlukast_0606.lif,Pranlukast_0606,10,Image 11,Pranlukast_0606_S11_Image_11,16,21604,6292,1,10744,6292,0,29,57,6,12.428571428571429,3.0700890019071836,2.255565582107235,1574.3847763108502,698.0,19317,1.6490134028294863,3.592170935351152,2155.3025612106912,600.0,10744,17717,3.0700890019071836,2.255565582107235,1574.3847763108502,698.0,6292,19317,,,0.0,0.0,0,0,137,587.5,11.0,45.0,65.0,137.55807892777364,127.0,1.083134479746249,225.55133502860775,143.0,1.5772820631371172,111.4276005869179,108.0,1.031737042471462,1.5666995287002026,2.0297463571808185,1.1114747726423322,1.2035928343862505,3.1401767995670213,1.1988498583248144,1.524934067037169,2.075283896338477
C:\Users\JackM\40xMBPCNP\40xN1N2N3N4lif\Pranlukast_0606.lif,Pranlukast_0606,10,Image 11,Pranlukast_0606_S11_Image_11,17,13463,4109,1,13463,2318,2845,23,35,8,9.714285714285714,2.8018982720856656,1.2777058919376731,697.6274169979695,546.0,11513,1.0246601797519126,1.0003765577839756,550.2071067811866,550.0,13463,13795,1.3628127696289905,1.2115491285442994,341.6568542494924,282.0,2318,3159,4.026362038664323,1.1396497020907128,622.2487373415292,546.0,2845,11455,172,240.0,6.0,60.0,102.29166666666667,220.47909084156578,127.0,1.7360558333981557,245.7683347713546,143.0,1.7186596837157664,131.54235500878735,108.0,1.2179847685998828,1.5666995287002026,2.0297463571808185,1.1114747726423322,1.2035928343862505,3.1401767995670213,1.1988498583248144,1.524934067037169,2.075283896338477
C:\Users\JackM\40xMBPCNP\40xN1N2N3N4lif\Pranlukast_0606.lif,Pranlukast_0606,10,Image 11,Pranlukast_0606_S11_Image_11,18,11925,3197,2,10136,3197,2,17,27,5,9.92,1.8642477322489834,1.3034135503038038,491.65685424949237,377.20710678118655,5960,1.135063141278611,1.5101031074333262,779.2132034355964,516.0,10136,11505,1.8642477322489834,1.3034135503038038,491.65685424949237,377.20710678118655,3197,5960,1.0,,0.0,0.0,2,2,76,177.5,9.0,35.0,33.75,140.508681925809,127.0,1.1063675742189685,251.28870816390366,143.0,1.7572636934538717,129.5,108.0,1.1990740740740742,1.5666995287002026,2.0297463571808185,1.1114747726423322,1.2035928343862505,3.1401767995670213,1.1988498583248144,1.524934067037169,2.075283896338477
C:\Users\JackM\40xMBPCNP\40xN1N2N3N4lif\Pranlukast_0606.lif,Pranlukast_0606,10,Image 11,Pranlukast_0606_S11_Image_11,19,11159,2736,2,1423,2736,0,14,13,4,13.2,2.551169590643275,1.0327010749008307,482.4852813742386,467.20710678118655,6980,4.4082923401264935,1.0588630619500057,425.66295090390224,402.0,1423,6273,2.551169590643275,1.0327010749008307,482.4852813742386,467.20710678118655,2736,6980,,,0.0,0.0,0,0,113,172.5,4.0,25.0,47.1875,139.816584680253,127.0,1.1009179896082912,249.390716374269,143.0,1.7439910235962868,111.2817603099917,108.0,1.0303866695369601,1.5666995287002026,2.0297463571808185,1.1114747726423322,1.2035928343862505,3.1401767995670213,1.1988498583248144,1.524934067037169,2.075283896338477
C:\Users\JackM\40xMBPCNP\40xN1N2N3N4lif\Pranlukast_0606.lif,Pranlukast_0606,10,Image 11,Pranlukast_0606_S11_Image_11,20,7212,4283,1,7212,2034,3028,13,79,25,6.814814814814815,1.4183983189353258,1.592455999913007,598.7634559672906,376.0,6075,1.060177481974487,1.0186286772923947,405.4142135623731,398.0,7212,7646,1.632251720747296,1.3254233140275018,379.07106781186553,286.0,2034,3320,1.8262879788639366,1.4707846123411117,541.2487373415291,368.0,3028,5530,119,140.0,3.0,70.0,59.76190476190476,194.7879922351636,127.0,1.5337637183871151,225.50737463126845,143.0,1.576974647771108,132.6129458388375,108.0,1.2278976466559028,1.5666995287002026,2.0297463571808185,1.1114747726423322,1.2035928343862505,3.1401767995670213,1.1988498583248144,1.524934067037169,2.075283896338477
C:\Users\JackM\40xMBPCNP\40xN1N2N3N4lif\Pranlukast_0606.lif,Pranlukast_0606,10,Image 11,Pranlukast_0606_S11_Image_11,21,59470,41391,4,59470,1961,41260,65,231,67,11.602272727272727,1.3794786306201832,2.1442981713531477,2470.2314933988264,1152.0,57098,1.0488145283336137,1.0261740219986,1192.414213562373,1162.0,59470,62373,10.370219275879654,0.7476063042201201,575.6568542494924,770.0,1961,20336,1.382404265632574,2.093052048170914,2411.195959492893,1152.0,41260,57038,311,775.0,7.0,250.0,152.5,349.1343534555238,127.0,2.749089397287589,205.67924528301887,143.0,1.4383164005805515,153.41672321861367,108.0,1.4205252149871637,1.5666995287002026,2.0297463571808185,1.1114747726423322,1.2035928343862505,3.1401767995670213,1.1988498583248144,1.524934067037169,2.075283896338477
C:\Users\JackM\40xMBPCNP\40xN1N2N3N4lif\Pranlukast_0606.lif,Pranlukast_0606,10,Image 11,Pranlukast_0606_S11_Image_11,22,25822,20416,0,25822,118,20416,53,193,52,9.392592592592592,1.3653507053291536,2.142968975355551,1842.953318805774,860.0,27875,1.0981333746417783,1.0466143741868625,925.2071067811866,884.0,25822,28356,1.076271186440678,0.9827631908953597,45.207106781186546,46.0,118,127,1.3653507053291536,2.142968975355551,1842.953318805774,860.0,20416,27875,135,732.5,21.0,70.0,65.0,444.3956703586089,127.0,3.4991785067607,163.66101694915255,143.0,1.1444826360080598,170.74583659874608,108.0,1.5809799685069081,1.5666995287002026,2.0297463571808185,1.1114747726423322,1.2035928343862505,3.1401767995670213,1.1988498583248144,1.524934067037169,2.075283896338477
C:\Users\JackM\40xMBPCNP\40xN1N2N3N4lif\Pranlukast_0606.lif,Pranlukast_0606,10,Image 11,Pranlukast_0606_S11_Image_11,23,6577,3039,1,5474,3039,0,26,52,16,7.608695652173913,1.9249753208292202,2.3928963277625224,832.7279220613578,348.0,5850,1.1488856412130068,1.6567727939006116,609.6923881554251,368.0,5474,6289,1.9249753208292202,2.3928963277625224,832.7279220613578,348.0,3039,5850,,,0.0,0.0,0,0,61,282.5,10.0,35.0,27.5,137.8326635001827,127.0,1.0852965629935645,213.07699901283317,143.0,1.4900489441456866,110.68535988819008,108.0,1.0248644434091674,1.5666995287002026,2.0297463571808185,1.1114747726423322,1.2035928343862505,3.1401767995670213,1.1988498583248144,1.524934067037169,2.075283896338477
C:\Users\JackM\40xMBPCNP\40xN1N2N3N4lif\Pranlukast_0606.lif,Pranlukast_0606,10,Image 11,Pranlukast_0606_S11_Image_11,24,26112,16817,3,26071,142,16715,62,210,56,8.09433962264151,1.6322768626984598,2.612821936509023,1996.1959594928935,764.0,27450,1.0630585708258218,1.0790761957622685,824.4142135623731,764.0,26071,27715,11.140845070422536,0.14681627362384728,69.62132034355965,474.20710678118655,142,1582,1.6418785521986239,2.587681744387051,1976.9888527117068,764.0,16715,27444,123,737.5,15.0,90.0,60.0,179.3294081546546,127.0,1.4120425838949182,174.40140845070422,143.0,1.2195902688860436,135.43990427759496,108.0,1.254073187755509,1.5666995287002026,2.0297463571808185,1.1114747726423322,1.2035928343862505,3.1401767995670213,1.1988498583248144,1.524934067037169,2.075283896338477
C:\Users\JackM\40xMBPCNP\40xN1N2N3N4lif\Pranlukast_0606.lif,Pranlukast_0606,10,Image 11,Pranlukast_0606_S11_Image_11,25,93223,78556,5,93223,5509,77601,78,400,97,13.2,1.3196445847548246,2.8439766410961966,4288.716774773065,1508.0,103666,1.126867833045493,1.045418114411798,1589.0355339059329,1520.0,93223,105050,9.186422218188419,1.2318319230558148,1303.278174593052,1058.0,5509,50608,1.3334879705158438,2.812880223137177,4241.823376490863,1508.0,77601,103480,218,1322.5,22.0,165.0,105.0,407.65300408697425,127.0,3.209866173913183,198.27228172082047,143.0,1.3865194525931501,157.33397765492714,108.0,1.4567960893974734,1.5666995287002026,2.0297463571808185,1.1114747726423322,1.2035928343862505,3.1401767995670213,1.1988498583248144,1.524934067037169,2.075283896338477
C:\Users\JackM\40xMBPCNP\40xN1N2N3N4lif\Pranlukast_0606.lif,Pranlukast_0606,10,Image 11,Pranlukast_0606_S11_Image_11,26,34909,23412,3,34909,1569,22392,57,196,57,7.877697841726619,1.4098752776354007,2.085104678639566,1722.2964645562815,826.0,33008,1.0467501217451087,1.0044642857142858,900.0,896.0,34909,36541,12.915869980879542,0.6834909579248174,520.278174593052,761.2071067811866,1569,20265,1.2665237584851732,1.820128084581661,1434.2609306503489,788.0,22392,28360,222,555.0,9.0,40.0,112.25,367.58065255378267,127.0,2.8943358468801783,205.90057361376674,143.0,1.439864151145222,172.47972490175061,108.0,1.5970344898310243,1.5666995287002026,2.0297463571808185,1.1114747726423322,1.2035928343862505,3.1401767995670213,1.1988498583248144,1.524934067037169,2.075283896338477
C:\Users\JackM\40xMBPCNP\40xN1N2N3N4lif\Pranlukast_0606.lif,Pranlukast_0606,10,Image 11,Pranlukast_0606_S11_Image_11,27,11186,2454,2,11186,2431,37,16,30,3,8.96551724137931,3.56479217603912,1.3982054540301752,673.9350288425444,482.0,8748,1.0604326837117826,1.0022861870855806,529.2071067811866,528.0,11186,11862,3.5816536404771697,1.3802516985003568,662.5208152801713,480.0,2431,8707,11.08108108108108,0.15382198914786063,28.82842712474619,187.4142135623731,37,410,143,210.0,6.0,110.0,82.5,160.45699982120507,127.0,1.2634409434740557,214.34923899629783,143.0,1.498945727246838,125.75675675675676,108.0,1.1644144144144144,1.5666995287002026,2.0297463571808185,1.1114747726423322,1.2035928343862505,3.1401767995670213,1.1988498583248144,1.524934067037169,2.075283896338477
C:\Users\JackM\40xMBPCNP\40xN1N2N3N4lif\Pranlukast_0606.lif,Pranlukast_0606,10,Image 11,Pranlukast_0606_S11_Image_11,28,12942,5820,3,12942,5812,1260,15,31,6,14.76,1.7728522336769759,1.4281993153876937,781.5208152801713,547.2071067811866,10318,1.0346932467933858,0.9971541377479152,628.2071067811866,630.0,12942,13391,1.7403647625602203,1.4254484133818448,774.3137084989847,543.2071067811866,5812,10115,2.6785714285714284,1.2920026299360363,400.5208152801713,310.0,1260,3375,117,277.5,7.0,40.0,55.0,175.88618451553083,127.0,1.3849305867364632,270.02546455609087,143.0,1.8882899619307054,129.94444444444446,108.0,1.2031893004115228,1.5666995287002026,2.0297463571808185,1.1114747726423322,1.2035928343862505,3.1401767995670213,1.1988498583248144,1.524934067037169,2.075283896338477
C:\Users\JackM\40xMBPCNP\40xN1N2N3N4lif\Pranlukast_0606.lif,Pranlukast_0606,10,Image 11,Pranlukast_0606_S11_Image_11,29,37315,31364,1,37315,663,31333,54,268,91,8.465968586387435,1.1883050631297027,2.3923261581145168,2076.5391052434006,868.0,37270,1.0211711108133459,1.0059714527307184,877.2071067811866,872.0,37315,38105,15.057315233785822,0.4196187871991819,253.44974746830584,604.0,663,9983,1.1894807391567996,2.3678940074449475,2055.3319984622144,868.0,31333,37270,165,607.5,16.0,105.0,80.0,375.0009647594801,127.0,2.95276350204315,175.99396681749622,143.0,1.2307270406817916,152.36756774008234,108.0,1.4108108124081697,1.5666995287002026,2.0297463571808185,1.1114747726423322,1.2035928343862505,3.1401767995670213,1.1988498583248144,1.524934067037169,2.075283896338477
C:\Users\JackM\40xMBPCNP\40xN1N2N3N4lif\Pranlukast_0606.lif,Pranlukast_0606,10,Image 11,Pranlukast_0606_S11_Image_11,30,12281,4970,2,12281,4946,207,24,47,9,9.512195121951219,2.072032193158954,1.4136143402342487,754.8700576850888,534.0,10298,1.0425046820291508,1.003906494437497,620.4142135623731,618.0,12281,12803,2.0820865345733925,1.3846822288703802,739.420310216783,534.0,4946,10298,6.642512077294686,0.7072977138349994,143.72792206135784,203.20710678118655,207,1375,151,340.0,7.0,50.0,74.62962962962963,183.56330917677712,127.0,1.4453803872187174,284.810958350182,143.0,1.991685023427846,130.256038647343,108.0,1.2060744319198424,1.5666995287002026,2.0297463571808185,1.1114747726423322,1.2035928343862505,3.1401767995670213,1.1988498583248144,1.524934067037169,2.075283896338477
C:\Users\JackM\40xMBPCNP\40xN1N2N3N4lif\Pranlukast_0606.lif,Pranlukast_0606,10,Image 11,Pranlukast_0606_S11_Image_11,31,60026,37345,3,60026,4219,35851,110,307,103,8.072289156626505,1.5808006426563128,2.7125492252587837,3043.480230740355,1122.0,59035,1.0641222137073936,1.0011804787665886,1199.414213562373,1198.0,60026,63875,11.88883621711306,0.9783132216543938,1031.142135623731,1054.0,4219,50159,1.6085185908342863,2.4022779451359115,2690.551298552221,1120.0,35851,57667,189,1122.5,22.0,105.0,92.5,386.6652117415787,127.0,3.0446079664691235,225.07584735719365,143.0,1.5739569745258297,177.41533011631475,108.0,1.6427345381140255,1.5666995287002026,2.0297463571808185,1.1114747726423322,1.2035928343862505,3.1401767995670213,1.1988498583248144,1.524934067037169,2.075283896338477
C:\Users\JackM\40xMBPCNP\40xN1N2N3N4lif\Pranlukast_0606.lif,Pranlukast_0606,10,Image 11,Pranlukast_0606_S11_Image_11,32,12637,4336,2,12636,4334,25,28,50,8,8.681818181818182,2.319649446494465,1.7375591229266318,813.1776695296637,468.0,10058,1.0191516302627415,1.0150375939849625,540.0,532.0,12636,12878,2.320719889247808,1.7375591229266318,813.1776695296637,468.0,4334,10058,1.72,0.5817754622733864,15.82842712474619,27.207106781186546,25,43,134,310.0,7.0,25.0,67.08333333333333,149.13334916112694,127.0,1.1742783398513932,250.33848638670975,143.0,1.7506187859210471,129.84,108.0,1.2022222222222223,1.5666995287002026,2.0297463571808185,1.1114747726423322,1.2035928343862505,3.1401767995670213,1.1988498583248144,1.524934067037169,2.075283896338477
C:\Users\JackM\40xMBPCNP\40xN1N2N3N4lif\Pranlukast_0606.lif,Pranlukast_0606,10,Image 11,Pranlukast_0606_S11_Image_11,33,16280,7201,2,16280,4724,3534,25,59,8,9.68,1.9250104152201084,1.5838646201896451,905.970562748477,572.0,13862,1.0472972972972974,1.019736842105263,620.0,608.0,16280,17050,1.6562235393734124,1.371315227546574,608.8639610306789,444.0,4724,7824,3.417940011318619,1.27366357182561,695.420310216783,546.0,3534,12079,102,317.5,9.0,55.0,47.5,239.0681818181818,127.0,1.8824266284896205,261.8657917019475,143.0,1.8312293126010315,144.5005659309564,108.0,1.3379682030644113,1.5666995287002026,2.0297463571808185,1.1114747726423322,1.2035928343862505,3.1401767995670213,1.1988498583248144,1.524934067037169,2.075283896338477
C:\Users\JackM\40xMBPCNP\40xN1N2N3N4lif\Pranlukast_0606.lif,Pranlukast_0606,10,Image 11,Pranlukast_0606_S11_Image_11,34,6715,3983,1,109,3983,0,3,7,2,28.166666666666668,1.2051217675119257,1.4115218900335817,448.863961030679,318.0,4800,13.908256880733944,0.28583404602861123,62.656854249492376,219.20710678118655,109,1516,1.2051217675119257,1.4115218900335817,448.863961030679,318.0,3983,4800,,,0.0,0.0,0,0,53,102.5,11.0,40.0,25.0,139.73394495412845,127.0,1.1002672831033735,277.0903841325634,143.0,1.9376949939340096,112.35370416562733,108.0,1.0403120756076605,1.5666995287002026,2.0297463571808185,1.1114747726423322,1.2035928343862505,3.1401767995670213,1.1988498583248144,1.524934067037169,2.075283896338477
C:\Users\JackM\40xMBPCNP\40xN1N2N3N4lif\Pranlukast_0606.lif,Pranlukast_0606,10,Image 11,Pranlukast_0606_S11_Image_11,35,10042,5125,1,10029,5080,1393,13,15,8,13.055555555555555,1.5494634146341464,1.2135841497441435,507.278174593052,418.0,7941,1.0455678532256456,1.0476898160901555,492.4142135623731,470.0,10029,10486,1.4799212598425198,1.2154810234733622,508.0710678118654,418.0,5080,7518,2.1816223977027995,0.6588394976792599,205.03553390593274,311.20710678118655,1393,3039,80,197.5,8.0,50.0,37.5,160.06311696081363,127.0,1.2603395036284537,341.580905511811,143.0,2.3886776609217555,143.04235463029434,108.0,1.3244662465767993,1.5666995287002026,2.0297463571808185,1.1114747726423322,1.2035928343862505,3.1401767995670213,1.1988498583248144,1.524934067037169,2.075283896338477
C:\Users\JackM\40xMBPCNP\40xN1N2N3N4lif\Pranlukast_0606.lif,Pranlukast_0606,10,Image 11,Pranlukast_0606_S11_Image_11,36,51673,41162,1,51653,468,41076,55,297,83,11.074257425742575,1.4426169768232837,2.915344034339662,3533.39696961967,1212.0,59381,1.1567575939442045,1.0348801098374778,1258.414213562373,1216.0,51653,59750,45.087606837606835,0.3003464055520721,228.86396103067892,762.0,468,21101,1.4226312201772324,2.8804933633220413,3485.39696961967,1210.0,41076,58436,205,1082.5,24.0,125.0,100.0,240.86475132131724,127.0,1.896572845049742,172.02564102564102,143.0,1.2029765106688184,172.41019086571234,108.0,1.596390656164003,1.5666995287002026,2.0297463571808185,1.1114747726423322,1.2035928343862505,3.1401767995670213,1.1988498583248144,1.524934067037169,2.075283896338477
C:\Users\JackM\40xMBPCNP\40xN1N2N3N4lif\Pranlukast_0606.lif,Pranlukast_0606,10,Image 11,Pranlukast_0606_S11_Image_11,37,4122,2029,1,2727,2029,0,7,4,4,11.857142857142858,1.2947264662395268,1.0243368302658578,254.0355339059327,248.0,2627,1.2548588192152548,1.1359449828991715,313.5208152801713,276.0,2727,3422,1.2947264662395268,1.0243368302658578,254.0355339059327,248.0,2029,2627,,,0.0,0.0,0,0,50,67.5,4.0,25.0,22.5,140.16648331499817,127.0,1.1036730969684896,247.5524889107935,143.0,1.731136286089465,111.76722262509064,108.0,1.0348816909730614,1.5666995287002026,2.0297463571808185,1.1114747726423322,1.2035928343862505,3.1401767995670213,1.1988498583248144,1.524934067037169,2.075283896338477
C:\Users\JackM\40xMBPCNP\40xN1N2N3N4lif\Pranlukast_0606.lif,Pranlukast_0606,10,Image 11,Pranlukast_0606_S11_Image_11,38,4099,3068,1,181,3068,0,10,17,1,8.705882352941176,1.2640156453715776,1.1761977653024174,343.4497474683059,292.0,3878,7.5911602209944755,0.4254127743407694,80.82842712474618,190.0,181,1374,1.2640156453715776,1.1761977653024174,343.4497474683059,292.0,3068,3878,,,0.0,0.0,0,0,54,182.5,10.0,40.0,25.0,139.83977900552486,127.0,1.1011006220907469,279.2017601043025,143.0,1.952459860869248,109.76419072332143,108.0,1.0163350992900133,1.5666995287002026,2.0297463571808185,1.1114747726423322,1.2035928343862505,3.1401767995670213,1.1988498583248144,1.524934067037169,2.075283896338477
C:\Users\JackM\40xMBPCNP\40xN1N2N3N4lif\Pranlukast_0606.lif,Pranlukast_0606,10,Image 11,Pranlukast_0606_S11_Image_11,39,11928,5317,1,11928,848,5138,23,91,44,7.142857142857143,1.6168892232461916,2.307321470414281,992.1482322781408,430.0,8597,1.0266599597585513,0.9964567327691434,504.20710678118655,506.0,11928,12246,5.688679245283019,0.8570806481688215,301.69238815542514,352.0,848,4824,1.6465550797975865,2.31126857596997,975.3553390593274,422.0,5138,8460,75,322.5,12.0,50.0,35.0,141.79694835680752,127.0,1.1165114043843112,243.8808962264151,143.0,1.7054608127721336,132.7851304009342,108.0,1.2294919481567983,1.5666995287002026,2.0297463571808185,1.1114747726423322,1.2035928343862505,3.1401767995670213,1.1988498583248144,1.524934067037169,2.075283896338477
C:\Users\JackM\40xMBPCNP\40xN1N2N3N4lif\Pranlukast_0606.lif,Pranlukast_0606,10,Image 11,Pranlukast_0606_S11_Image_11,40,99615,67531,3,99613,7004,63265,112,628,118,9.37560975609756,1.5306599931883136,3.7569303695854885,5950.977705423414,1584.0,103367,1.0539688594862116,1.024720748285742,1625.2071067811867,1586.0,99613,104989,9.377213021130782,1.0930783826788302,1547.7989898732235,1416.0,7004,65678,1.606686161384652,3.4560779374316413,5474.427452891719,1584.0,63265,101647,292,1812.5,20.0,150.0,142.5,288.7211307761035,127.0,2.2733947305205002,203.16504854368932,143.0,1.4207346052006247,166.75599462578046,108.0,1.544036987275745,1.5666995287002026,2.0297463571808185,1.1114747726423322,1.2035928343862505,3.1401767995670213,1.1988498583248144,1.524934067037169,2.075283896338477
C:\Users\JackM\40xMBPCNP\40xN1N2N3N4lif\Pranlukast_0606.lif,Pranlukast_0606,10,Image 11,Pranlukast_0606_S11_Image_11,41,14131,9170,1,14050,3855,7963,32,87,26,8.175675675675675,1.5546346782988005,1.7827165665281643,1105.284271247462,620.0,14256,1.0595729537366547,1.1351778280248557,710.6213203435597,626.0,14050,14887,3.0555123216601814,1.481573083745532,856.3492424049175,578.0,3855,11779,1.6653271380133117,1.5544132961132193,960.6274169979695,618.0,7963,13261,132,392.5,8.0,35.0,62.5,181.74099644128114,127.0,1.4310314680415839,207.50453955901426,143.0,1.451080696216883,159.70614090167024,108.0,1.478760563904354,1.5666995287002026,2.0297463571808185,1.1114747726423322,1.2035928343862505,3.1401767995670213,1.1988498583248144,1.524934067037169,2.075283896338477
C:\Users\JackM\40xMBPCNP\40xN1N2N3N4lif\Pranlukast_0606.lif,Pranlukast_0606,10,Image 11,Pranlukast_0606_S11_Image_11,42,9022,2487,1,5154,2487,0,8,20,7,12.0,1.5207076799356654,1.3951307892097624,438.0710678118654,314.0,3782,1.239231664726426,1.4465356061993513,569.9350288425444,394.0,5154,6387,1.5207076799356654,1.3951307892097624,438.0710678118654,314.0,2487,3782,,,0.0,0.0,0,0,64,147.5,5.0,25.0,30.0,138.65851765618936,127.0,1.0917993516235383,218.27301970245276,143.0,1.5263847531640053,112.10547970824761,108.0,1.0380137010022927,1.5666995287002026,2.0297463571808185,1.1114747726423322,1.2035928343862505,3.1401767995670213,1.1988498583248144,1.524934067037169,2.075283896338477
C:\Users\JackM\40xMBPCNP\40xN1N2N3N4lif\Pranlukast_0606.lif,Pranlukast_0606,10,Image 11,Pranlukast_0606_S11_Image_11,43,8308,4889,1,8292,4889,185,7,13,2,15.071428571428571,1.3636735528737984,1.246601731586809,461.2426406871193,370.0,6667,1.021104679208876,1.0424736916155442,427.4142135623731,410.0,8292,8467,1.3636735528737984,1.246601731586809,461.2426406871193,370.0,4889,6667,3.5405405405405403,0.6474039808040474,88.82842712474618,137.20710678118655,185,655,72,162.5,9.0,50.0,32.5,142.38531114327063,127.0,1.1211441822304773,333.3440376355083,143.0,2.331077186262296,128.31351351351353,108.0,1.1880880880880882,1.5666995287002026,2.0297463571808185,1.1114747726423322,1.2035928343862505,3.1401767995670213,1.1988498583248144,1.524934067037169,2.075283896338477
C:\Users\JackM\40xMBPCNP\40xN1N2N3N4lif\Pranlukast_0606.lif,Pranlukast_0606,10,Image 11,Pranlukast_0606_S11_Image_11,44,12970,5414,1,6061,5414,0,14,37,8,10.833333333333334,1.4621352050240117,1.334102226713198,544.3137084989847,408.0,7916,1.2935159214651049,1.5038908729652598,601.556349186104,400.0,6061,7840,1.4621352050240117,1.334102226713198,544.3137084989847,408.0,5414,7916,,,0.0,0.0,0,0,70,247.5,9.0,45.0,32.5,139.14387064840784,127.0,1.095621028727621,288.2781677133358,143.0,2.0159312427505998,116.67352814164387,108.0,1.0803104457559618,1.5666995287002026,2.0297463571808185,1.1114747726423322,1.2035928343862505,3.1401767995670213,1.1988498583248144,1.524934067037169,2.075283896338477
C:\Users\JackM\40xMBPCNP\40xN1N2N3N4lif\Pranlukast_0606.lif,Pranlukast_0606,10,Image 11,Pranlukast_0606_S11_Image_11,45,10450,3889,1,8687,3712,177,13,9,1,11.333333333333334,1.7950629982000514,1.0163402387517946,452.6923881554251,445.4142135623731,6981,1.1399792793829862,1.54212551036856,724.7989898732233,470.0,8687,9903,1.6061422413793103,0.9369469859744669,368.4142135623731,393.20710678118655,3712,5962,2.9604519774011298,0.7011080862836496,84.27817459305203,120.20710678118655,177,524,146,162.5,4.0,100.0,66.6,160.02774260389086,127.0,1.2600609653849675,325.5078125,143.0,2.276278409090909,127.72881355932203,108.0,1.182674199623352,1.5666995287002026,2.0297463571808185,1.1114747726423322,1.2035928343862505,3.1401767995670213,1.1988498583248144,1.524934067037169,2.075283896338477
C:\Users\JackM\40xMBPCNP\40xN1N2N3N4lif\Pranlukast_0606.lif,Pranlukast_0606,10,Image 11,Pranlukast_0606_S11_Image_11,46,15483,6844,1,14181,5207,2128,28,69,23,8.418181818181818,1.7897428404441846,1.902444142193217,1171.9055915910217,616.0,12249,1.1190325082857344,1.5412051116461116,974.0416305603426,632.0,14181,15869,2.1196466295371614,1.2101900335067584,720.3137084989849,595.2071067811866,5207,11037,4.095394736842105,1.3844651711322102,761.4558441227157,550.0,2128,8715,157,412.5,7.0,50.0,75.0,162.32360200267965,127.0,1.2781385984462965,245.13769925100826,143.0,1.7142496451119458,131.41682330827066,108.0,1.2168224380395432,1.5666995287002026,2.0297463571808185,1.1114747726423322,1.2035928343862505,3.1401767995670213,1.1988498583248144,1.524934067037169,2.075283896338477
C:\Users\JackM\40xMBPCNP\40xN1N2N3N4lif\Pranlukast_0606.lif,Pranlukast_0606,10,Image 11,Pranlukast_0606_S11_Image_11,47,5866,3936,2,0,3936,0,10,18,4,10.642857142857142,1.2372967479674797,1.114241229101593,363.2426406871193,326.0,4870,,,0.0,0.0,0,0,1.2372967479674797,1.114241229101593,363.2426406871193,326.0,3936,4870,,,0.0,0.0,0,0,62,127.5,8.0,40.0,27.5,132.2040142276423,127.0,1.0409764899814353,329.0269308943089,143.0,2.3008876286315307,113.02997967479675,108.0,1.0465738858777476,1.5666995287002026,2.0297463571808185,1.1114747726423322,1.2035928343862505,3.1401767995670213,1.1988498583248144,1.524934067037169,2.075283896338477
C:\Users\JackM\40xMBPCNP\40xN1N2N3N4lif\Pranlukast_0606.lif,Pranlukast_0606,10,Image 11,Pranlukast_0606_S11_Image_11,49,22169,12174,1,21090,5957,9217,22,112,29,11.0,1.8522260555281749,1.8854362192883674,1414.0771644662755,750.0,22549,1.1399715504978662,1.276780171243439,1013.7634559672906,794.0,21090,24042,2.244418331374853,1.090177719258569,644.5208152801713,591.2071067811866,5957,13370,2.3427362482369536,2.083093073537859,1562.3198051533946,750.0,9217,21593,125,427.5,14.0,75.0,60.0,167.5266951161688,127.0,1.3191078355603842,293.44854792680877,143.0,2.0520877477399213,133.48291201041553,108.0,1.235952888985329,1.5666995287002026,2.0297463571808185,1.1114747726423322,1.2035928343862505,3.1401767995670213,1.1988498583248144,1.524934067037169,2.075283896338477
C:\Users\JackM\40xMBPCNP\40xN1N2N3N4lif\Pranlukast_0606.lif,Pranlukast_0606,10,Image 11,Pranlukast_0606_S11_Image_11,50,9298,3285,1,513,3285,0,15,21,1,14.368421052631579,2.3637747336377473,1.8044896783211308,743.4497474683059,412.0,7765,5.230019493177388,0.6310675226717253,167.86396103067892,266.0,513,2683,2.3637747336377473,1.8044896783211308,743.4497474683059,412.0,3285,7765,,,0.0,0.0,0,0,78,232.5,7.0,40.0,35.0,138.26315789473685,127.0,1.0886862826357233,223.9095890410959,143.0,1.5658013219657057,113.14014598540146,108.0,1.0475939443092728,1.5666995287002026,2.0297463571808185,1.1114747726423322,1.2035928343862505,3.1401767995670213,1.1988498583248144,1.524934067037169,2.075283896338477
C:\Users\JackM\40xMBPCNP\40xN1N2N3N4lif\Pranlukast_0606.lif,Pranlukast_0606,10,Image 11,Pranlukast_0606_S11_Image_11,51,6003,3518,0,5801,3508,34,9,13,2,14.076923076923077,1.4377487208641273,1.4598098019563024,484.6568542494924,332.0,5058,1.0460265471470436,1.2886486996215685,448.4497474683058,348.0,5801,6068,1.3808437856328393,1.4834063796568089,477.6568542494924,322.0,3508,4844,14.852941176470589,0.12008555456595117,23.65685424949238,197.0,34,505,61,192.5,9.0,35.0,27.5,149.47819341492846,127.0,1.1769936489364445,269.71465222348917,143.0,1.8861164491153088,128.35294117647058,108.0,1.1884531590413943,1.5666995287002026,2.0297463571808185,1.1114747726423322,1.2035928343862505,3.1401767995670213,1.1988498583248144,1.524934067037169,2.075283896338477
C:\Users\JackM\40xMBPCNP\40xN1N2N3N4lif\Pranlukast_0606.lif,Pranlukast_0606,10,Image 11,Pranlukast_0606_S11_Image_11,52,35733,21666,1,34940,265,21666,46,201,67,9.818791946308725,1.6401735438013478,2.7456208694563005,2509.4974746830585,914.0,35536,1.0741270749856897,1.2480780065741408,1150.7279220613577,922.0,34940,37530,18.286792452830188,0.3078289765612798,160.07106781186548,520.0,265,4846,1.6401735438013478,2.7456208694563005,2509.4974746830585,914.0,21666,35536,146,842.5,18.0,100.0,70.0,186.54625071551231,127.0,1.4688681158701757,178.58490566037736,143.0,1.248845494128513,139.46067571309885,108.0,1.2913025528990634,1.5666995287002026,2.0297463571808185,1.1114747726423322,1.2035928343862505,3.1401767995670213,1.1988498583248144,1.524934067037169,2.075283896338477
C:\Users\JackM\40xMBPCNP\40xN1N2N3N4lif\Pranlukast_0606.lif,Pranlukast_0606,10,Image 11,Pranlukast_0606_S11_Image_11,53,35005,16024,2,35005,1970,15144,55,133,29,8.566037735849056,1.644782825761358,1.9169606781186548,1533.5685424949238,800.0,26356,1.0081988287387516,1.0,884.0,884.0,35005,35292,8.538071065989847,1.205205199681128,711.0710678118655,590.0,1970,16820,1.5824088748019018,1.6441454037402117,1272.5685424949238,774.0,15144,23964,144,522.5,14.0,65.0,70.0,306.04270818454506,127.0,2.4097851038153153,174.30507614213198,143.0,1.2189166163785454,184.70542789223455,108.0,1.7102354434466163,1.5666995287002026,2.0297463571808185,1.1114747726423322,1.2035928343862505,3.1401767995670213,1.1988498583248144,1.524934067037169,2.075283896338477
C:\Users\JackM\40xMBPCNP\40xN1N2N3N4lif\Pranlukast_0606.lif,Pranlukast_0606,10,Image 11,Pranlukast_0606_S11_Image_11,54,16976,13960,2,16976,315,13869,25,115,29,9.575757575757576,1.1883954154727794,1.6165468927359232,979.6274169979695,606.0,16590,1.0155513666352498,1.0,608.0,608.0,16976,17240,21.495238095238093,0.3603372200059626,143.4142135623731,398.0,315,6771,1.1961929483019684,1.5739843626718748,953.8345237791561,606.0,13869,16590,116,292.5,11.0,60.0,55.0,277.817801602262,127.0,2.187541744899701,161.0793650793651,143.0,1.1264291264291264,147.19525560602784,108.0,1.3629190333891468,1.5666995287002026,2.0297463571808185,1.1114747726423322,1.2035928343862505,3.1401767995670213,1.1988498583248144,1.524934067037169,2.075283896338477
C:\Users\JackM\40xMBPCNP\40xN1N2N3N4lif\Pranlukast_0606.lif,Pranlukast_0606,10,Image 11,Pranlukast_0606_S11_Image_11,55,5611,2530,1,5223,2482,49,13,33,10,7.76,1.383399209486166,1.3329983164553723,399.8994949366117,300.0,3500,1.0873061458931648,1.148202816742925,397.27817459305203,346.0,5223,5679,1.2187751813053989,1.3942254174085673,370.8639610306789,266.0,2482,3025,3.938775510204082,0.35911081249562393,31.242640687119284,87.0,49,193,56,152.5,8.0,25.0,25.0,152.9186291403408,127.0,1.2040836940184316,238.8013698630137,143.0,1.669939649391704,131.0204081632653,108.0,1.2131519274376417,1.5666995287002026,2.0297463571808185,1.1114747726423322,1.2035928343862505,3.1401767995670213,1.1988498583248144,1.524934067037169,2.075283896338477
C:\Users\JackM\40xMBPCNP\40xN1N2N3N4lif\Pranlukast_0606.lif,Pranlukast_0606,10,Image 11,Pranlukast_0606_S11_Image_11,56,47519,28518,3,42824,7311,23559,59,230,55,9.343558282208589,1.6657549617785259,2.491857247660761,2536.710678118655,1018.0,47504,1.1931160097141789,1.7130408133081865,1781.5624458405139,1040.0,42824,51094,2.7284913144576666,0.8515168172405089,645.4497474683058,758.0,7311,19948,1.7095802028948597,2.291830038006141,2319.3319984622144,1012.0,23559,40276,277,822.5,8.0,135.0,135.0,203.8269895385765,127.0,1.6049369255006023,327.9990425386404,143.0,2.2936995981723105,146.85258287703212,108.0,1.3597461377502975,1.5666995287002026,2.0297463571808185,1.1114747726423322,1.2035928343862505,3.1401767995670213,1.1988498583248144,1.524934067037169,2.075283896338477
C:\Users\JackM\40xMBPCNP\40xN1N2N3N4lif\Pranlukast_0606.lif,Pranlukast_0606,10,Image 11,Pranlukast_0606_S11_Image_11,57,26854,18717,1,18461,1846,18215,34,139,42,10.17142857142857,1.43244109632954,1.9962673197357863,1525.1482322781408,764.0,26811,1.279291479334814,1.464922355517897,1081.112698372208,738.0,18461,23617,8.929035752979415,0.8383890436362491,556.863961030679,664.2071067811866,1846,16483,1.4174032390886633,1.891692736828934,1418.7695526217005,750.0,18215,25818,139,517.5,14.0,70.0,67.5,154.54303667190294,127.0,1.2168743045031727,174.44582881906825,143.0,1.2199009008326451,157.1870985451551,108.0,1.4554360976403249,1.5666995287002026,2.0297463571808185,1.1114747726423322,1.2035928343862505,3.1401767995670213,1.1988498583248144,1.524934067037169,2.075283896338477
C:\Users\JackM\40xMBPCNP\40xN1N2N3N4lif\Pranlukast_0606.lif,Pranlukast_0606,10,Image 11,Pranlukast_0606_S11_Image_11,58,46315,20617,3,2153,20617,353,62,218,42,9.387878787878789,2.4571470145996024,2.7213693098087277,3069.7045814642447,1128.0,50659,1.7189967487227125,0.9664496091108847,287.03553390593277,297.0,2153,3701,2.4571470145996024,2.7213693098087277,3069.7045814642447,1128.0,20617,50659,17.957507082152976,0.2955318392933571,155.44974746830582,526.0,353,6339,207,1002.5,13.0,110.0,100.0,140.56850905712957,127.0,1.1068386539931463,278.3206577096571,143.0,1.9462983056619378,128.09631728045326,108.0,1.1860770118560486,1.5666995287002026,2.0297463571808185,1.1114747726423322,1.2035928343862505,3.1401767995670213,1.1988498583248144,1.524934067037169,2.075283896338477
C:\Users\JackM\40xMBPCNP\40xN1N2N3N4lif\Pranlukast_0606.lif,Pranlukast_0606,10,Image 11,Pranlukast_0606_S11_Image_11,60,10193,9739,0,9814,609,9739,8,51,28,12.0,1.060478488551186,1.2893706861803176,642.1066017177982,498.0,10328,1.0545139596494804,1.1478339765934933,571.6213203435597,498.0,9814,10349,9.653530377668309,0.503508267046318,235.2426406871193,467.20710678118655,609,5879,1.060478488551186,1.2893706861803176,642.1066017177982,498.0,9739,10328,102,172.5,5.0,70.0,47.5,150.48237212145915,127.0,1.1849005678855051,163.98357963875205,143.0,1.1467383191521123,155.6418523462368,108.0,1.4411282624651554,1.5666995287002026,2.0297463571808185,1.1114747726423322,1.2035928343862505,3.1401767995670213,1.1988498583248144,1.524934067037169,2.075283896338477
C:\Users\JackM\40xMBPCNP\40xN1N2N3N4lif\Pranlukast_0606.lif,Pranlukast_0606,11,Image 12,Pranlukast_0606_S12_Image_12,1,38554,28675,3,38551,13562,24744,42,184,62,9.381944444444445,1.2355710549258936,1.5956029197790387,1455.1898628384834,912.0,35430,1.0433192394490416,0.9968327940336146,944.2071067811866,947.2071067811866,38551,40221,1.7487833652853562,1.1253677579013317,888.1482322781408,789.2071067811866,13562,23717,1.317046556741028,1.8490529691313193,1638.2609306503489,886.0,24744,32589,163,597.5,26.0,100.0,73.21428571428571,188.05649658893415,129.0,1.4578022991390245,388.01998230349506,145.0,2.6759998779551384,142.11348205625606,108.0,1.3158655745949634,1.9453332778637886,2.360210729845152,1.155473581234041,1.1354538149650713,3.4169908913581715,1.5186808901970412,2.0936857032245717,2.196333044942448
C:\Users\JackM\40xMBPCNP\40xN1N2N3N4lif\Pranlukast_0606.lif,Pranlukast_0606,11,Image 12,Pranlukast_0606_S12_Image_12,2,15249,2979,2,15249,2416,605,25,33,8,6.916666666666667,2.8361866398120172,1.6423942949286394,686.5208152801713,418.0,8449,1.0288543511049906,0.9986515421448751,587.2071067811866,588.0,15249,15689,2.517798013245033,1.0930361843207748,447.27817459305203,409.20710678118655,2416,6083,6.08099173553719,0.7781503714353558,266.4497474683059,342.4142135623731,605,3679,107,292.5,9.0,85.0,50.0,243.11194176667323,129.0,1.884588695865684,236.53187086092714,145.0,1.6312542817994975,128.54049586776858,108.0,1.1901897765534128,1.9453332778637886,2.360210729845152,1.155473581234041,1.1354538149650713,3.4169908913581715,1.5186808901970412,2.0936857032245717,2.196333044942448
C:\Users\JackM\40xMBPCNP\40xN1N2N3N4lif\Pranlukast_0606.lif,Pranlukast_0606,11,Image 12,Pranlukast_0606_S12_Image_12,3,9763,2373,2,0,124,2268,17,31,6,7.620689655172414,2.9034976822587444,1.418678085975247,541.9350288425444,382.0,6890,,,0.0,0.0,0,0,22.080645161290324,0.28361942540535,78.62132034355963,277.20710678118655,124,2738,2.8386243386243386,1.2599835301020543,481.31370849898474,382.0,2268,6438,111,197.5,5.0,55.0,52.5,130.76991150442478,129.0,1.0137202442203472,157.86290322580646,145.0,1.088709677419355,130.28659611992944,108.0,1.2063573714808282,1.9453332778637886,2.360210729845152,1.155473581234041,1.1354538149650713,3.4169908913581715,1.5186808901970412,2.0936857032245717,2.196333044942448
C:\Users\JackM\40xMBPCNP\40xN1N2N3N4lif\Pranlukast_0606.lif,Pranlukast_0606,11,Image 12,Pranlukast_0606_S12_Image_12,4,39464,12510,2,4820,12155,2307,41,70,20,10.873239436619718,2.7521183053557152,1.5329071821294042,1401.0771644662755,914.0,34429,3.2771784232365144,0.9929812367090856,677.2132034355964,682.0,4820,15796,2.404853969559852,1.4930376013261861,1292.9705627484773,866.0,12155,29231,3.82531426094495,1.028444216553678,468.97056274847716,456.0,2307,8825,257,545.0,7.0,170.0,131.1627906976744,139.01784232365145,129.0,1.0776576924314065,361.38839983545864,145.0,2.4923337919686803,132.48807975726052,108.0,1.2267414792338938,1.9453332778637886,2.360210729845152,1.155473581234041,1.1354538149650713,3.4169908913581715,1.5186808901970412,2.0936857032245717,2.196333044942448
C:\Users\JackM\40xMBPCNP\40xN1N2N3N4lif\Pranlukast_0606.lif,Pranlukast_0606,11,Image 12,Pranlukast_0606_S12_Image_12,5,8673,2829,1,5507,2167,662,24,41,15,5.184210526315789,2.221986567691764,1.4574029373333974,556.7279220613578,382.0,6286,1.2380606500817142,1.525125615059547,594.7989898732233,390.0,5507,6818,2.038763267189663,1.2002397993651903,391.27817459305203,326.0,2167,4418,1.6102719033232629,1.1332174484130537,165.44974746830584,146.0,662,1066,93,247.5,10.0,35.0,42.5,140.5623751588887,129.0,1.0896308151851837,230.46239040147668,145.0,1.5893957958722529,223.690332326284,108.0,2.071206780798926,1.9453332778637886,2.360210729845152,1.155473581234041,1.1354538149650713,3.4169908913581715,1.5186808901970412,2.0936857032245717,2.196333044942448
C:\Users\JackM\40xMBPCNP\40xN1N2N3N4lif\Pranlukast_0606.lif,Pranlukast_0606,11,Image 12,Pranlukast_0606_S12_Image_12,6,32257,28503,0,32257,491,28503,54,175,34,10.404580152671755,1.1332842156965934,1.491657377259756,1193.3259018078047,800.0,32302,1.0367362122950057,1.0174106700749834,830.2071067811866,816.0,32257,33442,2.29938900203666,0.9194055442383112,152.62132034355966,166.0,491,1129,1.1332842156965934,1.491657377259756,1193.3259018078047,800.0,28503,32302,147,537.5,20.0,90.0,70.0,237.05707288340514,129.0,1.8376517277783344,202.21995926680245,145.0,1.3946204087365686,143.34231484405151,108.0,1.32724365596344,1.9453332778637886,2.360210729845152,1.155473581234041,1.1354538149650713,3.4169908913581715,1.5186808901970412,2.0936857032245717,2.196333044942448
C:\Users\JackM\40xMBPCNP\40xN1N2N3N4lif\Pranlukast_0606.lif,Pranlukast_0606,11,Image 12,Pranlukast_0606_S12_Image_12,8,40371,25060,3,40371,3335,24440,50,157,35,11.705357142857142,1.6366719872306466,1.9313025407428532,1861.7756492761105,964.0,41015,1.0568972777488792,1.0052917751841326,989.2071067811866,984.0,40371,42668,6.139430284857571,1.1811396124804265,807.8994949366117,684.0,3335,20475,1.617798690671031,1.8510561118852438,1747.39696961967,944.0,24440,39539,247,602.5,8.0,105.0,120.0,264.5643655098957,129.0,2.050886554340277,216.74302848575712,145.0,1.494779506798325,157.15908346972176,108.0,1.45517669879372,1.9453332778637886,2.360210729845152,1.155473581234041,1.1354538149650713,3.4169908913581715,1.5186808901970412,2.0936857032245717,2.196333044942448
C:\Users\JackM\40xMBPCNP\40xN1N2N3N4lif\Pranlukast_0606.lif,Pranlukast_0606,11,Image 12,Pranlukast_0606_S12_Image_12,9,40799,28766,3,40799,3351,27129,68,257,66,9.161290322580646,1.410276020301745,2.4465432839390164,2353.574639149334,962.0,40568,1.036250888502169,1.0061601642710472,980.0,974.0,40799,42278,9.084750820650552,1.357756224048063,1072.6274169979697,790.0,3351,30443,1.3627114895499282,2.095980114519477,1919.917784899841,916.0,27129,36969,216,752.5,8.0,35.0,105.0,241.99009779651462,129.0,1.8758922309807335,188.72187406744254,145.0,1.3015301659823624,169.50156658925872,108.0,1.5694589499005436,1.9453332778637886,2.360210729845152,1.155473581234041,1.1354538149650713,3.4169908913581715,1.5186808901970412,2.0936857032245717,2.196333044942448
C:\Users\JackM\40xMBPCNP\40xN1N2N3N4lif\Pranlukast_0606.lif,Pranlukast_0606,11,Image 12,Pranlukast_0606_S12_Image_12,10,49856,29938,2,49856,6384,27206,89,404,113,7.442446043165468,1.7407642461086246,3.048416018284677,3213.0304832720494,1054.0,52115,1.0871911103979461,1.0762943202679063,1134.414213562373,1054.0,49856,54203,6.778665413533835,1.4458861927284599,1373.5918830920368,950.0,6384,43275,1.839925016540469,3.0564823707684106,3099.2731239591685,1014.0,27206,50057,170,1047.5,22.0,110.0,82.5,196.015243902439,129.0,1.5194980147475892,232.09790100250626,145.0,1.6006751793276295,136.60376387561567,108.0,1.26484966551496,1.9453332778637886,2.360210729845152,1.155473581234041,1.1354538149650713,3.4169908913581715,1.5186808901970412,2.0936857032245717,2.196333044942448
C:\Users\JackM\40xMBPCNP\40xN1N2N3N4lif\Pranlukast_0606.lif,Pranlukast_0606,11,Image 12,Pranlukast_0606_S12_Image_12,11,16802,9318,2,16802,9249,69,25,46,12,13.023809523809524,1.6944623309723117,1.742594335039677,1094.3492424049173,628.0,15789,1.023330555886204,1.0,642.0,642.0,16802,17194,1.6958590117850578,1.6852694942753463,1058.3492424049175,628.0,9249,15685,1.0579710144927537,1.0,36.0,36.0,69,73,115,402.5,9.0,50.0,55.0,146.8482918700155,129.0,1.1383588517055465,302.5810357876527,145.0,2.0867657640527773,131.18840579710144,108.0,1.2147074610842725,1.9453332778637886,2.360210729845152,1.155473581234041,1.1354538149650713,3.4169908913581715,1.5186808901970412,2.0936857032245717,2.196333044942448
C:\Users\JackM\40xMBPCNP\40xN1N2N3N4lif\Pranlukast_0606.lif,Pranlukast_0606,11,Image 12,Pranlukast_0606_S12_Image_12,12,21097,12500,2,21097,5486,11270,39,124,30,8.604395604395604,1.69128,1.7680777266043761,1188.1482322781408,672.0,21141,1.0516187135611699,1.017691459103169,702.2071067811866,690.0,21097,22186,3.1667881881152025,1.685655809222255,1045.1066017177982,620.0,5486,17373,1.5771960958296363,1.507713937773919,1013.1837661840736,672.0,11270,17775,180,425.0,10.0,140.0,87.5,202.95634450395792,129.0,1.5733049961547125,240.21308786000728,145.0,1.6566419852414296,138.90736468500444,108.0,1.2861793026389299,1.9453332778637886,2.360210729845152,1.155473581234041,1.1354538149650713,3.4169908913581715,1.5186808901970412,2.0936857032245717,2.196333044942448
C:\Users\JackM\40xMBPCNP\40xN1N2N3N4lif\Pranlukast_0606.lif,Pranlukast_0606,11,Image 12,Pranlukast_0606_S12_Image_12,13,3688,2859,1,947,2859,0,7,13,1,12.363636363636363,1.1864288212661769,1.3219808829917266,341.0710678118655,258.0,3392,2.4213305174234425,0.8821705841910685,213.48528137423858,242.0,947,2293,1.1864288212661769,1.3219808829917266,341.0710678118655,258.0,2859,3392,,,0.0,0.0,0,0,52,112.5,7.0,30.0,22.5,141.4741288278775,129.0,1.0966986730843218,272.3109478838755,145.0,1.8780065371301757,114.80474757606152,108.0,1.0630069220005696,1.9453332778637886,2.360210729845152,1.155473581234041,1.1354538149650713,3.4169908913581715,1.5186808901970412,2.0936857032245717,2.196333044942448
C:\Users\JackM\40xMBPCNP\40xN1N2N3N4lif\Pranlukast_0606.lif,Pranlukast_0606,11,Image 12,Pranlukast_0606_S12_Image_12,14,63996,14698,1,63986,3642,12968,105,181,35,7.263473053892215,3.9067220029936047,2.54077454408073,2932.0538238691624,1154.0,57421,1.095599037289407,1.0375393571742926,1311.4497474683058,1264.0,63986,70103,13.394288852278967,0.827903123779417,912.3492424049175,1102.0,3642,48782,3.9569710055521283,2.3134257606688178,2526.260930650349,1092.0,12968,51314,346,1267.5,11.0,125.0,162.82258064516128,200.55112055762197,129.0,1.5546598492838912,195.17353102690828,145.0,1.3460243519097124,132.9567396668723,108.0,1.2310809228414101,1.9453332778637886,2.360210729845152,1.155473581234041,1.1354538149650713,3.4169908913581715,1.5186808901970412,2.0936857032245717,2.196333044942448
C:\Users\JackM\40xMBPCNP\40xN1N2N3N4lif\Pranlukast_0606.lif,Pranlukast_0606,11,Image 12,Pranlukast_0606_S12_Image_12,15,55848,33509,3,55848,4990,30709,79,309,52,9.635555555555555,2.1646124921662837,2.5198558281685663,3475.4030662740797,1379.2071067811867,72534,1.319689156281335,1.1010750757586567,1529.6213203435595,1389.2071067811867,55848,73702,10.863527054108216,0.8363961396667996,969.5563491861041,1159.2071067811867,4990,54209,2.201081116285128,2.3217916132061123,3202.231493398826,1379.2071067811867,30709,67593,206,1172.5,21.0,95.0,100.0,246.12288712218879,129.0,1.9079293575363472,241.92565130260522,145.0,1.6684527676041738,140.09082028069946,108.0,1.2971372248212913,1.9453332778637886,2.360210729845152,1.155473581234041,1.1354538149650713,3.4169908913581715,1.5186808901970412,2.0936857032245717,2.196333044942448
C:\Users\JackM\40xMBPCNP\40xN1N2N3N4lif\Pranlukast_0606.lif,Pranlukast_0606,11,Image 12,Pranlukast_0606_S12_Image_12,16,42461,10350,2,42461,6242,4627,73,150,38,8.209677419354838,4.302125603864734,2.697799351572903,2735.568542494924,1014.0,44527,1.2485810508466593,1.110555748931201,1201.6213203435595,1082.0,42461,53016,4.574174943928228,2.023481516983144,1533.7989898732233,758.0,6242,28552,7.584395936892155,1.536275931612921,1517.840620433566,988.0,4627,35093,346,942.5,7.0,125.0,170.0,196.86036598290195,129.0,1.5260493487046662,227.2784363985902,145.0,1.5674374924040704,129.9630430084288,108.0,1.2033615093373038,1.9453332778637886,2.360210729845152,1.155473581234041,1.1354538149650713,3.4169908913581715,1.5186808901970412,2.0936857032245717,2.196333044942448
C:\Users\JackM\40xMBPCNP\40xN1N2N3N4lif\Pranlukast_0606.lif,Pranlukast_0606,11,Image 12,Pranlukast_0606_S12_Image_12,17,41766,22862,3,41766,22199,926,61,158,55,11.330827067669173,1.9411250109351763,2.478438858503316,2324.7756492761105,938.0,44378,1.1150217880572715,1.1283407362304028,1083.2071067811867,960.0,41766,46570,1.7896301635208793,2.1794140382749165,2044.2903679018718,938.0,22199,39728,13.695464362850972,0.5796113172305112,405.72792206135784,700.0,926,12682,301,700.0,12.0,85.0,159.52830188679246,162.33014892496288,129.0,1.2583732474803324,360.40677507995855,145.0,2.4855639660686797,129.81317494600432,108.0,1.2019738420926327,1.9453332778637886,2.360210729845152,1.155473581234041,1.1354538149650713,3.4169908913581715,1.5186808901970412,2.0936857032245717,2.196333044942448
C:\Users\JackM\40xMBPCNP\40xN1N2N3N4lif\Pranlukast_0606.lif,Pranlukast_0606,11,Image 12,Pranlukast_0606_S12_Image_12,18,35978,24858,4,35977,21436,9077,60,285,74,8.978378378378379,1.5060745031780514,2.40338999459415,2211.118795026618,920.0,37438,1.0824693554215192,1.0247939175012677,959.2071067811866,936.0,35977,38944,1.5606456428438142,2.2289397521823546,1974.840620433566,886.0,21436,33454,3.593698358488487,2.129669730583896,1933.7401153701776,908.0,9077,32620,150,707.5,20.0,100.0,72.5,175.70422770103121,129.0,1.36204827675218,365.4067923119985,145.0,2.5200468435310244,131.4152252947009,108.0,1.2168076416176008,1.9453332778637886,2.360210729845152,1.155473581234041,1.1354538149650713,3.4169908913581715,1.5186808901970412,2.0936857032245717,2.196333044942448
C:\Users\JackM\40xMBPCNP\40xN1N2N3N4lif\Pranlukast_0606.lif,Pranlukast_0606,11,Image 12,Pranlukast_0606_S12_Image_12,19,14172,9237,2,1279,8904,3100,15,51,7,11.15,1.367327054238389,1.2509300272860202,700.5208152801713,560.0,12630,2.379202501954652,1.0561060919356469,291.4852813742385,276.0,1279,3043,1.4044249775381852,1.2844887651767587,719.3137084989849,560.0,8904,12505,1.1470967741935485,1.281880398091389,353.7989898732234,276.0,3100,3556,161,252.5,6.0,120.0,77.5,138.21188428459735,129.0,1.071409955694553,339.75685085354894,145.0,2.3431506955417167,144.15354838709678,108.0,1.3347550776583035,1.9453332778637886,2.360210729845152,1.155473581234041,1.1354538149650713,3.4169908913581715,1.5186808901970412,2.0936857032245717,2.196333044942448
C:\Users\JackM\40xMBPCNP\40xN1N2N3N4lif\Pranlukast_0606.lif,Pranlukast_0606,11,Image 12,Pranlukast_0606_S12_Image_12,20,7394,4058,1,7394,3821,237,16,22,9,11.409090909090908,1.6227205519960572,1.5438881878677044,651.5208152801713,422.0,6585,1.0204219637543954,1.0,438.0,438.0,7394,7545,1.5527348861554566,1.5155249866752938,575.8994949366116,380.0,3821,5933,1.139240506329114,1.0502961158827728,75.62132034355965,72.0,237,270,116,257.5,5.0,10.0,55.0,171.64809304841765,129.0,1.330605372468354,273.70034022507195,145.0,1.8875885532763583,129.75527426160338,108.0,1.2014377246444756,1.9453332778637886,2.360210729845152,1.155473581234041,1.1354538149650713,3.4169908913581715,1.5186808901970412,2.0936857032245717,2.196333044942448
C:\Users\JackM\40xMBPCNP\40xN1N2N3N4lif\Pranlukast_0606.lif,Pranlukast_0606,11,Image 12,Pranlukast_0606_S12_Image_12,21,57701,47039,4,57701,17421,41982,64,359,85,10.536796536796537,1.286464423138247,2.502019383423596,2977.4030662740797,1190.0,60514,1.0655274605292802,1.0086353346288335,1216.414213562373,1206.0,57701,61482,2.887434705240801,2.4494000203597097,2664.9472221513643,1088.0,17421,50302,1.3913820208660854,2.4316700315307074,2893.687337521542,1190.0,41982,58413,182,892.5,22.0,135.0,87.5,238.57692241035684,129.0,1.8494335070570298,269.4980196314792,145.0,1.858607031941236,175.7090657901005,108.0,1.6269357943527825,1.9453332778637886,2.360210729845152,1.155473581234041,1.1354538149650713,3.4169908913581715,1.5186808901970412,2.0936857032245717,2.196333044942448
C:\Users\JackM\40xMBPCNP\40xN1N2N3N4lif\Pranlukast_0606.lif,Pranlukast_0606,11,Image 12,Pranlukast_0606_S12_Image_12,22,3249,2014,1,2994,2014,0,9,27,4,9.947368421052632,1.5759682224428997,1.6611615308761591,421.9350288425444,254.0,3174,1.08249832999332,1.1264392261378282,290.62132034355966,258.0,2994,3241,1.5759682224428997,1.6611615308761591,421.9350288425444,254.0,2014,3174,,,0.0,0.0,0,0,75,112.5,4.0,15.0,35.0,138.8249832999332,129.0,1.076162661239792,238.82820258192652,145.0,1.6470910522891484,112.7675693101225,108.0,1.044144160278912,1.9453332778637886,2.360210729845152,1.155473581234041,1.1354538149650713,3.4169908913581715,1.5186808901970412,2.0936857032245717,2.196333044942448
C:\Users\JackM\40xMBPCNP\40xN1N2N3N4lif\Pranlukast_0606.lif,Pranlukast_0606,11,Image 12,Pranlukast_0606_S12_Image_12,23,31352,16718,1,31352,3714,15367,46,223,61,8.57857142857143,1.8742672568489054,2.6706431860479496,2366.1898628384834,886.0,31334,1.0565833120694055,1.0071269039581923,906.4142135623731,900.0,31352,33126,4.983037156704362,0.8805424278369111,649.142135623731,737.2071067811866,3714,18507,2.0167241491507775,2.6119312467775613,2308.9472221513643,884.0,15367,30991,228,747.5,9.0,145.0,110.0,190.98826231181422,129.0,1.4805291652078623,235.19197630586967,145.0,1.6220136296956529,138.47693108609357,108.0,1.2821938063527183,1.9453332778637886,2.360210729845152,1.155473581234041,1.1354538149650713,3.4169908913581715,1.5186808901970412,2.0936857032245717,2.196333044942448
C:\Users\JackM\40xMBPCNP\40xN1N2N3N4lif\Pranlukast_0606.lif,Pranlukast_0606,11,Image 12,Pranlukast_0606_S12_Image_12,24,51302,31543,1,51302,5209,30265,81,309,74,9.200873362445416,1.5147259296832896,2.574336643618493,2625.8233764908628,1020.0,47779,1.0241900900549685,1.0118285918422352,1044.2071067811867,1032.0,51302,52543,7.021693223267421,1.3188045567101612,1231.7634559672906,934.0,5209,36576,1.413315711217578,2.3973222423388,2361.8589103967956,985.2071067811866,30265,42774,279,922.5,11.0,245.0,137.5,340.42064636856264,129.0,2.6389197392911834,231.1067383374928,145.0,1.5938395747413296,148.3819924004626,108.0,1.3739073370413204,1.9453332778637886,2.360210729845152,1.155473581234041,1.1354538149650713,3.4169908913581715,1.5186808901970412,2.0936857032245717,2.196333044942448
C:\Users\JackM\40xMBPCNP\40xN1N2N3N4lif\Pranlukast_0606.lif,Pranlukast_0606,11,Image 12,Pranlukast_0606_S12_Image_12,25,101145,52241,2,101145,11286,44767,159,567,152,8.51338199513382,2.2380122891981395,4.185678491690156,6981.711724139181,1668.0,116916,1.2037767561421722,1.0681966589091472,1820.2071067811867,1704.0,101145,121756,8.584440900230375,1.8458974637586498,2963.0477272147527,1605.2071067811867,11286,96884,2.2746442692161635,3.5044721093456737,5607.155374953078,1600.0,44767,101829,445,2152.5,15.0,270.0,220.0,249.4974541499827,129.0,1.9340887918603311,212.91139464823675,145.0,1.4683544458499087,147.0092255456028,108.0,1.3611965328296554,1.9453332778637886,2.360210729845152,1.155473581234041,1.1354538149650713,3.4169908913581715,1.5186808901970412,2.0936857032245717,2.196333044942448
C:\Users\JackM\40xMBPCNP\40xN1N2N3N4lif\Pranlukast_0606.lif,Pranlukast_0606,11,Image 12,Pranlukast_0606_S12_Image_12,26,13402,7815,3,9431,7815,0,18,46,15,10.128205128205128,1.5044145873320538,1.4843252606706134,786.6923881554251,530.0,11757,1.2434524440674373,1.5192893501441405,771.7989898732234,508.0,9431,11727,1.5044145873320538,1.4843252606706134,786.6923881554251,530.0,7815,11757,,,0.0,0.0,0,0,168,277.5,9.0,65.0,82.5,142.2239423178878,129.0,1.1025111807588202,317.9143953934741,145.0,2.1925130716791315,114.46772145717355,108.0,1.059886309788644,1.9453332778637886,2.360210729845152,1.155473581234041,1.1354538149650713,3.4169908913581715,1.5186808901970412,2.0936857032245717,2.196333044942448
C:\Users\JackM\40xMBPCNP\40xN1N2N3N4lif\Pranlukast_0606.lif,Pranlukast_0606,11,Image 12,Pranlukast_0606_S12_Image_12,27,94031,41006,3,94031,6130,38101,124,431,104,9.236421725239616,2.232551333951129,3.4207638640333258,4741.17871555019,1386.0,91548,1.1342110580553222,1.101266564912072,1583.6213203435595,1438.0,94031,106651,9.980587275693312,1.3909974926223188,1776.5918830920368,1277.2071067811867,6130,61181,2.321015196451537,3.073895646852315,4174.350288425444,1358.0,38101,88433,429,1592.5,14.0,150.0,231.8918918918919,292.2659123055163,129.0,2.265627227174545,200.8168026101142,145.0,1.3849434662766495,150.26190913624313,108.0,1.3913139734837328,1.9453332778637886,2.360210729845152,1.155473581234041,1.1354538149650713,3.4169908913581715,1.5186808901970412,2.0936857032245717,2.196333044942448
C:\Users\JackM\40xMBPCNP\40xN1N2N3N4lif\Pranlukast_0606.lif,Pranlukast_0606,11,Image 12,Pranlukast_0606_S12_Image_12,28,32981,14318,1,32981,268,14283,68,242,86,6.830601092896175,2.589677329235927,2.4892901525852538,2529.118795026618,1016.0,37079,1.2058154695127499,1.0488395980361738,1078.2071067811867,1028.0,32981,39769,28.149253731343283,0.26516132866355,138.4142135623731,522.0,268,7544,2.5960232444164393,2.472557869120687,2512.118795026618,1016.0,14283,37079,352,862.5,10.0,115.0,172.5,229.48797792668506,129.0,1.778976573075078,187.73880597014926,145.0,1.2947503860010294,133.42379052019885,108.0,1.235405467779619,1.9453332778637886,2.360210729845152,1.155473581234041,1.1354538149650713,3.4169908913581715,1.5186808901970412,2.0936857032245717,2.196333044942448
C:\Users\JackM\40xMBPCNP\40xN1N2N3N4lif\Pranlukast_0606.lif,Pranlukast_0606,11,Image 12,Pranlukast_0606_S12_Image_12,29,30392,12298,2,30392,3139,9755,49,136,37,8.517857142857142,2.7827288990079686,2.254149568121263,2078.3259018078043,922.0,34222,1.2394380100026323,1.091030382861364,1045.2071067811867,958.0,30392,37669,5.477222045237337,1.1076812600223878,704.4852813742386,636.0,3139,17193,3.3904664274730907,2.059185333607865,1840.9116882454314,894.0,9755,33074,167,722.5,10.0,90.0,80.0,236.17504606475387,129.0,1.8308143105794874,210.8212806626314,145.0,1.4539398666388372,131.3752947206561,108.0,1.216437914080149,1.9453332778637886,2.360210729845152,1.155473581234041,1.1354538149650713,3.4169908913581715,1.5186808901970412,2.0936857032245717,2.196333044942448
C:\Users\JackM\40xMBPCNP\40xN1N2N3N4lif\Pranlukast_0606.lif,Pranlukast_0606,11,Image 12,Pranlukast_0606_S12_Image_12,30,90435,40899,3,90435,10960,33072,135,420,100,8.763803680981596,2.30729357686007,3.545574007720715,5304.17871555019,1496.0,94366,1.0959584231768673,1.0701825656207544,1607.414213562373,1502.0,90435,99113,5.792974452554745,1.4861585358880076,1932.00609665441,1300.0,10960,63491,2.4122218190614415,3.30815714720303,4472.628463018496,1352.0,33072,79777,238,1877.5,17.0,95.0,115.0,290.093890639686,129.0,2.2487898499200463,247.57554744525547,145.0,1.7074175685879687,142.81494920174165,108.0,1.322360640756867,1.9453332778637886,2.360210729845152,1.155473581234041,1.1354538149650713,3.4169908913581715,1.5186808901970412,2.0936857032245717,2.196333044942448
C:\Users\JackM\40xMBPCNP\40xN1N2N3N4lif\Pranlukast_0606.lif,Pranlukast_0606,11,Image 12,Pranlukast_0606_S12_Image_12,31,24062,11949,2,9792,11949,0,26,84,26,12.303571428571429,2.055904259770692,1.5600050969540118,1307.284271247462,838.0,24566,1.620608660130719,1.7057446441781043,1108.734018715768,650.0,9792,15869,2.055904259770692,1.5600050969540118,1307.284271247462,838.0,11949,24566,,,0.0,0.0,0,0,167,462.5,9.0,70.0,80.0,141.85212418300654,129.0,1.0996288696357095,337.07188886099254,145.0,2.3246337162827073,109.33895052473763,108.0,1.012397690043867,1.9453332778637886,2.360210729845152,1.155473581234041,1.1354538149650713,3.4169908913581715,1.5186808901970412,2.0936857032245717,2.196333044942448
C:\Users\JackM\40xMBPCNP\40xN1N2N3N4lif\Pranlukast_0606.lif,Pranlukast_0606,11,Image 12,Pranlukast_0606_S12_Image_12,32,2879,2086,1,2576,2086,0,4,20,4,8.714285714285714,1.224352828379674,1.4171600645710267,320.27817459305203,226.0,2554,1.029503105590062,1.0280564421337273,242.62132034355966,236.0,2576,2652,1.224352828379674,1.4171600645710267,320.27817459305203,226.0,2086,2554,,,0.0,0.0,0,0,44,97.5,7.0,35.0,20.0,146.76591614906832,129.0,1.137720280225336,245.69271332694152,145.0,1.694432505703045,112.79817905918058,108.0,1.0444275838813017,1.9453332778637886,2.360210729845152,1.155473581234041,1.1354538149650713,3.4169908913581715,1.5186808901970412,2.0936857032245717,2.196333044942448
C:\Users\JackM\40xMBPCNP\40xN1N2N3N4lif\Pranlukast_0606.lif,Pranlukast_0606,11,Image 12,Pranlukast_0606_S12_Image_12,33,21687,11956,2,21687,11467,2630,30,82,17,10.215384615384615,1.6209434593509535,1.653512370209135,1230.2132034355964,744.0,19380,1.0969244247705998,1.029194780002959,825.4142135623731,802.0,21687,23789,1.6295456527426528,1.6038429594352706,1135.5208152801715,708.0,11467,18686,6.204182509505704,1.107666475640583,753.2132034355964,680.0,2630,16317,129,387.5,13.0,95.0,62.5,175.2279706736755,129.0,1.3583563618114378,339.9012819394785,145.0,2.3441467719964035,130.20798479087452,108.0,1.2056294888043937,1.9453332778637886,2.360210729845152,1.155473581234041,1.1354538149650713,3.4169908913581715,1.5186808901970412,2.0936857032245717,2.196333044942448
C:\Users\JackM\40xMBPCNP\40xN1N2N3N4lif\Pranlukast_0606.lif,Pranlukast_0606,11,Image 12,Pranlukast_0606_S12_Image_12,34,36365,20079,4,2580,20079,0,41,104,26,12.69767441860465,2.550923850789382,1.8840802093659315,2102.6335136523794,1116.0,51220,4.5124031007751935,1.2101467006496223,658.3198051533946,544.0,2580,11642,2.550923850789382,1.8840802093659315,2102.6335136523794,1116.0,20079,51220,,,0.0,0.0,0,0,213,727.5,9.0,80.0,105.0,138.91240310077518,129.0,1.0768403341145363,368.31087205538125,145.0,2.5400749796922844,111.2501684149745,108.0,1.0300941519905047,1.9453332778637886,2.360210729845152,1.155473581234041,1.1354538149650713,3.4169908913581715,1.5186808901970412,2.0936857032245717,2.196333044942448
C:\Users\JackM\40xMBPCNP\40xN1N2N3N4lif\Pranlukast_0606.lif,Pranlukast_0606,11,Image 12,Pranlukast_0606_S12_Image_12,35,25899,13734,2,11919,13693,144,31,103,15,11.142857142857142,1.7891364496869084,2.1110870302878375,1650.8700576850888,782.0,24572,1.6968705428307744,1.7831707525231915,1323.1126983722081,742.0,11919,20225,1.7944935368436428,2.10006232396615,1642.2487373415292,782.0,13693,24572,2.1527777777777777,0.6229653535485392,69.27817459305203,111.20710678118655,144,310,143,582.5,13.0,105.0,70.0,143.95091870123332,129.0,1.115898594583204,392.2404148104871,145.0,2.705106309037842,128.66666666666666,108.0,1.191358024691358,1.9453332778637886,2.360210729845152,1.155473581234041,1.1354538149650713,3.4169908913581715,1.5186808901970412,2.0936857032245717,2.196333044942448
C:\Users\JackM\40xMBPCNP\40xN1N2N3N4lif\Pranlukast_0606.lif,Pranlukast_0606,11,Image 12,Pranlukast_0606_S12_Image_12,36,28114,15592,2,17157,15592,0,32,98,25,13.36111111111111,1.8629425346331452,2.2098688039201537,1851.8700576850888,838.0,29047,1.2692778457772338,1.6877516862446957,1306.3198051533946,774.0,17157,21777,1.8629425346331452,2.2098688039201537,1851.8700576850888,838.0,15592,29047,,,0.0,0.0,0,0,138,637.5,15.0,85.0,65.0,142.64877309552952,129.0,1.105804442601004,318.33542842483325,145.0,2.195416747757471,112.13567907995619,108.0,1.0382933248144093,1.9453332778637886,2.360210729845152,1.155473581234041,1.1354538149650713,3.4169908913581715,1.5186808901970412,2.0936857032245717,2.196333044942448
C:\Users\JackM\40xMBPCNP\40xN1N2N3N4lif\Pranlukast_0606.lif,Pranlukast_0606,11,Image 12,Pranlukast_0606_S12_Image_12,37,30098,15187,2,27042,3949,12505,52,221,51,7.609756097560975,1.9656284980575491,2.5876860826097303,2142.6040764008567,828.0,29852,1.1305007026107536,1.5479809703885627,1238.3847763108502,800.0,27042,30571,6.445935679918967,1.5430222842430006,1191.2132034355964,772.0,3949,25455,1.7506597361055578,2.314662199414517,1523.0477272147523,658.0,12505,21892,241,682.5,9.0,75.0,124.65116279069767,157.60598328525995,129.0,1.2217518084128678,206.89187135983792,145.0,1.4268404921368132,134.6954018392643,108.0,1.2471796466598546,1.9453332778637886,2.360210729845152,1.155473581234041,1.1354538149650713,3.4169908913581715,1.5186808901970412,2.0936857032245717,2.196333044942448
C:\Users\JackM\40xMBPCNP\40xN1N2N3N4lif\Pranlukast_0606.lif,Pranlukast_0606,11,Image 12,Pranlukast_0606_S12_Image_12,38,19727,8375,2,19540,3726,5860,34,87,35,9.5,2.674626865671642,2.0633567820391177,1543.39087296526,748.0,22400,1.2382804503582394,1.2618070547075275,956.4497474683059,758.0,19540,24196,2.3341384863123995,1.5688349508542965,778.1421356237311,496.0,3726,8697,3.186518771331058,1.6180841412597957,1106.7695526217003,684.0,5860,18673,211,515.0,8.0,115.0,104.87179487179488,180.87154554759468,129.0,1.40210500424492,233.28609769189478,145.0,1.6088696392544468,132.22901023890785,108.0,1.224342687397295,1.9453332778637886,2.360210729845152,1.155473581234041,1.1354538149650713,3.4169908913581715,1.5186808901970412,2.0936857032245717,2.196333044942448
C:\Users\JackM\40xMBPCNP\40xN1N2N3N4lif\Pranlukast_0606.lif,Pranlukast_0606,11,Image 12,Pranlukast_0606_S12_Image_12,39,6115,2311,1,3580,2243,204,12,38,8,6.851851851851852,1.5975768065772393,1.6690465733677262,460.6568542494924,276.0,3692,1.4483240223463687,1.5678955884779733,548.7634559672906,350.0,3580,5185,1.4284440481497993,1.663922611185215,459.2426406871193,276.0,2243,3204,3.122549019607843,0.5625431018006786,77.86396103067892,138.4142135623731,204,637,58,145.0,10.0,30.0,27.5,138.64525139664804,129.0,1.0747693906716902,199.02452073116362,145.0,1.372582901594232,129.01960784313727,108.0,1.1946259985475673,1.9453332778637886,2.360210729845152,1.155473581234041,1.1354538149650713,3.4169908913581715,1.5186808901970412,2.0936857032245717,2.196333044942448
