calcium_label,calcium AUC,calcium response time,calcium_auc_w1,calcium_auc_w2,calcium_auc_w3,calcium_auc_norm_w1,calcium_auc_norm_w2,calcium_auc_norm_w3,calcium_active_time_w1,calcium_active_time_w2,calcium_active_time_w3,calcium_response_time_w1,calcium_response_time_w2,calcium_response_time_w3,calcium_auc_w2_w3,calcium_auc_norm_w2_w3,calcium_AUC_norm,calcium_baseline_F0,calcium_baseline_mean_dff,calcium_baseline_sd_dff
1,25.645179694518447,0.0,1.928982677811291,0.1317168679088354,25.51346282660961,0.02967665658171217,0.0018816695415547916,0.4182534889608133,65.0,70.0,61.0,0.015151515151515152,0.0,0.9838709677419355,25.645179694518447,0.19576473049250723,0.19576473049250723,1010.2735595703125,-0.006508576683700085,0.0345221608877182
2,37.65874417126179,0.971830985915493,11.91156754642725,21.695109114050865,15.963635057210922,0.18325488532965,0.30993013020072663,0.2616989353641135,65.0,70.0,61.0,0.7424242424242424,0.971830985915493,1.0,37.65874417126179,0.2874713295516167,0.2874713295516167,4117.5166015625,0.0011919495882466435,0.02698543481528759
3,56.76154026389122,1.0,22.82369340956211,31.516267836093903,25.245272427797318,0.35113374476249404,0.45023239765848433,0.41385692504585764,65.0,70.0,61.0,0.9696969696969697,1.0,1.0,56.76154026389122,0.4332942004877192,0.4332942004877192,4559.099609375,0.007492086384445429,0.04129676893353462
4,62.20827367436141,0.0,1.4587577898055315,0.09340241085737944,62.11487126350403,0.022442427535469715,0.0013343201551054204,1.0182765780902299,65.0,70.0,61.0,0.0,0.0,1.0,62.20827367436141,0.4748723181248962,0.4748723181248962,1249.997802734375,-0.0013302299194037914,0.030956460162997246
5,17.204529136419296,0.6901408450704225,8.39691886678338,10.289263851940632,6.915265284478664,0.1291833671812828,0.14698948359915187,0.11336500466358466,65.0,70.0,61.0,0.5454545454545454,0.6901408450704225,0.3548387096774194,17.204529136419296,0.13133228348411677,0.13133228348411677,5841.23291015625,0.0021373482886701822,0.022827502340078354
6,17.93985467776656,0.0,1.6949963429942727,2.8983280323445797,15.041526645421982,0.026076866815296505,0.04140468617635114,0.24658240402331116,65.0,70.0,61.0,0.045454545454545456,0.0,1.0,17.93985467776656,0.13694545555546994,0.13694545555546994,4808.90234375,0.007884444668889046,0.025103196501731873
7,15.051248464733362,0.43661971830985913,6.589220128953457,9.236820481717587,5.814427983015776,0.10137261736851472,0.13195457831025123,0.09531849152484878,65.0,70.0,61.0,0.21212121212121213,0.43661971830985913,0.04838709677419355,15.051248464733362,0.11489502644834627,0.11489502644834627,5629.9609375,0.0077227018773555756,0.027115747332572937
8,13.606686376035213,0.0,3.7174283768981695,7.544841393828392,6.061844982206821,0.05719120579843338,0.10778344848326274,0.09937450790502986,65.0,70.0,61.0,0.0,0.0,0.0,13.606686376035213,0.10386783493156651,0.10386783493156651,4864.63330078125,-0.0015632323920726776,0.04252169281244278
9,2.1063240881685488,0.0,2.3242234324570745,1.93146516494744,0.17485892322110885,0.035757283576262684,0.027592359499249142,0.002866539724936211,65.0,70.0,61.0,0.10606060606060606,0.0,0.0,2.1063240881685488,0.0160788098333477,0.0160788098333477,6417.4697265625,0.0013461718335747719,0.01633801870048046
10,29.81949120759964,0.9859154929577465,6.741076143458486,14.741532728075981,15.077958479523659,0.10370886374551516,0.21059332468679973,0.24717964720530589,65.0,70.0,61.0,0.5757575757575758,0.9859154929577465,1.0,29.81949120759964,0.2276297038748064,0.2276297038748064,5237.7587890625,-0.0007165310089476407,0.020047573372721672
11,74.5680109411478,0.9859154929577465,7.3232609843835235,30.750563636422157,43.81744730472565,0.11266555360590036,0.43929376623460226,0.7183188082741909,65.0,70.0,61.0,0.09090909090909091,0.9859154929577465,1.0,74.5680109411478,0.5692214575660137,0.5692214575660137,1356.3814697265625,0.007928553968667984,0.056565843522548676
12,37.740807849913836,0.0,2.790500364935724,5.997359946370125,31.74344790354371,0.042930774845164985,0.08567657066243035,0.5203843918613723,65.0,70.0,61.0,0.0,0.0,0.3548387096774194,37.740807849913836,0.2880977698466705,0.2880977698466705,1136.4639892578125,0.008900485001504421,0.059430260211229324
13,43.23955967510119,0.0,1.09265843546018,0.7545619704760611,42.48499770462513,0.016810129776310464,0.010779456721086588,0.6964753722069693,65.0,70.0,61.0,0.0,0.0,0.8548387096774194,43.23955967510119,0.3300729746190931,0.3300729746190931,1928.237548828125,0.0035029107239097357,0.05373913049697876
14,84.27235769480467,0.1267605633802817,4.265874681062996,9.237928979098797,75.03442871570587,0.06562884124712302,0.13197041398712567,1.2300726018968176,65.0,70.0,61.0,0.13636363636363635,0.1267605633802817,1.0,84.27235769480467,0.6433004404183562,0.6433004404183562,1386.228759765625,0.0048811836168169975,0.03598950430750847
15,82.4001080095768,1.0,15.591753616929054,36.65117135643959,45.74893665313721,0.2398731325681393,0.5235881622348513,0.7499825680842165,65.0,70.0,61.0,0.9696969696969697,1.0,1.0,82.4001080095768,0.6290084580883725,0.6290084580883725,1689.1866455078125,-0.005479893181473017,0.03052847646176815
16,36.62094174558297,0.11267605633802817,3.4512941575376317,4.927925007883459,31.69301673769951,0.05309683319288664,0.07039892868404941,0.5195576514376968,65.0,70.0,61.0,0.22727272727272727,0.11267605633802817,1.0,36.62094174558297,0.2795491736304043,0.2795491736304043,1553.068603515625,-0.007234166841953993,0.027283353731036186
17,3.90237691233051,0.0,3.760811893560458,1.951071704068454,1.9513052082620561,0.057858644516314735,0.027872452915263628,0.03198860997150912,65.0,70.0,61.0,0.0,0.0,0.0,3.90237691233051,0.029789136735347405,0.029789136735347405,7399.57568359375,0.008786417543888092,0.02701554447412491
18,37.3151910752058,0.07042253521126761,3.8608394308539573,10.122934609651566,27.192256465554237,0.0593975297054455,0.14461335156645094,0.44577469615662685,65.0,70.0,61.0,0.045454545454545456,0.07042253521126761,0.5161290322580645,37.3151910752058,0.2848487868336321,0.2848487868336321,1390.388671875,-0.0037812828086316586,0.045311339199543
19,14.22653042525053,0.0,2.8064692431944422,1.255630038678646,12.970900386571884,0.04317644989529911,0.017937571981123515,0.21263771125527678,65.0,70.0,61.0,0.07575757575757576,0.0,0.24193548387096775,14.22653042525053,0.10859946889504221,0.10859946889504221,1096.013427734375,-0.00601166021078825,0.042039722204208374
20,43.45777624845505,0.08450704225352113,11.201108674984425,20.72338357567787,22.734392672777176,0.17232474884591423,0.29604833679539816,0.3726949618488062,65.0,70.0,61.0,0.045454545454545456,0.08450704225352113,0.1935483870967742,43.45777624845505,0.33173874998820646,0.33173874998820646,1389.878173828125,0.030953729525208473,0.08058741688728333
21,0.6396859904534722,0.0,2.02483770577237,0.48675540996646305,0.15293058048700914,0.031151349319574924,0.006953648713806615,0.0025070586965083466,65.0,70.0,61.0,0.0,0.0,0.0,0.6396859904534722,0.004883099163766964,0.004883099163766964,1520.8021240234375,0.0031186961568892,0.040214113891124725
22,78.58438814803958,0.352112676056338,5.54392305854708,12.471614371985197,66.11277377605438,0.08529112397764738,0.17816591959978853,1.0838159635418751,65.0,70.0,61.0,0.030303030303030304,0.352112676056338,1.0,78.58438814803958,0.5998808255575541,0.5998808255575541,1014.7330932617188,0.007329237647354603,0.041977886110544205
23,14.543165490031242,0.5774647887323944,7.35299015045166,8.88658793270588,5.656577557325363,0.113122925391564,0.12695125618151257,0.09273077962828465,65.0,70.0,61.0,0.4090909090909091,0.5774647887323944,0.11290322580645161,14.543165490031242,0.11101653045825376,0.11101653045825376,4794.021484375,0.004960665944963694,0.023647043853998184
24,17.887425841297954,0.0,3.0066133863292634,0.7258092327974737,17.16161660850048,0.04625559055891174,0.010368703325678194,0.2813379771885325,65.0,70.0,61.0,0.06060606060606061,0.0,0.5483870967741935,17.887425841297954,0.13654523542975538,0.13654523542975538,1307.9263916015625,-0.006470610853284597,0.03549260273575783
25,104.24740955606103,0.4788732394366197,6.136850489769131,12.293440792709589,91.95396876335144,0.09441308445798663,0.17562058275299414,1.5074421108746139,65.0,70.0,61.0,0.18181818181818182,0.4788732394366197,1.0,104.24740955606103,0.7957817523363437,0.7957817523363437,994.0665893554688,0.007388120982795954,0.03775210306048393
26,81.28775124624372,0.352112676056338,5.132631844840944,9.184910584241152,72.10284066200256,0.07896356684370683,0.13121300834630217,1.1820137813443043,65.0,70.0,61.0,0.21212121212121213,0.352112676056338,1.0,81.28775124624372,0.6205171850858299,0.6205171850858299,1184.41796875,0.0010650833137333393,0.0323026180267334
27,22.031353622674942,0.9859154929577465,8.133231148123741,12.372303664684296,9.659049957990646,0.12512663304805755,0.17674719520977566,0.1583450812785352,65.0,70.0,61.0,0.9090909090909091,0.9859154929577465,1.0,22.031353622674942,0.16817827192881635,0.16817827192881635,6556.9873046875,-0.0022830141242593527,0.020729361101984978
28,71.68525633215904,1.0,19.113014981150627,36.22396072745323,35.46129560470581,0.29404638432539426,0.5174851532493319,0.5813327148312428,65.0,70.0,61.0,0.9848484848484849,1.0,1.0,71.68525633215904,0.5472156971920538,0.5472156971920538,2814.51708984375,0.0017021131934598088,0.03853067383170128
29,14.296560601796955,0.0,0.9715096243890002,0.0,14.296560601796955,0.014946301913676926,0.0,0.2343698459310976,65.0,70.0,61.0,0.0,0.0,0.3870967741935484,14.296560601796955,0.1091340503953966,0.1091340503953966,2124.0205078125,-0.006553653161972761,0.03209994360804558
30,11.6390712732682,0.2676056338028169,2.7933324716286734,3.5227404410252348,8.116330832242966,0.04297434571736421,0.05032486344321764,0.13305460380726172,65.0,70.0,61.0,0.22727272727272727,0.2676056338028169,1.0,11.6390712732682,0.08884787231502443,0.08884787231502443,5149.9609375,0.000748473044950515,0.015398419462144375
31,35.24972809385508,0.0,3.870568028651178,3.441102589480579,31.808625504374504,0.05954720044078735,0.04915860842115113,0.5214528771208935,65.0,70.0,61.0,0.13636363636363635,0.0,0.9032258064516129,35.24972809385508,0.269081893846222,0.269081893846222,929.56884765625,0.002941644750535488,0.037447232753038406
32,29.47117903828621,0.22535211267605634,9.821487959474325,17.18716435134411,12.2840146869421,0.15109981476114345,0.24553091930491583,0.2013772899498705,65.0,70.0,61.0,0.015151515151515152,0.22535211267605634,0.06451612903225806,29.47117903828621,0.22497083235332985,0.22497083235332985,1644.4755859375,0.00559754204005003,0.05645275115966797
33,15.164477235171944,0.3380281690140845,2.6802481142804027,5.463181393221021,9.701295841950923,0.04123458637354466,0.07804544847458601,0.15903763675329383,65.0,70.0,61.0,0.18181818181818182,0.3380281690140845,0.27419354838709675,15.164477235171944,0.11575936820741942,0.11575936820741942,1376.6353759765625,0.0024870261549949646,0.023718221113085747
34,9.38067670725286,0.5211267605633803,3.205357675324194,5.381955610588193,3.998721096664667,0.049313195004987605,0.0768850801512599,0.0655528048633552,65.0,70.0,61.0,0.2727272727272727,0.5211267605633803,0.12903225806451613,9.38067670725286,0.07160821913933481,0.07160821913933481,8259.0703125,-0.0012255876790732145,0.017164692282676697
35,31.252969569526613,0.0,0.7292436738498509,2.245001151226461,29.007968418300152,0.01121913344384386,0.03207144501752087,0.47554046587377297,65.0,70.0,61.0,0.015151515151515152,0.0,0.7741935483870968,31.252969569526613,0.23857228679027948,0.23857228679027948,1162.1895751953125,-0.006794161628931761,0.030159788206219673
36,16.94727662205696,0.7605633802816901,5.405297368764877,9.80257173627615,7.144704885780811,0.08315842105792119,0.14003673908965927,0.11712630960296412,65.0,70.0,61.0,0.045454545454545456,0.7605633802816901,0.3709677419354839,16.94727662205696,0.1293685238324959,0.1293685238324959,5925.74755859375,0.003586709266528487,0.02370418794453144
37,82.28087446093559,1.0,24.57592672109604,43.083569437265396,39.1973050236702,0.37809118032455447,0.6154795633895057,0.6425787708798393,65.0,70.0,61.0,0.9848484848484849,1.0,1.0,82.28087446093559,0.6280982783277527,0.6280982783277527,1985.157958984375,0.014648523181676865,0.04292654991149902
38,27.954034462571144,1.0,15.460566714406013,15.832484915852547,12.121549546718597,0.23785487252932327,0.22617835594075067,0.19871392699538684,65.0,70.0,61.0,1.0,1.0,1.0,27.954034462571144,0.2133895760501614,0.2133895760501614,5982.6103515625,0.002886078553274274,0.02920927293598652
39,23.352500073611736,0.9154929577464789,8.351386689580977,13.238969035446644,10.113531038165092,0.12848287214739965,0.1891281290778092,0.1657955907895917,65.0,70.0,61.0,0.48484848484848486,0.9154929577464789,1.0,23.352500073611736,0.1782633593405476,0.1782633593405476,3197.38330078125,0.002593215322121978,0.024463072419166565
40,108.31019854545593,1.0,35.019652277231216,54.518387854099274,53.79181069135666,0.5387638811881725,0.7788341122014182,0.8818329621533878,65.0,70.0,61.0,0.9848484848484849,1.0,1.0,108.31019854545593,0.8267954087439384,0.8267954087439384,1275.0750732421875,0.013398301787674427,0.054614342749118805
41,27.33242840319872,0.0,0.3376512515824288,0.0,27.33242840319872,0.005194634639729674,0.0,0.4480725967737495,65.0,70.0,61.0,0.0,0.0,0.5161290322580645,27.33242840319872,0.20864449162747115,0.20864449162747115,846.8412475585938,-0.0003537129086907953,0.045656539499759674
42,59.23160400940105,0.014084507042253521,3.145966554293409,5.8457015748135746,53.38590243458748,0.04839948545066783,0.08351002249733679,0.8751787284358603,65.0,70.0,61.0,0.06060606060606061,0.014084507042253521,1.0,59.23160400940105,0.4521496489267256,0.4521496489267256,986.0296020507812,-0.0044984896667301655,0.045718785375356674
43,6.108690976980142,0.0,2.3442545042489655,4.2614176804199815,1.8472732965601608,0.03606545391152255,0.060877395434571165,0.03028316879606821,65.0,70.0,61.0,0.0,0.0,0.0,6.108690976980142,0.04663122883190948,0.04663122883190948,3586.70654296875,0.0028573493473231792,0.06442786008119583
44,18.50972418487072,0.028169014084507043,0.8013413604348898,3.2415660806000233,15.268158104270697,0.012328328622075228,0.046308086865714616,0.2502976738405032,65.0,70.0,61.0,0.0,0.028169014084507043,0.43548387096774194,18.50972418487072,0.141295604464662,0.141295604464662,1277.296142578125,-0.020526275038719177,0.040444210171699524
45,30.882811625488102,0.014084507042253521,5.729455746943131,9.433885698206723,21.44892592728138,0.08814547302989433,0.13476979568866745,0.3516217365128095,65.0,70.0,61.0,0.0,0.014084507042253521,0.3870967741935484,30.882811625488102,0.23574665362968017,0.23574665362968017,347.5699462890625,0.0029330484103411436,0.06619453430175781
46,0.35577267582993954,0.0,1.2557975231320597,0.3549042023951188,0.0008684734348207712,0.01931996189433938,0.005070060034215983,1.423726942329133e-05,65.0,70.0,61.0,0.25757575757575757,0.0,0.0,0.35577267582993954,0.002715821952900302,0.002715821952900302,5748.794921875,-0.0003310665488243103,0.007759862579405308
47,12.817084545909893,0.23943661971830985,7.728035442531109,7.601454621821176,5.2156299240887165,0.11889285296201706,0.10859220888315967,0.08550212990309371,65.0,70.0,61.0,0.3787878787878788,0.23943661971830985,0.016129032258064516,12.817084545909893,0.09784034004511369,0.09784034004511369,3801.7099609375,-0.004987260326743126,0.03184496983885765
48,13.567603858187795,0.36619718309859156,5.413635326141957,8.866445882245898,4.701157975941896,0.08328669732526088,0.12666351260351283,0.07706816354003108,65.0,70.0,61.0,0.2727272727272727,0.36619718309859156,0.06451612903225806,13.567603858187795,0.10356949510067019,0.10356949510067019,4062.87548828125,0.007058863993734121,0.028212355449795723
49,3.603223993217398,0.014084507042253521,2.193766423733905,3.06999658584391,0.533227407373488,0.03375025267282931,0.04385709408348443,0.008741432907762097,65.0,70.0,61.0,0.0,0.014084507042253521,0.0,3.603223993217398,0.027505526665781665,0.027505526665781665,2952.836669921875,0.0018147096270695329,0.03270871192216873
50,53.06486624479294,1.0,11.90092945843935,26.071936190128326,26.992930054664612,0.18309122243752846,0.3724562312875475,0.44250705007646907,65.0,70.0,61.0,0.6212121212121212,1.0,1.0,53.06486624479294,0.4050753148457476,0.4050753148457476,1442.03173828125,0.0010089967399835587,0.0270660612732172
51,4.457821314688772,0.5633802816901409,2.452003082376905,3.038799026980996,1.4190222877077758,0.037723124344260076,0.04341141467115709,0.023262660454225835,65.0,70.0,61.0,0.4090909090909091,0.5633802816901409,0.06451612903225806,4.457821314688772,0.034029170341135666,0.034029170341135666,5507.23046875,0.0008707219385541975,0.00843963772058487
52,13.94228170486167,0.0,1.704898965981556,0.0,13.94228170486167,0.02622921486125471,0.0,0.22856199516166673,65.0,70.0,61.0,0.0,0.0,0.24193548387096775,13.94228170486167,0.10642963133482192,0.10642963133482192,1436.584228515625,0.024149760603904724,0.05301441252231598
53,14.940249439328909,0.028169014084507043,3.803949480643496,8.47542622499168,6.46482321433723,0.05852229970220763,0.12107751749988113,0.10598070843175786,65.0,70.0,61.0,0.045454545454545456,0.028169014084507043,0.0,14.940249439328909,0.11404770564373212,0.11404770564373212,902.775146484375,0.00023655395489186049,0.04781727492809296
54,47.93240815401077,0.9859154929577465,18.505968287587166,27.06432816386223,20.868079990148544,0.28470720442441794,0.3866332594837461,0.34209967196964824,65.0,70.0,61.0,0.7727272727272727,0.9859154929577465,1.0,47.93240815401077,0.3658962454504639,0.3658962454504639,2936.8857421875,0.013673017732799053,0.046897344291210175
55,7.185746246250346,0.1267605633802817,2.991377703845501,4.569546255283058,2.6161999909672886,0.04602119544377694,0.06527923221832939,0.0428885244420867,65.0,70.0,61.0,0.045454545454545456,0.1267605633802817,0.0,7.185746246250346,0.054853024780536996,0.054853024780536996,3676.407958984375,-0.0002394101902609691,0.02285945788025856
56,32.08471154421568,0.971830985915493,7.780039585195482,16.823405660688877,15.261305883526802,0.11969291669531511,0.24033436658126967,0.2501853423528984,65.0,70.0,61.0,0.45454545454545453,0.971830985915493,1.0,32.08471154421568,0.24492146216958532,0.24492146216958532,1472.7969970703125,0.0019297770923003554,0.025424927473068237
57,70.9057267010212,1.0,14.132690787315369,35.48473408818245,35.420992612838745,0.2109356833927667,0.5069247726883207,0.5806720100465368,67.0,70.0,61.0,0.8676470588235294,1.0,1.0,70.9057267010212,0.5412650893207724,0.5412650893207724,6197.30517578125,-0.000525343872141093,0.0195001307874918
58,2.461010134546086,0.09859154929577464,1.2129550352692604,2.461010134546086,0.0,0.01866084669645016,0.03515728763637266,0.0,65.0,70.0,61.0,0.030303030303030304,0.09859154929577464,0.0,2.461010134546086,0.018786336904931956,0.018786336904931956,2962.116943359375,0.007697504945099354,0.02100658230483532
59,0.11395542277023196,0.0,1.4212916424730793,0.11395542277023196,0.0,0.021866025268816605,0.0016279346110033139,0.0,65.0,70.0,61.0,0.09090909090909091,0.0,0.0,0.11395542277023196,0.0008698887234368852,0.0008698887234368852,5509.8427734375,-0.0006498179282061756,0.019671615213155746
60,23.98782680463046,0.0,1.6979908109642565,0.14552291948348284,23.842303885146976,0.026122935553296256,0.0020788988497640404,0.39085744074011436,65.0,70.0,61.0,0.0,0.0,0.25806451612903225,23.98782680463046,0.1831131817147363,0.1831131817147363,1904.1119384765625,0.006306864321231842,0.06748680025339127
61,5.015333902614657,0.4788732394366197,3.7383323339745402,3.74561309046112,1.2697208121535368,0.05751280513806985,0.05350875843515886,0.020815095281205523,65.0,70.0,61.0,0.3939393939393939,0.4788732394366197,0.016129032258064516,5.015333902614657,0.038284991623012646,0.038284991623012646,5303.2236328125,-0.0004762694879900664,0.014474678784608841
62,21.883983550593257,0.0,3.1246298160403967,5.979764958843589,15.904218591749668,0.04807122793908303,0.08542521369776555,0.26072489494671586,65.0,70.0,61.0,0.0,0.0,0.16129032258064516,21.883983550593257,0.1670533095465134,0.1670533095465134,393.4395751953125,0.01897798664867878,0.068439781665802
63,7.927949953067582,0.04225352112676056,3.378317297436297,4.502697058196645,3.425252894870937,0.05197411226825072,0.0643242436885235,0.0561516868011629,65.0,70.0,61.0,0.19696969696969696,0.04225352112676056,0.016129032258064516,7.927949953067582,0.06051870193181361,0.06051870193181361,700.0864868164062,0.004468877799808979,0.0282905213534832
64,13.245073094614781,0.09859154929577464,5.08823789935559,5.012971497722901,8.23210159689188,0.07828058306700908,0.0716138785388986,0.13495248519494885,65.0,70.0,61.0,0.24242424242424243,0.09859154929577464,0.3064516129032258,13.245073094614781,0.10110742820316627,0.10110742820316627,963.4431762695312,0.004225817508995533,0.02962099388241768
65,1.5496018528938293,0.0,0.4766371352598071,0.0,1.5496018528938293,0.007332879003997032,0.0,0.025403309063833267,65.0,70.0,61.0,0.0,0.0,0.06451612903225806,1.5496018528938293,0.011829021777815491,0.011829021777815491,3625.6015625,0.006034836173057556,0.03975408151745796
66,36.17930555343628,0.5915492957746479,4.616574881831184,15.283312112092972,20.895993441343307,0.07102422895124899,0.21833303017275674,0.34255726953021814,65.0,70.0,61.0,0.07575757575757576,0.5915492957746479,0.967741935483871,36.17930555343628,0.2761779049880632,0.2761779049880632,1611.4013671875,-0.001270080334506929,0.04009784013032913
67,22.40683016180992,0.0,12.125372029840946,12.2165058106184,10.19032435119152,0.1865441850744761,0.17452151158026286,0.16705449756051674,65.0,70.0,61.0,0.07575757575757576,0.0,0.0,22.40683016180992,0.17104450505198412,0.17104450505198412,6916.6044921875,-0.007098079193383455,0.04951762408018112
68,11.674541374115506,0.056338028169014086,2.96080609515775,4.528979907539906,7.1455614665756,0.045550863002426924,0.0646997129648558,0.11714035191107541,65.0,70.0,61.0,0.16666666666666666,0.056338028169014086,0.25806451612903225,11.674541374115506,0.08911863644362981,0.08911863644362981,1622.1197509765625,-0.005039404612034559,0.026816602796316147
69,36.11116133630276,0.971830985915493,17.387190349400043,20.157632246613503,15.953529089689255,0.26749523614461607,0.28796617495162147,0.2615332637653976,65.0,70.0,61.0,0.8333333333333334,0.971830985915493,1.0,36.11116133630276,0.2756577201244485,0.2756577201244485,2624.8603515625,0.01431440468877554,0.03757382556796074
70,87.48602315410972,0.0,0.6162504879757762,0.03953227028250694,87.44649088382721,0.009480776738088864,0.0005647467183215278,1.4335490308824133,65.0,70.0,61.0,0.0,0.0,1.0,87.48602315410972,0.6678322378176315,0.6678322378176315,566.7374877929688,0.0011226001661270857,0.04121510684490204
71,0.0,0.0,1.1740564028732479,0.0,0.0,0.01806240619804997,0.0,0.0,65.0,70.0,61.0,0.0,0.0,0.0,0.0,0.0,0.0,2468.90380859375,0.005773868411779404,0.03886600583791733
72,1.689816063735634,0.08450704225352113,1.8444995922618546,1.4474064789828844,0.24240958475274965,0.028376916804028533,0.020677235414041206,0.003973927618897535,65.0,70.0,61.0,0.3484848484848485,0.08450704225352113,0.0,1.689816063735634,0.012899359265157511,0.012899359265157511,5267.904296875,-6.506830686703324e-05,0.008531241677701473
73,0.0026604055892676115,0.0,0.23974190279841423,0.0026604055892676115,0.0,0.00368833696612945,3.800579413239445e-05,0.0,65.0,70.0,61.0,0.0,0.0,0.0,0.0026604055892676115,2.0308439612729858e-05,2.0308439612729858e-05,2691.285888671875,1.7609365386306308e-05,0.029614243656396866
74,1.5590252633410273,0.0,1.8340671611949801,1.3821825366467237,0.17684272669430356,0.028216417864538157,0.01974546480923891,0.0028990610933492386,65.0,70.0,61.0,0.16666666666666666,0.0,0.0,1.5590252633410273,0.011900956208710132,0.011900956208710132,4953.255859375,-0.0008856406784616411,0.01394271943718195
75,5.909413265879266,0.0,2.8857895145192742,1.410700814682059,4.498712451197207,0.04439676176183499,0.02015286878117227,0.07374938444585585,65.0,70.0,61.0,0.0,0.0,0.12903225806451613,5.909413265879266,0.04511002493037607,0.04511002493037607,1734.4976806640625,0.0037002558819949627,0.04915700480341911
76,28.106969892978668,0.49295774647887325,10.964596165344119,15.771343618631363,12.335626274347305,0.16868609485144798,0.2253049088375909,0.20222338154667713,65.0,70.0,61.0,0.3333333333333333,0.49295774647887325,0.24193548387096775,28.106969892978668,0.21455702208380661,0.21455702208380661,3931.494140625,-3.8818838220322505e-05,0.044865529984235764
77,45.69388410449028,0.971830985915493,8.875931765884161,20.952472448349,24.74141165614128,0.13655279639821785,0.29932103497641427,0.4055969123957587,65.0,70.0,61.0,0.36363636363636365,0.971830985915493,1.0,45.69388410449028,0.34880827560679606,0.34880827560679606,3047.85107421875,0.006672255229204893,0.031601402908563614
78,45.99839733541012,0.9859154929577465,8.975170087069273,21.857676461338997,24.14072087407112,0.13807953980106574,0.31225252087627137,0.39574952252575607,65.0,70.0,61.0,0.4696969696969697,0.9859154929577465,1.0,45.99839733541012,0.3511328040871001,0.3511328040871001,1151.141357421875,0.0064287735149264336,0.027148330584168434
79,73.30034144222736,0.9577464788732394,7.350988211343065,15.097387090325356,58.20295435190201,0.11309212632835484,0.21567695843321935,0.9541467926541313,65.0,70.0,61.0,0.4696969696969697,0.9577464788732394,1.0,73.30034144222736,0.5595445911620409,0.5595445911620409,696.6433715820312,-0.0014569974737241864,0.027361692860722542
80,1.8863881377037615,0.0,1.1181099256500602,1.0021522362949327,0.8842359014088288,0.01720169116384708,0.014316460518499038,0.014495670514898832,65.0,70.0,61.0,0.0,0.0,0.0,1.8863881377037615,0.014399909448120316,0.014399909448120316,2063.01025390625,0.005987729877233505,0.04363083839416504
81,18.85582532090484,0.0,2.0990372572559863,0.9587398181611206,17.89708550274372,0.03229288088086133,0.013696283116587438,0.29339484430727414,65.0,70.0,61.0,0.0,0.0,0.5806451612903226,18.85582532090484,0.1439375978695026,0.1439375978695026,935.5823364257812,0.0019700252451002598,0.04082582890987396
82,0.0,0.0,0.06362795282620937,0.0,0.0,0.0009788915819416825,0.0,0.0,65.0,70.0,61.0,0.0,0.0,0.0,0.0,0.0,0.0,4734.12451171875,-0.0003909709630534053,0.023835713043808937
83,15.819107143906876,0.0,3.397306742379442,6.934989667264745,8.884117476642132,0.05226625757506834,0.09907128096092492,0.14564127010888742,65.0,70.0,61.0,0.0,0.0,0.016129032258064516,15.819107143906876,0.1207565430832586,0.1207565430832586,975.4003295898438,0.0031664229463785887,0.044368766248226166
84,66.76754285395145,0.7323943661971831,13.79752216488123,19.48549009859562,47.282052755355835,0.21226957176740352,0.2783641442656517,0.7751156189402596,65.0,70.0,61.0,0.6515151515151515,0.7323943661971831,1.0,66.76754285395145,0.5096758996484844,0.5096758996484844,1407.589111328125,0.0058611007407307625,0.036261629313230515
85,0.6327369479186018,0.0,0.4003275418654084,0.46824338546866784,0.16449356244993396,0.006158885259467822,0.006689191220980969,0.00269661577786777,65.0,70.0,61.0,0.0,0.0,0.0,0.6327369479186018,0.004830053037546579,0.004830053037546579,2902.32373046875,0.0031701987609267235,0.031989678740501404
86,1.8970675392483827,0.0,3.050380695203785,1.0847640229330864,0.8123035163152963,0.04692893377236592,0.015496628899044091,0.013316451087136005,65.0,70.0,61.0,0.09090909090909091,0.0,0.0,1.8970675392483827,0.014481431597315898,0.014481431597315898,1676.4605712890625,0.0036408957093954086,0.03318598493933678
87,31.503518544137478,0.07042253521126761,10.56372531503439,17.640457652509212,13.863060891628265,0.16251885100052907,0.25200653789298877,0.2272632933053814,65.0,70.0,61.0,0.015151515151515152,0.07042253521126761,0.03225806451612903,31.503518544137478,0.24048487438272884,0.24048487438272884,1423.9027099609375,-0.017854105681180954,0.0789136216044426
88,16.821599930524826,0.6285714285714286,6.610545971663669,9.897820867598057,6.923779062926769,0.10015978744944953,0.14344667924055154,0.11350457480207818,66.0,69.0,61.0,0.417910447761194,0.6285714285714286,0.6290322580645161,16.821599930524826,0.12939692254249865,0.12939692254249865,2849.1650390625,0.008385322988033295,0.019221985712647438
89,6.088000877178274,0.0,2.0922036306001246,1.84121594496537,4.246784932212904,0.03218774816307884,0.02668428905746913,0.06961942511824433,65.0,69.0,61.0,0.045454545454545456,0.0,0.06451612903225806,6.088000877178274,0.046830775978294416,0.046830775978294416,1171.29833984375,-0.011457978747785091,0.038244206458330154
90,19.13418206712231,0.014285714285714285,2.4772569872438908,11.563926918432117,7.570255148690194,0.03811164595759832,0.167593143745393,0.12410254342115072,65.0,69.0,61.0,0.0,0.014285714285714285,0.0,19.13418206712231,0.14718601590094085,0.14718601590094085,517.2387084960938,-0.011937306262552738,0.08646371215581894
91,13.813538990914822,0.4,1.6935240775346756,7.044841974973679,6.768697015941143,0.026054216577456546,0.10209915905758954,0.11096224616296956,65.0,69.0,61.0,0.09090909090909091,0.4,0.5161290322580645,13.813538990914822,0.10625799223780633,0.10625799223780633,1268.204833984375,-0.0025511838030070066,0.021751316264271736
92,0.04702544957399368,0.0,0.09995683142915368,0.0,0.04702544957399368,0.0015377974066023642,0.0,0.0007709090094097325,65.0,69.0,61.0,0.0,0.0,0.0,0.04702544957399368,0.0003617342274922591,0.0003617342274922591,3314.497314453125,-0.0021477453410625458,0.03905050456523895
93,90.09086813032627,0.9,7.183724885806441,18.152641788125038,71.93822634220123,0.11051884439702217,0.2630817650452904,1.179315185937725,65.0,69.0,61.0,0.24242424242424243,0.9,1.0,90.09086813032627,0.6930066779255867,0.6930066779255867,738.8561401367188,0.00021595091675408185,0.036749646067619324
94,43.66524341702461,1.0,9.825060293078423,20.186494439840317,23.478748977184296,0.15115477373966804,0.2925578904324684,0.384897524216136,65.0,69.0,61.0,0.7878787878787878,1.0,1.0,43.66524341702461,0.33588648782326624,0.33588648782326624,6093.58544921875,0.0022387246135622263,0.023311197757720947
95,1.39471853163559,0.0,0.32549615821335465,0.19386494799982756,1.2008535836357623,0.005007633203282379,0.002809636927533733,0.019686124321897744,65.0,69.0,61.0,0.0,0.0,0.0,1.39471853163559,0.010728604089504538,0.010728604089504538,3191.053466796875,0.002890551695600152,0.028682352975010872
96,0.0,0.0,0.07262780447490513,0.0,0.0,0.0011173508380754637,0.0,0.0,65.0,69.0,61.0,0.0,0.0,0.0,0.0,0.0,0.0,2394.571533203125,-0.0015999992610886693,0.014585022814571857
97,0.25679431269236375,0.0,1.2735565197654068,0.011888665612787008,0.24490564707957674,0.019593177227160107,0.00017229950163459432,0.004014846673435684,65.0,69.0,61.0,0.0,0.0,0.0,0.25679431269236375,0.0019753408668643363,0.0019753408668643363,4984.72412109375,0.006003474351018667,0.027212370187044144
98,48.04159331321716,1.0,8.162494313437492,21.98420289158821,26.057390421628952,0.12557683559134603,0.31861163610997406,0.4271703347808025,65.0,69.0,61.0,0.48484848484848486,1.0,1.0,48.04159331321716,0.3695507177939782,0.3695507177939782,1208.6173095703125,0.002938558580353856,0.025755727663636208
99,0.0,0.0,0.0,0.0,0.0,0.0,0.0,0.0,65.0,69.0,61.0,0.0,0.0,0.0,0.0,0.0,0.0,3042.191162109375,0.002982763107866049,0.03126602992415428
100,44.65509805676993,0.0,3.399444563081488,1.1873007019748911,43.46779735479504,0.052299147124330585,0.01720725655036074,0.7125868418818859,65.0,69.0,61.0,0.0,0.0,0.5,44.65509805676993,0.3435007542828456,0.3435007542828456,1121.7135009765625,-0.01826312020421028,0.06792645156383514
101,0.39604925925959833,0.0,0.3297017142176628,0.0,0.39604925925959833,0.00507233406488712,0.0,0.006492610807534399,65.0,69.0,61.0,0.0,0.0,0.0,0.39604925925959833,0.003046532763535372,0.003046532763535372,3356.583251953125,-0.0019234780920669436,0.018445422872900963
102,20.420750238001347,0.6857142857142857,9.200980100780725,11.678176559507847,8.7425736784935,0.14155354001201115,0.16924893564504126,0.14332087997530327,65.0,69.0,61.0,0.5303030303030303,0.6857142857142857,0.7258064516129032,20.420750238001347,0.1570826941384719,0.1570826941384719,4016.248046875,-0.0013791313394904137,0.026287294924259186
103,12.14944386202842,0.0,3.800820981268771,5.101909090764821,7.047534771263599,0.05847416894259648,0.07394071146035971,0.11553335690596064,65.0,69.0,61.0,0.015151515151515152,0.0,0.06451612903225806,12.14944386202842,0.09345726047714169,0.09345726047714169,1322.969970703125,0.002138463780283928,0.03467847406864166
104,14.833899114280939,0.1,3.7118317909771577,3.943804670125246,10.890094444155693,0.057105104476571654,0.05715658942210502,0.17852613842878184,65.0,69.0,61.0,0.24242424242424243,0.1,0.9838709677419355,14.833899114280939,0.11410691626369954,0.11410691626369954,3077.636962890625,-0.0038714611437171698,0.022060442715883255
105,2.5048388650175184,0.0,0.7853660560213029,0.007232969626784325,2.497605895390734,0.012082554708020046,0.00010482564676499021,0.040944358940831704,65.0,69.0,61.0,0.0,0.0,0.0,2.5048388650175184,0.019267991269365525,0.019267991269365525,3871.736083984375,-0.01091181579977274,0.03769275173544884
106,9.175396515827742,0.0,1.8438600031659007,2.9749571054708213,6.200439410356921,0.02836707697178309,0.04311532036914234,0.1016465477107692,65.0,69.0,61.0,0.030303030303030304,0.0,0.27419354838709675,9.175396515827742,0.07057997319867494,0.07057997319867494,1940.509765625,0.002031729556620121,0.026518121361732483
107,3.3415791878214804,0.0,2.6683816593140364,2.7429162005428225,0.598662987278658,0.04105202552790825,0.03975240870351917,0.009814147332437016,65.0,69.0,61.0,0.0,0.0,0.0,3.3415791878214804,0.025704455290934465,0.025704455290934465,1274.1385498046875,-0.009573394432663918,0.041905421763658524
108,10.846096554741962,0.0,1.0779506852850318,1.712741690891562,9.1333548638504,0.016583856696692798,0.024822343346254522,0.14972712891558032,65.0,69.0,61.0,0.0,0.0,0.22580645161290322,10.846096554741962,0.08343151195955355,0.08343151195955355,1951.2052001953125,-0.010432419367134571,0.03739351034164429
109,6.191022438637447,0.04285714285714286,3.613241600804031,3.462756297085434,2.7282661415520124,0.055588332320062016,0.05018487387080339,0.04472567445167233,65.0,69.0,61.0,0.18181818181818182,0.04285714285714286,0.08064516129032258,6.191022438637447,0.04762324952798036,0.04762324952798036,2952.269287109375,0.006771146785467863,0.026400642469525337
110,1.3770568147010636,0.0,1.9128056094050407,1.1484913069143659,0.2285655077866977,0.029427778606231397,0.016644801549483564,0.0037469755374868476,65.0,69.0,61.0,0.0,0.0,0.0,1.3770568147010636,0.01059274472846972,0.01059274472846972,5220.96923828125,-0.002141007222235203,0.03337353095412254
111,5.924010558985174,0.0,1.816202579109813,0.661989507265389,5.262021051719785,0.02794157814015097,0.009594050829933174,0.08626264019212762,65.0,69.0,61.0,0.0,0.0,0.0,5.924010558985174,0.04556931199219364,0.04556931199219364,4682.48193359375,-0.002598406746983528,0.041237205266952515
112,25.8071368932724,0.5571428571428572,10.06415999121964,14.623002260923386,11.184134632349014,0.1548332306341483,0.21192756899888965,0.18334646938277072,65.0,69.0,61.0,0.24242424242424243,0.5571428571428572,0.2903225806451613,25.8071368932724,0.19851643764055693,0.19851643764055693,2059.07275390625,0.002947623608633876,0.04112078249454498
113,39.642928667366505,0.42857142857142855,4.292422495083883,8.691425628960133,30.951503038406372,0.06603726915513666,0.12596269027478452,0.5074016891542028,65.0,69.0,61.0,0.21212121212121213,0.42857142857142855,1.0,39.642928667366505,0.3049456051335885,0.3049456051335885,2900.72900390625,0.008583108894526958,0.026916589587926865
114,0.33806312549859285,0.0,0.5486418125219643,0.07738998718559742,0.26067313831299543,0.008440643269568681,0.0011215940171825714,0.004273330136278614,65.0,69.0,61.0,0.0,0.0,0.0,0.33806312549859285,0.0026004855807584067,0.0026004855807584067,965.890380859375,0.009332514367997646,0.04592328891158104
115,11.919238190166652,0.08571428571428572,3.7512393347351463,8.217358507215977,3.7018796829506755,0.05771137438054071,0.11909215227849242,0.06068655217951927,65.0,69.0,61.0,0.09090909090909091,0.08571428571428572,0.016129032258064516,11.919238190166652,0.09168644761666656,0.09168644761666656,799.5280151367188,-0.00994989275932312,0.04071657732129097
116,0.010825193079654127,0.0,0.3710900340229273,0.0,0.010825193079654127,0.005709077446506574,0.0,0.00017746218163367422,65.0,69.0,61.0,0.0,0.0,0.0,0.010825193079654127,8.327071599733944e-05,8.327071599733944e-05,2737.957275390625,-0.0039061736315488815,0.03436678647994995
117,1.62417418777477,0.0,0.7501331346284132,1.5072999903932214,0.11687419738154858,0.01154050976351405,0.021844927397003208,0.0019159704488778456,65.0,69.0,61.0,0.015151515151515152,0.0,0.0,1.62417418777477,0.012493647598267462,0.012493647598267462,1013.8214111328125,-0.0034163964446634054,0.02338079735636711
118,0.057409617671510205,0.0,1.381303506437689,0.057409617671510205,0.0,0.021250823175964446,0.0008320234445146407,0.0,65.0,69.0,61.0,0.030303030303030304,0.0,0.0,0.057409617671510205,0.0004416124436270016,0.0004416124436270016,2444.679931640625,0.0001623940624995157,0.02438524179160595
119,29.109369366575265,0.0,1.1036898279562593,0.6183480612526182,28.491021305322647,0.016979843507019372,0.008961566105110409,0.4670659230380762,65.0,69.0,61.0,0.0,0.0,0.43548387096774194,29.109369366575265,0.2239182258967328,0.2239182258967328,1048.6239013671875,-0.006730373948812485,0.049124740064144135
120,24.249674901599064,0.0,0.6378758151549846,0.6153396817389876,23.634335219860077,0.009813474079307456,0.008917966402014312,0.3874481183583619,65.0,69.0,61.0,0.0,0.0,1.0,24.249674901599064,0.18653596078153126,0.18653596078153126,2586.438232421875,-0.002433185465633869,0.028182880952954292
121,38.8679568618536,0.7714285714285715,2.7063510273583233,10.863727897405624,28.004228964447975,0.04163616965166651,0.15744533184645831,0.45908572072865533,65.0,69.0,61.0,0.06060606060606061,0.7714285714285715,1.0,38.8679568618536,0.29898428355272,0.29898428355272,2071.723388671875,0.0054139927960932255,0.026931269094347954
122,20.122647117823362,0.6142857142857143,6.881221562507562,11.30405668541789,8.818590432405472,0.10586494711550096,0.16382690848431725,0.14456705626894217,65.0,69.0,61.0,0.3939393939393939,0.6142857142857143,0.6774193548387096,20.122647117823362,0.15478959321402586,0.15478959321402586,2663.566650390625,0.002567684045061469,0.02584938518702984
123,128.84667739272118,0.35714285714285715,3.171883230097592,13.526832669973373,115.3198447227478,0.048798203539962955,0.1960410531880199,1.890489257749964,65.0,69.0,61.0,0.015151515151515152,0.35714285714285715,1.0,128.84667739272118,0.9911282876363168,0.9911282876363168,920.2532958984375,-0.0017123610014095902,0.04476139321923256
124,3.216961177954545,0.0,3.4357000794261694,2.5455976468510926,0.6713635311034523,0.052056061809487415,0.03689271951958105,0.011005959526286102,66.0,69.0,61.0,0.16417910447761194,0.0,0.0,3.216961177954545,0.02474585521503496,0.02474585521503496,937.3932495117188,0.00658363476395607,0.02899928390979767
125,18.383065603673458,0.8571428571428571,6.100954842171632,10.58618214726448,7.7968834564089775,0.09243870972987321,0.15342292967049972,0.12781776158047503,66.0,69.0,61.0,0.43283582089552236,0.8571428571428571,0.967741935483871,18.383065603673458,0.1414081969513343,0.1414081969513343,2580.64990234375,-0.0025202364195138216,0.017742877826094627
126,10.828748179599643,0.0,0.49647451005876064,0.0,10.828748179599643,0.007638069385519394,0.0,0.17752046196064988,65.0,69.0,61.0,0.0,0.0,0.3870967741935484,10.828748179599643,0.08329806291999725,0.08329806291999725,3561.183837890625,-0.0011163217714056373,0.03219074383378029
127,57.56574021279812,1.0,6.638191901147366,26.11747820675373,31.448262006044388,0.10212602924842101,0.37851417690947436,0.5155452787876129,65.0,69.0,61.0,0.015151515151515152,1.0,1.0,57.56574021279812,0.4428133862522932,0.4428133862522932,2878.427001953125,0.007455248385667801,0.028809964656829834
128,9.530729311751202,0.0,5.002150202984922,4.642915453063324,4.887813858687878,0.0769561569689988,0.06728862975454093,0.08012809604406357,65.0,69.0,61.0,0.0,0.0,0.0,9.530729311751202,0.07331330239808617,0.07331330239808617,1311.57275390625,0.002319606253877282,0.07848463207483292
129,22.80922885076143,0.0,2.09557232336374,2.221726401010528,20.5875024497509,0.032239574205596,0.03219893334797867,0.3375000401598508,65.0,69.0,61.0,0.0,0.0,0.9516129032258065,22.80922885076143,0.1754556065443187,0.1754556065443187,1898.052490234375,0.004173886496573687,0.04567330703139305
130,19.16431000828743,0.9857142857142858,5.916913009015843,10.20810903608799,8.95620097219944,0.08965019710630065,0.1479436092186665,0.14682296675736786,66.0,69.0,61.0,0.5373134328358209,0.9857142857142858,1.0,19.16431000828743,0.1474177692945187,0.1474177692945187,2489.66162109375,0.003964204806834459,0.01462368480861187
131,35.085583637002856,0.05714285714285714,2.9472887499723583,3.2549092271365225,31.830674409866333,0.04534290384572859,0.04717259749473221,0.5218143345879727,65.0,69.0,61.0,0.13636363636363635,0.05714285714285714,1.0,35.085583637002856,0.269889104900022,0.269889104900022,1870.6710205078125,4.488010745262727e-05,0.026390280574560165
132,4.538656962569803,0.0,1.5817172130336985,0.0386160216294229,4.50004094094038,0.024334110969749207,0.0005596524873829406,0.07377116296623575,65.0,69.0,61.0,0.030303030303030304,0.0,0.03225806451612903,4.538656962569803,0.03491274586592156,0.03491274586592156,1451.2406005859375,-0.005036700516939163,0.03262758255004883
133,30.70491259067785,0.0,1.5531742861494422,0.2698180404258892,30.43509455025196,0.023894989017683724,0.0039104063829839015,0.4989359762336387,65.0,69.0,61.0,0.015151515151515152,0.0,1.0,30.70491259067785,0.23619163531290654,0.23619163531290654,1329.727783203125,-0.0009890042711049318,0.032398100942373276
134,1.756715692114085,0.0,2.8330381675623357,1.3717357371933758,0.38497995492070913,0.043585202577882086,0.019880228075266317,0.0063111468019788385,65.0,69.0,61.0,0.0,0.0,0.0,1.756715692114085,0.013513197631646807,0.013513197631646807,1749.8897705078125,0.0054023065604269505,0.05055033415555954
135,0.0,0.0,0.7671331828460097,0.0,0.0,0.011802048966861689,0.0,0.0,65.0,69.0,61.0,0.0,0.0,0.0,0.0,0.0,0.0,1245.3125,0.003383275354281068,0.05951743945479393
136,8.675534484907985,0.0,4.6973481280729175,4.756977792829275,3.9185566920787096,0.07117194133443815,0.06894170714245326,0.06423863429637229,66.0,69.0,61.0,0.0,0.0,0.0,8.675534484907985,0.06673488065313835,0.06673488065313835,1259.5333251953125,0.016309157013893127,0.04197769984602928
137,23.26965779811144,0.9571428571428572,4.801206239499152,12.198883883655071,11.070773914456367,0.07386471137691003,0.17679541860369669,0.1814880969583011,65.0,69.0,61.0,0.2878787878787879,0.9571428571428572,0.9838709677419355,23.26965779811144,0.1789973676777803,0.1789973676777803,7894.4052734375,0.0035107163712382317,0.02039063349366188
138,15.025241235038266,0.0,2.9571436787955463,1.4512433053459972,13.573997929692268,0.04480520725447797,0.02103251167168112,0.2225245562244634,66.0,69.0,61.0,0.1791044776119403,0.0,0.46774193548387094,15.025241235038266,0.11557877873106358,0.11557877873106358,1326.0411376953125,0.005613717250525951,0.02360033057630062
139,65.52634644508362,0.9857142857142858,7.653410149738193,24.836954712867737,40.68939173221588,0.11596075984451806,0.35995586540388025,0.6670392087248506,66.0,69.0,61.0,0.4626865671641791,0.9857142857142858,1.0,65.52634644508362,0.5040488188083355,0.5040488188083355,2861.975830078125,-0.0005066607845947146,0.02685936726629734
140,48.951069355010986,1.0,14.851091913878918,25.976830452680588,22.9742389023304,0.22501654414968056,0.3764758036620375,0.376626867251318,66.0,69.0,61.0,0.9552238805970149,1.0,1.0,48.951069355010986,0.37654668734623836,0.37654668734623836,3742.856201171875,-9.934647823683918e-05,0.02545084059238434
141,0.0,0.0,0.6248721722513437,0.0,0.0,0.009467760185626421,0.0,0.0,66.0,69.0,61.0,0.0,0.0,0.0,0.0,0.0,0.0,3242.480712890625,-0.0001670030178502202,0.02939428761601448
142,0.0,0.0,0.6559711685404181,0.0,0.0,0.009938957099097244,0.0,0.0,66.0,69.0,61.0,0.029850746268656716,0.0,0.0,0.0,0.0,0.0,3852.243896484375,-0.004990973509848118,0.01843111775815487
143,4.046875728992745,0.0,1.334198523312807,0.7062737740343437,3.3406019549584016,0.020215129141103138,0.010235851797599184,0.05476396647472789,66.0,69.0,61.0,0.0,0.0,0.016129032258064516,4.046875728992745,0.031129813299944194,0.031129813299944194,2738.068115234375,0.006048437207937241,0.0362614244222641
144,33.019188727252185,0.02857142857142857,1.7670935736969113,4.046491260640323,28.972697466611862,0.026774145056013807,0.058644800878845264,0.4749622535510141,66.0,69.0,61.0,0.014925373134328358,0.02857142857142857,0.5806451612903226,33.019188727252185,0.2539937594404014,0.2539937594404014,1471.2799072265625,0.00671926187351346,0.03115164488554001
145,19.384660057723522,0.8571428571428571,7.312475857652316,10.913441829383373,8.471218228340149,0.11079508875230783,0.1581658236142518,0.1388724299727893,66.0,69.0,61.0,0.43283582089552236,0.8571428571428571,0.967741935483871,19.384660057723522,0.14911276967479634,0.14911276967479634,5273.73828125,0.0006130311521701515,0.021617751568555832
146,0.38933065452147275,0.0,3.8377387882210314,0.38933065452147275,0.0,0.05814755739728836,0.005642473253934388,0.0,66.0,69.0,61.0,0.029850746268656716,0.0,0.0,0.38933065452147275,0.0029948511886267134,0.0029948511886267134,3953.33203125,0.0023594112135469913,0.026033448055386543
147,15.020165707916021,0.5857142857142857,6.3954763862420805,9.1473289988935,5.872836709022522,0.09690115736730424,0.13256998549121013,0.09627601162332003,66.0,69.0,61.0,0.3880597014925373,0.5857142857142857,0.20967741935483872,15.020165707916021,0.11553973621473862,0.11553973621473862,3030.749755859375,-0.002635133219882846,0.02469312585890293
148,3.648246695753187,0.0,3.0802973725367337,2.027201307937503,1.621045387815684,0.046671172311162634,0.029379729100543518,0.026574514554355475,66.0,69.0,61.0,0.014925373134328358,0.0,0.016129032258064516,3.648246695753187,0.02806343612117836,0.02806343612117836,1080.1495361328125,0.013175822794437408,0.04019192233681679
149,8.343674482690403,0.11428571428571428,8.67990982811898,6.13468390176422,2.2089905809261836,0.13151378527453,0.08890846234440898,0.03621296034305219,66.0,69.0,61.0,0.3283582089552239,0.11428571428571428,0.016129032258064516,8.343674482690403,0.0641821114053108,0.0641821114053108,1000.422607421875,0.0012154504656791687,0.038248222321271896
150,71.52930172442575,0.0,1.635806211270392,0.8560708379663993,70.67323088645935,0.024784942595005938,0.012406823738643468,1.1585775555157272,66.0,69.0,61.0,0.014925373134328358,0.0,1.0,71.52930172442575,0.5502253978801981,0.5502253978801981,1194.6065673828125,-0.003836999414488673,0.03838210180401802
151,30.23385842925927,0.0,3.5449231832753867,0.04940437561890576,30.184454053640366,0.05371095732235434,0.0007160054437522574,0.4948271156334486,66.0,69.0,61.0,0.0,0.0,0.25806451612903225,30.23385842925927,0.23256814176353285,0.23256814176353285,2553.97900390625,0.031249554827809334,0.10324138402938843
152,18.460919976234436,0.44285714285714284,4.298456977121532,10.014661207795143,8.446258768439293,0.06512813601699291,0.14514001750427744,0.13846325849900482,66.0,69.0,61.0,0.14925373134328357,0.44285714285714284,0.3548387096774194,18.460919976234436,0.1420070767402649,0.1420070767402649,986.8715209960938,0.0028055489528924227,0.02972961589694023
153,0.059203660384810064,0.0,0.7324719938915223,0.028689088569080923,0.03051457181572914,0.011098060513507913,0.0004157838923055206,0.0005002388822250679,66.0,69.0,61.0,0.014925373134328358,0.0,0.0,0.059203660384810064,0.0004554127721908466,0.0004554127721908466,3202.011474609375,0.003961581736803055,0.025698697194457054
154,0.0,0.0,0.2576961312443018,0.0,0.0,0.003904486837034876,0.0,0.0,66.0,69.0,61.0,0.0,0.0,0.0,0.0,0.0,0.0,2333.119873046875,0.007949196733534336,0.029699184000492096
155,0.5711824828758836,0.0,1.1692075841128826,0.05222200509160757,0.518960477784276,0.017715266425952766,0.000756840653501559,0.008507548816135673,66.0,69.0,61.0,0.0,0.0,0.0,0.5711824828758836,0.004393711406737566,0.004393711406737566,2118.827392578125,-0.006773408968001604,0.03484206646680832
156,1.1076750588836148,0.0,3.1106350758345798,1.063680222374387,0.04399483650922775,0.04713083448234212,0.015415655396730248,0.0007212268280201271,66.0,69.0,61.0,0.16417910447761194,0.0,0.0,1.1076750588836148,0.008520577376027806,0.008520577376027806,4883.54638671875,-0.0003018540737684816,0.01984534226357937
157,9.678975235205144,0.34285714285714286,4.7680403891718015,6.319207135122269,3.3597681000828743,0.07224303619957274,0.09158271210322129,0.05507816557512909,66.0,69.0,61.0,0.23880597014925373,0.34285714285714286,0.0,9.678975235205144,0.07445365565542418,0.07445365565542418,2328.986328125,-0.006298511289060116,0.02732481248676777
158,3.293862408027053,0.0,2.040455515962094,0.0,3.293862408027053,0.030915992666092334,0.0,0.05399774439388611,66.0,69.0,61.0,0.05970149253731343,0.0,0.14516129032258066,3.293862408027053,0.025337403138669636,0.025337403138669636,3134.362060546875,0.004228807054460049,0.03148011490702629
159,19.1688686220441,0.0,3.494612041860819,0.4102895094547421,18.75857911258936,0.0529486673009215,0.005946224774706407,0.30751769037031734,66.0,69.0,61.0,0.0,0.0,0.25806451612903225,19.1688686220441,0.1474528355541854,0.1474528355541854,1778.5570068359375,-0.0008285311632789671,0.06422189623117447
160,64.97853346308693,0.0,2.053200730297249,1.073363499250263,63.90516996383667,0.03110910197420074,0.015555992742757435,1.0476257371120765,66.0,69.0,61.0,0.014925373134328358,0.0,1.0,64.97853346308693,0.4998348727929764,0.4998348727929764,2317.155517578125,-0.004242291208356619,0.04000893235206604
161,0.4868048448115587,0.0,2.7669700131518766,0.12411906197667122,0.3626857828348875,0.04192378807805874,0.0017988269851691482,0.00594566857106373,66.0,69.0,61.0,0.014925373134328358,0.0,0.0,0.4868048448115587,0.0037446526523966057,0.0037446526523966057,2364.714111328125,0.0076896618120372295,0.035957906395196915
162,64.0598826110363,1.0,2.3436301030305913,28.950179904699326,35.109702706336975,0.03550954701561502,0.41956782470578735,0.5755688968251963,66.0,69.0,61.0,0.0,1.0,1.0,64.0598826110363,0.4927683277772023,0.4927683277772023,3219.810546875,0.0008334991871379316,0.023708879947662354
163,65.42971507803304,0.0,12.054110240191221,0.017803739465307444,65.41191133856773,0.18263803394229122,0.00025802520964213687,1.0723264153863563,66.0,69.0,61.0,0.31343283582089554,0.0,1.0,65.42971507803304,0.5033055006002541,0.5033055006002541,1942.4368896484375,0.004769001621752977,0.03973760828375816
164,13.50706291384995,0.5571428571428572,5.953378941543633,8.196040650829673,5.311022263020277,0.09020271123550959,0.1187831978381112,0.08706593873803734,66.0,69.0,61.0,0.3880597014925373,0.5571428571428572,0.25806451612903225,13.50706291384995,0.10390048395269193,0.10390048395269193,4264.501953125,0.0002416332863504067,0.021643921732902527
165,49.39084293693304,0.05714285714285714,3.63180557790929,6.769664786756039,42.621178150177,0.05502735724104985,0.09811108386602954,0.6987078385274919,66.0,69.0,61.0,0.014925373134328358,0.05714285714285714,1.0,49.39084293693304,0.3799295610533311,0.3799295610533311,1911.299560546875,0.004278643988072872,0.031169723719358444
166,20.740431828424335,0.0,1.0188890418794472,4.531541412696242,16.208890415728092,0.0154377127557492,0.06567451322748177,0.2657195150119359,66.0,69.0,61.0,0.0,0.0,0.3064516129032258,20.740431828424335,0.1595417832955718,0.1595417832955718,1592.003173828125,0.0006687334389425814,0.04282130300998688
167,18.98411700129509,0.6857142857142857,2.462392076384276,5.125166818499565,13.858950182795525,0.03730897085430721,0.07427777997825456,0.2271959046359922,66.0,69.0,61.0,0.2835820895522388,0.6857142857142857,1.0,18.98411700129509,0.14603166924073147,0.14603166924073147,3085.99560546875,-0.002324555767700076,0.01423794124275446
168,107.92383459210396,1.0,8.011744504794478,55.551072150468826,52.37276244163513,0.12139006825446179,0.8050880021807076,0.8585698760923792,66.0,69.0,61.0,0.0,1.0,1.0,107.92383459210396,0.8301833430161842,0.8301833430161842,1663.9530029296875,0.010972178541123867,0.05789067596197128
169,58.646200299263,1.0,23.985869348049164,31.293945014476776,27.352255284786224,0.36342226284922974,0.45353543499241705,0.4483976276194463,66.0,69.0,61.0,0.9253731343283582,1.0,1.0,58.646200299263,0.4511246176866385,0.4511246176866385,2131.71435546875,0.0028216014616191387,0.04191466048359871
170,9.90229515871033,0.02857142857142857,3.8863946555648,5.143648500554264,4.758646658156067,0.058884767508557576,0.07454563044281541,0.07801060095337815,66.0,69.0,61.0,0.07462686567164178,0.02857142857142857,0.016129032258064516,9.90229515871033,0.0761715012208487,0.0761715012208487,1822.3692626953125,-0.01185758225619793,0.03438442200422287
171,3.576503485412104,0.0,2.7127905479137553,1.8610663360159378,1.7154371493961662,0.04110288708960235,0.026971975884288953,0.028121920481904365,66.0,69.0,61.0,0.014925373134328358,0.0,0.0,3.576503485412104,0.0275115652724008,0.0275115652724008,1928.5263671875,0.007988314144313335,0.027530523017048836
172,9.967011689499486,0.0,1.957428620196879,1.4135013234918006,8.553510366007686,0.029658009396922407,0.0204855264274174,0.14022148140996207,66.0,69.0,61.0,0.0,0.0,0.20967741935483872,9.967011689499486,0.07666932068845758,0.07666932068845758,2452.830078125,0.0031352881342172623,0.04536179080605507
173,67.29687239928171,0.0,5.620346473966492,5.236935756634921,62.05993664264679,0.08515676475706807,0.07589761966137566,1.0173760105351932,66.0,69.0,61.0,0.029850746268656716,0.0,1.0,67.29687239928171,0.5176682492252439,0.5176682492252439,845.5077514648438,0.00877346657216549,0.040931835770606995
174,17.414424896240234,0.5571428571428572,6.123596147634089,9.857433155179024,7.556991741061211,0.09278175981263771,0.14286135007505832,0.12388511050920017,66.0,69.0,61.0,0.373134328358209,0.5571428571428572,0.3225806451612903,17.414424896240234,0.13395711458646334,0.13395711458646334,3279.88134765625,-0.0003340989351272583,0.027036018669605255
175,41.70256248861551,0.2857142857142857,1.3863982276525348,13.693389929831028,28.009172558784485,0.021006033752311134,0.19845492651929025,0.45916676325876205,66.0,69.0,61.0,0.0,0.2857142857142857,1.0,41.70256248861551,0.32078894222011933,0.32078894222011933,2568.29345703125,0.00757794501259923,0.04851008951663971
176,0.0,0.0,1.152375403791666,0.0,0.0,0.017460233390782818,0.0,0.0,66.0,69.0,61.0,0.0,0.0,0.0,0.0,0.0,0.0,1968.6561279296875,0.0004103766696061939,0.033242881298065186
177,5.611120022716932,0.0,3.7714460033457726,2.1496165714925155,3.4615034512244165,0.05714312126281473,0.031153863354963993,0.056745958216793714,66.0,69.0,61.0,0.08955223880597014,0.0,0.0,5.611120022716932,0.043162461713207166,0.043162461713207166,1567.3194580078125,-0.007257948163896799,0.04486256465315819
178,2.597320432367269,0.0,3.4261670450214297,1.5292317867279053,1.0680886456393637,0.051911621894264084,0.022162779517795727,0.01750964992851416,66.0,69.0,61.0,0.0,0.0,0.0,2.597320432367269,0.019979387941286685,0.019979387941286685,2692.651611328125,0.012099758721888065,0.05294258892536163
179,5.845159441465512,0.0,3.286065442371182,3.2009495485108346,2.6442098929546773,0.049788870338957306,0.04639057316682369,0.043347703163191434,66.0,69.0,61.0,0.014925373134328358,0.0,0.0,5.845159441465512,0.04496276493435009,0.04496276493435009,2023.55908203125,0.011848432943224907,0.04116146266460419
180,23.451097711920738,0.08571428571428572,10.433835190720856,12.820133469998837,10.630964241921902,0.15808841198061904,0.1857990357970846,0.17427810232658855,66.0,69.0,61.0,0.11940298507462686,0.08571428571428572,0.016129032258064516,23.451097711920738,0.18039305932246721,0.18039305932246721,1468.31494140625,0.015121133998036385,0.05308561027050018
181,31.05163462460041,0.7714285714285715,8.638906180858612,19.332923233509064,11.718711391091347,0.13089251789179715,0.2801872932392618,0.19211002280477618,66.0,69.0,61.0,0.0,0.7714285714285715,0.1935483870967742,31.05163462460041,0.2388587278815416,0.2388587278815416,3309.03955078125,-0.01299172081053257,0.04730691388249397
182,4.067953401769046,0.0,3.5275263721123338,2.0127080329693854,2.0552453687996604,0.0534473692744293,0.02916968163723747,0.033692547029502626,66.0,69.0,61.0,0.0,0.0,0.0,4.067953401769046,0.031291949244377275,0.031291949244377275,3718.848876953125,-0.01770235039293766,0.043506037443876266
183,2.163442243123427,0.0,3.9325994019163772,1.8486230864655226,0.3148191566579044,0.05958483942297541,0.026791638934282935,0.005160969781277121,66.0,69.0,61.0,0.0,0.0,0.0,2.163442243123427,0.016641863408641745,0.016641863408641745,1818.2662353515625,0.006952194031327963,0.050104379653930664
184,46.69665195187554,0.02857142857142857,1.4108255952596664,7.666044072713703,39.030607879161835,0.021376145382722218,0.11110208801034352,0.6398460308059317,66.0,69.0,61.0,0.0,0.02857142857142857,1.0,46.69665195187554,0.3592050150144272,0.3592050150144272,1595.8599853515625,-0.001121892244555056,0.03913852199912071
185,16.10072997910902,0.014285714285714285,2.940227784914896,6.624896304216236,9.475833674892783,0.04454890583204388,0.09601298991617734,0.15534153565398004,66.0,69.0,61.0,0.0,0.014285714285714285,0.04838709677419355,16.10072997910902,0.12385176907006938,0.12385176907006938,1063.8770751953125,-0.019000645726919174,0.05460897460579872
186,14.744766738265753,0.38571428571428573,5.080168846063316,8.756744902580976,5.988021835684776,0.07697225524338358,0.12690934641421706,0.09816429238827502,66.0,69.0,61.0,0.22388059701492538,0.38571428571428573,0.04838709677419355,14.744766738265753,0.11342128260204425,0.11342128260204425,4180.2099609375,-0.0019920438062399626,0.030244670808315277
187,5.837357721757144,0.014285714285714285,3.531382681801915,4.833210630808026,1.0041470909491181,0.05350579820911993,0.07004653088127573,0.016461427720477345,66.0,69.0,61.0,0.08955223880597014,0.014285714285714285,0.0,5.837357721757144,0.04490275170582418,0.04490275170582418,4866.978515625,-0.005376853514462709,0.03335196524858475
188,9.884305204963312,0.0,4.864954115822911,5.913202084368095,3.9711031205952168,0.07371142599731684,0.08569858093287094,0.06510005115729864,66.0,69.0,61.0,0.029850746268656716,0.0,0.0,9.884305204963312,0.07603311696125624,0.07603311696125624,1003.3717651367188,-0.00599307008087635,0.04568394273519516
189,3.4547006537904963,0.0,4.3320984318852425,2.360767935984768,1.0939327178057283,0.06563785502856428,0.03421402805775026,0.017933323242716858,66.0,69.0,61.0,0.0,0.0,0.0,3.4547006537904963,0.026574620413773047,0.026574620413773047,2025.856201171875,0.0052167437970638275,0.03300618752837181
190,24.42940473742783,0.02857142857142857,2.55657096253708,12.243053302168846,12.186351435258985,0.038735923674804246,0.17743555510389633,0.19977625303703253,66.0,69.0,61.0,0.0,0.02857142857142857,0.04838709677419355,24.42940473742783,0.1879184979802141,0.1879184979802141,824.40576171875,0.006294314283877611,0.06860218942165375
191,30.741122990846634,0.9142857142857143,7.996135218068957,13.284350499510765,17.45677249133587,0.12115356391013572,0.19252681883348935,0.2861765982186208,66.0,69.0,61.0,0.3283582089552239,0.9142857142857143,1.0,30.741122990846634,0.2364701768526664,0.2364701768526664,2773.000244140625,0.004284037742763758,0.02790313959121704
192,123.8169333934784,1.0,19.612707555294037,52.8417928814888,70.9751405119896,0.2971622356862733,0.7658230852389681,1.1635268936391736,66.0,69.0,61.0,0.746268656716418,1.0,1.0,123.8169333934784,0.952437949180603,0.952437949180603,789.1982421875,0.009004088118672371,0.04731184244155884
193,50.63699209690094,1.0,15.150537639856339,27.940099239349365,22.696892857551575,0.2295536006038839,0.40492897448332416,0.372080210779534,66.0,69.0,61.0,0.8955223880597015,1.0,1.0,50.63699209690094,0.3895153238223149,0.3895153238223149,2484.196044921875,-0.006304237060248852,0.03244851902127266
194,13.261101327836514,0.21428571428571427,5.240373111213557,8.719559162855148,4.541542164981365,0.07939959259414481,0.12637042265007462,0.07445151090133385,66.0,69.0,61.0,0.13432835820895522,0.21428571428571427,0.0,13.261101327836514,0.10200847175258856,0.10200847175258856,4397.61962890625,0.005099867004901171,0.03530912473797798
195,37.16417171061039,1.0,4.9056918397545815,14.209277734160423,22.954893976449966,0.07432866423870578,0.20593156136464383,0.3763097373188519,66.0,69.0,61.0,0.014925373134328358,1.0,1.0,37.16417171061039,0.2858782439277722,0.2858782439277722,4483.4521484375,0.009960341267287731,0.02344958856701851
196,18.313481256365776,0.3,5.83393599325791,10.411609165370464,7.901872090995312,0.08839296959481682,0.1508928864546444,0.12953888673762806,66.0,69.0,61.0,0.13432835820895522,0.3,0.06451612903225806,18.313481256365776,0.14087293274127521,0.14087293274127521,4254.63330078125,0.002067882800474763,0.03693621605634689
197,24.924211710691452,0.9571428571428572,5.928781268186867,14.280448704957962,10.64376300573349,0.08983001921495254,0.20696302470953568,0.17448791812677852,66.0,69.0,61.0,0.23880597014925373,0.9571428571428572,0.7580645161290323,24.924211710691452,0.19172470546685733,0.19172470546685733,3937.59716796875,-0.004996025003492832,0.03051929734647274
198,15.044037260115147,0.45714285714285713,6.630549723282456,9.12090328708291,5.923133973032236,0.10046287459518874,0.1321870041606219,0.09710055693495469,66.0,69.0,61.0,0.31343283582089554,0.45714285714285713,0.016129032258064516,15.044037260115147,0.11572336353934728,0.11572336353934728,2862.998779296875,-0.005191031843423843,0.0317622646689415
199,28.932293474674225,0.8571428571428571,7.894821415422484,14.366697177290916,14.565596297383308,0.11961850629428006,0.20821300256943356,0.23878026717021816,66.0,69.0,61.0,0.40298507462686567,0.8571428571428571,1.0,28.932293474674225,0.22255610365134018,0.22255610365134018,4073.719970703125,0.00011991402425337583,0.03113851137459278
200,21.971553690731525,0.32857142857142857,8.884698272799142,12.300732657313347,9.670821033418179,0.13461664049695668,0.17827148778714996,0.15853804972816687,66.0,69.0,61.0,0.29850746268656714,0.32857142857142857,0.03225806451612903,21.971553690731525,0.16901195146716558,0.16901195146716558,2449.865234375,-0.0005568064516410232,0.04305160045623779
201,12.907364561222494,0.0,6.621815470280126,7.625828721560538,5.281535839661956,0.10033053742848676,0.1105192568342107,0.08658255474855665,66.0,69.0,61.0,0.0,0.0,0.0,12.907364561222494,0.0992874197017115,0.0992874197017115,2319.10888671875,0.007249187212437391,0.05584583431482315
202,17.688016317784786,0.4,6.413666084466968,10.649201981723309,7.038814336061478,0.09717675885556011,0.15433626060468564,0.1153903989518275,66.0,69.0,61.0,0.22388059701492538,0.4,0.0,17.688016317784786,0.1360616639829599,0.1360616639829599,2695.637451171875,-0.0015751776518300176,0.03832367807626724
203,26.917064517736435,0.7571428571428571,8.847286513075233,14.293179646134377,12.623884871602058,0.13404979565265504,0.20714753110339676,0.20694893232134523,66.0,69.0,61.0,0.3582089552238806,0.7571428571428571,0.9354838709677419,26.917064517736435,0.20705434244412643,0.20705434244412643,3243.862548828125,0.0031780842691659927,0.03392019495368004
204,12.430525674950331,0.0,2.735121682751924,4.550670281518251,7.879855393432081,0.04144123761745339,0.06595174321040943,0.12917795726937836,66.0,69.0,61.0,0.014925373134328358,0.0,0.04838709677419355,12.430525674950331,0.0956194282688487,0.0956194282688487,1624.2974853515625,-0.0011467990698292851,0.047758497297763824
205,54.72454884648323,1.0,17.600804544985294,28.718524873256683,26.006023973226547,0.26667885674220143,0.41621050540951715,0.4263282618561729,66.0,69.0,61.0,0.5522388059701493,1.0,1.0,54.72454884648323,0.420958068049871,0.420958068049871,2217.5458984375,0.008922167122364044,0.048014745116233826
206,23.460254453122616,0.0,8.341597270220518,8.550328753888607,14.909925699234009,0.1263878374275836,0.12391780802737111,0.24442501146285261,66.0,69.0,61.0,0.0,0.0,0.967741935483871,23.460254453122616,0.18046349579325088,0.18046349579325088,4004.161376953125,0.008108066394925117,0.036331016570329666
207,37.05134716239991,0.0,1.3110686633735895,0.852927740488667,36.19841942191124,0.01986467671778166,0.012361271601285029,0.5934167118346105,66.0,69.0,61.0,0.0,0.0,1.0,37.05134716239991,0.2850103627876916,0.2850103627876916,1306.5970458984375,-0.0009504628833383322,0.04218512028455734
208,23.14378847181797,0.2714285714285714,10.03908181656152,12.858532890677452,10.285255581140518,0.1521073002509321,0.18635554914025293,0.16861074723181177,66.0,69.0,61.0,0.26865671641791045,0.2714285714285714,0.016129032258064516,23.14378847181797,0.17802914209090748,0.17802914209090748,2286.560302734375,0.004328737501055002,0.047269921749830246
209,16.728723466396332,0.04285714285714286,4.3328043119981885,8.384993202984333,8.343730263411999,0.06564855018179074,0.12152164062296135,0.13678246333462293,66.0,69.0,61.0,0.07462686567164178,0.04285714285714286,0.04838709677419355,16.728723466396332,0.1286824882030487,0.1286824882030487,2114.01123046875,-0.007832206785678864,0.04074553772807121
210,15.364165551494807,0.014285714285714285,4.85825310763903,5.388482264708728,9.97568328678608,0.07360989557028833,0.07809394586534388,0.16353579158665704,66.0,69.0,61.0,0.1044776119402985,0.014285714285714285,0.1774193548387097,15.364165551494807,0.11818588885765235,0.11818588885765235,2121.66015625,-0.007849212735891342,0.04594465345144272
211,0.0,0.0,1.056127393618226,0.0,0.0,0.016001930206336758,0.0,0.0,66.0,69.0,61.0,0.0,0.0,0.0,0.0,0.0,0.0,1992.013671875,-0.00503901019692421,0.053235821425914764
212,38.041174583137035,1.0,4.354358209297061,12.51749586313963,25.523678719997406,0.0659751243832888,0.18141298352376276,0.4184209626229083,66.0,69.0,61.0,0.26865671641791045,1.0,1.0,38.041174583137035,0.29262441987028487,0.29262441987028487,2461.75,-0.0016148206777870655,0.020767632871866226
213,5.081747998134233,0.0,2.783376082777977,2.9996573966927826,2.0820906014414504,0.04217236489057541,0.04347329560424323,0.03413263281051558,66.0,69.0,61.0,0.04477611940298507,0.0,0.016129032258064516,5.081747998134233,0.039090369216417176,0.039090369216417176,1643.1871337890625,-0.01179136335849762,0.03701497241854668
214,14.702826984284911,0.0,5.257313643349335,4.26190594403306,10.440921040251851,0.07965626732347476,0.06176675281207333,0.1711626400041287,66.0,69.0,61.0,0.0,0.0,0.016129032258064516,14.702826984284911,0.11309866910988393,0.11309866910988393,600.6200561523438,-0.017840281128883362,0.08681405335664749
215,8.898371662944555,0.0,3.6883381510415347,5.302841553464532,3.5955301094800234,0.055883911379417193,0.07685277613716712,0.05894311654885284,66.0,69.0,61.0,0.014925373134328358,0.0,0.0,8.898371662944555,0.06844901279188119,0.06844901279188119,1637.6419677734375,0.005451508332043886,0.03386900946497917
216,28.143170900642872,0.08571428571428572,5.510287174023688,12.06628953665495,16.076881363987923,0.08348919960641951,0.17487376140079636,0.26355543219652333,66.0,69.0,61.0,0.13432835820895522,0.08571428571428572,0.6451612903225806,28.143170900642872,0.21648593000494518,0.21648593000494518,954.7079467773438,-0.00529791135340929,0.04755900800228119
217,14.40329023078084,0.4857142857142857,6.190441247075796,7.89550756663084,6.50778266415,0.09379456434963328,0.11442764589320058,0.10668496170737704,66.0,69.0,61.0,0.23880597014925373,0.4857142857142857,0.3225806451612903,14.40329023078084,0.1107945402367757,0.1107945402367757,1125.2158203125,-0.007102280389517546,0.02560875564813614
218,10.78597873263061,0.0,3.453840131754987,6.5889587458223104,4.1970199868083,0.05233091108719677,0.09549215573655523,0.06880360634111968,66.0,69.0,61.0,0.0,0.0,0.0,10.78597873263061,0.08296906717408162,0.08296906717408162,1945.452880859375,-0.0020614396780729294,0.039829056710004807
219,8.924043665174395,0.014285714285714285,3.9435851688031107,5.434471962042153,3.489571703132242,0.05975129043641077,0.07876046321800222,0.05720609349397118,66.0,69.0,61.0,0.04477611940298507,0.014285714285714285,0.0,8.924043665174395,0.06864648973211072,0.06864648973211072,2548.560302734375,0.010401509702205658,0.028295747935771942
220,13.175207122578286,0.0,7.2420523460023105,8.565513779874891,4.609693342703395,0.10972806584851985,0.12413788086775204,0.07556874332300646,66.0,69.0,61.0,0.0,0.0,0.0,13.175207122578286,0.10134774709675605,0.10134774709675605,601.0125122070312,0.002767485799267888,0.1231665089726448
221,3.3252181787102018,0.0,3.126679049571976,2.3195114753907546,1.0057067033194471,0.04737392499351479,0.03361610833899644,0.01648699513638438,66.0,69.0,61.0,0.014925373134328358,0.0,0.0,3.3252181787102018,0.02557860137469386,0.02557860137469386,4813.61962890625,-0.006144298240542412,0.033041439950466156
222,15.990842636674643,0.02857142857142857,5.905223968904465,8.659349020570517,7.331493616104126,0.08947309043794645,0.12549781189232634,0.12018841993613322,66.0,69.0,61.0,0.208955223880597,0.02857142857142857,0.016129032258064516,15.990842636674643,0.12300648182057418,0.12300648182057418,3319.78955078125,-0.012550506740808487,0.04330182448029518
223,17.713271100074053,0.014285714285714285,4.154260146897286,8.152316357940435,9.560954742133617,0.0629433355590498,0.11814951243391936,0.156736962985797,66.0,69.0,61.0,0.04477611940298507,0.014285714285714285,0.22580645161290322,17.713271100074053,0.13625593153903118,0.13625593153903118,1025.20361328125,-0.0013295732205733657,0.045865498483181
224,13.516061954200268,0.05714285714285714,4.572295701596886,7.623665750026703,5.892396204173565,0.06927720759995282,0.11048790942067685,0.09659665908481253,66.0,69.0,61.0,0.11940298507462686,0.05714285714285714,0.0,13.516061954200268,0.10396970734000206,0.10396970734000206,2223.177001953125,-0.010481907986104488,0.036933984607458115
225,0.0008427441352978349,0.0,1.1661944456864148,0.0,0.0008427441352978349,0.01766961281343053,0.0,1.3815477627833359e-05,66.0,69.0,61.0,0.0,0.0,0.0,0.0008427441352978349,6.48264719459873e-06,6.48264719459873e-06,2191.559326171875,-0.007706739474087954,0.023277273401618004
226,24.34146635979414,0.35714285714285715,8.619273224379867,13.616551287472248,10.724915072321892,0.13059504885424042,0.19734132300684418,0.17581827987412937,66.0,69.0,61.0,0.19402985074626866,0.35714285714285715,0.08064516129032258,24.34146635979414,0.18724204892149338,0.18724204892149338,3197.061279296875,-0.017281759530305862,0.050218112766742706
227,5.157932240399532,0.0,1.9396112369722687,1.8352049848763272,3.322727255523205,0.029388049045034375,0.026597173693859815,0.0544709386151345,66.0,69.0,61.0,0.0,0.0,0.0,5.157932240399532,0.03967640184922717,0.03967640184922717,2772.34814453125,0.005666345823556185,0.03033026121556759
228,10.268918166286312,0.014285714285714285,2.306984555674717,3.329781735665165,6.939136430621147,0.03495431144961692,0.048257706313987896,0.11375633492821553,66.0,69.0,61.0,0.0,0.014285714285714285,0.3870967741935484,10.268918166286312,0.0789916782022024,0.0789916782022024,3719.362060546875,0.006223877426236868,0.022644763812422752
229,11.589544842951,0.014285714285714285,5.105994449928403,6.565958398394287,5.023586444556713,0.07736355227164247,0.09515881736803314,0.08235387614027398,66.0,69.0,61.0,0.22388059701492538,0.014285714285714285,0.0,11.589544842951,0.08915034494577692,0.08915034494577692,2089.40283203125,-0.008294262923300266,0.03939134255051613
230,3.5266604106873274,0.0,1.9798909313976765,1.6698852078989148,1.8567752027884126,0.029998347445419342,0.02420123489708572,0.030438937750629714,66.0,69.0,61.0,0.0,0.0,0.0,3.5266604106873274,0.027128157005287135,0.027128157005287135,1672.6925048828125,-0.009624785743653774,0.04909345135092735
231,0.3486327244900167,0.0,0.9460697699105367,0.0990563037339598,0.2495764207560569,0.01433439045318995,0.001435598604839997,0.004091416733705851,66.0,69.0,61.0,0.0,0.0,0.0,0.3486327244900167,0.002681790188384744,0.002681790188384744,1797.0009765625,-0.004908994771540165,0.0246171485632658
232,15.564979850314558,0.0,4.419486028142273,8.8693335512653,6.695646299049258,0.06696190951730717,0.12854106596036666,0.10976469342703701,66.0,69.0,61.0,0.0,0.0,0.0,15.564979850314558,0.1197306142331889,0.1197306142331889,643.404541015625,-0.009436292573809624,0.0810602456331253
233,13.395179910585284,0.02857142857142857,4.54241445986554,7.924948649480939,5.470231261104345,0.06882446151311425,0.11485432825334695,0.08967592231318598,66.0,69.0,61.0,0.08955223880597014,0.02857142857142857,0.0,13.395179910585284,0.10303984546604064,0.10303984546604064,3922.52685546875,-0.0053353458642959595,0.03872138634324074
234,5.245691721269395,0.0,2.115522305481136,3.1366525671910495,2.1090391540783457,0.0320533682648657,0.0454587328578413,0.034574412361940095,66.0,69.0,61.0,0.0,0.0,0.0,5.245691721269395,0.040351474778995346,0.040351474778995346,2004.2342529296875,-0.005182527005672455,0.06603384017944336
235,14.291070684790611,0.04285714285714286,5.512835478410125,8.345278579741716,5.945792105048895,0.08352781027894128,0.12094606637306836,0.09747200172211302,66.0,69.0,61.0,0.11940298507462686,0.04285714285714286,0.0,14.291070684790611,0.10993131295992778,0.10993131295992778,2268.6904296875,-0.008210483938455582,0.043260492384433746
236,32.10526458919048,1.0,13.260776489973068,17.98340943455696,14.121855154633522,0.20092085590868286,0.26062912223995593,0.23150582220710691,66.0,69.0,61.0,0.9253731343283582,1.0,1.0,32.10526458919048,0.2469635737630037,0.2469635737630037,3608.912109375,0.008393130265176296,0.032349780201911926
237,21.798500157892704,0.014285714285714285,4.0457017628941685,9.032432578504086,12.766067579388618,0.06129851155900255,0.13090481997832007,0.20927979638341998,66.0,69.0,61.0,0.0,0.014285714285714285,0.8709677419354839,21.798500157892704,0.1676807704453285,0.1676807704453285,2825.75244140625,-0.0007995923515409231,0.035858798772096634
238,0.0,0.0,0.5319962236098945,0.0,0.0,0.008060548842574159,0.0,0.0,66.0,69.0,61.0,0.0,0.0,0.0,0.0,0.0,0.0,2236.39404296875,-0.009615561924874783,0.05334743112325668
239,17.217914883047342,0.11428571428571428,5.496662733028643,9.664898570626974,7.553016312420368,0.08328276868225216,0.14007099377720253,0.12381993954787489,66.0,69.0,61.0,0.0,0.11428571428571428,0.016129032258064516,17.217914883047342,0.13244549910036418,0.13244549910036418,1437.4832763671875,-0.009004105813801289,0.0453425832092762
240,18.533921100199223,0.9571428571428572,5.712104342877865,9.409437753260136,9.124483346939087,0.08654703549814946,0.1363686630907266,0.14958169421211617,66.0,69.0,61.0,0.22388059701492538,0.9571428571428572,0.9838709677419355,18.533921100199223,0.14256862384768632,0.14256862384768632,2773.7421875,0.002997169503942132,0.020092464983463287
241,9.772728523705155,0.0,6.713589687598869,5.555616274941713,4.217112248763442,0.10172105587271014,0.08051617789770597,0.0691329876846466,66.0,69.0,61.0,0.14925373134328357,0.0,0.0,9.772728523705155,0.07517483479773196,0.07517483479773196,2196.878173828125,0.00237093772739172,0.04706789180636406
242,27.28935507684946,0.15714285714285714,3.711948355252389,10.424426414072514,16.864928662776947,0.056241641746248315,0.15107864368221033,0.2764742403733926,66.0,69.0,61.0,0.04477611940298507,0.15714285714285714,0.8064516129032258,27.28935507684946,0.20991811597576507,0.20991811597576507,604.1812744140625,-0.02054375223815441,0.04995262250304222
243,1.1929423328256235,0.0,3.5779913349542767,0.859875452122651,0.3330668807029724,0.05421198992354965,0.01246196307424132,0.005460112798409384,66.0,69.0,61.0,0.0,0.0,0.0,1.1929423328256235,0.009176479483274026,0.009176479483274026,1497.9263916015625,-0.010583282448351383,0.056980062276124954
244,53.4552658200264,1.0,12.421153202652931,27.284192085266113,26.171073734760284,0.18819929094928683,0.3954230736995089,0.42903399565180794,66.0,69.0,61.0,0.9850746268656716,1.0,1.0,53.4552658200264,0.4111943524617415,0.4111943524617415,2224.583251953125,0.006590603850781918,0.026971207931637764
245,7.950822604063433,0.014285714285714285,5.9078748328611255,3.829257964331191,4.121564639732242,0.08951325504335039,0.05549649223668393,0.06756663343823346,66.0,69.0,61.0,0.19402985074626866,0.014285714285714285,0.0,7.950822604063433,0.06116017387741102,0.06116017387741102,2131.081298828125,0.007258719764649868,0.033541176468133926
246,0.10185991111211479,0.0,1.4539644615724683,0.019890864379704,0.08196904673241079,0.02202976456927982,0.0002882733968073043,0.0013437548644657507,66.0,69.0,61.0,0.0,0.0,0.0,0.10185991111211479,0.0007835377777854984,0.0007835377777854984,1560.6953125,-0.002119608223438263,0.036517318338155746
247,32.374992445111275,0.6571428571428571,7.63867621589452,15.383477628231049,16.991514816880226,0.11573751842264425,0.22294895113378332,0.27854942322754467,66.0,69.0,61.0,0.16417910447761194,0.6571428571428571,1.0,32.374992445111275,0.24903840342393288,0.24903840342393288,1891.843017578125,0.004761923104524612,0.03913123905658722
248,1.710141098126769,0.0,1.534978050738573,1.6547343153506517,0.055406782776117325,0.023257243193008682,0.023981656744212345,0.000908307914362579,66.0,69.0,61.0,0.0,0.0,0.0,1.710141098126769,0.013154931524052069,0.013154931524052069,2200.80810546875,-0.007140703033655882,0.0228130966424942
249,2.0625117326853797,0.0,1.156181112746708,1.7575475027551875,0.30496422993019223,0.017517895647677396,0.02547170293848098,0.004999413605412987,66.0,69.0,61.0,0.0,0.0,0.0,2.0625117326853797,0.015865474866810614,0.015865474866810614,2131.299072265625,-0.010484488680958748,0.04045694321393967
250,7.129908305942081,0.12857142857142856,5.390240959823132,5.190649841912091,1.9392584640299901,0.08167031757307774,0.07522680930307378,0.03179112236114738,66.0,69.0,61.0,0.13432835820895522,0.12857142857142856,0.0,7.129908305942081,0.05484544850724678,0.05484544850724678,1249.55322265625,0.011186777614057064,0.04213141277432442
251,3.569709255476482,0.0,2.5806690882891417,0.9954880505101755,2.5742212049663067,0.039101046792259724,0.014427363050872109,0.04220034762239847,66.0,69.0,61.0,0.0,0.0,0.0,3.569709255476482,0.02745930196520371,0.02745930196520371,1645.3670654296875,-0.0030364140402525663,0.0533473901450634
252,15.176827190443873,0.0,5.254268537741154,6.641605328768492,8.535221861675382,0.07961012935971445,0.09625514969229698,0.13992166986353086,66.0,69.0,61.0,0.08955223880597014,0.0,0.06451612903225806,15.176827190443873,0.11674482454187594,0.11674482454187594,753.3970336914062,0.0004919276689179242,0.04799114540219307
253,0.040826307609677315,0.0,1.0833093721885234,0.0,0.040826307609677315,0.016413778366492777,0.0,0.0006692837313061855,66.0,69.0,61.0,0.029850746268656716,0.0,0.0,0.040826307609677315,0.0003140485200744409,0.0003140485200744409,2973.576416015625,-0.007287151645869017,0.019839471206068993
254,55.88597071170807,1.0,14.562893442809582,28.712574005126953,27.173396706581116,0.22064990064863002,0.4161242609438689,0.4454655197800183,66.0,69.0,61.0,0.9850746268656716,1.0,1.0,55.88597071170807,0.4298920823977544,0.4298920823977544,2875.43701171875,0.003526612650603056,0.02581227757036686
255,9.015410852967761,0.0,0.977379908435978,2.4477808059891686,6.567630046978593,0.014808786491454212,0.03547508414477056,0.10766606634391136,66.0,69.0,61.0,0.0,0.0,0.14516129032258066,9.015410852967761,0.06934931425359817,0.06934931425359817,3004.848876953125,-0.004669626709073782,0.033742763102054596
256,13.520909294020385,0.0,6.024964028969407,3.8193078744225204,9.701601419597864,0.09128733377226374,0.05535228803510899,0.1590426462229158,66.0,69.0,61.0,0.0,0.0,0.0,13.520909294020385,0.10400699456938757,0.10400699456938757,1294.1463623046875,-0.00671171210706234,0.06946078687906265
257,0.709179297555238,0.0,2.7834393605589867,0.5797373806126416,0.12944191694259644,0.04217332364483313,0.008401991023371616,0.0021219986384032204,66.0,69.0,61.0,0.014925373134328358,0.0,0.0,0.709179297555238,0.0054552253658095235,0.0054552253658095235,1877.017333984375,-0.0032238601706922054,0.041436731815338135
258,25.517503395676613,0.12857142857142856,8.162122626323253,11.705680534243584,13.81182286143303,0.12366852464126141,0.16964754397454468,0.22642332559726278,66.0,69.0,61.0,0.22388059701492538,0.12857142857142856,0.532258064516129,25.517503395676613,0.19628848765905088,0.19628848765905088,2399.239501953125,-0.001368560828268528,0.04430145397782326
259,20.66691322438419,0.07142857142857142,9.418333742767572,12.249969040974975,8.416944183409214,0.14270202640556928,0.17753578320253585,0.13798269153129858,66.0,69.0,61.0,0.029850746268656716,0.07142857142857142,0.03225806451612903,20.66691322438419,0.15897625557218606,0.15897625557218606,671.227294921875,-0.00411205692216754,0.053569041192531586
260,33.06706000864506,0.05714285714285714,8.734923757612705,14.317779004573822,18.749281004071236,0.13234732966079857,0.20750404354454816,0.30736526236182354,66.0,69.0,61.0,0.0,0.05714285714285714,0.27419354838709675,33.06706000864506,0.25436200006650045,0.25436200006650045,1343.424560546875,-0.007135648280382156,0.071206234395504
261,3.7875404883016017,0.0,2.4334090189659037,1.753954821266234,2.033585667035368,0.036869833620695514,0.025419635090814983,0.033337469951399475,66.0,69.0,61.0,0.0,0.0,0.0,3.7875404883016017,0.029134926833089245,0.029134926833089245,1601.795166015625,-0.009695664048194885,0.03742510825395584
262,0.026008062064647675,0.0,2.0009178048931062,0.026008062064647675,0.0,0.030316936437774337,0.00037692843571953153,0.0,66.0,69.0,61.0,0.029850746268656716,0.0,0.0,0.026008062064647675,0.00020006201588190518,0.00020006201588190518,1781.54736328125,-0.00725537957623601,0.028772780671715736
263,16.02729569375515,0.12857142857142856,3.0505618969909847,7.544401593506336,8.482894100248814,0.046220634802893706,0.10933915352907733,0.13906383770899694,66.0,69.0,61.0,0.029850746268656716,0.12857142857142856,0.3870967741935484,16.02729569375515,0.12328688995196269,0.12328688995196269,2400.405517578125,-0.0009143490460701287,0.03172530606389046
264,9.39158347202465,0.0,4.480328219244257,4.9903260874561965,4.401257384568453,0.06788376089764026,0.07232356648487241,0.07215176040276153,66.0,69.0,61.0,0.0,0.0,0.0,9.39158347202465,0.072242949784805,0.072242949784805,2205.23388671875,0.004666807129979134,0.05785108357667923
265,0.058510950300842524,0.0,3.314863954205066,0.03314656997099519,0.025364380329847336,0.05022521142734948,0.0004803850720434085,0.0004158095136040547,66.0,69.0,61.0,0.029850746268656716,0.0,0.0,0.058510950300842524,0.00045008423308340404,0.00045008423308340404,3255.191650390625,0.0014761221827939153,0.045240368694067
266,30.027176013216376,0.0,0.2119739605113864,5.229231676086783,24.797944337129593,0.0032117266744149456,0.0757859663200983,0.4065236776578622,66.0,69.0,61.0,0.0,0.0,0.6290322580645161,30.027176013216376,0.23097827702474136,0.23097827702474136,2460.60400390625,-0.007487966679036617,0.04142533987760544
267,12.413669507950544,0.14285714285714285,4.4345362121239305,6.1179126389324665,6.295756869018078,0.06718994260793834,0.08866540056423865,0.10320912900029636,66.0,69.0,61.0,0.19402985074626866,0.14285714285714285,0.14516129032258066,12.413669507950544,0.09548976544577342,0.09548976544577342,4409.79345703125,-0.004584333393722773,0.027887588366866112
268,0.017620309023186564,0.0,2.1109424494206905,0.015603261534124613,0.0020170474890619516,0.0319839765063741,0.00022613422513224077,3.3066352279704124e-05,66.0,69.0,61.0,0.0,0.0,0.0,0.017620309023186564,0.00013554083863989664,0.00013554083863989664,1538.7032470703125,0.004465677309781313,0.05480290949344635
269,60.09960103034973,1.0,12.201480843126774,29.5180085003376,30.58159253001213,0.18487092186555718,0.4277972246425739,0.5013375824592152,66.0,69.0,61.0,0.11940298507462686,1.0,1.0,60.09960103034973,0.4623046233103825,0.4623046233103825,3974.958251953125,0.002065712818875909,0.04565102607011795
270,113.69537109136581,1.0,10.782582681626081,50.24657487869263,63.44879621267319,0.16337246487312246,0.7282112301259801,1.0401442002077572,66.0,69.0,61.0,0.5671641791044776,1.0,1.0,113.69537109136581,0.8745797776258909,0.8745797776258909,2025.979736328125,0.005837948527187109,0.020920882001519203
271,0.6518048443831503,0.0,0.9063333450612845,0.0,0.6518048443831503,0.013732323410019462,0.0,0.010685325317756563,66.0,69.0,61.0,0.0,0.0,0.0,0.6518048443831503,0.005013883418331926,0.005013883418331926,3035.080810546875,-0.009625319391489029,0.03285164386034012
272,46.76455718278885,0.8714285714285714,6.408958405372687,15.411319568753242,31.353237614035606,0.09710543038443464,0.22335245751816293,0.505697380871542,66.0,69.0,62.0,0.26865671641791045,0.8714285714285714,0.9841269841269841,46.76455718278885,0.3569813525403729,0.3569813525403729,1122.7664794921875,-0.004271671175956726,0.033521704375743866
273,15.511552918702364,0.2571428571428571,5.480674330960028,8.627762969583273,6.883789949119091,0.08304052016606103,0.12504004303743874,0.11284901555932936,66.0,69.0,61.0,0.16417910447761194,0.2571428571428571,0.0,15.511552918702364,0.11931963783617203,0.11931963783617203,3674.213623046875,-0.004187562968581915,0.03599655628204346
274,9.010137263685465,0.17142857142857143,4.163232668965065,5.256555378437042,3.7535818852484226,0.06307928286310704,0.07618196200633394,0.06054164331045843,66.0,69.0,62.0,0.26865671641791045,0.17142857142857143,0.0,9.010137263685465,0.06877967376859133,0.06877967376859133,3889.47265625,-0.0008166800253093243,0.022610602900385857
275,1.0299626091000391,0.0,0.5125393068883568,0.8627668760163942,0.16719573308364488,0.007765747074066012,0.012503867768353539,0.0027409136571089326,66.0,69.0,61.0,0.0,0.0,0.0,1.0299626091000391,0.007922789300769532,0.007922789300769532,2476.255126953125,-0.01069989800453186,0.03552854433655739
276,1.614700272679329,0.0,1.3819060493988218,0.054824375081807375,1.5598758975975215,0.020937970445436695,0.000794556160605904,0.02557173602618888,66.0,69.0,61.0,0.0,0.0,0.0,1.614700272679329,0.01242077132830253,0.01242077132830253,3068.19580078125,0.003947065211832523,0.034703999757766724
277,25.974502496421337,0.8142857142857143,9.293721783906221,14.164476603269577,11.81002589315176,0.14081396642282154,0.20528226961260257,0.19048428859922192,66.0,69.0,62.0,0.43283582089552236,0.8142857142857143,0.9841269841269841,25.974502496421337,0.1982786450108499,0.1982786450108499,2533.591552734375,0.0012483005411922932,0.028573431074619293
278,8.310157725820318,0.0,6.169451745947299,4.863108351128176,3.447049374692142,0.09491464224534306,0.07047983117577067,0.05650900614249413,65.0,69.0,61.0,0.21212121212121213,0.0,0.0,8.310157725820318,0.06392429019861783,0.06392429019861783,826.2324829101562,0.007676081731915474,0.045792046934366226
279,3.973199118336197,0.014285714285714285,1.94056806313165,2.116587543627247,1.8566115747089498,0.029854893278948462,0.030675181791699237,0.02994534797917661,65.0,69.0,62.0,0.030303030303030304,0.014285714285714285,0.0,3.973199118336197,0.030329764262108375,0.030329764262108375,3647.72900390625,-0.006949847098439932,0.023159245029091835
280,0.5964706875092816,0.0,3.1502889019902796,0.5129081085033249,0.08356257900595665,0.048465983107542764,0.007433450847874274,0.001369878344359945,65.0,69.0,61.0,0.0,0.0,0.0,0.5964706875092816,0.004588236057763704,0.004588236057763704,3507.48046875,0.0002640183374751359,0.040043674409389496
281,18.754334941506386,0.8285714285714286,7.036006089299917,10.529455192387104,8.224879749119282,0.10824624752769103,0.15260079988966818,0.13483409424785708,65.0,69.0,61.0,0.42424242424242425,0.8285714285714286,0.6935483870967742,18.754334941506386,0.1442641149346645,0.1442641149346645,6044.341796875,-0.0010973259340971708,0.023988420143723488
282,12.173184219747782,0.15714285714285714,3.4231178967747837,6.378642179071903,5.7945420406758785,0.052663352258073594,0.09244408955176671,0.09499249247009636,65.0,69.0,61.0,0.09090909090909091,0.15714285714285714,0.06451612903225806,12.173184219747782,0.09363987861344447,0.09363987861344447,1661.095703125,-0.003812531242147088,0.027703911066055298
283,24.75791154615581,0.11428571428571428,5.281368910879792,15.365711342543364,9.392200203612447,0.08125182939815064,0.22269146873251253,0.15397049514118766,65.0,69.0,61.0,0.0,0.11428571428571428,0.0,24.75791154615581,0.19044547343196777,0.19044547343196777,296.158203125,-0.006220255512744188,0.06732602417469025
284,26.089950405061245,0.9857142857142858,10.205716889351606,14.854521855711937,11.235428549349308,0.15701102906694778,0.21528292544510053,0.181216589505634,65.0,69.0,62.0,0.5757575757575758,0.9857142857142858,0.9841269841269841,26.089950405061245,0.1991599267561927,0.1991599267561927,2620.0458984375,-0.0031356282997876406,0.02545357681810856
285,14.2486501224339,0.5714285714285714,5.983648278750479,8.801031917333603,5.447618205100298,0.09205612736539198,0.12755118720773337,0.08786480975968222,65.0,69.0,62.0,0.36363636363636365,0.5714285714285714,0.031746031746031744,14.2486501224339,0.10876832154529695,0.10876832154529695,6783.056640625,-0.00265090586617589,0.02493249624967575
286,1.0134920310229063,0.0,2.5419468742402387,0.013099592179059982,1.0003924388438463,0.03910687498831136,0.00018984916201536205,0.01613536191683623,65.0,69.0,62.0,0.19696969696969696,0.0,0.015873015873015872,1.0134920310229063,0.007736580389487834,0.007736580389487834,3732.858642578125,0.004315498750656843,0.02059016562998295
287,7.9232119471998885,0.0,4.854935874172952,4.936598852742463,2.986613094457425,0.07469132114112234,0.07154491090931106,0.048171178942861693,65.0,69.0,62.0,0.030303030303030304,0.0,0.0,7.9232119471998885,0.06048253394809075,0.06048253394809075,1697.44091796875,-0.007642030715942383,0.05374304950237274
288,29.2664892077446,0.9714285714285714,5.272041963180527,15.310519993305206,13.955969214439392,0.08110833789508504,0.22189159410587256,0.22509627765224827,65.0,69.0,62.0,0.3333333333333333,0.9714285714285714,0.9682539682539683,29.2664892077446,0.22340831456293586,0.22340831456293586,1526.37939453125,-0.006062854081392288,0.026960464194417
289,21.1782099455595,0.05714285714285714,4.25790384458378,9.23179230839014,11.946417637169361,0.0655062129935966,0.13379409142594406,0.19268415543821552,65.0,69.0,62.0,0.015151515151515152,0.05714285714285714,0.36507936507936506,21.1782099455595,0.16166572477526336,0.16166572477526336,3962.575927734375,-0.0019571648444980383,0.04177155718207359
290,12.80958004668355,0.2571428571428571,3.9566535907797515,6.753053478896618,6.056526567786932,0.06087159370430387,0.09787034027386403,0.09768591238366019,65.0,69.0,62.0,0.06060606060606061,0.2571428571428571,0.2222222222222222,12.80958004668355,0.09778305379147748,0.09778305379147748,5768.4970703125,-0.00033436212106607854,0.0227070190012455
291,0.12662522308528423,0.0,2.6760161826387048,0.12164700333960354,0.00497821974568069,0.04116947973290315,0.0017630000484000514,8.029386686581758e-05,65.0,69.0,62.0,0.0,0.0,0.0,0.12662522308528423,0.0009666047563762155,0.0009666047563762155,3766.30859375,0.0009153620922006667,0.036624327301979065
292,16.47793947905302,0.5857142857142857,2.9702808229485527,7.899773865938187,8.578165613114834,0.04569662804536235,0.11448947631794473,0.13835750988894893,65.0,69.0,62.0,0.0,0.5857142857142857,0.9523809523809523,16.47793947905302,0.12578579755002306,0.12578579755002306,5052.19140625,-0.0016368771903216839,0.023470183834433556
293,17.321107678115368,0.014285714285714285,3.4260906816925853,8.806566163897514,8.514541514217854,0.05270908741065516,0.12763139367967413,0.13733131474544924,65.0,69.0,62.0,0.0,0.014285714285714285,0.015873015873015872,17.321107678115368,0.13222219601614785,0.13222219601614785,2451.0322265625,0.013422741554677486,0.044029176235198975
294,12.221210554242134,0.08571428571428572,3.7348538070218638,6.601988323032856,5.619222231209278,0.0574592893387979,0.09568099018888197,0.09063261663240771,65.0,69.0,62.0,0.045454545454545456,0.08571428571428572,0.0,12.221210554242134,0.09329168362016896,0.09329168362016896,8771.2314453125,0.0009644923266023397,0.027449321001768112
295,14.388578376267105,0.1,2.240733291953802,6.5780069516040385,7.810571424663067,0.03447281987621234,0.09533343408121794,0.12597695846230753,65.0,69.0,62.0,0.015151515151515152,0.1,0.14285714285714285,14.388578376267105,0.10983647615471073,0.10983647615471073,986.2965087890625,-0.009031925350427628,0.036414943635463715
296,5.154634095262736,0.0,4.399863032740541,3.4233741217758507,1.7312599734868854,0.06769020050370063,0.04961411770689639,0.027923547959465896,65.0,69.0,62.0,0.21212121212121213,0.0,0.0,5.154634095262736,0.03934835187223463,0.03934835187223463,4666.55029296875,0.0012553597334772348,0.028444908559322357
297,14.26364652812481,0.2571428571428571,5.708718100562692,8.68635892495513,5.57728760316968,0.08782643231634911,0.1258892597819584,0.08995625166402708,65.0,69.0,62.0,0.24242424242424243,0.2571428571428571,0.015873015873015872,14.26364652812481,0.10888279792461686,0.10888279792461686,2484.578125,-0.0020332401618361473,0.03447476029396057
298,1.7946088712196797,0.014285714285714285,1.5797640485689044,1.6886900870595127,0.10591878416016698,0.024304062285675453,0.024473769377674096,0.001708367486454306,65.0,69.0,62.0,0.015151515151515152,0.014285714285714285,0.0,1.7946088712196797,0.01369930436045557,0.01369930436045557,2212.116455078125,-0.0006529984530061483,0.029063299298286438
299,6.528504638758022,0.0,3.8133419514633715,3.438324971415568,3.090179667342454,0.05866679925328264,0.04983079668718215,0.04984160753778152,65.0,69.0,62.0,0.06060606060606061,0.0,0.0,6.528504638758022,0.049835913272962,0.049835913272962,1462.9195556640625,0.0018161938060075045,0.0504169799387455
300,10.205180039905827,0.04285714285714286,5.238104755990207,7.009896462899633,3.195283577006194,0.08058622701523396,0.10159270236086425,0.051536831887196675,65.0,69.0,62.0,0.10606060606060606,0.04285714285714286,0.0,10.205180039905827,0.07790213770920479,0.07790213770920479,1886.817138671875,0.0019135411130264401,0.03948664665222168
301,16.394919775426388,0.02857142857142857,5.407309824950062,8.535777390003204,7.859142385423183,0.08318938192230864,0.12370691869569861,0.12676036105521263,65.0,69.0,62.0,0.15151515151515152,0.02857142857142857,0.0,16.394919775426388,0.1251520593543999,0.1251520593543999,1291.2532958984375,-0.00860208086669445,0.045860279351472855
302,0.19070800754707307,0.0,0.7599229533225298,0.17923360865097493,0.011474398896098137,0.01169112235880815,0.0025975885311735497,0.0001850709499370667,65.0,69.0,62.0,0.0,0.0,0.0,0.19070800754707307,0.0014557863171532296,0.0014557863171532296,2091.697998046875,-0.022958410903811455,0.06700547784566879
303,5.661779669811949,0.0,2.3122223017853685,3.892320429906249,1.7694592399057,0.035572650796697976,0.05641044101313404,0.028539665159769356,65.0,69.0,62.0,0.015151515151515152,0.0,0.0,5.661779669811949,0.04321969213596908,0.04321969213596908,2916.95458984375,-0.0020700208842754364,0.030016697943210602
304,14.60250298678875,0.014285714285714285,4.559935172030237,7.4762559831142426,7.126247003674507,0.07015284880046518,0.10835153598716293,0.11493946780120173,65.0,69.0,62.0,0.18181818181818182,0.014285714285714285,0.0,14.60250298678875,0.11146948844876908,0.11146948844876908,3773.324951171875,-0.003123803064227104,0.03582819551229477
305,26.587142571806908,0.5285714285714286,10.34079441614449,14.40761350095272,12.179529070854187,0.15908914486376138,0.20880599276743073,0.19644401727184171,65.0,69.0,62.0,0.3333333333333333,0.5285714285714286,0.31746031746031744,26.587142571806908,0.20295528680768632,0.20295528680768632,1718.859130859375,0.00292590050958097,0.04338082671165466
306,18.49819754064083,0.2571428571428571,3.7721894336864352,6.684758678078651,11.81343886256218,0.058033683595175925,0.09688056055186452,0.1905393364929384,65.0,69.0,62.0,0.19696969696969696,0.2571428571428571,1.0,18.49819754064083,0.14120761481405214,0.14120761481405214,4283.3505859375,0.0036323419772088528,0.022123778238892555
307,12.432025955989957,0.02857142857142857,4.412292986642569,6.9056742414832115,5.526351714506745,0.06788143056373183,0.10008223538381467,0.08913470507268945,65.0,69.0,62.0,0.15151515151515152,0.02857142857142857,0.015873015873015872,12.432025955989957,0.09490096149610654,0.09490096149610654,2573.063232421875,0.00023540503752883524,0.03476257622241974
308,2.190188290725928,0.0,4.055379601544701,0.8601265272009186,1.3300617635250092,0.06239045540838001,0.012465601843491575,0.02145260908911305,65.0,69.0,62.0,0.06060606060606061,0.0,0.0,2.190188290725928,0.016718994585694105,0.016718994585694105,561.923583984375,-0.007247232832014561,0.05350542813539505
309,16.36323620378971,0.0,4.8076133956201375,7.759905211627483,8.603330992162228,0.07396328300954058,0.1124623943714128,0.13876340309939078,65.0,69.0,62.0,0.0,0.0,0.0,16.36323620378971,0.1249102000289291,0.1249102000289291,2410.58544921875,0.003551101079210639,0.05094236508011818
310,0.03399251028895378,0.0,6.930656753946096,0.01065828837454319,0.02333422191441059,0.10662548852224762,0.0001544679474571477,0.00037635841797436435,65.0,69.0,62.0,0.06060606060606061,0.0,0.0,0.03399251028895378,0.0002594848113660594,0.0002594848113660594,3733.1796875,0.021306028589606285,0.05118272453546524
311,24.9965266212821,0.6285714285714286,8.547916289186105,13.394629694521427,11.601896926760674,0.131506404449017,0.19412506803654242,0.18712736978646247,65.0,69.0,62.0,0.3787878787878788,0.6285714285714286,0.7142857142857143,24.9965266212821,0.19081318031513053,0.19081318031513053,2491.78857421875,0.006259738467633724,0.032341938465833664
312,9.30598785285838,0.02857142857142857,5.376241612480953,6.0777110832277685,3.228276769630611,0.08271140942278389,0.08808276932214157,0.052068980155332435,65.0,69.0,62.0,0.21212121212121213,0.02857142857142857,0.0,9.30598785285838,0.07103807521265938,0.07103807521265938,2664.940673828125,-0.010544625110924244,0.03601625934243202
313,18.269248366355896,0.12857142857142856,6.457656654063612,8.403190828859806,9.86605753749609,0.09934856390867096,0.12178537433130154,0.159129960282195,65.0,69.0,62.0,0.24242424242424243,0.12857142857142856,0.25396825396825395,18.269248366355896,0.13945991119355647,0.13945991119355647,2035.4359130859375,-0.004854242783039808,0.03920890390872955
314,0.0,0.0,0.0831077117472887,0.0,0.0,0.0012785801807275185,0.0,0.0,65.0,69.0,62.0,0.0,0.0,0.0,0.0,0.0,0.0,2334.700439453125,-0.00574348121881485,0.040496889501810074
315,32.13320308923721,0.8571428571428571,11.04218419874087,16.97029212117195,15.162910968065262,0.1698797569037057,0.24594626262568045,0.24456308013008488,65.0,69.0,62.0,0.4393939393939394,0.8571428571428571,1.0,32.13320308923721,0.24529162663539858,0.24529162663539858,2555.280029296875,0.010524565353989601,0.034805621951818466
316,12.966196216642857,0.7285714285714285,5.047392247244716,6.858332455158234,6.107863761484623,0.07765218841914948,0.09939612253852513,0.09851393163684875,65.0,69.0,62.0,0.4696969696969697,0.7285714285714285,0.9206349206349206,12.966196216642857,0.09897859707360959,0.09897859707360959,6549.43359375,0.0016497879987582564,0.01580771803855896
317,0.03835328295826912,0.0,1.571647622389719,0.03835328295826912,0.0,0.02417919419061106,0.0005558446805546249,0.0,65.0,69.0,62.0,0.0,0.0,0.0,0.03835328295826912,0.00029277315235319936,0.00029277315235319936,3122.536376953125,-0.004567842930555344,0.035562872886657715
318,4.3086750892107375,0.0,1.0964992991648614,1.4083378252689727,2.900337263941765,0.016869219987151716,0.020410693119840184,0.0467796332893833,65.0,69.0,62.0,0.0,0.0,0.0,4.3086750892107375,0.032890649535959826,0.032890649535959826,3675.95654296875,-0.005160744767636061,0.03777313977479935
319,0.0,0.0,0.8471310345921665,0.0,0.0,0.013032785147571793,0.0,0.0,65.0,69.0,62.0,0.0,0.0,0.0,0.0,0.0,0.0,3865.92822265625,0.007665232755243778,0.030307741835713387
320,7.190808720886707,0.0,3.4770576062146574,4.206262269988656,2.9845464508980513,0.05349319394176396,0.060960322753458786,0.04813784598222663,65.0,69.0,62.0,0.0,0.0,0.0,7.190808720886707,0.054891669625089366,0.054891669625089366,5971.7109375,0.003588645253330469,0.0368969701230526
321,6.583851513452828,0.0,5.148912539705634,4.532118387520313,2.0517331259325147,0.07921403907239437,0.06568287518145381,0.03309246977310507,65.0,69.0,62.0,0.015151515151515152,0.0,0.0,6.583851513452828,0.05025840849963991,0.05025840849963991,2188.584716796875,0.0038417077157646418,0.05052272975444794
322,19.893207455053926,0.5285714285714286,4.895853259600699,10.758795978501439,9.134411476552486,0.07532081937847229,0.15592457939857157,0.1473292173637498,65.0,69.0,62.0,0.22727272727272727,0.5285714285714286,0.47619047619047616,19.893207455053926,0.15185654545842692,0.15185654545842692,786.8794555664062,0.0013574743643403053,0.029672015458345413
323,14.251198379439302,0.0,2.3688659952022135,1.5697704610647634,12.681427918374538,0.03644409223388021,0.022750296537170485,0.20453915997378289,65.0,69.0,62.0,0.0,0.0,0.23809523809523808,14.251198379439302,0.10878777388884964,0.10878777388884964,1782.4300537109375,0.003208344569429755,0.050817251205444336
324,23.993719078600407,0.04285714285714286,9.364726541563869,13.776346631348133,10.217372447252274,0.14407271602405952,0.19965719755577005,0.16479632979439152,65.0,69.0,62.0,0.09090909090909091,0.04285714285714286,0.015873015873015872,23.993719078600407,0.18315816090534662,0.18315816090534662,1520.503662109375,-0.006106225308030844,0.06210476905107498
325,1.7050431301177014,0.0,2.078353707678616,1.597412997041829,0.10763013307587244,0.031974672425824864,0.023150913000606215,0.0017359698883205232,65.0,69.0,62.0,0.0,0.0,0.0,1.7050431301177014,0.013015596413112224,0.013015596413112224,12099.896484375,0.00048434012569487095,0.020666874945163727
326,21.392969220876694,0.3,5.360303113237023,7.016879454255104,14.37608976662159,0.08246620174210806,0.10169390513413194,0.2318724155906708,65.0,69.0,62.0,0.15151515151515152,0.3,1.0,21.392969220876694,0.16330510855631064,0.16330510855631064,2391.067626953125,0.0034228393342345953,0.02271198108792305
327,0.4760389802977443,0.0,3.8834132812044118,0.46039968077093363,0.015639299526810646,0.0597448197108371,0.006672459141607734,0.000252246766561462,65.0,69.0,62.0,0.06060606060606061,0.0,0.0,0.4760389802977443,0.0036338853457843073,0.0036338853457843073,1457.4552001953125,-0.004373777192085981,0.03980979323387146
328,0.0,0.0,1.7811020235531032,0.0,0.0,0.027401569593124665,0.0,0.0,65.0,69.0,62.0,0.0,0.0,0.0,0.0,0.0,0.0,3826.240234375,0.0037435784470289946,0.03346827253699303
329,5.099672224372625,0.0,4.685000063618645,2.4369623716920614,2.662709852680564,0.07207692405567147,0.03531829524191393,0.04294693310775103,65.0,69.0,62.0,0.09090909090909091,0.0,0.0,5.099672224372625,0.0389287956058979,0.0389287956058979,1557.1640625,0.003116714535281062,0.04510728269815445
330,0.0,0.0,1.2320599625818431,0.0,0.0,0.01895476865510528,0.0,0.0,65.0,69.0,62.0,0.0,0.0,0.0,0.0,0.0,0.0,2984.744873046875,0.0032237491104751825,0.029368871822953224
331,34.28622831404209,0.8142857142857143,8.554420527983893,15.400832369923592,18.8853959441185,0.13160646966129066,0.22320046912932742,0.3046031603890081,65.0,69.0,62.0,0.24242424242424243,0.8142857142857143,0.9841269841269841,34.28622831404209,0.2617269336949778,0.2617269336949778,2478.478271484375,0.003822346916422248,0.038536060601472855
332,0.7478658978361636,0.0,3.563135235803202,0.07780481781810522,0.6700610800180584,0.0548174651662031,0.0011276060553348582,0.010807436774484813,65.0,69.0,62.0,0.09090909090909091,0.0,0.0,0.7478658978361636,0.005708899983482165,0.005708899983482165,2700.608642578125,-0.010721259750425816,0.04078643023967743
333,74.21418488025665,1.0,26.39690414071083,39.246506214141846,34.96767866611481,0.4061062175493974,0.5687899451324905,0.5639948171954001,65.0,69.0,62.0,0.9848484848484849,1.0,1.0,74.21418488025665,0.5665204952691347,0.5665204952691347,3736.65283203125,0.012933813035488129,0.05735519155859947
334,37.68226530402899,0.08571428571428572,7.965996385551989,13.732346884906292,23.949918419122696,0.12255379054695367,0.19901952007110568,0.38628900676004346,65.0,69.0,62.0,0.015151515151515152,0.08571428571428572,0.7936507936507936,37.68226530402899,0.2876508801834274,0.2876508801834274,1555.515625,0.019104406237602234,0.060834262520074844
335,19.746714137494564,0.0,6.59824469126761,9.256561525166035,10.49015261232853,0.10151145678873245,0.13415306558211645,0.1691960098762666,65.0,69.0,62.0,0.0,0.0,0.06349206349206349,19.746714137494564,0.15073827585873714,0.15073827585873714,1809.0767822265625,0.005316559690982103,0.04499928280711174
336,6.512782238190994,0.0,1.4724513797555119,2.350773371523246,4.1620088666677475,0.0226530981500848,0.03406917929743835,0.06712917526883463,65.0,69.0,62.0,0.0,0.0,0.0,6.512782238190994,0.04971589494802285,0.04971589494802285,4104.55908203125,-0.0028770859353244305,0.0334969237446785
337,25.17715200036764,0.6142857142857143,3.7211674405261874,8.377309836447239,16.799842163920403,0.05724872985424904,0.1214102874847426,0.27096519619226456,65.0,69.0,62.0,0.19696969696969696,0.6142857142857143,1.0,25.17715200036764,0.19219200000280642,0.19219200000280642,5576.634765625,0.001758605008944869,0.02304534986615181
338,6.87039456050843,0.0,4.390918971592328,1.8518464390654117,5.018548121443018,0.06755259956295889,0.02683835418935379,0.08094432453940352,65.0,69.0,62.0,0.21212121212121213,0.0,0.07936507936507936,6.87039456050843,0.052445760003881146,0.052445760003881146,2758.570068359375,-0.004001999273896217,0.03301730751991272
339,70.23093128204346,0.0,10.059533014893532,35.94464921951294,34.28628206253052,0.15476204638297741,0.5209369452103324,0.5530045493956535,65.0,69.0,62.0,0.0,0.0,0.0,70.23093128204346,0.5361139792522401,0.5361139792522401,2322.674560546875,-0.0467589870095253,0.19839665293693542
340,0.03034036364624626,0.0,0.40161199994327035,0.010267395609844243,0.020072968036402017,0.00617864615297339,0.0001488028349252789,0.0003237575489742261,65.0,69.0,62.0,0.0,0.0,0.0,0.03034036364624626,0.00023160582936065848,0.00023160582936065848,7037.3134765625,-0.004246803931891918,0.01782277412712574
341,4.5842907056212425,0.0,2.8318751647893805,2.764561183284968,1.8197295223362744,0.04356731022752893,0.040066104105579245,0.029350476166714105,65.0,69.0,62.0,0.030303030303030304,0.0,0.0,4.5842907056212425,0.03499458553909345,0.03499458553909345,2118.843017578125,0.005598722491413355,0.03831355273723602
342,4.2634928585612215,0.0,2.957327221520245,2.518868884537369,1.7446239740238525,0.045497341869542234,0.036505346152715494,0.028139096355223426,65.0,69.0,62.0,0.13636363636363635,0.0,0.0,4.2634928585612215,0.032545747011917724,0.032545747011917724,4125.64306640625,0.0052532474510371685,0.022458288818597794
343,0.00822345819324255,0.0,0.13317798567004502,0.0,0.00822345819324255,0.0020488920872314617,0.0,0.00013263642247165404,65.0,69.0,62.0,0.0,0.0,0.0,0.00822345819324255,6.27744900247523e-05,6.27744900247523e-05,2176.569091796875,0.0063536507077515125,0.033034633845090866
344,56.44024273753166,0.1,12.094789065420628,25.310013204813004,31.13022953271866,0.18607367792954813,0.36681178557700006,0.5021004763341719,65.0,69.0,62.0,0.0,0.1,0.9682539682539683,56.44024273753166,0.4308415476147455,0.4308415476147455,1428.1292724609375,-0.015679344534873962,0.08650947362184525
345,0.0,0.0,0.13114980794489384,0.0,0.0,0.0020176893529983667,0.0,0.0,65.0,69.0,62.0,0.0,0.0,0.0,0.0,0.0,0.0,1897.1490478515625,-0.0037791812792420387,0.023452935740351677
346,16.675102069973946,0.0,5.344456992577761,8.886973060667515,7.788129009306431,0.0822224152704271,0.12879671102416687,0.12561498402107146,65.0,69.0,62.0,0.0,0.0,0.0,16.675102069973946,0.12729085549598432,0.12729085549598432,4802.11962890625,-0.04883250594139099,0.20503012835979462
347,0.0,0.0,0.11591754388064146,0.0,0.0,0.0017833468289329456,0.0,0.0,65.0,69.0,62.0,0.0,0.0,0.0,0.0,0.0,0.0,1492.2169189453125,-0.0035004939418286085,0.037314001470804214
348,14.874700855463743,0.34285714285714286,3.8477628357941285,7.701925557106733,7.17277529835701,0.05919635131990967,0.111622109523286,0.11568992416704854,65.0,69.0,62.0,0.16666666666666666,0.34285714285714286,0.25396825396825395,14.874700855463743,0.1135473347745324,0.1135473347745324,2525.14013671875,0.005370334722101688,0.02576356567442417
349,0.0,0.0,2.085782365174964,0.0,0.0,0.03208895946423022,0.0,0.0,65.0,69.0,62.0,0.0,0.0,0.0,0.0,0.0,0.0,2494.870361328125,-0.011026519350707531,0.03653693199157715
350,1.517337584431516,0.0,3.8926818396430463,0.6568187393713742,0.8605188450601418,0.05988741291758533,0.009519112164802526,0.013879336210647448,65.0,69.0,62.0,0.0,0.0,0.0,1.517337584431516,0.011582729652148977,0.011582729652148977,1775.4161376953125,-0.047230616211891174,0.16909384727478027
351,13.798673940822482,0.0,7.2469721687957644,6.831330364570022,6.9673435762524605,0.11149187951993483,0.09900478789231916,0.11237650929439452,65.0,69.0,62.0,0.0,0.0,0.0,13.798673940822482,0.10533338886124032,0.10533338886124032,1815.00390625,-0.002749011851847172,0.06916037946939468
352,12.6608313228935,0.0,6.097179116215557,6.696117850020528,5.9647134728729725,0.0938027556340855,0.09704518623218156,0.0962050560140802,65.0,69.0,62.0,0.0,0.0,0.0,12.6608313228935,0.09664756735033206,0.09664756735033206,3149.759521484375,-0.040645893663167953,0.1741389036178589
353,4.49518419476226,0.0,3.573471271665767,0.3202882884070277,4.174895906355232,0.05497648110255026,0.004641859252275764,0.06733703074766503,65.0,69.0,62.0,0.0,0.0,0.0,4.49518419476226,0.03431438316612412,0.03431438316612412,1833.2044677734375,-0.027578279376029968,0.13949961960315704
354,16.439158733934164,0.0,3.9892405648715794,8.502740055322647,7.936418678611517,0.06137293176725507,0.12322811674380647,0.1280067528808309,65.0,69.0,62.0,0.0,0.0,0.0,16.439158733934164,0.1254897613277417,0.1254897613277417,2038.021728515625,-0.02879795990884304,0.1423686444759369
355,0.10997439757920802,0.0,0.7981045981869102,0.07371143891941756,0.036262958659790456,0.012278532279798618,0.0010682817234698198,0.0005848864299966203,65.0,69.0,62.0,0.0,0.0,0.0,0.10997439757920802,0.0008394992181618932,0.0008394992181618932,1141.2945556640625,-0.05800117552280426,0.22626926004886627
356,0.9061519335882622,0.0,0.6374791427515447,0.23880006442050217,0.66735186916776,0.009807371426946841,0.0034608704988478576,0.010763739825286452,65.0,69.0,62.0,0.0,0.0,0.0,0.9061519335882622,0.006917190332734826,0.006917190332734826,3952.456787109375,-0.05527534335851669,0.22069823741912842
357,8.68327747285366,0.0,2.9163723380770534,2.9627517610788345,5.720525711774826,0.04486726673964698,0.04293843131998311,0.09226654373830365,65.0,69.0,62.0,0.0,0.0,0.0,8.68327747285366,0.06628456086147833,0.06628456086147833,2752.475830078125,-0.04298601299524307,0.19490832090377808
358,5.566735602304107,0.0,2.6530970726162195,2.293338116927771,3.2733974853763357,0.040816878040249534,0.03323678430330103,0.05279673363510219,65.0,69.0,62.0,0.0,0.0,0.0,5.566735602304107,0.04249416490308478,0.04249416490308478,1247.282958984375,-0.06053897365927696,0.23783797025680542
359,16.1636846344918,0.02857142857142857,3.5971206955146044,4.218136502429843,11.945548132061958,0.055340318392532374,0.061132413078693375,0.19267013116228965,65.0,69.0,62.0,0.18181818181818182,0.02857142857142857,0.9365079365079365,16.1636846344918,0.12338690560680764,0.12338690560680764,2998.138916015625,-0.005044312682002783,0.02695697918534279
360,22.18063830025494,0.1,3.2933254360686988,6.133721040561795,16.046917259693146,0.05066654517028767,0.08889450783422892,0.25882124612408297,65.0,69.0,62.0,0.10606060606060606,0.1,0.9523809523809523,22.18063830025494,0.16931784962026672,0.16931784962026672,4668.80517578125,-0.0007320273434743285,0.026814350858330727
361,43.379027649760246,1.0,10.14894881658256,19.1245284229517,24.254499226808548,0.15613767410127016,0.27716707859350287,0.39120160043239594,65.0,69.0,62.0,0.803030303030303,1.0,1.0,43.379027649760246,0.33113761564702476,0.33113761564702476,1723.7877197265625,-0.0011882034596055746,0.01676558330655098
362,77.99037730693817,1.0,17.85136203467846,36.751655638217926,41.238721668720245,0.27463633899505324,0.5326326904089554,0.665140672076133,65.0,69.0,62.0,0.9848484848484849,1.0,1.0,77.99037730693817,0.5953463916560165,0.5953463916560165,2307.69580078125,0.017629140987992287,0.03896436095237732
363,0.0,0.0,0.2361702984198928,0.0,0.0,0.003633389206459889,0.0,0.0,65.0,69.0,62.0,0.0,0.0,0.0,0.0,0.0,0.0,2884.066162109375,-0.008389237336814404,0.029734423384070396
364,19.13538023084402,0.5857142857142857,6.865324928425252,10.89890619367361,8.23647403717041,0.10562038351423465,0.15795516222715378,0.13284635543823242,65.0,69.0,62.0,0.3787878787878788,0.5857142857142857,0.3333333333333333,19.13538023084402,0.14607160481560322,0.14607160481560322,3828.6533203125,0.00019744574092328548,0.02870575152337551
365,11.032038753852248,0.07142857142857142,3.2864251299761236,4.937129454687238,6.0949092991650105,0.050560386615017286,0.07155260079256866,0.09830498869620985,65.0,69.0,62.0,0.22727272727272727,0.07142857142857142,0.2857142857142857,11.032038753852248,0.08421403628894845,0.08421403628894845,2943.103515625,0.0007014228613115847,0.02275311015546322
366,13.303859166800976,0.7714285714285715,5.665384590975009,8.10748415067792,5.196375016123056,0.08715976293807706,0.11749977029967999,0.0838125002600493,65.0,69.0,62.0,0.45454545454545453,0.7714285714285715,0.8571428571428571,13.303859166800976,0.10155617684580898,0.10155617684580898,3727.53271484375,0.0019687083549797535,0.01304438803344965
367,28.61660872399807,0.42857142857142855,8.084533686400391,15.594131246209145,13.022477477788925,0.12437744132923678,0.2260019021189731,0.2100399593191762,65.0,69.0,62.0,0.24242424242424243,0.42857142857142855,0.25396825396825395,28.61660872399807,0.21844739483967993,0.21844739483967993,868.9330444335938,0.008760624565184116,0.046430934220552444
368,10.148427246138453,0.0,3.049604878819082,4.804300289601088,5.344126956537366,0.046916998135678185,0.06962754042900127,0.08619559607318332,65.0,69.0,62.0,0.015151515151515152,0.0,0.015873015873015872,10.148427246138453,0.07746891027586605,0.07746891027586605,1419.2763671875,0.0040109846740961075,0.03559160605072975
369,38.398555621504784,0.9,14.188918635249138,19.40881983935833,18.989735782146454,0.2182910559269098,0.28128724404867145,0.30628606100236216,65.0,69.0,62.0,0.5151515151515151,0.9,1.0,38.398555621504784,0.2931187452023266,0.2931187452023266,3251.834716796875,0.009241847321391106,0.041833437979221344
370,24.520565204322338,0.8142857142857143,5.389455527998507,11.379372633993626,13.141192570328712,0.08291470043074627,0.16491844397092212,0.21195471887626954,65.0,69.0,62.0,0.12121212121212122,0.8142857142857143,1.0,24.520565204322338,0.18717988705589572,0.18717988705589572,1455.07861328125,-0.0007959781214594841,0.027941372245550156
371,83.22560614347458,1.0,21.948175758123398,41.43867778778076,41.78692835569382,0.3376642424326677,0.6005605476489966,0.6739827154144165,65.0,69.0,62.0,0.9848484848484849,1.0,1.0,83.22560614347458,0.6353099705608747,0.6353099705608747,1452.0244140625,0.002205467317253351,0.03372825309634209
372,20.64373991638422,0.9714285714285714,7.112601357512176,11.666261546313763,8.977478370070457,0.10942463626941809,0.16907625429440234,0.14479803822694287,65.0,69.0,62.0,0.4696969696969697,0.9714285714285714,0.9841269841269841,20.64373991638422,0.15758580088842916,0.15758580088842916,3052.9931640625,0.00010665168520063162,0.017525916919112206
373,2.982136979699135,0.0,2.2740307888016105,0.6504146396182477,2.331722340080887,0.03498508905848632,0.009426299124902142,0.03760842484001431,65.0,69.0,62.0,0.15151515151515152,0.0,0.015873015873015872,2.982136979699135,0.022764404425184237,0.022764404425184237,3338.427978515625,-0.0018348877783864737,0.02092529833316803
374,1.1389754732954316,0.0,3.252675791911315,0.40191504009999335,0.7370604331954382,0.05004116602940485,0.005824855653623092,0.01188807150315223,65.0,69.0,62.0,0.25757575757575757,0.0,0.0,1.1389754732954316,0.008694469261797188,0.008694469261797188,2893.498779296875,-0.001758734812028706,0.020268667489290237
375,27.65123762236908,0.0,1.6789106290088966,11.59585600392893,16.05538161844015,0.025829394292444564,0.168055884114912,0.2589577680393573,65.0,69.0,62.0,0.0,0.0,0.015873015873015872,27.65123762236908,0.21107814978907696,0.21107814978907696,1038.9251708984375,0.0016089025884866714,0.07348480820655823
376,29.89808091521263,0.5857142857142857,5.440579525195062,13.683807075023651,16.21427384018898,0.08370122346453941,0.19831604456556015,0.2615205458094997,65.0,69.0,62.0,0.18181818181818182,0.5857142857142857,0.9365079365079365,29.89808091521263,0.22822962530696664,0.22822962530696664,1003.00244140625,0.002502533607184887,0.03746155649423599
377,73.05715799331665,1.0,8.571463398635387,29.80733060836792,43.24982738494873,0.13186866767131367,0.43199029867199884,0.6975778610475601,65.0,69.0,62.0,0.07575757575757576,1.0,1.0,73.05715799331665,0.5576882289566156,0.5576882289566156,3406.488525390625,0.005165605805814266,0.03706018626689911
378,81.72410583496094,1.0,18.267023041844368,43.2850558757782,38.43904995918274,0.28103112372068256,0.627319650373597,0.6199846767610119,65.0,69.0,62.0,0.9848484848484849,1.0,1.0,81.72410583496094,0.62384813614474,0.62384813614474,3162.256591796875,0.0009614336304366589,0.028878681361675262
379,101.92504608631134,1.0,23.32015609741211,54.52582937479019,47.39921671152115,0.3587716322678786,0.7902294112288434,0.7645034953471153,65.0,69.0,62.0,1.0,1.0,1.0,101.92504608631134,0.7780537869184072,0.7780537869184072,2311.312255859375,-0.0019762120209634304,0.02968803606927395
380,3.1078599074389786,0.0,4.832195580936968,3.1078599074389786,0.0,0.07434147047595335,0.04504144793389824,0.0,65.0,69.0,62.0,0.19696969696969696,0.0,0.0,3.1078599074389786,0.0237241214308319,0.0237241214308319,3004.80615234375,0.0017451695166528225,0.032632578164339066
381,1.1682791865314357,0.0,1.7944831559434533,0.33457655645906925,0.8337026300723664,0.02760743316836082,0.004848935600856076,0.013446816614070427,65.0,69.0,62.0,0.045454545454545456,0.0,0.0,1.1682791865314357,0.0089181617292476,0.0089181617292476,3038.8603515625,-0.0049216849729418755,0.025542190298438072
382,31.692909866571426,1.0,9.739874636754394,15.887148976325989,15.805760890245438,0.14984422518083682,0.23024853588878244,0.2549316272620232,65.0,69.0,62.0,0.45454545454545453,1.0,1.0,31.692909866571426,0.24193060966848418,0.24193060966848418,6170.08984375,0.003954353276640177,0.027959981933236122
383,0.0,0.0,0.6746138166636229,0.0,0.0,0.010378674102517275,0.0,0.0,65.0,69.0,62.0,0.0,0.0,0.0,0.0,0.0,0.0,2956.9111328125,0.0014948806492611766,0.028716176748275757
384,1.4596325974707725,0.0,3.987875794991851,1.0423769124317914,0.41725568503898103,0.061351935307566934,0.015106911774373788,0.006729930403854533,65.0,69.0,62.0,0.18181818181818182,0.0,0.0,1.4596325974707725,0.011142233568479178,0.011142233568479178,1730.51171875,-0.0007982617244124413,0.03298842906951904
385,0.0,0.0,1.5446935442159884,0.0,0.0,0.02376451606486136,0.0,0.0,65.0,69.0,62.0,0.07575757575757576,0.0,0.0,0.0,0.0,0.0,2973.41015625,-0.0020701568573713303,0.023522179573774338
386,106.26353681087494,1.0,22.759284988045692,54.017645835876465,52.245890974998474,0.3501428459699337,0.7828644324040067,0.8426756608870721,65.0,69.0,62.0,1.0,1.0,1.0,106.26353681087494,0.8111720367242362,0.8111720367242362,1548.14794921875,0.003720191540196538,0.02823430858552456
387,5.091733967419714,0.0,3.1678703501820564,1.4455406691413373,3.6461932982783765,0.04873646692587779,0.02094986477016431,0.058809569327070585,65.0,69.0,62.0,0.0,0.0,0.0,5.091733967419714,0.03886819822457797,0.03886819822457797,260.41851806640625,-0.0015034442767500877,0.14463357627391815
388,28.118566304445267,0.8428571428571429,3.697196532972157,10.74843454360962,17.370131760835648,0.056879946661110105,0.15577441367550174,0.28016341549734913,65.0,69.0,62.0,0.015151515151515152,0.8428571428571429,1.0,28.118566304445267,0.2146455443087425,0.2146455443087425,2211.6796875,-0.000807963777333498,0.02336302399635315
389,51.85772556066513,0.7,21.78753000497818,29.112995117902756,22.744730442762375,0.33519276930735664,0.42192746547685156,0.3668504910122964,65.0,69.0,62.0,0.3939393939393939,0.7,0.5396825396825397,51.85772556066513,0.3958605004630926,0.3958605004630926,2391.35888671875,0.024215281009674072,0.06820300966501236
390,2.023184950638097,0.014285714285714285,7.73878090782091,1.7165040578693151,0.30668089276878163,0.11905816781262939,0.024876870403903118,0.004946466012399704,65.0,69.0,62.0,0.42424242424242425,0.014285714285714285,0.0,2.023184950638097,0.01544415992853509,0.01544415992853509,2985.98046875,-0.0008580342400819063,0.02335597388446331
391,20.38741398975253,0.6714285714285714,3.127941486891359,10.11808805540204,10.26932593435049,0.04812217672140552,0.14663895732466725,0.1656342892637176,65.0,69.0,62.0,0.10606060606060606,0.6714285714285714,0.7777777777777778,20.38741398975253,0.15562911442559185,0.15562911442559185,1873.295654296875,0.0003533363342285156,0.024256227537989616
392,3.0574663823936135,0.0,3.2850817360449582,1.104572298238054,1.9528940841555595,0.05053971901607628,0.0160082941773631,0.03149829167992838,65.0,69.0,62.0,0.21212121212121213,0.0,0.0,3.0574663823936135,0.023339438033539033,0.023339438033539033,2304.05615234375,-0.004820580594241619,0.02464909665286541
393,14.085581674007699,0.0,1.0506242015399039,5.226322983158752,8.859258690848947,0.01616344925446006,0.07574381135012684,0.14289126920724107,65.0,69.0,62.0,0.0,0.0,0.0,14.085581674007699,0.1075235242290664,0.1075235242290664,240.7423095703125,0.006918564438819885,0.08735429495573044
394,17.99869884736836,0.0,7.029834643006325,10.167819952592254,7.830878894776106,0.1081513022000973,0.14735970945785876,0.1263044983028404,65.0,69.0,62.0,0.0,0.0,0.0,17.99869884736836,0.1373946476898348,0.1373946476898348,93.810791015625,0.019113890826702118,0.13399797677993774
395,0.0,0.0,3.483285032445565,0.0,0.0,0.053589000499162535,0.0,0.0,65.0,69.0,62.0,0.13636363636363635,0.0,0.0,0.0,0.0,0.0,2104.9638671875,0.0028502026107162237,0.031227396801114082
396,7.0776801377069205,0.0,4.2125494262436405,3.3671615335624665,3.710518604144454,0.06480845271144062,0.04879944251539806,0.05984707426039442,65.0,69.0,62.0,0.25757575757575757,0.0,0.0,7.0776801377069205,0.0540280926542513,0.0540280926542513,4392.4736328125,-0.0010279330890625715,0.026961924508213997
397,2.967995416140184,0.014285714285714285,3.972810421139002,2.5521631999872625,0.4158322161529213,0.06112016032521541,0.03698787246358352,0.006706971228272925,65.0,69.0,62.0,0.22727272727272727,0.014285714285714285,0.0,2.967995416140184,0.022656453558322014,0.022656453558322014,5393.7265625,-0.00112958624958992,0.02592000924050808
398,0.41312854224815965,0.0,0.8803132371976972,0.03705548169091344,0.3760730605572462,0.013543280572272264,0.0005370359665349773,0.006065694525116874,65.0,69.0,62.0,0.0,0.0,0.0,0.41312854224815965,0.003153652994260761,0.003153652994260761,2923.9306640625,-0.003993435762822628,0.026460805907845497
399,6.699726623483002,0.0,3.1444723261520267,1.5108580784872174,5.188868544995785,0.048376497325415796,0.021896493891119095,0.0836914281450933,65.0,69.0,62.0,0.16666666666666666,0.0,0.015873015873015872,6.699726623483002,0.05114295132429773,0.05114295132429773,3692.728271484375,0.0028248606249690056,0.02825625240802765
400,39.502615705132484,1.0,6.999669385608286,18.061472102999687,21.441143602132797,0.10768722131705055,0.26176046526086505,0.3458248968085935,65.0,69.0,62.0,0.2878787878787879,1.0,1.0,39.502615705132484,0.3015466847720037,0.3015466847720037,3406.867431640625,0.00681702047586441,0.028962045907974243
401,8.450437333900481,0.17142857142857143,4.3974341014400125,5.571490021888167,2.878947312012315,0.06765283232984634,0.08074623220127777,0.04643463406471476,65.0,69.0,62.0,0.18181818181818182,0.17142857142857143,0.0,8.450437333900481,0.06450715522061436,0.06450715522061436,2546.3701171875,-0.0014211985981091857,0.027757924050092697
402,4.2400007884716615,0.0,3.8446793112671003,1.7666892270790413,2.47331156139262,0.05914891248103231,0.0256041916967977,0.03989212195794549,65.0,69.0,62.0,0.07575757575757576,0.0,0.0,4.2400007884716615,0.0323664182326081,0.0323664182326081,2178.353759765625,0.006403909996151924,0.03674354776740074
403,0.0,0.0,1.1193896755576134,0.0,0.0,0.017221379623963282,0.0,0.0,65.0,69.0,62.0,0.0,0.0,0.0,0.0,0.0,0.0,4182.37890625,0.010455292649567127,0.038493577390909195
404,6.788680726516759,0.05714285714285714,6.289524980835267,4.473687702789903,2.3149930237268563,0.09676192278208104,0.06483605366362177,0.03733859715688478,65.0,69.0,62.0,0.3181818181818182,0.05714285714285714,0.0,6.788680726516759,0.051821990278753886,0.051821990278753886,2342.346923828125,-0.00573717150837183,0.034327827394008636
405,9.842147212708369,0.0,2.940127314068377,4.35949169867672,5.482655514031649,0.04523272790874426,0.06318103911125682,0.08842992764567176,65.0,69.0,62.0,0.0,0.0,0.0,9.842147212708369,0.075130894753499,0.075130894753499,1292.79296875,0.012255430221557617,0.03280332311987877
406,3.573418104380835,0.0,2.196177201345563,0.07869955338537693,3.494718550995458,0.033787341559162506,0.0011405732374692309,0.05636642824186223,65.0,69.0,62.0,0.015151515151515152,0.0,0.015873015873015872,3.573418104380835,0.027278000796800265,0.027278000796800265,1216.64306640625,0.00806631613522768,0.03686654195189476
407,98.06924855709076,1.0,19.729365557432175,49.91747999191284,48.15176856517792,0.3035287008835719,0.7234417390132296,0.7766414284706116,65.0,69.0,62.0,1.0,1.0,1.0,98.06924855709076,0.7486202179930592,0.7486202179930592,2492.80029296875,-0.0029991213232278824,0.02651616930961609
408,11.387414086610079,0.21428571428571427,6.087134039145894,7.136245142668486,4.251168943941593,0.0936482159868599,0.10342384264736935,0.06856724103131602,65.0,69.0,62.0,0.24242424242424243,0.21428571428571427,0.0,11.387414086610079,0.08692682508862655,0.08692682508862655,2764.1015625,-0.0009660818614065647,0.03249555826187134
409,4.400600558612496,0.014285714285714285,3.1356027375441045,2.1671511959284544,2.2334493626840413,0.04824004211606314,0.03140798834678919,0.036023376817484534,65.0,69.0,62.0,0.18181818181818182,0.014285714285714285,0.015873015873015872,4.400600558612496,0.03359237067643126,0.03359237067643126,3507.390625,0.004852081183344126,0.0236038975417614
410,97.75167006254196,1.0,35.92301586270332,53.42396283149719,44.32770723104477,0.552661782503128,0.7742603308912637,0.7149630198555608,65.0,69.0,62.0,0.9848484848484849,1.0,1.0,97.75167006254196,0.7461959546758928,0.7461959546758928,2022.736328125,0.028119906783103943,0.06354859471321106
411,24.045754563063383,0.32857142857142857,2.498509460128844,7.483447086066008,16.562307476997375,0.03843860707890529,0.10845575487052185,0.2671339915644738,65.0,69.0,62.0,0.09090909090909091,0.32857142857142857,1.0,24.045754563063383,0.1835553783439953,0.1835553783439953,4346.49169921875,0.006393755786120892,0.02276838757097721
412,44.90565836429596,1.0,12.203924119472504,23.274407625198364,21.631250739097595,0.18775267876111545,0.33731025543765747,0.348891140953187,65.0,69.0,62.0,0.9696969696969697,1.0,1.0,44.90565836429596,0.3427912852236333,0.3427912852236333,3025.07958984375,0.003744609886780381,0.0216854028403759
413,11.465494805946946,0.4857142857142857,5.588955354818609,6.941790109500289,4.523704696446657,0.0859839285356709,0.10060565376087376,0.07296297897494608,65.0,69.0,62.0,0.3939393939393939,0.4857142857142857,0.031746031746031744,11.465494805946946,0.08752286111409882,0.08752286111409882,3309.3525390625,0.0032637505792081356,0.02161198854446411
414,19.800524707883596,0.5142857142857142,5.960702455136925,9.938559290021658,9.861965417861938,0.09170311469441424,0.14403709115973418,0.15906395835261192,65.0,69.0,62.0,0.30303030303030304,0.5142857142857142,0.6984126984126984,19.800524707883596,0.1511490435716305,0.1511490435716305,1902.41259765625,0.0017524990253150463,0.02877647988498211
415,27.238457813858986,1.0,5.529407523572445,12.693498149514198,14.544959664344788,0.0850678080549607,0.18396374129730722,0.23459612361846433,65.0,69.0,62.0,0.10606060606060606,1.0,1.0,27.238457813858986,0.20792715888441973,0.20792715888441973,1814.9671630859375,-0.0011294102296233177,0.021523531526327133
416,16.783234663307667,0.04285714285714286,3.684579470078461,6.9160821586847305,9.867152504622936,0.05668583800120709,0.10023307476354681,0.15914762104230543,65.0,69.0,62.0,0.10606060606060606,0.04285714285714286,0.5238095238095238,16.783234663307667,0.12811629513975317,0.12811629513975317,1555.0941162109375,0.0020769531838595867,0.02918003499507904
417,0.170732030448562,0.0,0.4632887508487329,0.17061219061724842,0.000119839831313584,0.00712751924382666,0.002472640443728238,1.9329005050578064e-06,65.0,69.0,62.0,0.0,0.0,0.0,0.170732030448562,0.0013032979423554351,0.0013032979423554351,1807.01806640625,-0.0015771030448377132,0.020675359293818474
418,3.7797615295276046,0.0,2.1809240765869617,1.5256224642507732,2.2541390652768314,0.03355267810133787,0.022110470496388018,0.03635708169801341,65.0,69.0,62.0,0.030303030303030304,0.0,0.0,3.7797615295276046,0.02885314144677561,0.02885314144677561,1997.5107421875,0.0011065599974244833,0.027473630383610725
419,37.526014506816864,1.0,7.887422406929545,18.248650163412094,19.27736434340477,0.12134496010660839,0.2644731907740883,0.31092523134523825,65.0,69.0,62.0,0.42424242424242425,1.0,1.0,37.526014506816864,0.2864581260062356,0.2864581260062356,929.5565185546875,0.002503512427210808,0.02808823250234127
420,17.421535073779523,0.0,2.26280516711995,2.893679498694837,14.527855575084686,0.03481238718646077,0.04193738403905561,0.23432025121104333,65.0,69.0,62.0,0.0,0.0,0.06349206349206349,17.421535073779523,0.13298881735709558,0.13298881735709558,858.510498046875,-0.013866408728063107,0.06984741985797882
421,0.0,0.0,0.8511322196573019,0.0,0.0,0.013094341840881568,0.0,0.0,65.0,69.0,62.0,0.0,0.0,0.0,0.0,0.0,0.0,3021.71142578125,-0.0024464973248541355,0.03511202707886696
422,9.634126052260399,0.0,4.1822151154628955,5.586794352624565,4.0473316996358335,0.06434177100712146,0.0809680340960082,0.06527954354251345,65.0,69.0,62.0,0.0,0.0,0.0,9.634126052260399,0.07354294696381984,0.07354294696381984,569.6244506835938,0.008080843836069107,0.08475902676582336
423,11.454145632102154,0.014285714285714285,2.3502531540580094,2.539943150593899,8.914202481508255,0.036157740831661685,0.03681077029846231,0.1437774593791654,65.0,69.0,62.0,0.045454545454545456,0.014285714285714285,0.7301587301587301,11.454145632102154,0.08743622619925309,0.08743622619925309,2242.9365234375,0.0018350249156355858,0.02395092509686947
424,13.912978890351951,0.5428571428571428,5.3984099838125985,8.747001099400222,5.165977790951729,0.08305246128942459,0.12676813187536554,0.0833222224347053,65.0,69.0,62.0,0.36363636363636365,0.5428571428571428,0.09523809523809523,13.912978890351951,0.10620594572787749,0.10620594572787749,2727.56787109375,0.003668955061584711,0.024292897433042526
425,0.07180306891677901,0.0,2.3501126375049353,0.07180306891677901,0.0,0.036155579038537465,0.0010406241871996958,0.0,65.0,69.0,62.0,0.06060606060606061,0.0,0.0,0.07180306891677901,0.0005481150298990764,0.0005481150298990764,1404.177001953125,-0.00519176758825779,0.03426392003893852
426,22.31939286366105,0.352112676056338,4.712448041653261,9.51019736006856,12.809195503592491,0.0724992006408194,0.1358599622866937,0.20659992747729825,65.0,70.0,62.0,0.18181818181818182,0.352112676056338,0.9841269841269841,22.31939286366105,0.1690863095731898,0.1690863095731898,1239.739990234375,0.0017275215359404683,0.030179305002093315
427,11.867805471643806,0.0,2.716910901479423,3.7435006257146597,8.124304845929146,0.04179862925352958,0.0542536322567342,0.13103717493434106,65.0,69.0,62.0,0.13636363636363635,0.0,0.6031746031746031,11.867805471643806,0.09059393489804432,0.09059393489804432,3352.01025390625,9.035971015691757e-05,0.024412915110588074
428,2.264873411913868,0.0,2.01622755266726,1.572487923083827,0.6923854888300411,0.031018885425650157,0.022789680044693145,0.011167507884355502,65.0,69.0,62.0,0.0,0.0,0.0,2.264873411913868,0.01728911001460968,0.01728911001460968,2483.00732421875,-0.0030918403062969446,0.03115091659128666
429,0.0,0.0,0.7840732051990926,0.0,0.0,0.012062664695370656,0.0,0.0,65.0,69.0,62.0,0.0,0.0,0.0,0.0,0.0,0.0,2574.54345703125,-0.00601362157613039,0.029581710696220398
430,10.892026394139975,0.0,3.4939312028727727,4.957891080062836,5.934135314077139,0.053752787736504194,0.07185349391395415,0.09571185990446998,65.0,69.0,62.0,0.030303030303030304,0.0,0.0,10.892026394139975,0.08314523964992347,0.08314523964992347,2006.2200927734375,-0.000658595934510231,0.04094449803233147
431,3.46025943843415,0.0,1.8159418146824464,2.031178149394691,1.429081289039459,0.027937566379729946,0.02943736448398103,0.023049698210313857,65.0,69.0,62.0,0.0,0.0,0.0,3.46025943843415,0.02641419418652023,0.02641419418652023,1632.279541015625,0.011315922252833843,0.031181683763861656
432,10.005675408989191,0.35714285714285715,2.1435828565154225,5.206570390611887,4.799105018377304,0.03297819779254496,0.0754575418929259,0.07740491965124684,65.0,69.0,62.0,0.19696969696969696,0.35714285714285715,0.23809523809523808,10.005675408989191,0.07637920159533734,0.07637920159533734,2445.01220703125,0.0009110356913879514,0.018632950261235237
433,16.298514761961997,0.014285714285714285,5.8992715664207935,9.050359770655632,7.2481549913063645,0.09075802409878143,0.131164634357328,0.11690572566623168,65.0,69.0,62.0,0.12121212121212122,0.014285714285714285,0.06349206349206349,16.298514761961997,0.12441614322108395,0.12441614322108395,631.7529296875,0.00937671959400177,0.04098086431622505
434,0.1866514381399611,0.0,1.269286950584501,0.0732950639212504,0.1133563742187107,0.01952749154745386,0.0010622473032065275,0.0018283286164308178,65.0,69.0,62.0,0.0,0.0,0.0,0.1866514381399611,0.0014248201384729855,0.0014248201384729855,3229.675048828125,-0.005853557959198952,0.035604432225227356
435,12.344177883118391,0.02857142857142857,5.102059157099575,6.263968208804727,6.080209674313664,0.07849321780153191,0.09078214795369169,0.09806789797280104,65.0,69.0,62.0,0.16666666666666666,0.02857142857142857,0.031746031746031744,12.344177883118391,0.09423036551998772,0.09423036551998772,1317.871337890625,-0.00048194918781518936,0.03582761809229851
436,6.28206761344336,0.014084507042253521,4.9405779098160565,2.8386049524415284,3.4434626610018313,0.07600889092024703,0.040551499320593265,0.05553972033873921,65.0,70.0,62.0,0.3181818181818182,0.014084507042253521,0.015873015873015872,6.28206761344336,0.04759142131396485,0.04759142131396485,1961.374755859375,-0.007588949054479599,0.024510234594345093
437,29.04588086111471,0.17142857142857143,1.0255620966199785,7.135772756766528,21.910108104348183,0.01577787840953813,0.10341699647487722,0.3533888403927126,65.0,69.0,62.0,0.0,0.17142857142857143,0.7619047619047619,29.04588086111471,0.22172428138255504,0.22172428138255504,1284.65185546875,0.004330531228333712,0.048976071178913116
438,16.140915673226118,0.15492957746478872,6.499107175273821,8.078560788184404,8.062354885041714,0.09998626423498186,0.1154080112597772,0.13003798201680183,65.0,70.0,62.0,0.3484848484848485,0.15492957746478872,0.12698412698412698,16.140915673226118,0.12227966419110696,0.12227966419110696,1724.58349609375,0.003888489445671439,0.032156288623809814
439,26.41097655147314,0.1267605633802817,12.739058073610067,15.598942451179028,10.812034100294113,0.19598550882477025,0.22284203501684324,0.1743876467789373,65.0,70.0,62.0,0.24242424242424243,0.1267605633802817,0.0,26.41097655147314,0.20008315569297833,0.20008315569297833,4315.22119140625,-0.0018503731116652489,0.059175845235586166
440,3.827523084823042,0.0,0.5472793000226375,0.5395704917609692,3.287952593062073,0.008419681538809808,0.00770814988229956,0.05303149343648505,65.0,70.0,62.0,0.0,0.0,0.0,3.827523084823042,0.028996387006235167,0.028996387006235167,3134.5615234375,-0.008499214425683022,0.03314145281910896
441,17.286952830851078,0.3380281690140845,2.9136769559117965,7.172472894191742,10.114479936659336,0.04482579932171995,0.10246389848845346,0.16313677317192476,65.0,70.0,62.0,0.16666666666666666,0.3380281690140845,0.9841269841269841,17.286952830851078,0.13096176387008393,0.13096176387008393,3369.8330078125,0.0024462726432830095,0.02171962335705757
442,16.93837797921151,0.014084507042253521,4.87199495441746,9.30547987204045,7.632898107171059,0.07495376852949938,0.132935426743435,0.12311125979308159,65.0,70.0,62.0,0.0,0.014084507042253521,0.015873015873015872,16.93837797921151,0.1283210452970569,0.1283210452970569,620.3336181640625,-0.005843211896717548,0.057820867747068405
443,1.1418544655680307,0.0,1.8525809040293097,0.5637937591527589,0.5780607064152719,0.028501244677373996,0.008054196559325127,0.009323559780891482,65.0,70.0,62.0,0.015151515151515152,0.0,0.0,1.1418544655680307,0.008650412617939626,0.008650412617939626,2202.98779296875,-0.0017850322183221579,0.026791466400027275
444,0.0,0.0,0.5968059072438336,0.0,0.0,0.009181629342212826,0.0,0.0,65.0,70.0,62.0,0.030303030303030304,0.0,0.0,0.0,0.0,0.0,1936.7320556640625,0.0031655575148761272,0.01470731571316719
445,9.822343982988968,0.0,4.23106493242085,6.69352072570473,3.128823257284239,0.06509330665262845,0.0956217246529247,0.05046489124651998,65.0,70.0,62.0,0.07575757575757576,0.0,0.0,9.822343982988968,0.07441169684082552,0.07441169684082552,1738.3621826171875,-0.002980566816404462,0.04803290218114853
446,2.530036882395507,0.014084507042253521,1.5421900521032512,1.0185267820488662,1.5115101003466407,0.02372600080158848,0.014550382600698087,0.0243791951668813,65.0,70.0,62.0,0.16666666666666666,0.014084507042253521,0.031746031746031744,2.530036882395507,0.01916694607875384,0.01916694607875384,2887.07958984375,0.0006457509007304907,0.014827589504420757
447,6.140593039337546,0.0,1.2389783525140956,3.2815509161446244,2.8590421231929213,0.01906120542329378,0.04687929880206606,0.04611358263214389,65.0,70.0,62.0,0.0,0.0,0.0,6.140593039337546,0.04651964423740565,0.04651964423740565,1789.8509521484375,-0.007745721377432346,0.03736263886094093
448,4.423697338672355,0.0,4.502661728300154,1.7728220166172832,2.6508753220550716,0.06927171889692545,0.025326028808818332,0.042756053581533414,65.0,70.0,62.0,0.10606060606060606,0.0,0.0,4.423697338672355,0.033512858626305715,0.033512858626305715,1166.66943359375,0.012073625810444355,0.04683137685060501
449,0.0,0.0,1.45536585804075,0.0,0.0,0.02239024396985769,0.0,0.0,65.0,70.0,62.0,0.0,0.0,0.0,0.0,0.0,0.0,2722.549560546875,-0.007913593202829361,0.03031056933104992
450,23.365038886666298,0.5492957746478874,7.129023656831123,12.343773692846298,11.02126519382,0.10967728702817112,0.17633962418351853,0.17776234183580644,65.0,70.0,62.0,0.3181818181818182,0.5492957746478874,0.5873015873015873,23.365038886666298,0.17700787035353255,0.17700787035353255,1732.19677734375,-0.003984624054282904,0.03356951102614403
451,25.508447390049696,0.30985915492957744,4.017929863737663,9.211297135800123,16.297150254249573,0.06181430559596405,0.1315899590828589,0.2628572621653157,65.0,70.0,62.0,0.0,0.30985915492957744,1.0,25.508447390049696,0.19324581356098255,0.19324581356098255,2725.85791015625,0.005229906179010868,0.029732737690210342
452,9.25173953268677,0.0,2.1689923852682114,4.964907893911004,4.286831638775766,0.03336911361951094,0.07092725562730005,0.0691424457867059,65.0,70.0,62.0,0.0,0.0,0.0,9.25173953268677,0.07008893585368765,0.07008893585368765,2342.94482421875,0.0011027094442397356,0.03631608188152313
453,6.14682461792836,0.056338028169014086,3.2873462587594986,4.727532865712419,1.4192917522159405,0.05057455782706921,0.0675361837958917,0.022891802455095814,65.0,70.0,62.0,0.10606060606060606,0.056338028169014086,0.0,6.14682461792836,0.04656685316612394,0.04656685316612394,1552.261962890625,0.0028893176931887865,0.03479604050517082
454,5.535867354949005,0.0,2.5948341310722753,2.597267153498251,2.938600201450754,0.03992052509341962,0.03710381647854644,0.0473967774427541,65.0,70.0,62.0,0.06060606060606061,0.0,0.0,5.535867354949005,0.04193838905264398,0.04193838905264398,1931.49462890625,0.004814459010958672,0.025346552953124046
455,4.122792878188193,0.0,2.208158791414462,0.5696137216873467,3.553179156500846,0.033971673714068645,0.00813733888124781,0.05730934123388461,65.0,70.0,62.0,0.06060606060606061,0.0,0.06349206349206349,4.122792878188193,0.031233279380213582,0.031233279380213582,2064.294677734375,0.002943561412394047,0.02134004607796669
456,31.856357023119926,0.647887323943662,8.809881356632104,15.991914182901382,15.864442840218544,0.13553663625587853,0.22845591689859118,0.2558781103261055,65.0,70.0,62.0,0.3787878787878788,0.647887323943662,0.7936507936507936,31.856357023119926,0.24133603805393883,0.24133603805393883,413.2950134277344,-0.0016265863087028265,0.040639594197273254
457,18.214176006615162,0.2535211267605634,6.110093062510714,10.490531112998724,7.723644893616438,0.09400143173093406,0.14986473018569604,0.12457491763897481,65.0,70.0,62.0,0.25757575757575757,0.2535211267605634,0.0,18.214176006615162,0.13798618186829667,0.13798618186829667,1303.107666015625,0.006076009478420019,0.03772372007369995
458,183.75531089305878,1.0,29.370777368545532,91.037557721138,92.71775317192078,0.45185811336223897,1.3005365388734,1.4954476318051737,65.0,70.0,62.0,0.9393939393939394,1.0,1.0,183.75531089305878,1.3920856885837787,1.3920856885837787,1468.1654052734375,0.006642193533480167,0.03938214108347893
459,5.982838305644691,0.0,0.5050319558940828,0.2841674564406276,5.698670849204063,0.007769722398370505,0.004059535092008965,0.09191404595490425,65.0,70.0,62.0,0.015151515151515152,0.0,0.6507936507936508,5.982838305644691,0.04532453261852039,0.04532453261852039,1795.990966796875,-0.00041611393680796027,0.014403293840587139
460,12.481237810105085,0.5633802816901409,1.7966901537729427,7.415780540555716,5.06545726954937,0.027641386981122194,0.10593972200793879,0.0817009237024092,65.0,70.0,62.0,0.045454545454545456,0.5633802816901409,0.23809523809523808,12.481237810105085,0.0945548318947355,0.0945548318947355,1874.757568359375,-0.0010502827353775501,0.021100841462612152
461,13.576468363404274,0.18309859154929578,7.03929135389626,4.794239893555641,8.782228469848633,0.10829679005994247,0.06848914133650916,0.14164884628788119,65.0,70.0,62.0,0.4696969696969697,0.18309859154929578,0.38095238095238093,13.576468363404274,0.10285203305609299,0.10285203305609299,3122.9677734375,-0.003592062508687377,0.02179112285375595
462,1.1035220307821874,0.0,3.714762105460977,0.11511392390821129,0.9884081068739761,0.05715018623786119,0.0016444846272601612,0.01594206623990284,65.0,70.0,62.0,0.06060606060606061,0.0,0.0,1.1035220307821874,0.00836001538471354,0.00836001538471354,1721.8485107421875,-0.00024403783027082682,0.031743042171001434
463,5.51726726652123,0.0,2.2605841415643226,1.5885376951191574,3.928729571402073,0.03477821756252804,0.022693395644559394,0.06336660599035601,65.0,70.0,62.0,0.13636363636363635,0.0,0.031746031746031744,5.51726726652123,0.041797479291827505,0.041797479291827505,2394.28076171875,0.004443541169166565,0.025596903637051582
464,10.85825992980972,0.028169014084507043,7.883461100573186,6.117250194307417,4.741009735502303,0.12128401693189517,0.08738928849010595,0.07646789895971456,65.0,70.0,62.0,0.2727272727272727,0.028169014084507043,0.015873015873015872,10.85825992980972,0.08225954492280091,0.08225954492280091,1243.12939453125,0.001246015541255474,0.045522455126047134
465,23.58514053747058,0.5211267605633803,3.0875776770408265,11.516134958714247,12.069005578756332,0.04750119503139733,0.16451621369591782,0.1946613803025215,65.0,70.0,62.0,0.06060606060606061,0.5211267605633803,0.7142857142857143,23.58514053747058,0.17867530710204985,0.17867530710204985,1572.236083984375,-0.004000211134552956,0.03343115746974945
466,5.465383249567822,0.0,1.9065039791166782,3.9442780343815684,1.5211052151862532,0.029330830447948895,0.056346829062593834,0.024533955083649243,65.0,70.0,62.0,0.0,0.0,0.0,5.465383249567822,0.041404418557331985,0.041404418557331985,2656.3056640625,0.0007271328940987587,0.04460041970014572
467,11.035600024275482,0.056338028169014086,8.784606324858032,6.006744593381882,5.0288554308936,0.1351477896132005,0.0858106370483126,0.08111057146602581,65.0,70.0,62.0,0.5151515151515151,0.056338028169014086,0.15873015873015872,11.035600024275482,0.08360303048693547,0.08360303048693547,1693.5382080078125,0.002076959004625678,0.027242090553045273
468,6.9498731680214405,0.014084507042253521,1.1668601603596471,2.1985542103648186,4.751318957656622,0.017951694774763802,0.03140791729092598,0.07663417673639712,65.0,70.0,62.0,0.06060606060606061,0.014084507042253521,0.38095238095238093,6.9498731680214405,0.05265055430319273,0.05265055430319273,2627.598388671875,-0.0012236367911100388,0.01879233308136463
469,20.165836807340384,0.056338028169014086,6.541402958333492,11.21136099472642,8.954475812613964,0.10063696858974604,0.16016229992466313,0.1444270292357091,65.0,70.0,62.0,0.07575757575757576,0.056338028169014086,0.031746031746031744,20.165836807340384,0.15277149096469989,0.15277149096469989,642.75244140625,-0.006996480748057365,0.05928434804081917
470,13.14308151928708,0.07042253521126761,3.88305647065863,6.560109097044915,6.582972422242165,0.05973933031782508,0.09371584424349878,0.10617697455229298,65.0,70.0,62.0,0.12121212121212122,0.07042253521126761,0.06349206349206349,13.14308151928708,0.09956879938853848,0.09956879938853848,1275.581787109375,-0.002464097458869219,0.03943411260843277
471,94.502012103796,1.0,14.84403970837593,42.03833094239235,52.463681161403656,0.22836984166732202,0.6005475848913193,0.8461884058290913,65.0,70.0,62.0,1.0,1.0,1.0,94.502012103796,0.7159243341196667,0.7159243341196667,2578.2119140625,-0.003668188815936446,0.03232116624712944
472,39.860781237483025,1.0,6.564904655329883,18.64889946579933,21.211881771683693,0.10099853315892128,0.266412849511419,0.342127125349737,65.0,70.0,62.0,0.42424242424242425,1.0,1.0,39.860781237483025,0.30197561543547746,0.30197561543547746,1665.740478515625,-0.001795765943825245,0.02312135137617588
473,13.120074860751629,0.04225352112676056,4.979145385324955,6.75187636166811,6.368198499083519,0.076602236697307,0.09645537659525871,0.10271287901747611,65.0,70.0,62.0,0.24242424242424243,0.04225352112676056,0.09523809523809523,13.120074860751629,0.09939450652084568,0.09939450652084568,1152.0430908203125,0.006854178849607706,0.03131977841258049
474,10.132866204250604,0.29577464788732394,3.4881423726910725,6.267666216939688,3.865199987310916,0.05366372881063188,0.08953808881342411,0.062341935279208324,65.0,70.0,62.0,0.21212121212121213,0.29577464788732394,0.20634920634920634,10.132866204250604,0.07676413791098942,0.07676413791098942,1819.0230712890625,-0.003115723142400384,0.02254641242325306
475,5.210964850441087,0.0,4.243378167506307,3.036886317655444,2.174078532785643,0.06528274103855858,0.04338409025222063,0.03506578278686521,65.0,70.0,62.0,0.12121212121212122,0.0,0.0,5.210964850441087,0.03947700644273551,0.03947700644273551,1570.5980224609375,-0.007364774588495493,0.03767137974500656
476,33.73449118807912,0.8169014084507042,3.3385529536753893,15.350634802132845,18.383856385946274,0.05136235313346753,0.21929478288761206,0.2965138126765528,65.0,70.0,62.0,0.13636363636363635,0.8169014084507042,1.0,33.73449118807912,0.25556432718241756,0.25556432718241756,835.543212890625,-0.010504096746444702,0.037236277014017105
477,12.384057593582838,0.1267605633802817,5.873072812799364,7.864170540124178,4.51988705345866,0.09035496635075946,0.1123452934303454,0.07290140408804291,65.0,70.0,62.0,0.25757575757575757,0.1267605633802817,0.0,12.384057593582838,0.09381861813320332,0.09381861813320332,1388.4149169921875,-0.001861092634499073,0.03645729646086693
478,19.23396745696664,0.29577464788732394,4.627730695530772,9.672208834439516,9.561758622527122,0.07119585685431958,0.1381744119205645,0.15422191326656648,65.0,70.0,62.0,0.19696969696969696,0.29577464788732394,0.3968253968253968,19.23396745696664,0.1457118746739897,0.1457118746739897,1447.0006103515625,-0.0032772428821772337,0.03472783789038658
479,3.2932835581013933,0.0,3.173293197527528,0.7853442011401057,2.5079393569612876,0.04881989534657735,0.011219202873430081,0.04045063478969819,65.0,70.0,62.0,0.12121212121212122,0.0,0.0,3.2932835581013933,0.024949117864404496,0.024949117864404496,1883.1048583984375,0.008409122005105019,0.030706582590937614
480,13.463772358372808,0.0,2.367211184464395,7.2158364579081535,6.247935900464654,0.03641863360714454,0.10308337797011648,0.10077315968491378,65.0,70.0,62.0,0.0,0.0,0.031746031746031744,13.463772358372808,0.10199827544221823,0.10199827544221823,1124.083740234375,-0.003082609036937356,0.042198244482278824
481,10.85658659391629,0.1267605633802817,5.485023184679449,8.115468494594097,2.7411180993221933,0.08438497207199151,0.1159352642084871,0.04421158224713215,65.0,70.0,62.0,0.13636363636363635,0.1267605633802817,0.0,10.85658659391629,0.08224686813572947,0.08224686813572947,1049.1220703125,-0.009889166802167892,0.04114152863621712
482,0.4819609618280083,0.0,1.5141382096335292,0.4819609618280083,0.0,0.02329443399436199,0.006885156597542976,0.0,65.0,70.0,62.0,0.0,0.0,0.0,0.4819609618280083,0.0036512194077879417,0.0036512194077879417,2125.35498046875,-0.0021523144096136093,0.029305720701813698
483,17.801638692617416,0.07042253521126761,3.163485524710268,8.746476002037525,9.055162690579891,0.04866900807246566,0.12494965717196464,0.14605101113838534,65.0,70.0,62.0,0.0,0.07042253521126761,0.14285714285714285,17.801638692617416,0.13486089918649558,0.13486089918649558,2224.9189453125,5.347980186343193e-05,0.03626975044608116
484,54.54296378791332,1.0,9.819347653537989,22.959084078669548,31.583879709243774,0.15106688697750753,0.327986915409565,0.5094174146652222,65.0,70.0,62.0,0.5303030303030303,1.0,1.0,54.54296378791332,0.41320427112055547,0.41320427112055547,2095.306884765625,0.001455110963433981,0.026760734617710114
485,15.317436798941344,0.36619718309859156,7.788332642521709,9.45085758715868,5.866579211782664,0.11982050219264168,0.135012251245124,0.09462224535133329,65.0,70.0,62.0,0.30303030303030304,0.36619718309859156,0.06349206349206349,15.317436798941344,0.11604118787076775,0.11604118787076775,504.5120544433594,-0.0019337101839482784,0.035691358149051666
486,2.913716184659279,0.0,2.752478997572325,1.9066564920940436,1.0070596925652353,0.042345830731881924,0.027237949887057765,0.016242898267181213,65.0,70.0,62.0,0.015151515151515152,0.0,0.0,2.913716184659279,0.02207360745953999,0.02207360745953999,2583.0751953125,0.00013251043856143951,0.0379575714468956
487,38.50457739830017,0.9436619718309859,8.086214505136013,18.16943821310997,20.3351391851902,0.12440330007901558,0.25956340304442815,0.3279861158901645,65.0,70.0,62.0,0.25757575757575757,0.9436619718309859,1.0,38.50457739830017,0.2917013439265164,0.2917013439265164,2085.1728515625,0.0020832992158830166,0.032624129205942154
488,72.9914742410183,0.704225352112676,22.103415220975876,34.09670475125313,38.89476948976517,0.34005254186116735,0.487095782160759,0.627334991770406,65.0,70.0,62.0,0.015151515151515152,0.704225352112676,1.0,72.9914742410183,0.5529657139471083,0.5529657139471083,1158.8145751953125,0.033744074404239655,0.08655748516321182
489,53.95563999097794,0.014084507042253521,3.890901951584965,10.742947253398597,43.212692737579346,0.05986003002438408,0.15347067504855139,0.6969789151222475,65.0,70.0,62.0,0.0,0.014084507042253521,1.0,53.95563999097794,0.40875484841649956,0.40875484841649956,586.1099853515625,-0.006375049240887165,0.06290510296821594
490,7.436679036356509,0.0,5.30778435152024,4.103031761944294,3.3336472744122148,0.08165822079261909,0.058614739456347056,0.05376850442600346,65.0,70.0,62.0,0.06060606060606061,0.0,0.0,7.436679036356509,0.056338477548155366,0.056338477548155366,1274.0936279296875,0.007034186273813248,0.06133289635181427
491,17.27092007547617,0.352112676056338,6.292524062097073,9.339413195848465,7.931506879627705,0.09680806249380111,0.13342018851212092,0.1279275303165759,65.0,70.0,62.0,0.0,0.352112676056338,0.19047619047619047,17.27092007547617,0.1308403036020922,0.1308403036020922,6267.4306640625,0.005421315785497427,0.026931114494800568
492,13.825784295797348,0.014084507042253521,7.633841761853546,7.550142742693424,6.275641553103924,0.11744371941313148,0.10785918203847748,0.10122002505006329,65.0,70.0,62.0,0.18181818181818182,0.014084507042253521,0.0,13.825784295797348,0.10474079011967688,0.10474079011967688,1060.62158203125,0.0042356885969638824,0.05045488104224205
493,6.1765727560268715,0.0,3.712725766701624,3.2351156984223053,2.941457057604566,0.05711885794925575,0.04621593854889008,0.04744285576781558,65.0,70.0,62.0,0.09090909090909091,0.0,0.015873015873015872,6.1765727560268715,0.04679221784868842,0.04679221784868842,1718.5390625,0.005710816942155361,0.03466211259365082
494,4.425722268453683,0.0,3.599233362416271,2.2701522354473127,2.15557003300637,0.05537282096025033,0.0324307462206759,0.03476725859687694,65.0,70.0,62.0,0.0,0.0,0.0,4.425722268453683,0.03352819900343699,0.03352819900343699,1654.5992431640625,0.0015292037278413773,0.06621405482292175
495,126.3597971200943,1.0,20.31167232990265,60.49065399169922,65.86914312839508,0.3124872666138869,0.8641521998814174,1.062405534328953,65.0,70.0,62.0,1.0,1.0,1.0,126.3597971200943,0.9572711903037447,0.9572711903037447,1870.498046875,0.0024779587984085083,0.0225470382720232
496,12.92257429950405,0.0,1.818017399404198,3.8540333836572245,9.068540915846825,0.027969498452372277,0.05505761976653178,0.14626678896527137,65.0,70.0,62.0,0.045454545454545456,0.0,0.5079365079365079,12.92257429950405,0.09789829014775794,0.09789829014775794,1663.718017578125,-0.005160174332559109,0.029297707602381706
497,6.2859073739964515,0.0,2.113958833971992,1.890602019848302,4.3953053541481495,0.03252244359956911,0.027008600283547173,0.07089202184109919,65.0,70.0,62.0,0.015151515151515152,0.0,0.015873015873015872,6.2859073739964515,0.047620510409064024,0.047620510409064024,1887.58203125,-0.0033924332819879055,0.028645426034927368
498,57.92986412346363,1.0,11.037884298712015,25.67713214457035,32.25273197889328,0.16981360459556946,0.36681617349386214,0.5202053544982788,65.0,70.0,62.0,0.6515151515151515,1.0,1.0,57.92986412346363,0.4388626069959366,0.4388626069959366,1401.494140625,0.003747406881302595,0.02127886191010475
499,0.2570708019338781,0.0,2.835357172647491,0.1728150978597114,0.08425570407416672,0.04362087957919217,0.002468787112281591,0.0013589629689381728,65.0,70.0,62.0,0.21212121212121213,0.0,0.0,0.2570708019338781,0.0019475060752566524,0.0019475060752566524,1855.1851806640625,-0.007495393045246601,0.02333643101155758
500,15.828764712437987,0.04225352112676056,11.154676349833608,10.185202166438103,5.643562545999885,0.1716104053820555,0.1455028880919729,0.09102520235483685,65.0,70.0,62.0,0.07575757575757576,0.04225352112676056,0.0,15.828764712437987,0.11991488418513627,0.11991488418513627,1449.970458984375,0.011568814516067505,0.04455672204494476
501,0.7084528393170331,0.0,3.5773182213306427,0.6650577864202205,0.04339505289681256,0.05503566494354835,0.009500825520288865,0.0006999202080131058,65.0,70.0,62.0,0.030303030303030304,0.0,0.0,0.7084528393170331,0.005367066964522978,0.005367066964522978,866.136962890625,-0.004592848010361195,0.04636760801076889
502,49.94501930475235,0.9859154929577465,4.3453297931700945,14.077613174915314,35.867406129837036,0.06685122758723222,0.20110875964164734,0.5785065504812426,65.0,70.0,62.0,0.12121212121212122,0.9859154929577465,1.0,49.94501930475235,0.378371358369336,0.378371358369336,1614.26806640625,0.0023341120686382055,0.02208312787115574
503,4.452169301919639,0.4084507042253521,5.371381739620119,4.452169301919639,0.0,0.08263664214800183,0.06360241859885199,0.0,65.0,70.0,62.0,0.4090909090909091,0.4084507042253521,0.0,4.452169301919639,0.033728555317573024,0.033728555317573024,2847.0654296875,-0.003524560248479247,0.01932334154844284
504,4.300636733882129,0.014084507042253521,4.657220374385361,2.4786245496943593,1.82201218418777,0.07164954422131324,0.035408922138490846,0.029387293293351126,65.0,70.0,62.0,0.30303030303030304,0.014084507042253521,0.0,4.300636733882129,0.03258058131728886,0.03258058131728886,1545.7991943359375,0.0035592196509242058,0.02327185869216919
505,0.3257706325966865,0.0,3.036591233802028,0.18249670532532036,0.14327392727136612,0.04671678821233889,0.0026070957903617195,0.0023108697946994535,65.0,70.0,62.0,0.030303030303030304,0.0,0.0,0.3257706325966865,0.0024679593378536856,0.0024679593378536856,1208.54736328125,-0.0008419156074523926,0.048455193638801575
506,19.264294534921646,0.36619718309859156,4.632301864679903,12.334436316043139,6.929858218878508,0.07126618253353696,0.17620623308633054,0.11177190675610496,65.0,70.0,62.0,0.030303030303030304,0.36619718309859156,0.0,19.264294534921646,0.14594162526455792,0.14594162526455792,1884.338134765625,0.0035149287432432175,0.042808324098587036
507,0.0,0.0,1.0901474485872313,0.0,0.0,0.016771499209034327,0.0,0.0,65.0,70.0,62.0,0.0,0.0,0.0,0.0,0.0,0.0,2610.825439453125,-0.016417106613516808,0.04708242788910866
508,6.32157323078718,0.0,4.420802357257344,4.089735637418926,2.2318375933682546,0.0680123439578053,0.05842479482027037,0.035997380538197656,65.0,70.0,62.0,0.06060606060606061,0.0,0.0,6.32157323078718,0.047890706293842275,0.047890706293842275,488.9801025390625,0.0002879315288737416,0.05178707838058472
509,23.877404391765594,0.07042253521126761,7.240799473132938,10.369638457894325,13.50776593387127,0.11139691497127598,0.14813769225563322,0.21786719248179467,65.0,70.0,62.0,0.21212121212121213,0.07042253521126761,0.8253968253968254,23.877404391765594,0.1808894272103454,0.1808894272103454,1822.978515625,0.006387322209775448,0.03538011386990547
510,0.6514671373879537,0.0,2.007195091806352,0.5421330145327374,0.10933412285521626,0.030879924489328494,0.007744757350467678,0.0017634535944389721,65.0,70.0,62.0,0.015151515151515152,0.0,0.0,0.6514671373879537,0.0049353571014238914,0.0049353571014238914,1745.0762939453125,-0.003577382769435644,0.0313674695789814
511,0.708682238124311,0.0,2.6785084849689156,0.3068746109493077,0.4018076271750033,0.041207822845675625,0.004383923013561539,0.0064807681802419885,65.0,70.0,62.0,0.09090909090909091,0.0,0.0,0.708682238124311,0.0053688048342750835,0.0053688048342750835,893.533935546875,0.0031580356881022453,0.029402395710349083
512,18.841796901077032,0.7746478873239436,5.248785704839975,10.485612269490957,8.356184631586075,0.08075054930523037,0.14979446099272797,0.13477717147719476,65.0,70.0,62.0,0.3787878787878788,0.7746478873239436,0.9365079365079365,18.841796901077032,0.14274088561421994,0.14274088561421994,4321.7421875,-0.002766340970993042,0.020147837698459625
513,14.780095031484962,0.014084507042253521,6.056734792422503,7.958974363282323,6.821120668202639,0.09318053526803852,0.11369963376117605,0.11001807529359095,65.0,70.0,62.0,0.16666666666666666,0.014084507042253521,0.0,14.780095031484962,0.11197041690518911,0.11197041690518911,801.8521118164062,0.007694954518228769,0.04330199584364891
514,3.143566260114312,0.0,1.573225598433055,1.6654069027863443,1.4781593573279679,0.024203470745123922,0.023791527182662062,0.023841279956902706,65.0,70.0,62.0,0.0,0.0,0.0,3.143566260114312,0.02381489590995691,0.02381489590995691,5825.052734375,0.0032966756261885166,0.0151019636541605
515,6.606798263266683,0.5211267605633803,2.324420977383852,3.3355247918516397,3.271273471415043,0.03576032272898234,0.04765035416930914,0.05276247534540392,65.0,70.0,62.0,0.10606060606060606,0.5211267605633803,0.7301587301587301,6.606798263266683,0.05005150199444457,0.05005150199444457,4296.8740234375,0.0016262291464954615,0.008932177908718586
516,2.3530635352944955,0.0,5.118830593302846,1.856775023159571,0.49628851213492453,0.07875123989696686,0.026525357473708155,0.008004653421531041,65.0,70.0,62.0,0.045454545454545456,0.0,0.0,2.3530635352944955,0.01782623890374618,0.01782623890374618,1588.57861328125,-0.002981233410537243,0.04651804640889168
517,10.341302609536797,0.056338028169014086,2.7047119032940827,3.9756570220924914,6.365645587444305,0.04161095235837051,0.05679510031560702,0.10267170302329524,65.0,70.0,62.0,0.21212121212121213,0.056338028169014086,0.5238095238095238,10.341302609536797,0.07834320158739998,0.07834320158739998,1997.9205322265625,0.0028390611987560987,0.020117854699492455
518,4.2056485196517315,0.0,1.4792431592941284,3.722550335805863,0.48309818384586833,0.022757587066063515,0.05317929051151233,0.007791906191062393,65.0,70.0,62.0,0.015151515151515152,0.0,0.0,4.2056485196517315,0.03186097363372524,0.03186097363372524,2422.091796875,-0.006221979856491089,0.047015003859996796
519,31.101276993751526,0.971830985915493,5.413344027940184,14.76477326452732,16.336503729224205,0.08328221581446436,0.2109253323503903,0.26349199563264847,65.0,70.0,62.0,0.36363636363636365,0.971830985915493,1.0,31.101276993751526,0.23561573480114792,0.23561573480114792,1459.8953857421875,-0.006807987578213215,0.022088438272476196
520,9.457386082649464,0.0,3.5847608555923216,2.996762870490784,6.46062321215868,0.05515016700911264,0.04281089814986834,0.10420360019610773,65.0,70.0,62.0,0.21212121212121213,0.0,0.14285714285714285,9.457386082649464,0.07164686426249593,0.07164686426249593,1713.262939453125,0.004618246108293533,0.026250937953591347
521,17.14381819649134,0.1267605633802817,5.543763991445303,6.900169827626087,10.243648368865252,0.0852886767914662,0.09857385468037266,0.1652201349816976,65.0,70.0,62.0,0.16666666666666666,0.1267605633802817,0.5396825396825397,17.14381819649134,0.12987741057947982,0.12987741057947982,1005.7476196289062,-0.0063805291429162025,0.03484423831105232
522,31.584248259663582,0.971830985915493,8.512077580206096,17.478218480944633,14.106029778718948,0.1309550396954784,0.2496888354420662,0.22751660933417658,65.0,70.0,62.0,0.4090909090909091,0.971830985915493,1.0,31.584248259663582,0.2392746080277544,0.2392746080277544,2938.241455078125,0.003226200118660927,0.02771819196641445
523,22.792467191815376,0.0,5.17655081191333,8.496997006237507,14.29547018557787,0.07963924326020508,0.12138567151767866,0.230572099767385,65.0,70.0,62.0,0.015151515151515152,0.0,0.31746031746031744,22.792467191815376,0.17267020599860133,0.17267020599860133,2164.208251953125,0.011579545214772224,0.051655448973178864
524,2.3132860384648666,0.0,2.5365074081346393,1.960208393400535,0.3530776450643316,0.03902319089437906,0.02800297704857907,0.005694800726844058,65.0,70.0,62.0,0.0,0.0,0.0,2.3132860384648666,0.017524894230794445,0.017524894230794445,882.6854248046875,-0.005647838115692139,0.037636648863554
525,44.44017679989338,1.0,11.338549017906189,22.13299636542797,22.30718043446541,0.1744392156600952,0.31618566236325674,0.3597932328139582,65.0,70.0,62.0,0.8787878787878788,1.0,1.0,44.44017679989338,0.33666800605979835,0.33666800605979835,1650.6658935546875,0.003431981196627021,0.02761773206293583
526,4.1234446979360655,0.0,8.81434040516615,3.4642870069947094,0.6591576909413561,0.13560523700255614,0.04948981438563871,0.010631575660344453,65.0,70.0,62.0,0.3181818181818182,0.0,0.0,4.1234446979360655,0.031238217408606557,0.031238217408606557,1899.57763671875,0.00404819380491972,0.04123462364077568
527,7.819481269631069,0.08450704225352113,5.902968171227258,5.4893215040210634,2.3301597656100057,0.09081489494195781,0.07841887862887234,0.03758322202596783,65.0,70.0,62.0,0.21212121212121213,0.08450704225352113,0.0,7.819481269631069,0.05923849446690204,0.05923849446690204,1081.1026611328125,-0.0034474562853574753,0.03740889951586723
528,4.4887254769855645,0.0,4.574150180909783,2.8008710539725143,1.68785442301305,0.07037154124476588,0.040012443628178775,0.027223458435694358,65.0,70.0,62.0,0.12121212121212122,0.0,0.0,4.4887254769855645,0.03400549603776943,0.03400549603776943,1493.1444091796875,-0.004265579394996166,0.03702763840556145
529,36.668503507971764,0.8450704225352113,6.448986504692584,14.336758598685265,22.3317449092865,0.09921517699527052,0.20481083712407522,0.36018943402075,65.0,70.0,62.0,0.22727272727272727,0.8450704225352113,1.0,36.668503507971764,0.2777916932422103,0.2777916932422103,1419.0712890625,0.007183232810348272,0.032576460391283035
530,0.0,0.0,0.5669140475802124,0.0,0.0,0.008721754578157112,0.0,0.0,65.0,70.0,62.0,0.0,0.0,0.0,0.0,0.0,0.0,2089.5087890625,-0.003331415355205536,0.023137802258133888
531,14.520535024814308,0.2112676056338028,4.284867946640588,7.063300506211817,7.45723451860249,0.06592104533293212,0.1009042929458831,0.12027797610649178,65.0,70.0,62.0,0.12121212121212122,0.2112676056338028,0.25396825396825395,14.520535024814308,0.11000405321829021,0.11000405321829021,757.8710327148438,0.0014980267733335495,0.029239149764180183
532,13.84525627270341,0.2535211267605634,5.145006118575111,7.8588069304823875,5.986449342221022,0.07915394028577094,0.11226867043546268,0.09655563455195196,65.0,70.0,62.0,0.25757575757575757,0.2535211267605634,0.14285714285714285,13.84525627270341,0.10488830509623795,0.10488830509623795,1501.033935546875,-0.0008210333762690425,0.03031354956328869
533,13.268547641811892,0.028169014084507043,7.291325463913381,5.9057019639294595,7.362845677882433,0.1121742379063597,0.08436717091327799,0.11875557544971665,65.0,70.0,62.0,0.22727272727272727,0.028169014084507043,0.015873015873015872,13.268547641811892,0.10051930031675677,0.10051930031675677,761.5145263671875,-0.0031818030402064323,0.04627273231744766
534,3.3202303837169893,0.0,8.06346215121448,1.160314327396918,2.159916056320071,0.12405326386483816,0.016575918962813116,0.034837355747097926,65.0,70.0,62.0,0.30303030303030304,0.0,0.0,3.3202303837169893,0.025153260482704463,0.025153260482704463,1344.861572265625,0.0108329551294446,0.03801218792796135
535,32.632865116000175,0.8732394366197183,12.69622978568077,16.114232674241066,16.51863244175911,0.19532661208739646,0.23020332391772952,0.2664295555122437,65.0,70.0,62.0,0.6363636363636364,0.8732394366197183,1.0,32.632865116000175,0.24721867512121345,0.24721867512121345,4551.5908203125,-0.00341063947416842,0.03798021376132965
536,21.866278655827045,0.1267605633802817,6.345016648992896,11.809476137161255,10.05680251866579,0.09761564075373687,0.1687068019594465,0.162206492236545,65.0,70.0,62.0,0.030303030303030304,0.1267605633802817,0.015873015873015872,21.866278655827045,0.1656536261805079,0.1656536261805079,791.269775390625,2.0392704755067825e-05,0.05319695919752121
537,1.1397520049576997,0.0,1.1493443964864127,0.8522236082935706,0.2875283966641291,0.01768222148440635,0.012174622975622437,0.004637554784905308,65.0,70.0,62.0,0.15151515151515152,0.0,0.0,1.1397520049576997,0.00863448488604318,0.00863448488604318,8237.58984375,0.0011699208989739418,0.009281199425458908
538,16.92385319620371,0.323943661971831,5.100554055534303,8.767351113259792,8.156502082943916,0.07847006239283544,0.12524787304656845,0.13155648520877283,65.0,70.0,62.0,0.25757575757575757,0.323943661971831,0.2857142857142857,16.92385319620371,0.1282110090621493,0.1282110090621493,2276.8193359375,0.006359499413520098,0.027922680601477623
539,24.933072861284018,0.08450704225352113,5.5715309785009595,8.367638256400824,16.565434604883194,0.08571586120770706,0.11953768937715463,0.26718442911101925,65.0,70.0,62.0,0.30303030303030304,0.08450704225352113,0.9841269841269841,24.933072861284018,0.18888691561578802,0.18888691561578802,1202.01708984375,-0.007467096671462059,0.03296220675110817
540,20.20115538313985,0.04225352112676056,4.830361685715616,7.303940061479807,12.897215321660042,0.07431325670331716,0.10434200087828295,0.20801960196225874,65.0,70.0,62.0,0.15151515151515152,0.04225352112676056,0.7619047619047619,20.20115538313985,0.15303905593287764,0.15303905593287764,1397.9852294921875,-0.0015333936316892505,0.03484424948692322
541,58.696930438280106,1.0,18.69502481073141,28.777564734220505,29.9193657040596,0.2876157663189448,0.4111080676317215,0.4825704145816065,65.0,70.0,62.0,0.8939393939393939,1.0,1.0,58.696930438280106,0.44467371544151596,0.44467371544151596,6247.8759765625,-0.002381038386374712,0.03497592359781265
542,14.49950838566292,0.04225352112676056,4.096482452005148,8.172889041830786,6.326619343832135,0.06302280695392536,0.11675555774043979,0.10204224748116347,65.0,70.0,62.0,0.045454545454545456,0.04225352112676056,0.0,14.49950838566292,0.10984476049744638,0.10984476049744638,1299.64794921875,0.006228423211723566,0.04143213480710983
543,16.660106152296066,0.028169014084507043,1.016224559978582,5.554867327213287,11.105238825082779,0.01563422399967049,0.07935524753161839,0.17911675524327061,65.0,70.0,62.0,0.0,0.028169014084507043,0.5555555555555556,16.660106152296066,0.1262129253961823,0.1262129253961823,2776.46240234375,-0.0012433845549821854,0.03366457298398018
544,14.31466872850433,0.09859154929577464,3.670477340754587,7.371274190489203,6.943394538015127,0.05646888216545519,0.10530391700698861,0.11199023448411495,65.0,70.0,62.0,0.015151515151515152,0.09859154929577464,0.031746031746031744,14.31466872850433,0.10844446006442675,0.10844446006442675,898.2398681640625,-0.004224026575684547,0.04703516885638237
545,14.723946440964937,0.5774647887323944,6.043328276835382,8.954112265259027,5.76983417570591,0.0929742811820828,0.1279158895037004,0.0930618415436437,65.0,70.0,62.0,0.42424242424242425,0.5774647887323944,0.1746031746031746,14.723946440964937,0.11154504879518892,0.11154504879518892,2248.396484375,0.002930128015577793,0.022350579500198364
546,11.319133467972279,0.0,6.041827581822872,6.657449617981911,4.661683849990368,0.09295119356650572,0.0951064231140273,0.07518844919339303,65.0,70.0,62.0,0.0,0.0,0.0,11.319133467972279,0.08575101112100211,0.08575101112100211,10241.380859375,-0.001595454290509224,0.03764473646879196
547,16.270080296322703,0.0,0.9823407552903518,5.901752723380923,10.36832757294178,0.015112934696774643,0.08431075319115605,0.16723108988615773,65.0,70.0,62.0,0.0,0.0,0.09523809523809523,16.270080296322703,0.12325818406305078,0.12325818406305078,2017.66064453125,-0.0045410580933094025,0.04213685914874077
548,0.34716951625887305,0.0,1.6200509211048484,0.15297945868223906,0.194190057576634,0.024923860324689975,0.002185420838317701,0.0031320977028489352,65.0,70.0,62.0,0.0,0.0,0.0,0.34716951625887305,0.0026300720928702503,0.0026300720928702503,3312.805908203125,0.00306012574583292,0.03309018537402153
549,25.406481962651014,0.2676056338028169,7.152755556628108,12.325492661446333,13.080989301204681,0.11004239317889397,0.17607846659209048,0.21098369840652711,65.0,70.0,62.0,0.25757575757575757,0.2676056338028169,0.4603174603174603,25.406481962651014,0.19247334820190162,0.19247334820190162,1138.4644775390625,-0.0017542995046824217,0.04479943960905075
550,8.314501868677326,0.0,4.712203316390514,4.454278196091764,3.860223672585562,0.07249543563677714,0.06363254565845376,0.062261672138476803,65.0,70.0,62.0,0.16666666666666666,0.0,0.0,8.314501868677326,0.06298865052028277,0.06298865052028277,1617.565185546875,0.0030627762898802757,0.042494241148233414
551,63.08734104037285,0.971830985915493,13.85053625702858,31.325942277908325,31.761398762464523,0.21308517318505507,0.4475134611129761,0.5122806252010407,65.0,70.0,62.0,0.3939393939393939,0.971830985915493,1.0,63.08734104037285,0.47793440182100644,0.47793440182100644,1761.468017578125,-0.001653284765779972,0.046072233468294144
552,15.894520020112395,0.09859154929577464,2.048977149883285,2.956113977357745,12.93840604275465,0.03152272538281977,0.042230199676539217,0.20868396843152662,65.0,70.0,62.0,0.12121212121212122,0.09859154929577464,0.9523809523809523,15.894520020112395,0.12041303045539693,0.12041303045539693,3125.10498046875,-0.002596924314275384,0.023406382650136948
553,18.132821525745385,0.028169014084507043,8.011111841362435,5.148468959443562,12.984352566301823,0.123247874482499,0.07354955656347946,0.20942504139196488,65.0,70.0,62.0,0.06060606060606061,0.028169014084507043,0.3333333333333333,18.132821525745385,0.13736986004352564,0.13736986004352564,4777.3232421875,0.0080384137108922,0.04629768058657646
