stain_label,calcium_label,overlap_px,frac_stain,stain_area,calcium_area,calcium AUC,calcium response time,calcium_auc_w1,calcium_auc_w2,calcium_auc_w3,calcium_auc_norm_w1,calcium_auc_norm_w2,calcium_auc_norm_w3,calcium_active_time_w1,calcium_active_time_w2,calcium_active_time_w3,calcium_response_time_w1,calcium_response_time_w2,calcium_response_time_w3,calcium_auc_w2_w3,calcium_auc_norm_w2_w3,calcium_AUC_norm,calcium_baseline_F0,calcium_baseline_mean_dff,calcium_baseline_sd_dff,cell_area,O4_prop,O4_mfi_norm,PDGFRa_prop,PDGFRa_mfi_norm,MBP_prop,MBP_mfi_norm
91,36,5955,0.858316517728452,6938,10782,16.94727662205696,0.7605633802816901,5.405297368764877,9.80257173627615,7.144704885780811,0.08315842105792119,0.14003673908965927,0.11712630960296412,65.0,70.0,61.0,0.045454545454545456,0.7605633802816901,0.3709677419354839,16.94727662205696,0.1293685238324959,0.1293685238324959,5925.74755859375,0.003586709266528487,0.02370418794453144,456,1.0,1.643500449872679,0.0,0.8407153643084325,0.0,1.6584943792422087
99,46,5559,0.9571280991735537,5808,14441,0.35577267582993954,0.0,1.2557975231320597,0.3549042023951188,0.0008684734348207712,0.01931996189433938,0.005070060034215983,1.423726942329133e-05,65.0,70.0,61.0,0.25757575757575757,0.0,0.0,0.35577267582993954,0.002715821952900302,0.002715821952900302,5748.794921875,-0.0003310665488243103,0.007759862579405308,2959,0.24873267995944576,1.5654343088909215,0.0,1.1753560803042884,0.9814126394052045,3.0035190996808705
363,207,4068,0.769434461887649,5287,4619,37.05134716239991,0.0,1.3110686633735895,0.852927740488667,36.19841942191124,0.01986467671778166,0.012361271601285029,0.5934167118346105,66.0,69.0,61.0,0.0,0.0,1.0,37.05134716239991,0.2850103627876916,0.2850103627876916,1306.5970458984375,-0.0009504628833383322,0.04218512028455734,0,0.0,,0.0,,0.0,
511,272,3941,0.9059770114942529,4350,9289,46.76455718278885,0.8714285714285714,6.408958405372687,15.411319568753242,31.353237614035606,0.09710543038443464,0.22335245751816293,0.505697380871542,66.0,69.0,62.0,0.26865671641791045,0.8714285714285714,0.9841269841269841,46.76455718278885,0.3569813525403729,0.3569813525403729,1122.7664794921875,-0.004271671175956726,0.033521704375743866,1875,0.2554666666666667,1.5634809013831135,0.38293333333333335,2.7942725143368397,0.5584,2.1018434225277383
132,68,3904,0.9475728155339805,4120,4492,11.674541374115506,0.056338028169014086,2.96080609515775,4.528979907539906,7.1455614665756,0.045550863002426924,0.0646997129648558,0.11714035191107541,65.0,70.0,61.0,0.16666666666666666,0.056338028169014086,0.25806451612903225,11.674541374115506,0.08911863644362981,0.08911863644362981,1622.1197509765625,-0.005039404612034559,0.026816602796316147,192,1.0,1.8311476306401675,0.0,0.88051939489078,0.0,1.1223069718220058
314,186,3835,0.8783783783783784,4366,4481,14.744766738265753,0.38571428571428573,5.080168846063316,8.756744902580976,5.988021835684776,0.07697225524338358,0.12690934641421706,0.09816429238827502,66.0,69.0,61.0,0.22388059701492538,0.38571428571428573,0.04838709677419355,14.744766738265753,0.11342128260204425,0.11342128260204425,4180.2099609375,-0.0019920438062399626,0.030244670808315277,906,0.0,1.2489026563963903,0.024282560706401765,1.2686605235621875,0.9790286975717439,2.550681394429289
705,366,3811,1.0,3811,20291,13.303859166800976,0.7714285714285715,5.665384590975009,8.10748415067792,5.196375016123056,0.08715976293807706,0.11749977029967999,0.0838125002600493,65.0,69.0,62.0,0.45454545454545453,0.7714285714285715,0.8571428571428571,13.303859166800976,0.10155617684580898,0.10155617684580898,3727.53271484375,0.0019687083549797535,0.01304438803344965,0,0.0,,0.0,,0.0,
690,370,3810,0.9812001030131342,3883,8380,24.520565204322338,0.8142857142857143,5.389455527998507,11.379372633993626,13.141192570328712,0.08291470043074627,0.16491844397092212,0.21195471887626954,65.0,69.0,62.0,0.12121212121212122,0.8142857142857143,1.0,24.520565204322338,0.18717988705589572,0.18717988705589572,1455.07861328125,-0.0007959781214594841,0.027941372245550156,1312,1.0,1.7466210862072118,0.0,1.1096508543615446,0.0,1.2352295014486794
734,405,3798,0.7202730893229661,5273,4454,9.842147212708369,0.0,2.940127314068377,4.35949169867672,5.482655514031649,0.04523272790874426,0.06318103911125682,0.08842992764567176,65.0,69.0,62.0,0.0,0.0,0.0,9.842147212708369,0.075130894753499,0.075130894753499,1292.79296875,0.012255430221557617,0.03280332311987877,0,0.0,,0.0,,0.0,
183,104,3771,0.7079031349727801,5327,4381,14.833899114280939,0.1,3.7118317909771577,3.943804670125246,10.890094444155693,0.057105104476571654,0.05715658942210502,0.17852613842878184,65.0,69.0,61.0,0.24242424242424243,0.1,0.9838709677419355,14.833899114280939,0.11410691626369954,0.11410691626369954,3077.636962890625,-0.0038714611437171698,0.022060442715883255,595,1.0,1.8432330743775869,0.0,0.861363178183624,0.0,1.517345723351071
162,79,3748,0.9765502866076081,3838,8306,73.30034144222736,0.9577464788732394,7.350988211343065,15.097387090325356,58.20295435190201,0.11309212632835484,0.21567695843321935,0.9541467926541313,65.0,70.0,61.0,0.4696969696969697,0.9577464788732394,1.0,73.30034144222736,0.5595445911620409,0.5595445911620409,696.6433715820312,-0.0014569974737241864,0.027361692860722542,249,0.23293172690763053,1.3730176081183805,0.7670682730923695,2.027411300337044,0.0,1.4283559794066472
33,7,3591,0.8102436823104693,4432,11354,15.051248464733362,0.43661971830985913,6.589220128953457,9.236820481717587,5.814427983015776,0.10137261736851472,0.13195457831025123,0.09531849152484878,65.0,70.0,61.0,0.21212121212121213,0.43661971830985913,0.04838709677419355,15.051248464733362,0.11489502644834627,0.11489502644834627,5629.9609375,0.0077227018773555756,0.027115747332572937,2464,0.0,1.1161223566059766,0.008522727272727272,1.2285456725161599,1.0,3.557423571656864
158,81,3580,0.9810907097835023,3649,4638,18.85582532090484,0.0,2.0990372572559863,0.9587398181611206,17.89708550274372,0.03229288088086133,0.013696283116587438,0.29339484430727414,65.0,70.0,61.0,0.0,0.0,0.5806451612903226,18.85582532090484,0.1439375978695026,0.1439375978695026,935.5823364257812,0.0019700252451002598,0.04082582890987396,828,1.0,1.7411641878053352,0.0,0.9937951631947266,0.0,1.1034875909393158
329,191,3499,0.9441446303291959,3706,5224,30.741122990846634,0.9142857142857143,7.996135218068957,13.284350499510765,17.45677249133587,0.12115356391013572,0.19252681883348935,0.2861765982186208,66.0,69.0,61.0,0.3283582089552239,0.9142857142857143,1.0,30.741122990846634,0.2364701768526664,0.2364701768526664,2773.000244140625,0.004284037742763758,0.02790313959121704,0,0.0,,0.0,,0.0,
74,27,3476,1.0,3476,15204,22.031353622674942,0.9859154929577465,8.133231148123741,12.372303664684296,9.659049957990646,0.12512663304805755,0.17674719520977566,0.1583450812785352,65.0,70.0,61.0,0.9090909090909091,0.9859154929577465,1.0,22.031353622674942,0.16817827192881635,0.16817827192881635,6556.9873046875,-0.0022830141242593527,0.020729361101984978,0,0.0,,0.0,,0.0,
844,459,3321,0.7454545454545455,4455,3976,5.982838305644691,0.0,0.5050319558940828,0.2841674564406276,5.698670849204063,0.007769722398370505,0.004059535092008965,0.09191404595490425,65.0,70.0,62.0,0.015151515151515152,0.0,0.6507936507936508,5.982838305644691,0.04532453261852039,0.04532453261852039,1795.990966796875,-0.00041611393680796027,0.014403293840587139,2034,0.9223205506391348,1.899032458259113,0.16912487708947885,1.4400314729955344,0.0,1.375967528634283
302,156,3293,0.9606184364060677,3428,14877,1.1076750588836148,0.0,3.1106350758345798,1.063680222374387,0.04399483650922775,0.04713083448234212,0.015415655396730248,0.0007212268280201271,66.0,69.0,61.0,0.16417910447761194,0.0,0.0,1.1076750588836148,0.008520577376027806,0.008520577376027806,4883.54638671875,-0.0003018540737684816,0.01984534226357937,0,0.0,,0.0,,0.0,
977,522,3231,1.0,3231,14561,31.584248259663582,0.971830985915493,8.512077580206096,17.478218480944633,14.106029778718948,0.1309550396954784,0.2496888354420662,0.22751660933417658,65.0,70.0,62.0,0.4090909090909091,0.971830985915493,1.0,31.584248259663582,0.2392746080277544,0.2392746080277544,2938.241455078125,0.003226200118660927,0.02771819196641445,364,1.0,1.9052109730547606,0.0,0.9638056519397635,0.0,1.2805350663792667
135,72,3229,0.7193138783693473,4489,8042,1.689816063735634,0.08450704225352113,1.8444995922618546,1.4474064789828844,0.24240958475274965,0.028376916804028533,0.020677235414041206,0.003973927618897535,65.0,70.0,61.0,0.3484848484848485,0.08450704225352113,0.0,1.689816063735634,0.012899359265157511,0.012899359265157511,5267.904296875,-6.506830686703324e-05,0.008531241677701473,3193,0.0,1.43321993876132,0.0,1.9520619289099295,1.0,4.305137473008495
42,5,3196,0.8428270042194093,3792,7607,17.204529136419296,0.6901408450704225,8.39691886678338,10.289263851940632,6.915265284478664,0.1291833671812828,0.14698948359915187,0.11336500466358466,65.0,70.0,61.0,0.5454545454545454,0.6901408450704225,0.3548387096774194,17.204529136419296,0.13133228348411677,0.13133228348411677,5841.23291015625,0.0021373482886701822,0.022827502340078354,0,0.0,,0.0,,0.0,
541,292,3104,0.9633767846058349,3222,5156,16.47793947905302,0.5857142857142857,2.9702808229485527,7.899773865938187,8.578165613114834,0.04569662804536235,0.11448947631794473,0.13835750988894893,65.0,69.0,62.0,0.0,0.5857142857142857,0.9523809523809523,16.47793947905302,0.12578579755002306,0.12578579755002306,5052.19140625,-0.0016368771903216839,0.023470183834433556,3,0.0,1.0513732365531698,1.0,2.823605476988355,0.0,1.2195089774158627
180,103,3080,0.7394957983193278,4165,3128,12.14944386202842,0.0,3.800820981268771,5.101909090764821,7.047534771263599,0.05847416894259648,0.07394071146035971,0.11553335690596064,65.0,69.0,61.0,0.015151515151515152,0.0,0.06451612903225806,12.14944386202842,0.09345726047714169,0.09345726047714169,1322.969970703125,0.002138463780283928,0.03467847406864166,1005,0.0,1.0888497540281994,0.0,1.0307499965314797,1.0,2.603711591130136
282,145,3031,0.9824959481361426,3085,12479,19.384660057723522,0.8571428571428571,7.312475857652316,10.913441829383373,8.471218228340149,0.11079508875230783,0.1581658236142518,0.1388724299727893,66.0,69.0,61.0,0.43283582089552236,0.8571428571428571,0.967741935483871,19.384660057723522,0.14911276967479634,0.14911276967479634,5273.73828125,0.0006130311521701515,0.021617751568555832,460,1.0,1.7467505923196345,0.0,0.9319976574735735,0.0,1.1673385071415199
650,339,3002,0.9612552033301313,3123,12061,70.23093128204346,0.0,10.059533014893532,35.94464921951294,34.28628206253052,0.15476204638297741,0.5209369452103324,0.5530045493956535,65.0,69.0,62.0,0.0,0.0,0.0,70.23093128204346,0.5361139792522401,0.5361139792522401,2322.674560546875,-0.0467589870095253,0.19839665293693542,0,0.0,,0.0,,0.0,
139,70,2856,1.0,2856,4693,87.48602315410972,0.0,0.6162504879757762,0.03953227028250694,87.44649088382721,0.009480776738088864,0.0005647467183215278,1.4335490308824133,65.0,70.0,61.0,0.0,0.0,1.0,87.48602315410972,0.6678322378176315,0.6678322378176315,566.7374877929688,0.0011226001661270857,0.04121510684490204,0,0.0,,0.0,,0.0,
783,429,2829,0.9342800528401585,3028,3567,0.0,0.0,0.7840732051990926,0.0,0.0,0.012062664695370656,0.0,0.0,65.0,69.0,62.0,0.0,0.0,0.0,0.0,0.0,0.0,2574.54345703125,-0.00601362157613039,0.029581710696220398,2055,0.042335766423357665,1.0910885322440849,0.0,0.9280521138227955,0.9722627737226277,2.9183442134292235
632,297,2811,0.7174578866768759,3918,12577,14.26364652812481,0.2571428571428571,5.708718100562692,8.68635892495513,5.57728760316968,0.08782643231634911,0.1258892597819584,0.08995625166402708,65.0,69.0,62.0,0.24242424242424243,0.2571428571428571,0.015873015873015872,14.26364652812481,0.10888279792461686,0.10888279792461686,2484.578125,-0.0020332401618361473,0.03447476029396057,0,0.0,,0.0,,0.0,
760,415,2805,1.0,2805,7711,27.238457813858986,1.0,5.529407523572445,12.693498149514198,14.544959664344788,0.0850678080549607,0.18396374129730722,0.23459612361846433,65.0,69.0,62.0,0.10606060606060606,1.0,1.0,27.238457813858986,0.20792715888441973,0.20792715888441973,1814.9671630859375,-0.0011294102296233177,0.021523531526327133,44,1.0,1.870993544105045,0.0,0.874001168307779,0.0,1.1034332858905904
186,98,2802,0.9459824442943957,2962,4327,48.04159331321716,1.0,8.162494313437492,21.98420289158821,26.057390421628952,0.12557683559134603,0.31861163610997406,0.4271703347808025,65.0,69.0,61.0,0.48484848484848486,1.0,1.0,48.04159331321716,0.3695507177939782,0.3695507177939782,1208.6173095703125,0.002938558580353856,0.025755727663636208,2302,0.0,1.064781578549241,1.0,2.7504668400903247,0.0,1.1551625393675435
170,91,2788,0.8913043478260869,3128,3798,13.813538990914822,0.4,1.6935240775346756,7.044841974973679,6.768697015941143,0.026054216577456546,0.10209915905758954,0.11096224616296956,65.0,69.0,61.0,0.09090909090909091,0.4,0.5161290322580645,13.813538990914822,0.10625799223780633,0.10625799223780633,1268.204833984375,-0.0025511838030070066,0.021751316264271736,0,0.0,,0.0,,0.0,
121,54,2779,0.9889679715302491,2810,7087,47.93240815401077,0.9859154929577465,18.505968287587166,27.06432816386223,20.868079990148544,0.28470720442441794,0.3866332594837461,0.34209967196964824,65.0,70.0,61.0,0.7727272727272727,0.9859154929577465,1.0,47.93240815401077,0.3658962454504639,0.3658962454504639,2936.8857421875,0.013673017732799053,0.046897344291210175,0,0.0,,0.0,,0.0,
493,262,2717,0.9333562349708004,2911,6073,0.026008062064647675,0.0,2.0009178048931062,0.026008062064647675,0.0,0.030316936437774337,0.00037692843571953153,0.0,66.0,69.0,61.0,0.029850746268656716,0.0,0.0,0.026008062064647675,0.00020006201588190518,0.00020006201588190518,1781.54736328125,-0.00725537957623601,0.028772780671715736,0,0.0,,0.0,,0.0,
891,481,2641,0.9388553146107359,2813,3956,10.85658659391629,0.1267605633802817,5.485023184679449,8.115468494594097,2.7411180993221933,0.08438497207199151,0.1159352642084871,0.04421158224713215,65.0,70.0,62.0,0.13636363636363635,0.1267605633802817,0.0,10.85658659391629,0.08224686813572947,0.08224686813572947,1049.1220703125,-0.009889166802167892,0.04114152863621712,1143,0.3324584426946632,1.3285105235426167,0.673665791776028,2.416839719904202,0.0,1.0675196848082027
412,231,2595,0.9324469996406756,2783,3962,0.3486327244900167,0.0,0.9460697699105367,0.0990563037339598,0.2495764207560569,0.01433439045318995,0.001435598604839997,0.004091416733705851,66.0,69.0,61.0,0.0,0.0,0.0,0.3486327244900167,0.002681790188384744,0.002681790188384744,1797.0009765625,-0.004908994771540165,0.0246171485632658,0,0.0,,0.0,,0.0,
187,106,2553,0.9273519796585543,2753,3123,9.175396515827742,0.0,1.8438600031659007,2.9749571054708213,6.200439410356921,0.02836707697178309,0.04311532036914234,0.1016465477107692,65.0,69.0,61.0,0.030303030303030304,0.0,0.27419354838709675,9.175396515827742,0.07057997319867494,0.07057997319867494,1940.509765625,0.002031729556620121,0.026518121361732483,0,0.0,,0.0,,0.0,
915,497,2545,0.9053717538242618,2811,3605,6.2859073739964515,0.0,2.113958833971992,1.890602019848302,4.3953053541481495,0.03252244359956911,0.027008600283547173,0.07089202184109919,65.0,70.0,62.0,0.015151515151515152,0.0,0.015873015873015872,6.2859073739964515,0.047620510409064024,0.047620510409064024,1887.58203125,-0.0033924332819879055,0.028645426034927368,104,1.0,1.8309285854564343,0.0,1.1810871435143422,0.0,1.1321428742439312
70,34,2534,0.8707903780068729,2910,3271,9.38067670725286,0.5211267605633803,3.205357675324194,5.381955610588193,3.998721096664667,0.049313195004987605,0.0768850801512599,0.0655528048633552,65.0,70.0,61.0,0.2727272727272727,0.5211267605633803,0.12903225806451613,9.38067670725286,0.07160821913933481,0.07160821913933481,8259.0703125,-0.0012255876790732145,0.017164692282676697,983,0.0,0.9783262197667455,1.0,2.3205275961600442,0.0,1.122141781572401
800,436,2520,0.9402985074626866,2680,4961,6.28206761344336,0.014084507042253521,4.9405779098160565,2.8386049524415284,3.4434626610018313,0.07600889092024703,0.040551499320593265,0.05553972033873921,65.0,70.0,62.0,0.3181818181818182,0.014084507042253521,0.015873015873015872,6.28206761344336,0.04759142131396485,0.04759142131396485,1961.374755859375,-0.007588949054479599,0.024510234594345093,0,0.0,,0.0,,0.0,
765,413,2517,0.9874460572773637,2549,13630,11.465494805946946,0.4857142857142857,5.588955354818609,6.941790109500289,4.523704696446657,0.0859839285356709,0.10060565376087376,0.07296297897494608,65.0,69.0,62.0,0.3939393939393939,0.4857142857142857,0.031746031746031744,11.465494805946946,0.08752286111409882,0.08752286111409882,3309.3525390625,0.0032637505792081356,0.02161198854446411,0,0.0,,0.0,,0.0,
833,454,2481,0.8531636863823934,2908,3172,5.535867354949005,0.0,2.5948341310722753,2.597267153498251,2.938600201450754,0.03992052509341962,0.03710381647854644,0.0473967774427541,65.0,70.0,62.0,0.06060606060606061,0.0,0.0,5.535867354949005,0.04193838905264398,0.04193838905264398,1931.49462890625,0.004814459010958672,0.025346552953124046,98,1.0,1.7664209785378613,0.0,1.4007836966508997,0.0,1.1324366823284193
916,496,2465,0.9095940959409594,2710,3122,12.92257429950405,0.0,1.818017399404198,3.8540333836572245,9.068540915846825,0.027969498452372277,0.05505761976653178,0.14626678896527137,65.0,70.0,62.0,0.045454545454545456,0.0,0.5079365079365079,12.92257429950405,0.09789829014775794,0.09789829014775794,1663.718017578125,-0.005160174332559109,0.029297707602381706,595,0.0,1.2624643529692172,1.0,2.9091462097000367,0.0,1.0774560585259645
269,148,2453,0.9927154997976527,2471,3927,3.648246695753187,0.0,3.0802973725367337,2.027201307937503,1.621045387815684,0.046671172311162634,0.029379729100543518,0.026574514554355475,66.0,69.0,61.0,0.014925373134328358,0.0,0.016129032258064516,3.648246695753187,0.02806343612117836,0.02806343612117836,1080.1495361328125,0.013175822794437408,0.04019192233681679,48,1.0,1.5009587024537732,0.0,0.9807323638189084,0.0,1.5104175981107097
756,410,2429,0.8986311505734369,2703,6930,97.75167006254196,1.0,35.92301586270332,53.42396283149719,44.32770723104477,0.552661782503128,0.7742603308912637,0.7149630198555608,65.0,69.0,62.0,0.9848484848484849,1.0,1.0,97.75167006254196,0.7461959546758928,0.7461959546758928,2022.736328125,0.028119906783103943,0.06354859471321106,91,1.0,1.7152442030806436,0.0,0.9530184927775929,0.0,1.2026353163685208
835,451,2401,1.0,2401,4578,25.508447390049696,0.30985915492957744,4.017929863737663,9.211297135800123,16.297150254249573,0.06181430559596405,0.1315899590828589,0.2628572621653157,65.0,70.0,62.0,0.0,0.30985915492957744,1.0,25.508447390049696,0.19324581356098255,0.19324581356098255,2725.85791015625,0.005229906179010868,0.029732737690210342,1007,0.9870903674280039,1.779778414297225,0.044687189672293945,1.210329862089219,0.0,1.1485487826492933
724,388,2383,0.9179506933744221,2596,8082,28.118566304445267,0.8428571428571429,3.697196532972157,10.74843454360962,17.370131760835648,0.056879946661110105,0.15577441367550174,0.28016341549734913,65.0,69.0,62.0,0.015151515151515152,0.8428571428571429,1.0,28.118566304445267,0.2146455443087425,0.2146455443087425,2211.6796875,-0.000807963777333498,0.02336302399635315,399,1.0,1.7492788599723437,0.0,1.0797191074451664,0.0,1.0524609447503461
840,457,2366,0.8510791366906475,2780,4009,18.214176006615162,0.2535211267605634,6.110093062510714,10.490531112998724,7.723644893616438,0.09400143173093406,0.14986473018569604,0.12457491763897481,65.0,70.0,62.0,0.25757575757575757,0.2535211267605634,0.0,18.214176006615162,0.13798618186829667,0.13798618186829667,1303.107666015625,0.006076009478420019,0.03772372007369995,1839,0.0,0.9585380892763123,1.0,5.3889412244039105,0.0,1.1046563204766946
223,133,2354,0.968724279835391,2430,3549,30.70491259067785,0.0,1.5531742861494422,0.2698180404258892,30.43509455025196,0.023894989017683724,0.0039104063829839015,0.4989359762336387,65.0,69.0,61.0,0.015151515151515152,0.0,1.0,30.70491259067785,0.23619163531290654,0.23619163531290654,1329.727783203125,-0.0009890042711049318,0.032398100942373276,7,1.0,1.9129464907832416,0.0,0.9508539166278105,0.0,1.1868235958077373
712,372,2351,1.0,2351,24831,20.64373991638422,0.9714285714285714,7.112601357512176,11.666261546313763,8.977478370070457,0.10942463626941809,0.16907625429440234,0.14479803822694287,65.0,69.0,62.0,0.4696969696969697,0.9714285714285714,0.9841269841269841,20.64373991638422,0.15758580088842916,0.15758580088842916,3052.9931640625,0.00010665168520063162,0.017525916919112206,587,1.0,2.0011241628826473,0.0,0.9530855155843668,0.0,1.3837856266616124
973,536,2322,0.7831365935919056,2965,2517,21.866278655827045,0.1267605633802817,6.345016648992896,11.809476137161255,10.05680251866579,0.09761564075373687,0.1687068019594465,0.162206492236545,65.0,70.0,62.0,0.030303030303030304,0.1267605633802817,0.015873015873015872,21.866278655827045,0.1656536261805079,0.1656536261805079,791.269775390625,2.0392704755067825e-05,0.05319695919752121,2698,1.0,1.980209000344328,0.0,0.9907864904200064,0.0,1.76764625145033
472,251,2307,0.9914052428018908,2327,3441,3.569709255476482,0.0,2.5806690882891417,0.9954880505101755,2.5742212049663067,0.039101046792259724,0.014427363050872109,0.04220034762239847,66.0,69.0,61.0,0.0,0.0,0.0,3.569709255476482,0.02745930196520371,0.02745930196520371,1645.3670654296875,-0.0030364140402525663,0.0533473901450634,0,0.0,,0.0,,0.0,
974,537,2302,0.8988676298320968,2561,3160,1.1397520049576997,0.0,1.1493443964864127,0.8522236082935706,0.2875283966641291,0.01768222148440635,0.012174622975622437,0.004637554784905308,65.0,70.0,62.0,0.15151515151515152,0.0,0.0,1.1397520049576997,0.00863448488604318,0.00863448488604318,8237.58984375,0.0011699208989739418,0.009281199425458908,420,1.0,1.5941220756527015,0.0,1.1560851235992557,0.0,0.9982982658022614
524,277,2295,1.0,2295,13630,25.974502496421337,0.8142857142857143,9.293721783906221,14.164476603269577,11.81002589315176,0.14081396642282154,0.20528226961260257,0.19048428859922192,66.0,69.0,62.0,0.43283582089552236,0.8142857142857143,0.9841269841269841,25.974502496421337,0.1982786450108499,0.1982786450108499,2533.591552734375,0.0012483005411922932,0.028573431074619293,0,0.0,,0.0,,0.0,
160,84,2273,0.8629460895975702,2634,3220,66.76754285395145,0.7323943661971831,13.79752216488123,19.48549009859562,47.282052755355835,0.21226957176740352,0.2783641442656517,0.7751156189402596,65.0,70.0,61.0,0.6515151515151515,0.7323943661971831,1.0,66.76754285395145,0.5096758996484844,0.5096758996484844,1407.589111328125,0.0058611007407307625,0.036261629313230515,983,0.026449643947100712,1.2157042046278723,0.9735503560528993,2.367233707290426,0.0,1.2572743423680883
401,222,2273,0.8732232039953899,2603,8011,15.990842636674643,0.02857142857142857,5.905223968904465,8.659349020570517,7.331493616104126,0.08947309043794645,0.12549781189232634,0.12018841993613322,66.0,69.0,61.0,0.208955223880597,0.02857142857142857,0.016129032258064516,15.990842636674643,0.12300648182057418,0.12300648182057418,3319.78955078125,-0.012550506740808487,0.04330182448029518,325,0.0,1.0333948371343074,1.0,2.342380879811847,0.0,1.2344846860110843
59,24,2269,1.0,2269,4457,17.887425841297954,0.0,3.0066133863292634,0.7258092327974737,17.16161660850048,0.04625559055891174,0.010368703325678194,0.2813379771885325,65.0,70.0,61.0,0.06060606060606061,0.0,0.5483870967741935,17.887425841297954,0.13654523542975538,0.13654523542975538,1307.9263916015625,-0.006470610853284597,0.03549260273575783,0,0.0,,0.0,,0.0,
529,287,2252,0.8459804658151766,2662,3295,7.9232119471998885,0.0,4.854935874172952,4.936598852742463,2.986613094457425,0.07469132114112234,0.07154491090931106,0.048171178942861693,65.0,69.0,62.0,0.030303030303030304,0.0,0.0,7.9232119471998885,0.06048253394809075,0.06048253394809075,1697.44091796875,-0.007642030715942383,0.05374304950237274,1123,1.0,1.8286112234448058,0.0,0.9851615103019461,0.0,1.2858496683330582
62,28,2249,0.9838145231846019,2286,7873,71.68525633215904,1.0,19.113014981150627,36.22396072745323,35.46129560470581,0.29404638432539426,0.5174851532493319,0.5813327148312428,65.0,70.0,61.0,0.9848484848484849,1.0,1.0,71.68525633215904,0.5472156971920538,0.5472156971920538,2814.51708984375,0.0017021131934598088,0.03853067383170128,0,0.0,,0.0,,0.0,
154,83,2244,0.7703398558187435,2913,3357,15.819107143906876,0.0,3.397306742379442,6.934989667264745,8.884117476642132,0.05226625757506834,0.09907128096092492,0.14564127010888742,65.0,70.0,61.0,0.0,0.0,0.016129032258064516,15.819107143906876,0.1207565430832586,0.1207565430832586,975.4003295898438,0.0031664229463785887,0.044368766248226166,2035,0.9960687960687961,1.781405571841204,0.0068796068796068794,1.5425763207286824,0.0,1.4348302755814615
179,93,2238,1.0,2238,4643,90.09086813032627,0.9,7.183724885806441,18.152641788125038,71.93822634220123,0.11051884439702217,0.2630817650452904,1.179315185937725,65.0,69.0,61.0,0.24242424242424243,0.9,1.0,90.09086813032627,0.6930066779255867,0.6930066779255867,738.8561401367188,0.00021595091675408185,0.036749646067619324,0,0.0,,0.0,,0.0,
781,425,2220,0.7278688524590164,3050,3126,0.07180306891677901,0.0,2.3501126375049353,0.07180306891677901,0.0,0.036155579038537465,0.0010406241871996958,0.0,65.0,69.0,62.0,0.06060606060606061,0.0,0.0,0.07180306891677901,0.0005481150298990764,0.0005481150298990764,1404.177001953125,-0.00519176758825779,0.03426392003893852,281,0.0,1.2146316659801502,1.0,2.514151021843729,0.0,1.4043861525848513
134,66,2214,0.8181818181818182,2706,3336,36.17930555343628,0.5915492957746479,4.616574881831184,15.283312112092972,20.895993441343307,0.07102422895124899,0.21833303017275674,0.34255726953021814,65.0,70.0,61.0,0.07575757575757576,0.5915492957746479,0.967741935483871,36.17930555343628,0.2761779049880632,0.2761779049880632,1611.4013671875,-0.001270080334506929,0.04009784013032913,268,1.0,1.7271238623289396,0.0,1.06416883601055,0.0,1.1686693762451905
191,109,2206,0.7898317221625493,2793,2521,6.191022438637447,0.04285714285714286,3.613241600804031,3.462756297085434,2.7282661415520124,0.055588332320062016,0.05018487387080339,0.04472567445167233,65.0,69.0,61.0,0.18181818181818182,0.04285714285714286,0.08064516129032258,6.191022438637447,0.04762324952798036,0.04762324952798036,2952.269287109375,0.006771146785467863,0.026400642469525337,0,0.0,,0.0,,0.0,
300,157,2205,0.9923492349234924,2222,7203,9.678975235205144,0.34285714285714286,4.7680403891718015,6.319207135122269,3.3597681000828743,0.07224303619957274,0.09158271210322129,0.05507816557512909,66.0,69.0,61.0,0.23880597014925373,0.34285714285714286,0.0,9.678975235205144,0.07445365565542418,0.07445365565542418,2328.986328125,-0.006298511289060116,0.02732481248676777,2722,0.7608376193975018,1.6508515828611798,0.13556208670095518,2.016013200568074,0.869581190301249,3.252360281405253
278,162,2196,1.0,2196,3093,64.0598826110363,1.0,2.3436301030305913,28.950179904699326,35.109702706336975,0.03550954701561502,0.41956782470578735,0.5755688968251963,66.0,69.0,61.0,0.0,1.0,1.0,64.0598826110363,0.4927683277772023,0.4927683277772023,3219.810546875,0.0008334991871379316,0.023708879947662354,0,0.0,,0.0,,0.0,
761,412,2194,1.0,2194,10933,44.90565836429596,1.0,12.203924119472504,23.274407625198364,21.631250739097595,0.18775267876111545,0.33731025543765747,0.348891140953187,65.0,69.0,62.0,0.9696969696969697,1.0,1.0,44.90565836429596,0.3427912852236333,0.3427912852236333,3025.07958984375,0.003744609886780381,0.0216854028403759,0,0.0,,0.0,,0.0,
542,290,2162,0.8970954356846473,2410,3121,12.80958004668355,0.2571428571428571,3.9566535907797515,6.753053478896618,6.056526567786932,0.06087159370430387,0.09787034027386403,0.09768591238366019,65.0,69.0,62.0,0.06060606060606061,0.2571428571428571,0.2222222222222222,12.80958004668355,0.09778305379147748,0.09778305379147748,5768.4970703125,-0.00033436212106607854,0.0227070190012455,18,1.0,1.755749805161727,0.0,0.8875927599207328,0.0,1.311770554949475
422,229,2140,1.0,2140,16680,11.589544842951,0.014285714285714285,5.105994449928403,6.565958398394287,5.023586444556713,0.07736355227164247,0.09515881736803314,0.08235387614027398,66.0,69.0,61.0,0.22388059701492538,0.014285714285714285,0.0,11.589544842951,0.08915034494577692,0.08915034494577692,2089.40283203125,-0.008294262923300266,0.03939134255051613,2341,0.9325074754378471,1.741290398474,0.0,1.0466954400033084,0.5993165313968389,2.5780828904954194
994,538,2128,0.7138544112713855,2981,5266,16.92385319620371,0.323943661971831,5.100554055534303,8.767351113259792,8.156502082943916,0.07847006239283544,0.12524787304656845,0.13155648520877283,65.0,70.0,62.0,0.25757575757575757,0.323943661971831,0.2857142857142857,16.92385319620371,0.1282110090621493,0.1282110090621493,2276.8193359375,0.006359499413520098,0.027922680601477623,1741,0.7581849511774842,1.663880168234164,0.376220562894888,2.0714639658883796,0.0,1.1963554026631888
955,527,2124,0.7993978170869401,2657,2450,7.819481269631069,0.08450704225352113,5.902968171227258,5.4893215040210634,2.3301597656100057,0.09081489494195781,0.07841887862887234,0.03758322202596783,65.0,70.0,62.0,0.21212121212121213,0.08450704225352113,0.0,7.819481269631069,0.05923849446690204,0.05923849446690204,1081.1026611328125,-0.0034474562853574753,0.03740889951586723,1514,0.2285336856010568,1.2635357852413622,0.0,1.0353556588604644,0.8262879788639366,2.4895269317471285
932,509,2115,0.9147923875432526,2312,4697,23.877404391765594,0.07042253521126761,7.240799473132938,10.369638457894325,13.50776593387127,0.11139691497127598,0.14813769225563322,0.21786719248179467,65.0,70.0,62.0,0.21212121212121213,0.07042253521126761,0.8253968253968254,23.877404391765594,0.1808894272103454,0.1808894272103454,1822.978515625,0.006387322209775448,0.03538011386990547,297,0.0,1.2268537094204262,1.0,2.7383937775684006,0.0,1.2362645715424991
292,171,2110,0.9630305796439982,2191,2975,3.576503485412104,0.0,2.7127905479137553,1.8610663360159378,1.7154371493961662,0.04110288708960235,0.026971975884288953,0.028121920481904365,66.0,69.0,61.0,0.014925373134328358,0.0,0.0,3.576503485412104,0.0275115652724008,0.0275115652724008,1928.5263671875,0.007988314144313335,0.027530523017048836,241,0.9087136929460581,1.594895905157032,0.0912863070539419,1.1725786727907026,0.0,1.1886096798203565
983,539,2109,0.9910714285714286,2128,3695,24.933072861284018,0.08450704225352113,5.5715309785009595,8.367638256400824,16.565434604883194,0.08571586120770706,0.11953768937715463,0.26718442911101925,65.0,70.0,62.0,0.30303030303030304,0.08450704225352113,0.9841269841269841,24.933072861284018,0.18888691561578802,0.18888691561578802,1202.01708984375,-0.007467096671462059,0.03296220675110817,463,0.7537796976241901,1.7975451895485663,0.24622030237580994,1.3652778502176066,0.0,1.124162798204869
133,64,2099,1.0,2099,3597,13.245073094614781,0.09859154929577464,5.08823789935559,5.012971497722901,8.23210159689188,0.07828058306700908,0.0716138785388986,0.13495248519494885,65.0,70.0,61.0,0.24242424242424243,0.09859154929577464,0.3064516129032258,13.245073094614781,0.10110742820316627,0.10110742820316627,963.4431762695312,0.004225817508995533,0.02962099388241768,513,0.0,1.1170404727087844,1.0,4.121847304476407,0.0,1.07795526983799
50,14,2083,0.9172170849845883,2271,2877,84.27235769480467,0.1267605633802817,4.265874681062996,9.237928979098797,75.03442871570587,0.06562884124712302,0.13197041398712567,1.2300726018968176,65.0,70.0,61.0,0.13636363636363635,0.1267605633802817,1.0,84.27235769480467,0.6433004404183562,0.6433004404183562,1386.228759765625,0.0048811836168169975,0.03598950430750847,160,1.0,2.151846255751604,0.0,0.8359360140112162,0.0,1.0518094139333436
950,520,2031,0.7716565349544073,2632,4118,9.457386082649464,0.0,3.5847608555923216,2.996762870490784,6.46062321215868,0.05515016700911264,0.04281089814986834,0.10420360019610773,65.0,70.0,62.0,0.21212121212121213,0.0,0.14285714285714285,9.457386082649464,0.07164686426249593,0.07164686426249593,1713.262939453125,0.004618246108293533,0.026250937953591347,0,0.0,,0.0,,0.0,
286,167,2017,0.8667812634293082,2327,4121,18.98411700129509,0.6857142857142857,2.462392076384276,5.125166818499565,13.858950182795525,0.03730897085430721,0.07427777997825456,0.2271959046359922,66.0,69.0,61.0,0.2835820895522388,0.6857142857142857,1.0,18.98411700129509,0.14603166924073147,0.14603166924073147,3085.99560546875,-0.002324555767700076,0.01423794124275446,0,0.0,,0.0,,0.0,
87,40,1994,1.0,1994,5019,108.31019854545593,1.0,35.019652277231216,54.518387854099274,53.79181069135666,0.5387638811881725,0.7788341122014182,0.8818329621533878,65.0,70.0,61.0,0.9848484848484849,1.0,1.0,108.31019854545593,0.8267954087439384,0.8267954087439384,1275.0750732421875,0.013398301787674427,0.054614342749118805,0,0.0,,0.0,,0.0,
530,285,1992,0.9050431621990005,2201,7758,14.2486501224339,0.5714285714285714,5.983648278750479,8.801031917333603,5.447618205100298,0.09205612736539198,0.12755118720773337,0.08786480975968222,65.0,69.0,62.0,0.36363636363636365,0.5714285714285714,0.031746031746031744,14.2486501224339,0.10876832154529695,0.10876832154529695,6783.056640625,-0.00265090586617589,0.02493249624967575,0,0.0,,0.0,,0.0,
667,356,1992,0.8327759197324415,2392,2968,0.9061519335882622,0.0,0.6374791427515447,0.23880006442050217,0.66735186916776,0.009807371426946841,0.0034608704988478576,0.010763739825286452,65.0,69.0,62.0,0.0,0.0,0.0,0.9061519335882622,0.006917190332734826,0.006917190332734826,3952.456787109375,-0.05527534335851669,0.22069823741912842,0,0.0,,0.0,,0.0,
834,455,1990,0.7975951903807615,2495,2449,4.122792878188193,0.0,2.208158791414462,0.5696137216873467,3.553179156500846,0.033971673714068645,0.00813733888124781,0.05730934123388461,65.0,70.0,62.0,0.06060606060606061,0.0,0.06349206349206349,4.122792878188193,0.031233279380213582,0.031233279380213582,2064.294677734375,0.002943561412394047,0.02134004607796669,1017,1.0,1.8306377225622223,0.0,0.9391733142393536,0.0,1.0892588185367178
308,173,1988,0.9730788056779246,2043,4841,67.29687239928171,0.0,5.620346473966492,5.236935756634921,62.05993664264679,0.08515676475706807,0.07589761966137566,1.0173760105351932,66.0,69.0,61.0,0.029850746268656716,0.0,1.0,67.29687239928171,0.5176682492252439,0.5176682492252439,845.5077514648438,0.00877346657216549,0.040931835770606995,0,0.0,,0.0,,0.0,
202,120,1982,0.8613646240764885,2301,2339,24.249674901599064,0.0,0.6378758151549846,0.6153396817389876,23.634335219860077,0.009813474079307456,0.008917966402014312,0.3874481183583619,65.0,69.0,61.0,0.0,0.0,1.0,24.249674901599064,0.18653596078153126,0.18653596078153126,2586.438232421875,-0.002433185465633869,0.028182880952954292,0,0.0,,0.0,,0.0,
285,166,1973,1.0,1973,3791,20.740431828424335,0.0,1.0188890418794472,4.531541412696242,16.208890415728092,0.0154377127557492,0.06567451322748177,0.2657195150119359,66.0,69.0,61.0,0.0,0.0,0.3064516129032258,20.740431828424335,0.1595417832955718,0.1595417832955718,1592.003173828125,0.0006687334389425814,0.04282130300998688,17,0.0,0.977025151675044,1.0,2.556657716508849,0.0,1.0931493003795072
654,350,1967,0.9934343434343434,1980,4546,1.517337584431516,0.0,3.8926818396430463,0.6568187393713742,0.8605188450601418,0.05988741291758533,0.009519112164802526,0.013879336210647448,65.0,69.0,62.0,0.0,0.0,0.0,1.517337584431516,0.011582729652148977,0.011582729652148977,1775.4161376953125,-0.047230616211891174,0.16909384727478027,1138,0.025483304042179262,1.1285974766423255,0.9745166959578208,2.365701856165063,0.0,1.0591741354528617
143,69,1942,1.0,1942,7962,36.11116133630276,0.971830985915493,17.387190349400043,20.157632246613503,15.953529089689255,0.26749523614461607,0.28796617495162147,0.2615332637653976,65.0,70.0,61.0,0.8333333333333334,0.971830985915493,1.0,36.11116133630276,0.2756577201244485,0.2756577201244485,2624.8603515625,0.01431440468877554,0.03757382556796074,0,0.0,,0.0,,0.0,
51,18,1939,1.0,1939,3515,37.3151910752058,0.07042253521126761,3.8608394308539573,10.122934609651566,27.192256465554237,0.0593975297054455,0.14461335156645094,0.44577469615662685,65.0,70.0,61.0,0.045454545454545456,0.07042253521126761,0.5161290322580645,37.3151910752058,0.2848487868336321,0.2848487868336321,1390.388671875,-0.0037812828086316586,0.045311339199543,1286,1.0,1.748600399972335,0.0,0.8764355265698551,0.0,1.1035104593173266
355,205,1932,0.739946380697051,2611,4680,54.72454884648323,1.0,17.600804544985294,28.718524873256683,26.006023973226547,0.26667885674220143,0.41621050540951715,0.4263282618561729,66.0,69.0,61.0,0.5522388059701493,1.0,1.0,54.72454884648323,0.420958068049871,0.420958068049871,2217.5458984375,0.008922167122364044,0.048014745116233826,738,0.3346883468834688,1.2091624853310867,0.6653116531165312,1.8523201515572674,0.0,1.1396904347565777
475,254,1929,0.9703219315895373,1988,10304,55.88597071170807,1.0,14.562893442809582,28.712574005126953,27.173396706581116,0.22064990064863002,0.4161242609438689,0.4454655197800183,66.0,69.0,61.0,0.9850746268656716,1.0,1.0,55.88597071170807,0.4298920823977544,0.4298920823977544,2875.43701171875,0.003526612650603056,0.02581227757036686,0,0.0,,0.0,,0.0,
729,386,1925,0.9322033898305084,2065,3575,106.26353681087494,1.0,22.759284988045692,54.017645835876465,52.245890974998474,0.3501428459699337,0.7828644324040067,0.8426756608870721,65.0,69.0,62.0,1.0,1.0,1.0,106.26353681087494,0.8111720367242362,0.8111720367242362,1548.14794921875,0.003720191540196538,0.02823430858552456,1071,1.0,2.0715063422377256,0.0,1.021601992045221,0.0,1.417619321730773
459,244,1919,1.0,1919,9940,53.4552658200264,1.0,12.421153202652931,27.284192085266113,26.171073734760284,0.18819929094928683,0.3954230736995089,0.42903399565180794,66.0,69.0,61.0,0.9850746268656716,1.0,1.0,53.4552658200264,0.4111943524617415,0.4111943524617415,2224.583251953125,0.006590603850781918,0.026971207931637764,454,1.0,1.8835515588476897,0.0,0.919727487305709,0.0,1.105057064606157
172,89,1911,1.0,1911,3660,6.088000877178274,0.0,2.0922036306001246,1.84121594496537,4.246784932212904,0.03218774816307884,0.02668428905746913,0.06961942511824433,65.0,69.0,61.0,0.045454545454545456,0.0,0.06451612903225806,6.088000877178274,0.046830775978294416,0.046830775978294416,1171.29833984375,-0.011457978747785091,0.038244206458330154,4,0.0,0.9977265341699523,1.0,2.194613444029463,0.0,1.2984454161149643
208,115,1899,1.0,1899,5288,11.919238190166652,0.08571428571428572,3.7512393347351463,8.217358507215977,3.7018796829506755,0.05771137438054071,0.11909215227849242,0.06068655217951927,65.0,69.0,61.0,0.09090909090909091,0.08571428571428572,0.016129032258064516,11.919238190166652,0.09168644761666656,0.09168644761666656,799.5280151367188,-0.00994989275932312,0.04071657732129097,994,0.0,1.4120586868241636,1.0,2.5292351027464313,0.0,1.1877008242447127
546,288,1899,1.0,1899,4576,29.2664892077446,0.9714285714285714,5.272041963180527,15.310519993305206,13.955969214439392,0.08110833789508504,0.22189159410587256,0.22509627765224827,65.0,69.0,62.0,0.3333333333333333,0.9714285714285714,0.9682539682539683,29.2664892077446,0.22340831456293586,0.22340831456293586,1526.37939453125,-0.006062854081392288,0.026960464194417,844,1.0,1.6673276674896926,0.0,1.0579494921677557,0.0,1.2071531661402284
622,315,1897,0.9155405405405406,2072,15507,32.13320308923721,0.8571428571428571,11.04218419874087,16.97029212117195,15.162910968065262,0.1698797569037057,0.24594626262568045,0.24456308013008488,65.0,69.0,62.0,0.4393939393939394,0.8571428571428571,1.0,32.13320308923721,0.24529162663539858,0.24529162663539858,2555.280029296875,0.010524565353989601,0.034805621951818466,0,0.0,,0.0,,0.0,
204,121,1892,0.9978902953586498,1896,5132,38.8679568618536,0.7714285714285715,2.7063510273583233,10.863727897405624,28.004228964447975,0.04163616965166651,0.15744533184645831,0.45908572072865533,65.0,69.0,61.0,0.06060606060606061,0.7714285714285715,1.0,38.8679568618536,0.29898428355272,0.29898428355272,2071.723388671875,0.0054139927960932255,0.026931269094347954,740,0.05405405405405406,1.0953859674054565,0.0,1.0909794224716165,0.9459459459459459,2.433731242787013
71,33,1888,1.0,1888,3335,15.164477235171944,0.3380281690140845,2.6802481142804027,5.463181393221021,9.701295841950923,0.04123458637354466,0.07804544847458601,0.15903763675329383,65.0,70.0,61.0,0.18181818181818182,0.3380281690140845,0.27419354838709675,15.164477235171944,0.11575936820741942,0.11575936820741942,1376.6353759765625,0.0024870261549949646,0.023718221113085747,1232,0.0,0.8562967136229497,1.0,2.621890328987007,0.0,1.0913527046453753
931,511,1887,0.9676923076923077,1950,4142,0.708682238124311,0.0,2.6785084849689156,0.3068746109493077,0.4018076271750033,0.041207822845675625,0.004383923013561539,0.0064807681802419885,65.0,70.0,62.0,0.09090909090909091,0.0,0.0,0.708682238124311,0.0053688048342750835,0.0053688048342750835,893.533935546875,0.0031580356881022453,0.029402395710349083,0,0.0,,0.0,,0.0,
234,138,1879,0.8343694493783304,2252,3405,15.025241235038266,0.0,2.9571436787955463,1.4512433053459972,13.573997929692268,0.04480520725447797,0.02103251167168112,0.2225245562244634,66.0,69.0,61.0,0.1791044776119403,0.0,0.46774193548387094,15.025241235038266,0.11557877873106358,0.11557877873106358,1326.0411376953125,0.005613717250525951,0.02360033057630062,312,1.0,1.9558198020447897,0.0,0.9459158506138259,0.0,1.3943821160929353
918,501,1870,0.975991649269311,1916,2687,0.7084528393170331,0.0,3.5773182213306427,0.6650577864202205,0.04339505289681256,0.05503566494354835,0.009500825520288865,0.0006999202080131058,65.0,70.0,62.0,0.030303030303030304,0.0,0.0,0.7084528393170331,0.005367066964522978,0.005367066964522978,866.136962890625,-0.004592848010361195,0.04636760801076889,52,0.0,0.9406580350435835,1.0,2.596844591008766,0.0,1.066040832601365
281,165,1864,0.9973247726056714,1869,3675,49.39084293693304,0.05714285714285714,3.63180557790929,6.769664786756039,42.621178150177,0.05502735724104985,0.09811108386602954,0.6987078385274919,66.0,69.0,61.0,0.014925373134328358,0.05714285714285714,1.0,49.39084293693304,0.3799295610533311,0.3799295610533311,1911.299560546875,0.004278643988072872,0.031169723719358444,0,0.0,,0.0,,0.0,
791,430,1830,0.7840616966580977,2334,2538,10.892026394139975,0.0,3.4939312028727727,4.957891080062836,5.934135314077139,0.053752787736504194,0.07185349391395415,0.09571185990446998,65.0,69.0,62.0,0.030303030303030304,0.0,0.0,10.892026394139975,0.08314523964992347,0.08314523964992347,2006.2200927734375,-0.000658595934510231,0.04094449803233147,371,0.0,1.1761934794227034,1.0,3.0184166612566576,0.0,1.0979738368176704
77,31,1819,0.9523560209424083,1910,2855,35.24972809385508,0.0,3.870568028651178,3.441102589480579,31.808625504374504,0.05954720044078735,0.04915860842115113,0.5214528771208935,65.0,70.0,61.0,0.13636363636363635,0.0,0.9032258064516129,35.24972809385508,0.269081893846222,0.269081893846222,929.56884765625,0.002941644750535488,0.037447232753038406,0,0.0,,0.0,,0.0,
173,86,1812,0.8125560538116592,2230,3774,1.8970675392483827,0.0,3.050380695203785,1.0847640229330864,0.8123035163152963,0.04692893377236592,0.015496628899044091,0.013316451087136005,65.0,70.0,61.0,0.09090909090909091,0.0,0.0,1.8970675392483827,0.014481431597315898,0.014481431597315898,1676.4605712890625,0.0036408957093954086,0.03318598493933678,27,1.0,1.6852989092063295,0.0,1.0745687216296336,0.0,1.2442776801553774
354,192,1811,1.0,1811,5967,123.8169333934784,1.0,19.612707555294037,52.8417928814888,70.9751405119896,0.2971622356862733,0.7658230852389681,1.1635268936391736,66.0,69.0,61.0,0.746268656716418,1.0,1.0,123.8169333934784,0.952437949180603,0.952437949180603,789.1982421875,0.009004088118672371,0.04731184244155884,784,1.0,1.6391065311121824,0.0,1.4039951921616491,0.0,1.1683496629851366
936,516,1808,0.8532326569136385,2119,2298,2.3530635352944955,0.0,5.118830593302846,1.856775023159571,0.49628851213492453,0.07875123989696686,0.026525357473708155,0.008004653421531041,65.0,70.0,62.0,0.045454545454545456,0.0,0.0,2.3530635352944955,0.01782623890374618,0.01782623890374618,1588.57861328125,-0.002981233410537243,0.04651804640889168,315,0.49523809523809526,1.495521622473875,0.6634920634920635,2.393661472346084,0.0,1.168293598793272
738,401,1801,0.752297410192147,2394,2389,8.450437333900481,0.17142857142857143,4.3974341014400125,5.571490021888167,2.878947312012315,0.06765283232984634,0.08074623220127777,0.04643463406471476,65.0,69.0,62.0,0.18181818181818182,0.17142857142857143,0.0,8.450437333900481,0.06450715522061436,0.06450715522061436,2546.3701171875,-0.0014211985981091857,0.027757924050092697,0,0.0,,0.0,,0.0,
790,426,1795,1.0,1795,10086,22.31939286366105,0.352112676056338,4.712448041653261,9.51019736006856,12.809195503592491,0.0724992006408194,0.1358599622866937,0.20659992747729825,65.0,70.0,62.0,0.18181818181818182,0.352112676056338,0.9841269841269841,22.31939286366105,0.1690863095731898,0.1690863095731898,1239.739990234375,0.0017275215359404683,0.030179305002093315,0,0.0,,0.0,,0.0,
613,316,1791,1.0,1791,10360,12.966196216642857,0.7285714285714285,5.047392247244716,6.858332455158234,6.107863761484623,0.07765218841914948,0.09939612253852513,0.09851393163684875,65.0,69.0,62.0,0.4696969696969697,0.7285714285714285,0.9206349206349206,12.966196216642857,0.09897859707360959,0.09897859707360959,6549.43359375,0.0016497879987582564,0.01580771803855896,0,0.0,,0.0,,0.0,
736,389,1776,1.0,1776,11872,51.85772556066513,0.7,21.78753000497818,29.112995117902756,22.744730442762375,0.33519276930735664,0.42192746547685156,0.3668504910122964,65.0,69.0,62.0,0.3939393939393939,0.7,0.5396825396825397,51.85772556066513,0.3958605004630926,0.3958605004630926,2391.35888671875,0.024215281009674072,0.06820300966501236,114,1.0,1.4939671167177546,0.0,1.3140668237626734,0.0,1.3165704959355167
376,203,1775,0.9322478991596639,1904,4418,26.917064517736435,0.7571428571428571,8.847286513075233,14.293179646134377,12.623884871602058,0.13404979565265504,0.20714753110339676,0.20694893232134523,66.0,69.0,61.0,0.3582089552238806,0.7571428571428571,0.9354838709677419,26.917064517736435,0.20705434244412643,0.20705434244412643,3243.862548828125,0.0031780842691659927,0.03392019495368004,0,0.0,,0.0,,0.0,
865,456,1773,1.0,1773,5554,31.856357023119926,0.647887323943662,8.809881356632104,15.991914182901382,15.864442840218544,0.13553663625587853,0.22845591689859118,0.2558781103261055,65.0,70.0,62.0,0.3787878787878788,0.647887323943662,0.7936507936507936,31.856357023119926,0.24133603805393883,0.24133603805393883,413.2950134277344,-0.0016265863087028265,0.040639594197273254,590,0.0,1.2047313815760754,1.0,2.946987396172737,0.0,1.411943402228958
439,248,1771,0.9609332609875203,1843,4166,1.710141098126769,0.0,1.534978050738573,1.6547343153506517,0.055406782776117325,0.023257243193008682,0.023981656744212345,0.000908307914362579,66.0,69.0,61.0,0.0,0.0,0.0,1.710141098126769,0.013154931524052069,0.013154931524052069,2200.80810546875,-0.007140703033655882,0.0228130966424942,150,1.0,1.807386056473788,0.0,1.1038500097321522,0.0,1.2778420326240403
693,382,1771,0.8009950248756219,2211,5063,31.692909866571426,1.0,9.739874636754394,15.887148976325989,15.805760890245438,0.14984422518083682,0.23024853588878244,0.2549316272620232,65.0,69.0,62.0,0.45454545454545453,1.0,1.0,31.692909866571426,0.24193060966848418,0.24193060966848418,6170.08984375,0.003954353276640177,0.027959981933236122,0,0.0,,0.0,,0.0,
896,483,1769,0.7448421052631579,2375,1873,17.801638692617416,0.07042253521126761,3.163485524710268,8.746476002037525,9.055162690579891,0.04866900807246566,0.12494965717196464,0.14605101113838534,65.0,70.0,62.0,0.0,0.07042253521126761,0.14285714285714285,17.801638692617416,0.13486089918649558,0.13486089918649558,2224.9189453125,5.347980186343193e-05,0.03626975044608116,11,0.0,1.1599510054264675,1.0,2.453704600048733,0.0,1.2261486492497904
63,22,1749,1.0,1749,3732,78.58438814803958,0.352112676056338,5.54392305854708,12.471614371985197,66.11277377605438,0.08529112397764738,0.17816591959978853,1.0838159635418751,65.0,70.0,61.0,0.030303030303030304,0.352112676056338,1.0,78.58438814803958,0.5998808255575541,0.5998808255575541,1014.7330932617188,0.007329237647354603,0.041977886110544205,656,1.0,1.7029139973192042,0.0,1.1770302362346436,0.0,1.3176311772489504
38,4,1745,1.0,1745,4884,62.20827367436141,0.0,1.4587577898055315,0.09340241085737944,62.11487126350403,0.022442427535469715,0.0013343201551054204,1.0182765780902299,65.0,70.0,61.0,0.0,0.0,1.0,62.20827367436141,0.4748723181248962,0.4748723181248962,1249.997802734375,-0.0013302299194037914,0.030956460162997246,172,1.0,1.684510281415176,0.0,0.8149018348889884,0.0,1.1665731931997945
975,533,1739,0.8596144340088977,2023,2094,13.268547641811892,0.028169014084507043,7.291325463913381,5.9057019639294595,7.362845677882433,0.1121742379063597,0.08436717091327799,0.11875557544971665,65.0,70.0,62.0,0.22727272727272727,0.028169014084507043,0.015873015873015872,13.268547641811892,0.10051930031675677,0.10051930031675677,761.5145263671875,-0.0031818030402064323,0.04627273231744766,470,0.8340425531914893,1.9035489641268357,0.0,1.067786598399827,0.4297872340425532,2.091231963390946
612,327,1738,0.9764044943820225,1780,2291,0.4760389802977443,0.0,3.8834132812044118,0.46039968077093363,0.015639299526810646,0.0597448197108371,0.006672459141607734,0.000252246766561462,65.0,69.0,62.0,0.06060606060606061,0.0,0.0,0.4760389802977443,0.0036338853457843073,0.0036338853457843073,1457.4552001953125,-0.004373777192085981,0.03980979323387146,21,1.0,1.5425544514837763,0.0,1.0609747014912971,0.0,1.328815139579843
498,275,1730,0.7899543378995434,2190,2097,1.0299626091000391,0.0,0.5125393068883568,0.8627668760163942,0.16719573308364488,0.007765747074066012,0.012503867768353539,0.0027409136571089326,66.0,69.0,61.0,0.0,0.0,0.0,1.0299626091000391,0.007922789300769532,0.007922789300769532,2476.255126953125,-0.01069989800453186,0.03552854433655739,1078,0.11688311688311688,1.4885337876638218,0.0,1.0262788773701288,0.9591836734693877,2.34002549921111
923,503,1730,0.7450473729543498,2322,3705,4.452169301919639,0.4084507042253521,5.371381739620119,4.452169301919639,0.0,0.08263664214800183,0.06360241859885199,0.0,65.0,70.0,62.0,0.4090909090909091,0.4084507042253521,0.0,4.452169301919639,0.033728555317573024,0.033728555317573024,2847.0654296875,-0.003524560248479247,0.01932334154844284,29,0.5862068965517241,1.359915878316638,0.41379310344827586,1.525432101276542,0.0,1.2333692729002923
492,255,1728,0.9913941480206541,1743,3987,9.015410852967761,0.0,0.977379908435978,2.4477808059891686,6.567630046978593,0.014808786491454212,0.03547508414477056,0.10766606634391136,66.0,69.0,61.0,0.0,0.0,0.14516129032258066,9.015410852967761,0.06934931425359817,0.06934931425359817,3004.848876953125,-0.004669626709073782,0.033742763102054596,0,0.0,,0.0,,0.0,
470,263,1718,0.7690241718889884,2234,2592,16.02729569375515,0.12857142857142856,3.0505618969909847,7.544401593506336,8.482894100248814,0.046220634802893706,0.10933915352907733,0.13906383770899694,66.0,69.0,61.0,0.029850746268656716,0.12857142857142856,0.3870967741935484,16.02729569375515,0.12328688995196269,0.12328688995196269,2400.405517578125,-0.0009143490460701287,0.03172530606389046,231,1.0,1.9421958016597716,0.0,0.9508443355961634,0.0,1.2092311439664218
375,209,1717,0.9656917885264342,1778,4077,16.728723466396332,0.04285714285714286,4.3328043119981885,8.384993202984333,8.343730263411999,0.06564855018179074,0.12152164062296135,0.13678246333462293,66.0,69.0,61.0,0.07462686567164178,0.04285714285714286,0.04838709677419355,16.728723466396332,0.1286824882030487,0.1286824882030487,2114.01123046875,-0.007832206785678864,0.04074553772807121,38,1.0,1.86536254002461,0.0,0.969091126718868,0.0,1.345479099349938
825,446,1716,0.9783352337514253,1754,3026,2.530036882395507,0.014084507042253521,1.5421900521032512,1.0185267820488662,1.5115101003466407,0.02372600080158848,0.014550382600698087,0.0243791951668813,65.0,70.0,62.0,0.16666666666666666,0.014084507042253521,0.031746031746031744,2.530036882395507,0.01916694607875384,0.01916694607875384,2887.07958984375,0.0006457509007304907,0.014827589504420757,0,0.0,,0.0,,0.0,
570,295,1709,1.0,1709,5126,14.388578376267105,0.1,2.240733291953802,6.5780069516040385,7.810571424663067,0.03447281987621234,0.09533343408121794,0.12597695846230753,65.0,69.0,62.0,0.015151515151515152,0.1,0.14285714285714285,14.388578376267105,0.10983647615471073,0.10983647615471073,986.2965087890625,-0.009031925350427628,0.036414943635463715,0,0.0,,0.0,,0.0,
872,471,1699,1.0,1699,4543,94.502012103796,1.0,14.84403970837593,42.03833094239235,52.463681161403656,0.22836984166732202,0.6005475848913193,0.8461884058290913,65.0,70.0,62.0,1.0,1.0,1.0,94.502012103796,0.7159243341196667,0.7159243341196667,2578.2119140625,-0.003668188815936446,0.03232116624712944,0,0.0,,0.0,,0.0,
700,379,1689,1.0,1689,5954,101.92504608631134,1.0,23.32015609741211,54.52582937479019,47.39921671152115,0.3587716322678786,0.7902294112288434,0.7645034953471153,65.0,69.0,62.0,1.0,1.0,1.0,101.92504608631134,0.7780537869184072,0.7780537869184072,2311.312255859375,-0.0019762120209634304,0.02968803606927395,0,0.0,,0.0,,0.0,
414,224,1683,1.0,1683,8850,13.516061954200268,0.05714285714285714,4.572295701596886,7.623665750026703,5.892396204173565,0.06927720759995282,0.11048790942067685,0.09659665908481253,66.0,69.0,61.0,0.11940298507462686,0.05714285714285714,0.0,13.516061954200268,0.10396970734000206,0.10396970734000206,2223.177001953125,-0.010481907986104488,0.036933984607458115,7,0.0,0.9301139379729878,1.0,1.4619097375644339,0.0,0.9222175097380498
820,448,1679,0.8850817079599368,1897,2473,4.423697338672355,0.0,4.502661728300154,1.7728220166172832,2.6508753220550716,0.06927171889692545,0.025326028808818332,0.042756053581533414,65.0,70.0,62.0,0.10606060606060606,0.0,0.0,4.423697338672355,0.033512858626305715,0.033512858626305715,1166.66943359375,0.012073625810444355,0.04683137685060501,1093,0.08600182982616651,1.1673592290341968,0.959743824336688,3.112573390862545,0.0,1.225762284493168
913,485,1678,1.0,1678,3403,15.317436798941344,0.36619718309859156,7.788332642521709,9.45085758715868,5.866579211782664,0.11982050219264168,0.135012251245124,0.09462224535133329,65.0,70.0,62.0,0.30303030303030304,0.36619718309859156,0.06349206349206349,15.317436798941344,0.11604118787076775,0.11604118787076775,504.5120544433594,-0.0019337101839482784,0.035691358149051666,0,0.0,,0.0,,0.0,
629,343,1672,0.865424430641822,1932,3177,0.00822345819324255,0.0,0.13317798567004502,0.0,0.00822345819324255,0.0020488920872314617,0.0,0.00013263642247165404,65.0,69.0,62.0,0.0,0.0,0.0,0.00822345819324255,6.27744900247523e-05,6.27744900247523e-05,2176.569091796875,0.0063536507077515125,0.033034633845090866,0,0.0,,0.0,,0.0,
649,333,1668,0.7374005305039788,2262,5726,74.21418488025665,1.0,26.39690414071083,39.246506214141846,34.96767866611481,0.4061062175493974,0.5687899451324905,0.5639948171954001,65.0,69.0,62.0,0.9848484848484849,1.0,1.0,74.21418488025665,0.5665204952691347,0.5665204952691347,3736.65283203125,0.012933813035488129,0.05735519155859947,0,0.0,,0.0,,0.0,
998,551,1668,0.8606811145510835,1938,2701,63.08734104037285,0.971830985915493,13.85053625702858,31.325942277908325,31.761398762464523,0.21308517318505507,0.4475134611129761,0.5122806252010407,65.0,70.0,62.0,0.3939393939393939,0.971830985915493,1.0,63.08734104037285,0.47793440182100644,0.47793440182100644,1761.468017578125,-0.001653284765779972,0.046072233468294144,327,0.1834862385321101,1.3146410469338854,0.8318042813455657,2.230966358508523,0.0,1.2992641867312573
391,216,1667,0.9777126099706744,1705,3366,28.143170900642872,0.08571428571428572,5.510287174023688,12.06628953665495,16.076881363987923,0.08348919960641951,0.17487376140079636,0.26355543219652333,66.0,69.0,61.0,0.13432835820895522,0.08571428571428572,0.6451612903225806,28.143170900642872,0.21648593000494518,0.21648593000494518,954.7079467773438,-0.00529791135340929,0.04755900800228119,0,0.0,,0.0,,0.0,
777,423,1658,0.9399092970521542,1764,2455,11.454145632102154,0.014285714285714285,2.3502531540580094,2.539943150593899,8.914202481508255,0.036157740831661685,0.03681077029846231,0.1437774593791654,65.0,69.0,62.0,0.045454545454545456,0.014285714285714285,0.7301587301587301,11.454145632102154,0.08743622619925309,0.08743622619925309,2242.9365234375,0.0018350249156355858,0.02395092509686947,517,1.0,1.6773123586613992,0.0,0.9400329058265643,0.0,1.539744126766068
324,196,1650,0.7688723205964585,2146,1709,18.313481256365776,0.3,5.83393599325791,10.411609165370464,7.901872090995312,0.08839296959481682,0.1508928864546444,0.12953888673762806,66.0,69.0,61.0,0.13432835820895522,0.3,0.06451612903225806,18.313481256365776,0.14087293274127521,0.14087293274127521,4254.63330078125,0.002067882800474763,0.03693621605634689,1057,1.0,1.6773926701006292,0.0,1.2661563884882465,0.0,1.2740534762175575
420,233,1649,1.0,1649,6817,13.395179910585284,0.02857142857142857,4.54241445986554,7.924948649480939,5.470231261104345,0.06882446151311425,0.11485432825334695,0.08967592231318598,66.0,69.0,61.0,0.08955223880597014,0.02857142857142857,0.0,13.395179910585284,0.10303984546604064,0.10303984546604064,3922.52685546875,-0.0053353458642959595,0.03872138634324074,0,0.0,,0.0,,0.0,
298,177,1648,0.8985823336968375,1834,1750,5.611120022716932,0.0,3.7714460033457726,2.1496165714925155,3.4615034512244165,0.05714312126281473,0.031153863354963993,0.056745958216793714,66.0,69.0,61.0,0.08955223880597014,0.0,0.0,5.611120022716932,0.043162461713207166,0.043162461713207166,1567.3194580078125,-0.007257948163896799,0.04486256465315819,882,0.25396825396825395,1.3740655515788973,0.8492063492063492,2.461164003485407,0.0,1.1968261461502685
482,253,1646,0.9268018018018018,1776,3199,0.040826307609677315,0.0,1.0833093721885234,0.0,0.040826307609677315,0.016413778366492777,0.0,0.0006692837313061855,66.0,69.0,61.0,0.029850746268656716,0.0,0.0,0.040826307609677315,0.0003140485200744409,0.0003140485200744409,2973.576416015625,-0.007287151645869017,0.019839471206068993,618,0.8867313915857605,1.713871849892659,0.11326860841423948,1.1171210468856438,0.0,1.3024758597562456
368,210,1642,0.8420512820512821,1950,1886,15.364165551494807,0.014285714285714285,4.85825310763903,5.388482264708728,9.97568328678608,0.07360989557028833,0.07809394586534388,0.16353579158665704,66.0,69.0,61.0,0.1044776119402985,0.014285714285714285,0.1774193548387097,15.364165551494807,0.11818588885765235,0.11818588885765235,2121.66015625,-0.007849212735891342,0.04594465345144272,449,0.062360801781737196,1.1108159707194787,0.9665924276169265,2.6188102827088793,0.0,1.1706426606083868
83,39,1638,0.9635294117647059,1700,12026,23.352500073611736,0.9154929577464789,8.351386689580977,13.238969035446644,10.113531038165092,0.12848287214739965,0.1891281290778092,0.1657955907895917,65.0,70.0,61.0,0.48484848484848486,0.9154929577464789,1.0,23.352500073611736,0.1782633593405476,0.1782633593405476,3197.38330078125,0.002593215322121978,0.024463072419166565,0,0.0,,0.0,,0.0,
206,119,1637,0.7881559942224362,2077,1864,29.109369366575265,0.0,1.1036898279562593,0.6183480612526182,28.491021305322647,0.016979843507019372,0.008961566105110409,0.4670659230380762,65.0,69.0,61.0,0.0,0.0,0.43548387096774194,29.109369366575265,0.2239182258967328,0.2239182258967328,1048.6239013671875,-0.006730373948812485,0.049124740064144135,0,0.0,,0.0,,0.0,
526,274,1621,0.9132394366197183,1775,13640,9.010137263685465,0.17142857142857143,4.163232668965065,5.256555378437042,3.7535818852484226,0.06307928286310704,0.07618196200633394,0.06054164331045843,66.0,69.0,62.0,0.26865671641791045,0.17142857142857143,0.0,9.010137263685465,0.06877967376859133,0.06877967376859133,3889.47265625,-0.0008166800253093243,0.022610602900385857,867,0.3460207612456747,1.401312543578746,0.0,1.1361621291359978,0.7047289504036909,2.156184105520904
81,30,1617,0.8158425832492432,1982,7700,11.6390712732682,0.2676056338028169,2.7933324716286734,3.5227404410252348,8.116330832242966,0.04297434571736421,0.05032486344321764,0.13305460380726172,65.0,70.0,61.0,0.22727272727272727,0.2676056338028169,1.0,11.6390712732682,0.08884787231502443,0.08884787231502443,5149.9609375,0.000748473044950515,0.015398419462144375,0,0.0,,0.0,,0.0,
455,249,1613,0.8936288088642659,1805,2136,2.0625117326853797,0.0,1.156181112746708,1.7575475027551875,0.30496422993019223,0.017517895647677396,0.02547170293848098,0.004999413605412987,66.0,69.0,61.0,0.0,0.0,0.0,2.0625117326853797,0.015865474866810614,0.015865474866810614,2131.299072265625,-0.010484488680958748,0.04045694321393967,735,0.0,0.9289597050774117,1.0,4.022286395917353,0.0,1.0921733823257438
104,48,1612,0.9415887850467289,1712,1887,13.567603858187795,0.36619718309859156,5.413635326141957,8.866445882245898,4.701157975941896,0.08328669732526088,0.12666351260351283,0.07706816354003108,65.0,70.0,61.0,0.2727272727272727,0.36619718309859156,0.06451612903225806,13.567603858187795,0.10356949510067019,0.10356949510067019,4062.87548828125,0.007058863993734121,0.028212355449795723,0,0.0,,0.0,,0.0,
123,67,1606,0.7034603591765222,2283,2158,22.40683016180992,0.0,12.125372029840946,12.2165058106184,10.19032435119152,0.1865441850744761,0.17452151158026286,0.16705449756051674,65.0,70.0,61.0,0.07575757575757576,0.0,0.0,22.40683016180992,0.17104450505198412,0.17104450505198412,6916.6044921875,-0.007098079193383455,0.04951762408018112,0,0.0,,0.0,,0.0,
441,235,1600,1.0,1600,10399,14.291070684790611,0.04285714285714286,5.512835478410125,8.345278579741716,5.945792105048895,0.08352781027894128,0.12094606637306836,0.09747200172211302,66.0,69.0,61.0,0.11940298507462686,0.04285714285714286,0.0,14.291070684790611,0.10993131295992778,0.10993131295992778,2268.6904296875,-0.008210483938455582,0.043260492384433746,41,1.0,1.662487995439792,0.0,0.9730333330499286,0.0,1.079804311062487
759,417,1586,0.9026750142287991,1757,2048,0.170732030448562,0.0,0.4632887508487329,0.17061219061724842,0.000119839831313584,0.00712751924382666,0.002472640443728238,1.9329005050578064e-06,65.0,69.0,62.0,0.0,0.0,0.0,0.170732030448562,0.0013032979423554351,0.0013032979423554351,1807.01806640625,-0.0015771030448377132,0.020675359293818474,0,0.0,,0.0,,0.0,
643,345,1572,1.0,1572,3891,0.0,0.0,0.13114980794489384,0.0,0.0,0.0020176893529983667,0.0,0.0,65.0,69.0,62.0,0.0,0.0,0.0,0.0,0.0,0.0,1897.1490478515625,-0.0037791812792420387,0.023452935740351677,0,0.0,,0.0,,0.0,
276,155,1571,0.9993638676844784,1572,2649,0.5711824828758836,0.0,1.1692075841128826,0.05222200509160757,0.518960477784276,0.017715266425952766,0.000756840653501559,0.008507548816135673,66.0,69.0,61.0,0.0,0.0,0.0,0.5711824828758836,0.004393711406737566,0.004393711406737566,2118.827392578125,-0.006773408968001604,0.03484206646680832,0,0.0,,0.0,,0.0,
513,280,1567,0.969078540507112,1617,2085,0.5964706875092816,0.0,3.1502889019902796,0.5129081085033249,0.08356257900595665,0.048465983107542764,0.007433450847874274,0.001369878344359945,65.0,69.0,61.0,0.0,0.0,0.0,0.5964706875092816,0.004588236057763704,0.004588236057763704,3507.48046875,0.0002640183374751359,0.040043674409389496,708,0.0,0.9639908850272105,1.0,2.745938863672324,0.0,1.067047723473794
804,433,1563,0.9702048417132216,1611,3762,16.298514761961997,0.014285714285714285,5.8992715664207935,9.050359770655632,7.2481549913063645,0.09075802409878143,0.131164634357328,0.11690572566623168,65.0,69.0,62.0,0.12121212121212122,0.014285714285714285,0.06349206349206349,16.298514761961997,0.12441614322108395,0.12441614322108395,631.7529296875,0.00937671959400177,0.04098086431622505,251,0.35856573705179284,1.450939960310922,0.7131474103585658,2.6307185780709093,0.0,1.158095027140264
255,140,1558,0.9031884057971015,1725,8819,48.951069355010986,1.0,14.851091913878918,25.976830452680588,22.9742389023304,0.22501654414968056,0.3764758036620375,0.376626867251318,66.0,69.0,61.0,0.9552238805970149,1.0,1.0,48.951069355010986,0.37654668734623836,0.37654668734623836,3742.856201171875,-9.934647823683918e-05,0.02545084059238434,0,0.0,,0.0,,0.0,
196,114,1554,0.8170347003154574,1902,1806,0.33806312549859285,0.0,0.5486418125219643,0.07738998718559742,0.26067313831299543,0.008440643269568681,0.0011215940171825714,0.004273330136278614,65.0,69.0,61.0,0.0,0.0,0.0,0.33806312549859285,0.0026004855807584067,0.0026004855807584067,965.890380859375,0.009332514367997646,0.04592328891158104,0,0.0,,0.0,,0.0,
86,42,1548,0.8264815803523758,1873,1995,59.23160400940105,0.014084507042253521,3.145966554293409,5.8457015748135746,53.38590243458748,0.04839948545066783,0.08351002249733679,0.8751787284358603,65.0,70.0,61.0,0.06060606060606061,0.014084507042253521,1.0,59.23160400940105,0.4521496489267256,0.4521496489267256,986.0296020507812,-0.0044984896667301655,0.045718785375356674,697,1.0,1.6529153078999281,0.0,1.1532066091731958,0.0,1.4628324496346317
799,435,1547,1.0,1547,3225,12.344177883118391,0.02857142857142857,5.102059157099575,6.263968208804727,6.080209674313664,0.07849321780153191,0.09078214795369169,0.09806789797280104,65.0,69.0,62.0,0.16666666666666666,0.02857142857142857,0.031746031746031744,12.344177883118391,0.09423036551998772,0.09423036551998772,1317.871337890625,-0.00048194918781518936,0.03582761809229851,0,0.0,,0.0,,0.0,
446,236,1545,1.0,1545,12052,32.10526458919048,1.0,13.260776489973068,17.98340943455696,14.121855154633522,0.20092085590868286,0.26062912223995593,0.23150582220710691,66.0,69.0,61.0,0.9253731343283582,1.0,1.0,32.10526458919048,0.2469635737630037,0.2469635737630037,3608.912109375,0.008393130265176296,0.032349780201911926,16,1.0,1.7681709127909104,0.0,0.8463139329950686,0.0,1.0329742853365929
962,524,1535,1.0,1535,4519,2.3132860384648666,0.0,2.5365074081346393,1.960208393400535,0.3530776450643316,0.03902319089437906,0.02800297704857907,0.005694800726844058,65.0,70.0,62.0,0.0,0.0,0.0,2.3132860384648666,0.017524894230794445,0.017524894230794445,882.6854248046875,-0.005647838115692139,0.037636648863554,952,0.0,0.9320814454265547,1.0,3.677774552631846,0.0,1.1846942549863613
652,340,1524,0.8318777292576419,1832,4075,0.03034036364624626,0.0,0.40161199994327035,0.010267395609844243,0.020072968036402017,0.00617864615297339,0.0001488028349252789,0.0003237575489742261,65.0,69.0,62.0,0.0,0.0,0.0,0.03034036364624626,0.00023160582936065848,0.00023160582936065848,7037.3134765625,-0.004246803931891918,0.01782277412712574,174,1.0,1.7756717076727155,0.0,0.9766827466948276,0.0,1.4873776052268082
787,432,1518,0.8532883642495784,1779,3778,10.005675408989191,0.35714285714285715,2.1435828565154225,5.206570390611887,4.799105018377304,0.03297819779254496,0.0754575418929259,0.07740491965124684,65.0,69.0,62.0,0.19696969696969696,0.35714285714285715,0.23809523809523808,10.005675408989191,0.07637920159533734,0.07637920159533734,2445.01220703125,0.0009110356913879514,0.018632950261235237,69,0.5072463768115942,1.2968013802407312,0.5217391304347826,1.7232390408012261,0.0,1.2068466001981182
665,355,1517,0.8503363228699552,1784,1894,0.10997439757920802,0.0,0.7981045981869102,0.07371143891941756,0.036262958659790456,0.012278532279798618,0.0010682817234698198,0.0005848864299966203,65.0,69.0,62.0,0.0,0.0,0.0,0.10997439757920802,0.0008394992181618932,0.0008394992181618932,1141.2945556640625,-0.05800117552280426,0.22626926004886627,0,0.0,,0.0,,0.0,
221,126,1516,0.9825016202203499,1543,2611,10.828748179599643,0.0,0.49647451005876064,0.0,10.828748179599643,0.007638069385519394,0.0,0.17752046196064988,65.0,69.0,61.0,0.0,0.0,0.3870967741935484,10.828748179599643,0.08329806291999725,0.08329806291999725,3561.183837890625,-0.0011163217714056373,0.03219074383378029,700,1.0,1.7395824930926962,0.0,0.9270958085002224,0.0,1.1775726746092683
830,443,1514,0.9921363040629095,1526,3288,1.1418544655680307,0.0,1.8525809040293097,0.5637937591527589,0.5780607064152719,0.028501244677373996,0.008054196559325127,0.009323559780891482,65.0,70.0,62.0,0.015151515151515152,0.0,0.0,1.1418544655680307,0.008650412617939626,0.008650412617939626,2202.98779296875,-0.0017850322183221579,0.026791466400027275,379,1.0,1.7750122635502605,0.0,1.0333546949536256,0.0,1.1177341645158791
78,35,1506,0.9993364299933643,1507,3006,31.252969569526613,0.0,0.7292436738498509,2.245001151226461,29.007968418300152,0.01121913344384386,0.03207144501752087,0.47554046587377297,65.0,70.0,61.0,0.015151515151515152,0.0,0.7741935483870968,31.252969569526613,0.23857228679027948,0.23857228679027948,1162.1895751953125,-0.006794161628931761,0.030159788206219673,0,0.0,,0.0,,0.0,
119,56,1506,0.9914417379855168,1519,4802,32.08471154421568,0.971830985915493,7.780039585195482,16.823405660688877,15.261305883526802,0.11969291669531511,0.24033436658126967,0.2501853423528984,65.0,70.0,61.0,0.45454545454545453,0.971830985915493,1.0,32.08471154421568,0.24492146216958532,0.24492146216958532,1472.7969970703125,0.0019297770923003554,0.025424927473068237,0,0.0,,0.0,,0.0,
169,78,1493,1.0,1493,9884,45.99839733541012,0.9859154929577465,8.975170087069273,21.857676461338997,24.14072087407112,0.13807953980106574,0.31225252087627137,0.39574952252575607,65.0,70.0,61.0,0.4696969696969697,0.9859154929577465,1.0,45.99839733541012,0.3511328040871001,0.3511328040871001,1151.141357421875,0.0064287735149264336,0.027148330584168434,572,0.0,0.9826456712859006,1.0,2.1829142443547433,0.0,1.1403440937020666
711,384,1490,0.7233009708737864,2060,3770,1.4596325974707725,0.0,3.987875794991851,1.0423769124317914,0.41725568503898103,0.061351935307566934,0.015106911774373788,0.006729930403854533,65.0,69.0,62.0,0.18181818181818182,0.0,0.0,1.4596325974707725,0.011142233568479178,0.011142233568479178,1730.51171875,-0.0007982617244124413,0.03298842906951904,579,0.8894645941278065,1.6157596586730179,0.11053540587219343,1.4653000762105546,0.0,1.2034211148923089
593,311,1481,0.9349747474747475,1584,2478,24.9965266212821,0.6285714285714286,8.547916289186105,13.394629694521427,11.601896926760674,0.131506404449017,0.19412506803654242,0.18712736978646247,65.0,69.0,62.0,0.3787878787878788,0.6285714285714286,0.7142857142857143,24.9965266212821,0.19081318031513053,0.19081318031513053,2491.78857421875,0.006259738467633724,0.032341938465833664,1506,1.0,1.8212612454284014,0.0,1.1701386977190793,0.0,1.3725758741388163
338,197,1480,0.8323959505061868,1778,2251,24.924211710691452,0.9571428571428572,5.928781268186867,14.280448704957962,10.64376300573349,0.08983001921495254,0.20696302470953568,0.17448791812677852,66.0,69.0,61.0,0.23880597014925373,0.9571428571428572,0.7580645161290323,24.924211710691452,0.19172470546685733,0.19172470546685733,3937.59716796875,-0.004996025003492832,0.03051929734647274,1173,1.0,1.965095974504759,0.0,1.4391520460271203,0.0,1.316335108726555
770,421,1477,0.7355577689243028,2008,1632,0.0,0.0,0.8511322196573019,0.0,0.0,0.013094341840881568,0.0,0.0,65.0,69.0,62.0,0.0,0.0,0.0,0.0,0.0,0.0,3021.71142578125,-0.0024464973248541355,0.03511202707886696,834,0.4316546762589928,1.497856325425228,0.31894484412470026,2.6502576075307838,0.24940047961630696,1.7783974968407814
920,504,1475,0.9886058981233244,1492,3588,4.300636733882129,0.014084507042253521,4.657220374385361,2.4786245496943593,1.82201218418777,0.07164954422131324,0.035408922138490846,0.029387293293351126,65.0,70.0,62.0,0.30303030303030304,0.014084507042253521,0.0,4.300636733882129,0.03258058131728886,0.03258058131728886,1545.7991943359375,0.0035592196509242058,0.02327185869216919,527,1.0,1.7528267609455506,0.0,1.0681056660896082,0.0,1.0488588092701356
706,377,1460,0.8390804597701149,1740,3022,73.05715799331665,1.0,8.571463398635387,29.80733060836792,43.24982738494873,0.13186866767131367,0.43199029867199884,0.6975778610475601,65.0,69.0,62.0,0.07575757575757576,1.0,1.0,73.05715799331665,0.5576882289566156,0.5576882289566156,3406.488525390625,0.005165605805814266,0.03706018626689911,262,0.0,0.9200004164848831,1.0,2.4828413080879894,0.0,1.0542952923539401
67,29,1457,1.0,1457,3965,14.296560601796955,0.0,0.9715096243890002,0.0,14.296560601796955,0.014946301913676926,0.0,0.2343698459310976,65.0,70.0,61.0,0.0,0.0,0.3870967741935484,14.296560601796955,0.1091340503953966,0.1091340503953966,2124.0205078125,-0.006553653161972761,0.03209994360804558,0,0.0,,0.0,,0.0,
109,59,1450,0.7055961070559611,2055,1554,0.11395542277023196,0.0,1.4212916424730793,0.11395542277023196,0.0,0.021866025268816605,0.0016279346110033139,0.0,65.0,70.0,61.0,0.09090909090909091,0.0,0.0,0.11395542277023196,0.0008698887234368852,0.0008698887234368852,5509.8427734375,-0.0006498179282061756,0.019671615213155746,614,0.249185667752443,1.253130383942066,0.7654723127035831,2.110632127286931,0.0,1.1795035532365323
377,213,1450,0.9017412935323383,1608,2245,5.081747998134233,0.0,2.783376082777977,2.9996573966927826,2.0820906014414504,0.04217236489057541,0.04347329560424323,0.03413263281051558,66.0,69.0,61.0,0.04477611940298507,0.0,0.016129032258064516,5.081747998134233,0.039090369216417176,0.039090369216417176,1643.1871337890625,-0.01179136335849762,0.03701497241854668,881,1.0,1.82439703280964,0.0,1.4725366037948655,0.0,1.1396286860408158
413,232,1433,0.9239200515796261,1551,1498,15.564979850314558,0.0,4.419486028142273,8.8693335512653,6.695646299049258,0.06696190951730717,0.12854106596036666,0.10976469342703701,66.0,69.0,61.0,0.0,0.0,0.0,15.564979850314558,0.1197306142331889,0.1197306142331889,643.404541015625,-0.009436292573809624,0.0810602456331253,81,1.0,2.1474189606893326,0.0,0.9202582227620292,0.0,1.014173487431557
374,212,1426,1.0,1426,5244,38.041174583137035,1.0,4.354358209297061,12.51749586313963,25.523678719997406,0.0659751243832888,0.18141298352376276,0.4184209626229083,66.0,69.0,61.0,0.26865671641791045,1.0,1.0,38.041174583137035,0.29262441987028487,0.29262441987028487,2461.75,-0.0016148206777870655,0.020767632871866226,0,0.0,,0.0,,0.0,
692,381,1406,0.7894441325098259,1781,1781,1.1682791865314357,0.0,1.7944831559434533,0.33457655645906925,0.8337026300723664,0.02760743316836082,0.004848935600856076,0.013446816614070427,65.0,69.0,62.0,0.045454545454545456,0.0,0.0,1.1682791865314357,0.0089181617292476,0.0089181617292476,3038.8603515625,-0.0049216849729418755,0.025542190298438072,72,1.0,2.562176151448496,0.0,0.892826099050655,0.0,1.1716357766574907
224,132,1403,0.926072607260726,1515,1924,4.538656962569803,0.0,1.5817172130336985,0.0386160216294229,4.50004094094038,0.024334110969749207,0.0005596524873829406,0.07377116296623575,65.0,69.0,61.0,0.030303030303030304,0.0,0.03225806451612903,4.538656962569803,0.03491274586592156,0.03491274586592156,1451.2406005859375,-0.005036700516939163,0.03262758255004883,0,0.0,,0.0,,0.0,
910,484,1391,1.0,1391,3987,54.54296378791332,1.0,9.819347653537989,22.959084078669548,31.583879709243774,0.15106688697750753,0.327986915409565,0.5094174146652222,65.0,70.0,62.0,0.5303030303030303,1.0,1.0,54.54296378791332,0.41320427112055547,0.41320427112055547,2095.306884765625,0.001455110963433981,0.026760734617710114,597,0.0,1.1442455322850575,1.0,2.871076600045866,0.0,1.2426639240947674
57,17,1390,0.7366189719130896,1887,4556,3.90237691233051,0.0,3.760811893560458,1.951071704068454,1.9513052082620561,0.057858644516314735,0.027872452915263628,0.03198860997150912,65.0,70.0,61.0,0.0,0.0,0.0,3.90237691233051,0.029789136735347405,0.029789136735347405,7399.57568359375,0.008786417543888092,0.02701554447412491,430,0.004651162790697674,1.0226284792967173,0.0,1.2653129925206312,0.9953488372093023,2.4226306964290756
536,284,1388,1.0,1388,6877,26.089950405061245,0.9857142857142858,10.205716889351606,14.854521855711937,11.235428549349308,0.15701102906694778,0.21528292544510053,0.181216589505634,65.0,69.0,62.0,0.5757575757575758,0.9857142857142858,0.9841269841269841,26.089950405061245,0.1991599267561927,0.1991599267561927,2620.0458984375,-0.0031356282997876406,0.02545357681810856,0,0.0,,0.0,,0.0,
810,441,1387,0.833033033033033,1665,5237,17.286952830851078,0.3380281690140845,2.9136769559117965,7.172472894191742,10.114479936659336,0.04482579932171995,0.10246389848845346,0.16313677317192476,65.0,70.0,62.0,0.16666666666666666,0.3380281690140845,0.9841269841269841,17.286952830851078,0.13096176387008393,0.13096176387008393,3369.8330078125,0.0024462726432830095,0.02171962335705757,215,1.0,1.6692802205824044,0.0,0.9657172216882917,0.0,1.036327563834163
58,25,1383,0.8082992402104032,1711,2583,104.24740955606103,0.4788732394366197,6.136850489769131,12.293440792709589,91.95396876335144,0.09441308445798663,0.17562058275299414,1.5074421108746139,65.0,70.0,61.0,0.18181818181818182,0.4788732394366197,1.0,104.24740955606103,0.7957817523363437,0.7957817523363437,994.0665893554688,0.007388120982795954,0.03775210306048393,765,1.0,1.8728401398892083,0.0,1.3039515614786277,0.0,1.4137443389536763
859,463,1382,0.9949604031677466,1389,3557,5.51726726652123,0.0,2.2605841415643226,1.5885376951191574,3.928729571402073,0.03477821756252804,0.022693395644559394,0.06336660599035601,65.0,70.0,62.0,0.13636363636363635,0.0,0.031746031746031744,5.51726726652123,0.041797479291827505,0.041797479291827505,2394.28076171875,0.004443541169166565,0.025596903637051582,796,0.0,1.1315580983624056,1.0,3.994410011725693,0.0,1.1313184663078804
499,273,1377,0.8181818181818182,1683,2449,15.511552918702364,0.2571428571428571,5.480674330960028,8.627762969583273,6.883789949119091,0.08304052016606103,0.12504004303743874,0.11284901555932936,66.0,69.0,61.0,0.16417910447761194,0.2571428571428571,0.0,15.511552918702364,0.11931963783617203,0.11931963783617203,3674.213623046875,-0.004187562968581915,0.03599655628204346,253,0.0,1.091638174648904,1.0,7.747934935186855,0.0,1.2464191883417166
849,462,1375,0.9649122807017544,1425,2109,1.1035220307821874,0.0,3.714762105460977,0.11511392390821129,0.9884081068739761,0.05715018623786119,0.0016444846272601612,0.01594206623990284,65.0,70.0,62.0,0.06060606060606061,0.0,0.0,1.1035220307821874,0.00836001538471354,0.00836001538471354,1721.8485107421875,-0.00024403783027082682,0.031743042171001434,0,0.0,,0.0,,0.0,
192,108,1373,1.0,1373,2227,10.846096554741962,0.0,1.0779506852850318,1.712741690891562,9.1333548638504,0.016583856696692798,0.024822343346254522,0.14972712891558032,65.0,69.0,61.0,0.0,0.0,0.22580645161290322,10.846096554741962,0.08343151195955355,0.08343151195955355,1951.2052001953125,-0.010432419367134571,0.03739351034164429,0,0.0,,0.0,,0.0,
502,271,1372,0.936518771331058,1465,2436,0.6518048443831503,0.0,0.9063333450612845,0.0,0.6518048443831503,0.013732323410019462,0.0,0.010685325317756563,66.0,69.0,61.0,0.0,0.0,0.0,0.6518048443831503,0.005013883418331926,0.005013883418331926,3035.080810546875,-0.009625319391489029,0.03285164386034012,1316,0.0,1.3054197623515233,0.5668693009118541,1.9653361779042757,0.4331306990881459,1.982524093141795
828,452,1370,0.9877433309300648,1387,2429,9.25173953268677,0.0,2.1689923852682114,4.964907893911004,4.286831638775766,0.03336911361951094,0.07092725562730005,0.0691424457867059,65.0,70.0,62.0,0.0,0.0,0.0,9.25173953268677,0.07008893585368765,0.07008893585368765,2342.94482421875,0.0011027094442397356,0.03631608188152313,0,0.0,,0.0,,0.0,
487,258,1364,0.9735902926481085,1401,2376,25.517503395676613,0.12857142857142856,8.162122626323253,11.705680534243584,13.81182286143303,0.12366852464126141,0.16964754397454468,0.22642332559726278,66.0,69.0,61.0,0.22388059701492538,0.12857142857142856,0.532258064516129,25.517503395676613,0.19628848765905088,0.19628848765905088,2399.239501953125,-0.001368560828268528,0.04430145397782326,446,0.0,1.0487080312618124,1.0,2.2676220450751496,0.0,1.1785358766780805
937,502,1363,1.0,1363,12227,49.94501930475235,0.9859154929577465,4.3453297931700945,14.077613174915314,35.867406129837036,0.06685122758723222,0.20110875964164734,0.5785065504812426,65.0,70.0,62.0,0.12121212121212122,0.9859154929577465,1.0,49.94501930475235,0.378371358369336,0.378371358369336,1614.26806640625,0.0023341120686382055,0.02208312787115574,1217,0.0,1.014330936922281,1.0,3.1458768265037915,0.0,1.2166493560933944
274,154,1344,0.9081081081081082,1480,2127,0.0,0.0,0.2576961312443018,0.0,0.0,0.003904486837034876,0.0,0.0,66.0,69.0,61.0,0.0,0.0,0.0,0.0,0.0,0.0,2333.119873046875,0.007949196733534336,0.029699184000492096,888,0.0,1.0128183352048525,1.0,4.90436778090359,0.0,1.1543370805646116
701,385,1343,0.8066066066066067,1665,2212,0.0,0.0,1.5446935442159884,0.0,0.0,0.02376451606486136,0.0,0.0,65.0,69.0,62.0,0.07575757575757576,0.0,0.0,0.0,0.0,0.0,2973.41015625,-0.0020701568573713303,0.023522179573774338,1511,0.07279947054930509,1.2441530531544447,0.0,0.9849303013951854,0.99933818663137,3.328061410282083
474,250,1336,0.9716363636363636,1375,2084,7.129908305942081,0.12857142857142856,5.390240959823132,5.190649841912091,1.9392584640299901,0.08167031757307774,0.07522680930307378,0.03179112236114738,66.0,69.0,61.0,0.13432835820895522,0.12857142857142856,0.0,7.129908305942081,0.05484544850724678,0.05484544850724678,1249.55322265625,0.011186777614057064,0.04213141277432442,0,0.0,,0.0,,0.0,
190,110,1333,0.9380717804363125,1421,2251,1.3770568147010636,0.0,1.9128056094050407,1.1484913069143659,0.2285655077866977,0.029427778606231397,0.016644801549483564,0.0037469755374868476,65.0,69.0,61.0,0.0,0.0,0.0,1.3770568147010636,0.01059274472846972,0.01059274472846972,5220.96923828125,-0.002141007222235203,0.03337353095412254,29,1.0,1.6614933215723198,0.0,1.0354427388639105,0.0,1.1298796377041285
725,396,1325,0.90815627141878,1459,3518,7.0776801377069205,0.0,4.2125494262436405,3.3671615335624665,3.710518604144454,0.06480845271144062,0.04879944251539806,0.05984707426039442,65.0,69.0,62.0,0.25757575757575757,0.0,0.0,7.0776801377069205,0.0540280926542513,0.0540280926542513,4392.4736328125,-0.0010279330890625715,0.026961924508213997,84,1.0,1.6185360467304761,0.0,0.8284748005864948,0.0,0.9882270752007133
635,342,1323,1.0,1323,3215,4.2634928585612215,0.0,2.957327221520245,2.518868884537369,1.7446239740238525,0.045497341869542234,0.036505346152715494,0.028139096355223426,65.0,69.0,62.0,0.13636363636363635,0.0,0.0,4.2634928585612215,0.032545747011917724,0.032545747011917724,4125.64306640625,0.0052532474510371685,0.022458288818597794,0,0.0,,0.0,,0.0,
793,424,1320,0.8853118712273642,1491,4388,13.912978890351951,0.5428571428571428,5.3984099838125985,8.747001099400222,5.165977790951729,0.08305246128942459,0.12676813187536554,0.0833222224347053,65.0,69.0,62.0,0.36363636363636365,0.5428571428571428,0.09523809523809523,13.912978890351951,0.10620594572787749,0.10620594572787749,2727.56787109375,0.003668955061584711,0.024292897433042526,83,1.0,1.5376577117848143,0.0,0.9948682958288868,0.0,1.2533184628431442
832,453,1306,0.7433124644280023,1757,1470,6.14682461792836,0.056338028169014086,3.2873462587594986,4.727532865712419,1.4192917522159405,0.05057455782706921,0.0675361837958917,0.022891802455095814,65.0,70.0,62.0,0.10606060606060606,0.056338028169014086,0.0,6.14682461792836,0.04656685316612394,0.04656685316612394,1552.261962890625,0.0028893176931887865,0.03479604050517082,248,0.7298387096774194,1.5098420128721197,0.4032258064516129,1.7631530045007555,0.0,1.143199011931515
323,195,1299,0.9723053892215568,1336,2330,37.16417171061039,1.0,4.9056918397545815,14.209277734160423,22.954893976449966,0.07432866423870578,0.20593156136464383,0.3763097373188519,66.0,69.0,61.0,0.014925373134328358,1.0,1.0,37.16417171061039,0.2858782439277722,0.2858782439277722,4483.4521484375,0.009960341267287731,0.02344958856701851,31,0.0,1.2558165813001174,1.0,2.372605725873743,0.0,1.2062383759097373
967,528,1299,0.7998768472906403,1624,2333,4.4887254769855645,0.0,4.574150180909783,2.8008710539725143,1.68785442301305,0.07037154124476588,0.040012443628178775,0.027223458435694358,65.0,70.0,62.0,0.12121212121212122,0.0,0.0,4.4887254769855645,0.03400549603776943,0.03400549603776943,1493.1444091796875,-0.004265579394996166,0.03702763840556145,497,0.0,1.0064341404724448,1.0,2.7646097011096358,0.0,1.0994911312607807
268,153,1297,0.9693572496263079,1338,1732,0.059203660384810064,0.0,0.7324719938915223,0.028689088569080923,0.03051457181572914,0.011098060513507913,0.0004157838923055206,0.0005002388822250679,66.0,69.0,61.0,0.014925373134328358,0.0,0.0,0.059203660384810064,0.0004554127721908466,0.0004554127721908466,3202.011474609375,0.003961581736803055,0.025698697194457054,9,0.0,0.9697069362215168,1.0,2.1391984536243682,0.0,1.1957431679150579
515,270,1297,0.9984603541185527,1299,5622,113.69537109136581,1.0,10.782582681626081,50.24657487869263,63.44879621267319,0.16337246487312246,0.7282112301259801,1.0401442002077572,66.0,69.0,61.0,0.5671641791044776,1.0,1.0,113.69537109136581,0.8745797776258909,0.8745797776258909,2025.979736328125,0.005837948527187109,0.020920882001519203,0,0.0,,0.0,,0.0,
866,467,1290,1.0,1290,4137,11.035600024275482,0.056338028169014086,8.784606324858032,6.006744593381882,5.0288554308936,0.1351477896132005,0.0858106370483126,0.08111057146602581,65.0,70.0,62.0,0.5151515151515151,0.056338028169014086,0.15873015873015872,11.035600024275482,0.08360303048693547,0.08360303048693547,1693.5382080078125,0.002076959004625678,0.027242090553045273,0,0.0,,0.0,,0.0,
365,206,1288,0.9984496124031008,1290,4186,23.460254453122616,0.0,8.341597270220518,8.550328753888607,14.909925699234009,0.1263878374275836,0.12391780802737111,0.24442501146285261,66.0,69.0,61.0,0.0,0.0,0.967741935483871,23.460254453122616,0.18046349579325088,0.18046349579325088,4004.161376953125,0.008108066394925117,0.036331016570329666,410,1.0,1.6963204784771309,0.0,1.2817806611663405,0.0,1.26044910360819
853,465,1285,0.8387728459530026,1532,1815,23.58514053747058,0.5211267605633803,3.0875776770408265,11.516134958714247,12.069005578756332,0.04750119503139733,0.16451621369591782,0.1946613803025215,65.0,70.0,62.0,0.06060606060606061,0.5211267605633803,0.7142857142857143,23.58514053747058,0.17867530710204985,0.17867530710204985,1572.236083984375,-0.004000211134552956,0.03343115746974945,198,1.0,1.7838132468648145,0.0,1.0297598999902717,0.0,1.3721586964911936
870,475,1282,0.7475218658892129,1715,1724,5.210964850441087,0.0,4.243378167506307,3.036886317655444,2.174078532785643,0.06528274103855858,0.04338409025222063,0.03506578278686521,65.0,70.0,62.0,0.12121212121212122,0.0,0.0,5.210964850441087,0.03947700644273551,0.03947700644273551,1570.5980224609375,-0.007364774588495493,0.03767137974500656,1316,1.0,1.8601681189386963,0.0,1.3586162658971006,0.0,1.2440887060515524
473,256,1276,0.9327485380116959,1368,1510,13.520909294020385,0.0,6.024964028969407,3.8193078744225204,9.701601419597864,0.09128733377226374,0.05535228803510899,0.1590426462229158,66.0,69.0,61.0,0.0,0.0,0.0,13.520909294020385,0.10400699456938757,0.10400699456938757,1294.1463623046875,-0.00671171210706234,0.06946078687906265,194,1.0,1.8258661166365067,0.0,0.9560889194742461,0.0,1.166760046558074
478,257,1264,0.992930086410055,1273,1906,0.709179297555238,0.0,2.7834393605589867,0.5797373806126416,0.12944191694259644,0.04217332364483313,0.008401991023371616,0.0021219986384032204,66.0,69.0,61.0,0.014925373134328358,0.0,0.0,0.709179297555238,0.0054552253658095235,0.0054552253658095235,1877.017333984375,-0.0032238601706922054,0.041436731815338135,1078,0.0,0.978710713537383,1.0,2.947775304953476,0.0,1.1009620752522755
125,65,1263,0.8347653668208856,1513,1343,1.5496018528938293,0.0,0.4766371352598071,0.0,1.5496018528938293,0.007332879003997032,0.0,0.025403309063833267,65.0,70.0,61.0,0.0,0.0,0.06451612903225806,1.5496018528938293,0.011829021777815491,0.011829021777815491,3625.6015625,0.006034836173057556,0.03975408151745796,18,1.0,1.7470120027640377,0.0,1.0105185935804042,0.0,1.2220898173558454
651,346,1246,0.7533252720677146,1654,10217,16.675102069973946,0.0,5.344456992577761,8.886973060667515,7.788129009306431,0.0822224152704271,0.12879671102416687,0.12561498402107146,65.0,69.0,62.0,0.0,0.0,0.0,16.675102069973946,0.12729085549598432,0.12729085549598432,4802.11962890625,-0.04883250594139099,0.20503012835979462,0,0.0,,0.0,,0.0,
678,361,1243,1.0,1243,5259,43.379027649760246,1.0,10.14894881658256,19.1245284229517,24.254499226808548,0.15613767410127016,0.27716707859350287,0.39120160043239594,65.0,69.0,62.0,0.803030303030303,1.0,1.0,43.379027649760246,0.33113761564702476,0.33113761564702476,1723.7877197265625,-0.0011882034596055746,0.01676558330655098,177,0.0,0.8743880199929677,1.0,2.1937791888930196,0.0,0.9362448932789447
226,131,1242,0.999195494770716,1243,2964,35.085583637002856,0.05714285714285714,2.9472887499723583,3.2549092271365225,31.830674409866333,0.04534290384572859,0.04717259749473221,0.5218143345879727,65.0,69.0,61.0,0.13636363636363635,0.05714285714285714,1.0,35.085583637002856,0.269889104900022,0.269889104900022,1870.6710205078125,4.488010745262727e-05,0.026390280574560165,0,0.0,,0.0,,0.0,
659,353,1240,0.825016633399867,1503,2905,4.49518419476226,0.0,3.573471271665767,0.3202882884070277,4.174895906355232,0.05497648110255026,0.004641859252275764,0.06733703074766503,65.0,69.0,62.0,0.0,0.0,0.0,4.49518419476226,0.03431438316612412,0.03431438316612412,1833.2044677734375,-0.027578279376029968,0.13949961960315704,731,0.8590971272229823,1.5912004341696868,0.1409028727770178,1.2435652841906675,0.0,1.0838713264545015
603,322,1232,0.9640062597809077,1278,4056,19.893207455053926,0.5285714285714286,4.895853259600699,10.758795978501439,9.134411476552486,0.07532081937847229,0.15592457939857157,0.1473292173637498,65.0,69.0,62.0,0.22727272727272727,0.5285714285714286,0.47619047619047616,19.893207455053926,0.15185654545842692,0.15185654545842692,786.8794555664062,0.0013574743643403053,0.029672015458345413,127,1.0,1.9183019098239715,0.0,1.162826207330009,0.0,0.9778285147486067
229,130,1222,1.0,1222,18200,19.16431000828743,0.9857142857142858,5.916913009015843,10.20810903608799,8.95620097219944,0.08965019710630065,0.1479436092186665,0.14682296675736786,66.0,69.0,61.0,0.5373134328358209,0.9857142857142858,1.0,19.16431000828743,0.1474177692945187,0.1474177692945187,2489.66162109375,0.003964204806834459,0.01462368480861187,152,1.0,1.6907087715418094,0.0,0.9272747692496018,0.0,1.345070508731801
707,371,1221,1.0,1221,14207,83.22560614347458,1.0,21.948175758123398,41.43867778778076,41.78692835569382,0.3376642424326677,0.6005605476489966,0.6739827154144165,65.0,69.0,62.0,0.9848484848484849,1.0,1.0,83.22560614347458,0.6353099705608747,0.6353099705608747,1452.0244140625,0.002205467317253351,0.03372825309634209,0,0.0,,0.0,,0.0,
488,261,1213,1.0,1213,2870,3.7875404883016017,0.0,2.4334090189659037,1.753954821266234,2.033585667035368,0.036869833620695514,0.025419635090814983,0.033337469951399475,66.0,69.0,61.0,0.0,0.0,0.0,3.7875404883016017,0.029134926833089245,0.029134926833089245,1601.795166015625,-0.009695664048194885,0.03742510825395584,0,0.0,,0.0,,0.0,
636,338,1210,0.8864468864468864,1365,4918,6.87039456050843,0.0,4.390918971592328,1.8518464390654117,5.018548121443018,0.06755259956295889,0.02683835418935379,0.08094432453940352,65.0,69.0,62.0,0.21212121212121213,0.0,0.07936507936507936,6.87039456050843,0.052445760003881146,0.052445760003881146,2758.570068359375,-0.004001999273896217,0.03301730751991272,371,0.0,1.0515423829362665,0.0,1.0242853384281543,1.0,2.447510542768051
279,163,1203,0.980440097799511,1227,1689,65.42971507803304,0.0,12.054110240191221,0.017803739465307444,65.41191133856773,0.18263803394229122,0.00025802520964213687,1.0723264153863563,66.0,69.0,61.0,0.31343283582089554,0.0,1.0,65.42971507803304,0.5033055006002541,0.5033055006002541,1942.4368896484375,0.004769001621752977,0.03973760828375816,0,0.0,,0.0,,0.0,
814,437,1202,0.875455207574654,1373,2203,29.04588086111471,0.17142857142857143,1.0255620966199785,7.135772756766528,21.910108104348183,0.01577787840953813,0.10341699647487722,0.3533888403927126,65.0,69.0,62.0,0.0,0.17142857142857143,0.7619047619047619,29.04588086111471,0.22172428138255504,0.22172428138255504,1284.65185546875,0.004330531228333712,0.048976071178913116,137,0.0,1.012263929698557,1.0,3.1106339094248696,0.0,1.0566322786093727
917,491,1199,0.853988603988604,1404,4100,17.27092007547617,0.352112676056338,6.292524062097073,9.339413195848465,7.931506879627705,0.09680806249380111,0.13342018851212092,0.1279275303165759,65.0,70.0,62.0,0.0,0.352112676056338,0.19047619047619047,17.27092007547617,0.1308403036020922,0.1308403036020922,6267.4306640625,0.005421315785497427,0.026931114494800568,0,0.0,,0.0,,0.0,
428,238,1197,0.9200614911606456,1301,1642,0.0,0.0,0.5319962236098945,0.0,0.0,0.008060548842574159,0.0,0.0,66.0,69.0,61.0,0.0,0.0,0.0,0.0,0.0,0.0,2236.39404296875,-0.009615561924874783,0.05334743112325668,0,0.0,,0.0,,0.0,
754,406,1196,1.0,1196,3723,3.573418104380835,0.0,2.196177201345563,0.07869955338537693,3.494718550995458,0.033787341559162506,0.0011405732374692309,0.05636642824186223,65.0,69.0,62.0,0.015151515151515152,0.0,0.015873015873015872,3.573418104380835,0.027278000796800265,0.027278000796800265,1216.64306640625,0.00806631613522768,0.03686654195189476,0,0.0,,0.0,,0.0,
704,378,1193,1.0,1193,6929,81.72410583496094,1.0,18.267023041844368,43.2850558757782,38.43904995918274,0.28103112372068256,0.627319650373597,0.6199846767610119,65.0,69.0,62.0,0.9848484848484849,1.0,1.0,81.72410583496094,0.62384813614474,0.62384813614474,3162.256591796875,0.0009614336304366589,0.028878681361675262,284,0.0,1.1589998829146149,1.0,2.488125936408679,0.0,1.0435843132972842
677,364,1188,0.9924812030075187,1197,3007,19.13538023084402,0.5857142857142857,6.865324928425252,10.89890619367361,8.23647403717041,0.10562038351423465,0.15795516222715378,0.13284635543823242,65.0,69.0,62.0,0.3787878787878788,0.5857142857142857,0.3333333333333333,19.13538023084402,0.14607160481560322,0.14607160481560322,3828.6533203125,0.00019744574092328548,0.02870575152337551,522,0.06513409961685823,1.0828972815223534,0.9348659003831418,4.241029238806443,0.0,0.9982929696448545
503,269,1181,0.9470729751403368,1247,1746,60.09960103034973,1.0,12.201480843126774,29.5180085003376,30.58159253001213,0.18487092186555718,0.4277972246425739,0.5013375824592152,66.0,69.0,61.0,0.11940298507462686,1.0,1.0,60.09960103034973,0.4623046233103825,0.4623046233103825,3974.958251953125,0.002065712818875909,0.04565102607011795,0,0.0,,0.0,,0.0,
695,383,1181,0.8683823529411765,1360,1982,0.0,0.0,0.6746138166636229,0.0,0.0,0.010378674102517275,0.0,0.0,65.0,69.0,62.0,0.0,0.0,0.0,0.0,0.0,0.0,2956.9111328125,0.0014948806492611766,0.028716176748275757,0,0.0,,0.0,,0.0,
717,392,1180,0.8952959028831563,1318,4627,3.0574663823936135,0.0,3.2850817360449582,1.104572298238054,1.9528940841555595,0.05053971901607628,0.0160082941773631,0.03149829167992838,65.0,69.0,62.0,0.21212121212121213,0.0,0.0,3.0574663823936135,0.023339438033539033,0.023339438033539033,2304.05615234375,-0.004820580594241619,0.02464909665286541,19,0.0,0.8992470814803389,1.0,2.4355739474181965,0.0,0.9497737949466145
948,498,1177,0.998303647158609,1179,10542,57.92986412346363,1.0,11.037884298712015,25.67713214457035,32.25273197889328,0.16981360459556946,0.36681617349386214,0.5202053544982788,65.0,70.0,62.0,0.6515151515151515,1.0,1.0,57.92986412346363,0.4388626069959366,0.4388626069959366,1401.494140625,0.003747406881302595,0.02127886191010475,457,1.0,1.6680193870303306,0.0,1.0708992167917035,0.0,1.3196832805277607
371,211,1172,0.9099378881987578,1288,2774,0.0,0.0,1.056127393618226,0.0,0.0,0.016001930206336758,0.0,0.0,66.0,69.0,61.0,0.0,0.0,0.0,0.0,0.0,0.0,1992.013671875,-0.00503901019692421,0.053235821425914764,0,0.0,,0.0,,0.0,
647,348,1168,0.8868640850417616,1317,2483,14.874700855463743,0.34285714285714286,3.8477628357941285,7.701925557106733,7.17277529835701,0.05919635131990967,0.111622109523286,0.11568992416704854,65.0,69.0,62.0,0.16666666666666666,0.34285714285714286,0.25396825396825395,14.874700855463743,0.1135473347745324,0.1135473347745324,2525.14013671875,0.005370334722101688,0.02576356567442417,0,0.0,,0.0,,0.0,
566,302,1162,0.9035769828926905,1286,1169,0.19070800754707307,0.0,0.7599229533225298,0.17923360865097493,0.011474398896098137,0.01169112235880815,0.0025975885311735497,0.0001850709499370667,65.0,69.0,62.0,0.0,0.0,0.0,0.19070800754707307,0.0014557863171532296,0.0014557863171532296,2091.697998046875,-0.022958410903811455,0.06700547784566879,0,0.0,,0.0,,0.0,
778,418,1162,1.0,1162,5021,3.7797615295276046,0.0,2.1809240765869617,1.5256224642507732,2.2541390652768314,0.03355267810133787,0.022110470496388018,0.03635708169801341,65.0,69.0,62.0,0.030303030303030304,0.0,0.0,3.7797615295276046,0.02885314144677561,0.02885314144677561,1997.5107421875,0.0011065599974244833,0.027473630383610725,113,0.0,0.9395281607871337,1.0,2.5546243725912756,0.0,1.0988281152712622
591,313,1159,0.906885758998435,1278,2046,18.269248366355896,0.12857142857142856,6.457656654063612,8.403190828859806,9.86605753749609,0.09934856390867096,0.12178537433130154,0.159129960282195,65.0,69.0,62.0,0.24242424242424243,0.12857142857142856,0.25396825396825395,18.269248366355896,0.13945991119355647,0.13945991119355647,2035.4359130859375,-0.004854242783039808,0.03920890390872955,242,0.0,1.0766488094221334,1.0,2.4884301782503244,0.0,1.0500413113095248
631,312,1155,1.0,1155,6908,9.30598785285838,0.02857142857142857,5.376241612480953,6.0777110832277685,3.228276769630611,0.08271140942278389,0.08808276932214157,0.052068980155332435,65.0,69.0,62.0,0.21212121212121213,0.02857142857142857,0.0,9.30598785285838,0.07103807521265938,0.07103807521265938,2664.940673828125,-0.010544625110924244,0.03601625934243202,72,0.4583333333333333,1.3472339018294852,0.5416666666666666,2.019496387607872,0.0,1.1290450170062225
116,52,1152,0.7977839335180056,1444,2862,13.94228170486167,0.0,1.704898965981556,0.0,13.94228170486167,0.02622921486125471,0.0,0.22856199516166673,65.0,70.0,61.0,0.0,0.0,0.24193548387096775,13.94228170486167,0.10642963133482192,0.10642963133482192,1436.584228515625,0.024149760603904724,0.05301441252231598,89,1.0,1.7255980329743401,0.0,0.8685731741030122,0.0,1.0880875771817797
361,193,1150,0.9126984126984127,1260,4550,50.63699209690094,1.0,15.150537639856339,27.940099239349365,22.696892857551575,0.2295536006038839,0.40492897448332416,0.372080210779534,66.0,69.0,61.0,0.8955223880597015,1.0,1.0,50.63699209690094,0.3895153238223149,0.3895153238223149,2484.196044921875,-0.006304237060248852,0.03244851902127266,0,0.0,,0.0,,0.0,
922,500,1150,1.0,1150,3444,15.828764712437987,0.04225352112676056,11.154676349833608,10.185202166438103,5.643562545999885,0.1716104053820555,0.1455028880919729,0.09102520235483685,65.0,70.0,62.0,0.07575757575757576,0.04225352112676056,0.0,15.828764712437987,0.11991488418513627,0.11991488418513627,1449.970458984375,0.011568814516067505,0.04455672204494476,518,0.0,1.0104550144339988,1.0,2.617919484986675,0.0,1.0986755999404862
829,449,1149,0.9671717171717171,1188,2684,0.0,0.0,1.45536585804075,0.0,0.0,0.02239024396985769,0.0,0.0,65.0,70.0,62.0,0.0,0.0,0.0,0.0,0.0,0.0,2722.549560546875,-0.007913593202829361,0.03031056933104992,591,0.08460236886632826,1.2502050435559322,0.9864636209813875,3.172428436906046,0.0,1.1774132424671087
453,242,1148,1.0,1148,4662,27.28935507684946,0.15714285714285714,3.711948355252389,10.424426414072514,16.864928662776947,0.056241641746248315,0.15107864368221033,0.2764742403733926,66.0,69.0,61.0,0.04477611940298507,0.15714285714285714,0.8064516129032258,27.28935507684946,0.20991811597576507,0.20991811597576507,604.1812744140625,-0.02054375223815441,0.04995262250304222,17,1.0,2.044645761059365,0.0,1.120783516611168,0.0,1.0376632712703318
309,183,1143,0.8336980306345733,1371,1322,2.163442243123427,0.0,3.9325994019163772,1.8486230864655226,0.3148191566579044,0.05958483942297541,0.026791638934282935,0.005160969781277121,66.0,69.0,61.0,0.0,0.0,0.0,2.163442243123427,0.016641863408641745,0.016641863408641745,1818.2662353515625,0.006952194031327963,0.050104379653930664,1,1.0,1.6939988856196135,0.0,1.0465756085548463,0.0,1.1747928201669615
813,440,1143,0.8826254826254826,1295,1633,3.827523084823042,0.0,0.5472793000226375,0.5395704917609692,3.287952593062073,0.008419681538809808,0.00770814988229956,0.05303149343648505,65.0,70.0,62.0,0.0,0.0,0.0,3.827523084823042,0.028996387006235167,0.028996387006235167,3134.5615234375,-0.008499214425683022,0.03314145281910896,438,1.0,1.6659006562583898,0.0,0.9970990626946002,0.0,1.3230089586849039
928,505,1142,0.7958188153310104,1435,1605,0.3257706325966865,0.0,3.036591233802028,0.18249670532532036,0.14327392727136612,0.04671678821233889,0.0026070957903617195,0.0023108697946994535,65.0,70.0,62.0,0.030303030303030304,0.0,0.0,0.3257706325966865,0.0024679593378536856,0.0024679593378536856,1208.54736328125,-0.0008419156074523926,0.048455193638801575,627,0.0,1.0283670746694376,1.0,2.8647437164570477,0.0,1.034750738291981
213,127,1139,1.0,1139,4238,57.56574021279812,1.0,6.638191901147366,26.11747820675373,31.448262006044388,0.10212602924842101,0.37851417690947436,0.5155452787876129,65.0,69.0,61.0,0.015151515151515152,1.0,1.0,57.56574021279812,0.4428133862522932,0.4428133862522932,2878.427001953125,0.007455248385667801,0.028809964656829834,87,0.0,1.1831407054021619,1.0,2.1338699821460922,0.0,1.2141407541956881
494,265,1139,0.8194244604316546,1390,1398,0.058510950300842524,0.0,3.314863954205066,0.03314656997099519,0.025364380329847336,0.05022521142734948,0.0004803850720434085,0.0004158095136040547,66.0,69.0,61.0,0.029850746268656716,0.0,0.0,0.058510950300842524,0.00045008423308340404,0.00045008423308340404,3255.191650390625,0.0014761221827939153,0.045240368694067,515,0.0,1.0420654002429137,1.0,2.287621123284416,0.0,1.181312117526389
447,221,1137,0.9991212653778558,1138,12012,3.3252181787102018,0.0,3.126679049571976,2.3195114753907546,1.0057067033194471,0.04737392499351479,0.03361610833899644,0.01648699513638438,66.0,69.0,61.0,0.014925373134328358,0.0,0.0,3.3252181787102018,0.02557860137469386,0.02557860137469386,4813.61962890625,-0.006144298240542412,0.033041439950466156,7,1.0,1.7939891735397422,0.0,1.1969163666433866,0.0,1.0764882522467587
89,41,1134,1.0,1134,2727,27.33242840319872,0.0,0.3376512515824288,0.0,27.33242840319872,0.005194634639729674,0.0,0.4480725967737495,65.0,70.0,61.0,0.0,0.0,0.5161290322580645,27.33242840319872,0.20864449162747115,0.20864449162747115,846.8412475585938,-0.0003537129086907953,0.045656539499759674,0,0.0,,0.0,,0.0,
981,529,1120,1.0,1120,4745,36.668503507971764,0.8450704225352113,6.448986504692584,14.336758598685265,22.3317449092865,0.09921517699527052,0.20481083712407522,0.36018943402075,65.0,70.0,62.0,0.22727272727272727,0.8450704225352113,1.0,36.668503507971764,0.2777916932422103,0.2777916932422103,1419.0712890625,0.007183232810348272,0.032576460391283035,140,0.0,0.8879803845004179,1.0,2.4091197483311078,0.0,1.0098487567911045
538,291,1117,0.9216171617161716,1212,1429,0.12662522308528423,0.0,2.6760161826387048,0.12164700333960354,0.00497821974568069,0.04116947973290315,0.0017630000484000514,8.029386686581758e-05,65.0,69.0,62.0,0.0,0.0,0.0,0.12662522308528423,0.0009666047563762155,0.0009666047563762155,3766.30859375,0.0009153620922006667,0.036624327301979065,112,1.0,1.5479709973578546,0.0,0.8688759151911242,0.0,1.0772091228373286
774,416,1117,1.0,1117,6564,16.783234663307667,0.04285714285714286,3.684579470078461,6.9160821586847305,9.867152504622936,0.05668583800120709,0.10023307476354681,0.15914762104230543,65.0,69.0,62.0,0.10606060606060606,0.04285714285714286,0.5238095238095238,16.783234663307667,0.12811629513975317,0.12811629513975317,1555.0941162109375,0.0020769531838595867,0.02918003499507904,23,0.0,0.928614760292913,1.0,2.0283183546459176,0.0,1.030350991449678
911,486,1114,0.8841269841269841,1260,1932,2.913716184659279,0.0,2.752478997572325,1.9066564920940436,1.0070596925652353,0.042345830731881924,0.027237949887057765,0.016242898267181213,65.0,70.0,62.0,0.015151515151515152,0.0,0.0,2.913716184659279,0.02207360745953999,0.02207360745953999,2583.0751953125,0.00013251043856143951,0.0379575714468956,31,0.0,1.2862579573952941,1.0,2.3408174854631425,0.0,1.0992641853872318
305,181,1103,0.9795737122557726,1126,2382,31.05163462460041,0.7714285714285715,8.638906180858612,19.332923233509064,11.718711391091347,0.13089251789179715,0.2801872932392618,0.19211002280477618,66.0,69.0,61.0,0.0,0.7714285714285715,0.1935483870967742,31.05163462460041,0.2388587278815416,0.2388587278815416,3309.03955078125,-0.01299172081053257,0.04730691388249397,645,0.0,1.06642621899848,1.0,2.825460119619051,0.0,1.2185665102600656
689,373,1102,1.0,1102,3066,2.982136979699135,0.0,2.2740307888016105,0.6504146396182477,2.331722340080887,0.03498508905848632,0.009426299124902142,0.03760842484001431,65.0,69.0,62.0,0.15151515151515152,0.0,0.015873015873015872,2.982136979699135,0.022764404425184237,0.022764404425184237,3338.427978515625,-0.0018348877783864737,0.02092529833316803,0,0.0,,0.0,,0.0,
757,398,1102,0.8837209302325582,1247,3180,0.41312854224815965,0.0,0.8803132371976972,0.03705548169091344,0.3760730605572462,0.013543280572272264,0.0005370359665349773,0.006065694525116874,65.0,69.0,62.0,0.0,0.0,0.0,0.41312854224815965,0.003153652994260761,0.003153652994260761,2923.9306640625,-0.003993435762822628,0.026460805907845497,2,1.0,1.4061620572853324,0.0,0.8548555724119681,0.0,0.9207802046836209
608,330,1101,0.7656467315716272,1438,1505,0.0,0.0,1.2320599625818431,0.0,0.0,0.01895476865510528,0.0,0.0,65.0,69.0,62.0,0.0,0.0,0.0,0.0,0.0,0.0,2984.744873046875,0.0032237491104751825,0.029368871822953224,0,0.0,,0.0,,0.0,
929,510,1099,1.0,1099,3198,0.6514671373879537,0.0,2.007195091806352,0.5421330145327374,0.10933412285521626,0.030879924489328494,0.007744757350467678,0.0017634535944389721,65.0,70.0,62.0,0.015151515151515152,0.0,0.0,0.6514671373879537,0.0049353571014238914,0.0049353571014238914,1745.0762939453125,-0.003577382769435644,0.0313674695789814,37,1.0,1.6270622280802751,0.0,1.5615152430903123,0.0,1.318327656453299
311,184,1095,0.9733333333333334,1125,1992,46.69665195187554,0.02857142857142857,1.4108255952596664,7.666044072713703,39.030607879161835,0.021376145382722218,0.11110208801034352,0.6398460308059317,66.0,69.0,61.0,0.0,0.02857142857142857,1.0,46.69665195187554,0.3592050150144272,0.3592050150144272,1595.8599853515625,-0.001121892244555056,0.03913852199912071,0,0.0,,0.0,,0.0,
940,512,1089,1.0,1089,3013,18.841796901077032,0.7746478873239436,5.248785704839975,10.485612269490957,8.356184631586075,0.08075054930523037,0.14979446099272797,0.13477717147719476,65.0,70.0,62.0,0.3787878787878788,0.7746478873239436,0.9365079365079365,18.841796901077032,0.14274088561421994,0.14274088561421994,4321.7421875,-0.002766340970993042,0.020147837698459625,28,0.0,1.3193271063702594,1.0,2.251574174206936,0.0,1.1190573241674384
938,514,1087,0.7574912891986063,1435,1962,3.143566260114312,0.0,1.573225598433055,1.6654069027863443,1.4781593573279679,0.024203470745123922,0.023791527182662062,0.023841279956902706,65.0,70.0,62.0,0.0,0.0,0.0,3.143566260114312,0.02381489590995691,0.02381489590995691,5825.052734375,0.0032966756261885166,0.0151019636541605,0,0.0,,0.0,,0.0,
507,268,1082,0.980072463768116,1104,2227,0.017620309023186564,0.0,2.1109424494206905,0.015603261534124613,0.0020170474890619516,0.0319839765063741,0.00022613422513224077,3.3066352279704124e-05,66.0,69.0,61.0,0.0,0.0,0.0,0.017620309023186564,0.00013554083863989664,0.00013554083863989664,1538.7032470703125,0.004465677309781313,0.05480290949344635,0,0.0,,0.0,,0.0,
743,402,1079,1.0,1079,2170,4.2400007884716615,0.0,3.8446793112671003,1.7666892270790413,2.47331156139262,0.05914891248103231,0.0256041916967977,0.03989212195794549,65.0,69.0,62.0,0.07575757575757576,0.0,0.0,4.2400007884716615,0.0323664182326081,0.0323664182326081,2178.353759765625,0.006403909996151924,0.03674354776740074,463,0.0,0.9325924561316755,1.0,2.4469602159571933,0.0,1.1509393740088816
176,95,1077,0.9181585677749361,1173,1815,1.39471853163559,0.0,0.32549615821335465,0.19386494799982756,1.2008535836357623,0.005007633203282379,0.002809636927533733,0.019686124321897744,65.0,69.0,61.0,0.0,0.0,0.0,1.39471853163559,0.010728604089504538,0.010728604089504538,3191.053466796875,0.002890551695600152,0.028682352975010872,293,1.0,1.6936398615150678,0.0,0.9384687696234612,0.0,1.4185068993586116
946,513,1075,0.9323503902862099,1153,2735,14.780095031484962,0.014084507042253521,6.056734792422503,7.958974363282323,6.821120668202639,0.09318053526803852,0.11369963376117605,0.11001807529359095,65.0,70.0,62.0,0.16666666666666666,0.014084507042253521,0.0,14.780095031484962,0.11197041690518911,0.11197041690518911,801.8521118164062,0.007694954518228769,0.04330199584364891,0,0.0,,0.0,,0.0,
518,279,1072,0.9990680335507922,1073,5931,3.973199118336197,0.014285714285714285,1.94056806313165,2.116587543627247,1.8566115747089498,0.029854893278948462,0.030675181791699237,0.02994534797917661,65.0,69.0,62.0,0.030303030303030304,0.014285714285714285,0.0,3.973199118336197,0.030329764262108375,0.030329764262108375,3647.72900390625,-0.006949847098439932,0.023159245029091835,0,0.0,,0.0,,0.0,
184,100,1071,0.9631294964028777,1112,1564,44.65509805676993,0.0,3.399444563081488,1.1873007019748911,43.46779735479504,0.052299147124330585,0.01720725655036074,0.7125868418818859,65.0,69.0,61.0,0.0,0.0,0.5,44.65509805676993,0.3435007542828456,0.3435007542828456,1121.7135009765625,-0.01826312020421028,0.06792645156383514,0,0.0,,0.0,,0.0,
581,307,1070,1.0,1070,2989,12.432025955989957,0.02857142857142857,4.412292986642569,6.9056742414832115,5.526351714506745,0.06788143056373183,0.10008223538381467,0.08913470507268945,65.0,69.0,62.0,0.15151515151515152,0.02857142857142857,0.015873015873015872,12.432025955989957,0.09490096149610654,0.09490096149610654,2573.063232421875,0.00023540503752883524,0.03476257622241974,0,0.0,,0.0,,0.0,
924,507,1070,0.8211818879508825,1303,1355,0.0,0.0,1.0901474485872313,0.0,0.0,0.016771499209034327,0.0,0.0,65.0,70.0,62.0,0.0,0.0,0.0,0.0,0.0,0.0,2610.825439453125,-0.016417106613516808,0.04708242788910866,210,0.01904761904761905,1.1702916470698521,0.9809523809523809,4.828096222494834,0.0,1.1614536828881625
362,204,1060,0.8833333333333333,1200,1365,12.430525674950331,0.0,2.735121682751924,4.550670281518251,7.879855393432081,0.04144123761745339,0.06595174321040943,0.12917795726937836,66.0,69.0,61.0,0.014925373134328358,0.0,0.04838709677419355,12.430525674950331,0.0956194282688487,0.0956194282688487,1624.2974853515625,-0.0011467990698292851,0.047758497297763824,451,0.004434589800443459,1.028868872615906,0.9955654101995566,3.343998655895129,0.0,1.1928362688366125
512,267,1058,0.700198544010589,1511,2349,12.413669507950544,0.14285714285714285,4.4345362121239305,6.1179126389324665,6.295756869018078,0.06718994260793834,0.08866540056423865,0.10320912900029636,66.0,69.0,61.0,0.19402985074626866,0.14285714285714285,0.14516129032258066,12.413669507950544,0.09548976544577342,0.09548976544577342,4409.79345703125,-0.004584333393722773,0.027887588366866112,852,0.04812206572769953,1.016268991553672,0.9518779342723005,5.162235595187872,0.0,1.0517921890573034
618,329,1058,0.983271375464684,1076,2078,5.099672224372625,0.0,4.685000063618645,2.4369623716920614,2.662709852680564,0.07207692405567147,0.03531829524191393,0.04294693310775103,65.0,69.0,62.0,0.09090909090909091,0.0,0.0,5.099672224372625,0.0389287956058979,0.0389287956058979,1557.1640625,0.003116714535281062,0.04510728269815445,0,0.0,,0.0,,0.0,
747,403,1051,0.8421474358974359,1248,1433,0.0,0.0,1.1193896755576134,0.0,0.0,0.017221379623963282,0.0,0.0,65.0,69.0,62.0,0.0,0.0,0.0,0.0,0.0,0.0,4182.37890625,0.010455292649567127,0.038493577390909195,0,0.0,,0.0,,0.0,
750,407,1037,1.0,1037,2338,98.06924855709076,1.0,19.729365557432175,49.91747999191284,48.15176856517792,0.3035287008835719,0.7234417390132296,0.7766414284706116,65.0,69.0,62.0,1.0,1.0,1.0,98.06924855709076,0.7486202179930592,0.7486202179930592,2492.80029296875,-0.0029991213232278824,0.02651616930961609,0,0.0,,0.0,,0.0,
97,44,1030,1.0,1030,3228,18.50972418487072,0.028169014084507043,0.8013413604348898,3.2415660806000233,15.268158104270697,0.012328328622075228,0.046308086865714616,0.2502976738405032,65.0,70.0,61.0,0.0,0.028169014084507043,0.43548387096774194,18.50972418487072,0.141295604464662,0.141295604464662,1277.296142578125,-0.020526275038719177,0.040444210171699524,0,0.0,,0.0,,0.0,
978,530,1029,0.8076923076923077,1274,3320,0.0,0.0,0.5669140475802124,0.0,0.0,0.008721754578157112,0.0,0.0,65.0,70.0,62.0,0.0,0.0,0.0,0.0,0.0,0.0,2089.5087890625,-0.003331415355205536,0.023137802258133888,0,0.0,,0.0,,0.0,
539,286,1026,1.0,1026,4353,1.0134920310229063,0.0,2.5419468742402387,0.013099592179059982,1.0003924388438463,0.03910687498831136,0.00018984916201536205,0.01613536191683623,65.0,69.0,62.0,0.19696969696969696,0.0,0.015873015873015872,1.0134920310229063,0.007736580389487834,0.007736580389487834,3732.858642578125,0.004315498750656843,0.02059016562998295,119,1.0,1.623491886418438,0.0,0.9408153907196903,0.0,1.6342795183514676
288,168,1025,0.812202852614897,1262,1446,107.92383459210396,1.0,8.011744504794478,55.551072150468826,52.37276244163513,0.12139006825446179,0.8050880021807076,0.8585698760923792,66.0,69.0,61.0,0.0,1.0,1.0,107.92383459210396,0.8301833430161842,0.8301833430161842,1663.9530029296875,0.010972178541123867,0.05789067596197128,476,0.0,1.0072307895499777,1.0,2.29974770700108,0.0,1.1124198348129621
721,395,1023,0.9411223551057958,1087,1884,0.0,0.0,3.483285032445565,0.0,0.0,0.053589000499162535,0.0,0.0,65.0,69.0,62.0,0.13636363636363635,0.0,0.0,0.0,0.0,0.0,2104.9638671875,0.0028502026107162237,0.031227396801114082,130,0.7769230769230769,1.6039253238001536,0.2230769230769231,1.377519844992312,0.0,1.1784675710383137
101,47,1021,0.9807877041306436,1041,1569,12.817084545909893,0.23943661971830985,7.728035442531109,7.601454621821176,5.2156299240887165,0.11889285296201706,0.10859220888315967,0.08550212990309371,65.0,70.0,61.0,0.3787878787878788,0.23943661971830985,0.016129032258064516,12.817084545909893,0.09784034004511369,0.09784034004511369,3801.7099609375,-0.004987260326743126,0.03184496983885765,0,0.0,,0.0,,0.0,
241,139,1021,1.0,1021,2659,65.52634644508362,0.9857142857142858,7.653410149738193,24.836954712867737,40.68939173221588,0.11596075984451806,0.35995586540388025,0.6670392087248506,66.0,69.0,61.0,0.4626865671641791,0.9857142857142858,1.0,65.52634644508362,0.5040488188083355,0.5040488188083355,2861.975830078125,-0.0005066607845947146,0.02685936726629734,413,0.0,0.9344752831337855,1.0,5.838128274237216,0.0,1.0365733374939663
43,1,1017,1.0,1017,3129,25.645179694518447,0.0,1.928982677811291,0.1317168679088354,25.51346282660961,0.02967665658171217,0.0018816695415547916,0.4182534889608133,65.0,70.0,61.0,0.015151515151515152,0.0,0.9838709677419355,25.645179694518447,0.19576473049250723,0.19576473049250723,1010.2735595703125,-0.006508576683700085,0.0345221608877182,0,0.0,,0.0,,0.0,
795,434,1015,0.8211974110032363,1236,1068,0.1866514381399611,0.0,1.269286950584501,0.0732950639212504,0.1133563742187107,0.01952749154745386,0.0010622473032065275,0.0018283286164308178,65.0,69.0,62.0,0.0,0.0,0.0,0.1866514381399611,0.0014248201384729855,0.0014248201384729855,3229.675048828125,-0.005853557959198952,0.035604432225227356,209,1.0,1.737473429706049,0.0,0.9758810210510821,0.0,1.4632393728491868
197,116,1011,1.0,1011,1830,0.010825193079654127,0.0,0.3710900340229273,0.0,0.010825193079654127,0.005709077446506574,0.0,0.00017746218163367422,65.0,69.0,61.0,0.0,0.0,0.0,0.010825193079654127,8.327071599733944e-05,8.327071599733944e-05,2737.957275390625,-0.0039061736315488815,0.03436678647994995,0,0.0,,0.0,,0.0,
264,150,999,0.9736842105263158,1026,1520,71.52930172442575,0.0,1.635806211270392,0.8560708379663993,70.67323088645935,0.024784942595005938,0.012406823738643468,1.1585775555157272,66.0,69.0,61.0,0.014925373134328358,0.0,1.0,71.52930172442575,0.5502253978801981,0.5502253978801981,1194.6065673828125,-0.003836999414488673,0.03838210180401802,439,0.0,0.9238025623081214,1.0,2.450339570956245,0.0,1.1629364176526744
819,444,998,1.0,998,2863,0.0,0.0,0.5968059072438336,0.0,0.0,0.009181629342212826,0.0,0.0,65.0,70.0,62.0,0.030303030303030304,0.0,0.0,0.0,0.0,0.0,1936.7320556640625,0.0031655575148761272,0.01470731571316719,0,0.0,,0.0,,0.0,
236,141,995,0.8697552447552448,1144,1908,0.0,0.0,0.6248721722513437,0.0,0.0,0.009467760185626421,0.0,0.0,66.0,69.0,61.0,0.0,0.0,0.0,0.0,0.0,0.0,3242.480712890625,-0.0001670030178502202,0.02939428761601448,335,0.0,1.462026237433461,1.0,2.3199672800277864,0.0,1.346989328333675
181,105,984,0.7657587548638133,1285,1898,2.5048388650175184,0.0,0.7853660560213029,0.007232969626784325,2.497605895390734,0.012082554708020046,0.00010482564676499021,0.040944358940831704,65.0,69.0,61.0,0.0,0.0,0.0,2.5048388650175184,0.019267991269365525,0.019267991269365525,3871.736083984375,-0.01091181579977274,0.03769275173544884,922,0.561822125813449,1.3910544739865802,0.43817787418655096,1.656139619510565,0.0,1.3108249425242158
992,547,976,0.7877320419693301,1239,3052,16.270080296322703,0.0,0.9823407552903518,5.901752723380923,10.36832757294178,0.015112934696774643,0.08431075319115605,0.16723108988615773,65.0,70.0,62.0,0.0,0.0,0.09523809523809523,16.270080296322703,0.12325818406305078,0.12325818406305078,2017.66064453125,-0.0045410580933094025,0.04213685914874077,8,1.0,1.9824314732082826,0.0,1.316830313182659,0.0,1.2131741884722684
534,289,974,0.8968692449355433,1086,1384,21.1782099455595,0.05714285714285714,4.25790384458378,9.23179230839014,11.946417637169361,0.0655062129935966,0.13379409142594406,0.19268415543821552,65.0,69.0,62.0,0.015151515151515152,0.05714285714285714,0.36507936507936506,21.1782099455595,0.16166572477526336,0.16166572477526336,3962.575927734375,-0.0019571648444980383,0.04177155718207359,1119,0.5058087578194816,1.4724251198573173,0.5317247542448614,2.272976193760752,0.16085790884718498,1.522011272553219
212,118,973,0.7988505747126436,1218,2699,0.057409617671510205,0.0,1.381303506437689,0.057409617671510205,0.0,0.021250823175964446,0.0008320234445146407,0.0,65.0,69.0,61.0,0.030303030303030304,0.0,0.0,0.057409617671510205,0.0004416124436270016,0.0004416124436270016,2444.679931640625,0.0001623940624995157,0.02438524179160595,0,0.0,,0.0,,0.0,
985,531,973,0.7936378466557912,1226,3272,14.520535024814308,0.2112676056338028,4.284867946640588,7.063300506211817,7.45723451860249,0.06592104533293212,0.1009042929458831,0.12027797610649178,65.0,70.0,62.0,0.12121212121212122,0.2112676056338028,0.25396825396825395,14.520535024814308,0.11000405321829021,0.11000405321829021,757.8710327148438,0.0014980267733335495,0.029239149764180183,0,0.0,,0.0,,0.0,
821,442,969,0.7635933806146572,1269,2347,16.93837797921151,0.014084507042253521,4.87199495441746,9.30547987204045,7.632898107171059,0.07495376852949938,0.132935426743435,0.12311125979308159,65.0,70.0,62.0,0.0,0.014084507042253521,0.015873015873015872,16.93837797921151,0.1283210452970569,0.1283210452970569,620.3336181640625,-0.005843211896717548,0.057820867747068405,1151,0.0,1.0146963930656672,1.0,3.7430554730457235,0.0,0.9798711237194352
245,144,968,1.0,968,1990,33.019188727252185,0.02857142857142857,1.7670935736969113,4.046491260640323,28.972697466611862,0.026774145056013807,0.058644800878845264,0.4749622535510141,66.0,69.0,61.0,0.014925373134328358,0.02857142857142857,0.5806451612903226,33.019188727252185,0.2539937594404014,0.2539937594404014,1471.2799072265625,0.00671926187351346,0.03115164488554001,234,0.0,0.9128573913510342,1.0,2.2263261904773266,0.0,1.117416639765327
567,300,968,0.8402777777777778,1152,1422,10.205180039905827,0.04285714285714286,5.238104755990207,7.009896462899633,3.195283577006194,0.08058622701523396,0.10159270236086425,0.051536831887196675,65.0,69.0,62.0,0.10606060606060606,0.04285714285714286,0.0,10.205180039905827,0.07790213770920479,0.07790213770920479,1886.817138671875,0.0019135411130264401,0.03948664665222168,0,0.0,,0.0,,0.0,
299,176,952,0.9655172413793104,986,1733,0.0,0.0,1.152375403791666,0.0,0.0,0.017460233390782818,0.0,0.0,66.0,69.0,61.0,0.0,0.0,0.0,0.0,0.0,0.0,1968.6561279296875,0.0004103766696061939,0.033242881298065186,0,0.0,,0.0,,0.0,
594,314,938,1.0,938,2069,0.0,0.0,0.0831077117472887,0.0,0.0,0.0012785801807275185,0.0,0.0,65.0,69.0,62.0,0.0,0.0,0.0,0.0,0.0,0.0,2334.700439453125,-0.00574348121881485,0.040496889501810074,0,0.0,,0.0,,0.0,
405,225,937,1.0,937,2442,0.0008427441352978349,0.0,1.1661944456864148,0.0,0.0008427441352978349,0.01766961281343053,0.0,1.3815477627833359e-05,66.0,69.0,61.0,0.0,0.0,0.0,0.0008427441352978349,6.48264719459873e-06,6.48264719459873e-06,2191.559326171875,-0.007706739474087954,0.023277273401618004,40,0.0,1.0552598564508435,1.0,2.5525876731305845,0.0,1.1151153819718655
914,492,935,1.0,935,3748,13.825784295797348,0.014084507042253521,7.633841761853546,7.550142742693424,6.275641553103924,0.11744371941313148,0.10785918203847748,0.10122002505006329,65.0,70.0,62.0,0.18181818181818182,0.014084507042253521,0.0,13.825784295797348,0.10474079011967688,0.10474079011967688,1060.62158203125,0.0042356885969638824,0.05045488104224205,0,0.0,,0.0,,0.0,
970,534,927,0.9242273180458624,1003,1637,3.3202303837169893,0.0,8.06346215121448,1.160314327396918,2.159916056320071,0.12405326386483816,0.016575918962813116,0.034837355747097926,65.0,70.0,62.0,0.30303030303030304,0.0,0.0,3.3202303837169893,0.025153260482704463,0.025153260482704463,1344.861572265625,0.0108329551294446,0.03801218792796135,4,0.0,1.0492171554420515,1.0,2.158994461845631,0.0,1.110575449895623
735,399,910,0.9090909090909091,1001,1275,6.699726623483002,0.0,3.1444723261520267,1.5108580784872174,5.188868544995785,0.048376497325415796,0.021896493891119095,0.0836914281450933,65.0,69.0,62.0,0.16666666666666666,0.0,0.015873015873015872,6.699726623483002,0.05114295132429773,0.05114295132429773,3692.728271484375,0.0028248606249690056,0.02825625240802765,813,0.03198031980319803,0.9998504771522536,0.968019680196802,2.9894001651271767,0.0,1.1308604332019436
956,526,902,0.9204081632653062,980,2400,4.1234446979360655,0.0,8.81434040516615,3.4642870069947094,0.6591576909413561,0.13560523700255614,0.04948981438563871,0.010631575660344453,65.0,70.0,62.0,0.3181818181818182,0.0,0.0,4.1234446979360655,0.031238217408606557,0.031238217408606557,1899.57763671875,0.00404819380491972,0.04123462364077568,0,0.0,,0.0,,0.0,
989,540,902,1.0,902,3427,20.20115538313985,0.04225352112676056,4.830361685715616,7.303940061479807,12.897215321660042,0.07431325670331716,0.10434200087828295,0.20801960196225874,65.0,70.0,62.0,0.15151515151515152,0.04225352112676056,0.7619047619047619,20.20115538313985,0.15303905593287764,0.15303905593287764,1397.9852294921875,-0.0015333936316892505,0.03484424948692322,0,0.0,,0.0,,0.0,
590,304,891,1.0,891,5567,14.60250298678875,0.014285714285714285,4.559935172030237,7.4762559831142426,7.126247003674507,0.07015284880046518,0.10835153598716293,0.11493946780120173,65.0,69.0,62.0,0.18181818181818182,0.014285714285714285,0.0,14.60250298678875,0.11146948844876908,0.11146948844876908,3773.324951171875,-0.003123803064227104,0.03582819551229477,0,0.0,,0.0,,0.0,
996,544,881,0.7789566755083996,1131,2662,14.31466872850433,0.09859154929577464,3.670477340754587,7.371274190489203,6.943394538015127,0.05646888216545519,0.10530391700698861,0.11199023448411495,65.0,70.0,62.0,0.015151515151515152,0.09859154929577464,0.031746031746031744,14.31466872850433,0.10844446006442675,0.10844446006442675,898.2398681640625,-0.004224026575684547,0.04703516885638237,27,0.5925925925925926,1.39611925842565,0.4074074074074074,1.602021679810754,0.0,1.100219887141788
112,58,878,1.0,878,1521,2.461010134546086,0.09859154929577464,1.2129550352692604,2.461010134546086,0.0,0.01866084669645016,0.03515728763637266,0.0,65.0,70.0,61.0,0.030303030303030304,0.09859154929577464,0.0,2.461010134546086,0.018786336904931956,0.018786336904931956,2962.116943359375,0.007697504945099354,0.02100658230483532,0,0.0,,0.0,,0.0,
855,458,878,1.0,878,5561,183.75531089305878,1.0,29.370777368545532,91.037557721138,92.71775317192078,0.45185811336223897,1.3005365388734,1.4954476318051737,65.0,70.0,62.0,0.9393939393939394,1.0,1.0,183.75531089305878,1.3920856885837787,1.3920856885837787,1468.1654052734375,0.006642193533480167,0.03938214108347893,0,0.0,,0.0,,0.0,
582,310,871,0.7228215767634855,1205,902,0.03399251028895378,0.0,6.930656753946096,0.01065828837454319,0.02333422191441059,0.10662548852224762,0.0001544679474571477,0.00037635841797436435,65.0,69.0,62.0,0.06060606060606061,0.0,0.0,0.03399251028895378,0.0002594848113660594,0.0002594848113660594,3733.1796875,0.021306028589606285,0.05118272453546524,692,0.0,0.8888039336445454,1.0,2.5252237233898867,0.0,1.0108443467083825
100,45,870,0.9875141884222475,881,1944,30.882811625488102,0.014084507042253521,5.729455746943131,9.433885698206723,21.44892592728138,0.08814547302989433,0.13476979568866745,0.3516217365128095,65.0,70.0,61.0,0.0,0.014084507042253521,0.3870967741935484,30.882811625488102,0.23574665362968017,0.23574665362968017,347.5699462890625,0.0029330484103411436,0.06619453430175781,0,0.0,,0.0,,0.0,
424,240,860,0.7577092511013216,1135,2687,18.533921100199223,0.9571428571428572,5.712104342877865,9.409437753260136,9.124483346939087,0.08654703549814946,0.1363686630907266,0.14958169421211617,66.0,69.0,61.0,0.22388059701492538,0.9571428571428572,0.9838709677419355,18.533921100199223,0.14256862384768632,0.14256862384768632,2773.7421875,0.002997169503942132,0.020092464983463287,48,1.0,1.7844337219612856,0.0,0.9216555729800285,0.0,1.2817286119582572
559,296,851,0.9140708915145005,931,3374,5.154634095262736,0.0,4.399863032740541,3.4233741217758507,1.7312599734868854,0.06769020050370063,0.04961411770689639,0.027923547959465896,65.0,69.0,62.0,0.21212121212121213,0.0,0.0,5.154634095262736,0.03934835187223463,0.03934835187223463,4666.55029296875,0.0012553597334772348,0.028444908559322357,489,0.0,1.0479445315249951,1.0,2.6552899981780627,0.0,1.1601155366055211
857,461,850,1.0,850,3199,13.576468363404274,0.18309859154929578,7.03929135389626,4.794239893555641,8.782228469848633,0.10829679005994247,0.06848914133650916,0.14164884628788119,65.0,70.0,62.0,0.4696969696969697,0.18309859154929578,0.38095238095238093,13.576468363404274,0.10285203305609299,0.10285203305609299,3122.9677734375,-0.003592062508687377,0.02179112285375595,625,0.0192,1.2449208704302048,0.9808,3.3228210647642626,0.0,1.0493296173273317
79,37,848,0.8591691995947315,987,10046,82.28087446093559,1.0,24.57592672109604,43.083569437265396,39.1973050236702,0.37809118032455447,0.6154795633895057,0.6425787708798393,65.0,70.0,61.0,0.9848484848484849,1.0,1.0,82.28087446093559,0.6280982783277527,0.6280982783277527,1985.157958984375,0.014648523181676865,0.04292654991149902,0,0.0,,0.0,,0.0,
521,278,846,0.9917936694021102,853,3106,8.310157725820318,0.0,6.169451745947299,4.863108351128176,3.447049374692142,0.09491464224534306,0.07047983117577067,0.05650900614249413,65.0,69.0,61.0,0.21212121212121213,0.0,0.0,8.310157725820318,0.06392429019861783,0.06392429019861783,826.2324829101562,0.007676081731915474,0.045792046934366226,0,0.0,,0.0,,0.0,
933,508,845,0.9712643678160919,870,2237,6.32157323078718,0.0,4.420802357257344,4.089735637418926,2.2318375933682546,0.0680123439578053,0.05842479482027037,0.035997380538197656,65.0,70.0,62.0,0.06060606060606061,0.0,0.0,6.32157323078718,0.047890706293842275,0.047890706293842275,488.9801025390625,0.0002879315288737416,0.05178707838058472,1,0.0,0.8854684689502843,1.0,1.7639349934300028,0.0,1.0242484240956613
379,208,841,0.8117760617760618,1036,7336,23.14378847181797,0.2714285714285714,10.03908181656152,12.858532890677452,10.285255581140518,0.1521073002509321,0.18635554914025293,0.16861074723181177,66.0,69.0,61.0,0.26865671641791045,0.2714285714285714,0.016129032258064516,23.14378847181797,0.17802914209090748,0.17802914209090748,2286.560302734375,0.004328737501055002,0.047269921749830246,364,1.0,1.734316916541763,0.0,1.0567167390206282,0.0,1.3213767788067086
266,151,835,0.9403153153153153,888,1327,30.23385842925927,0.0,3.5449231832753867,0.04940437561890576,30.184454053640366,0.05371095732235434,0.0007160054437522574,0.4948271156334486,66.0,69.0,61.0,0.0,0.0,0.25806451612903225,30.23385842925927,0.23256814176353285,0.23256814176353285,2553.97900390625,0.031249554827809334,0.10324138402938843,224,0.0,0.9613274674796696,1.0,2.2760023242975747,0.0,1.1266974433958037
161,85,831,0.8983783783783784,925,1208,0.6327369479186018,0.0,0.4003275418654084,0.46824338546866784,0.16449356244993396,0.006158885259467822,0.006689191220980969,0.00269661577786777,65.0,70.0,61.0,0.0,0.0,0.0,0.6327369479186018,0.004830053037546579,0.004830053037546579,2902.32373046875,0.0031701987609267235,0.031989678740501404,267,0.6853932584269663,1.8277409412012353,0.44569288389513106,2.100721335544225,0.0,1.2258079450516317
273,160,830,0.8217821782178217,1010,971,64.97853346308693,0.0,2.053200730297249,1.073363499250263,63.90516996383667,0.03110910197420074,0.015555992742757435,1.0476257371120765,66.0,69.0,61.0,0.014925373134328358,0.0,1.0,64.97853346308693,0.4998348727929764,0.4998348727929764,2317.155517578125,-0.004242291208356619,0.04000893235206604,518,0.0,0.9461629627850706,1.0,2.894558955926474,0.0,1.183432956256582
944,518,824,0.719650655021834,1145,1203,4.2056485196517315,0.0,1.4792431592941284,3.722550335805863,0.48309818384586833,0.022757587066063515,0.05317929051151233,0.007791906191062393,65.0,70.0,62.0,0.015151515151515152,0.0,0.0,4.2056485196517315,0.03186097363372524,0.03186097363372524,2422.091796875,-0.006221979856491089,0.047015003859996796,790,0.0,1.0507598810338843,1.0,2.979064685964278,0.0,1.0918333423837263
188,111,822,1.0,822,1231,5.924010558985174,0.0,1.816202579109813,0.661989507265389,5.262021051719785,0.02794157814015097,0.009594050829933174,0.08626264019212762,65.0,69.0,61.0,0.0,0.0,0.0,5.924010558985174,0.04556931199219364,0.04556931199219364,4682.48193359375,-0.002598406746983528,0.041237205266952515,0,0.0,,0.0,,0.0,
997,546,821,0.9613583138173302,854,3136,11.319133467972279,0.0,6.041827581822872,6.657449617981911,4.661683849990368,0.09295119356650572,0.0951064231140273,0.07518844919339303,65.0,70.0,62.0,0.0,0.0,0.0,11.319133467972279,0.08575101112100211,0.08575101112100211,10241.380859375,-0.001595454290509224,0.03764473646879196,0,0.0,,0.0,,0.0,
177,101,820,1.0,820,1838,0.39604925925959833,0.0,0.3297017142176628,0.0,0.39604925925959833,0.00507233406488712,0.0,0.006492610807534399,65.0,69.0,61.0,0.0,0.0,0.0,0.39604925925959833,0.003046532763535372,0.003046532763535372,3356.583251953125,-0.0019234780920669436,0.018445422872900963,0,0.0,,0.0,,0.0,
722,391,819,1.0,819,2665,20.38741398975253,0.6714285714285714,3.127941486891359,10.11808805540204,10.26932593435049,0.04812217672140552,0.14663895732466725,0.1656342892637176,65.0,69.0,62.0,0.10606060606060606,0.6714285714285714,0.7777777777777778,20.38741398975253,0.15562911442559185,0.15562911442559185,1873.295654296875,0.0003533363342285156,0.024256227537989616,0,0.0,,0.0,,0.0,
214,123,811,1.0,811,1678,128.84667739272118,0.35714285714285715,3.171883230097592,13.526832669973373,115.3198447227478,0.048798203539962955,0.1960410531880199,1.890489257749964,65.0,69.0,61.0,0.015151515151515152,0.35714285714285715,1.0,128.84667739272118,0.9911282876363168,0.9911282876363168,920.2532958984375,-0.0017123610014095902,0.04476139321923256,0,0.0,,0.0,,0.0,
219,122,808,0.9758454106280193,828,3577,20.122647117823362,0.6142857142857143,6.881221562507562,11.30405668541789,8.818590432405472,0.10586494711550096,0.16382690848431725,0.14456705626894217,65.0,69.0,61.0,0.3939393939393939,0.6142857142857143,0.6774193548387096,20.122647117823362,0.15478959321402586,0.15478959321402586,2663.566650390625,0.002567684045061469,0.02584938518702984,84,1.0,1.5755279024613287,0.0,1.0860841901801122,0.0,1.1033416059385588
433,241,795,0.9875776397515528,805,2743,9.772728523705155,0.0,6.713589687598869,5.555616274941713,4.217112248763442,0.10172105587271014,0.08051617789770597,0.0691329876846466,66.0,69.0,61.0,0.14925373134328357,0.0,0.0,9.772728523705155,0.07517483479773196,0.07517483479773196,2196.878173828125,0.00237093772739172,0.04706789180636406,0,0.0,,0.0,,0.0,
46,12,787,0.8138572905894519,967,2030,37.740807849913836,0.0,2.790500364935724,5.997359946370125,31.74344790354371,0.042930774845164985,0.08567657066243035,0.5203843918613723,65.0,70.0,61.0,0.0,0.0,0.3548387096774194,37.740807849913836,0.2880977698466705,0.2880977698466705,1136.4639892578125,0.008900485001504421,0.059430260211229324,25,1.0,1.5051942670575882,0.0,0.8618382761814432,0.0,1.0228771286066949
174,99,746,0.7270955165692008,1026,868,0.0,0.0,0.0,0.0,0.0,0.0,0.0,0.0,65.0,69.0,61.0,0.0,0.0,0.0,0.0,0.0,0.0,3042.191162109375,0.002982763107866049,0.03126602992415428,375,1.0,1.6794764310787471,0.0,1.1729739817436164,0.0,1.1001791089506507
215,125,733,0.7411526794742164,989,9183,18.383065603673458,0.8571428571428571,6.100954842171632,10.58618214726448,7.7968834564089775,0.09243870972987321,0.15342292967049972,0.12781776158047503,66.0,69.0,61.0,0.43283582089552236,0.8571428571428571,0.967741935483871,18.383065603673458,0.1414081969513343,0.1414081969513343,2580.64990234375,-0.0025202364195138216,0.017742877826094627,0,0.0,,0.0,,0.0,
890,479,713,0.7403946002076843,963,2833,3.2932835581013933,0.0,3.173293197527528,0.7853442011401057,2.5079393569612876,0.04881989534657735,0.011219202873430081,0.04045063478969819,65.0,70.0,62.0,0.12121212121212122,0.0,0.0,3.2932835581013933,0.024949117864404496,0.024949117864404496,1883.1048583984375,0.008409122005105019,0.030706582590937614,0,0.0,,0.0,,0.0,
575,301,697,0.9040207522697795,771,1942,16.394919775426388,0.02857142857142857,5.407309824950062,8.535777390003204,7.859142385423183,0.08318938192230864,0.12370691869569861,0.12676036105521263,65.0,69.0,62.0,0.15151515151515152,0.02857142857142857,0.0,16.394919775426388,0.1251520593543999,0.1251520593543999,1291.2532958984375,-0.00860208086669445,0.045860279351472855,0,0.0,,0.0,,0.0,
117,60,694,0.8729559748427673,795,1045,23.98782680463046,0.0,1.6979908109642565,0.14552291948348284,23.842303885146976,0.026122935553296256,0.0020788988497640404,0.39085744074011436,65.0,70.0,61.0,0.0,0.0,0.25806451612903225,23.98782680463046,0.1831131817147363,0.1831131817147363,1904.1119384765625,0.006306864321231842,0.06748680025339127,0,0.0,,0.0,,0.0,
66,26,648,0.7363636363636363,880,2792,81.28775124624372,0.352112676056338,5.132631844840944,9.184910584241152,72.10284066200256,0.07896356684370683,0.13121300834630217,1.1820137813443043,65.0,70.0,61.0,0.21212121212121213,0.352112676056338,1.0,81.28775124624372,0.6205171850858299,0.6205171850858299,1184.41796875,0.0010650833137333393,0.0323026180267334,0,0.0,,0.0,,0.0,
604,326,626,0.9796557120500783,639,3170,21.392969220876694,0.3,5.360303113237023,7.016879454255104,14.37608976662159,0.08246620174210806,0.10169390513413194,0.2318724155906708,65.0,69.0,62.0,0.15151515151515152,0.3,1.0,21.392969220876694,0.16330510855631064,0.16330510855631064,2391.067626953125,0.0034228393342345953,0.02271198108792305,0,0.0,,0.0,,0.0,
301,174,616,1.0,616,6974,17.414424896240234,0.5571428571428572,6.123596147634089,9.857433155179024,7.556991741061211,0.09278175981263771,0.14286135007505832,0.12388511050920017,66.0,69.0,61.0,0.373134328358209,0.5571428571428572,0.3225806451612903,17.414424896240234,0.13395711458646334,0.13395711458646334,3279.88134765625,-0.0003340989351272583,0.027036018669605255,158,1.0,1.609230854566703,0.0,1.1925657217435577,0.0,1.1741717624273935
958,535,608,0.8205128205128205,741,676,32.632865116000175,0.8732394366197183,12.69622978568077,16.114232674241066,16.51863244175911,0.19532661208739646,0.23020332391772952,0.2664295555122437,65.0,70.0,62.0,0.6363636363636364,0.8732394366197183,1.0,32.632865116000175,0.24721867512121345,0.24721867512121345,4551.5908203125,-0.00341063947416842,0.03798021376132965,915,0.35956284153005463,1.4293110016532544,0.7333333333333333,2.2297243232937984,0.0,1.049004667971961
822,438,598,0.9950083194675541,601,4064,16.140915673226118,0.15492957746478872,6.499107175273821,8.078560788184404,8.062354885041714,0.09998626423498186,0.1154080112597772,0.13003798201680183,65.0,70.0,62.0,0.3484848484848485,0.15492957746478872,0.12698412698412698,16.140915673226118,0.12227966419110696,0.12227966419110696,1724.58349609375,0.003888489445671439,0.032156288623809814,776,1.0,2.0632445928633234,0.0,1.1042330115339736,0.0,1.3577737174179094
149,51,366,1.0,366,14946,4.457821314688772,0.5633802816901409,2.452003082376905,3.038799026980996,1.4190222877077758,0.037723124344260076,0.04341141467115709,0.023262660454225835,65.0,70.0,61.0,0.4090909090909091,0.5633802816901409,0.06451612903225806,4.457821314688772,0.034029170341135666,0.034029170341135666,5507.23046875,0.0008707219385541975,0.00843963772058487,0,0.0,,0.0,,0.0,
113,55,334,0.7373068432671082,453,1240,7.185746246250346,0.1267605633802817,2.991377703845501,4.569546255283058,2.6161999909672886,0.04602119544377694,0.06527923221832939,0.0428885244420867,65.0,70.0,61.0,0.045454545454545456,0.1267605633802817,0.0,7.185746246250346,0.054853024780536996,0.054853024780536996,3676.407958984375,-0.0002394101902609691,0.02285945788025856,0,0.0,,0.0,,0.0,
265,146,138,1.0,138,2677,0.38933065452147275,0.0,3.8377387882210314,0.38933065452147275,0.0,0.05814755739728836,0.005642473253934388,0.0,66.0,69.0,61.0,0.029850746268656716,0.0,0.0,0.38933065452147275,0.0029948511886267134,0.0029948511886267134,3953.33203125,0.0023594112135469913,0.026033448055386543,0,0.0,,0.0,,0.0,
