calcium_label,calcium AUC,calcium response time,calcium_auc_w1,calcium_auc_w2,calcium_auc_w3,calcium_auc_norm_w1,calcium_auc_norm_w2,calcium_auc_norm_w3,calcium_active_time_w1,calcium_active_time_w2,calcium_active_time_w3,calcium_response_time_w1,calcium_response_time_w2,calcium_response_time_w3,calcium_auc_w2_w3,calcium_auc_norm_w2_w3,calcium_AUC_norm,calcium_baseline_F0,calcium_baseline_mean_dff,calcium_baseline_sd_dff
1,8.084274283028208,0.034482758620689655,0.02223322819918394,2.0937117993598804,5.990562483668327,0.00031761754570262774,0.036731785953682115,0.08557946405240467,70.0,57.0,70.0,0.0,0.034482758620689655,0.4225352112676056,8.084274283028208,0.06365570301597014,0.06365570301597014,4782.38623046875,0.0023920265957713127,0.017598915845155716
2,0.0,0.0,0.0,0.0,0.0,0.0,0.0,0.0,70.0,57.0,70.0,0.0,0.0,0.0,0.0,0.0,0.0,5305.6025390625,0.0003865852195303887,0.023070018738508224
3,9.521830306388438,0.20689655172413793,0.026451852405443788,2.4805648336187005,7.041265472769737,0.00037788360579205413,0.04351868129155615,0.10058950675385339,70.0,57.0,70.0,0.0,0.20689655172413793,1.0,9.521830306388438,0.07497504178258613,0.07497504178258613,5557.68212890625,-0.0003273140173405409,0.01255146786570549
4,21.76821464113891,0.5862068965517241,0.0616936725564301,4.88271520845592,16.88549943268299,0.0008813381793775729,0.08566167032378807,0.24122142046689987,70.0,57.0,70.0,0.0,0.5862068965517241,1.0,21.76821464113891,0.17140326489085758,0.17140326489085758,5899.1572265625,-0.0004028190451208502,0.016038663685321808
5,8.183980360539863,0.0,0.1448520701378584,0.7071845418831799,7.476795818656683,0.0020693152876836915,0.012406746348827718,0.10681136883795261,70.0,57.0,70.0,0.0,0.0,0.014084507042253521,8.183980360539863,0.06444079024047136,0.06444079024047136,1057.5633544921875,-0.0182011928409338,0.05126955732703209
6,14.491279886104167,0.017241379310344827,0.10854784108232707,2.9154429147019982,11.575836971402168,0.0015506834440332437,0.05114812131056137,0.16536909959145954,70.0,57.0,70.0,0.014084507042253521,0.017241379310344827,0.9577464788732394,14.491279886104167,0.11410456603231627,0.11410456603231627,3633.209716796875,6.481731543317437e-05,0.024462155997753143
7,0.5828369022347033,0.0,0.03581297351047397,0.046491146087646484,0.5363457561470568,0.0005116139072924852,0.0008156341418885349,0.007662082230672241,70.0,57.0,70.0,0.0,0.0,0.0,0.5828369022347033,0.004589266946729947,0.004589266946729947,10896.984375,-0.055936090648174286,0.2359437793493271
8,18.096246860921383,0.7241379310344828,2.08466879487969,7.557199582457542,10.53904727846384,0.029780982783995567,0.1325824488150446,0.15055781826376916,70.0,57.0,70.0,0.0,0.7241379310344828,0.8450704225352113,18.096246860921383,0.1424901327631605,0.1424901327631605,8994.431640625,0.0034631374292075634,0.02255615033209324
9,5.410362653201446,0.0,0.02058383813709952,1.4814867766108364,3.9288758765906096,0.0002940548305299931,0.025990996080891865,0.05612679823700871,70.0,57.0,70.0,0.0,0.0,0.014084507042253521,5.410362653201446,0.04260128073386965,0.04260128073386965,4692.69873046875,0.0035208682529628277,0.01924196630716324
10,12.18472462380305,0.0,0.0885951342061162,2.8638670020736754,9.320857621729374,0.0012656447743730887,0.05024328073813466,0.1331551088818482,70.0,57.0,70.0,0.0,0.0,0.07042253521126761,12.18472462380305,0.09594271357325236,0.09594271357325236,6171.00439453125,0.0005447575240395963,0.03664934262633324
11,41.91014152765274,1.0,3.082543284384883,11.860422909259796,30.049718618392944,0.04403633263406976,0.20807759489929467,0.42928169454847065,70.0,57.0,70.0,0.19718309859154928,1.0,1.0,41.91014152765274,0.33000111439096647,0.33000111439096647,5701.50732421875,-0.004482541233301163,0.01601775363087654
12,30.163563802838326,1.0,4.913562998175621,10.727714791893959,19.435849010944366,0.07019375711679458,0.1882055226648063,0.2776549858706338,70.0,57.0,70.0,0.5070422535211268,1.0,1.0,30.163563802838326,0.23750837640030178,0.23750837640030178,5197.91064453125,-0.0015333277406170964,0.012532725930213928
13,5.802215692587197,0.017241379310344827,0.07339943666011095,1.280730894766748,4.521484797820449,0.0010485633808587278,0.022468963066083297,0.06459263996886355,70.0,57.0,70.0,0.0,0.017241379310344827,0.23943661971830985,5.802215692587197,0.04568673773690706,0.04568673773690706,8394.0048828125,0.0009990257676690817,0.01554139330983162
14,6.975216962164268,0.22413793103448276,0.02480311691761017,1.9501910244580358,5.025025937706232,0.0003543302416801453,0.0342138776220708,0.07178608482437475,70.0,57.0,70.0,0.0,0.22413793103448276,0.7183098591549296,6.975216962164268,0.05492296820601786,0.05492296820601786,3981.861328125,-0.001584765501320362,0.011132938787341118
15,2.108963764330838,0.0,0.14491527060454246,0.3404904007911682,1.7684733635396697,0.0020702181514934636,0.005973515803353828,0.025263905193423853,70.0,57.0,70.0,0.0,0.0,0.0,2.108963764330838,0.016606013892368803,0.016606013892368803,8732.0185546875,0.002165163867175579,0.019353453069925308
16,44.56907385587692,1.0,3.0847711792448536,11.588143676519394,32.98093017935753,0.04406815970349791,0.2033007662547262,0.47115614541939327,70.0,57.0,70.0,0.16901408450704225,1.0,1.0,44.56907385587692,0.3509375894163537,0.3509375894163537,4611.55859375,-0.003999251872301102,0.01621115393936634
17,53.26746656745672,0.6724137931034483,0.9676862026099116,5.899337820708752,47.36812874674797,0.013824088608713023,0.10349715474927634,0.676687553524971,70.0,57.0,70.0,0.0,0.6724137931034483,1.0,53.26746656745672,0.4194288706098955,0.4194288706098955,2831.56591796875,-0.005052858963608742,0.02007710374891758
18,42.82814158499241,0.5689655172413793,1.2114212828746531,6.241514876484871,36.58662670850754,0.017306018326780758,0.10950026099096265,0.522666095835822,70.0,57.0,70.0,0.0,0.5689655172413793,1.0,42.82814158499241,0.3372294612991528,0.3372294612991528,7140.66259765625,-0.0020120004191994667,0.021258998662233353
19,6.892338269390166,0.034482758620689655,0.019905109904357232,1.7263007843866944,5.166037485003471,0.000284358712919389,0.03028597867345078,0.07380053550004959,70.0,57.0,70.0,0.0,0.034482758620689655,0.8450704225352113,6.892338269390166,0.054270380073938314,0.054270380073938314,4976.67578125,-0.0018939105793833733,0.01148241013288498
20,10.380444560665637,0.0,0.4304379550740123,0.9859710731543601,9.394473487511277,0.006149113643914461,0.017297738125515088,0.13420676410730395,70.0,57.0,70.0,0.0,0.0,0.30985915492957744,10.380444560665637,0.08173578394224912,0.08173578394224912,2315.84228515625,0.005017050076276064,0.032870132476091385
21,17.974523535580374,0.0,0.028506495465990156,1.2389761271188036,16.73554740846157,0.0004072356495141451,0.02173642328278603,0.23907924869230815,70.0,57.0,70.0,0.0,0.0,1.0,17.974523535580374,0.14153168138252264,0.14153168138252264,4613.146484375,-0.0030911522917449474,0.01758229359984398
22,80.94071970134974,1.0,1.4180034149903804,12.759576141834259,68.18114355951548,0.02025719164271972,0.22385221301463612,0.9740163365645068,70.0,57.0,70.0,0.0,1.0,1.0,80.94071970134974,0.637328501585431,0.637328501585431,1676.2686767578125,0.003142258618026972,0.01657712645828724
23,89.69519824534655,0.9310344827586207,2.5955841636750847,9.820420868694782,79.87477737665176,0.03707977376678692,0.17228808541569793,1.1410682482378824,70.0,57.0,70.0,0.0,0.9310344827586207,1.0,89.69519824534655,0.7062614035066657,0.7062614035066657,2427.9990234375,-0.0016139865620061755,0.0245123952627182
24,3.9696499360143207,0.0,0.02839057706296444,0.983174947090447,2.9864749889238738,0.00040557967232806344,0.017248683282288544,0.042663928413198195,70.0,57.0,70.0,0.0,0.0,0.014084507042253521,3.9696499360143207,0.03125708611034898,0.03125708611034898,5949.14501953125,0.00040381820872426033,0.019124077633023262
25,100.30327971465886,0.0,0.8641775866271928,3.679452257230878,96.62382745742798,0.012345394094674183,0.06455179398650662,1.3803403922489712,70.0,57.0,70.0,0.0,0.0,0.971830985915493,100.30327971465886,0.7897896040524319,0.7897896040524319,1993.3480224609375,0.006193144712597132,0.02907492406666279
26,53.060170501470566,1.0,5.688825452816673,13.566273540258408,39.49389696121216,0.08126893504023817,0.23800479895190188,0.5641985280173165,70.0,57.0,70.0,0.5774647887323944,1.0,1.0,53.060170501470566,0.41779661812181546,0.41779661812181546,5345.8310546875,-0.003713589860126376,0.01600707322359085
27,7.688514784211293,0.017241379310344827,0.04145004553720355,1.2169881912413985,6.471526592969894,0.0005921435076743364,0.02135067002177892,0.09245037989956992,70.0,57.0,70.0,0.0,0.017241379310344827,0.30985915492957744,7.688514784211293,0.0605394864898527,0.0605394864898527,4729.32568359375,-0.0037421733140945435,0.02041144110262394
28,5.112809324418777,0.017241379310344827,2.111881649820134,2.0153347176965326,3.097474606722244,0.030169737854573345,0.0353567494332725,0.0442496372388892,70.0,57.0,70.0,0.014084507042253521,0.017241379310344827,0.09859154929577464,5.112809324418777,0.04025834113715572,0.04025834113715572,3559.417236328125,0.005127252079546452,0.020706895738840103
29,7.811320678796619,0.10344827586206896,0.0066979633120354265,2.654128012713045,5.157192666083574,9.568519017193467e-05,0.046563649345842895,0.07367418094405107,70.0,57.0,70.0,0.0,0.10344827586206896,0.4507042253521127,7.811320678796619,0.061506462037768654,0.061506462037768654,4038.1474609375,0.002691512694582343,0.0158512145280838
30,18.34610091149807,0.2413793103448276,0.6479929689376149,4.20130904763937,14.1447918638587,0.0092570424133945,0.07370717627437491,0.20206845519798142,70.0,57.0,70.0,0.0,0.2413793103448276,0.9859154929577465,18.34610091149807,0.1444574874921108,0.1444574874921108,2200.407958984375,0.0024462267756462097,0.017999310046434402
31,7.732290164800361,0.0,0.16238667478319257,1.6029792961198837,6.129310868680477,0.002319809639759894,0.028122443791576905,0.08756158383829253,70.0,57.0,70.0,0.0,0.0,0.5915492957746479,7.732290164800361,0.06088417452598709,0.06088417452598709,5200.84765625,0.003688645316287875,0.021497732028365135
32,31.939975647139363,0.0,1.3669899710221216,3.8598283807514235,28.08014726638794,0.01952842815745888,0.06771628738160392,0.40114496094839913,70.0,57.0,70.0,0.0,0.0,0.971830985915493,31.939975647139363,0.2514958712373178,0.2514958712373178,1895.881591796875,0.002995847724378109,0.05856363847851753
33,32.93074407428503,0.6551724137931034,3.3066544220782816,7.7429583594202995,25.18778571486473,0.047237920315404025,0.13584137472667193,0.3598255102123533,70.0,57.0,70.0,0.014084507042253521,0.6551724137931034,1.0,32.93074407428503,0.2592971974353152,0.2592971974353152,2378.993408203125,0.0026413961313664913,0.024620333686470985
34,45.29368133842945,1.0,0.24520147990551777,11.578489288687706,33.715192049741745,0.00350287828436454,0.20313139102960887,0.48164560071059637,70.0,57.0,70.0,0.0,1.0,1.0,45.29368133842945,0.35664316014511377,0.35664316014511377,3883.89794921875,0.0011098396498709917,0.019401269033551216
35,78.18769928254187,0.06896551724137931,1.2356975258444436,3.8802499417215586,74.30744934082031,0.017652821797777767,0.06807456038107998,1.0615349905831473,70.0,57.0,70.0,0.0,0.06896551724137931,1.0,78.18769928254187,0.6156511754530856,0.6156511754530856,1656.50732421875,0.0007082041120156646,0.02375693805515766
36,52.39043531741481,0.0,6.678633199073374,12.459001282113604,39.93143403530121,0.0954090457010482,0.21857896986164219,0.5704490576471601,70.0,57.0,70.0,0.0,0.0,0.09859154929577464,52.39043531741481,0.4125231127355497,0.4125231127355497,165.4049072265625,0.025115808472037315,0.1952352523803711
37,10.550742434235872,0.0,0.18210973148234189,2.589156778427423,7.961585655808449,0.002601567592604884,0.04542380313030567,0.1137369379401207,70.0,57.0,70.0,0.0,0.0,0.07042253521126761,10.550742434235872,0.08307671208059741,0.08307671208059741,4090.00439453125,0.012180936522781849,0.029252739623188972
38,5.478364489623345,0.017241379310344827,0.15623978426447138,1.4258655045414343,4.052498985081911,0.002231996918063877,0.025015184290200602,0.057892842644027304,70.0,57.0,70.0,0.0,0.017241379310344827,0.352112676056338,5.478364489623345,0.04313672826475075,0.04313672826475075,7782.3447265625,0.0013310713693499565,0.012101435102522373
39,7.178645882755518,0.0,0.014710487797856331,1.4225591588765383,5.75608672387898,0.00021014982568366187,0.02495717822590418,0.08222981034112828,70.0,57.0,70.0,0.0,0.0,0.2112676056338028,7.178645882755518,0.05652477073035841,0.05652477073035841,4863.53173828125,0.0004286218318156898,0.021839523687958717
40,3.458059528398735,0.0,0.04440884874202311,0.7077847942928202,2.750274734105915,0.0006344121248860444,0.012417277092856494,0.03928963905865593,70.0,57.0,70.0,0.0,0.0,0.07042253521126761,3.458059528398735,0.027228815184242007,0.027228815184242007,7978.76220703125,0.0008422378450632095,0.015001867897808552
41,3.549105747399153,0.0,0.8627060609142063,3.0280171604827046,0.5210885869164485,0.012324372298774375,0.05312310807864394,0.0074441226702349796,70.0,57.0,70.0,0.0,0.0,0.0,3.549105747399153,0.027945714546450024,0.027945714546450024,4166.01953125,-0.004441774915903807,0.02670520916581154
42,0.012100275300326757,0.0,0.16463675035629421,0.012100275300326757,0.0,0.0023519535765184887,0.00021228553158467994,0.0,70.0,57.0,70.0,0.0,0.0,0.0,0.012100275300326757,9.527775827028943e-05,9.527775827028943e-05,10943.626953125,0.0017245591152459383,0.01546543464064598
43,3.86185737978667,0.017241379310344827,0.6722856476444576,0.6973566557280719,3.1645007240585983,0.00960408068063511,0.012234327293474945,0.04520715320083712,70.0,57.0,70.0,0.0,0.017241379310344827,0.5492957746478874,3.86185737978667,0.03040832582509189,0.03040832582509189,4085.066650390625,-0.0005410205340012908,0.00711305346339941
44,19.597208604216576,0.06896551724137931,1.521912716620136,6.274238832294941,13.322969771921635,0.021741610237430514,0.11007436547885861,0.1903281395988805,70.0,57.0,70.0,0.0,0.06896551724137931,0.7746478873239436,19.597208604216576,0.15430872916705965,0.15430872916705965,1561.7493896484375,-0.0015106203500181437,0.032605044543743134
45,6.755220799241215,0.017241379310344827,0.03576436440926045,1.0063461945392191,5.748874604701996,0.0005109194915608636,0.017655196395424896,0.08212678006717138,70.0,57.0,70.0,0.0,0.017241379310344827,0.1267605633802817,6.755220799241215,0.05319071495465524,0.05319071495465524,4837.83837890625,0.002779613947495818,0.020576076582074165
46,60.61554020643234,1.0,2.408731060597347,25.286541908979416,35.32899829745293,0.03441044372281924,0.44362354226279677,0.5046999756778989,70.0,57.0,70.0,0.07042253521126761,1.0,1.0,60.61554020643234,0.4772877181608846,0.4772877181608846,4877.3203125,-0.002426040591672063,0.014739605598151684
47,5.918425941839814,0.1724137931034483,0.044354898600431625,1.8955215234309435,4.022904418408871,0.0006336414085775946,0.033254763568963924,0.05747006312012672,70.0,57.0,70.0,0.0,0.1724137931034483,0.5915492957746479,5.918425941839814,0.04660177906960484,0.04660177906960484,5678.69482421875,-0.0004553701728582382,0.01017638761550188
48,0.16951807762961835,0.0,0.8719837929820642,0.11680938163772225,0.05270869599189609,0.012456911328315202,0.002049287397153022,0.0007529813713128014,70.0,57.0,70.0,0.0,0.0,0.0,0.16951807762961835,0.0013347880128316404,0.0013347880128316404,2393.220947265625,-8.020095265237615e-05,0.031984951347112656
49,6.68257091473788,0.05172413793103448,0.0063373008742928505,1.5395256718620658,5.143045242875814,9.0532869632755e-05,0.027009222313369576,0.07347207489822592,70.0,57.0,70.0,0.0,0.05172413793103448,0.7887323943661971,6.68257091473788,0.05261866861998331,0.05261866861998331,4863.70361328125,0.0017346531385555863,0.011386658996343613
50,11.031283862888813,0.9827586206896551,0.22414221371946041,3.775784008204937,7.255499854683876,0.0032020316245637203,0.06624182470534977,0.10364999792405537,70.0,57.0,70.0,0.0,0.9827586206896551,1.0,11.031283862888813,0.08686050285739223,0.08686050285739223,5958.55615234375,0.000949954497627914,0.00919848121702671
51,16.482688792049885,0.3275862068965517,2.2224956441204995,5.880297712981701,10.602391079068184,0.031749937773149994,0.10316311777160879,0.15146272970097405,70.0,57.0,70.0,0.0,0.3275862068965517,1.0,16.482688792049885,0.12978495111850302,0.12978495111850302,4358.31689453125,0.0033860281109809875,0.02139429561793804
52,4.56696606404148,0.0,0.018391961231827736,0.5068554391618818,4.060110624879599,0.0002627423033118248,0.008892200687050558,0.058001580355422834,70.0,57.0,70.0,0.0,0.0,0.18309859154929578,4.56696606404148,0.03596036270898804,0.03596036270898804,3512.635009765625,-0.003604728262871504,0.01693488098680973
53,8.52584349049721,0.0,0.8595033818419324,0.8843365466454998,7.641506943851709,0.012278619740599035,0.015514676256938592,0.10916438491216728,70.0,57.0,70.0,0.0,0.0,0.39436619718309857,8.52584349049721,0.06713262590942684,0.06713262590942684,4615.154296875,-0.004124047700315714,0.02375933527946472
54,3.6412196819437668,0.0,0.363473359902855,1.267476441920735,2.373743240023032,0.005192476570040786,0.02223642880562693,0.03391061771461474,70.0,57.0,70.0,0.0,0.0,0.0,3.6412196819437668,0.028671021117667454,0.028671021117667454,6444.205078125,0.0005396960768848658,0.019859064370393753
55,4.577933116117492,0.0,0.07369996811030433,0.9406535068992525,3.63727960921824,0.001052856687290062,0.01650269310349566,0.051961137274546286,70.0,57.0,70.0,0.0,0.0,0.2676056338028169,4.577933116117492,0.03604671744974403,0.03604671744974403,5801.09521484375,-0.0006885891780257225,0.012509126216173172
56,9.379978833603673,0.0,0.702021930628689,2.5780379007337615,6.801940932869911,0.010028884723266986,0.045228735100592304,0.09717058475528445,70.0,57.0,70.0,0.0,0.0,0.04225352112676056,9.379978833603673,0.07385810105199743,0.07385810105199743,888.07177734375,-0.006329019088298082,0.042649514973163605
57,6.154816268361174,0.017241379310344827,0.042010449804365635,1.0486802164232358,5.106136051937938,0.000600149282919509,0.018397898533740978,0.07294480074197054,70.0,57.0,70.0,0.0,0.017241379310344827,0.23943661971830985,6.154816268361174,0.04846312022331633,0.04846312022331633,4773.5458984375,0.001655932399444282,0.01796850562095642
58,16.775604374706745,0.8620689655172413,2.2233653913717717,7.592521496117115,9.18308287858963,0.03176236273388245,0.13320213151082658,0.13118689826556615,70.0,57.0,70.0,0.08450704225352113,0.8620689655172413,0.9436619718309859,16.775604374706745,0.13209137302918697,0.13209137302918697,6470.89404296875,-0.004475511610507965,0.018820930272340775
59,26.116236001253128,0.10344827586206896,2.8103856977541,10.699787750840187,15.416448250412941,0.040148367110772853,0.18771557457614363,0.22023497500589917,70.0,57.0,70.0,0.0,0.10344827586206896,0.2676056338028169,26.116236001253128,0.20563965355317423,0.20563965355317423,994.8136596679688,0.012065394781529903,0.04987854138016701
60,6.6087939771823585,0.1724137931034483,0.2068712178588612,2.047890768852085,4.560903208330274,0.0029553031122694457,0.035927908225475175,0.06515576011900391,70.0,57.0,70.0,0.0,0.1724137931034483,0.5352112676056338,6.6087939771823585,0.052037747851829595,0.052037747851829595,5236.5654296875,0.0026311748661100864,0.01139412447810173
61,3.3354031515773386,0.0,0.2354520111985039,1.1553203186485916,2.180082832928747,0.003363600159978627,0.02026877752015073,0.03114404047041067,70.0,57.0,70.0,0.0,0.0,0.09859154929577464,3.3354031515773386,0.026263016941553845,0.026263016941553845,4371.2587890625,-0.0046906969510018826,0.016091495752334595
62,32.3376052826643,0.25862068965517243,2.901542822830379,5.297963991761208,27.03964129090309,0.0414506117547197,0.09294673669756505,0.38628058987004416,70.0,57.0,70.0,0.0,0.25862068965517243,1.0,32.3376052826643,0.2546268132493252,0.2546268132493252,4525.51123046875,0.0037925124634057283,0.02033211663365364
63,69.26361996680498,1.0,2.3159623662068043,7.811439044773579,61.4521809220314,0.03308517666009721,0.1370427902591856,0.8778882988861629,70.0,57.0,70.0,0.0,1.0,1.0,69.26361996680498,0.5453828343842911,0.5453828343842911,1159.5989990234375,0.003432297147810459,0.016878871247172356
64,11.62338212900795,0.05172413793103448,0.05487794769578613,1.4624397160951048,10.160942412912846,0.0007839706813683733,0.025656837124475522,0.14515632018446922,70.0,57.0,70.0,0.0,0.05172413793103448,0.9859154929577465,11.62338212900795,0.09152269392919646,0.09152269392919646,4074.077880859375,-0.006754762958735228,0.01606442593038082
65,82.5377661883831,1.0,9.185168754309416,30.736188679933548,51.801577508449554,0.1312166964901345,0.5392313803497114,0.7400225358349937,70.0,57.0,70.0,0.7887323943661971,1.0,1.0,82.5377661883831,0.6499036707746702,0.6499036707746702,1888.0125732421875,0.001904799253679812,0.015659352764487267
66,107.923468708992,1.0,2.404966781148687,21.99714571237564,85.92632299661636,0.0343566683021241,0.38591483705922175,1.2275188999516624,70.0,57.0,70.0,0.0,1.0,1.0,107.923468708992,0.8497910921967874,0.8497910921967874,2943.312744140625,-0.0001754824334057048,0.02796144224703312
67,10.483007756993175,0.034482758620689655,0.07835224087466486,2.51575437001884,7.967253386974335,0.0011193177267809266,0.04413604157927789,0.11381790552820478,70.0,57.0,70.0,0.0,0.034482758620689655,0.7887323943661971,10.483007756993175,0.08254336816530058,0.08254336816530058,5386.31103515625,0.0027197599411010742,0.017320051789283752
68,6.695670134000466,0.0,0.03365022403886542,1.0507962914034579,5.644873842597008,0.00048071748626950597,0.018435022656201016,0.08064105489424296,70.0,57.0,70.0,0.0,0.0,0.16901408450704225,6.695670134000466,0.052721812078743824,0.052721812078743824,4111.40234375,-0.0022623559925705194,0.021660933271050453
69,3.9752438084688038,0.0,0.47236885863821954,1.009910412831232,2.965333395637572,0.006748126551974565,0.017717726540898805,0.04236190565196531,70.0,57.0,70.0,0.0,0.0,0.15492957746478872,3.9752438084688038,0.03130113235014806,0.03130113235014806,3327.40283203125,-0.002311581978574395,0.013236192986369133
70,81.58967214077711,0.7241379310344828,1.0891872138599865,6.976979725062847,74.61269241571426,0.01555981734085695,0.12240315307127803,1.0658956059387752,70.0,57.0,70.0,0.014084507042253521,0.7241379310344828,1.0,81.58967214077711,0.6424383633132056,0.6424383633132056,4282.6767578125,0.001127998810261488,0.021339192986488342
71,19.361203230917454,0.05172413793103448,5.429153080098331,8.909101895987988,10.452101334929466,0.07755932971569045,0.15630003326294714,0.14931573335613524,70.0,57.0,70.0,0.0,0.05172413793103448,0.0,19.361203230917454,0.15245041914108232,0.15245041914108232,876.2462158203125,6.026506162015721e-05,0.061318252235651016
72,10.072685396764427,0.0,0.3394928767811507,2.2186832115985453,7.854002185165882,0.004849898239730724,0.038924266870149916,0.11220003121665546,70.0,57.0,70.0,0.0,0.0,0.9577464788732394,10.072685396764427,0.07931248343908998,0.07931248343908998,7427.646484375,0.004121802747249603,0.01615670509636402
73,6.3418842882383615,0.0,0.042176258080871776,1.2707901776302606,5.071094110608101,0.0006025179725838825,0.022294564519829134,0.07244420158011573,70.0,57.0,70.0,0.0,0.0,0.15492957746478872,6.3418842882383615,0.04993609675778237,0.04993609675778237,7246.0166015625,-0.0002876796352211386,0.01807570457458496
74,95.24731080234051,1.0,4.581243157532299,9.848441645503044,85.39886915683746,0.06544633082188998,0.17277967799128147,1.219983845097678,70.0,57.0,70.0,0.11267605633802817,1.0,1.0,95.24731080234051,0.7499788252152796,0.7499788252152796,4802.171875,0.00040628641727380455,0.019940176978707314
75,55.8315823674202,1.0,2.7070626644417644,10.746940076351166,45.08464229106903,0.03867232377773949,0.188542808357038,0.6440663184438433,70.0,57.0,70.0,0.15492957746478872,1.0,1.0,55.8315823674202,0.4396187587985842,0.4396187587985842,3389.688232421875,0.0013051306596025825,0.013141936622560024
76,16.706955403089523,0.9827586206896551,0.05914225980632182,3.864210769534111,12.842744633555412,0.0008448894258045973,0.06779317139533528,0.18346778047936305,70.0,57.0,70.0,0.0,0.9827586206896551,1.0,16.706955403089523,0.1315508299455868,0.1315508299455868,5273.6240234375,1.830552901083138e-05,0.008185549639165401
77,18.950194843113422,1.0,0.11078219510091003,5.5054528042674065,13.444742038846016,0.0015826027871558577,0.09658689130293696,0.19206774341208593,70.0,57.0,70.0,0.0,1.0,1.0,18.950194843113422,0.14921413262294034,0.14921413262294034,5361.1474609375,-0.005720405839383602,0.014192914590239525
78,61.4586486518383,1.0,3.083287853980437,10.240044683218002,51.2186039686203,0.04404696934257767,0.17964990672312284,0.7316943424088614,70.0,57.0,70.0,0.1267605633802817,1.0,1.0,61.4586486518383,0.4839263673373095,0.4839263673373095,5354.30712890625,-0.0016176656354218721,0.016732171177864075
79,11.583682922879234,0.10344827586206896,0.03514261171221733,2.220878606894985,9.36280431598425,0.0005020373101745333,0.038962782577105,0.13375434737120356,70.0,57.0,70.0,0.0,0.10344827586206896,1.0,11.583682922879234,0.0912101017549546,0.0912101017549546,4255.6162109375,0.0027536333072930574,0.013471059501171112
80,10.14065745845437,0.1206896551724138,0.20685026490536984,2.1148875169456005,8.02576994150877,0.0029550037843624265,0.03710328977097545,0.11465385630726814,70.0,57.0,70.0,0.0,0.1206896551724138,0.9577464788732394,10.14065745845437,0.07984769652326276,0.07984769652326276,5845.0,0.0028099913615733385,0.013178247958421707
81,6.106198838446289,0.0,0.12884975491760997,1.425106116104871,4.681092722341418,0.0018407107845372854,0.02500186168605037,0.06687275317630598,70.0,57.0,70.0,0.0,0.0,0.11267605633802817,6.106198838446289,0.04808030581453771,0.04808030581453771,7342.6953125,-0.004873881582170725,0.01999296061694622
82,98.73244482651353,0.3793103448275862,0.13648512004874647,6.798283193260431,91.9341616332531,0.0019497874292678068,0.11926812619755142,1.31334516618933,70.0,57.0,70.0,0.0,0.3793103448275862,1.0,98.73244482651353,0.7774208254056183,0.7774208254056183,3581.93701171875,-0.002923171501606703,0.025486629456281662
83,50.94687170069665,0.0,4.470770813990384,9.169692355208099,41.77717934548855,0.06386815448557692,0.16087179570540525,0.5968168477926935,70.0,57.0,70.0,0.0,0.0,0.29577464788732394,50.94687170069665,0.40115647008422556,0.40115647008422556,162.45826721191406,-0.010397516191005707,0.13533078134059906
84,42.762086525559425,1.0,2.605062669608742,9.318713828921318,33.44337269663811,0.0372151809944106,0.1634862075249354,0.4777624670948301,70.0,57.0,70.0,0.028169014084507043,1.0,1.0,42.762086525559425,0.33670934272094033,0.33670934272094033,1971.3538818359375,-0.0028705827426165342,0.016259413212537766
85,9.241697929799557,0.27586206896551724,0.32956149597885087,2.2033326774835587,7.038365252315998,0.004708021371126441,0.03865495925409752,0.10054807503308569,70.0,57.0,70.0,0.0,0.27586206896551724,1.0,9.241697929799557,0.07276927503779179,0.07276927503779179,5313.49853515625,-0.00041643870645202696,0.00902295857667923
86,66.41119924094528,0.10344827586206896,0.5107316437643021,3.67374715115875,62.73745208978653,0.0072961663394900305,0.06445170440629386,0.896249315568379,70.0,57.0,70.0,0.0,0.10344827586206896,1.0,66.41119924094528,0.5229228286688604,0.5229228286688604,1590.02099609375,-0.003024950623512268,0.02721005491912365
87,16.021440997719765,0.7931034482758621,3.658209110610187,6.34245277941227,9.678988218307495,0.0522601301515741,0.11127110139319771,0.13827126026153563,70.0,57.0,70.0,0.07042253521126761,0.7931034482758621,0.8732394366197183,16.021440997719765,0.12615307872220288,0.12615307872220288,5291.48193359375,-0.004690746311098337,0.018759148195385933
88,72.3411737382412,1.0,1.4270904929690005,7.804358273744583,64.53681546449661,0.020387007042414293,0.1369185662060453,0.9219545066356659,70.0,57.0,70.0,0.0,1.0,1.0,72.3411737382412,0.5696155412459937,0.5696155412459937,2806.12060546875,0.0009109970415011048,0.014877254143357277
89,61.88724730908871,1.0,5.517030953429639,13.658420607447624,48.22882670164108,0.07881472790613771,0.23962141416574778,0.6889832385948726,70.0,57.0,70.0,0.1267605633802817,1.0,1.0,61.88724730908871,0.4873011599140843,0.4873011599140843,4054.138671875,-0.005529802292585373,0.025338776409626007
90,2.767791542923078,0.0,0.45094651033286937,0.21957062487490475,2.548220918048173,0.006442093004755276,0.003852116225875522,0.03640315597211676,70.0,57.0,70.0,0.0,0.0,0.028169014084507043,2.767791542923078,0.021793634196244707,0.021793634196244707,3817.0078125,-0.004149313550442457,0.01617114432156086
91,0.0,0.0,1.220554499013815,0.0,0.0,0.017436492843054503,0.0,0.0,70.0,57.0,70.0,0.0,0.0,0.0,0.0,0.0,0.0,1251.7298583984375,-0.005459006875753403,0.05578938126564026
92,113.79895501583815,0.3620689655172414,1.5130171233322471,7.208903543651104,106.59005147218704,0.021614530333317818,0.126471991993879,1.5227150210312435,70.0,57.0,70.0,0.014084507042253521,0.3620689655172414,1.0,113.79895501583815,0.8960547639042373,0.8960547639042373,3189.828125,-0.005806542467325926,0.027826271951198578
93,57.70205456018448,1.0,9.370136514306068,24.34372240304947,33.35833215713501,0.13385909306151525,0.42708284917630646,0.4765476022447859,70.0,57.0,70.0,0.5211267605633803,1.0,1.0,57.70205456018448,0.45434688630066516,0.45434688630066516,2364.839599609375,0.006369456648826599,0.025114502757787704
94,0.0022568549029529095,0.0,0.12699713138863444,0.0,0.0022568549029529095,0.0018142447341233491,0.0,3.2240784327898706e-05,70.0,57.0,70.0,0.0,0.0,0.0,0.0022568549029529095,1.7770511046873305e-05,1.7770511046873305e-05,8021.78466796875,-0.002306775189936161,0.01120936032384634
95,38.51845483481884,0.9830508474576272,3.5676441192626953,11.610585555434227,26.907869279384613,0.050966344560895646,0.2001825095764522,0.38439813256263733,70.0,58.0,70.0,0.352112676056338,0.9830508474576272,1.0,38.51845483481884,0.3009254283970222,0.3009254283970222,6084.814453125,-0.00032588336034677923,0.01225174032151699
96,6.971620521508157,0.0,0.1334499036311172,1.7714470913633704,5.200173430144787,0.0019064271947302456,0.031078019146725797,0.07428819185921125,70.0,57.0,70.0,0.0,0.0,0.29577464788732394,6.971620521508157,0.05489464977565478,0.05489464977565478,8698.642578125,0.002848803997039795,0.01709366776049137
97,8.068100686417893,0.05084745762711865,0.024988398421555758,1.6074491024482995,6.460651583969593,0.0003569771203079394,0.027714639697384476,0.09229502262813705,70.0,58.0,70.0,0.0,0.05084745762711865,0.9295774647887324,8.068100686417893,0.06303203661263979,0.06303203661263979,7063.85400390625,-2.036725709331222e-05,0.011461988091468811
98,32.415878497064114,0.603448275862069,2.5572008956223726,6.155858941376209,26.260019555687904,0.036531441366033895,0.10799752528730192,0.3751431365098272,70.0,57.0,70.0,0.028169014084507043,0.603448275862069,1.0,32.415878497064114,0.2552431377721584,0.2552431377721584,2441.03662109375,-0.006531011778861284,0.020698662847280502
99,0.8776768280513352,0.0,1.606073348899372,0.1832513918488985,0.6944254362024367,0.02294390498427674,0.0032149366991034824,0.009920363374320524,70.0,57.0,70.0,0.0,0.0,0.0,0.8776768280513352,0.006910841165758545,0.006910841165758545,1165.94482421875,0.003234363626688719,0.05455848574638367
100,3.8908450081944466,0.0,0.010739988181740046,1.0944848824292421,2.7963601257652044,0.00015342840259628635,0.018870429007400727,0.03994800179664578,70.0,58.0,70.0,0.0,0.0,0.11267605633802817,3.8908450081944466,0.030397226626519114,0.030397226626519114,4886.81884765625,-0.0015277345664799213,0.013403278775513172
101,88.8044788762927,0.0,0.6307593507517595,3.098421685397625,85.70605719089508,0.009010847867882279,0.05435827518241447,1.2243722455842154,70.0,57.0,70.0,0.0,0.0,0.9859154929577465,88.8044788762927,0.6992478651676591,0.6992478651676591,2874.1279296875,-0.000367913133231923,0.030121181160211563
102,35.57909372448921,1.0,8.116811413317919,13.414793193340302,22.16430053114891,0.11595444876168455,0.2353472490059702,0.31663286473069874,70.0,57.0,70.0,0.5915492957746479,1.0,1.0,35.57909372448921,0.2801503442873166,0.2801503442873166,5186.27978515625,-0.0044579883106052876,0.01871468685567379
103,4.618071248754859,0.03389830508474576,0.07256069499999285,1.6795176910236478,2.938553557731211,0.001036581357142755,0.028957201569373238,0.0419793365390173,70.0,58.0,70.0,0.0,0.03389830508474576,0.2112676056338028,4.618071248754859,0.036078681630897336,0.036078681630897336,4672.26708984375,0.0016313124215230346,0.011918703094124794
104,82.98985580354929,0.8793103448275862,2.470532634528354,14.173572398722172,68.81628340482712,0.035293323350405054,0.24865916488986267,0.9830897629261017,70.0,57.0,70.0,0.0,0.8793103448275862,1.0,82.98985580354929,0.6534634315240102,0.6534634315240102,2817.00146484375,-0.0058250874280929565,0.02443266473710537
105,28.95208003371954,0.9830508474576272,6.195736445486546,10.977308385074139,17.9747716486454,0.0885105206498078,0.18926393767369204,0.25678245212350576,70.0,58.0,70.0,0.4084507042253521,0.9830508474576272,1.0,28.95208003371954,0.2261881252634339,0.2261881252634339,2998.737060546875,0.0018843859434127808,0.0179996769875288
106,137.1404820457101,0.0,1.6415282527450472,3.0280416682362556,134.11244037747383,0.02345040361064353,0.052207614969590616,1.9158920053924833,70.0,58.0,70.0,0.0,0.0,1.0,137.1404820457101,1.07141001598211,1.07141001598211,2109.43603515625,0.006777779199182987,0.026839138939976692
107,59.33064466714859,0.9830508474576272,6.679233490489423,19.367020338773727,39.96362432837486,0.09541762129270605,0.3339141437719608,0.5709089189767838,70.0,58.0,70.0,0.647887323943662,0.9830508474576272,1.0,59.33064466714859,0.46352066146209836,0.46352066146209836,2681.358642578125,0.000576122896745801,0.0148823456838727
108,3.033209716784768,0.01694915254237288,0.35468406211839465,0.9617340079275891,2.0714757088571787,0.005066915173119924,0.016581620826337743,0.029592510126531125,70.0,58.0,70.0,0.0,0.01694915254237288,0.2676056338028169,3.033209716784768,0.023696950912381,0.023696950912381,10763.0146484375,-0.0012612766586244106,0.007884709164500237
109,39.45040521025658,0.01694915254237288,2.0221045375801623,3.367132619023323,36.08327259123325,0.028887207679716604,0.05805401067281592,0.5154753227319037,70.0,58.0,70.0,0.0,0.01694915254237288,0.9859154929577465,39.45040521025658,0.3082062907051295,0.3082062907051295,2373.463623046875,0.004183572717010975,0.022045396268367767
110,2.899996440602081,0.06779661016949153,0.024186128692235798,0.7097717641154304,2.1902246764866504,0.0003455161241747971,0.012237444208886731,0.03128892394980929,70.0,58.0,70.0,0.0,0.06779661016949153,0.16901408450704225,2.899996440602081,0.022656222192203757,0.022656222192203757,6573.95556640625,0.0018117140280082822,0.009372776374220848
111,66.3725268021226,0.9152542372881356,2.805354786803946,9.19819713383913,57.17432966828346,0.04007649695434209,0.15858960575584707,0.8167761381183352,70.0,58.0,70.0,0.014084507042253521,0.9152542372881356,1.0,66.3725268021226,0.5185353656415828,0.5185353656415828,2440.841064453125,0.004044660367071629,0.020815640687942505
112,69.54755765595473,0.15254237288135594,0.3266301922267303,3.5546032825950533,65.99295437335968,0.004666145603239004,0.06128626349301816,0.9427564910479954,70.0,58.0,70.0,0.0,0.15254237288135594,1.0,69.54755765595473,0.5433402941871464,0.5433402941871464,2165.452392578125,0.00758989667519927,0.022294603288173676
113,1.2709068901604041,0.0,0.7082434008318614,0.8548054459970444,0.4161014441633597,0.010117762869026593,0.014738024930983525,0.005944306345190853,70.0,58.0,70.0,0.014084507042253521,0.0,0.0,1.2709068901604041,0.009928960079378157,0.009928960079378157,7981.21630859375,-0.0005902278935536742,0.007821524515748024
114,1.2098335969567415,0.0,1.7047194740734994,1.0285724599380046,0.18126113701873692,0.024353135343907133,0.017734007929965597,0.0025894448145533846,70.0,58.0,70.0,0.014084507042253521,0.0,0.0,1.2098335969567415,0.009451824976224543,0.009451824976224543,6391.79736328125,-0.0012621056521311402,0.012549330480396748
115,57.3354894220829,1.0,7.474283169955015,15.243938148021698,42.0915512740612,0.10677547385650021,0.26282651979347754,0.6013078753437314,70.0,58.0,70.0,0.704225352112676,1.0,1.0,57.3354894220829,0.44793351111002266,0.44793351111002266,3420.672119140625,-0.00168992776889354,0.017083410173654556
116,0.0,0.0,3.3420393052510917,0.0,0.0,0.047743418646444165,0.0,0.0,70.0,58.0,70.0,0.0,0.0,0.0,0.0,0.0,0.0,847.49560546875,0.005351422354578972,0.05656008422374725
117,79.27532915771008,0.9491525423728814,3.3339349748566747,11.104949310421944,68.17037984728813,0.047627642497952496,0.19146464328313695,0.9738625692469733,70.0,58.0,70.0,0.0,0.9491525423728814,1.0,79.27532915771008,0.61933850904461,0.61933850904461,1777.332763671875,-0.0008111437200568616,0.024182181805372238
118,0.2734091349720984,0.0,0.8937994657899253,0.09840728249400854,0.17500185247808986,0.012953615446230802,0.0016966772843794577,0.002500026463972712,69.0,58.0,70.0,0.0,0.0,0.0,0.2734091349720984,0.0021360088669695187,0.0021360088669695187,7213.46435546875,0.0010744991013780236,0.01221766322851181
119,8.093687567859888,0.3220338983050847,1.1171565486583859,3.3139800801873207,4.779707487672567,0.016190674618237477,0.057137587589436566,0.06828153553817953,69.0,58.0,70.0,0.0,0.3220338983050847,0.5774647887323944,8.093687567859888,0.06323193412390538,0.06323193412390538,2861.90283203125,0.00032742373878136277,0.01250864751636982
120,0.0,0.0,1.8358237324282527,0.0,0.0,0.026606141049684822,0.0,0.0,69.0,58.0,70.0,0.0,0.0,0.0,0.0,0.0,0.0,1486.396484375,-0.004706690087914467,0.03846994787454605
121,46.26211905479431,1.0,3.937303265556693,11.870398193597794,34.39172086119652,0.057062366167488304,0.20466203782065162,0.49131029801709314,69.0,58.0,70.0,0.2,1.0,1.0,46.26211905479431,0.36142280511558056,0.36142280511558056,2576.001220703125,0.0015027864137664437,0.015246867202222347
122,60.41968160867691,1.0,7.668623950332403,17.483258485794067,42.93642312288284,0.11113947754104932,0.30143549113438045,0.6133774731840406,69.0,58.0,70.0,0.5428571428571428,1.0,1.0,60.41968160867691,0.47202876256778836,0.47202876256778836,2067.97314453125,0.0014621264999732375,0.020071446895599365
123,58.182061433792114,1.0,4.059874393977225,12.364046454429626,45.81801497936249,0.05883875933300326,0.2131732147315453,0.6545430711337499,69.0,58.0,70.0,0.04285714285714286,1.0,1.0,58.182061433792114,0.4545473549515009,0.4545473549515009,3762.114501953125,-0.0031879972666502,0.026861514896154404
124,2.996847456903197,0.0,0.2600980231218273,1.1247397594852373,1.8721076974179596,0.003769536566983004,0.01939206481871099,0.026744395677399422,69.0,58.0,70.0,0.0,0.0,0.15492957746478872,2.996847456903197,0.023412870757056226,0.023412870757056226,4039.529296875,0.0008082466083578765,0.012206395156681538
125,0.051488737983163446,0.0,0.01538591762073338,0.051488737983163446,0.0,0.00022298431334396204,0.0008877368617786801,0.0,69.0,58.0,70.0,0.0,0.0,0.0,0.051488737983163446,0.0004022557654934644,0.0004022557654934644,8978.3173828125,-0.002841186709702015,0.010762636549770832
126,50.84367248415947,1.0,10.724172547459602,20.99133050441742,29.85234197974205,0.1554227905428928,0.36191949145547275,0.4264620282820293,69.0,58.0,70.0,0.6,1.0,1.0,50.84367248415947,0.39721619128249586,0.39721619128249586,2074.365478515625,0.005325531121343374,0.026867328211665154
127,105.68037074804306,1.0,7.395910155028105,23.05164223909378,82.62872850894928,0.1071871036960595,0.3974421075705824,1.180410407270704,69.0,58.0,70.0,0.4142857142857143,1.0,1.0,105.68037074804306,0.8256278964690864,0.8256278964690864,1524.1229248046875,-0.00683636125177145,0.02565135434269905
128,39.28866997733712,0.711864406779661,0.5383526164805517,4.641080278903246,34.647589698433876,0.007802211833051473,0.08001862549833183,0.49496556712048395,69.0,58.0,70.0,0.0,0.711864406779661,1.0,39.28866997733712,0.30694273419794627,0.30694273419794627,2273.3701171875,0.0017920861719176173,0.01401492953300476
129,3.7303583655157126,0.0,1.8537550823530182,1.2264916981512215,2.503866667364491,0.026866015686275627,0.021146408588814163,0.03576952381949273,69.0,58.0,70.0,0.014285714285714285,0.0,0.0,3.7303583655157126,0.029143424730591505,0.029143424730591505,3521.934814453125,-0.0025552096776664257,0.02433457225561142
130,7.092701662448235,0.0,0.5426503421040252,1.226019132998772,5.866682529449463,0.007864497711652539,0.021138260913771932,0.08380975042070661,69.0,58.0,70.0,0.0,0.0,0.028169014084507043,7.092701662448235,0.055411731737876835,0.055411731737876835,1473.7646484375,0.00477535929530859,0.04492482170462608
131,0.0,0.0,0.5943753729807213,0.0,0.0,0.008614135840300309,0.0,0.0,69.0,58.0,70.0,0.0,0.0,0.0,0.0,0.0,0.0,7113.4033203125,0.0017420800868421793,0.017196254804730415
132,0.029688820242881775,0.0,0.16433766823320184,0.019653833471238613,0.010034986771643162,0.00238170533671307,0.0003388591977799761,0.00014335695388061659,69.0,58.0,70.0,0.0,0.0,0.0,0.029688820242881775,0.00023194390814751387,0.00023194390814751387,3498.9521484375,-0.002552781021222472,0.023922665044665337
133,7.762551061809063,0.2033898305084746,0.7088342445786111,3.7211959026753902,4.041355159133673,0.010272960066356683,0.06415855004612742,0.057733645130481036,69.0,58.0,70.0,0.0,0.2033898305084746,0.07042253521126761,7.762551061809063,0.060644930170383304,0.060644930170383304,3049.646484375,-0.002502588089555502,0.01745598390698433
134,7.568068841472268,0.13559322033898305,2.422769244760275,3.536605352535844,4.031463488936424,0.03511259775014891,0.060975954354066275,0.05759233555623463,69.0,58.0,70.0,0.0,0.13559322033898305,0.2535211267605634,7.568068841472268,0.059125537824002095,0.059125537824002095,3891.00537109375,-0.0004658217076212168,0.015069471672177315
135,6.8177751276900835,0.0,1.2397951359162107,0.8171296820303269,6.000645445659757,0.017968045448061024,0.014088442793626326,0.08572350636656795,69.0,58.0,70.0,0.0,0.0,0.15492957746478872,6.8177751276900835,0.05326386818507878,0.05326386818507878,3371.752197265625,-0.0010937685146927834,0.026374774053692818
136,4.2845666525827255,0.0,1.240510037750937,1.059825133997947,3.2247415185847785,0.01797840634421648,0.018272847137895638,0.04606773597978255,69.0,58.0,70.0,0.0,0.0,0.0,4.2845666525827255,0.03347317697330254,0.03347317697330254,3246.49560546875,0.014120743609964848,0.0665673017501831
137,60.31797757744789,1.0,3.8888840302824974,12.325038462877274,47.99293911457062,0.056360638120036194,0.21250066315305643,0.6856134159224374,69.0,58.0,70.0,0.2714285714285714,1.0,1.0,60.31797757744789,0.47123419982381165,0.47123419982381165,3373.00927734375,0.0013383737532421947,0.014601769857108593
138,91.61456599831581,1.0,6.753310680389404,17.338263422250748,74.27630257606506,0.0978740678317305,0.29893557624570255,1.0610900368009295,69.0,58.0,70.0,0.45714285714285713,1.0,1.0,91.61456599831581,0.7157387968618423,0.7157387968618423,1784.205322265625,-0.0006681865779682994,0.021268857643008232
139,19.20756921172142,1.0,4.416916407644749,7.523423045873642,11.684146165847778,0.06401328127021375,0.12971419044609728,0.1669163737978254,69.0,58.0,70.0,0.5,1.0,1.0,19.20756921172142,0.1500591344665736,0.1500591344665736,6836.91259765625,0.0005531268543563783,0.01298598013818264
140,6.56115488987416,0.03389830508474576,1.395815284224227,2.4622029522433877,4.098951937630773,0.02022920701774242,0.0424517750386791,0.05855645625186818,69.0,58.0,70.0,0.0,0.03389830508474576,0.29577464788732394,6.56115488987416,0.05125902257714188,0.05125902257714188,4082.622314453125,0.0005368452402763069,0.014081445522606373
141,0.18981566961520002,0.0,0.11741687143512536,0.11711803893558681,0.07269763067961321,0.0017016937889148603,0.0020192765333721862,0.0010385375811373316,69.0,58.0,70.0,0.0,0.0,0.0,0.18981566961520002,0.0014829349188687502,0.0014829349188687502,8395.326171875,-0.0004077707708347589,0.009121555835008621
142,20.210579253733158,0.8983050847457628,2.3218373231356964,7.091142438352108,13.11943681538105,0.03364981627732893,0.12226107652331221,0.187420525934015,69.0,58.0,70.0,0.0,0.8983050847457628,1.0,20.210579253733158,0.1578951504197903,0.1578951504197903,2854.888671875,-0.004244258627295494,0.019672967493534088
143,101.04191129654646,0.13559322033898305,3.610004440881312,5.473385743796825,95.56852555274963,0.052318904940308865,0.09436871972063492,1.3652646507535662,69.0,58.0,70.0,0.0,0.13559322033898305,1.0,101.04191129654646,0.7893899320042692,0.7893899320042692,1925.3814697265625,-0.0018807746237143874,0.029151735827326775
144,37.4179128408432,0.9830508474576272,7.37405738607049,16.621801167726517,20.796111673116684,0.10687039689957231,0.2865827787539055,0.29708730961595264,69.0,58.0,70.0,0.5285714285714286,0.9830508474576272,1.0,37.4179128408432,0.2923274440690875,0.2923274440690875,2642.201904296875,0.0007983726682141423,0.01850959099829197
145,43.54393994808197,0.9830508474576272,7.428917547687888,14.39596551656723,29.14797443151474,0.10766547170562157,0.24820630200977983,0.41639963473592484,69.0,58.0,70.0,0.6,0.9830508474576272,1.0,43.54393994808197,0.3401870308443904,0.3401870308443904,3158.6904296875,0.003885241225361824,0.01901320368051529
146,56.47404002211988,0.0,3.382135309278965,3.672785570845008,52.80125445127487,0.04901645375766616,0.06332388915250013,0.7543036350182124,69.0,58.0,70.0,0.0,0.0,1.0,56.47404002211988,0.44120343767281156,0.44120343767281156,1424.95458984375,0.0014681961620226502,0.023386474698781967
147,4.096565185449435,0.01694915254237288,0.7053953587310389,0.7941083190817153,3.30245686636772,0.010223121141029549,0.013691522742788195,0.04717795523382457,69.0,58.0,70.0,0.0,0.01694915254237288,0.2112676056338028,4.096565185449435,0.032004415511323714,0.032004415511323714,4604.23486328125,0.0013326613698154688,0.014375731348991394
148,4.5705878981389105,0.13559322033898305,0.2592595276692009,1.4193129823543131,3.1512749157845974,0.003757384458973926,0.024470913488867468,0.04501821308263711,69.0,58.0,70.0,0.0,0.13559322033898305,0.5070422535211268,4.5705878981389105,0.03570771795421024,0.03570771795421024,8075.60107421875,-0.000327475048834458,0.007701111491769552
149,36.07414108514786,0.8983050847457628,4.765940207988024,12.748907029628754,23.325234055519104,0.06907159721721774,0.21980874189015093,0.3332176293645586,69.0,58.0,70.0,0.0,0.8983050847457628,1.0,36.07414108514786,0.28182922722771764,0.28182922722771764,3591.212646484375,-0.0026908789295703173,0.03336656093597412
150,33.359332744032145,0.0,4.804685881361365,4.143767837435007,29.215564906597137,0.0696331287153821,0.07144427305922427,0.4173652129513877,69.0,58.0,70.0,0.0,0.0,1.0,33.359332744032145,0.26061978706275113,0.26061978706275113,2908.7060546875,-0.004662755876779556,0.02930775284767151
151,70.8237361907959,0.9830508474576272,4.303546546027064,18.175155699253082,52.648580491542816,0.06237023979749368,0.313364753435398,0.7521225784506117,69.0,58.0,70.0,0.2,0.9830508474576272,1.0,70.8237361907959,0.553310438990593,0.553310438990593,1854.333251953125,0.003810784313827753,0.01668577268719673
152,48.61470019072294,0.9830508474576272,4.047606011852622,9.842085056006908,38.772615134716034,0.05866095669351626,0.16969112165529152,0.5538945019245147,69.0,58.0,70.0,0.04285714285714286,0.9830508474576272,1.0,48.61470019072294,0.379802345240023,0.379802345240023,3265.277587890625,0.006442341022193432,0.02291005104780197
153,16.833783339709044,0.5344827586206896,2.842110627796501,6.618206154555082,10.215577185153961,0.04119000909850001,0.11610887990447513,0.14593681693077087,69.0,57.0,70.0,0.0,0.5344827586206896,0.704225352112676,16.833783339709044,0.13254947511581924,0.13254947511581924,2180.635986328125,0.0010746559128165245,0.023863980546593666
154,11.985349364578724,0.7241379310344828,1.1974568867590278,3.4121109396219254,8.573238424956799,0.017354447634188808,0.0598615954319636,0.12247483464223997,69.0,57.0,70.0,0.0,0.7241379310344828,1.0,11.985349364578724,0.09437282964235216,0.09437282964235216,5449.66943359375,-0.0017749322578310966,0.011379114352166653
155,90.63189025875181,0.05172413793103448,2.5683601128403097,4.2515271520242095,86.3803631067276,0.03722261033101898,0.07458819564954754,1.2340051872389657,69.0,57.0,70.0,0.0,0.05172413793103448,1.0,90.63189025875181,0.7136369311712741,0.7136369311712741,1245.9365234375,-0.0003863715392071754,0.02951192669570446
156,11.312260682694614,0.0,1.2736525305081159,2.705923999659717,8.606336683034897,0.01845873232620458,0.047472350871223104,0.12294766690049852,69.0,57.0,70.0,0.0,0.0,0.6619718309859155,11.312260682694614,0.08907291876137491,0.08907291876137491,3771.272705078125,-0.0001364350173389539,0.021201811730861664
157,12.065116441808641,0.0,1.1963152803946286,3.952921691350639,8.112194750458002,0.017337902614414907,0.06934950335702875,0.11588849643511431,69.0,57.0,70.0,0.0,0.0,0.04225352112676056,12.065116441808641,0.09500091686463497,0.09500091686463497,3274.042724609375,0.00807128194719553,0.03810105100274086
158,0.0,0.0,0.6906844670302235,0.0,0.0,0.010009919812032224,0.0,0.0,69.0,57.0,70.0,0.0,0.0,0.0,0.0,0.0,0.0,3568.33740234375,-0.005518043879419565,0.01690460368990898
159,5.05699298158288,0.22413793103448276,0.7084882108028978,2.0043882126919925,3.0526047688908875,0.010267945084099969,0.03516470548582443,0.043608639555584104,69.0,57.0,70.0,0.0,0.22413793103448276,0.38028169014084506,5.05699298158288,0.039818842374668345,0.039818842374668345,5851.5478515625,0.0031647912692278624,0.008482787758111954
160,5.077425815165043,0.034482758620689655,1.083235110505484,1.869789371266961,3.207636443898082,0.015699059572543247,0.03280332230292914,0.0458233777699726,69.0,57.0,70.0,0.0,0.034482758620689655,0.2535211267605634,5.077425815165043,0.03997973082807121,0.03997973082807121,4768.99169921875,0.0002825027331709862,0.0111826341599226
161,23.598749808967113,0.10344827586206896,2.482204266358167,6.4396737441420555,17.159076064825058,0.035973974874756044,0.1129767323533694,0.2451296580689294,69.0,57.0,70.0,0.0,0.10344827586206896,0.9295774647887324,23.598749808967113,0.18581692762966232,0.18581692762966232,1173.2847900390625,0.00011746322707040235,0.035476796329021454
162,78.78928107768297,0.9827586206896551,4.4647655840963125,10.880196817219257,67.90908426046371,0.06470674759559873,0.19088064591612733,0.9701297751494816,69.0,57.0,70.0,0.11428571428571428,0.9827586206896551,1.0,78.78928107768297,0.6203880399817557,0.6203880399817557,2240.504638671875,-0.001296698465012014,0.018098844215273857
163,0.0,0.0,0.3371191187761724,0.0,0.0,0.004885784330089455,0.0,0.0,69.0,57.0,70.0,0.0,0.0,0.0,0.0,0.0,0.0,5921.13037109375,0.002230695215985179,0.014744386076927185
164,0.6310429993627622,0.0,1.2167024151422083,0.1860271906480193,0.4450158087147429,0.017633368335394323,0.0032636349236494617,0.006357368695924899,69.0,57.0,70.0,0.0,0.0,0.0,0.6310429993627622,0.004968842514667419,0.004968842514667419,5616.02783203125,-0.0017639555735513568,0.018445415422320366
165,6.13814210658893,0.7586206896551724,0.9238734693717561,2.839387133717537,3.298754972871393,0.013389470570605161,0.04981380936346556,0.0471250710410199,69.0,57.0,70.0,0.0,0.7586206896551724,0.5352112676056338,6.13814210658893,0.048331827610936455,0.048331827610936455,6315.69873046875,0.0016837258590385318,0.007870831526815891
166,4.415408920380287,0.0,1.0715829461696558,1.090079375426285,3.325329544954002,0.015530187625647184,0.019124199568882193,0.04750470778505717,69.0,57.0,70.0,0.0,0.0,0.014084507042253521,4.415408920380287,0.03476699937307313,0.03476699937307313,2574.7607421875,0.004245345946401358,0.023997273296117783
167,2.5965851695509627,0.0,0.6743809541221708,1.0591551630059257,1.537430006545037,0.009773637016263345,0.01858166952641975,0.021963285807786243,69.0,57.0,70.0,0.0,0.0,0.0,2.5965851695509627,0.020445552516149313,0.020445552516149313,7877.87451171875,-0.0022619508672505617,0.016338631510734558
168,11.173060838133097,0.896551724137931,1.9106218945235014,4.549754213541746,6.6233066245913506,0.02769017238439857,0.07982024936038151,0.09461866606559072,69.0,57.0,70.0,0.0,0.896551724137931,0.9014084507042254,11.173060838133097,0.087976856993174,0.087976856993174,5742.69189453125,0.0025139350909739733,0.012794636189937592
169,2.8844714556908,0.0,0.1314547484362265,0.5010955055331578,2.3833759501576424,0.0019051412816844422,0.008791149219879963,0.03404822785939489,69.0,57.0,70.0,0.0,0.0,0.15492957746478872,2.8844714556908,0.022712373666856696,0.022712373666856696,15615.1494140625,0.0019635430071502924,0.01027223002165556
170,83.81620248034596,0.0,1.0394894849741831,1.7486003823578358,82.06760209798813,0.015065064999625843,0.030677199690488346,1.1723943156855448,69.0,57.0,70.0,0.0,0.0,1.0,83.81620248034596,0.6599700982704406,0.6599700982704406,2551.77294921875,0.0019868582021445036,0.03473035246133804
171,4.918502808082849,0.034482758620689655,0.539032715576468,1.5818089647218585,3.3366938433609903,0.007812068341687943,0.027751034468804534,0.047667054905157005,69.0,57.0,70.0,0.0,0.034482758620689655,0.2676056338028169,4.918502808082849,0.03872836856758149,0.03872836856758149,5749.74658203125,-0.0027305292896926403,0.012495425529778004
172,8.759470749646425,0.8620689655172413,0.7314319787546992,2.2305454574525356,6.52892529219389,0.010600463460213032,0.039132376446535715,0.09327036131705557,69.0,57.0,70.0,0.0,0.8620689655172413,1.0,8.759470749646425,0.06897221062713721,0.06897221062713721,7838.47900390625,-0.0018986789509654045,0.006280304864048958
173,9.834129232913256,0.7758620689655172,1.5664994067046791,3.5658203437924385,6.268308889120817,0.022702889952241727,0.06255825164548137,0.0895472698445831,69.0,57.0,70.0,0.0,0.7758620689655172,0.9577464788732394,9.834129232913256,0.07743408844813587,0.07743408844813587,4705.84033203125,0.0015504960902035236,0.010443957522511482
174,0.0,0.0,2.2746804766356945,0.0,0.0,0.032966383719357895,0.0,0.0,69.0,57.0,70.0,0.0,0.0,0.0,0.0,0.0,0.0,2372.77294921875,0.0039004201535135508,0.027790576219558716
175,20.084814958274364,1.0,1.4540897130500525,7.197904698550701,12.886910259723663,0.021073763957247138,0.1262790297991351,0.18409871799605235,69.0,57.0,70.0,0.02857142857142857,1.0,1.0,20.084814958274364,0.1581481492777509,0.1581481492777509,6511.72314453125,0.0003737470251508057,0.009972022846341133
176,7.2708562314510345,0.5517241379310345,0.6144548706943169,2.473637640476227,4.797218590974808,0.008905143053540825,0.04339715158730222,0.06853169415678297,69.0,57.0,70.0,0.014285714285714285,0.5517241379310345,0.9295774647887324,7.2708562314510345,0.057250836468118384,0.057250836468118384,5669.828125,-0.000444486562628299,0.008236616849899292
177,8.658179432153702,0.08620689655172414,1.1847097033751197,2.6787235736846924,5.979455858469009,0.017169705846016226,0.046995150415520916,0.08542079797812871,69.0,57.0,70.0,0.0,0.08620689655172414,0.676056338028169,8.658179432153702,0.06817464119806065,0.06817464119806065,9576.18359375,0.0012896171538159251,0.014144456014037132
178,8.120600732043386,0.08620689655172414,4.430724270641804,4.6844137497246265,3.436186982318759,0.06421339522669281,0.08218269736358993,0.049088385461696554,69.0,57.0,70.0,0.014285714285714285,0.08620689655172414,0.0,8.120600732043386,0.06394173804758571,0.06394173804758571,6613.4443359375,-0.004917441867291927,0.02281387522816658
179,9.626504614949226,1.0,0.9724994392308872,4.129793390631676,5.496711224317551,0.014094194771462133,0.07245251562511712,0.0785244460616793,69.0,57.0,70.0,0.0,1.0,0.9577464788732394,9.626504614949226,0.07579924893660808,0.07579924893660808,4297.30224609375,-0.0005833845934830606,0.008707515895366669
180,38.79703253507614,1.0,9.61858519166708,17.056784331798553,21.740248203277588,0.13939978538647943,0.29924183038243074,0.31057497433253695,69.0,57.0,70.0,0.6428571428571429,1.0,1.0,38.79703253507614,0.3054884451580799,0.3054884451580799,2874.156005859375,0.0007404264179058373,0.021949315443634987
181,40.57181292772293,1.0,11.531573355197906,17.391034960746765,23.180777966976166,0.16712425152460733,0.3051058765043292,0.3311539709568024,69.0,57.0,70.0,0.8714285714285714,1.0,1.0,40.57181292772293,0.3194630939190782,0.3194630939190782,4767.19482421875,-5.6315762776648626e-05,0.016629716381430626
182,63.25968919508159,0.3793103448275862,2.022252336202655,5.300548238679767,57.959140956401825,0.029308004872502246,0.09299207436280292,0.8279877279485975,69.0,57.0,70.0,0.0,0.3793103448275862,1.0,63.25968919508159,0.49810778893765034,0.49810778893765034,4044.189697265625,-0.00407356396317482,0.021194938570261
183,0.7823109488526825,0.0,1.1846407783450559,0.48780827032169327,0.2945026785309892,0.017168706932537043,0.008558039830205146,0.004207181121871274,69.0,57.0,70.0,0.0,0.0,0.0,0.7823109488526825,0.006159928731123484,0.006159928731123484,1087.0770263671875,0.009415353648364544,0.0421629473567009
184,20.971997685730457,1.0,4.233596388250589,8.283631972968578,12.688365712761879,0.06135646939493608,0.145326876718747,0.1812623673251697,69.0,57.0,70.0,0.2714285714285714,1.0,1.0,20.971997685730457,0.16513384004512172,0.16513384004512172,5948.9375,0.001565516460686922,0.014929545111954212
185,8.362875416874886,0.6379310344827587,0.9534408738691127,3.0105811916291714,5.352294225245714,0.013817983679262503,0.052817213888231074,0.07646134607493878,69.0,57.0,70.0,0.014285714285714285,0.6379310344827587,0.9859154929577465,8.362875416874886,0.06584941273129831,0.06584941273129831,4839.85400390625,-0.003958835266530514,0.01047628466039896
186,44.02402354776859,0.5862068965517241,6.363784044981003,9.005988970398903,35.01803457736969,0.09222875427508699,0.15799980649822637,0.500257636819567,69.0,57.0,70.0,0.05714285714285714,0.5862068965517241,1.0,44.02402354776859,0.34664585470683934,0.34664585470683934,3869.38818359375,0.002762275980785489,0.02640492469072342
187,51.23989537358284,1.0,3.41836591437459,11.423985123634338,39.8159102499485,0.04954153499093609,0.20042079164270768,0.5687987178564071,69.0,57.0,70.0,0.2,1.0,1.0,51.23989537358284,0.40346374309907745,0.40346374309907745,3304.43505859375,0.001528485561721027,0.013554474338889122
188,4.6913987481966615,0.0,1.4325323010561988,2.7980162147432566,1.893382533453405,0.02076133769646665,0.04908800376742555,0.027048321906477213,69.0,57.0,70.0,0.0,0.0,0.0,4.6913987481966615,0.03694014762359576,0.03694014762359576,2086.7626953125,-0.0020974057260900736,0.019940204918384552
189,48.96457749605179,1.0,10.353904068470001,18.477608919143677,30.48696857690811,0.15005658070246378,0.32416857752883643,0.43552812252725875,69.0,57.0,70.0,0.7714285714285715,1.0,1.0,48.96457749605179,0.3855478542996204,0.3855478542996204,4012.80615234375,0.005553906783461571,0.01764835976064205
190,72.91162757575512,0.9827586206896551,5.061440451070666,11.950216218829155,60.961411356925964,0.07335420943580676,0.20965291611980974,0.8708773050989423,69.0,57.0,70.0,0.2857142857142857,0.9827586206896551,1.0,72.91162757575512,0.5741073037461033,0.5741073037461033,2501.100830078125,0.0012057478306815028,0.019216373562812805
191,65.74599386751652,1.0,9.93039882928133,20.213125959038734,45.53286790847778,0.1439188236127729,0.3546162448954164,0.6504695415496826,69.0,57.0,70.0,0.7714285714285715,1.0,1.0,65.74599386751652,0.5176849910828072,0.5176849910828072,2561.420166015625,0.004057344049215317,0.02125392109155655
192,11.215931344777346,0.8793103448275862,4.462182093411684,5.846970342099667,5.368961002677679,0.0646693057016186,0.10257842705438011,0.07669944289539542,69.0,57.0,70.0,0.17142857142857143,0.8793103448275862,0.38028169014084506,11.215931344777346,0.0883144200376169,0.0883144200376169,2807.32763671875,0.0023084525018930435,0.0159438606351614
193,2.3897022551100235,0.0,2.456676900619641,2.1502012964338064,0.23950095867621712,0.03560401305245856,0.037722829761996604,0.003421442266803102,69.0,57.0,70.0,0.0,0.0,0.0,2.3897022551100235,0.018816553189842704,0.018816553189842704,1342.372802734375,-0.0016425916692242026,0.042274314910173416
194,49.30705443024635,1.0,9.142640352249146,19.10650509595871,30.200549334287643,0.13250203409056732,0.3352018437887493,0.4314364190612521,69.0,57.0,70.0,0.45714285714285713,1.0,1.0,49.30705443024635,0.38824452307280594,0.38824452307280594,2904.65576171875,0.005012914538383484,0.027956994250416756
195,42.616851061582565,1.0,7.583761438727379,17.630977123975754,24.98587393760681,0.10990958606851274,0.3093153881399255,0.3569410562515259,69.0,57.0,70.0,0.6142857142857143,1.0,1.0,42.616851061582565,0.3355657563904139,0.3355657563904139,3938.25830078125,-0.003173139179125428,0.019629966467618942
196,2.067026953329332,0.0,0.5697926888242364,1.0676464822608978,0.9993804710684344,0.008257865055423716,0.018730640039664872,0.014276863872406205,69.0,57.0,70.0,0.0,0.0,0.014084507042253521,2.067026953329332,0.016275802782120725,0.016275802782120725,5146.25,-0.007669419050216675,0.018579978495836258
197,20.129026852548122,1.0,1.664496478624642,5.330960758030415,14.798066094517708,0.02412313737137162,0.09352562733386692,0.21140094420739583,69.0,57.0,70.0,0.07142857142857142,1.0,1.0,20.129026852548122,0.15849627442951278,0.15849627442951278,3956.342529296875,-0.00037374775274656713,0.01008873712271452
198,75.15063720941544,0.9827586206896551,3.6441558853257447,13.802017629146576,61.34861958026886,0.05281385341051804,0.24214066016046623,0.876408851146698,69.0,57.0,70.0,0.014285714285714285,0.9827586206896551,1.0,75.15063720941544,0.5917373008615389,0.5917373008615389,1693.45703125,0.003939071204513311,0.025018515065312386
199,54.700997561216354,1.0,11.591096974909306,22.495370656251907,32.20562690496445,0.167986912679845,0.3946556255482791,0.46008038435663495,69.0,57.0,70.0,0.7285714285714285,1.0,1.0,54.700997561216354,0.43071651623005003,0.43071651623005003,3486.40283203125,0.003053209511563182,0.021862735971808434
200,156.7116326391697,0.9655172413793104,7.6268670335412025,27.260311990976334,129.45132064819336,0.11053430483393047,0.47825108756098833,1.8493045806884765,69.0,57.0,70.0,0.07142857142857142,0.9655172413793104,1.0,156.7116326391697,1.2339498633005488,1.2339498633005488,1718.7901611328125,0.00012737403449136764,0.029259556904435158
201,76.23921176791191,0.0,4.216024043038487,4.862427905201912,71.37678386271,0.06110179772519547,0.08530575272284056,1.0196683408958571,69.0,57.0,70.0,0.0,0.0,1.0,76.23921176791191,0.6003087540780465,0.6003087540780465,2504.064208984375,0.005282026715576649,0.025593573227524757
202,4.926616724114865,0.0,1.9205841818766203,2.5870215254835784,2.3395951986312866,0.027834553360530728,0.04538634255234348,0.033422788551875526,69.0,57.0,70.0,0.0,0.0,0.0,4.926616724114865,0.03879225767019579,0.03879225767019579,2921.409423828125,-0.009786207228899002,0.037291090935468674
203,11.557027872651815,1.0,0.9146730626234785,4.277320798486471,7.279707074165344,0.013256131342369254,0.07504071576292054,0.1039958153452192,69.0,57.0,70.0,0.0,1.0,1.0,11.557027872651815,0.09100021946969933,0.09100021946969933,4051.636474609375,-5.246646105661057e-05,0.009886321611702442
204,7.124070420861244,0.017241379310344827,1.5230654506012797,2.8300864547491074,4.293983966112137,0.02207341232755478,0.049650639557001885,0.06134262808731624,69.0,57.0,70.0,0.0,0.017241379310344827,0.29577464788732394,7.124070420861244,0.05609504268394681,0.05609504268394681,3342.306640625,-0.0010560150258243084,0.014255027286708355
205,28.204857040196657,0.1206896551724138,4.6741331573575735,5.564330030232668,22.64052700996399,0.06774106025155904,0.09761982509180119,0.3234361001423427,69.0,57.0,70.0,0.0,0.1206896551724138,1.0,28.204857040196657,0.22208548850548548,0.22208548850548548,1897.5919189453125,-0.00759110925719142,0.030063623562455177
206,2.869243585621007,0.0,0.45625731645850465,1.279485726263374,1.5897578593576327,0.0066124248762102125,0.022447118004620598,0.022710826562251894,69.0,57.0,70.0,0.0,0.0,0.014084507042253521,2.869243585621007,0.022592469178118163,0.022592469178118163,3848.489501953125,0.001881091040559113,0.014644141308963299
207,22.61707790195942,0.6724137931034483,5.050201205536723,8.16497753560543,14.452100366353989,0.0731913218193728,0.1432452199229023,0.20645857666219983,69.0,57.0,70.0,0.02857142857142857,0.6724137931034483,1.0,22.61707790195942,0.17808722757448361,0.17808722757448361,2193.141845703125,0.002327937865629792,0.026115132495760918
208,35.72414768487215,0.7931034482758621,3.130284766666591,9.484920985996723,26.239226698875427,0.045366445893718715,0.166402122561346,0.3748460956982204,69.0,57.0,70.0,0.0,0.7931034482758621,1.0,35.72414768487215,0.28129250145568624,0.28129250145568624,1940.65625,0.006568758748471737,0.02708994597196579
209,96.22925039380789,0.7586206896551724,0.5271106953732669,8.647797666490078,87.58145272731781,0.007639285440192274,0.15171574853491365,1.2511636103902544,69.0,57.0,70.0,0.0,0.7586206896551724,1.0,96.22925039380789,0.7577106330221094,0.7577106330221094,1163.3370361328125,-2.062211206066422e-05,0.021023275330662727
210,2.3451329845993314,0.06896551724137931,0.9861744773515966,1.345664404798299,0.9994685798010323,0.014292383729733283,0.023608147452601737,0.014278122568586175,69.0,57.0,70.0,0.0,0.06896551724137931,0.056338028169014086,2.3451329845993314,0.01846561405196324,0.01846561405196324,5122.9609375,-0.001964868977665901,0.009812821634113789
211,0.3960862375970464,0.0,1.8106091427616775,0.3960862375970464,0.0,0.026240712213937357,0.006948881361351691,0.0,69.0,57.0,70.0,0.0,0.0,0.0,0.3960862375970464,0.0031187892724176885,0.0031187892724176885,5112.09521484375,-0.003909267019480467,0.01403250452131033
212,35.97501825541258,0.05172413793103448,3.5782782041933388,7.219389222562313,28.755629032850266,0.05185910440859911,0.12665595127302304,0.4107947004692895,69.0,57.0,70.0,0.0,0.05172413793103448,0.8450704225352113,35.97501825541258,0.2832678602788392,0.2832678602788392,3165.758056640625,0.0036366137210279703,0.03556806966662407
213,4.1409957036376,0.10344827586206896,0.7231981324730441,1.819656113628298,2.321339590009302,0.010481132354681798,0.03192379146716312,0.03316199414299003,69.0,57.0,70.0,0.0,0.10344827586206896,0.15492957746478872,4.1409957036376,0.032606265382973225,0.032606265382973225,4450.646484375,0.00021317979553714395,0.012412996962666512
214,7.5165227595716715,0.0,1.709607070311904,2.4217175971716642,5.094805162400007,0.024776914062491363,0.0424862736345906,0.07278293089142868,69.0,57.0,70.0,0.0,0.0,0.16901408450704225,7.5165227595716715,0.0591852185793045,0.0591852185793045,3216.71630859375,0.00037144217640161514,0.018854813650250435
215,59.78468657284975,0.22413793103448276,4.164056180030457,5.117713280022144,54.666973292827606,0.060348640290296476,0.08978444350916043,0.7809567613261087,69.0,57.0,70.0,0.04285714285714286,0.22413793103448276,1.0,59.78468657284975,0.4707455635657461,0.4707455635657461,1434.6597900390625,-0.00144722789991647,0.021498817950487137
216,1.6116476676252205,0.0,2.008298912551254,1.266950426332187,0.3446972412930336,0.029105781341322523,0.022227200461968192,0.004924246304186194,69.0,57.0,70.0,0.0,0.0,0.0,1.6116476676252205,0.012690139115159217,0.012690139115159217,1398.490234375,-0.0038106616120785475,0.02696119248867035
217,56.869747921824455,1.0,4.875477021560073,17.132247611880302,39.73750030994415,0.07065908726898656,0.3005657475768474,0.5676785758563451,69.0,57.0,70.0,0.38571428571428573,1.0,1.0,56.869747921824455,0.4477932907230272,0.4477932907230272,3917.111083984375,0.0006888346979394555,0.015540916472673416
218,16.130882202647626,0.0,2.8214083508355543,6.13234197627753,9.998540226370096,0.04088997609906601,0.10758494695223737,0.14283628894814424,69.0,57.0,70.0,0.0,0.0,0.0,16.130882202647626,0.1270148204932884,0.1270148204932884,1199.1243896484375,0.01532553881406784,0.05941981449723244
219,24.776208445429802,1.0,7.234963227063417,8.986269786953926,15.789938658475876,0.10485453952265822,0.15765385591147238,0.22557055226394107,69.0,57.0,70.0,0.7142857142857143,1.0,1.0,24.776208445429802,0.1950882554758252,0.1950882554758252,3954.65234375,0.0017941762926056981,0.01520011480897665
220,7.916302162222564,0.0,3.3839370156638324,1.0467282822355628,6.869573879987001,0.04904256544440337,0.01836365407430812,0.09813676971410001,69.0,57.0,70.0,0.0,0.0,0.0,7.916302162222564,0.06233308789151625,0.06233308789151625,1166.8447265625,-0.007594483904540539,0.06379474699497223
221,0.7115300709265284,0.0,0.20840941420465242,0.33841081749415025,0.3731192534323782,0.0030204262928210496,0.005937031885862285,0.005330275049033974,69.0,57.0,70.0,0.0,0.0,0.014084507042253521,0.7115300709265284,0.005602598983673452,0.005602598983673452,4420.044921875,-0.000278936029644683,0.010784662328660488
222,8.207093380391598,0.7931034482758621,2.3375615971162915,3.5763431675732136,4.630750212818384,0.03387770430603321,0.06274286258900375,0.06615357446883406,69.0,57.0,70.0,0.014285714285714285,0.7931034482758621,0.7183098591549296,8.207093380391598,0.06462278252276848,0.06462278252276848,5105.390625,-0.0033135495614260435,0.011443385854363441
223,51.48797916248441,0.0,3.9045160487294197,5.586759824305773,45.901219338178635,0.056587189112020576,0.09801333025097847,0.6557317048311233,69.0,57.0,70.0,0.0,0.0,1.0,51.48797916248441,0.40541715875971973,0.40541715875971973,2080.8720703125,-0.001438141567632556,0.03670346364378929
224,6.9917260482907295,0.6896551724137931,1.6280435901135206,3.0451632365584373,3.946562811732292,0.023594834639326386,0.05342391643084978,0.05637946873903275,69.0,57.0,70.0,0.04285714285714286,0.6896551724137931,0.7464788732394366,6.9917260482907295,0.05505296101016322,0.05505296101016322,5989.51025390625,-0.0014651123201474547,0.00973668321967125
225,13.409171558916569,0.5689655172413793,3.344964701682329,5.164863221347332,8.244308337569237,0.048477749299743904,0.0906116354622339,0.11777583339384624,69.0,57.0,70.0,0.014285714285714285,0.5689655172413793,0.9577464788732394,13.409171558916569,0.10558402802296511,0.10558402802296511,7423.11669921875,-0.006627080030739307,0.01840684749186039
226,4.055220962749445,0.0,3.4745336719206534,2.4494811587646836,1.6057398039847612,0.05035556046261817,0.04297335366253831,0.02293914005692516,69.0,57.0,70.0,0.0,0.0,0.0,4.055220962749445,0.031930873722436574,0.031930873722436574,764.0639038085938,0.01870526559650898,0.06963181495666504
227,2.3073508458328433,0.0,1.8412416889332235,1.3819040211383253,0.925446824694518,0.026684662158452513,0.024243930195409217,0.0132206689242074,69.0,57.0,70.0,0.0,0.0,0.0,2.3073508458328433,0.018168116896321602,0.018168116896321602,3751.762939453125,0.0049602980725467205,0.019279345870018005
228,4.951915475539863,0.017241379310344827,1.5401515918783844,2.3352891262620687,2.6166263492777944,0.022321037563454847,0.040969984671264364,0.0373803764182542,69.0,57.0,70.0,0.0,0.017241379310344827,0.11267605633802817,4.951915475539863,0.038991460437321754,0.038991460437321754,4307.236328125,0.0005633204709738493,0.014535722322762012
229,7.608955817297101,0.6724137931034483,1.3726967792026699,3.118979612365365,4.489976204931736,0.01989415622032855,0.05471894056781342,0.06414251721331052,69.0,57.0,70.0,0.0,0.6724137931034483,0.8028169014084507,7.608955817297101,0.059913037931473234,0.059913037931473234,4942.30712890625,0.0004816257569473237,0.008797671645879745
230,13.907777294516563,0.4827586206896552,3.6376766581088305,5.338578373193741,8.569198921322823,0.05271995156679465,0.09365926970515334,0.1224171274474689,69.0,57.0,70.0,0.014285714285714285,0.4827586206896552,0.971830985915493,13.907777294516563,0.10951005743713829,0.10951005743713829,4260.52783203125,-0.003964059986174107,0.01927335374057293
231,13.894105575280264,0.0,3.1809813282452524,4.370117525802925,9.523988049477339,0.04610117867022105,0.07666872852285833,0.13605697213539056,69.0,57.0,70.0,0.0,0.0,0.014084507042253521,13.894105575280264,0.10940240610456901,0.10940240610456901,1864.1397705078125,-0.0003959937603212893,0.04712468385696411
232,0.0,0.0,1.1038934073194469,0.0,0.0,0.015998455178542707,0.0,0.0,69.0,57.0,70.0,0.0,0.0,0.0,0.0,0.0,0.0,1055.03759765625,-0.014675394631922245,0.05372883379459381
233,5.631361296051182,0.0,4.517872301861644,2.927975728409365,2.703385567641817,0.06547641017190788,0.05136799523525201,0.038619793823454526,69.0,57.0,70.0,0.0,0.0,0.0,5.631361296051182,0.04434142752796206,0.04434142752796206,1181.133056640625,0.016498256474733353,0.05837227404117584
234,43.07413621246815,0.1206896551724138,5.56060841307044,4.985735014081001,38.088401198387146,0.08058852772565855,0.0874690353347544,0.5441200171198164,69.0,57.0,70.0,0.1,0.1206896551724138,1.0,43.07413621246815,0.33916642686982795,0.33916642686982795,2416.59619140625,0.0014088461175560951,0.023181596770882607
235,117.02392773330212,0.39655172413793105,8.925107814371586,11.312799379229546,105.71112835407257,0.12934938861408096,0.19847016454788677,1.510158976486751,69.0,57.0,70.0,0.0,0.39655172413793105,1.0,117.02392773330212,0.9214482498685206,0.9214482498685206,2042.1539306640625,0.005848553031682968,0.03878757730126381
236,57.12898290157318,0.41379310344827586,6.47944949939847,7.211128354072571,49.91785454750061,0.09390506520867348,0.12651102375565915,0.7131122078214372,69.0,57.0,70.0,0.07142857142857142,0.41379310344827586,1.0,57.12898290157318,0.4498345110360093,0.4498345110360093,2256.53857421875,0.0017072652699425817,0.0251010749489069
237,9.310075543820858,0.41379310344827586,2.7130646500736475,4.351221106946468,4.95885443687439,0.03931977753729924,0.07633721240256962,0.07084077766963413,69.0,57.0,70.0,0.0,0.41379310344827586,0.19718309859154928,9.310075543820858,0.07330768144740833,0.07330768144740833,3117.328369140625,0.0029932439792901278,0.016198355704545975
238,12.516163416206837,0.1724137931034483,3.133108239620924,4.590088911354542,7.926074504852295,0.0454073657916076,0.08052787563779898,0.11322963578360422,69.0,57.0,70.0,0.0,0.1724137931034483,0.704225352112676,12.516163416206837,0.09855246784414833,0.09855246784414833,3760.19091796875,0.0011525359004735947,0.018006879836320877
239,27.636547163128853,1.0,11.211594179272652,13.640284031629562,13.99626313149929,0.16248687216337176,0.23930322862508005,0.1999466161642756,69.0,57.0,70.0,0.7857142857142857,1.0,1.0,27.636547163128853,0.21761060758369175,0.21761060758369175,3505.232421875,-0.006288168020546436,0.024161824956536293
240,30.385697722434998,0.9827586206896551,8.365193784236908,13.311278879642487,17.07441884279251,0.12123469252517258,0.23353120841478048,0.24392026918275014,69.0,57.0,70.0,0.2714285714285714,0.9827586206896551,1.0,30.385697722434998,0.23925746238137793,0.23925746238137793,2742.438232421875,-0.005946750286966562,0.03050852008163929
241,66.4728242829442,0.8448275862068966,6.258264974690974,12.212295360863209,54.260528922080994,0.0906994923868257,0.2142507958046177,0.7751504131725856,69.0,57.0,70.0,0.02857142857142857,0.8448275862068966,1.0,66.4728242829442,0.5234080652200331,0.5234080652200331,2972.4482421875,-0.0024517588317394257,0.028729239478707314
242,73.86676508188248,1.0,9.438620701432228,32.942535161972046,40.92422991991043,0.136791604368583,0.5779392133679306,0.5846318559987205,69.0,57.0,70.0,0.4142857142857143,1.0,1.0,73.86676508188248,0.5816280715108857,0.5816280715108857,3234.676025390625,0.003891581203788519,0.0307402852922678
243,87.02930860221386,0.9827586206896551,2.5969285387545824,31.804670438170433,55.22463816404343,0.037636645489196846,0.5579766743538672,0.7889234023434776,69.0,57.0,70.0,0.0,0.9827586206896551,1.0,87.02930860221386,0.6852701464741249,0.6852701464741249,2555.2158203125,-0.004078813828527927,0.023796385154128075
244,0.045412475388729945,0.0,1.7379848950076848,0.045045141130685806,0.00036733425804413855,0.025188186884169347,0.0007902656338716808,5.247632257773408e-06,69.0,57.0,70.0,0.0,0.0,0.0,0.045412475388729945,0.00035757854636795234,0.00035757854636795234,1114.9134521484375,0.0038593315985053778,0.05262145772576332
245,0.0,0.0,0.05603537178831175,0.0,0.0,0.0008121068375117645,0.0,0.0,69.0,57.0,70.0,0.0,0.0,0.0,0.0,0.0,0.0,3572.463623046875,0.48002171516418457,0.9966834783554077
246,61.70097532868385,1.0,7.925629243254662,17.678669840097427,44.022305488586426,0.11486419193122697,0.3101521024578496,0.6288900784083775,69.0,57.0,70.0,0.38571428571428573,1.0,1.0,61.70097532868385,0.48583445140695947,0.48583445140695947,5772.330078125,0.0024499946739524603,0.02334023080766201
247,50.76559162419289,0.22413793103448276,2.921051256824285,4.4341378537938,46.331453770399094,0.0423340761858592,0.07779189217182104,0.6618779110057014,69.0,57.0,70.0,0.014285714285714285,0.22413793103448276,1.0,50.76559162419289,0.39972906790703067,0.39972906790703067,2496.41259765625,0.0008708030800335109,0.02223508246243
248,32.503473952412605,0.39655172413793105,6.336831644177437,6.639315813779831,25.864158138632774,0.09183813977068749,0.11647922480315492,0.36948797340903966,69.0,57.0,70.0,0.07142857142857142,0.39655172413793105,1.0,32.503473952412605,0.2559328657670284,0.2559328657670284,2591.144287109375,-8.96043493412435e-05,0.02533111721277237
249,19.26733896136284,0.1724137931034483,3.386411402374506,6.3853137493133545,12.882025212049484,0.04907842612136965,0.11202304823356762,0.1840289316007069,69.0,57.0,70.0,0.0,0.1724137931034483,0.971830985915493,19.26733896136284,0.1517113304044318,0.1517113304044318,5196.5849609375,-0.00468714302405715,0.026696717366576195
250,20.596752390323672,0.0,0.42997075867606327,0.21529129898408428,20.381461091339588,0.006231460270667583,0.00377704033305411,0.2911637298762798,69.0,57.0,70.0,0.0,0.0,1.0,20.596752390323672,0.16217915267971394,0.16217915267971394,2565.91845703125,0.0029349748510867357,0.016544729471206665
251,11.026525679975748,0.1724137931034483,1.872754315380007,3.4961965791881084,7.53032910078764,0.02714136688956532,0.06133678209101945,0.10757613001125199,69.0,57.0,70.0,0.0,0.1724137931034483,0.9295774647887324,11.026525679975748,0.08682303685020273,0.08682303685020273,6125.56396484375,-0.00620991550385952,0.016965510323643684
252,5.999887011013925,0.10344827586206896,3.097161306068301,3.0567300263792276,2.9431569846346974,0.04488639574012031,0.053626842568056624,0.04204509978049568,69.0,57.0,70.0,0.04285714285714286,0.10344827586206896,0.04225352112676056,5.999887011013925,0.04724320481113327,0.04724320481113327,2535.550537109375,-0.002202820498496294,0.018568873405456543
253,6.2502136901021,0.0,2.3620892567560077,2.8698404487222433,3.380373241379857,0.03423317763414504,0.050348078047758656,0.04829104630542653,69.0,57.0,70.0,0.0,0.0,0.0,6.2502136901021,0.04921428102442599,0.04921428102442599,3295.140625,-0.005053772125393152,0.02315114252269268
254,26.229490220546722,1.0,2.1753766909241676,10.310629025101662,15.91886119544506,0.031527198419190834,0.18088822851055547,0.2274123027920723,69.0,57.0,70.0,0.014285714285714285,1.0,1.0,26.229490220546722,0.20653141905942302,0.20653141905942302,5810.5048828125,-0.002865284914150834,0.012647117488086224
255,19.93242794647813,0.0,3.9684781581163406,3.2186291106045246,16.713798835873604,0.05751417620458465,0.05646717737902675,0.23876855479819434,69.0,57.0,70.0,0.0,0.0,1.0,19.93242794647813,0.15694825154707187,0.15694825154707187,2716.625,-0.0037791754584759474,0.03128555789589882
256,6.769413314759731,0.5862068965517241,2.6386077515780926,3.544858444482088,3.224554870277643,0.038240692051856415,0.062190499026001544,0.046065069575394905,69.0,57.0,70.0,0.014285714285714285,0.5862068965517241,0.2535211267605634,6.769413314759731,0.053302467045352214,0.053302467045352214,4273.83935546875,0.0007252786890603602,0.011927245184779167
257,1.787663957598852,0.0,4.041322277858853,1.5645936562214047,0.22307030137744732,0.05856988808491092,0.027449011512656222,0.0031867185911063902,69.0,57.0,70.0,0.0,0.0,0.0,1.787663957598852,0.014076094154321669,0.014076094154321669,3845.82470703125,-0.004423537291586399,0.022824658080935478
258,0.7892631883150898,0.0,0.9445552091347054,0.5936688279616646,0.19559436035342515,0.013689205929488484,0.010415242595818677,0.0027942051479060734,69.0,57.0,70.0,0.0,0.0,0.0,0.7892631883150898,0.006214670774134565,0.006214670774134565,6760.9580078125,0.001785606611520052,0.012712785974144936
259,24.28788812458515,0.9482758620689655,2.6497630379453767,10.18605124950409,14.101836875081062,0.038402362868773576,0.17870265350007175,0.20145481250115804,69.0,57.0,70.0,0.0,0.9482758620689655,0.971830985915493,24.28788812458515,0.19124321357941065,0.19124321357941065,3099.908203125,-0.005903967190533876,0.028567831963300705
260,0.0,0.0,0.1551083589420159,0.0,0.0,0.002247947231043709,0.0,0.0,69.0,57.0,70.0,0.0,0.0,0.0,0.0,0.0,0.0,1965.1864013671875,0.003525211475789547,0.022458942607045174
261,26.58423425257206,0.9827586206896551,7.388999596238136,9.884984865784645,16.699249386787415,0.10708695067011792,0.17342078711902886,0.2385607055255345,69.0,57.0,70.0,0.42857142857142855,0.9827586206896551,1.0,26.58423425257206,0.2093246791541107,0.2093246791541107,1811.72900390625,-0.008220293559134007,0.02479713037610054
262,6.871786069124937,0.05172413793103448,2.418129375670105,3.050725195556879,3.821060873568058,0.03504535327058123,0.05352149465889262,0.05458658390811511,69.0,57.0,70.0,0.0,0.05172413793103448,0.09859154929577464,6.871786069124937,0.05410855172539321,0.05410855172539321,3182.331787109375,0.0014256556751206517,0.017387021332979202
263,19.72616544365883,0.5344827586206896,9.544252280145884,9.808173224329948,9.91799221932888,0.13832249681370845,0.17207321446192891,0.14168560313326972,69.0,57.0,70.0,0.2571428571428571,0.5344827586206896,0.1267605633802817,19.72616544365883,0.15532413735164433,0.15532413735164433,3357.827880859375,0.0003223360108677298,0.03348812833428383
264,9.912446863949299,0.6724137931034483,3.0513719134032726,4.487233351916075,5.425213512033224,0.044222781353670616,0.07872339213887851,0.0775030501719032,69.0,57.0,70.0,0.014285714285714285,0.6724137931034483,0.5633802816901409,9.912446863949299,0.0780507627082622,0.0780507627082622,7806.11083984375,0.004055993631482124,0.01315426453948021
265,22.53741410188377,0.05172413793103448,3.5699329482740723,4.80607951246202,17.73133458942175,0.05173815867063873,0.08431718442915824,0.2533047798488821,69.0,57.0,70.0,0.0,0.05172413793103448,0.8732394366197183,22.53741410188377,0.17745995355813993,0.17745995355813993,997.1586303710938,-0.00817921757698059,0.03283841535449028
266,5.948318440467119,0.22413793103448276,2.4856636729091406,3.0661075972020626,2.8822108432650566,0.03602411120158175,0.053791361354422154,0.04117444061807224,69.0,57.0,70.0,0.014285714285714285,0.22413793103448276,0.19718309859154928,5.948318440467119,0.046837153074544245,0.046837153074544245,5017.7294921875,-0.001499800244346261,0.012597864493727684
267,9.79649043083191,0.896551724137931,4.006636053323746,5.027299948036671,4.7691904827952385,0.05806718917860501,0.08819824470239773,0.06813129261136056,69.0,57.0,70.0,0.2571428571428571,0.896551724137931,0.3380281690140845,9.79649043083191,0.07713771992781031,0.07713771992781031,3352.363525390625,0.0022749346680939198,0.013214043341577053
268,1.8042698504577857,0.0,1.8236494301818311,1.3427262831828557,0.46154356727492996,0.026429701886693205,0.023556601459348344,0.006593479532498999,69.0,57.0,70.0,0.0,0.0,0.0,1.8042698504577857,0.014206849216203037,0.014206849216203037,8103.0390625,-0.0032397096510976553,0.01844443380832672
269,8.179327511228621,0.1896551724137931,3.793764378875494,4.571982137858868,3.6073453733697534,0.054982092447470925,0.08021021294489242,0.05153350533385362,69.0,57.0,70.0,0.0,0.1896551724137931,0.028169014084507043,8.179327511228621,0.06440415363172143,0.06440415363172143,3687.081298828125,-0.006661866791546345,0.021809343248605728
270,41.80834263563156,1.0,7.038849599659443,14.08572867512703,27.722613960504532,0.10201231303854265,0.24711804693205314,0.39603734229292187,69.0,57.0,70.0,0.5857142857142857,1.0,1.0,41.80834263563156,0.32919954831205955,0.32919954831205955,2736.987548828125,-0.0028732316568493843,0.01964550092816353
271,71.60984021425247,1.0,5.462376393377781,12.171335071325302,59.43850514292717,0.07916487526634465,0.21353219423377723,0.8491215020418167,69.0,57.0,70.0,0.05714285714285714,1.0,1.0,71.60984021425247,0.5638570095610431,0.5638570095610431,1196.2352294921875,0.003208709880709648,0.023041265085339546
272,9.213750533759594,0.13793103448275862,3.296513537876308,4.925121620297432,4.288628913462162,0.04777555851994649,0.08640564246135846,0.061266127335173746,69.0,57.0,70.0,0.014285714285714285,0.13793103448275862,0.014084507042253521,9.213750533759594,0.07254921680125664,0.07254921680125664,2994.859375,0.000822401896584779,0.024199077859520912
273,95.97948017716408,1.0,5.16563555970788,27.133077889680862,68.84640228748322,0.07486428347402725,0.47601891034527827,0.9835200326783317,69.0,57.0,70.0,0.014285714285714285,1.0,1.0,95.97948017716408,0.7557439384028668,0.7557439384028668,3930.334228515625,-0.004850702825933695,0.028335146605968475
274,34.68751737475395,1.0,7.949382599443197,16.15549799799919,18.53201937675476,0.11520844347019127,0.2834297894385823,0.26474313395363946,69.0,57.0,70.0,0.2714285714285714,1.0,1.0,34.68751737475395,0.27313005806892876,0.27313005806892876,3159.022216796875,-0.0036181737668812275,0.027593303471803665
275,1.2673264722689055,0.0,1.7254999792203307,1.0212819933658466,0.24604447890305892,0.025007246075656967,0.017917227953786783,0.003514921127186556,69.0,57.0,70.0,0.0,0.0,0.0,1.2673264722689055,0.009978948600542563,0.009978948600542563,9642.5078125,-0.0026568120811134577,0.01866988092660904
276,4.595096792385448,0.0,4.480468336492777,3.5265670008957386,1.0685297914897092,0.06493432371728662,0.061869596506942785,0.015264711306995846,69.0,57.0,70.0,0.0,0.0,0.0,4.595096792385448,0.03618186450697203,0.03618186450697203,5841.1845703125,0.004313671495765448,0.02461552806198597
277,10.282876452896744,0.0,4.484066899865866,6.081060368567705,4.201816084329039,0.06498647680965022,0.10668526962399483,0.06002594406184341,69.0,57.0,70.0,0.0,0.0,0.0,10.282876452896744,0.08096753112517122,0.08096753112517122,2402.156005859375,0.009243248961865902,0.042304184287786484
278,2.3887474366347305,0.0,2.1081775333732367,1.467547764419578,0.9211996722151525,0.030553297585119373,0.025746452007361018,0.013159995317359322,69.0,57.0,70.0,0.0,0.0,0.0,2.3887474366347305,0.018809034934131736,0.018809034934131736,3181.63916015625,0.0023820828646421432,0.02810504473745823
279,46.72580502927303,1.0,3.2125717289745808,18.44511003792286,28.280694991350174,0.046559010564849,0.3235984217179449,0.4040099284478596,69.0,57.0,70.0,0.0,1.0,1.0,46.72580502927303,0.36791972463994516,0.36791972463994516,2420.297607421875,-0.006675998214632273,0.03219713643193245
280,51.99970977567136,0.017241379310344827,4.039345998200588,8.408018400892615,43.59169137477875,0.058541246350733156,0.147509094752502,0.622738448211125,69.0,57.0,70.0,0.0,0.017241379310344827,0.8309859154929577,51.99970977567136,0.40944653366670364,0.40944653366670364,305.39617919921875,-0.03819529712200165,0.09578320384025574
281,37.989888165611774,0.0,4.133274082094431,1.8821856793947518,36.10770248621702,0.05990252292890479,0.03302080139289038,0.5158243212316718,69.0,57.0,70.0,0.014285714285714285,0.0,0.971830985915493,37.989888165611774,0.2991329776819825,0.2991329776819825,2030.94970703125,-0.006042256951332092,0.0265097226947546
282,7.384774351492524,0.10344827586206896,2.425353894010186,3.5311603099107742,3.85361404158175,0.03515005643493024,0.06195018087562762,0.05505162916545357,69.0,57.0,70.0,0.0,0.10344827586206896,0.028169014084507043,7.384774351492524,0.05814782953931121,0.05814782953931121,4326.69189453125,0.0032878201454877853,0.017537256702780724
283,56.68674640357494,1.0,10.71873751282692,18.074455127120018,38.612291276454926,0.15534402192502783,0.3170957039845617,0.5516041610922132,69.0,57.0,70.0,0.3142857142857143,1.0,1.0,56.68674640357494,0.4463523338864169,0.4463523338864169,1624.3265380859375,-0.006406497210264206,0.03715020790696144
284,5.279582630842924,0.0,3.9693779684603214,3.3147121109068394,1.9648705199360847,0.05752721693420756,0.05815284405099718,0.028069578856229783,69.0,57.0,70.0,0.0,0.0,0.0,5.279582630842924,0.04157151677829074,0.04157151677829074,5779.90869140625,0.001862072735093534,0.023139571771025658
285,33.87997290492058,0.8103448275862069,6.920114077627659,12.525639176368713,21.354333728551865,0.10029150837141534,0.2197480557257669,0.3050619104078838,69.0,57.0,70.0,0.0,0.8103448275862069,1.0,33.87997290492058,0.266771440196225,0.266771440196225,3341.109375,-0.004942802712321281,0.037258222699165344
286,58.637874752283096,0.3793103448275862,8.858820348978043,23.119172871112823,35.51870188117027,0.1283887007098267,0.4055995240546109,0.507410026873861,69.0,57.0,70.0,0.0,0.3793103448275862,0.704225352112676,58.637874752283096,0.46171554923057556,0.46171554923057556,626.6283569335938,0.0033148855436593294,0.09327716380357742
287,0.0,0.0,1.6096447975141928,0.0,0.0,0.023328185471220186,0.0,0.0,69.0,57.0,70.0,0.0,0.0,0.0,0.0,0.0,0.0,5282.513671875,0.005149753764271736,0.029779747128486633
288,0.011226617265492678,0.0,2.03870783187449,0.011226617265492678,0.0,0.02954649031702159,0.00019695819764022242,0.0,69.0,57.0,70.0,0.0,0.0,0.0,0.011226617265492678,8.839856114561163e-05,8.839856114561163e-05,5707.6533203125,0.002535039559006691,0.028959257528185844
289,24.338884092867374,0.7413793103448276,10.254961892962456,12.534560054540634,11.80432403832674,0.14862263612989066,0.21990456236036202,0.16863320054752487,69.0,57.0,70.0,0.04285714285714286,0.7413793103448276,0.18309859154929578,24.338884092867374,0.19164475663675098,0.19164475663675098,3367.749267578125,0.0019146052654832602,0.040466681122779846
290,28.746691543608904,0.08620689655172414,6.345745284110308,10.261876974254847,18.484814569354057,0.0919673229581204,0.18003292937289206,0.2640687795622008,69.0,57.0,70.0,0.0,0.08620689655172414,0.6619718309859155,28.746691543608904,0.22635190191818036,0.22635190191818036,2863.12255859375,-0.010934931226074696,0.04831865429878235
291,32.48095245659351,0.08620689655172414,6.438612895552069,15.044808179140091,17.436144277453423,0.09331323037031984,0.26394400314280864,0.24908777539219176,69.0,57.0,70.0,0.0,0.08620689655172414,0.056338028169014086,32.48095245659351,0.2557555311542796,0.2557555311542796,618.4227905273438,0.029475267976522446,0.08026237040758133
292,2.2796824508695863,0.0,2.0763468043878675,1.8739063228713349,0.40577612799825147,0.029662097205540965,0.03287554952405851,0.005796801828546449,70.0,57.0,70.0,0.0,0.0,0.0,2.2796824508695863,0.01795025551865816,0.01795025551865816,5691.7353515625,-0.0008159174467436969,0.02646227926015854
293,6.795317948097363,0.0,4.682230334728956,4.6662334725260735,2.1290844755712897,0.06688900478184223,0.08186374513203637,0.03041549250816128,70.0,57.0,70.0,0.0,0.0,0.0,6.795317948097363,0.05350644053619971,0.05350644053619971,3787.2138671875,0.0008465196006000042,0.028275007382035255
294,9.329908542335033,0.06896551724137931,3.5190293602645397,4.938035391271114,4.391873151063919,0.051000425511080284,0.08663219984686166,0.06274104501519884,69.0,57.0,70.0,0.0,0.06896551724137931,0.0,9.329908542335033,0.07346384679003963,0.07346384679003963,5809.55615234375,-0.0034569809213280678,0.026220150291919708
295,0.9604626721993554,0.0,2.267447078600526,0.924077631381806,0.03638504081754945,0.032392101122864655,0.016211888269856246,0.0005197862973935636,70.0,57.0,70.0,0.0,0.0,0.0,0.9604626721993554,0.007562698206294138,0.007562698206294138,5729.88720703125,-0.0022471959237009287,0.021060505881905556
296,1.5332857963221613,0.0,2.576548450626433,1.345774583518505,0.18751121280365624,0.03734128189313671,0.02361008041260535,0.0026787316114808032,69.0,57.0,70.0,0.014285714285714285,0.0,0.0,1.5332857963221613,0.012073116506473712,0.012073116506473712,14031.056640625,-0.002896317047998309,0.016711903735995293
297,34.28580988943577,0.034482758620689655,9.450133426114917,12.606842741370201,21.678967148065567,0.13695845545094082,0.22117267967316143,0.30969953068665096,69.0,57.0,70.0,0.0,0.034482758620689655,0.29577464788732394,34.28580988943577,0.26996700700343124,0.26996700700343124,843.2591552734375,-0.00010546209523454309,0.07179927825927734
298,50.64965286850929,1.0,8.012120597064495,17.635719537734985,33.01393333077431,0.11445886567234993,0.3093985883813155,0.47162761901106154,70.0,57.0,70.0,0.4225352112676056,1.0,1.0,50.64965286850929,0.3988161643189708,0.3988161643189708,1231.51171875,0.003295199479907751,0.02511622942984104
299,22.888910047709942,0.08620689655172414,7.6849078088998795,11.438127502799034,11.450782544910908,0.10978439726999828,0.20066890355787778,0.16358260778444153,70.0,57.0,70.0,0.0,0.08620689655172414,0.028169014084507043,22.888910047709942,0.18022763817094442,0.18022763817094442,2160.63525390625,-0.018135013058781624,0.0526764951646328
300,5.246883777319454,0.0,4.382226156070828,4.198521323502064,1.04836245381739,0.06260323080101184,0.07365826883336954,0.01497660648310557,70.0,57.0,70.0,0.0,0.0,0.0,5.246883777319454,0.04131404549070436,0.04131404549070436,3273.53466796875,-0.0017332592979073524,0.03431178629398346
301,14.48102892935276,0.3620689655172414,4.521772806532681,6.545292153954506,7.935736775398254,0.06553293922511132,0.11482968691148256,0.11336766821997506,69.0,57.0,70.0,0.04285714285714286,0.3620689655172414,0.23943661971830985,14.48102892935276,0.11402384983742331,0.11402384983742331,4715.48388671875,-0.0017366784159094095,0.026848673820495605
302,24.776576384902,1.0,8.497987195849419,11.884432166814804,12.892144218087196,0.12139981708356312,0.20849880994411937,0.1841734888298171,70.0,57.0,70.0,0.3380281690140845,1.0,0.971830985915493,24.776576384902,0.19509115263702362,0.19509115263702362,3154.043212890625,0.004690566565841436,0.026565736159682274
303,0.31592710231780075,0.0,1.63891602831427,0.3081319696211722,0.0077951326966285706,0.023413086118775288,0.005405824028441617,0.0001113590385232653,70.0,57.0,70.0,0.0,0.0,0.0,0.31592710231780075,0.002487614978880321,0.002487614978880321,2552.236083984375,-0.005587210413068533,0.034725841134786606
304,7.145914025022648,0.0,4.122271051630378,4.251500330865383,2.894413694157265,0.05888958645186254,0.07458772510290146,0.0413487670593895,70.0,57.0,70.0,0.0,0.0,0.0,7.145914025022648,0.05626703956710747,0.05626703956710747,2100.560791015625,0.004366762470453978,0.04427546635270119
305,82.82163137197495,1.0,7.499161917716265,37.18434226512909,45.637289106845856,0.10713088453880378,0.65235688184437,0.6519612729549408,70.0,57.0,70.0,0.3380281690140845,1.0,1.0,82.82163137197495,0.6521388297005901,0.6521388297005901,1971.65576171875,-0.010424023494124413,0.0267394557595253
306,31.71308821439743,1.0,9.935453224927187,13.830445930361748,17.882642284035683,0.1419350460703884,0.2426394022870482,0.2554663183433669,70.0,57.0,70.0,0.4507042253521127,1.0,1.0,31.71308821439743,0.2497093560188774,0.2497093560188774,6089.2490234375,-0.0011582551524043083,0.030447518453001976
307,24.054349184036255,1.0,9.547141702845693,11.147744610905647,12.906604573130608,0.1363877386120813,0.19557446685799382,0.18438006533043724,70.0,57.0,70.0,0.5070422535211268,1.0,0.9859154929577465,24.054349184036255,0.18940432428375004,0.18940432428375004,3869.291748046875,-0.011174939572811127,0.030035365372896194
308,1.960750155732967,0.0,3.30283541418612,1.896105544641614,0.064644611091353,0.04718336305980172,0.033265009555116035,0.0009234944441621857,70.0,57.0,70.0,0.0,0.0,0.0,1.960750155732967,0.01543897760419659,0.01543897760419659,11329.326171875,0.0016125725815072656,0.028253942728042603
309,18.172780679538846,0.034482758620689655,4.638314285548404,9.267718449234962,8.905062230303884,0.06626163265069149,0.16259155174096426,0.1272151747186269,70.0,57.0,70.0,0.0,0.034482758620689655,0.0,18.172780679538846,0.1430927612562114,0.1430927612562114,669.1804809570312,-0.005864464212208986,0.060902200639247894
310,5.249999791383743,0.0,12.278049230575562,2.249999850988388,2.9999999403953552,0.1754007032939366,0.03947368159628751,0.062499998758236565,70.0,57.0,48.0,0.0,0.0,0.0,5.249999791383743,0.04999999801317851,0.04999999801317851,65.36000061035156,-0.1617647111415863,0.649165153503418
311,73.25294481217861,0.603448275862069,8.264931477606297,13.813905641436577,59.439039170742035,0.11807044968008995,0.24234922177958906,0.8491291310106005,70.0,57.0,70.0,0.014084507042253521,0.603448275862069,1.0,73.25294481217861,0.5767948410407765,0.5767948410407765,1561.7376708984375,-0.004394593182951212,0.045652903616428375
312,0.5962878795089637,0.0,2.9347907416522503,0.5743708492937003,0.021917030215263367,0.04192558202360357,0.010076681566556146,0.0003131004316466195,70.0,57.0,70.0,0.0,0.0,0.0,0.5962878795089637,0.004695180153613887,0.004695180153613887,1813.474365234375,0.002642414066940546,0.03741242736577988
313,1.4427847485931125,0.0,2.7629851445090026,1.149630209984025,0.29315453860908747,0.03947121635012861,0.020168951052351315,0.004187921980129821,70.0,57.0,70.0,0.0,0.0,0.0,1.4427847485931125,0.01136050983144183,0.01136050983144183,1968.2320556640625,-0.01207372359931469,0.046648651361465454
314,0.23943654526374303,0.0,2.053858857601881,0.23943654526374303,0.0,0.029340840822884014,0.004200641144977948,0.0,70.0,57.0,70.0,0.0,0.0,0.0,0.23943654526374303,0.0018853271280609687,0.0018853271280609687,8764.5546875,-0.002347735920920968,0.024822823703289032
315,30.986513912677765,1.0,13.669488079845905,15.300596311688423,15.685917600989342,0.19527840114065578,0.2684315142401478,0.2240845371569906,70.0,57.0,70.0,0.49295774647887325,1.0,0.9014084507042254,30.986513912677765,0.24398829852502177,0.24398829852502177,3568.935546875,0.008057225495576859,0.037314701825380325
316,32.67655496299267,0.603448275862069,8.338780503720045,12.363848745822906,20.31270621716976,0.11912543576742922,0.2169096271197001,0.29018151738813946,70.0,57.0,70.0,0.0,0.603448275862069,1.0,32.67655496299267,0.257295708370021,0.257295708370021,1369.9549560546875,-0.0026617180556058884,0.04075269773602486
317,3.7095403004204854,0.0,2.405999878421426,2.201505746692419,1.5080345537280664,0.034371426834591795,0.0386229078367091,0.021543350767543806,70.0,57.0,70.0,0.0,0.0,0.0,3.7095403004204854,0.029208978743468388,0.029208978743468388,1851.8326416015625,-0.011235966347157955,0.04000424966216087
318,0.0,0.0,2.1075277396012098,0.0,0.0,0.03010753913716014,0.0,0.0,70.0,57.0,70.0,0.0,0.0,0.0,0.0,0.0,0.0,2159.801025390625,0.007101051043719053,0.06720788031816483
319,12.825957164168358,0.017241379310344827,3.7553637240780517,5.193631041795015,7.6323261223733425,0.05364805320111502,0.09111633406657922,0.10903323031961917,70.0,57.0,70.0,0.0,0.017241379310344827,0.014084507042253521,12.825957164168358,0.10099178869423904,0.10099178869423904,1591.174560546875,-0.006059505511075258,0.039985690265893936
320,22.409034371376038,0.3103448275862069,7.4365675412118435,9.753611370921135,12.655423000454903,0.1062366791601692,0.17111598896352867,0.18079175714935575,70.0,57.0,70.0,0.0,0.3103448275862069,0.36619718309859156,22.409034371376038,0.176449089538394,0.176449089538394,2145.537841796875,-0.00964120589196682,0.039301276206970215
321,73.55761349201202,1.0,11.895949143916368,31.14173686504364,42.415876626968384,0.1699421306273767,0.5463462607902393,0.6059410946709769,70.0,57.0,70.0,0.18309859154929578,1.0,1.0,73.55761349201202,0.5791938070237167,0.5791938070237167,2041.1392822265625,-0.0042979661375284195,0.04516493156552315
322,65.24833427369595,0.1896551724137931,6.258182902820408,10.459763392806053,54.78857088088989,0.08940261289743441,0.18350462092642197,0.7826938697269985,70.0,57.0,70.0,0.0,0.1896551724137931,1.0,65.24833427369595,0.5137664116039051,0.5137664116039051,1044.632080078125,-0.0060387346893548965,0.04622577503323555
323,1.571933603470825,0.0,4.394635681062937,1.3782933556940407,0.19364024777678424,0.06278050972947052,0.024180585187614748,0.0027662892539540604,70.0,57.0,70.0,0.0,0.0,0.0,1.571933603470825,0.012377429948589173,0.012377429948589173,2698.503173828125,-0.0032070036977529526,0.04086887091398239
324,17.486609250307083,0.22413793103448276,5.606059186160564,8.226055584847927,9.260553665459156,0.08008655980229377,0.14431676464645485,0.13229362379227366,70.0,57.0,70.0,0.0,0.22413793103448276,0.09859154929577464,17.486609250307083,0.1376898366165912,0.1376898366165912,2511.259521484375,0.010672000236809254,0.03192552551627159
325,88.56295455247164,0.29310344827586204,7.092625379562378,12.163150615990162,76.39980393648148,0.10132321970803397,0.21338860729807302,1.0914257705211639,70.0,57.0,70.0,0.0,0.29310344827586204,1.0,88.56295455247164,0.6973460988383594,0.6973460988383594,897.051025390625,0.004375065676867962,0.04699144512414932
326,17.460384882986546,0.0,4.339182004332542,5.233429230749607,12.226955652236938,0.06198831434760775,0.09181454790788784,0.17467079503195626,70.0,57.0,70.0,0.0,0.0,0.08450704225352113,17.460384882986546,0.13748334553532712,0.13748334553532712,3015.881103515625,-0.0006990415276959538,0.044149670749902725
327,32.0043905377388,0.8793103448275862,11.195572920143604,14.320284739136696,17.684105798602104,0.15993675600205148,0.2512330655988894,0.2526300828371729,70.0,57.0,70.0,0.18309859154929578,0.8793103448275862,0.9014084507042254,32.0043905377388,0.2520030751003055,0.2520030751003055,2551.52978515625,0.0015433663502335548,0.04173007234930992
328,3.5358170494437218,0.0,4.635068040341139,3.4382575061172247,0.09755954332649708,0.06621525771915912,0.06032030712486359,0.001393707761807101,70.0,57.0,70.0,0.0,0.0,0.0,3.5358170494437218,0.027841079129478124,0.027841079129478124,6268.79296875,0.004192105028778315,0.03573911637067795
329,12.985058263409883,0.0,6.277878482360393,6.344102380797267,6.640955882612616,0.08968397831943418,0.1113000417683731,0.09487079832303737,70.0,57.0,70.0,0.0,0.0,0.0,12.985058263409883,0.10224455325519592,0.10224455325519592,642.1406860351562,0.017554286867380142,0.07005161792039871
330,24.58826096355915,0.6206896551724138,10.0372727625072,12.76728704571724,11.820973917841911,0.14338961089296,0.223987492030127,0.1664925903921396,70.0,57.0,71.0,0.014084507042253521,0.6206896551724138,0.05555555555555555,24.58826096355915,0.19209578877780586,0.19209578877780586,3172.804931640625,0.004270389676094055,0.04253990203142166
331,43.7760026846081,0.1206896551724138,3.6890664491802454,9.235285887494683,34.54071679711342,0.052700949274003504,0.1620225594297313,0.49343881138733453,70.0,57.0,70.0,0.0,0.1206896551724138,0.9859154929577465,43.7760026846081,0.34469293452447325,0.34469293452447325,424.2263488769531,-0.001824348233640194,0.06505892425775528
332,0.0,0.0,2.5952016955125146,0.0,0.0,0.037074309935893064,0.0,0.0,70.0,57.0,70.0,0.0,0.0,0.0,0.0,0.0,0.0,1589.1495361328125,-0.009328808635473251,0.04539719596505165
333,3.810917004768271,0.0,2.845566925498133,2.235219577618409,1.575697427149862,0.040650956078544756,0.039214378554708926,0.02250996324499803,70.0,57.0,70.0,0.0,0.0,0.0,3.810917004768271,0.030007220509986384,0.030007220509986384,1673.9459228515625,-0.0014106144662946463,0.0350123830139637
334,0.5297878149431199,0.0,3.635801463853568,0.4688824519980699,0.06090536294505,0.051940020912193824,0.0082260079297907,0.0008700766135007143,70.0,57.0,70.0,0.0,0.0,0.0,0.5297878149431199,0.0041715575979773215,0.0041715575979773215,1037.4542236328125,0.005237889476120472,0.06507482379674911
335,0.0,0.0,4.387265684548765,0.0,0.0,0.06267522406498237,0.0,0.0,70.0,57.0,70.0,0.0,0.0,0.0,0.0,0.0,0.0,745.7278442382812,0.006135145667940378,0.06657608598470688
336,0.3624389737378806,0.0,4.248879462946206,0.3624389737378806,0.0,0.06069827804208866,0.006358578486629484,0.0,70.0,57.0,70.0,0.0,0.0,0.0,0.3624389737378806,0.0028538501869124454,0.0028538501869124454,2040.260986328125,-0.0036289705894887447,0.045195356011390686
337,52.782717660069466,1.0,15.941571339964867,25.07258504629135,27.710132613778114,0.22773673342806952,0.43986991309283074,0.3902835579405368,70.0,57.0,71.0,0.4647887323943662,1.0,0.9861111111111112,52.782717660069466,0.4123649817192927,0.4123649817192927,1293.568603515625,-0.011749885976314545,0.04715757817029953
338,0.1936776420334354,0.0,3.997596058063209,0.014636199339292943,0.17904144269414246,0.0571085151151887,0.00025677542700513936,0.0025577348956306064,70.0,57.0,70.0,0.0,0.0,0.0,0.1936776420334354,0.0015250208034128772,0.0015250208034128772,1027.425048828125,-0.00926494412124157,0.04707193747162819
339,56.471012473106384,0.9827586206896551,12.54607393220067,20.589421927928925,35.88159054517746,0.17922962760286673,0.36121792856015655,0.5053745147208093,70.0,57.0,71.0,0.352112676056338,0.9827586206896551,0.9861111111111112,56.471012473106384,0.4411797849461436,0.4411797849461436,1535.98095703125,-0.007913017645478249,0.04337512329220772
340,7.8439065353013575,0.0,2.3579604467377067,4.3967956230044365,3.447110912296921,0.0336851492391101,0.0771367653158673,0.04855085791967494,70.0,57.0,71.0,0.0,0.0,0.0,7.8439065353013575,0.061280519807041856,0.061280519807041856,2102.594482421875,-0.016102127730846405,0.039159636944532394
341,1.6779732684371993,0.0,2.0912188040092587,1.2076751530985348,0.4702981153386645,0.029874554342989412,0.021187283387693594,0.0067185445048380645,70.0,57.0,70.0,0.0,0.0,0.0,1.6779732684371993,0.013212387940450388,0.013212387940450388,1753.9443359375,-0.016476433724164963,0.06576386094093323
342,37.04374712705612,1.0,11.061637185513973,16.32797183096409,20.715775296092033,0.15802338836448535,0.2864556461572647,0.2917714830435498,70.0,57.0,71.0,0.23943661971830985,1.0,0.9861111111111112,37.04374712705612,0.28940427443012595,0.28940427443012595,1652.7547607421875,-0.0005118404515087605,0.03976654261350632
343,5.275744089856744,0.0,3.788154097273946,3.751610793173313,1.5241332966834307,0.054116487103913515,0.0658177332135669,0.021466666150470853,70.0,57.0,71.0,0.0,0.0,0.0,5.275744089856744,0.04121675070200581,0.04121675070200581,2117.693359375,-0.004211171064525843,0.03863781690597534
344,42.24628021940589,0.0,7.222805995494127,6.219852048903704,36.026428170502186,0.10318294279277325,0.10912021138427551,0.5074144812746787,70.0,57.0,71.0,0.0,0.0,0.9444444444444444,42.24628021940589,0.3300490642141085,0.3300490642141085,1292.5655517578125,-0.005815096199512482,0.0410507433116436
345,3.5551419323946902,0.0,3.463520902208984,3.2007905300706625,0.35435140232402773,0.04947887003155691,0.0561542198258011,0.004990864821465179,70.0,57.0,71.0,0.0,0.0,0.0,3.5551419323946902,0.027774546346833517,0.027774546346833517,2965.152099609375,-0.003966993186622858,0.03264039382338524
346,39.58113247901201,0.29310344827586204,9.703604968264699,17.950555883347988,21.630576595664024,0.13862292811806712,0.31492203304119276,0.30465600838963414,70.0,57.0,71.0,0.0,0.29310344827586204,0.2777777777777778,39.58113247901201,0.30922759749228135,0.30922759749228135,417.97601318359375,0.008365989662706852,0.07335060089826584
347,14.737305842339993,0.0,5.780610259622335,7.060850463807583,7.67645537853241,0.08258014656603337,0.12387456954048391,0.10811908983848464,70.0,57.0,71.0,0.0,0.0,0.0,14.737305842339993,0.11513520189328119,0.11513520189328119,3883.275634765625,0.009345419704914093,0.034336742013692856
348,34.828275606036186,1.0,7.232720743864775,15.524006962776184,19.304268643260002,0.10332458205521107,0.2723509993469506,0.27189110765154934,70.0,57.0,71.0,0.0,1.0,0.9583333333333334,34.828275606036186,0.2720959031721577,0.2720959031721577,4305.10595703125,-0.005824581254273653,0.041364286094903946
349,87.40529981255531,1.0,9.100262597203255,32.40671464800835,54.99858516454697,0.13000375138861792,0.5685388534738306,0.7746279600640418,70.0,57.0,71.0,0.014084507042253521,1.0,1.0,87.40529981255531,0.6828539047855884,0.6828539047855884,2817.9697265625,0.0008235622080974281,0.043858036398887634
350,20.172690138220787,0.05172413793103448,9.76898156106472,10.61193160712719,9.560758531093597,0.13955687944378173,0.18617423872152963,0.1346585708604732,70.0,57.0,71.0,0.0,0.05172413793103448,0.0,20.172690138220787,0.1575991417048499,0.1575991417048499,1757.43701171875,0.012403220869600773,0.044456060975790024
351,3.58519881288521,0.0,3.9106632973998785,2.8302723625674844,0.7549264503177255,0.05586661853428398,0.04965390109767517,0.010632766905883459,70.0,57.0,71.0,0.0,0.0,0.0,3.58519881288521,0.028009365725665702,0.028009365725665702,2581.47314453125,-0.006116917356848717,0.03890818729996681
352,42.459184020757675,1.0,11.495092552155256,21.152705639600754,21.30647838115692,0.16421560788793224,0.3711000989403641,0.3000912448050271,70.0,57.0,71.0,0.07042253521126761,1.0,0.9444444444444444,42.459184020757675,0.33171237516216934,0.33171237516216934,1408.956787109375,0.0010797535069286823,0.04661165177822113
353,11.35058144107461,0.0,3.7728039901703596,5.222272448241711,6.128308992832899,0.05389719985957656,0.09161881488143352,0.08631421116666055,70.0,57.0,71.0,0.0,0.0,0.0,11.35058144107461,0.08867641750839539,0.08867641750839539,1018.16259765625,-0.013886158354580402,0.0499550960958004
354,14.863660044968128,0.4827586206896552,6.529850976541638,7.3217587769031525,7.541901268064976,0.09328358537916626,0.12845190836672196,0.10622396152204192,70.0,57.0,71.0,0.08450704225352113,0.4827586206896552,0.1388888888888889,14.863660044968128,0.1161223441013135,0.1161223441013135,5998.896484375,-0.0016071434365585446,0.02665795013308525
355,18.76317221671343,0.0,5.7500409707427025,8.303664021193981,10.459508195519447,0.08214344243918147,0.14567831616129792,0.14731701683830206,70.0,57.0,71.0,0.0,0.0,0.0,18.76317221671343,0.14658728294307366,0.14658728294307366,2051.58740234375,-0.004483864177018404,0.047459352761507034
356,75.47491861879826,0.7758620689655172,14.05797665193677,17.578061059117317,57.89685755968094,0.200828237884811,0.30838703612486523,0.8154486980236751,70.0,57.0,71.0,0.19718309859154928,0.7758620689655172,0.9861111111111112,75.47491861879826,0.5896478017093614,0.5896478017093614,1293.7882080078125,0.008355357684195042,0.049323201179504395
357,10.571650626137853,0.0,3.6693983878940344,5.073926012963057,5.497724613174796,0.052419976969914774,0.08901624584145713,0.07743274103063093,70.0,57.0,71.0,0.0,0.0,0.0,10.571650626137853,0.08259102051670197,0.08259102051670197,3699.170654296875,-0.01029040478169918,0.03807065263390541
358,13.81578590720892,0.0,5.540082663297653,6.6751003712415695,7.14068553596735,0.07914403804710933,0.11710702405686964,0.10057303571785,70.0,57.0,71.0,0.0,0.0,0.0,13.81578590720892,0.10793582740006968,0.10793582740006968,2755.68310546875,-0.002080145524814725,0.03741272911429405
359,8.792318656109273,0.0,4.3659247644245625,6.04494584351778,2.747372812591493,0.062370353777493746,0.10605168146522422,0.03869539172664075,70.0,57.0,71.0,0.0,0.0,0.0,8.792318656109273,0.0686899895008537,0.0686899895008537,4425.84130859375,-0.016140732914209366,0.03941723704338074
360,33.964761175215244,0.017241379310344827,5.248219284694642,9.075454145669937,24.889307029545307,0.07497456120992345,0.1592184937836831,0.35055362013444097,70.0,57.0,71.0,0.0,0.017241379310344827,0.8333333333333334,33.964761175215244,0.2653496966813691,0.2653496966813691,1538.9530029296875,-0.013067251071333885,0.059758760035037994
361,21.43084567785263,0.0,19.250001460313797,1.0000000894069672,20.430845588445663,0.3262712111917593,0.20000001788139343,0.3648365283651011,59.0,5.0,56.0,0.0,0.0,0.0,21.43084567785263,0.35132533898119067,0.35132533898119067,10.180685043334961,0.2884615361690521,0.7558532357215881
362,96.15382969379425,1.0,13.612573813647032,39.49948698282242,56.65434271097183,0.1944653401949576,0.6929734558389898,0.7979484888869273,70.0,57.0,71.0,0.11267605633802817,1.0,1.0,96.15382969379425,0.7512017944827676,0.7512017944827676,1436.244140625,-3.405704046599567e-05,0.05317295342683792
363,5.710645327344537,0.0,4.445919495075941,3.602474902290851,2.108170425053686,0.06351313564394201,0.06320131407527808,0.029692541197939237,70.0,57.0,71.0,0.0,0.0,0.0,5.710645327344537,0.044614416619879194,0.044614416619879194,1636.21142578125,-0.0031961947679519653,0.03290558606386185
364,11.902605061419308,0.08620689655172414,6.135707256849855,6.560945739969611,5.341659321449697,0.08765296081214079,0.11510431122753703,0.07523463833027742,70.0,57.0,71.0,0.0,0.08620689655172414,0.013888888888888888,11.902605061419308,0.09298910204233835,0.09298910204233835,2057.6337890625,-0.007184883113950491,0.03739255666732788
365,45.4862472563982,0.0,4.542591729667038,7.3723640739917755,38.113883182406425,0.06489416756667196,0.12933972059634694,0.5368152560902314,70.0,57.0,71.0,0.0,0.0,0.9861111111111112,45.4862472563982,0.35536130669061095,0.35536130669061095,1616.9752197265625,0.0019177842186763883,0.05059906840324402
366,55.717107214033604,0.13793103448275862,5.832815156085417,15.12853541597724,40.588571798056364,0.08332593080122024,0.2654129020346884,0.5716700253247375,70.0,57.0,71.0,0.0,0.13793103448275862,0.5833333333333334,55.717107214033604,0.43528990010963753,0.43528990010963753,477.8345031738281,0.0034231042955070734,0.07034304738044739
367,140.8773336559534,0.9827586206896551,6.8658342733979225,41.73495401442051,99.1423796415329,0.09808334676282747,0.7321921756915879,1.3963715442469422,70.0,57.0,71.0,0.0,0.9827586206896551,1.0,140.8773336559534,1.100604169187136,1.100604169187136,2161.39599609375,0.004735387396067381,0.0543205700814724
368,88.50348909199238,0.5862068965517241,6.798274304717779,11.271179899573326,77.23230919241905,0.09711820435311114,0.19773999823812852,1.0877790027101275,70.0,57.0,71.0,0.04225352112676056,0.5862068965517241,0.9861111111111112,88.50348909199238,0.6914335085311905,0.6914335085311905,1709.56787109375,-0.007266426924616098,0.03433041647076607
369,49.29354307055473,0.20689655172413793,10.636790327727795,14.506529301404953,34.78701376914978,0.1519541475389685,0.254500514059736,0.4899579404105603,70.0,57.0,71.0,0.0,0.20689655172413793,0.9861111111111112,49.29354307055473,0.38510580523870885,0.38510580523870885,3654.76708984375,-0.00016729533672332764,0.05819946154952049
