stain_label,calcium_label,overlap_px,frac_stain,stain_area,calcium_area,calcium AUC,calcium response time,calcium_auc_w1,calcium_auc_w2,calcium_auc_w3,calcium_auc_norm_w1,calcium_auc_norm_w2,calcium_auc_norm_w3,calcium_active_time_w1,calcium_active_time_w2,calcium_active_time_w3,calcium_response_time_w1,calcium_response_time_w2,calcium_response_time_w3,calcium_auc_w2_w3,calcium_auc_norm_w2_w3,calcium_AUC_norm,calcium_baseline_F0,calcium_baseline_mean_dff,calcium_baseline_sd_dff,cell_area,O4_prop,O4_mfi_norm,PDGFRa_prop,PDGFRa_mfi_norm,MBP_prop,MBP_mfi_norm
66,39,5857,0.9568697925175625,6121,8438,16.55783399194479,0.0,9.914047732949257,8.576655611395836,7.981178380548954,0.14162925332784654,0.14060091166222682,0.10933121069245143,70.0,61.0,73.0,0.0,0.0,0.0,16.55783399194479,0.12356592531302082,0.12356592531302082,619.658935546875,-0.014868534170091152,0.07198137789964676,2655,0.0,1.2298359988024237,1.0,4.202592848368639,0.0,1.2212741774505735
236,157,5395,0.9523389232127096,5665,8219,216.768794991076,0.8571428571428571,9.924849301576614,11.70455727726221,205.06423771381378,0.13978660988136077,0.18878318189132598,2.8090991467645723,71.0,62.0,73.0,0.2777777777777778,0.8571428571428571,1.0,216.768794991076,1.6056947777116741,1.6056947777116741,920.4676513671875,0.002117799362167716,0.030353989452123642,0,0.0,,0.0,,0.0,
129,78,4633,0.9720939991607218,4766,8906,363.9600279331207,1.0,2.462430638981459,127.98081111907959,235.97921681404114,0.03517758055687799,2.0980460839193373,3.2325920111512483,70.0,61.0,73.0,0.014084507042253521,1.0,1.0,363.9600279331207,2.7161196114411994,2.7161196114411994,583.5120849609375,-0.008328895084559917,0.03666982427239418,0,0.0,,0.0,,0.0,
443,303,4335,0.7619968359992969,5689,5287,100.5999289304018,1.0,6.369609637185931,14.242612674832344,86.35731625556946,0.08971281179135114,0.22971955927148943,1.1829769350078008,71.0,62.0,73.0,0.4305555555555556,1.0,1.0,100.5999289304018,0.7451846587437171,0.7451846587437171,1258.3486328125,-0.002931891242042184,0.018964434042572975,143,0.3076923076923077,1.4975927345727906,0.0,1.086005973648165,0.6923076923076923,1.4388880683545704
540,397,4074,0.8417355371900826,4840,7316,73.65356745477766,0.0,2.2601574102882296,3.1594768976792693,70.49409055709839,0.03183320296180605,0.05095930480127854,0.9526228453661945,71.0,62.0,74.0,0.0,0.0,1.0,73.65356745477766,0.5415703489321887,0.5415703489321887,1155.251220703125,0.007966612465679646,0.0278752651065588,1,1.0,1.719970391245684,0.0,0.9112421214965089,0.0,0.8987517651020174
515,357,4022,0.9303724265556327,4323,11648,9.351074736390729,1.0,2.8097092595417053,7.0831737741827965,2.267900962207932,0.039573369852700074,0.1142447382932709,0.03064731030010719,71.0,62.0,74.0,0.3472222222222222,1.0,0.21333333333333335,9.351074736390729,0.06875790247346124,0.06875790247346124,2527.47216796875,0.0021035769023001194,0.009805474430322647,0,0.0,,0.0,,0.0,
165,109,4007,0.921573137074517,4348,5672,14.003244106192142,0.532258064516129,5.22667795419693,7.155347947496921,6.847896158695221,0.074666827917099,0.11730078602453968,0.09380679669445507,70.0,61.0,73.0,0.5774647887323944,0.532258064516129,0.7837837837837838,14.003244106192142,0.10450182168800105,0.10450182168800105,1807.87744140625,1.2401481399137992e-05,0.013761589303612709,0,0.0,,0.0,,0.0,
82,34,4005,0.8523090019153011,4699,11745,297.8776330947876,0.9838709677419355,7.872447542846203,75.2750837802887,222.6025493144989,0.11246353632637433,1.2340177668899786,3.049349990609574,70.0,61.0,73.0,0.0,0.9838709677419355,1.0,297.8776330947876,2.2229674111551314,2.2229674111551314,541.5518798828125,-0.06608956307172775,0.21920259296894073,0,0.0,,0.0,,0.0,
553,406,3972,0.9348081901623911,4249,12220,16.073769990354776,0.9841269841269841,5.947799898451194,8.935860648751259,7.1379093416035175,0.08377182955565063,0.14412678465727838,0.09645823434599347,71.0,62.0,74.0,0.75,0.9841269841269841,0.8933333333333333,16.073769990354776,0.11818948522319689,0.11818948522319689,2330.14013671875,-0.0020296331495046616,0.01180548407137394,0,0.0,,0.0,,0.0,
189,124,3874,1.0,3874,9056,49.41470109671354,0.45161290322580644,9.225700199604034,9.644824706017971,39.76987639069557,0.13179571713720048,0.1581118804265241,0.5447928272698024,70.0,61.0,73.0,0.09859154929577464,0.45161290322580644,1.0,49.41470109671354,0.3687664260948772,0.3687664260948772,755.2853393554688,-0.0025223789270967245,0.03325790539383888,0,0.0,,0.0,,0.0,
479,326,3869,0.9733333333333334,3975,6511,225.60043385624886,0.9365079365079365,2.7113092989311554,10.153760701417923,215.44667315483093,0.038187454914523314,0.16377033389383747,2.9513242897922045,71.0,62.0,73.0,0.125,0.9365079365079365,1.0,225.60043385624886,1.6711143248611027,1.6711143248611027,697.2582397460938,0.00019884489302057773,0.014542962424457073,0,0.0,,0.0,,0.0,
87,51,3835,0.9305993690851735,4121,5149,65.85310483095236,0.41935483870967744,8.54418034106493,15.381796297850087,50.471308533102274,0.12205971915807043,0.2521605950467227,0.6913877881246887,70.0,61.0,73.0,0.07042253521126761,0.41935483870967744,0.8243243243243243,65.85310483095236,0.4914410808280027,0.4914410808280027,596.5852661132812,-0.01822877675294876,0.039123181253671646,0,0.0,,0.0,,0.0,
422,286,3813,0.9361649889516327,4073,9506,45.872065702453256,0.07936507936507936,6.517612971365452,3.280571112409234,42.59149459004402,0.0917973657938796,0.05291243729692313,0.583445131370466,71.0,62.0,73.0,0.5833333333333334,0.07936507936507936,1.0,45.872065702453256,0.3397930792774315,0.3397930792774315,1117.3486328125,6.286419375101104e-05,0.017748204991221428,0,0.0,,0.0,,0.0,
382,245,3766,1.0,3766,9585,101.24606139212847,0.9365079365079365,4.229573133401573,6.618025131523609,94.62803626060486,0.05957145258312074,0.10674234083102595,1.2962744693233543,71.0,62.0,73.0,0.5138888888888888,0.9365079365079365,1.0,101.24606139212847,0.7499708251268775,0.7499708251268775,955.093994140625,0.0003659565991256386,0.01203431747853756,0,0.0,,0.0,,0.0,
154,96,3671,0.7700860079714705,4767,4968,5.2757719496730715,0.08064516129032258,5.416013445705175,1.8929506673011929,3.3828212823718786,0.07737162065293107,0.031031978152478573,0.04634001756673806,70.0,61.0,73.0,0.49295774647887325,0.08064516129032258,0.1891891891891892,5.2757719496730715,0.039371432460246804,0.039371432460246804,2592.7841796875,0.0004618388193193823,0.015466975048184395,0,0.0,,0.0,,0.0,
352,228,3655,0.8569753810082064,4265,4077,80.87131109807524,0.0,0.322845195660193,1.1744815406564157,79.69682955741882,0.004547115431833704,0.01894325065574864,1.0917373911975181,71.0,62.0,73.0,0.0,0.0,1.0,80.87131109807524,0.5990467488746314,0.5990467488746314,2133.9130859375,0.005630575120449066,0.019710160791873932,0,0.0,,0.0,,0.0,
58,31,3637,0.8862085769980507,4104,7665,113.8682357519865,1.0,13.652404211461544,22.264258310198784,91.60397744178772,0.19503434587802207,0.36498784115079974,1.2548490060518867,70.0,61.0,73.0,0.5352112676056338,1.0,1.0,113.8682357519865,0.8497629533730336,0.8497629533730336,464.6313171386719,0.0004312837263569236,0.036264412105083466,2,1.0,1.1057444230291695,0.0,1.1050889101370658,0.0,1.2365692991875659
256,171,3628,0.9074537268634317,3998,4527,8.448599928990006,0.20634920634920634,3.0701408779714257,5.233102008700371,3.2154979202896357,0.043241420816498954,0.0844048711080705,0.044047916716296376,71.0,62.0,73.0,0.05555555555555555,0.20634920634920634,0.08108108108108109,8.448599928990006,0.06258222169622227,0.06258222169622227,1020.7861938476562,-0.006096766795963049,0.02479972504079342,0,0.0,,0.0,,0.0,
95,57,3582,0.9832555586055449,3643,6480,379.31029868125916,1.0,6.306793544441462,119.68579506874084,259.6245036125183,0.09009705063487802,1.9620622142416533,3.5565000494865524,70.0,61.0,73.0,0.0,1.0,1.0,379.31029868125916,2.8306738707556653,2.8306738707556653,658.5160522460938,-0.008357864804565907,0.04719355329871178,3,1.0,1.9322274270541369,0.0,1.0365531208478311,0.0,1.3462945292510116
226,147,3548,0.9924475524475525,3575,10164,17.431526139378548,0.7258064516129032,6.21922792121768,8.774159125983715,8.657367013394833,0.08759475945377014,0.14383867419645435,0.11859406867664155,71.0,61.0,73.0,0.0,0.7258064516129032,0.25675675675675674,17.431526139378548,0.13008601596551156,0.13008601596551156,1016.189208984375,-0.00043973993160761893,0.026010990142822266,0,0.0,,0.0,,0.0,
221,145,3434,0.9907674552798615,3466,9985,150.75225687026978,1.0,3.9784534880891442,58.56072163581848,92.1915352344513,0.05603455617026964,0.9600118300953849,1.2628977429376889,71.0,61.0,73.0,0.0,1.0,1.0,150.75225687026978,1.125016842315446,1.125016842315446,785.4533081054688,0.012482418678700924,0.028275970369577408,75,0.0,1.2533995958201587,1.0,2.755225244033037,0.0,1.2240517192423805
169,113,3420,0.7450980392156863,4590,4944,149.8132790029049,0.25806451612903225,11.786984540522099,9.792387545108795,140.0208914577961,0.16838549343603,0.16053094336243925,1.9180944035314533,70.0,61.0,73.0,0.22535211267605634,0.25806451612903225,1.0,149.8132790029049,1.1180095447977978,1.1180095447977978,369.27728271484375,0.015473424457013607,0.03876595199108124,0,0.0,,0.0,,0.0,
175,116,3399,0.9994119376653925,3401,7610,203.83112254738808,0.7419354838709677,9.492845855653286,10.364910274744034,193.46621227264404,0.1356120836521898,0.16991656188104973,2.6502220859266306,70.0,61.0,73.0,0.4507042253521127,0.7419354838709677,1.0,203.83112254738808,1.5211277802043885,1.5211277802043885,286.58905029296875,-0.0004495019093155861,0.028288573026657104,1986,0.0,1.4012037211602255,1.0,3.6343542742933748,0.0,1.1994551786191987
371,236,3365,0.8808900523560209,3820,6129,44.503409683704376,0.2698412698412698,5.182070914655924,6.409043848514557,38.09436583518982,0.0729869142909285,0.10337167497604124,0.5218406278793126,71.0,62.0,73.0,0.0,0.2698412698412698,0.9864864864864865,44.503409683704376,0.32965488654595837,0.32965488654595837,2084.521240234375,-0.002614622237160802,0.024066263809800148,5622,0.7607612949128424,2.284211844855833,0.28993240839558876,2.104642927595831,0.28014941302027746,1.47734358342136
489,340,3362,0.928985907709312,3619,6032,138.99907401937526,0.0,0.5518793007358909,0.853012569132261,138.146061450243,0.007772947897688604,0.013758267244068725,1.866838668246527,71.0,62.0,74.0,0.0,0.0,0.9866666666666667,138.99907401937526,1.0220520148483474,1.0220520148483474,862.3931884765625,-0.0014861328527331352,0.025005463510751724,10,1.0,1.9271791516078818,0.0,0.9877264401944357,0.0,1.1899033421534229
295,189,3333,0.911402789171452,3657,6451,169.7305233888328,0.4126984126984127,6.563118256628513,6.411845248192549,163.31867814064026,0.09243828530462694,0.1034168588418153,2.2372421663101405,71.0,62.0,73.0,0.2916666666666667,0.4126984126984127,1.0,169.7305233888328,1.2572631362135764,1.2572631362135764,1001.5845947265625,0.004606521222740412,0.02139991708099842,3393,0.9879162982611258,2.9281294046767665,0.0014736221632773356,1.0895120022136904,0.05334512231063955,1.1188023822199433
492,338,3328,0.9884169884169884,3367,5092,121.59732441592496,0.0,1.1139312146697193,1.2499778940109536,120.347346521914,0.01568917203760168,0.02016093377437022,1.6263154935393784,71.0,62.0,74.0,0.0,0.0,0.9866666666666667,121.59732441592496,0.894097973646507,0.894097973646507,1216.6278076171875,-0.005028320476412773,0.02198914997279644,2228,0.0008976660682226212,1.1997810152959913,0.9991023339317774,5.033481858538682,0.0,1.164358115539701
101,68,3293,0.719309742245522,4578,4856,30.293276771903038,1.0,10.8160001039505,12.98386463522911,17.309412136673927,0.15451428719929286,0.2128502399217887,0.2371152347489579,70.0,61.0,73.0,0.5774647887323944,1.0,1.0,30.293276771903038,0.22606922964106746,0.22606922964106746,1770.505126953125,-0.004598898813128471,0.028794078156352043,0,0.0,,0.0,,0.0,
163,101,3289,1.0,3289,7340,167.7927010729909,0.3870967741935484,9.04237911477685,10.065991468727589,157.7267096042633,0.12917684449681213,0.16501625358569819,2.160639857592648,70.0,61.0,73.0,0.0,0.3870967741935484,1.0,167.7927010729909,1.2521843363656038,1.2521843363656038,851.82177734375,0.0018225886160507798,0.03596653789281845,185,0.05405405405405406,1.7164967560154047,0.0,1.3300393071008256,0.9621621621621622,1.442652858101929
84,47,3284,0.97592867756315,3365,5867,19.38987752236426,0.0,8.8985935151577,9.491043280810118,9.898834241554141,0.12712276450225285,0.15559087345590356,0.1356004690623855,70.0,61.0,73.0,0.0,0.0,0.0,19.38987752236426,0.1447005785251064,0.1447005785251064,539.1723022460938,-0.07268726825714111,0.26667895913124084,1497,0.0,1.1273466319408239,1.0,4.457735498288539,0.0,1.2206635552517726
210,142,3268,1.0,3268,5371,76.34620287222788,1.0,10.413999073207378,52.01101306080818,24.335189811419696,0.14877141533153398,0.8526395583739046,0.33335876453999586,70.0,61.0,73.0,0.9154929577464789,1.0,0.6756756756756757,76.34620287222788,0.5697477826285663,0.5697477826285663,1491.41943359375,-0.00263313134200871,0.023475496098399162,2020,0.0,1.316657770131141,1.0,3.432591858808313,0.0,1.2530372881812797
476,327,3248,0.7724137931034483,4205,4276,13.878373521962203,0.0,1.5756247569515835,1.481361212558113,12.39701230940409,0.02219189798523357,0.02389292278319537,0.169822086430193,71.0,62.0,73.0,0.0,0.0,0.3783783783783784,13.878373521962203,0.10280276682934965,0.10280276682934965,1458.873779296875,0.008332842960953712,0.025014208629727364,2130,1.0,2.3839760074437426,0.0,0.9092698398029032,0.0,0.9977550352243972
367,235,3202,0.9852307692307692,3250,8878,9.415904524852522,0.9523809523809523,3.8506016936153173,6.426183886826038,2.9897206380264834,0.05423382667063827,0.10364812720687158,0.0409550772332395,71.0,62.0,73.0,0.2777777777777778,0.9523809523809523,0.10810810810810811,9.415904524852522,0.0697474409248335,0.0697474409248335,2200.390380859375,-0.0008808495476841927,0.01395740732550621,905,0.07403314917127071,1.1846528856753142,1.0,4.115335193537037,0.0,1.0831371442571438
97,56,3179,0.9987433239082626,3183,12685,23.268336609005928,0.9838709677419355,9.310585528612137,11.219058021903038,12.04927858710289,0.1330083646944591,0.18391898396562356,0.16505861078223136,70.0,61.0,73.0,0.704225352112676,0.9838709677419355,0.9459459459459459,23.268336609005928,0.17364430305228304,0.17364430305228304,800.9891357421875,0.0016939775086939335,0.02266007289290428,0,0.0,,0.0,,0.0,
334,203,3132,0.9720670391061452,3222,8198,162.33096918836236,0.20634920634920634,4.820893783122301,6.097386334091425,156.23358285427094,0.06789991243834227,0.09834494087244233,2.140186066496862,71.0,62.0,73.0,0.013888888888888888,0.20634920634920634,1.0,162.33096918836236,1.202451623617499,1.202451623617499,1100.7381591796875,0.001252387068234384,0.022952888160943985,0,0.0,,0.0,,0.0,
162,108,3125,0.8601706578585191,3633,4963,38.260512791574,0.4032258064516129,9.694129392504692,9.188981592655182,29.07153119891882,0.13848756275006702,0.15063904250254395,0.39824015340984686,70.0,61.0,73.0,0.323943661971831,0.4032258064516129,0.7567567567567568,38.260512791574,0.2855262148624925,0.2855262148624925,660.2054443359375,0.007511898875236511,0.030785134062170982,0,0.0,,0.0,,0.0,
51,27,3056,0.9782330345710627,3124,5306,142.88961078226566,0.8709677419354839,11.245926059782505,31.355762377381325,111.53384840488434,0.1606560865683215,0.5140288914324808,1.5278609370532101,70.0,61.0,73.0,0.056338028169014086,0.8709677419354839,1.0,142.88961078226566,1.0663403789721317,1.0663403789721317,544.4757080078125,-0.00955561175942421,0.04922278970479965,2358,0.0,1.228779204347397,1.0,4.265572163922253,0.0,1.217888505526711
536,385,3053,1.0,3053,7985,174.09852332994342,0.19047619047619047,1.3006230923347175,3.8117000572383404,170.28682327270508,0.01831863510330588,0.061479033181263555,2.3011732874689876,71.0,62.0,74.0,0.0,0.19047619047619047,1.0,174.09852332994342,1.2801362009554662,1.2801362009554662,1002.8931884765625,0.0017871013842523098,0.015428956598043442,0,0.0,,0.0,,0.0,
164,105,3052,0.9941368078175896,3070,5727,9.513398937415332,0.08064516129032258,6.211435690522194,4.053407460451126,5.4599914769642055,0.08873479557888848,0.06644930263034633,0.07479440379403021,70.0,61.0,73.0,0.2535211267605634,0.08064516129032258,0.22972972972972974,9.513398937415332,0.07099551445832337,0.07099551445832337,1858.4407958984375,0.0017594844102859497,0.019852181896567345,479,1.0,1.6776243760557317,0.0,0.9894015882801626,0.0,1.2586837159371904
138,91,3034,0.86242183058556,3518,3813,12.313885699491948,0.0967741935483871,6.632336109876633,6.6725228652358055,5.641362834256142,0.09474765871252333,0.10938562074157059,0.07727894293501565,70.0,61.0,73.0,0.014084507042253521,0.0967741935483871,0.04054054054054054,12.313885699491948,0.09189466939919363,0.09189466939919363,1244.7540283203125,0.0037484627682715654,0.030259020626544952,3,1.0,1.4738669632407482,0.0,0.9078626447070988,0.0,1.0165077995933365
353,220,3024,0.9944097336402499,3041,8298,187.99677689373493,0.2222222222222222,2.4948540776968002,5.960720077157021,182.0360568165779,0.0351387898267155,0.0961406464057584,2.4936446139257247,71.0,62.0,73.0,0.0,0.2222222222222222,1.0,187.99677689373493,1.39256871773137,1.39256871773137,818.8880615234375,-0.00306220562197268,0.025892725214362144,0,0.0,,0.0,,0.0,
524,382,3022,0.8856975381008206,3412,4798,21.934979677200317,1.0,6.778219144791365,13.15584596991539,8.779133707284927,0.09546787527875161,0.21219106403089338,0.11863694199033685,71.0,62.0,74.0,0.3611111111111111,1.0,0.5333333333333333,21.934979677200317,0.16128661527353175,0.16128661527353175,2059.14990234375,0.0032590178307145834,0.0213553998619318,3,1.0,1.113947870629334,0.0,0.8975890352672926,0.0,1.110957042973327
63,40,2980,0.9675324675324676,3080,6048,37.19872112572193,0.7096774193548387,11.807467512786388,17.880887299776077,19.317833825945854,0.16867810732551983,0.29312929999632914,0.26462786062939525,70.0,61.0,73.0,0.08450704225352113,0.7096774193548387,0.5945945945945946,37.19872112572193,0.2776023964606114,0.2776023964606114,614.9900512695312,-0.00447121262550354,0.046404898166656494,5,1.0,1.2652125603643958,0.0,1.1934149155050853,0.0,1.131557802157872
38,19,2969,0.9374802652352384,3167,5390,464.3204731941223,1.0,7.085878647863865,180.87321162223816,283.44726157188416,0.10122683782662664,2.965134616758003,3.8828391996148515,70.0,61.0,73.0,0.014084507042253521,1.0,1.0,464.3204731941223,3.465078158165092,3.465078158165092,491.1474914550781,0.0025677497033029795,0.045170579105615616,0,0.0,,0.0,,0.0,
445,299,2962,0.9204474829086389,3218,5732,169.0341439396143,0.047619047619047616,6.573039153590798,5.527819409966469,163.50632452964783,0.09257801624775773,0.08915837758010434,2.2398126647896963,71.0,62.0,73.0,0.013888888888888888,0.047619047619047616,1.0,169.0341439396143,1.252104769923069,1.252104769923069,676.9080810546875,0.0031101948115974665,0.030880823731422424,0,0.0,,0.0,,0.0,
121,71,2942,0.7156409632692775,4111,5425,8.05000190064311,0.16129032258064516,8.631939604878426,4.0135443857871,4.036457514856011,0.12331342292683466,0.0657958096030672,0.05529393855967138,70.0,61.0,73.0,0.7323943661971831,0.16129032258064516,0.04054054054054054,8.05000190064311,0.06007464104957545,0.06007464104957545,2122.43798828125,-0.009038073010742664,0.022046638652682304,3,1.0,1.8705007863703813,0.0,0.9132698075701549,0.0,1.261796500053386
65,42,2911,0.7990667032665386,3643,12940,6.927048872894375,0.0,7.2733446434140205,3.150099361053435,3.7769495118409395,0.10390492347734315,0.051640973132023524,0.05173903440877999,70.0,61.0,73.0,0.0,0.0,0.0,6.927048872894375,0.05169439457383862,0.05169439457383862,1461.3184814453125,-0.0353572741150856,0.13609877228736877,1966,1.0,2.2642086126175083,0.0,1.3544039486197081,0.0,1.325742477397935
199,132,2908,0.8980852378011118,3238,5446,208.63841579691507,0.27419354838709675,4.322508699959144,6.854712231317535,201.78370356559753,0.06175012428513063,0.1123723316609432,2.7641603228164047,70.0,61.0,73.0,0.0,0.27419354838709675,1.0,208.63841579691507,1.5570031029620528,1.5570031029620528,843.358642578125,-0.0038786253426223993,0.030928267166018486,394,0.06345177664974619,1.358207699658137,0.9213197969543148,2.96660147827755,0.03807106598984772,1.1382601828561736
29,12,2881,0.9645128891864747,2987,3832,48.529069289565086,0.6774193548387096,11.702995922416449,23.376545816659927,25.15252347290516,0.1671856560345207,0.3832220625681955,0.34455511606719397,70.0,61.0,73.0,0.056338028169014086,0.6774193548387096,0.8513513513513513,48.529069289565086,0.3621572335042171,0.3621572335042171,499.572021484375,-0.002977134892717004,0.051054272800683975,959,0.0010427528675703858,1.155078346679021,0.9989572471324296,3.9478176731194723,0.0,1.2115678361258573
471,318,2813,0.9693314955203308,2902,5527,80.57023426145315,0.9841269841269841,9.298028822988272,11.411973498761654,69.1582607626915,0.13095815243645453,0.1840640886897041,0.934571091387723,71.0,62.0,74.0,0.8055555555555556,0.9841269841269841,0.9866666666666667,80.57023426145315,0.5924281930989203,0.5924281930989203,1981.4608154296875,0.0030375614296644926,0.021254604682326317,0,0.0,,0.0,,0.0,
209,139,2800,1.0,2800,7172,5.256812425097451,0.03225806451612903,3.270468127564527,3.536623142659664,1.7201892824377865,0.04672097325092182,0.057977428568191214,0.023564236745723104,70.0,61.0,73.0,0.014084507042253521,0.03225806451612903,0.0,5.256812425097451,0.039229943470876494,0.039229943470876494,1224.21337890625,-0.0005600391887128353,0.023084182292222977,0,0.0,,0.0,,0.0,
159,107,2799,0.7398889770023791,3783,4003,119.91885548830032,1.0,10.891026459634304,46.74334853887558,73.17550694942474,0.15558609228049006,0.7662844022766488,1.0024042047866404,70.0,61.0,73.0,1.0,1.0,1.0,119.91885548830032,0.8949168320022413,0.8949168320022413,2332.65478515625,0.00011349745909683406,0.013512076810002327,0,0.0,,0.0,,0.0,
125,83,2795,1.0,2795,6759,107.25561718642712,0.1774193548387097,8.958896651864052,9.045012220740318,98.2106049656868,0.12798423788377217,0.1482788888645954,1.3453507529546136,70.0,61.0,73.0,0.0,0.1774193548387097,1.0,107.25561718642712,0.800415053630053,0.800415053630053,693.6388549804688,0.0022700291592627764,0.04128073900938034,0,0.0,,0.0,,0.0,
496,343,2784,0.8293118856121537,3357,4286,236.78198392130435,0.0,4.525558483088389,4.85265333391726,231.92933058738708,0.06374026032518858,0.0782686021599558,3.1341801430727982,71.0,62.0,74.0,0.0,0.0,1.0,236.78198392130435,1.7410439994213556,1.7410439994213556,908.8093872070312,-0.00014532725617755204,0.03599834442138672,0,0.0,,0.0,,0.0,
124,81,2765,1.0,2765,6043,41.022487595677376,0.14516129032258066,9.032062195241451,8.257235452532768,32.76525214314461,0.12902945993202072,0.13536451561529128,0.4488390704540357,70.0,61.0,73.0,0.15492957746478872,0.14516129032258066,1.0,41.022487595677376,0.3061379671319207,0.3061379671319207,677.961181640625,-0.007008617743849754,0.0347396619617939,0,0.0,,0.0,,0.0,
215,143,2758,1.0,2758,7592,191.48550203442574,1.0,10.168291652575135,17.457563668489456,174.02793836593628,0.14526130932250192,0.2861895683358927,2.383944361177209,70.0,61.0,73.0,0.4225352112676056,1.0,1.0,191.48550203442574,1.428996283838998,1.428996283838998,581.6935424804688,-0.005078029353171587,0.030460922047495842,0,0.0,,0.0,,0.0,
126,80,2740,0.9884559884559885,2772,5403,54.0001539029181,0.9838709677419355,5.819959627464414,42.646488443017006,11.353665459901094,0.08314228039234876,0.6991227613609345,0.15552966383426156,70.0,61.0,73.0,0.1267605633802817,0.9838709677419355,0.4864864864864865,54.0001539029181,0.4029862231561052,0.4029862231561052,733.8792724609375,-0.002320832572877407,0.027439098805189133,0,0.0,,0.0,,0.0,
216,146,2729,0.7302649183837303,3737,4009,2.4622641007590573,0.016129032258064516,7.6468755677342415,1.9781617058906704,0.4841023948683869,0.10924107953906059,0.03242888042443722,0.006631539655731327,70.0,61.0,73.0,0.4225352112676056,0.016129032258064516,0.0,2.4622641007590573,0.018375105229545205,0.018375105229545205,1313.66650390625,-0.0001675092353252694,0.02307737246155739,891,0.0,1.291192249811227,1.0,3.3989330176008163,0.0,1.2279624306154004
531,371,2712,0.7151898734177216,3792,5468,19.945529844611883,1.0,7.254359867423773,11.78371475636959,8.161815088242292,0.10217408263977144,0.19005991542531597,0.1102947984897607,71.0,62.0,74.0,0.5972222222222222,1.0,0.6266666666666667,19.945529844611883,0.14665830768096974,0.14665830768096974,1600.266357421875,0.0012545533245429397,0.017167389392852783,0,0.0,,0.0,,0.0,
358,226,2694,0.9194539249146758,2930,5245,95.9206542330794,0.06349206349206349,4.249380627647042,5.468735333066434,90.45191890001297,0.05985043137531045,0.0882054085978457,1.2390673821919584,71.0,62.0,73.0,0.013888888888888888,0.06349206349206349,1.0,95.9206542330794,0.7105233646894771,0.7105233646894771,1364.475341796875,-0.0024267707485705614,0.03153553977608681,830,0.0,1.2995036486756268,1.0,3.1990685920139885,0.0,1.1456175994436852
420,285,2686,0.9004358028830037,2983,3097,8.871431094259606,0.31746031746031744,5.795827832072973,5.114034479483962,3.7573966147756437,0.08163137791652075,0.082484427088451,0.05147118650377594,71.0,62.0,73.0,0.2777777777777778,0.31746031746031744,0.17567567567567569,8.871431094259606,0.06571430440192301,0.06571430440192301,1491.4593505859375,-0.006706145126372576,0.021351458504796028,3875,0.0,1.2404721319441183,1.0,4.343876973207651,0.0,1.1376203048530953
276,174,2677,0.9650324441240087,2774,3778,22.303528882563114,0.14285714285714285,4.491366091533564,7.560830317437649,14.742698565125465,0.06325867734554315,0.12194887608770401,0.2019547748647324,71.0,62.0,73.0,0.041666666666666664,0.14285714285714285,0.527027027027027,22.303528882563114,0.16521132505602307,0.16521132505602307,1366.1181640625,0.0077478536404669285,0.02848077192902565,0,0.0,,0.0,,0.0,
523,372,2648,0.9022146507666099,2935,3750,116.64158091461286,0.0,4.45262070838362,3.4039382091723382,113.23764270544052,0.06271296772371296,0.054902229180199005,1.5302384149383854,71.0,62.0,74.0,0.0,0.0,0.9866666666666667,116.64158091461286,0.8576586831956828,0.8576586831956828,847.871826171875,0.0006905824993737042,0.05055301636457443,1644,0.0,1.1562987812658836,1.0,4.799072390103579,0.0,1.1607108838141034
104,61,2628,0.9511400651465798,2763,4732,43.784662370570004,0.9838709677419355,4.145852379966527,34.568629801273346,9.216032569296658,0.05922646257095039,0.5666988492012024,0.1262470214972145,70.0,61.0,73.0,0.0,0.9838709677419355,0.21621621621621623,43.784662370570004,0.3267512117206717,0.3267512117206717,905.6002807617188,0.001608344609849155,0.04171518236398697,885,0.1367231638418079,1.2220723630782586,0.9457627118644067,2.53661740699964,0.0,1.2483861810898182
347,213,2624,0.8394113883557262,3126,5297,79.24004327505827,0.9523809523809523,5.07172604650259,6.729736678302288,72.51030659675598,0.07143276121834634,0.10854413997261755,0.9932918711884381,71.0,62.0,73.0,0.5416666666666666,0.9523809523809523,1.0,79.24004327505827,0.5869632835189501,0.5869632835189501,1963.308349609375,-0.0010707040783017874,0.013969223015010357,3994,0.5803705558337506,2.0640531825885136,0.0,1.2036551667844142,0.7245868803204807,1.699044654494197
396,265,2541,0.9595921450151057,2648,5911,9.388006215915084,0.6031746031746031,3.808847574287938,5.309625182300806,4.078381033614278,0.05364574048292871,0.08563911584356139,0.05586823333718189,71.0,62.0,73.0,0.1111111111111111,0.6031746031746031,0.17567567567567569,9.388006215915084,0.06954078678455618,0.06954078678455618,1828.822021484375,-0.004478538408875465,0.01725899614393711,0,0.0,,0.0,,0.0,
412,274,2534,0.9882995319812793,2564,4102,149.27726978063583,1.0,6.907590541988611,25.48510879278183,123.792160987854,0.09729000763364241,0.4110501418190618,1.6957830272308767,71.0,62.0,73.0,0.19444444444444445,1.0,1.0,149.27726978063583,1.105757553930636,1.105757553930636,1328.7415771484375,-0.0024031430948525667,0.027584709227085114,709,0.02679830747531735,1.437755028787323,0.9802538787023978,2.9057153264394464,0.0,1.1897965241316892
461,312,2525,1.0,2525,4825,161.0338089093566,0.7142857142857143,5.343471160158515,11.224977098405361,149.80883181095123,0.0752601571853312,0.1810480177162155,2.0521757782322085,71.0,62.0,73.0,0.05555555555555555,0.7142857142857143,1.0,161.0338089093566,1.192843028958197,1.192843028958197,1053.892822265625,0.0018867998151108623,0.028480062261223793,1,1.0,1.2821472298159242,0.0,1.1594308969107783,0.0,1.0516862146415216
547,399,2522,0.9662835249042145,2610,4277,1.1840697004518006,0.0,3.5879178694449365,1.103077813895652,0.08099188655614853,0.050534054499224455,0.01779157764347826,0.0010944849534614666,71.0,62.0,74.0,0.0,0.0,0.0,1.1840697004518006,0.00870639485626324,0.00870639485626324,1431.318359375,0.01091794390231371,0.03924372047185898,0,0.0,,0.0,,0.0,
499,348,2521,0.8952414772727273,2816,3643,86.16125448787352,0.0,1.0882344757264946,0.9713242276920937,85.18993026018143,0.015327246136992882,0.015666519801485382,1.1512152737862356,71.0,62.0,74.0,0.0,0.0,0.9866666666666667,86.16125448787352,0.6335386359402465,0.6335386359402465,1058.886474609375,-0.001414305530488491,0.03589706867933273,2848,0.0,1.4418304441824998,1.0,3.5511506979344523,0.0,1.234118643506863
556,407,2488,0.7856015156299337,3167,3522,5.98456471960526,0.6507936507936508,1.3690272170933895,5.593639936298132,0.39092478330712765,0.019282073480188584,0.09021999897255052,0.005282767341988212,71.0,62.0,74.0,0.013888888888888888,0.6507936507936508,0.0,5.98456471960526,0.044004152350038676,0.044004152350038676,2564.920654296875,-0.0018593809800222516,0.015948424115777016,0,0.0,,0.0,,0.0,
426,289,2475,0.9245423982069481,2677,4160,182.2938983887434,0.015873015873015872,4.446882816962898,3.653685972094536,178.64021241664886,0.06263215235159011,0.05893041890475058,2.4471261974883407,71.0,62.0,73.0,0.041666666666666664,0.015873015873015872,1.0,182.2938983887434,1.350325173249951,1.350325173249951,1404.145263671875,0.004984898958355188,0.023178033530712128,0,0.0,,0.0,,0.0,
57,35,2469,0.7863057324840764,3140,3300,84.15030702017248,1.0,9.466239884495735,59.0440958738327,25.106211146339774,0.13523199834993907,0.9679359979316836,0.3439207006347914,70.0,61.0,73.0,0.028169014084507043,1.0,0.5945945945945946,84.15030702017248,0.6279873658221826,0.6279873658221826,979.7936401367188,-0.006324061192572117,0.041055165231227875,29,0.0,1.367508978270783,1.0,2.883914974358202,0.0,1.2389171355645305
42,18,2437,0.918582736524689,2653,4556,66.26313488988671,1.0,10.329841762781143,59.62449112534523,6.638643764541484,0.1475691680397306,0.9774506741859874,0.09094032554166417,70.0,61.0,73.0,0.5915492957746479,1.0,0.2702702702702703,66.26313488988671,0.49450100664094565,0.49450100664094565,692.4776000976562,-0.008085601031780243,0.02812810242176056,0,0.0,,0.0,,0.0,
583,416,2425,0.8792603335750544,2758,5892,1.9658943550894037,0.016129032258064516,5.361396798864007,1.9658943550894037,0.0,0.07551263096991559,0.03222777631294104,0.0,71.0,61.0,74.0,0.4305555555555556,0.016129032258064516,0.0,1.9658943550894037,0.014562180408069657,0.014562180408069657,2903.888916015625,0.004963520914316177,0.01592758297920227,13,1.0,1.472331299031573,0.0,0.9874831178655982,0.0,1.0645180434556238
509,360,2423,0.9897875816993464,2448,4318,16.196668366668746,0.6031746031746031,5.073043501004577,7.362044632434845,8.834623734233901,0.07145131691555742,0.11874265536185234,0.11938680721937704,71.0,62.0,74.0,0.18055555555555555,0.6031746031746031,0.48,16.196668366668746,0.11909314975491725,0.11909314975491725,2209.69873046875,0.0029476264026015997,0.021803902462124825,0,0.0,,0.0,,0.0,
498,345,2416,0.7885117493472585,3064,11531,50.05833928287029,0.6349206349206349,2.873919396661222,5.072910234332085,44.98542904853821,0.04047773798114397,0.08182113281180782,0.6079112033586245,71.0,62.0,74.0,0.09722222222222222,0.6349206349206349,1.0,50.05833928287029,0.3680760241387522,0.3680760241387522,2174.384765625,0.002453605644404888,0.011747418902814388,2306,0.1834345186470078,1.1862221351496562,0.8313096270598439,3.612805129003458,0.0,1.0443946233668
504,356,2407,0.7779573367808662,3094,3541,174.34208841994405,0.0,6.348074700683355,5.61168285086751,168.73040556907654,0.08940950282652613,0.09051101372366951,2.2801406157983317,71.0,62.0,74.0,0.0,0.0,1.0,174.34208841994405,1.2819271207348828,1.2819271207348828,1619.700439453125,0.009093414060771465,0.03871555253863335,12,1.0,1.474325897372226,0.0,0.9917750533881489,0.0,1.0818453769222858
301,188,2397,0.9704453441295546,2470,3114,1.244947766943369,0.0,4.324537523090839,1.1044916506507434,0.14045611629262567,0.060908979198462526,0.017814381462108765,0.0019240563875702146,71.0,62.0,73.0,0.0,0.0,0.0,1.244947766943369,0.009221835310691623,0.009221835310691623,2584.582275390625,0.0016384614864364266,0.027408603578805923,1636,0.028728606356968216,1.3132826565804996,0.7756723716381418,2.497085732243099,0.23288508557457213,1.1809449123714224
545,405,2390,0.7872200263504612,3036,6311,108.61153341270983,0.30158730158730157,5.723932089284062,5.005692461505532,103.6058409512043,0.08061876182090229,0.0807369751855731,1.400078931773031,71.0,62.0,74.0,0.25,0.30158730158730157,0.9866666666666667,108.61153341270983,0.7986142162699252,0.7986142162699252,988.400390625,-0.0076983533799648285,0.02323339134454727,338,0.0,1.4121114694496142,1.0,2.3727214552688753,0.0,1.1545469353888855
565,414,2390,1.0,2390,4942,40.986470244359225,0.5483870967741935,1.6308843766455539,4.032507404219359,36.953962840139866,0.02297020248796555,0.06610667875769441,0.4993778762181063,71.0,61.0,74.0,0.0,0.5483870967741935,1.0,40.986470244359225,0.3036034832915498,0.3036034832915498,1422.244140625,0.0020556848030537367,0.012935875914990902,636,0.0,1.25647181346502,0.0,1.1201722164490455,1.0,1.3915378019404465
61,36,2384,0.9319781078967944,2558,4486,0.13572525628842413,0.0,5.744842756539583,0.027428224915638566,0.10829703137278557,0.08206918223627976,0.00044964303140391094,0.0014835209777093914,70.0,61.0,73.0,0.0,0.0,0.0,0.13572525628842413,0.0010128750469285384,0.0010128750469285384,1626.8980712890625,-0.010002081282436848,0.049430835992097855,988,1.0,2.0652729195031743,0.0,1.0303370726900793,0.0,1.3532911785364334
86,50,2350,1.0,2350,7503,0.8001088117889594,0.0,6.608646005392075,0.5229248611722142,0.2771839506167453,0.0944092286484582,0.008572538707741216,0.0037970404194074695,70.0,61.0,73.0,0.0,0.0,0.0,0.8001088117889594,0.00597096128200716,0.00597096128200716,1989.5657958984375,-0.07104028016328812,0.25222334265708923,0,0.0,,0.0,,0.0,
386,247,2348,0.8273431994362227,2838,4168,24.736298984498717,0.0,0.6202897715120343,2.2564372123451903,22.479861772153527,0.008736475655099076,0.036394148586212746,0.30794331194730856,71.0,62.0,73.0,0.0,0.0,0.44594594594594594,24.736298984498717,0.1832318443296201,0.1832318443296201,816.2470092773438,-0.0005338710616342723,0.0314117968082428,0,0.0,,0.0,,0.0,
341,218,2331,0.8944742900997698,2606,3000,163.30218750797212,0.0,4.95740975253284,4.761198943480849,158.54098856449127,0.06982267257088506,0.07679353134646531,2.1717943638971406,71.0,62.0,73.0,0.041666666666666664,0.0,1.0,163.30218750797212,1.209645833392386,1.209645833392386,1179.597412109375,0.004330507479608059,0.032110292464494705,1026,0.0,1.326614860756987,1.0,3.9876901205600745,0.0,1.112816450876234
206,138,2330,0.9995709995709996,2331,5968,144.2309668660164,0.6612903225806451,15.121890529990196,14.923120439052582,129.3078464269638,0.2160270075712885,0.24464131867299316,1.7713403620132029,70.0,61.0,73.0,0.7323943661971831,0.6612903225806451,1.0,144.2309668660164,1.0763504990001223,1.0763504990001223,1217.84033203125,0.0015328619629144669,0.037129372358322144,427,0.0,1.6804034442136266,0.0,1.1094605443276946,1.0,1.2260293283421249
348,225,2316,0.7509727626459144,3084,3029,137.89443679712713,0.0,5.406952586025,5.026877066120505,132.86755973100662,0.076154261775,0.08107866235678235,1.8201035579589948,71.0,62.0,73.0,0.0,0.0,1.0,137.89443679712713,1.021440272571312,1.021440272571312,658.8836059570312,-0.007861269637942314,0.03954104706645012,1131,0.0,1.0621765703360957,1.0,3.775772703842797,0.0,1.088176546939399
551,403,2304,0.8087048087048087,2849,2848,11.608232355676591,0.0,5.41836446810521,6.777566201984882,4.830666153691709,0.07631499250852408,0.10931558390298197,0.06527927234718525,71.0,62.0,74.0,0.0,0.0,0.0,11.608232355676591,0.08535464967409258,0.08535464967409258,1797.07177734375,0.011434267275035381,0.04753605276346207,1405,0.0,1.225920530891805,1.0,3.0683104417634,0.0,1.1576965608340415
414,280,2303,0.9668345927791772,2382,4023,1.1016815058974316,0.0,1.7570742889656685,1.1016815058974316,0.0,0.024747525196699555,0.01776905654673277,0.0,71.0,62.0,73.0,0.06944444444444445,0.0,0.0,1.1016815058974316,0.008160603747388383,0.008160603747388383,1606.4185791015625,0.0034951691050082445,0.016249356791377068,0,0.0,,0.0,,0.0,
449,307,2293,0.9542238868081565,2403,3089,25.19857617467642,0.14285714285714285,8.85462573170662,11.177391663193703,14.021184511482716,0.12471303847474112,0.1802805106966726,0.19207102070524268,71.0,62.0,73.0,0.0,0.14285714285714285,0.2972972972972973,25.19857617467642,0.18665611981241792,0.18665611981241792,1967.790771484375,-0.01110842078924179,0.047668635845184326,0,0.0,,0.0,,0.0,
245,164,2291,0.8002095703807195,2863,3422,121.14471134543419,0.1111111111111111,8.951167039573193,9.060702830553055,112.08400851488113,0.12607277520525623,0.1461403682347267,1.53539737691618,71.0,62.0,73.0,0.041666666666666664,0.1111111111111111,1.0,121.14471134543419,0.8973682321884014,0.8973682321884014,616.741943359375,-0.010635461658239365,0.045208755880594254,0,0.0,,0.0,,0.0,
400,270,2290,0.8366824990865912,2737,3437,134.37758632190526,0.031746031746031744,5.316422984004021,4.9988899398595095,129.37869638204575,0.07487919695780311,0.08062725709450821,1.7723109093430924,71.0,62.0,73.0,0.05555555555555555,0.031746031746031744,1.0,134.37758632190526,0.9953895283104093,0.9953895283104093,1939.580810546875,-0.004516224376857281,0.027373474091291428,0,0.0,,0.0,,0.0,
293,182,2273,1.0,2273,4800,139.6733419180382,0.0,1.3121778822969645,1.1656967878807336,138.50764513015747,0.01848137862390091,0.018801561094850542,1.897365001782979,71.0,62.0,73.0,0.0,0.0,1.0,139.6733419180382,1.0346173475410236,1.0346173475410236,1405.4156494140625,0.001345916069112718,0.03241836279630661,0,0.0,,0.0,,0.0,
194,128,2271,0.9742599742599742,2331,5507,24.851212941110134,1.0,9.04515466094017,12.344520092010498,12.506692849099636,0.12921649515628814,0.20236918183623767,0.17132455957670734,70.0,61.0,73.0,0.8309859154929577,1.0,0.9054054054054054,24.851212941110134,0.1854568129933592,0.1854568129933592,1562.440185546875,-0.004587974399328232,0.02097889594733715,0,0.0,,0.0,,0.0,
372,239,2265,0.9796712802768166,2312,4982,100.4341668235138,0.015873015873015872,3.892422039527446,3.353903387673199,97.0802634358406,0.05482284562714713,0.05409521593021289,1.3298666224087754,71.0,62.0,73.0,0.0,0.015873015873015872,1.0,100.4341668235138,0.7439567912852875,0.7439567912852875,1412.036865234375,-0.008007700555026531,0.031176820397377014,1961,0.0,1.2018207095978202,1.0,3.251893113459581,0.0,1.1010881346097943
111,77,2250,0.8882747729964469,2533,2681,10.778302484657615,0.016129032258064516,8.20415305159986,5.692620212212205,5.0856822724454105,0.11720218645142658,0.0933216428231509,0.06966688044445768,70.0,61.0,73.0,0.014084507042253521,0.016129032258064516,0.0,10.778302484657615,0.08043509316908669,0.08043509316908669,1340.326416015625,0.013968060724437237,0.04273923859000206,8,0.0,1.020812925322571,1.0,2.19071203396713,0.0,1.1508382796362044
486,328,2249,1.0,2249,5196,14.05323408319964,0.9365079365079365,5.909516436979175,9.4578165858984,4.595417497301241,0.08323262587294612,0.1525454288048129,0.06210023645001678,71.0,62.0,74.0,0.4583333333333333,0.9365079365079365,0.2,14.05323408319964,0.10333260355293854,0.10333260355293854,1275.656982421875,0.0008893143385648727,0.02022062987089157,0,0.0,,0.0,,0.0,
131,89,2237,0.8663826491092177,2582,3807,308.45850026607513,1.0,6.886523367837071,139.79698169231415,168.661518573761,0.09837890525481531,2.2917537982346583,2.310431761284397,70.0,61.0,73.0,0.014084507042253521,1.0,1.0,308.45850026607513,2.3019291064632474,2.3019291064632474,544.4068603515625,0.006862629670649767,0.04119793325662613,1780,0.0,1.0544231469210577,1.0,4.331283720101017,0.0,1.090657193754399
493,337,2210,0.8854166666666666,2496,4885,93.47258457913995,0.07936507936507936,1.7702004824204778,4.789892617613077,88.68269196152687,0.0249324011608518,0.07725633254214641,1.1984147562368497,71.0,62.0,74.0,0.0,0.07936507936507936,0.9866666666666667,93.47258457913995,0.6872984160230878,0.6872984160230878,1221.142822265625,-0.004963504150509834,0.023944243788719177,0,0.0,,0.0,,0.0,
120,66,2178,0.9598942265315117,2269,7256,383.229043006897,1.0,7.7212934866547585,138.48683905601501,244.74220395088196,0.11030419266649655,2.270276050098607,3.3526329308339995,70.0,61.0,73.0,0.49295774647887325,1.0,1.0,383.229043006897,2.8599182313947535,2.8599182313947535,763.19384765625,0.0025013394188135862,0.021353919059038162,1,1.0,1.3998638345399634,0.0,0.9635564221965754,0.0,1.2685179341941062
150,93,2176,0.780767850735558,2787,3359,182.2359631061554,1.0,11.076101541519165,89.46006113290787,92.77590197324753,0.15823002202170236,1.466558379227998,1.2709027667568153,70.0,61.0,73.0,0.028169014084507043,1.0,1.0,182.2359631061554,1.359969873926533,1.359969873926533,648.7576904296875,-0.0010733435628935695,0.052916862070560455,1608,0.013059701492537313,1.0848905331546568,1.0,4.409059108880259,0.0,1.0720189112026022
96,58,2162,0.8586179507545671,2518,2611,169.49941470101476,1.0,5.265438387170434,128.1370166540146,41.36239804700017,0.07522054838814905,2.100606830393682,0.5666081924246599,70.0,61.0,73.0,0.028169014084507043,1.0,0.6216216216216216,169.49941470101476,1.2649210052314535,1.2649210052314535,774.804443359375,0.0019329003989696503,0.033353645354509354,0,0.0,,0.0,,0.0,
250,165,2160,0.9953917050691244,2170,4300,1.6758855053049047,0.0,2.897772735217586,1.6758855053049047,0.0,0.04081370049602234,0.02703041137588556,0.0,71.0,62.0,73.0,0.0,0.0,0.0,1.6758855053049047,0.012413966705962256,0.012413966705962256,831.94775390625,0.0037922554183751345,0.029379921033978462,0,0.0,,0.0,,0.0,
378,241,2159,0.855049504950495,2525,3279,0.03830257523804903,0.0,0.3939549330389127,0.03830257523804903,0.0,0.005548661028717081,0.000617783471581436,0.0,71.0,62.0,73.0,0.0,0.0,0.0,0.03830257523804903,0.00028372277954110396,0.00028372277954110396,1018.6959228515625,-0.005746810231357813,0.04006122425198555,1543,0.0,1.1884269613157943,1.0,4.292835343836595,0.0,1.1148844183924136
219,136,2155,1.0,2155,12155,151.70637662522495,0.5645161290322581,10.478853039443493,7.964473946020007,143.74190267920494,0.1475894794287816,0.1305651466560657,1.9690671599891088,71.0,61.0,73.0,0.7361111111111112,0.5645161290322581,1.0,151.70637662522495,1.132137138994216,1.132137138994216,551.14990234375,0.0020238375291228294,0.02454777993261814,0,0.0,,0.0,,0.0,
158,111,2150,0.8097928436911488,2655,3733,9.590137702209176,0.5,6.097439521923661,6.204325603321195,3.385812098887982,0.08710627888462373,0.10171025579215073,0.04638098765599975,70.0,61.0,73.0,0.29577464788732394,0.5,0.0945945945945946,9.590137702209176,0.07156819180753117,0.07156819180753117,1763.959228515625,0.0033740869257599115,0.020827053114771843,0,0.0,,0.0,,0.0,
288,181,2150,0.7770148174918684,2767,2561,14.833168935030699,0.047619047619047616,8.076727282255888,9.893478639423847,4.939690295606852,0.1137567222852942,0.15957223611973947,0.06766699035077879,71.0,62.0,73.0,0.013888888888888888,0.047619047619047616,0.0,14.833168935030699,0.10987532544467184,0.10987532544467184,1562.0888671875,0.003182191401720047,0.03953998535871506,1080,0.0,1.0734421529625544,1.0,3.095765582467387,0.0,1.053445620345889
239,158,2147,0.994902687673772,2158,4538,173.59669323265553,0.9841269841269841,16.772826619446278,32.90138478577137,140.69530844688416,0.2362369946400884,0.5306674965446995,1.9273329924230707,71.0,62.0,73.0,0.8194444444444444,0.9841269841269841,1.0,173.59669323265553,1.285901431353004,1.285901431353004,1549.77490234375,0.0068472945131361485,0.018936054781079292,774,0.0,1.3509326509928443,1.0,3.3309621733109744,0.0,1.0562321317418295
333,217,2144,0.7926062846580406,2705,2828,74.23302704840899,0.047619047619047616,3.967168780742213,6.543647147715092,67.6893799006939,0.055875616630172015,0.10554269593088858,0.9272517794615602,71.0,62.0,73.0,0.013888888888888888,0.047619047619047616,1.0,74.23302704840899,0.5498742744326591,0.5498742744326591,1257.567138671875,-0.001372437458485365,0.03937821090221405,545,0.0,1.1992289898308186,1.0,3.725140588970564,0.0,0.9391178491692371
467,311,2128,0.8643379366368806,2462,4872,204.41463777422905,0.2857142857142857,4.240128343226388,7.907375305891037,196.507262468338,0.05972011751023082,0.1275383113853393,2.691880307785452,71.0,62.0,73.0,0.013888888888888888,0.2857142857142857,1.0,204.41463777422905,1.5141825020313262,1.5141825020313262,652.5394287109375,0.005707876291126013,0.02931118570268154,2278,0.0,1.289516265458649,1.0,3.927104535973049,0.0,1.168100613999864
223,152,2122,0.7193220338983051,2950,2280,24.60372225055471,0.5806451612903226,10.653525549918413,7.676053266972303,16.927668983582407,0.1500496556326537,0.12583693880282465,0.23188587648743023,71.0,61.0,73.0,0.6666666666666666,0.5806451612903226,0.4594594594594595,24.60372225055471,0.18360986754145306,0.18360986754145306,1021.1412353515625,0.003934644162654877,0.024079548195004463,1183,0.0,1.1063829253230377,1.0,4.816735872961446,0.0,1.1340844551515437
112,75,2119,0.9117900172117039,2324,2535,386.5524718761444,1.0,22.749747902154922,140.25221371650696,246.30025815963745,0.3249963986022132,2.299216618303393,3.3739761391731156,70.0,61.0,73.0,0.5774647887323944,1.0,1.0,386.5524718761444,2.8847199393742122,2.8847199393742122,847.6165771484375,0.0053723715245723724,0.06158483400940895,795,0.006289308176100629,1.3906964087853317,0.9937106918238994,3.5439499309615483,0.0,1.2770688633222098
332,207,2116,0.9280701754385965,2280,3910,13.92267529576202,0.6031746031746031,7.899259970057756,9.783901453018188,4.138773842743831,0.11125718267686979,0.15780486214545467,0.05669553209238124,71.0,62.0,73.0,0.3472222222222222,0.6031746031746031,0.10810810810810811,13.92267529576202,0.1031309281167557,0.1031309281167557,1066.638427734375,-0.0034239182714372873,0.029518676921725273,631,0.0,1.1713037273778828,1.0,3.181812852279179,0.0,1.0814195030259304
343,219,2116,0.971979788700046,2177,2656,198.12851124804,0.0,4.475428051780909,2.4692767242668197,195.6592345237732,0.06303419791240718,0.039827043939787414,2.68026348662703,71.0,62.0,73.0,0.013888888888888888,0.0,1.0,198.12851124804,1.4676186018373334,1.4676186018373334,1234.310302734375,0.002789761172607541,0.03978157415986061,0,0.0,,0.0,,0.0,
525,383,2113,0.8302554027504911,2545,2381,157.01126580359414,0.0,1.5730883741634898,1.3824381125159562,155.6288276910782,0.022156174283992813,0.02229738891154768,2.103092266095651,71.0,62.0,74.0,0.0,0.0,1.0,157.01126580359414,1.1544946014970157,1.1544946014970157,1615.89111328125,0.00845301989465952,0.03505173698067665,0,0.0,,0.0,,0.0,
306,193,2109,0.8853904282115869,2382,3253,7.466222584247589,0.015873015873015872,2.2400927286871593,2.2120152064599097,5.254207377787679,0.0315506018124952,0.035677664620321126,0.07197544353133807,71.0,62.0,73.0,0.0,0.015873015873015872,0.20270270270270271,7.466222584247589,0.055305352475908065,0.055305352475908065,1041.6649169921875,-0.010014117695391178,0.033695802092552185,1321,0.0,1.121387571582044,1.0,3.94199794091592,0.0,1.0933584851643174
419,276,2094,0.9789621318373072,2139,4877,180.12267682194943,0.0,0.365539641585201,0.08694944024318829,180.03572738170624,0.005148445656129592,0.001402410326503037,2.466242840845291,71.0,62.0,73.0,0.0,0.0,1.0,180.12267682194943,1.3342420505329586,1.3342420505329586,851.8421630859375,-0.0019416349241510034,0.033226411789655685,0,0.0,,0.0,,0.0,
291,177,2084,1.0,2084,6483,0.870867625111714,0.0,2.672713701846078,0.8154408370610327,0.05542678805068135,0.037643854955578565,0.013152271565500527,0.0007592710691874158,71.0,62.0,73.0,0.027777777777777776,0.0,0.0,0.870867625111714,0.006450871297123808,0.006450871297123808,1274.419189453125,-0.0013772053644061089,0.01705164834856987,0,0.0,,0.0,,0.0,
530,381,2073,0.8161417322834645,2540,2530,128.66226273402572,0.0,3.0172930024564266,3.6040746830403805,125.05818805098534,0.042497084541639814,0.05813023682323194,1.6899755142025046,71.0,62.0,74.0,0.0,0.0,0.9866666666666667,128.66226273402572,0.946046049514895,0.946046049514895,1454.982666015625,0.007783746812492609,0.03002340905368328,0,0.0,,0.0,,0.0,
205,133,2069,1.0,2069,5964,45.12502744793892,1.0,9.581769302487373,26.8954825848341,18.22954486310482,0.13688241860696249,0.4409095505710508,0.2497197926452715,70.0,61.0,73.0,0.7464788732394366,1.0,0.9864864864864865,45.12502744793892,0.3367539361786486,0.3367539361786486,855.465576171875,0.005292458925396204,0.018909072503447533,0,0.0,,0.0,,0.0,
581,425,2049,0.9956268221574344,2058,5065,27.68682849407196,1.0,11.500151515007019,15.354255557060242,12.332572937011719,0.16197396500009886,0.25170910749279085,0.1666563910406989,71.0,61.0,74.0,0.7361111111111112,1.0,0.8933333333333333,27.68682849407196,0.2050876184746071,0.2050876184746071,1284.756591796875,-0.006069216411560774,0.024715254083275795,0,0.0,,0.0,,0.0,
299,192,2043,0.8851819757365684,2308,2805,5.530894462048309,0.0,3.3757555580232292,2.0536107421212364,3.4772837199270725,0.04754585292990464,0.03312275390518123,0.04763402356064483,71.0,62.0,73.0,0.0,0.0,0.13513513513513514,5.530894462048309,0.04096958860776525,0.04096958860776525,1840.719482421875,-0.004199312534183264,0.025910845026373863,2438,0.1062346185397867,1.0081972957121768,0.8958162428219852,3.685264712951818,0.0,0.8889320250157537
172,110,2035,0.9170797656602073,2219,4895,75.89975906349719,0.24193548387096775,6.512299565598369,6.2037688586860895,69.6959902048111,0.09303285093711955,0.1017011288309195,0.9547395918467273,70.0,61.0,73.0,0.09859154929577464,0.24193548387096775,1.0,75.89975906349719,0.5664161124141581,0.5664161124141581,914.8392333984375,-0.01168071385473013,0.03079749085009098,1,1.0,1.0931811011799666,0.0,0.9623398105523878,0.0,1.036759393367974
313,197,2028,0.9950932286555446,2038,4642,13.906149884685874,0.4126984126984127,5.183342982083559,7.616238184273243,6.289911700412631,0.07300483073357125,0.12284255135924585,0.08616317397825522,71.0,62.0,73.0,0.06944444444444445,0.4126984126984127,0.17567567567567569,13.906149884685874,0.10300851766433981,0.10300851766433981,1524.0250244140625,0.0006987289525568485,0.024989532306790352,0,0.0,,0.0,,0.0,
402,273,2023,0.8543074324324325,2368,2860,357.9623976498842,0.9523809523809523,8.06015190295875,70.85542519390583,287.1069724559784,0.11352326623885564,1.1428294386113844,3.9329722254243618,71.0,62.0,73.0,0.18055555555555555,0.9523809523809523,1.0,357.9623976498842,2.6515733159250683,2.6515733159250683,1064.59375,0.004930106457322836,0.037864286452531815,1608,0.023009950248756218,2.49538498605823,0.31654228855721395,2.2573618734480654,0.7052238805970149,2.1204813715115116
161,114,2016,0.7801857585139319,2584,2062,11.539153583347797,0.0967741935483871,6.396363807842135,5.897811837494373,5.641341745853424,0.09137662582631623,0.09668543995892415,0.07727865405278662,70.0,61.0,73.0,0.014084507042253521,0.0967741935483871,0.0945945945945946,11.539153583347797,0.086113086442894,0.086113086442894,1507.9783935546875,-0.0037937460001558065,0.037508029490709305,0,0.0,,0.0,,0.0,
30,11,1993,0.8977477477477478,2220,3903,9.460570167284459,0.0,7.352691076695919,4.952401047106832,4.508169120177627,0.10503844395279885,0.08118690241158741,0.06175574137229625,70.0,61.0,73.0,0.028169014084507043,0.0,0.0,9.460570167284459,0.0706012699051079,0.0706012699051079,641.4883422851562,0.00884601753205061,0.04053054377436638,943,0.007423117709437964,1.3122218939965509,1.0,3.9280300214664665,0.0,1.2613151479506501
485,335,1993,0.905086285195277,2202,3058,26.95583531470038,0.0,0.9542638768907636,0.8889687026385218,26.066866612061858,0.013440336294236108,0.01433820488126648,0.35225495421705216,71.0,62.0,74.0,0.0,0.0,0.37333333333333335,26.95583531470038,0.19820467143162043,0.19820467143162043,1404.6656494140625,-0.0003079052548855543,0.037169624119997025,751,0.005326231691078562,1.3271939675453723,0.9946737683089214,2.9388974153538996,0.0,1.2067704026151933
364,233,1986,0.9506941120153183,2089,3024,0.006518412381410599,0.0,1.0156988081289455,0.006518412381410599,0.0,0.014305617015900642,0.00010513568357113869,0.0,71.0,62.0,73.0,0.0,0.0,0.0,0.006518412381410599,4.8284536158597026e-05,4.8284536158597026e-05,3109.91796875,-0.006143661215901375,0.02064010128378868,1831,0.0,0.9338400981237346,1.0,3.913646303814378,0.0,0.9343560532532478
391,251,1982,0.9994957135653051,1983,4823,212.7840911746025,0.12698412698412698,8.369103830307722,7.829606890678406,204.9544842839241,0.11787470183532003,0.12628398210771621,2.807595675122248,71.0,62.0,73.0,0.1111111111111111,0.12698412698412698,1.0,212.7840911746025,1.5761784531452037,1.5761784531452037,595.7858276367188,0.004253891296684742,0.03346715494990349,0,0.0,,0.0,,0.0,
516,368,1981,0.8723029502421841,2271,4891,120.01180259045213,0.0,0.38810824253596365,2.135054743848741,117.8767478466034,0.005466313275154418,0.034436366836270015,1.5929290249541,71.0,62.0,74.0,0.0,0.0,1.0,120.01180259045213,0.882439724929795,0.882439724929795,1537.40283203125,2.5276094675064087e-05,0.03679740056395531,2450,0.9906122448979592,2.6441945172820147,0.0,1.2054828753884572,0.4689795918367347,1.3375383158694933
280,178,1970,0.9989858012170385,1972,5797,176.05072031915188,0.7142857142857143,10.732132986187935,9.754315242171288,166.2964050769806,0.15115680262236528,0.15732766519631108,2.278032946260008,71.0,62.0,73.0,0.7638888888888888,0.7142857142857143,1.0,176.05072031915188,1.3040794097714954,1.3040794097714954,856.2073974609375,-0.0030295196920633316,0.0246047955006361,0,0.0,,0.0,,0.0,
460,310,1970,0.9248826291079812,2130,5456,185.11243898421526,0.5238095238095238,2.96349605335854,6.707699365913868,178.4047396183014,0.04173938103321887,0.10818869945022368,2.4439005427164573,71.0,62.0,73.0,0.041666666666666664,0.5238095238095238,1.0,185.11243898421526,1.3712032517349277,1.3712032517349277,1313.06494140625,-0.004992665257304907,0.022373424842953682,0,0.0,,0.0,,0.0,
510,358,1944,0.8942042318307267,2174,3014,167.16669220966287,0.0,2.9178519416600466,1.1924371246714145,165.97425508499146,0.04109650622056404,0.019232856849538942,2.242895338986371,71.0,62.0,74.0,0.027777777777777776,0.0,1.0,167.16669220966287,1.2291668544828152,1.2291668544828152,1171.2794189453125,-0.0032135257497429848,0.022427145391702652,5,1.0,1.2924732477741732,0.0,0.9906463081404859,0.0,1.109612756145183
562,417,1940,0.926899187768753,2093,4276,147.22081014793366,0.1935483870967742,2.1673958512838,5.152568492107093,142.06824165582657,0.030526702130757744,0.08446833593618186,1.919841103457116,71.0,61.0,74.0,0.0,0.1935483870967742,1.0,147.22081014793366,1.0905245196143234,1.0905245196143234,1091.1044921875,-0.012577299028635025,0.025626618415117264,0,0.0,,0.0,,0.0,
134,79,1937,1.0,1937,5378,46.74766577780247,0.9838709677419355,12.061725236475468,12.633852779865265,34.1138129979372,0.17231036052107812,0.20711234065352893,0.46731250682105757,70.0,61.0,73.0,0.9859154929577465,0.9838709677419355,1.0,46.74766577780247,0.3488631774462871,0.3488631774462871,940.846923828125,-0.005495663732290268,0.021686749532818794,0,0.0,,0.0,,0.0,
324,199,1936,0.9646238166417539,2007,6851,20.76838667690754,0.9523809523809523,9.802565217018127,9.603028327226639,11.1653583496809,0.13806429883124124,0.15488755366494578,0.15295011437919043,71.0,62.0,73.0,0.9305555555555556,0.9523809523809523,0.9459459459459459,20.76838667690754,0.1538399013104262,0.1538399013104262,984.705078125,-0.0014194510877132416,0.019193414598703384,0,0.0,,0.0,,0.0,
297,180,1932,1.0,1932,7256,9.890583304921165,0.3968253968253968,9.36978704482317,6.600096025504172,3.2904872794169933,0.13196883161722775,0.10645316170168019,0.04507516821119169,71.0,62.0,73.0,0.5833333333333334,0.3968253968253968,0.0945945945945946,9.890583304921165,0.07326358003645307,0.07326358003645307,622.730712890625,-0.0024648981634527445,0.026554200798273087,466,0.0,1.040092221298053,1.0,2.720802258961751,0.0,1.1212429988871861
587,433,1928,0.8090642047838859,2383,3204,51.66451132541988,0.0,0.07049934158567339,0.7949619913706556,50.869549334049225,0.0009929484730376533,0.013032163792961567,0.6874263423520166,71.0,61.0,74.0,0.0,0.0,0.96,51.66451132541988,0.3827000838919991,0.3827000838919991,1401.7646484375,0.009557213634252548,0.03965581953525543,0,0.0,,0.0,,0.0,
235,154,1927,1.0,1927,5998,18.833367206156254,0.9523809523809523,6.660696018487215,9.056739762425423,9.776627443730831,0.09381261997869317,0.1460764477810552,0.1339264033387785,71.0,62.0,73.0,0.4583333333333333,0.9523809523809523,0.918918918918919,18.833367206156254,0.13950642374930558,0.13950642374930558,1506.2537841796875,0.0011293048737570643,0.01966419443488121,0,0.0,,0.0,,0.0,
108,67,1922,0.8947858472998138,2148,4647,18.002181109040976,0.3064516129032258,11.096244178712368,11.671062424778938,6.331118684262037,0.15851777398160527,0.1913288922094908,0.086727653209069,70.0,61.0,73.0,0.08450704225352113,0.3064516129032258,0.013513513513513514,18.002181109040976,0.13434463514209682,0.13434463514209682,680.3132934570312,0.007117459084838629,0.04317058250308037,1748,0.0,1.2016336294951242,1.0,3.454486635424673,0.0,1.1792894427847656
113,72,1917,1.0,1917,6495,46.788404032588005,0.8064516129032258,7.343318320810795,11.07892593741417,35.709478095173836,0.1049045474401542,0.18162173667892081,0.4891709328106005,70.0,61.0,73.0,0.15492957746478872,0.8064516129032258,1.0,46.788404032588005,0.3491671942730448,0.3491671942730448,701.0693359375,-0.01274701114743948,0.03328695893287659,0,0.0,,0.0,,0.0,
75,41,1913,0.7642828605673192,2503,3659,12.435918586386833,0.06451612903225806,2.7041318276897073,8.617590432986617,3.8183281534002163,0.03863045468128153,0.14127197431125602,0.05230586511507145,70.0,61.0,73.0,0.0,0.06451612903225806,0.0,12.435918586386833,0.09280536258497636,0.09280536258497636,851.3104858398438,-0.031985774636268616,0.08726216852664948,2148,0.0,1.1996874705793132,1.0,5.407845743924542,0.0,1.1597476666501458
380,249,1912,0.9564782391195598,1999,3466,225.605903044343,1.0,8.080821134150028,17.548171773552895,208.0577312707901,0.11381438217112716,0.28303502860569185,2.8501059078190423,71.0,62.0,73.0,0.3611111111111111,1.0,1.0,225.605903044343,1.6711548373655036,1.6711548373655036,1012.254638671875,0.003748436691239476,0.02489611692726612,0,0.0,,0.0,,0.0,
296,184,1898,1.0,1898,4931,0.22127900552004576,0.0,0.7866547469166107,0.12823427096009254,0.09304473455995321,0.011079644322769165,0.0020682946929047184,0.001274585404930866,71.0,62.0,73.0,0.0,0.0,0.0,0.22127900552004576,0.0016391037445929316,0.0016391037445929316,891.5153198242188,-0.003251592395827174,0.02873414009809494,0,0.0,,0.0,,0.0,
55,32,1890,0.9210526315789473,2052,5081,34.89344345568679,0.7258064516129032,3.1207769189495593,32.24747882783413,2.6459646278526634,0.04458252741356513,0.5286471938989201,0.03624609079250224,70.0,61.0,73.0,0.0,0.7258064516129032,0.013513513513513514,34.89344345568679,0.26039883175885664,0.26039883175885664,398.5262756347656,-0.021175198256969452,0.049509987235069275,1052,0.0,1.081040831967646,1.0,4.525550529180751,0.0,1.1176167425453754
176,119,1880,0.9596733027054619,1959,3560,52.07405033707619,0.4032258064516129,8.420066233724356,10.276198416948318,41.79785192012787,0.12028666048177651,0.1684622691303003,0.5725733139743544,70.0,61.0,73.0,0.22535211267605634,0.4032258064516129,1.0,52.07405033707619,0.38861231594832973,0.38861231594832973,1188.4415283203125,-0.007196348626166582,0.0323600135743618,0,0.0,,0.0,,0.0,
174,118,1877,0.8857951864086834,2119,2867,55.07057964429259,0.04838709677419355,8.207292344421148,8.050358530133963,47.02022111415863,0.11724703349173068,0.1319730906579338,0.644112618002173,70.0,61.0,73.0,0.014084507042253521,0.04838709677419355,0.8918918918918919,55.07057964429259,0.4109744749574074,0.4109744749574074,735.7713623046875,-0.008923462592065334,0.04332524165511131,1143,0.0,1.1085632241693908,1.0,4.463798504225505,0.0,1.2207012892631652
408,277,1869,0.9050847457627119,2065,2219,81.05922534316778,0.9523809523809523,4.749099748209119,10.890934251248837,70.16829109191895,0.06688872884801576,0.1756602298588522,0.9612094670125882,71.0,62.0,73.0,0.2222222222222222,0.9523809523809523,1.0,81.05922534316778,0.6004387062456873,0.6004387062456873,1655.900634765625,0.0007417667657136917,0.01885337010025978,2422,0.0,1.0828228232977355,1.0,4.027836806680004,0.0,1.0954001525734374
178,120,1858,0.7757828810020877,2395,3273,109.94812229461968,0.1774193548387097,5.656717151403427,4.492252441123128,105.45586985349655,0.08081024502004897,0.07364348264136275,1.4446009568972131,70.0,61.0,73.0,0.19718309859154928,0.1774193548387097,1.0,109.94812229461968,0.8205083753329827,0.8205083753329827,1580.305419921875,0.0015914865070953965,0.02215028926730156,899,0.996662958843159,2.336680231968841,0.0,1.090064184874568,0.19021134593993325,1.2356788108743673
240,162,1858,0.9474757776644569,1961,4437,47.62669159471989,0.38095238095238093,3.7180416649207473,4.591308027505875,43.03538356721401,0.05236678401296827,0.07405335528235282,0.5895258022906029,71.0,62.0,73.0,0.16666666666666666,0.38095238095238093,0.9864864864864865,47.62669159471989,0.3527903081090362,0.3527903081090362,2092.12841796875,-0.0002730758860707283,0.020211510360240936,0,0.0,,0.0,,0.0,
64,29,1855,0.9727320398531725,1907,6525,421.36244440078735,1.0,6.173003535717726,153.23530960083008,268.1271347999573,0.08818576479596751,2.5120542557513126,3.6729744493144834,70.0,61.0,73.0,0.0,1.0,1.0,421.36244440078735,3.144495853737219,3.144495853737219,611.5803833007812,-0.007407378870993853,0.05583207309246063,1,1.0,1.1265685592449717,0.0,1.0110042763198916,0.0,1.479064676368355
506,359,1853,0.9601036269430052,1930,3030,116.58744331821799,0.31746031746031744,3.7363541785161942,7.523531284183264,109.06391203403473,0.052624706739664705,0.12134727877714942,1.4738366491085775,71.0,62.0,74.0,0.027777777777777776,0.31746031746031744,1.0,116.58744331821799,0.8572606126339558,0.8572606126339558,1874.868408203125,0.003928557503968477,0.02847769856452942,2886,0.0,1.292438302945555,0.9968814968814969,5.164323497283957,0.009702009702009701,1.1661210037239436
459,313,1852,0.9468302658486708,1956,3258,149.92883982509375,0.031746031746031744,5.030949985375628,5.574758671224117,144.35408115386963,0.07085845049824828,0.08991546243909866,1.9774531664913648,71.0,62.0,73.0,0.05555555555555555,0.031746031746031744,1.0,149.92883982509375,1.1105839987043982,1.1105839987043982,1298.162841796875,-0.0031684066634625196,0.031232431530952454,0,0.0,,0.0,,0.0,
318,185,1833,1.0,1833,11442,30.342054188251495,1.0,7.700326554477215,13.614107087254524,16.72794710099697,0.10845530358418612,0.21958237237507297,0.22914996028762974,71.0,62.0,73.0,0.5277777777777778,1.0,1.0,30.342054188251495,0.22475595695001108,0.22475595695001108,1744.269287109375,-0.004237345885485411,0.018711647018790245,0,0.0,,0.0,,0.0,
394,262,1833,1.0,1833,4742,157.9835375547409,0.6666666666666666,1.5175407001224812,7.1214375495910645,150.86210000514984,0.021373812677781427,0.1148618959611462,2.066604109659587,71.0,62.0,73.0,0.0,0.6666666666666666,1.0,157.9835375547409,1.1702484263314141,1.1702484263314141,1532.014892578125,-0.003870176849886775,0.02188628539443016,619,1.0,2.5416139200259753,0.0,0.9053117129864463,0.0,1.0308272479183898
477,329,1823,0.7854373115036622,2321,2628,189.60178726166487,0.0,7.1493103094398975,5.773111514747143,183.82867574691772,0.10069451140056193,0.09311470185076037,2.51820103762901,71.0,62.0,73.0,0.041666666666666664,0.0,1.0,189.60178726166487,1.4044576834197398,1.4044576834197398,1211.4754638671875,0.007373270113021135,0.03617769107222557,183,0.6830601092896175,1.7497597304848003,0.34972677595628415,2.086746031622756,0.0,1.1733903940751969
170,117,1818,0.8876953125,2048,3480,20.1724154073745,0.016129032258064516,8.13584928959608,4.260217887815088,15.912197519559413,0.11622641842280115,0.06983963750516538,0.21797530848711524,70.0,61.0,73.0,0.1267605633802817,0.016129032258064516,0.5,20.1724154073745,0.15054041348786942,0.15054041348786942,1288.815673828125,-0.0026682037860155106,0.03295144811272621,1223,0.0,1.1191005601574238,1.0,4.256757352154662,0.0,1.1646871187283312
254,167,1818,0.9945295404814004,1828,4593,178.8957675769925,0.42857142857142855,9.804070554673672,12.547459729015827,166.34830784797668,0.13808550077005172,0.20237838272606173,2.278743943122968,71.0,62.0,73.0,0.013888888888888888,0.42857142857142855,1.0,178.8957675769925,1.3251538339036482,1.3251538339036482,866.9716796875,-0.010443740524351597,0.045871492475271225,765,0.0,1.149763180236941,1.0,2.699600805455569,0.0,0.9953733650420797
575,422,1817,0.9858925664677157,1843,3877,11.654497192241251,0.6451612903225806,3.6111982270376757,9.50670611858368,2.1477910736575723,0.05086194685968557,0.15584764128825704,0.0290242036980753,71.0,61.0,74.0,0.013888888888888888,0.6451612903225806,0.013333333333333334,11.654497192241251,0.08632960883141667,0.08632960883141667,1765.912353515625,0.00035117162042297423,0.02800654247403145,0,0.0,,0.0,,0.0,
60,33,1791,0.9712581344902386,1844,3441,56.61348282452673,0.967741935483871,8.377054917626083,45.262456476688385,11.351026347838342,0.11967221310894405,0.7420074832243998,0.15549351161422387,70.0,61.0,73.0,0.0,0.967741935483871,0.14864864864864866,56.61348282452673,0.42248867779497556,0.42248867779497556,625.97705078125,-0.004023578483611345,0.059049107134342194,1457,0.0,1.1844795421832308,1.0,4.9506560871349015,0.0,1.251167744412434
116,73,1791,0.9461172741679873,1893,4244,18.95200629453757,0.5161290322580645,2.5567513776477426,14.639141418039799,4.31286487649777,0.03652501968068204,0.23998592488589834,0.05908034077394205,70.0,61.0,73.0,0.0,0.5161290322580645,0.0945945945945946,18.95200629453757,0.14143288279505647,0.14143288279505647,704.4198608398438,0.00042582923197187483,0.03799476847052574,1479,0.0,0.9986944296210961,1.0,5.764757572454713,0.0,1.1147551906446895
103,65,1780,0.7982062780269058,2230,2271,104.39917112048715,0.9838709677419355,8.835743311792612,83.0965525507927,21.30261856969446,0.12622490445418016,1.3622385664064376,0.29181669273554056,70.0,61.0,73.0,0.07042253521126761,0.9838709677419355,0.5,104.39917112048715,0.779098291943934,0.779098291943934,1148.04248046875,0.009091686457395554,0.04166772961616516,0,0.0,,0.0,,0.0,
88,49,1773,0.8200740055504163,2162,3206,292.11555540561676,1.0,7.316906005144119,152.56247627735138,139.55307912826538,0.104527228644916,2.5010242012680552,1.91168601545569,70.0,61.0,73.0,0.0,1.0,0.7837837837837838,292.11555540561676,2.1799668313851996,2.1799668313851996,780.8936157226562,-0.0765228420495987,0.2764851450920105,1578,0.0,1.295038174795108,1.0,3.5791110926739287,0.0,1.1782807475008377
502,354,1757,0.9340776182881446,1881,2183,17.06724406266585,0.9365079365079365,8.50566134415567,12.664802946150303,4.402441116515547,0.11979804710078408,0.20427101526048877,0.059492447520480364,71.0,62.0,74.0,0.4861111111111111,0.9365079365079365,0.10666666666666667,17.06724406266585,0.1254944416372489,0.1254944416372489,1451.318603515625,0.0058783311396837234,0.024591965600848198,1497,0.0,1.0583395852755497,1.0,4.759763741082184,0.0,1.0155133079323524
102,62,1753,0.7298084929225646,2402,3191,245.63955730199814,0.9838709677419355,7.887868275865912,59.06653183698654,186.5730254650116,0.11268383251237017,0.9683038006063367,2.5557948693837207,70.0,61.0,73.0,0.028169014084507043,0.9838709677419355,1.0,245.63955730199814,1.8331310246417771,1.8331310246417771,862.7005615234375,0.005276273936033249,0.038406334817409515,8,0.0,1.357182960312534,1.0,2.9092732863154285,0.0,1.3152951877026573
345,223,1749,0.9347942276857295,1871,2661,243.73926551174372,0.0,4.965987356379628,5.060720036737621,238.6785454750061,0.06994348389267081,0.08162451672157453,3.269569116095974,71.0,62.0,73.0,0.0,0.0,1.0,243.73926551174372,1.8054760408277313,1.8054760408277313,1080.06005859375,-0.014183588325977325,0.040523041039705276,1,1.0,2.1137358760535814,0.0,1.3415171063241884,0.0,0.9542690652773168
197,127,1748,0.860236220472441,2032,3517,28.904241362935863,0.5161290322580645,4.582776072435081,21.81235794723034,7.091883415705524,0.06546822960621544,0.3575796384791859,0.09714908788637705,70.0,61.0,73.0,0.0,0.5161290322580645,0.2702702702702703,28.904241362935863,0.2157032937532527,0.2157032937532527,1270.73876953125,0.01752586103975773,0.03228272497653961,36,0.0,1.191335638549767,1.0,2.8381747271275577,0.0,1.22029673623
389,253,1745,0.7528041415012943,2318,2240,2.4444801662757527,0.015873015873015872,3.1414799368940294,2.367033487651497,0.07744667862425558,0.04424619629428211,0.03817795947824995,0.0010609134058117203,71.0,62.0,73.0,0.0,0.015873015873015872,0.0,2.4444801662757527,0.0181072604909315,0.0181072604909315,1434.823486328125,-0.003254672745242715,0.03326861932873726,0,0.0,,0.0,,0.0,
513,362,1731,0.7635641817379797,2267,2980,115.3440670967102,0.2857142857142857,7.427463674917817,9.444124698638916,105.89994239807129,0.10461216443546222,0.1523245919135309,1.431080302676639,71.0,62.0,74.0,0.013888888888888888,0.2857142857142857,1.0,115.3440670967102,0.8481181404169869,0.8481181404169869,1905.46875,-0.007453425321727991,0.03776286169886589,0,0.0,,0.0,,0.0,
186,123,1726,1.0,1726,4144,113.5105369053781,0.0,6.912760812789202,7.878319974988699,105.6322169303894,0.0987537258969886,0.12915278647522457,1.4470166702793068,70.0,61.0,73.0,0.0,0.0,1.0,113.5105369053781,0.847093558995359,0.847093558995359,632.864013671875,0.007669426500797272,0.046250175684690475,0,0.0,,0.0,,0.0,
184,122,1715,1.0,1715,3492,55.8727982416749,0.8387096774193549,8.548870503902435,13.626760363578796,42.246037878096104,0.12212672148432051,0.22338951415702946,0.5787128476451521,70.0,61.0,73.0,0.352112676056338,0.8387096774193549,0.9054054054054054,55.8727982416749,0.41696118090802164,0.41696118090802164,873.25634765625,0.005563303828239441,0.027847405523061752,962,0.0,1.1763781785105216,1.0,3.8680788737659593,0.0,1.0977425658916624
304,194,1712,1.0,1712,4251,196.00373071129434,0.0,4.60613110056147,3.0424346297513694,192.96129608154297,0.06487508592340098,0.04907152628631241,2.643305425774561,71.0,62.0,73.0,0.027777777777777776,0.0,1.0,196.00373071129434,1.4518794867503284,1.4518794867503284,837.1103515625,0.0028721133712679148,0.03322754055261612,0,0.0,,0.0,,0.0,
338,215,1699,0.703228476821192,2416,2307,14.325269262772053,0.0,3.2097330454271287,5.054149255156517,9.271120007615536,0.04520750768207223,0.08151853637349221,0.12700164393993885,71.0,62.0,73.0,0.0,0.0,0.20270270270270271,14.325269262772053,0.10611310565016335,0.10611310565016335,1229.74609375,0.017882494255900383,0.048063214868307114,1348,0.0,1.0601059260022743,1.0,4.877483025357458,0.0,1.064980791233665
434,292,1686,0.8264705882352941,2040,5122,5.996419668197632,0.49206349206349204,2.4391889004036784,2.9636181108653545,3.0328015573322773,0.03435477324512223,0.04780029211073152,0.041545226812770925,71.0,62.0,73.0,0.06944444444444445,0.49206349206349204,0.2972972972972973,5.996419668197632,0.04441792346813061,0.04441792346813061,6426.36279296875,-0.0008194674737751484,0.009642443619668484,1389,0.059755219582433405,1.7243845347035742,0.0,0.9378636396939337,0.9985601151907847,1.6924224640402936
435,294,1664,1.0,1664,6139,24.37001997232437,1.0,7.806103069335222,11.766332194209099,12.603687778115273,0.10994511365260877,0.1897795515195016,0.1726532572344558,71.0,62.0,73.0,0.6666666666666666,1.0,0.9864864864864865,24.37001997232437,0.180518666461662,0.180518666461662,2518.064453125,0.0023960492108017206,0.01884433813393116,0,0.0,,0.0,,0.0,
311,195,1657,1.0,1657,5013,15.619496584869921,0.3333333333333333,11.430265333503485,11.717751175165176,3.901745409704745,0.16098965258455614,0.1889959866962125,0.05344856725622938,71.0,62.0,73.0,0.2361111111111111,0.3333333333333333,0.0,15.619496584869921,0.11569997470274015,0.11569997470274015,761.5897216796875,-0.006386477500200272,0.041497454047203064,0,0.0,,0.0,,0.0,
77,43,1629,0.9713774597495528,1677,3596,119.73017929494381,0.967741935483871,13.91944506764412,79.22006103396416,40.51011826097965,0.19884921525205884,1.2986895251469535,0.554933126862735,70.0,61.0,73.0,0.0,0.967741935483871,0.44594594594594594,119.73017929494381,0.8935088007085359,0.8935088007085359,618.0036010742188,-0.011770323850214481,0.11549387872219086,1716,0.0,1.076983012986136,1.0,4.746112625034372,0.0,1.1217591952350823
404,275,1625,0.8648217136774881,1879,3057,90.75657993555069,0.0,2.920400657923892,0.0,90.75657993555069,0.04113240363273087,0.0,1.243240821034941,71.0,62.0,73.0,0.0,0.0,1.0,90.75657993555069,0.6722709624855606,0.6722709624855606,3456.83447265625,-0.015474374406039715,0.07811933010816574,1668,1.0,2.5267652448434212,0.0,0.9374464386448979,0.01738609112709832,1.048955219899911
32,1,1624,1.0,1624,6575,151.27617552876472,1.0,11.177093580365181,47.35322079062462,103.9229547381401,0.1596727654337883,0.7762823080430266,1.4236021197005495,70.0,61.0,73.0,0.3380281690140845,1.0,1.0,151.27617552876472,1.128926683050483,1.128926683050483,621.9403686523438,0.00026417666231282055,0.03505338728427887,0,0.0,,0.0,,0.0,
593,432,1624,0.7151034786437692,2271,2965,153.87339210510254,0.9516129032258065,9.211973430588841,14.736386895179749,139.1370052099228,0.12974610465618086,0.2415801130357336,1.8802298001340918,71.0,61.0,74.0,0.3611111111111111,0.9516129032258065,1.0,153.87339210510254,1.139802904482241,1.139802904482241,1508.2528076171875,-0.00215135863982141,0.03544585034251213,147,1.0,1.5499540275385493,0.0,0.8861539893145542,0.0,1.0021848919624352
337,209,1619,1.0,1619,3278,26.46070858114399,1.0,18.345616071484983,22.225021108984947,4.235687472159043,0.25838895875330964,0.358468082402983,0.05802311605697319,71.0,62.0,73.0,0.75,1.0,0.05405405405405406,26.46070858114399,0.19600524874921474,0.19600524874921474,974.77734375,-0.004903140012174845,0.025888804346323013,0,0.0,,0.0,,0.0,
344,214,1617,1.0,1617,4357,173.03564703837037,0.5238095238095238,4.43036687001586,6.626956883817911,166.40869015455246,0.062399533380505065,0.10688640135190179,2.279571098007568,71.0,62.0,73.0,0.16666666666666666,0.5238095238095238,1.0,173.03564703837037,1.2817455336175583,1.2817455336175583,1423.26513671875,-0.005744548514485359,0.022103367373347282,869,0.0,1.3223022499382613,1.0,3.9057681154320965,0.0,1.1091815830711074
407,278,1617,0.9048684946838277,1787,3401,147.6715387031436,0.4126984126984127,9.36755727045238,10.105589501559734,137.56594920158386,0.13193742634439973,0.16299337905741507,1.8844650575559434,71.0,62.0,73.0,0.2916666666666667,0.4126984126984127,1.0,147.6715387031436,1.0938632496529155,1.0938632496529155,1321.23876953125,0.001140086562372744,0.033795543015003204,1651,0.49606299212598426,2.0359306962826453,0.0,1.1754273872633068,0.5536038764385222,1.7302475786851432
458,308,1616,1.0,1616,7606,8.643811549758539,0.36507936507936506,2.866044015503576,6.613902952522039,2.029908597236499,0.04036681711976867,0.10667585407293612,0.027806967085431497,71.0,62.0,73.0,0.0,0.36507936507936506,0.05405405405405406,8.643811549758539,0.0640282337019151,0.0640282337019151,1232.8165283203125,-0.011276286095380783,0.02641427330672741,848,0.0,1.3683073775366585,1.0,3.0892442939590894,0.0,1.234926101239938
390,257,1614,0.8001983143282102,2017,5594,17.484406892210245,0.7142857142857143,6.517272226512432,6.480971101671457,11.003435790538788,0.09179256657059763,0.10453179196244286,0.15073199713066832,71.0,62.0,73.0,0.5972222222222222,0.7142857142857143,0.9594594594594594,17.484406892210245,0.1295141251274833,0.1295141251274833,2344.863037109375,0.003394047962501645,0.01607874035835266,2675,0.013084112149532711,1.3433634671198118,0.9809345794392523,4.951614697937911,0.007476635514018692,1.1557514407780847
271,176,1594,0.8743828853538124,1823,2159,58.92650040052831,0.0,1.7278014412440825,2.683666592463851,56.24283380806446,0.024335231566818064,0.04328494503973953,0.7704497781926638,71.0,62.0,73.0,0.0,0.0,1.0,58.92650040052831,0.43649259555946895,0.43649259555946895,1256.447998046875,-0.0031369354110211134,0.03034946694970131,1294,0.0,0.9532718037642056,1.0,3.844970727821721,0.0,0.894808678444383
511,364,1594,1.0,1594,4001,193.15741026436444,0.0,2.4940340443281457,3.610846162191592,189.54656410217285,0.0351272400609598,0.05823945422889665,2.561440055434768,71.0,62.0,74.0,0.013888888888888888,0.0,1.0,193.15741026436444,1.420275075473268,1.420275075473268,1130.3363037109375,-0.00037435442209243774,0.02951187454164028,0,0.0,,0.0,,0.0,
482,333,1593,0.7953070394408387,2003,2336,244.0757549740374,0.2857142857142857,9.903591193258762,8.618531081825495,235.4572238922119,0.13948719990505298,0.13900856583589508,3.1818543769217826,71.0,62.0,74.0,0.2777777777777778,0.2857142857142857,0.9866666666666667,244.0757549740374,1.7946746689267457,1.7946746689267457,1015.1924438476562,0.005527975037693977,0.0327487550675869,0,0.0,,0.0,,0.0,
406,271,1587,0.9264448336252189,1713,4136,12.347208626568317,0.12698412698412698,4.047447580844164,6.506987985223532,5.840220641344786,0.057006303955551604,0.10495141911650857,0.08000302248417515,71.0,62.0,73.0,0.0,0.12698412698412698,0.0,12.347208626568317,0.0914608046412468,0.0914608046412468,1484.41162109375,-0.0023844328243285418,0.02960224263370037,0,0.0,,0.0,,0.0,
522,376,1585,0.7877733598409543,2012,1620,32.8300499280449,0.0,3.4068122414755635,3.1885614746715873,29.641488453373313,0.04798327100669808,0.051428410881799794,0.40056065477531505,71.0,62.0,74.0,0.0,0.0,0.38666666666666666,32.8300499280449,0.24139742594150662,0.24139742594150662,1436.590087890625,0.01791997067630291,0.047006282955408096,0,0.0,,0.0,,0.0,
119,82,1584,0.7841584158415842,2020,1899,14.644931524060667,0.03225806451612903,9.939152382314205,7.195109220221639,7.449822303839028,0.14198789117591723,0.11795261016756785,0.10205236032656202,70.0,61.0,73.0,0.028169014084507043,0.03225806451612903,0.013513513513513514,14.644931524060667,0.10929053376164677,0.10929053376164677,1259.166748046875,-0.0015802332200109959,0.04509842395782471,1374,0.0,1.2939800648051987,1.0,3.7991254595783537,0.0,1.2064720794604153
106,63,1576,0.8199791883454735,1922,2533,227.00834184885025,0.9838709677419355,7.657484509982169,79.26284366846085,147.7454981803894,0.10939263585688812,1.2993908798108336,2.023910933977937,70.0,61.0,73.0,0.028169014084507043,0.9838709677419355,1.0,227.00834184885025,1.6940921033496288,1.6940921033496288,832.9046630859375,0.0008346093818545341,0.05270564183592796,668,0.08383233532934131,1.271839246320177,0.9985029940119761,3.5950291277770177,0.0,1.197029452731793
327,208,1556,0.9300657501494322,1673,2450,195.53323319740593,0.0,4.098270767892245,5.900248797610402,189.63298439979553,0.057722123491440076,0.09516530318726454,2.597712115065692,71.0,62.0,73.0,0.0,0.0,1.0,195.53323319740593,1.4483943199807847,1.4483943199807847,866.3889770507812,0.0033595541026443243,0.047446634620428085,1263,0.0,1.1155489620915857,1.0,3.993213856149188,0.0,1.1148890933495068
582,426,1552,0.8,1940,2876,133.01048279646784,0.0,3.723673681844957,0.008779176510870457,133.00170361995697,0.0524461081949994,0.00014392092640771242,1.7973203191886078,71.0,61.0,74.0,0.013888888888888888,0.0,1.0,133.01048279646784,0.9852628355293914,0.9852628355293914,1807.755615234375,0.007487152237445116,0.02972579374909401,0,0.0,,0.0,,0.0,
494,331,1510,1.0,1510,6216,54.00813194364309,0.7142857142857143,5.505537659395486,8.198540546000004,45.80959139764309,0.07754278393514769,0.13223452493548393,0.6190485324005823,71.0,62.0,74.0,0.2916666666666667,0.7142857142857143,0.9866666666666667,54.00813194364309,0.3971186172326698,0.3971186172326698,885.3492431640625,-0.00782089028507471,0.024240875616669655,0,0.0,,0.0,,0.0,
365,237,1506,0.8044871794871795,1872,1895,9.028488439973444,0.14285714285714285,5.356067929416895,8.278077021241188,0.7504114187322557,0.07543757647066049,0.13351737131034175,0.010279608475784324,71.0,62.0,73.0,0.027777777777777776,0.14285714285714285,0.0,9.028488439973444,0.06687769214795143,0.06687769214795143,1848.935546875,0.005690068006515503,0.035698745399713516,283,0.0,1.4570485679136966,0.0,1.4266254676570385,1.0,1.2674806168146724
230,153,1505,0.9635083226632523,1562,3867,191.09638004750013,0.1774193548387097,4.664543051738292,7.6927593275904655,183.40362071990967,0.0656977894611027,0.12611080864902402,2.51237836602616,71.0,61.0,73.0,0.0,0.1774193548387097,1.0,191.09638004750013,1.42609238841418,1.42609238841418,897.5218505859375,-0.0026954608038067818,0.03452331945300102,0,0.0,,0.0,,0.0,
606,430,1492,0.8679464805119256,1719,5084,91.9538207128644,1.0,5.864314255071804,9.357997603714466,82.59582310914993,0.08259597542354653,0.15340979678220437,1.1161597717452694,71.0,61.0,74.0,0.375,1.0,1.0,91.9538207128644,0.6811394126878845,0.6811394126878845,1627.5977783203125,0.0002630824747029692,0.020603593438863754,789,0.0,0.9858005481451877,1.0,3.1164568652872116,0.0,1.0913911675797436
328,210,1490,0.8879618593563766,1678,1812,7.080437529803021,0.06349206349206349,2.5794436181895435,3.062802284868667,4.017635244934354,0.03633019180548653,0.04940003685272044,0.05503609924567608,71.0,62.0,73.0,0.0,0.06349206349206349,0.16216216216216217,7.080437529803021,0.052447685405948304,0.052447685405948304,1321.89794921875,-0.0005580001161433756,0.02682221122086048,0,0.0,,0.0,,0.0,
152,102,1476,0.7534456355283308,1959,1660,16.2174641728634,0.3064516129032258,11.771221078932285,10.620376884937286,5.597087287926115,0.16816030112760408,0.17410453909733256,0.0766724286017276,70.0,61.0,73.0,0.29577464788732394,0.3064516129032258,0.05405405405405406,16.2174641728634,0.12102585203629404,0.12102585203629404,1667.583984375,-0.00518448231741786,0.04068511351943016,430,0.004651162790697674,1.249400144957632,0.9953488372093023,2.698784146336697,0.0,1.2136376578887427
105,64,1474,0.980705256154358,1503,2772,326.8581146001816,1.0,4.9522530800895765,138.09176671504974,188.76634788513184,0.07074647257270823,2.2637994543450777,2.5858403819881075,70.0,61.0,73.0,0.14084507042253522,1.0,1.0,326.8581146001816,2.439239661195385,2.439239661195385,759.7045288085938,-0.012803453952074051,0.04556448012590408,587,0.008517887563884156,1.2444382071653257,0.9914821124361158,3.018740267939078,0.0,1.3210118604559344
456,314,1469,0.706929740134745,2078,4569,90.32825035974383,0.2857142857142857,6.779497973620892,4.681554090231657,85.64669626951218,0.09548588695240692,0.07550893693922027,1.1732424146508518,71.0,62.0,73.0,0.4583333333333333,0.2857142857142857,1.0,90.32825035974383,0.6690981508129172,0.6690981508129172,1299.49658203125,-0.0018634832231327891,0.020158451050519943,0,0.0,,0.0,,0.0,
229,149,1461,1.0,1461,4214,174.90256482362747,0.9193548387096774,6.093856132589281,44.05720943212509,130.84535539150238,0.08582895961393353,0.7222493349528704,1.7924021286507175,71.0,61.0,73.0,0.05555555555555555,0.9193548387096774,1.0,174.90256482362747,1.3052430210718469,1.3052430210718469,1110.50927734375,0.003602243959903717,0.03377959877252579,977,0.0,1.087060531067764,0.9559877175025588,3.329926257343225,0.07062436028659161,0.9971483288017918
474,320,1460,0.9136420525657072,1598,3367,49.56695129349828,0.1746031746031746,8.296643235255033,7.04025012627244,42.52670116722584,0.11685413007401454,0.11355242139149097,0.5825575502359703,71.0,62.0,73.0,0.3472222222222222,0.1746031746031746,0.972972972972973,49.56695129349828,0.3671626021740613,0.3671626021740613,1932.0576171875,-0.007235240191221237,0.03462820500135422,216,1.0,2.3199917106844468,0.0,0.868446680419947,0.0,0.9587657823097719
100,59,1444,0.891358024691358,1620,3014,178.95005270838737,0.9838709677419355,11.310737200081348,41.91770604252815,137.03234666585922,0.16158196000116212,0.6871755088939041,1.8771554337788934,70.0,61.0,73.0,0.04225352112676056,0.9838709677419355,1.0,178.95005270838737,1.3354481545402044,1.3354481545402044,843.5084228515625,0.003351852297782898,0.04965420812368393,676,0.0,1.2227527688291493,1.0,3.053100718952585,0.0,1.1748293910470171
383,255,1442,0.730126582278481,1975,1646,8.907892889808863,0.0,3.4875320405699313,2.8744997857138515,6.033393104095012,0.049120169585491986,0.04636289976957825,0.08264922060404126,71.0,62.0,73.0,0.0,0.0,0.05405405405405406,8.907892889808863,0.06598439177636195,0.06598439177636195,1835.059814453125,-8.33338126540184e-05,0.04183372110128403,2143,0.0,1.08794870598591,1.0,4.44616676906109,0.0,1.1291075750344275
403,266,1439,0.8988132417239225,1601,4349,152.79686039651278,0.015873015873015872,3.6819680365733802,1.5353471633279696,151.26151323318481,0.05185870474047014,0.02476366392464467,2.072075523742258,71.0,62.0,73.0,0.027777777777777776,0.015873015873015872,1.0,152.79686039651278,1.1318285955297243,1.1318285955297243,1108.00390625,-0.007865584455430508,0.023811660706996918,807,0.0,1.0591696462428868,1.0,3.7584586031786524,0.0,1.1123754463252842
321,206,1433,0.8128190584231424,1763,2012,15.087267253082246,0.0,1.7466494295513257,2.1644743042998016,12.922792948782444,0.024600696190863743,0.03491087587580325,0.17702456094222527,71.0,62.0,73.0,0.0,0.0,0.22972972972972974,15.087267253082246,0.11175753520801664,0.11175753520801664,1104.041748046875,0.005420107860118151,0.05694448575377464,1260,0.0,0.9891563045534246,1.0,4.355406280769923,0.0,1.041954891532777
212,144,1416,0.9503355704697987,1490,2884,11.685256131924689,0.08064516129032258,5.342557538300753,7.037172436714172,4.6480836952105165,0.07632225054715361,0.1153634825690848,0.06367237938644543,70.0,61.0,73.0,0.0,0.08064516129032258,0.0,11.685256131924689,0.08720340396958723,0.08720340396958723,1797.579345703125,-0.010235332883894444,0.036670148372650146,259,0.0,1.0590334780863744,1.0,2.5594706246161194,0.0,1.0854548237923676
310,196,1409,1.0,1409,3174,4.509005274972878,0.0,4.545433623716235,1.7122782680671662,2.796727006905712,0.06402019188332726,0.027617391420438165,0.03831132886172209,71.0,62.0,73.0,0.0,0.0,0.0,4.509005274972878,0.03340003907387317,0.03340003907387317,1205.632080078125,-0.0011410046136006713,0.04141506180167198,0,0.0,,0.0,,0.0,
314,198,1409,0.96639231824417,1458,3119,142.60453388653696,0.015873015873015872,2.2988792063842993,5.191998457536101,137.41253542900085,0.03237858037160985,0.083741910605421,1.882363499027409,71.0,62.0,73.0,0.0,0.015873015873015872,1.0,142.60453388653696,1.0563298806410144,1.0563298806410144,944.9818725585938,-0.009373203851282597,0.03839416801929474,0,0.0,,0.0,,0.0,
416,283,1399,0.7163338453661034,1953,2028,8.640149804705288,0.7619047619047619,4.654650425771251,6.906735230237246,1.7334145744680427,0.06555845670100353,0.11139895532640719,0.023745405129699214,71.0,62.0,73.0,0.2777777777777778,0.7619047619047619,0.10810810810810811,8.640149804705288,0.06400110966448362,0.06400110966448362,2803.728515625,-0.0004474531451705843,0.017878221347928047,1203,0.0,1.1810214945107553,1.0,3.560000517534727,0.0,1.0564844091335304
23,4,1396,0.8130460104834013,1717,2149,49.78590226918459,0.6935483870967742,7.630190944299102,31.177696518599987,18.608205750584602,0.10900272777570146,0.5111097789934425,0.25490692809020005,70.0,61.0,73.0,0.056338028169014086,0.6935483870967742,0.7567567567567568,49.78590226918459,0.37153658409839246,0.37153658409839246,936.4620971679688,-0.010711579583585262,0.04086011275649071,0,0.0,,0.0,,0.0,
198,130,1369,0.954006968641115,1435,2197,126.95621363073587,0.4032258064516129,7.560008645057678,17.93705079704523,109.01916283369064,0.10800012350082397,0.2940500130663153,1.4934131895026115,70.0,61.0,73.0,0.0,0.4032258064516129,1.0,126.95621363073587,0.9474344300801185,0.9474344300801185,1105.5682373046875,-0.020633378997445107,0.056930072605609894,1094,0.0,1.5512306098517115,1.0,4.300788886790582,0.0,1.0686319077618425
26,6,1337,0.8445988629185092,1583,1538,21.124507144093513,0.0,9.1120360866189,7.663496062159538,13.461011081933975,0.1301719440945557,0.12563108298622194,0.18439741208128732,70.0,61.0,73.0,0.0,0.0,0.0,21.124507144093513,0.1576455757021904,0.1576455757021904,1242.2373046875,-0.013351685367524624,0.07975243777036667,750,0.0,1.1957157059005907,0.88,3.281326509836081,0.12,1.2380033215260562
368,243,1332,0.7266775777414075,1833,1498,5.716935901029501,0.0,3.9696466361929197,3.3039044248871505,2.4130314761423506,0.05591051600271718,0.053288781046566945,0.03305522570058014,71.0,62.0,73.0,0.0,0.0,0.0,5.716935901029501,0.04234767334095927,0.04234767334095927,1357.29736328125,-0.002330788178369403,0.0486278161406517,2586,0.07501933488012374,1.3820798707421085,0.9682907965970611,4.420960339504178,0.15042536736272236,1.1629347901983658
610,438,1330,0.8531109685695959,1559,1882,11.728439496830106,0.45161290322580644,5.1982031697407365,7.894046351313591,3.834393145516515,0.07426004528201052,0.1294105959231736,0.05181612358806101,70.0,61.0,74.0,0.07042253521126761,0.45161290322580644,0.0,11.728439496830106,0.08687732960614893,0.08687732960614893,2457.698974609375,-0.009064167737960815,0.028170336037874222,0,0.0,,0.0,,0.0,
573,412,1323,1.0,1323,11410,13.481368102133274,0.8548387096774194,4.692240850068629,7.116387516260147,6.364980585873127,0.06608789929674125,0.11666209043049422,0.08601325116044767,71.0,61.0,74.0,0.3611111111111111,0.8548387096774194,0.4266666666666667,13.481368102133274,0.09986198594172796,0.09986198594172796,1584.2880859375,-0.003787639318034053,0.017256928607821465,0,0.0,,0.0,,0.0,
357,229,1313,0.9690036900369003,1355,1937,34.69793191179633,0.015873015873015872,4.460437320638448,6.091698881238699,28.606233030557632,0.06282306085406265,0.0982532077619145,0.39186620589804977,71.0,62.0,73.0,0.0,0.015873015873015872,0.7837837837837838,34.69793191179633,0.257021717865158,0.257021717865158,1939.63525390625,0.0014619473367929459,0.038012292236089706,532,0.0,1.018327175886757,1.0,3.585452850572535,0.0,0.9597009829911276
151,100,1310,0.9576023391812866,1368,1856,339.6463950276375,1.0,8.125521486625075,101.28326374292374,238.36313128471375,0.11607887838035821,1.6603813728348154,3.265248373763202,70.0,61.0,73.0,0.09859154929577464,1.0,1.0,339.6463950276375,2.5346745897584886,2.5346745897584886,828.7098388671875,-0.005207247566431761,0.0374717190861702,592,0.0,1.1434541568544014,1.0,3.466883531422681,0.0,1.1875554996750122
514,365,1307,1.0,1307,3611,167.7053426504135,0.0,0.02104323951061815,0.0,167.7053426504135,0.00029638365507912885,0.0,2.266288414194777,71.0,62.0,74.0,0.0,0.0,1.0,167.7053426504135,1.2331275194883347,1.2331275194883347,993.2725219726562,-0.0037012516986578703,0.03914715349674225,0,0.0,,0.0,,0.0,
225,148,1295,1.0,1295,5171,9.138708182130358,0.22580645161290322,6.607340323738754,6.172001086175442,2.9667070959549164,0.09306113132026414,0.10118034567500724,0.04063982323225913,71.0,61.0,73.0,0.3055555555555556,0.22580645161290322,0.02702702702702703,9.138708182130358,0.0681993147920176,0.0681993147920176,1203.62890625,-0.00734422542154789,0.025364715605974197,274,0.0,1.0204530221419095,1.0,2.4490214789956997,0.0,1.064468344729396
539,391,1272,0.8138195777351248,1563,2330,226.56168106599944,0.0,2.6293656798952725,3.291879210912157,223.26980185508728,0.037033319435144686,0.053094825982454144,3.0171594845282064,71.0,62.0,74.0,0.013888888888888888,0.0,0.9866666666666667,226.56168106599944,1.6658947137205842,1.6658947137205842,1039.150146484375,0.002852760488167405,0.03154880926012993,0,0.0,,0.0,,0.0,
46,21,1265,0.9100719424460432,1390,3268,0.07531397975981236,0.0,4.274525975575671,0.07531397975981236,0.0,0.06106465679393815,0.0012346554058985631,0.0,70.0,61.0,73.0,0.0,0.0,0.0,0.07531397975981236,0.0005620446250732265,0.0005620446250732265,1300.95751953125,-0.010189447551965714,0.03719649836421013,141,1.0,1.3631881622457,0.0,1.0294519053643816,0.0,1.2336942563442848
376,248,1264,0.8056086679413639,1569,1457,50.956275697331876,0.0,5.148313879966736,1.8733239802531898,49.082951717078686,0.07251146309812304,0.030214902907309514,0.6723692016038176,71.0,62.0,73.0,0.0,0.0,0.7027027027027027,50.956275697331876,0.3774538940543102,0.3774538940543102,1163.8037109375,0.004112438764423132,0.04167617857456207,1398,0.0,1.0685227475663623,1.0,4.324960407921256,0.0,1.1376919865346116
326,204,1259,1.0,1259,4331,234.48480252176523,0.15873015873015872,10.439370058476925,8.037653721868992,226.44714879989624,0.1470333811053088,0.1296395761591773,3.10201573698488,71.0,62.0,73.0,0.3055555555555556,0.15873015873015872,1.0,234.48480252176523,1.736924463124187,1.736924463124187,1072.1297607421875,0.006118034478276968,0.0326712392270565,0,0.0,,0.0,,0.0,
346,224,1252,0.7904040404040404,1584,1619,13.197117730043828,0.0,3.756064763998438,3.5427246163599193,9.65439311368391,0.05290232061969631,0.057140719618708376,0.1322519604614234,71.0,62.0,73.0,0.0,0.0,0.24324324324324326,13.197117730043828,0.09775642762995429,0.09775642762995429,1041.203857421875,0.005040936172008514,0.04336768016219139,852,0.0,1.0500089735160256,1.0,3.8064455987758015,0.0,1.1139433907925715
274,173,1226,0.9903069466882067,1238,3015,64.90617978386581,0.09523809523809523,6.997989705763757,6.6484165918082,58.25776319205761,0.09856323529244729,0.1072325256743258,0.7980515505761316,71.0,62.0,73.0,0.1527777777777778,0.09523809523809523,0.8918918918918919,64.90617978386581,0.4807865169175245,0.4807865169175245,1488.7318115234375,-0.010920140892267227,0.03245718032121658,1238,0.0,0.991004402803273,1.0,3.6904692373594727,0.0,0.9014360799556483
319,201,1195,1.0,1195,2983,119.3406945062161,0.06349206349206349,2.434845382347703,2.5415654969692696,116.79912900924683,0.03429359693447469,0.040992991886601125,1.5999880686198196,71.0,62.0,73.0,0.0,0.06349206349206349,1.0,119.3406945062161,0.8840051444904896,0.8840051444904896,1515.2852783203125,0.007800213992595673,0.028251368552446365,859,0.03958090803259604,1.1709596175874888,0.9604190919674039,3.631106572483266,0.0,0.9694915999800934
415,281,1189,0.7786509495743288,1527,4850,13.891325069591403,1.0,5.725302383769304,9.502607949078083,4.38871712051332,0.08063806174322963,0.15326787014642068,0.06011941260977151,71.0,62.0,73.0,0.375,1.0,0.2702702702702703,13.891325069591403,0.10289870421919557,0.10289870421919557,2782.5283203125,0.002035661833360791,0.01866155117750168,0,0.0,,0.0,,0.0,
507,355,1140,0.7554671968190855,1509,7304,11.769830966368318,0.5873015873015873,2.178736475878395,6.365293638780713,5.4045373275876045,0.030686429237723876,0.10266602643194699,0.07303428821064331,71.0,62.0,74.0,0.027777777777777776,0.5873015873015873,0.18666666666666668,11.769830966368318,0.08654287475270822,0.08654287475270822,2600.019775390625,-0.0007833649287931621,0.018401524052023888,34,1.0,1.5591882175075356,0.0,0.959954297524569,0.0,1.0813087918438247
234,156,1103,0.9033579033579033,1221,3853,6.72955753095448,0.0,4.493550847750157,3.9136450067162514,2.815912524238229,0.06328944855986136,0.06312330655993954,0.03857414416764697,71.0,62.0,73.0,0.0,0.0,0.0,6.72955753095448,0.04984857430336652,0.04984857430336652,1823.5946044921875,-0.0023861604277044535,0.029402554035186768,0,0.0,,0.0,,0.0,
611,435,1074,0.8371005455962588,1283,2664,41.03754116728669,0.0,2.5287797001656145,1.2881737960851751,39.749367371201515,0.03561661549529035,0.021117603214511067,0.5371536131243448,71.0,61.0,74.0,0.0,0.0,0.8666666666666667,41.03754116728669,0.30398178642434587,0.30398178642434587,574.1717529296875,-0.014843919314444065,0.06687945872545242,0,0.0,,0.0,,0.0,
526,377,1073,0.7786647314949202,1378,5897,3.831726645352319,0.6190476190476191,2.3563823886215687,3.767562337219715,0.06416430813260376,0.033188484346782655,0.060767134471285726,0.000867085245035186,71.0,62.0,74.0,0.2638888888888889,0.6190476190476191,0.0,3.831726645352319,0.02817446062759058,0.02817446062759058,2136.54931640625,0.0021842457354068756,0.01082686334848404,0,0.0,,0.0,,0.0,
512,367,1059,1.0,1059,1952,20.94739035773091,0.7619047619047619,6.249881105963141,12.887278899550438,8.060111458180472,0.08802649445018508,0.2078593370895232,0.10892042511054692,71.0,62.0,74.0,0.1388888888888889,0.7619047619047619,0.25333333333333335,20.94739035773091,0.15402492910096258,0.15402492910096258,1216.567626953125,-0.007585113402456045,0.03384740278124809,1418,0.1325811001410437,1.2971073335485253,0.9668547249647391,4.1977914976463495,0.0,1.172482364395232
529,380,1006,0.9553656220322887,1053,2546,92.13632142287679,0.031746031746031744,0.9784989024628885,0.4421208326239139,91.69420059025288,0.013781674682575894,0.0071309811713534494,1.239110818787201,71.0,62.0,74.0,0.013888888888888888,0.031746031746031744,0.9866666666666667,92.13632142287679,0.6774729516388,0.6774729516388,1266.4661865234375,-0.0048746936954557896,0.021368352696299553,0,0.0,,0.0,,0.0,
246,161,929,0.7761069340016709,1197,2311,8.525829742604401,0.36507936507936506,8.64007331430912,6.97018763050437,1.5556421121000312,0.12169117344097352,0.11242238113716725,0.02131016591917851,71.0,62.0,73.0,0.5138888888888888,0.36507936507936506,0.0,8.525829742604401,0.06315429438966223,0.06315429438966223,2262.46240234375,0.005129313096404076,0.022160841152071953,0,0.0,,0.0,,0.0,
83,48,923,1.0,923,4960,115.99252365529537,0.0,10.493414267897606,8.066199287772179,107.9263243675232,0.14990591811282294,0.13223277520937998,1.4784427995551122,70.0,61.0,73.0,0.0,0.0,0.6486486486486487,115.99252365529537,0.8656158481738461,0.8656158481738461,657.945556640625,-0.07215674221515656,0.27509188652038574,272,0.0,1.146514477756972,0.0,1.3685598783857993,1.0,1.3923429641511988
555,404,921,0.8607476635514019,1070,2174,187.8785122865811,0.3968253968253968,10.096302780963015,9.124602341093123,178.75390994548798,0.1422014476191974,0.14717100550150197,2.4155933776417293,71.0,62.0,74.0,0.4861111111111111,0.3968253968253968,1.0,187.8785122865811,1.3814596491660376,1.3814596491660376,1599.8028564453125,0.004292902536690235,0.03300098329782486,0,0.0,,0.0,,0.0,
576,421,915,0.9967320261437909,918,3801,0.3662280396092683,0.0,1.0166052216663957,0.2335073605645448,0.1327206790447235,0.014318383403752051,0.0038279895174515542,0.001793522689793561,71.0,61.0,74.0,0.0,0.0,0.0,0.3662280396092683,0.0027128002934019876,0.0027128002934019876,197.94119262695312,-0.00488039618358016,0.056028466671705246,0,0.0,,0.0,,0.0,
43,24,913,0.7410714285714286,1232,10518,21.872982129454613,0.0,7.311746407300234,9.674877025187016,12.198105104267597,0.10445352010428906,0.15860454139650845,0.16709733019544654,70.0,61.0,73.0,0.0,0.0,0.0,21.872982129454613,0.16323120992130308,0.16323120992130308,766.86279296875,-0.0167030468583107,0.05253607779741287,34,0.0,1.107293325722907,1.0,2.7977535341561834,0.0,1.2657605544129245
157,99,872,0.8288973384030418,1052,4556,29.663210682570934,1.0,12.099666953086853,15.704711273312569,13.958499409258366,0.1728523850440979,0.2574542831690585,0.19121232067477212,70.0,61.0,73.0,0.7746478873239436,1.0,0.8243243243243243,29.663210682570934,0.2213672438997831,0.2213672438997831,1668.2265625,0.00054515665397048,0.028795963153243065,415,0.45542168674698796,1.3713648543742287,0.0,1.321930147451822,0.908433734939759,1.430607879394481
558,408,863,1.0,863,2052,158.40177786163986,0.0,0.5493949982337654,0.2635686378926039,158.13820922374725,0.007737957721602329,0.004251107062783933,2.137002827347936,71.0,62.0,74.0,0.0,0.0,1.0,158.40177786163986,1.164718954864999,1.164718954864999,1124.97705078125,-0.0033278223127126694,0.04022097587585449,0,0.0,,0.0,,0.0,
362,234,854,1.0,854,1442,113.20459616323933,0.0,5.633265273878351,3.3895719065330923,109.81502425670624,0.07934176442082184,0.054670514621501486,1.5043154007767978,71.0,62.0,73.0,0.013888888888888888,0.0,1.0,113.20459616323933,0.8385525641721432,0.8385525641721432,1386.9805908203125,0.010921016335487366,0.03843280300498009,666,0.0,1.0615146461080027,1.0,2.8900938421634215,0.0,1.0854687544586572
243,151,773,0.9531442663378545,811,5959,48.32630328834057,0.9841269841269841,12.735377416014671,19.861199215054512,28.465104073286057,0.1793715129016151,0.32034192282345986,0.3899329325107679,71.0,62.0,73.0,0.9861111111111112,0.9841269841269841,1.0,48.32630328834057,0.3579726169506709,0.3579726169506709,1882.69091796875,0.002157437615096569,0.019913749769330025,58,1.0,1.2577683322455293,0.0,1.1915802092094827,0.0,1.1172269701184772
480,332,701,0.7529538131041891,931,825,5.517604496446438,0.0,3.3342172279953957,2.644240537658334,2.8733639587881044,0.046960806028104166,0.042649040929973125,0.03936115012038499,71.0,62.0,73.0,0.0,0.0,0.0,5.517604496446438,0.040871144418121765,0.040871144418121765,556.415771484375,0.0161039587110281,0.08038375526666641,59,1.0,1.3194900778106995,0.0,1.1122992243447087,0.0,1.0960494553876134
578,423,633,0.734338747099768,862,3170,0.013695555739104748,0.0,1.0155403211247176,0.013695555739104748,0.0,0.014303384804573487,0.00022451730719843849,0.0,71.0,61.0,74.0,0.0,0.0,0.0,0.013695555739104748,0.00010144856103040554,0.00010144856103040554,2452.6982421875,-0.004856123588979244,0.022389449179172516,0,0.0,,0.0,,0.0,
123,74,567,0.7651821862348178,741,4236,17.315438393503428,0.41935483870967744,12.677992634475231,9.131164573132992,8.184273820370436,0.1811141804925033,0.14969122251037692,0.11211334000507446,70.0,61.0,73.0,0.7183098591549296,0.41935483870967744,0.22972972972972974,17.315438393503428,0.12921968950375692,0.12921968950375692,1253.6534423828125,-0.0056861392222344875,0.03143778070807457,61,0.0,1.7836305740899276,0.0,1.1839293335710586,1.0,1.3638100399775213
325,202,524,0.9492753623188406,552,6603,34.416509836912155,1.0,11.906581319868565,16.00969459116459,18.406815245747566,0.16769832844885302,0.2582208805026547,0.2521481540513365,71.0,62.0,73.0,0.9722222222222222,1.0,1.0,34.416509836912155,0.254937109903053,0.254937109903053,2369.924072265625,0.003799324156716466,0.018975453451275826,658,0.0,1.5270402016123805,0.0,1.1545940335958926,1.0,1.3572466754310029
571,415,502,0.8745644599303136,574,5268,3.5799939475764404,0.03225806451612903,2.350938371848315,3.462312765419483,0.11768118215695722,0.03311180805420162,0.05675922566261448,0.0015902862453642868,71.0,61.0,74.0,0.05555555555555555,0.03225806451612903,0.0,3.5799939475764404,0.02651847368575141,0.02651847368575141,2095.24609375,0.0005270445835776627,0.021309416741132736,0,0.0,,0.0,,0.0,
370,240,465,0.8157894736842105,570,6694,14.084959821775556,0.5238095238095238,5.397031635046005,7.514897845685482,6.570061976090074,0.0760145300710705,0.12120802976912068,0.09000084898753526,71.0,62.0,73.0,0.09722222222222222,0.5238095238095238,0.14864864864864866,14.084959821775556,0.10433303571685597,0.10433303571685597,1381.0430908203125,0.006230717059224844,0.02295280434191227,192,0.5416666666666666,1.4196446126912343,0.0,1.1265274660198854,0.5,1.2965029962272427
90,45,326,1.0,326,4542,3.627053519245237,0.0,5.023086489643902,2.5326499808579683,1.0944035383872688,0.07175837842348431,0.041518852145212594,0.014991829292976286,70.0,61.0,73.0,0.0,0.0,0.0,3.627053519245237,0.027067563576456993,0.027067563576456993,144.03863525390625,0.005599805619567633,0.05289076268672943,0,0.0,,0.0,,0.0,
