stain_label,calcium_label,overlap_px,frac_stain,stain_area,calcium_area,calcium AUC,calcium response time,calcium_auc_w1,calcium_auc_w2,calcium_auc_w3,calcium_auc_norm_w1,calcium_auc_norm_w2,calcium_auc_norm_w3,calcium_active_time_w1,calcium_active_time_w2,calcium_active_time_w3,calcium_response_time_w1,calcium_response_time_w2,calcium_response_time_w3,calcium_auc_w2_w3,calcium_auc_norm_w2_w3,calcium_AUC_norm,calcium_baseline_F0,calcium_baseline_mean_dff,calcium_baseline_sd_dff,cell_area,O4_prop,O4_mfi_norm,PDGFRa_prop,PDGFRa_mfi_norm,MBP_prop,MBP_mfi_norm
431,243,6190,0.740076518412243,8364,7238,83.44199728965759,1.0,6.571495184674859,32.74427676200867,50.697720527648926,0.09808201768171432,0.5116293244063854,0.8047257226610941,67.0,64.0,63.0,0.2647058823529412,1.0,1.0,83.44199728965759,0.6570236007059653,0.6570236007059653,1729.585205078125,0.0012038418790325522,0.025714024901390076,6378,0.8232988397616807,1.3648149881167428,0.17199749137660708,1.2540700286950361,0.03308247099404202,1.1902844581887069
386,205,5100,0.9879891514916699,5162,9855,205.55056607723236,1.0,19.800377443432808,99.03234660625458,106.51821947097778,0.2955280215437733,1.5235745631731474,1.6907653884282188,67.0,65.0,63.0,0.9852941176470589,1.0,1.0,205.55056607723236,1.6058637974783778,1.6058637974783778,1183.1392822265625,0.0023994746152311563,0.02514037676155567,1149,0.0,1.3408537050636087,1.0,1.9579871136769458,0.0,1.2671255700203836
502,287,4597,0.8673584905660378,5300,10110,0.08198585081845522,0.0,1.1957672671414912,0.06891103694215417,0.01307481387630105,0.017847272643902852,0.001076734952221159,0.00020753672819525477,67.0,64.0,63.0,0.0,0.0,0.0,0.08198585081845522,0.0006455578804602773,0.0006455578804602773,5028.64013671875,0.0019169951556250453,0.018277933821082115,949,1.0,1.593927331545148,0.0,0.8288286261659678,0.0,1.0860419973598772
192,104,4534,0.821972443799855,5516,6108,63.76124134659767,1.0,6.163618341088295,31.502181351184845,32.25905999541283,0.09199430359833276,0.4922215836122632,0.5120485713557591,67.0,64.0,63.0,0.6911764705882353,1.0,1.0,63.76124134659767,0.502057018477147,0.502057018477147,3207.208740234375,0.00030414937646128237,0.014426580630242825,892,0.0,1.275650420630334,0.0930493273542601,1.1714643943195067,0.952914798206278,2.0584356048056907
152,75,4482,0.8424812030075188,5320,5813,109.31035017967224,1.0,2.1946771081420593,52.66886252164841,56.641487658023834,0.032756374748388946,0.8229509769007564,0.899071232667045,67.0,64.0,63.0,0.0,1.0,1.0,109.31035017967224,0.8607114187375767,0.8607114187375767,2615.19775390625,-0.006650906056165695,0.023911740630865097,1754,0.8112884834663626,1.374470487054315,0.23204104903078676,1.0767278661836501,0.0,1.1173220353700268
288,157,4256,0.7651923768428622,5562,5260,148.80722975730896,1.0,6.546169921755791,69.41488349437714,79.39234626293182,0.09770402868292224,1.0846075545996428,1.2601959724274894,67.0,64.0,63.0,0.38235294117647056,1.0,1.0,148.80722975730896,1.1717104705299919,1.1717104705299919,2047.138916015625,-0.0014347225660458207,0.02103593945503235,8429,0.981492466484755,1.489549487426037,0.14900937240479298,1.166264308551423,0.0,1.1799704960975888
42,1,4150,0.9673659673659674,4290,6734,193.92471712827682,1.0,7.085161715745926,81.35382729768753,112.5708898305893,0.10574868232456607,1.2711535515263677,1.8156595133966016,67.0,64.0,62.0,0.04411764705882353,1.0,1.0,193.92471712827682,1.5390850565736256,1.5390850565736256,1163.03759765625,0.008146670646965504,0.027450241148471832,5619,0.9181348994483004,1.4177859608167054,0.0,0.9135451078142824,0.17440825769709914,1.4446390836032654
516,293,3730,0.8759981211836543,4258,8027,4.326402504462749,0.16923076923076924,4.648709077388048,2.8965900988550857,1.429812405607663,0.06938371757295594,0.045259220294610714,0.022695435009645448,67.0,64.0,63.0,0.3088235294117647,0.16923076923076924,0.0625,4.326402504462749,0.034066161452462586,0.034066161452462586,3082.454345703125,0.0034131340216845274,0.014896441251039505,0,0.0,,0.0,,0.0,
365,191,3717,0.7281096963761019,5105,5994,55.48780004680157,0.9848484848484849,2.5790295865299413,33.243144661188126,22.24465538561344,0.03849297890343196,0.5114329947875096,0.3530897680256102,67.0,65.0,63.0,0.0,0.9848484848484849,0.9375,55.48780004680157,0.43349843786563724,0.43349843786563724,2550.81640625,-0.0005028039449825883,0.02681044302880764,4153,0.0,1.7628385719908541,0.5615217914760414,1.9174886494817465,0.8926077534312545,2.6072358343885167
470,261,3703,0.9480286738351255,3906,7274,202.0869056582451,1.0,4.220047991722822,76.49412816762924,125.59277749061584,0.06298579092123616,1.195220752619207,1.993536150644696,67.0,64.0,63.0,0.22058823529411764,1.0,1.0,202.0869056582451,1.591235477623977,1.591235477623977,1553.1065673828125,-0.004896757658571005,0.01657234877347946,3347,1.0,1.3132283344632292,0.0,0.9283795835356388,0.0,1.1040172603185265
636,355,3641,1.0,3641,8111,94.0736143887043,1.0,7.802833318710327,32.497812777757645,61.575801610946655,0.11822474725318677,0.5077783246524632,0.9773936763642326,66.0,64.0,63.0,0.0,1.0,1.0,94.0736143887043,0.7407371211709,0.7407371211709,943.813232421875,0.00525943236425519,0.046056635677814484,604,0.0,0.8938809306468556,0.7466887417218543,1.4336563119486074,0.2533112582781457,1.3704614223338003
672,386,3553,0.8727585359862442,4071,8572,135.11975532770157,1.0,8.90217860788107,50.37562316656113,84.74413216114044,0.1348814940588041,0.7871191119775176,1.345144954938737,66.0,64.0,63.0,0.31343283582089554,1.0,1.0,135.11975532770157,1.0639350813204849,1.0639350813204849,1257.4405517578125,0.005703636910766363,0.02841504104435444,4209,0.9888334521263958,1.3689023326052387,0.004514136374435733,0.9214612548931073,0.2059871703492516,1.4948340651543626
545,304,3413,0.9441217150760719,3615,5338,158.09699422121048,1.0,2.8699468239210546,65.55823415517807,92.53876006603241,0.042835027222702306,1.0243474086746573,1.4688692073973397,67.0,64.0,63.0,0.0,1.0,1.0,158.09699422121048,1.2448582222142557,1.2448582222142557,1479.156005859375,-0.005408958997577429,0.032661084085702896,5100,0.9915686274509804,1.5085430117858178,0.24098039215686273,1.2218680609088908,0.0,1.2321420369731984
459,257,3256,0.9215963770166997,3533,5848,131.5789976119995,1.0,12.157837070524693,57.1752325296402,74.40376508235931,0.18146025478395064,0.8933630082756281,1.1810121441644335,67.0,64.0,63.0,0.9852941176470589,1.0,1.0,131.5789976119995,1.0360550993070827,1.0360550993070827,3359.39697265625,-0.00138902070466429,0.021835049614310265,4700,0.9470212765957446,1.4429747725387208,0.18680851063829787,1.2074478395604362,0.0,1.2435534024559722
468,268,3206,0.9287369640787949,3452,6949,11.41189375333488,0.03076923076923077,8.884432636201382,5.961780635640025,5.450113117694855,0.1326034721821102,0.09315282243187539,0.08650973202690246,67.0,64.0,63.0,0.04411764705882353,0.03076923076923077,0.0,11.41189375333488,0.0898574311286211,0.0898574311286211,4078.142822265625,-0.00023211499501485378,0.037019405514001846,1554,0.842985842985843,1.29090151225503,0.1969111969111969,1.1207917494820496,0.0,1.1364071508116305
114,33,3118,1.0,3118,10923,10.443929214030504,0.3076923076923077,4.203380547463894,6.063118029385805,4.380811184644699,0.06273702309647602,0.0947362192091532,0.06953668547055078,67.0,64.0,63.0,0.029411764705882353,0.3076923076923077,0.1875,10.443929214030504,0.0822356631026024,0.0822356631026024,4516.46728515625,-0.000576076447032392,0.018762929365038872,18,1.0,1.3129345316586412,0.0,0.8027918544023114,0.0,1.1565486883855673
497,288,3116,0.801440329218107,3888,3731,67.5778138935566,0.9538461538461539,15.527619630098343,31.290099650621414,36.28771424293518,0.23175551686713944,0.4889078070409596,0.5759954641735743,67.0,64.0,63.0,0.1323529411764706,0.9538461538461539,1.0,67.5778138935566,0.5321087708154063,0.5321087708154063,2099.45947265625,0.0009387296158820391,0.055036865174770355,5631,0.9953827028946901,1.443079571030638,0.14917421417155036,1.0492976692377443,0.004617297105309891,1.2206059654117714
336,182,3059,0.9906088082901554,3088,5212,82.64145386219025,1.0,8.556963823735714,42.86178696155548,39.779666900634766,0.12771587796620468,0.6697154212743044,0.6314232841370597,67.0,64.0,63.0,0.5882352941176471,1.0,1.0,82.64145386219025,0.6507201091511043,0.6507201091511043,2313.358642578125,-0.002315595978870988,0.024392498657107353,872,0.0,1.6503364486944994,1.0,1.663187042498835,0.0,1.4493734782377985
405,218,3008,0.885487194583456,3397,4645,105.98414650559425,1.0,3.156379226638819,46.01661428809166,59.967532217502594,0.04711013771102715,0.707947912124487,0.9518655907540094,67.0,65.0,63.0,0.014705882352941176,1.0,1.0,105.98414650559425,0.8280011445749551,0.8280011445749551,1600.3865966796875,-0.0006046603084541857,0.02454562485218048,2449,0.9252756227031441,1.2656600178258637,0.0,0.9575630682894749,0.17435688035933034,1.3850858083437063
755,451,2995,0.9593209481101858,3122,9239,18.334309824655065,0.0,4.549707910045981,2.718360775063047,15.615949049592018,0.06790608820964152,0.04247438711036011,0.24787220713638125,67.0,64.0,63.0,0.014705882352941176,0.0,1.0,18.334309824655065,0.14436464428862256,0.14436464428862256,4579.3564453125,-0.004531445447355509,0.03170347586274147,5279,0.9630611858306497,1.6329409845342637,0.37526046599734797,1.7491738978367002,0.09092631180147755,1.5020203380270383
684,398,2973,0.9014554275318375,3298,4949,22.91160798072815,0.9230769230769231,12.997112207114697,12.572826065123081,10.338781915605068,0.19398674935992086,0.19645040726754814,0.1641076494540487,67.0,64.0,63.0,0.9852941176470589,0.9230769230769231,0.734375,22.91160798072815,0.18040636205297755,0.18040636205297755,4937.23779296875,0.0030643909703940153,0.027582796290516853,0,0.0,,0.0,,0.0,
404,225,2955,0.8138253924538694,3631,3677,208.77468383312225,1.0,3.3155816802755,88.01202690601349,120.76265692710876,0.04948629373545522,1.3540311831694383,1.9168675702715676,67.0,65.0,63.0,0.0,1.0,1.0,208.77468383312225,1.6310522174462676,1.6310522174462676,1894.283935546875,0.004658963996917009,0.02262425608932972,5464,0.9628477306002928,1.468032360029619,0.39128843338213765,1.2926866365524399,0.0,1.2582717402153958
664,375,2926,1.0,2926,12245,0.8059677905694116,0.0,3.3230288168415427,0.6440723028790671,0.16189548769034445,0.0503489214672961,0.010063629732485424,0.0025697696458784835,66.0,64.0,63.0,0.07462686567164178,0.0,0.0,0.8059677905694116,0.006346203075349698,0.006346203075349698,6071.66015625,0.0021459325216710567,0.021631166338920593,1030,0.000970873786407767,1.2470860108144965,0.9990291262135922,2.3701921649466673,0.0,1.3346153141343402
211,110,2810,0.9483631454606818,2963,5150,55.08203014731407,1.0,3.252795649692416,29.075826197862625,26.006203949451447,0.048549188801379345,0.4543097843416035,0.4127968880865309,67.0,64.0,63.0,0.04411764705882353,1.0,1.0,55.08203014731407,0.43371677281349663,0.43371677281349663,4291.13818359375,0.002887204522266984,0.01601995900273323,2299,0.0,1.3187690348247552,1.0,2.265393544278303,0.0,1.3000369510826286
476,275,2798,0.9529972752043597,2936,5960,117.82386243343353,1.0,1.6150578300002962,39.49429523944855,78.32956719398499,0.024105340746273077,0.6170983631163836,1.243326463396587,67.0,64.0,63.0,0.0,1.0,1.0,117.82386243343353,0.9277469482947522,0.9277469482947522,1912.0771484375,-0.0012212552828714252,0.022943077608942986,4100,1.0,1.4334043905208915,0.0,1.6696531005705297,0.0,1.1526731916396613
762,439,2765,1.0,2765,13025,26.623366616666317,0.5384615384615384,6.2859924510121346,11.270865447819233,15.352501168847084,0.09382078285092738,0.17610727262217551,0.24369049474360452,67.0,64.0,63.0,0.07352941176470588,0.5384615384615384,0.96875,26.623366616666317,0.20963280800524658,0.20963280800524658,2371.79345703125,-0.0051255361177027225,0.03533370792865753,2771,0.5182244677011909,1.2283196298202905,0.806207145434861,1.6902292682439537,0.0,1.3593390001576846
163,82,2736,0.8820116054158608,3102,3704,177.11515295505524,1.0,6.007176439277828,85.08431077003479,92.03084218502045,0.08965934983996758,1.3294423557817936,1.4608070188098483,67.0,64.0,63.0,0.0,1.0,1.0,177.11515295505524,1.394607503583112,1.394607503583112,1270.974853515625,-0.00571802444756031,0.05835176259279251,4235,0.917827626918536,1.3613359018470834,0.06304604486422669,1.062325639041081,0.4833530106257379,1.913879079309083
324,172,2716,0.7718101733447001,3519,4085,3.820670736837201,0.0,2.9746087761595845,2.033719394938089,1.7869513418991119,0.044397145912829616,0.03177686554590764,0.028364307014271617,67.0,64.0,63.0,0.029411764705882353,0.0,0.0,3.820670736837201,0.03008402154989922,0.03008402154989922,3581.43408203125,0.0018517659045755863,0.015523160807788372,4094,0.9904738641914997,1.482582169371787,0.009526135808500244,0.9202728891133116,0.0,1.0083740254254898
201,106,2702,0.7942386831275721,3402,5154,151.29925179481506,1.0,5.526963115669787,67.99837481975555,83.30087697505951,0.0824919868010416,1.0624746065586805,1.322236142461262,67.0,64.0,63.0,0.6764705882352942,1.0,1.0,151.29925179481506,1.1913326912977564,1.1913326912977564,3191.498779296875,-0.0005672023980878294,0.010114016011357307,4007,0.7828799600698777,1.468443796751484,0.26079361118043426,1.232318726142623,0.0,1.1763181597292314
650,366,2672,0.711016498137307,3758,7108,2.163876353763044,0.0,3.9313348922878504,1.0788864594651386,1.0849898942979053,0.059565680186179554,0.01685760092914279,0.017222061814252464,66.0,64.0,63.0,0.208955223880597,0.0,0.0,2.163876353763044,0.01703839648632318,0.01703839648632318,5700.6806640625,0.006362676154822111,0.01551277656108141,3889,1.0,1.5659417904101853,0.0,0.8342605279265277,0.0,1.160369097702635
725,417,2660,0.9906890130353817,2685,5361,4.751414718222804,0.0,5.099239023402333,2.0328330571064726,2.718581661116332,0.07610804512540796,0.031763016517288634,0.04315208985898939,67.0,64.0,63.0,0.04411764705882353,0.0,0.0,4.751414718222804,0.037412714316714994,0.037412714316714994,5460.01611328125,-0.005155126564204693,0.028610147535800934,2477,1.0,1.3787821729694174,0.0,0.9146249723947842,0.0,1.3396669537365558
632,350,2628,0.9296073576229218,2827,6412,49.58929979801178,0.9538461538461539,11.17562422901392,20.85091543197632,28.73838436603546,0.16932763983354424,0.32579555362463,0.4561648312069121,66.0,64.0,63.0,0.2537313432835821,0.9538461538461539,1.0,49.58929979801178,0.39046692754339984,0.39046692754339984,909.044921875,0.0015121027827262878,0.037896670401096344,0,0.0,,0.0,,0.0,
360,192,2615,0.875753516409913,2986,6684,72.39168378710747,1.0,17.9321314021945,38.42819920182228,33.96348458528519,0.2676437522715597,0.5912030646434197,0.5391029299251617,67.0,65.0,63.0,0.7794117647058824,1.0,1.0,72.39168378710747,0.5655600295867771,0.5655600295867771,2188.379638671875,0.006252197083085775,0.032462894916534424,0,0.0,,0.0,,0.0,
466,264,2507,0.989344909234412,2534,4662,81.65651458501816,1.0,19.641408413648605,39.41599553823471,42.24051904678345,0.29315534945744187,0.6158749302849174,0.670484429314023,67.0,64.0,63.0,0.6764705882352942,1.0,1.0,81.65651458501816,0.6429646817717966,0.6429646817717966,3103.21337890625,0.00561633100733161,0.04764943569898605,3649,0.9901342833653055,1.4722109998842248,0.4445053439298438,1.4031162205709566,0.0,1.340533968431427
552,298,2495,0.985387045813586,2532,8254,75.02878528833389,1.0,8.382154956459999,30.50557589530945,44.523209393024445,0.12510679039492537,0.47664962336421013,0.7067176094130864,67.0,64.0,63.0,0.8823529411764706,1.0,1.0,75.02878528833389,0.5907778369160149,0.5907778369160149,2453.929931640625,-0.002877224935218692,0.02068527229130268,280,1.0,1.2376961968694,0.0,0.9478960558342433,0.0,0.9922529377179032
154,67,2472,0.9868263473053892,2505,5561,106.16287803649902,1.0,12.508826211094856,52.26037758588791,53.902500450611115,0.18669889867305756,0.8165683997794986,0.8555952452477955,67.0,64.0,63.0,0.8676470588235294,1.0,1.0,106.16287803649902,0.8359281735157403,0.8359281735157403,1728.628662109375,-0.001940367161296308,0.025436915457248688,2885,0.9868284228769497,1.3586817335455115,0.051299826689774695,0.9942739061634608,0.0,1.101278887963694
102,35,2471,1.0,2471,7873,41.05518174171448,1.0,5.7433309108018875,20.768487989902496,20.28669375181198,0.08572135687764011,0.3245076248422265,0.3220110119335235,67.0,64.0,63.0,0.5882352941176471,1.0,1.0,41.05518174171448,0.3232691475725549,0.3232691475725549,7737.466796875,-0.0014878993388265371,0.016589343547821045,3115,0.0,1.1957530210934266,1.0,2.70101629860457,0.0,1.3279724440083471
346,170,2464,0.9979748886188741,2469,15631,1.6604481797257904,0.21212121212121213,1.081651052692905,1.1164436523395125,0.5440045273862779,0.016144045562580672,0.017176056189838654,0.008634992498194887,67.0,65.0,63.0,0.11764705882352941,0.21212121212121213,0.109375,1.6604481797257904,0.012972251404107737,0.012972251404107737,6695.5830078125,-0.0019447066588327289,0.0058869426138699055,1262,0.0,1.3729318842158826,0.3724247226624406,1.2398347178833355,0.8621236133122029,1.9919671951483833
791,469,2451,0.753690036900369,3252,4422,109.82494098693132,0.6461538461538462,9.054108545184135,13.476262994110584,96.34867799282074,0.1351359484355841,0.21056660928297788,1.5293440951241388,67.0,64.0,63.0,0.1323529411764706,0.6461538461538462,1.0,109.82494098693132,0.864763314857727,0.864763314857727,2061.73095703125,-0.0015695275506004691,0.035101376473903656,3550,0.8146478873239437,1.3208543310503145,0.5191549295774648,1.9526449128082597,0.0,1.2438010969271276
422,232,2448,0.8739735808639771,2801,2943,87.28686408698559,0.9848484848484849,5.9022742584347725,33.95002846419811,53.336835622787476,0.08809364564828019,0.5223081302184325,0.846616438456944,67.0,65.0,63.0,0.14705882352941177,0.9848484848484849,1.0,87.28686408698559,0.6819286256795749,0.6819286256795749,3021.8525390625,-0.011516811326146126,0.02651095576584339,2502,0.9768185451638689,1.3860734116227456,0.06155075939248601,0.9927261225524789,0.0,1.2605041700494728
306,162,2446,0.8210808996307486,2979,5492,68.12260445952415,1.0,19.111392073333263,35.65509796142578,32.46750649809837,0.2852446578109442,0.5571109056472778,0.5153572460015615,67.0,64.0,63.0,0.8970588235294118,1.0,1.0,68.12260445952415,0.5363984603112139,0.5363984603112139,4076.705322265625,0.005987151991575956,0.0243871808052063,3484,0.28903559127439726,1.04047286932797,0.996268656716418,2.4678501016903662,0.0,1.209417075068529
492,281,2437,0.9398380254531431,2593,3273,8.236157667304724,0.4461538461538462,5.925956282764673,7.208256654441357,1.0279010128633672,0.0884471086979802,0.1126290102256462,0.01631588909306932,67.0,64.0,63.0,0.27941176470588236,0.4461538461538462,0.0,8.236157667304724,0.06485163517562775,0.06485163517562775,2491.52294921875,0.000668983266223222,0.02011735551059246,2375,0.7658947368421053,1.3271893692930592,0.6703157894736842,1.7151513882951577,0.0,1.20044185727828
611,345,2422,0.8696588868940754,2785,5107,48.66748237609863,1.0,14.354673847556114,22.710079848766327,25.957402527332306,0.21749505829630475,0.35484499763697386,0.412022262338608,66.0,64.0,63.0,0.6865671641791045,1.0,1.0,48.66748237609863,0.38320852264644595,0.38320852264644595,2783.460205078125,0.006521973758935928,0.03978661820292473,3589,0.03817219281136807,0.9207525326959354,0.9618278071886319,2.4640505120239857,0.0,1.021216459708977
119,42,2420,1.0,2420,14949,0.6827676058164798,0.07692307692307693,0.559863496106118,0.6294096877099946,0.05335791810648516,0.008356171583673402,0.009834526370468666,0.00084695108105532,67.0,64.0,63.0,0.0,0.07692307692307693,0.0,0.6827676058164798,0.005376122880444723,0.005376122880444723,8728.23046875,-0.0020859430078417063,0.012558717280626297,267,0.9962546816479401,1.3343500564371762,0.003745318352059925,0.9185630257935667,0.0,1.2739560288470748
143,65,2409,1.0,2409,5027,123.82050400972366,1.0,0.08078379365178989,52.730408787727356,71.09009522199631,0.0012057282634595507,0.8239126373082399,1.1284142098729573,67.0,64.0,63.0,0.0,1.0,1.0,123.82050400972366,0.9749645985017611,0.9749645985017611,1676.759033203125,-0.001501491293311119,0.022150034084916115,2522,1.0,1.3257167392076623,0.0,1.0180001589409247,0.0,1.295998370554427
326,176,2407,1.0,2407,6769,16.657303500920534,0.4,6.598223712295294,7.648301158100367,9.009002342820168,0.0984809509297805,0.11950470559531823,0.14300003718762172,67.0,64.0,63.0,0.11764705882352941,0.4,0.5625,16.657303500920534,0.13115987008598845,0.13115987008598845,1662.9578857421875,0.007556187454611063,0.024618439376354218,3054,0.7141453831041258,1.2173620895038004,0.5756385068762279,2.0843023365377045,0.2180746561886051,1.5381317362317062
222,119,2399,0.8486027591085957,2827,3542,10.14015443623066,0.6153846153846154,2.07975803501904,4.457270801067352,5.682883635163307,0.03104116470177672,0.06964485626667738,0.09020450214544933,67.0,64.0,63.0,0.058823529411764705,0.6153846153846154,1.0,10.14015443623066,0.07984373571835165,0.07984373571835165,5781.00390625,0.0008899918757379055,0.011563969776034355,3709,0.9929900242653006,1.4450435591353499,0.1337287678619574,0.9818100416812456,0.0,1.1539003477459366
105,40,2378,1.0,2378,6369,124.18509542942047,1.0,6.478434234857559,50.859466314315796,73.32562911510468,0.09669304828145611,0.7946791611611843,1.1638988748429313,67.0,64.0,63.0,0.6911764705882353,1.0,1.0,124.18509542942047,0.9778353970820509,0.9778353970820509,1527.233642578125,0.0026643224991858006,0.015926599502563477,2361,0.9889877170690385,1.291269269779215,0.1401948326980093,1.2213515112392772,0.0,1.2175740176438332
129,60,2364,0.7652962123664616,3089,3293,12.675916567444801,0.7846153846153846,5.341531038284302,6.719893679022789,5.956022888422012,0.07972434385498958,0.10499833873473108,0.09454004584796845,67.0,64.0,63.0,0.1323529411764706,0.7846153846153846,0.59375,12.675916567444801,0.09981036667279371,0.09981036667279371,10464.59765625,-0.002019005361944437,0.01878119818866253,1424,1.0,1.3193128150723992,0.0,1.0172524317433507,0.0,1.3738898073766102
413,227,2310,0.9254807692307693,2496,3537,113.58675894141197,0.9848484848484849,3.84897068887949,46.555822283029556,67.03093665838242,0.057447323714619254,0.7162434197389163,1.0639831215616256,67.0,65.0,63.0,0.2647058823529412,0.9848484848484849,1.0,113.58675894141197,0.887396554229781,0.887396554229781,2730.44873046875,-0.004295256454497576,0.01708959974348545,3439,0.9651061355045071,1.2967404331133687,0.43064844431520793,1.3897524824517955,0.0,1.1141100634388643
131,54,2281,0.8581640331075997,2658,5690,79.09987497329712,1.0,0.6456623317790218,38.34469512104988,40.75517985224724,0.009636751220582414,0.5991358612664044,0.6469076167023371,67.0,64.0,63.0,0.0,1.0,1.0,79.09987497329712,0.622833661207064,0.622833661207064,1741.1304931640625,-0.005932950880378485,0.01971355266869068,2793,0.8771929824561403,1.35772360145559,0.19226638023630505,1.2965341690680765,0.06301467955603295,1.2890254257416007
338,179,2273,0.9494569757727652,2394,7403,143.25455129146576,0.9848484848484849,10.912281785160303,71.48728692531586,71.7672643661499,0.16286987739045228,1.0998044142356285,1.139162926446824,67.0,65.0,63.0,0.7352941176470589,0.9848484848484849,1.0,143.25455129146576,1.1191761819645762,1.1191761819645762,2823.8720703125,0.004397178068757057,0.021934686228632927,227,0.0,1.7669963465238836,1.0,1.5292729906816962,0.0,1.4963306740294753
811,482,2268,0.8911591355599214,2545,3043,77.1372986882925,0.36923076923076925,8.28330922499299,11.952528402209282,65.18477028608322,0.12363148097004463,0.18675825628452003,1.0346788934298925,67.0,64.0,63.0,0.0,0.36923076923076925,1.0,77.1372986882925,0.6073803046322245,0.6073803046322245,2138.738525390625,0.005393451079726219,0.042022038251161575,4330,0.9997690531177829,1.4960603580227303,0.3334872979214781,1.4632825168617842,0.2163972286374134,1.5172920286809513
696,400,2257,0.8107040229885057,2784,4532,51.54874789714813,1.0,13.483749896287918,23.62026047706604,27.928487420082092,0.2012499984520585,0.3690665699541569,0.44330932412828716,67.0,64.0,63.0,0.8088235294117647,1.0,1.0,51.54874789714813,0.40589565273344985,0.40589565273344985,1666.8330078125,0.0025647543370723724,0.034129511564970016,4863,0.9782027555007197,1.4698954810645748,0.11186510384536294,1.008518573270103,0.0,1.1661355089310597
357,193,2256,0.8785046728971962,2568,6074,13.218513447791338,0.2878787878787879,6.487863518297672,7.761865366250277,5.456648081541061,0.09683378385518913,0.11941331332692733,0.08661346161176288,67.0,65.0,63.0,0.19117647058823528,0.2878787878787879,0.21875,13.218513447791338,0.10326963631086983,0.10326963631086983,4969.81494140625,0.004431232810020447,0.022462304681539536,3927,0.9943977591036415,1.5916631721607288,0.007639419404125287,1.1515006570356068,0.04736440030557677,1.370664613299642
221,114,2253,0.9632321504916631,2339,5176,135.13576871156693,1.0,13.94419565051794,68.18769508600235,66.94807362556458,0.2081223231420588,1.0654327357187867,1.0626678353264218,67.0,64.0,63.0,0.9264705882352942,1.0,1.0,135.13576871156693,1.0640611709572199,1.0640611709572199,2711.80908203125,-0.0031219155061990023,0.02084244228899479,0,0.0,,0.0,,0.0,
495,276,2235,0.9730082716586852,2297,10215,6.567616337677464,0.09230769230769231,5.452906504273415,3.5930900012608618,2.974526336416602,0.08138666424288679,0.056142031269700965,0.04721470375264448,67.0,64.0,63.0,0.3235294117647059,0.09230769230769231,0.0,6.567616337677464,0.051713514469901294,0.051713514469901294,3808.9140625,0.0021632055286318064,0.018241189420223236,1046,1.0,1.369898740886073,0.0,0.9806934125729992,0.0,1.259845450001399
96,39,2185,0.9524847428073234,2294,4191,133.7414386868477,1.0,3.4608583122026175,72.54721117019653,61.194227516651154,0.051654601674665936,1.1335501745343208,0.9713369447087484,67.0,64.0,63.0,0.3382352941176471,1.0,1.0,133.7414386868477,1.0530821943846274,1.0530821943846274,2944.05029296875,0.0025215507484972477,0.014096145518124104,3349,0.8483129292326067,1.2721339898412158,0.5064198268139743,1.4638816102146621,0.0,1.2586833342285129
472,260,2180,0.8797417271993543,2478,4056,56.28626734018326,1.0,8.700609289109707,26.350524365901947,29.93574297428131,0.12985984013596577,0.4117269432172179,0.4751705234012907,67.0,64.0,63.0,0.29411764705882354,1.0,1.0,56.28626734018326,0.4431989554345138,0.4431989554345138,2528.275146484375,0.010570242069661617,0.02898770198225975,0,0.0,,0.0,,0.0,
258,133,2164,1.0,2164,4457,2.8520837584947003,0.09230769230769231,3.899669475853443,1.8769023321656277,0.9751814263290726,0.05820402202766333,0.029326598940087933,0.015479070259191628,67.0,64.0,63.0,0.14705882352941177,0.09230769230769231,0.015625,2.8520837584947003,0.02245735242909213,0.02245735242909213,6935.41015625,0.0023702685721218586,0.016760893166065216,0,0.0,,0.0,,0.0,
537,300,2164,0.7784172661870503,2780,4916,31.074894458055496,0.47692307692307695,10.080066069960594,12.183063805103302,18.891830652952194,0.1504487473128447,0.1903603719547391,0.299870327824638,67.0,64.0,63.0,0.1323529411764706,0.47692307692307695,1.0,31.074894458055496,0.24468420833114565,0.24468420833114565,3297.451416015625,0.0032954136840999126,0.03293324634432793,4897,0.9650806616295691,1.4017628117704048,0.6281396773534818,1.532641934026639,0.0,1.3442915988356985
553,305,2134,0.9335083114610674,2286,5161,115.13383586704731,1.0,10.08373524993658,30.801562145352364,84.33227372169495,0.1505035111930833,0.4812744085211307,1.3386075193919833,67.0,64.0,63.0,0.8235294117647058,1.0,1.0,115.13383586704731,0.9065656367484041,0.9065656367484041,2177.03662109375,-0.002249116078019142,0.02346990816295147,3855,0.8409857328145266,1.2358692960027478,0.4939040207522698,1.642602277623934,0.1556420233463035,1.463231007012955
230,120,2130,0.9686221009549796,2199,5671,100.28657388687134,1.0,12.171549767255783,49.91272270679474,50.3738511800766,0.18166492189934005,0.7798862922936678,0.7995849393662953,67.0,64.0,63.0,0.6470588235294118,1.0,1.0,100.28657388687134,0.7896580621013491,0.7896580621013491,2552.085693359375,0.007207218091934919,0.025617990642786026,1747,0.9914138523182598,1.2482734170775025,0.39152833428734973,1.234759610189467,0.0,1.2808368451563805
471,259,2129,0.9962564342536265,2137,7560,5.538866720162332,0.03076923076923077,4.792409740388393,3.1032835820224136,2.4355831381399184,0.07152850358788647,0.04848880596910021,0.038660049811744736,67.0,64.0,63.0,0.10294117647058823,0.03076923076923077,0.0,5.538866720162332,0.043613123780805764,0.043613123780805764,3977.37646484375,0.0051605249755084515,0.020486345514655113,70,0.04285714285714286,0.8494467840825121,0.9571428571428572,1.5935760652882238,0.0,0.9927246494035104
279,144,2125,0.9888320148906468,2149,4634,144.67168128490448,1.0,14.166918903589249,66.63794028759003,78.03374099731445,0.21144655079983954,1.0412178169935942,1.2386308094811818,67.0,64.0,63.0,0.9264705882352942,1.0,1.0,144.67168128490448,1.1391470967315314,1.1391470967315314,2255.424560546875,0.0031869381200522184,0.02488098479807377,2184,1.0,1.611243748434454,0.0,0.9451734209076205,0.0,1.2426424184748912
729,421,2121,0.9645293315143247,2199,7588,221.8900249004364,1.0,9.909469291567802,90.87119197845459,131.0188329219818,0.14790252673981794,1.419862374663353,2.079664014634632,67.0,64.0,63.0,0.23529411764705882,1.0,1.0,221.8900249004364,1.747165550397137,1.747165550397137,688.8273315429688,-0.00664126081392169,0.03668240085244179,2086,1.0,1.4001723790789307,0.0,1.0016851133414986,0.0,1.2405579345248225
78,31,2114,0.9284145805884936,2277,4745,0.8075667661323678,0.0,1.5002844688715413,0.6938095134391915,0.11375725269317627,0.02239230550554539,0.010840773647487367,0.0018056706776694647,67.0,64.0,63.0,0.0,0.0,0.0,0.8075667661323678,0.006358793434113132,0.006358793434113132,5227.8046875,-0.003290478140115738,0.01697102002799511,2981,0.9255283461925529,1.425743161761704,0.20597115062059712,1.1245691380172746,0.0,1.1660042979318204
418,235,2112,0.9415960766830138,2243,2499,11.514151985757053,0.5454545454545454,6.4422756135463715,6.006622170098126,5.507529815658927,0.09615336736636375,0.09240957184766348,0.08742110818506234,67.0,65.0,63.0,0.7058823529411765,0.5454545454545454,0.5625,11.514151985757053,0.08995431238872698,0.08995431238872698,8906.1982421875,0.0024234154261648655,0.016358043998479843,2460,1.0,1.394117828409176,0.0,1.32371477836891,0.0,1.1966691760742847
113,51,2093,0.9385650224215246,2230,2987,153.19171887636185,1.0,3.304168624803424,67.43788009881973,85.75383877754211,0.0493159496239317,1.0537168765440583,1.36117204408797,67.0,64.0,63.0,0.0,1.0,1.0,153.19171887636185,1.2062340069004869,1.2062340069004869,2844.68701171875,0.004532662685960531,0.021454699337482452,2641,0.35327527451722834,1.150632526694017,0.6595986368799697,2.917391611414463,0.43127603180613405,1.771116323985846
712,407,2086,0.9976087996174079,2091,8098,116.77620685100555,1.0,17.29846066236496,45.98827451467514,70.78793233633041,0.2581859800352979,0.7185667892917991,1.1236179735925462,67.0,64.0,63.0,0.8529411764705882,1.0,1.0,116.77620685100555,0.9194976917402012,0.9194976917402012,851.3814697265625,0.0037202537059783936,0.041015177965164185,2080,0.0,1.0090969907204315,1.0,2.5369881741020195,0.0,1.271352731886383
745,409,2084,0.7796483352038908,2673,8956,5.8544304254464805,0.0,4.55547034740448,2.0726544079370797,3.781776017509401,0.0679920947373803,0.03238522512401687,0.06002819075411747,67.0,64.0,63.0,0.058823529411764705,0.0,0.0,5.8544304254464805,0.04609787736572032,0.04609787736572032,4861.83154296875,-0.00037102049100212753,0.027333904057741165,4024,0.9331510934393639,1.6536568652649604,0.4063121272365805,2.1350422267611164,0.09691848906560636,1.4674755694562085
748,450,2084,0.7597520962449872,2743,3349,55.56284299492836,1.0,14.139010474085808,21.21501725912094,34.34782573580742,0.21103000707590758,0.3314846446737647,0.5452035831080543,67.0,64.0,63.0,0.5,1.0,1.0,55.56284299492836,0.4375027007474674,0.4375027007474674,3807.83935546875,0.009279541671276093,0.040604908019304276,2984,1.0,1.4375197960904342,0.0,0.8523807902779632,0.0,1.3152113293765963
680,394,2080,1.0,2080,8133,5.981244198745117,0.0,5.55088859051466,2.1908385439310223,3.7904056548140943,0.08284908344051731,0.03423185224892222,0.06016516912403324,67.0,64.0,63.0,0.0,0.0,0.015625,5.981244198745117,0.047096411013741075,0.047096411013741075,5423.12255859375,-0.014679527841508389,0.04029224440455437,2912,0.9859203296703297,1.2699556419387876,0.5559752747252747,1.7088961638919493,0.0,1.4416216079926212
285,140,2073,1.0,2073,11085,5.613903013174422,0.3230769230769231,3.916013579815626,3.4847597191110253,2.1291432940633968,0.05844796387784516,0.05444937061110977,0.0337959253025936,67.0,64.0,63.0,0.4117647058823529,0.3230769230769231,0.15625,5.613903013174422,0.044203960733656865,0.044203960733656865,4414.66748046875,0.002826825249940157,0.012188712134957314,2269,0.7360070515645659,1.410465984633575,0.617011899515205,1.6942224119137896,0.0,1.2225812846071442
55,25,2065,0.7093782205427688,2911,2688,82.07368636131287,1.0,11.163183845579624,35.006069123744965,47.0676172375679,0.16661468426238246,0.5469698300585151,0.7471050355169508,67.0,64.0,63.0,0.8529411764705882,1.0,0.984375,82.07368636131287,0.6462494989079753,0.6462494989079753,2602.06396484375,-0.0013414878631010652,0.02529548667371273,6807,0.9350668429557808,1.431983349542072,0.09857499632731012,1.2960966599908896,0.3791685030116057,1.7226350853209238
820,494,2039,0.7599701826313828,2683,2862,56.361638175323606,0.0,8.754767566919327,6.0138428080827,50.347795367240906,0.13066817264058697,0.09396629387629218,0.7991713550355699,67.0,64.0,63.0,0.0,0.0,1.0,56.361638175323606,0.44379242657735124,0.44379242657735124,1120.1534423828125,0.009147068485617638,0.05340117961168289,3008,1.0,1.4577403952678714,0.0,0.9806619301585225,0.0,1.1940176950887078
224,115,2033,1.0,2033,7407,211.26969254016876,1.0,7.611003875732422,88.55661237239838,122.71308016777039,0.1135970727721257,1.3836970683187246,1.9478266693296886,67.0,64.0,63.0,0.11764705882352941,1.0,1.0,211.26969254016876,1.6635408861430612,1.6635408861430612,984.2650146484375,-0.002859697677195072,0.0301100742071867,2054,0.9732229795520935,1.415982859512681,0.09152872444011685,1.0985243266753104,0.0,1.1936627933961663
367,194,2021,0.9801163918525703,2062,4671,0.5281817237846553,0.030303030303030304,1.0224414917174727,0.5275448327302001,0.0006368910544551909,0.015260320771902577,0.008116074349695386,1.0109381816749061e-05,67.0,65.0,63.0,0.0,0.030303030303030304,0.0,0.5281817237846553,0.00412641971706762,0.00412641971706762,6094.2099609375,-1.7669199223746546e-05,0.011038773693144321,3218,0.4897451833436917,1.1529767463140757,0.7414543194530765,2.5367823060010095,0.0,1.1466366655507494
728,413,2021,0.9744455159112826,2074,6463,73.31115379929543,1.0,18.500519439578056,34.96432462334633,38.3468291759491,0.27612715581459785,0.5463175722397864,0.6086798281896681,67.0,64.0,63.0,0.8382352941176471,1.0,1.0,73.31115379929543,0.5772531795220113,0.5772531795220113,2035.5101318359375,0.006573546212166548,0.04225071519613266,1720,0.0,0.9322863867369817,1.0,2.2519301587482,0.0,1.0301425465004777
393,209,2019,0.7567466266866567,2668,6847,0.0,0.0,0.0,0.0,0.0,0.0,0.0,0.0,67.0,65.0,63.0,0.0,0.0,0.0,0.0,0.0,0.0,6862.03857421875,0.001126327202655375,0.00758895231410861,222,1.0,1.2668118926085996,0.02252252252252252,1.0384507558667817,0.0,1.0398506381628558
427,241,2015,0.7708492731446059,2614,2330,1.7803636204916984,0.0,0.08504986349726096,1.724762931233272,0.05560068925842643,0.0012694009477203128,0.026949420800519874,0.0008825506231496258,67.0,64.0,63.0,0.0,0.0,0.0,1.7803636204916984,0.014018611184974003,0.014018611184974003,3558.953125,0.0037487871013581753,0.024149006232619286,3371,0.983981014535746,1.4401753754149822,0.0,1.134211619218274,0.15959655888460397,1.512984184546381
261,131,1980,1.0,1980,8656,12.345305882394314,0.18461538461538463,3.765932574868202,6.408026352524757,5.937279529869556,0.056207948878629885,0.10012541175819933,0.09424253222015169,67.0,64.0,63.0,0.0,0.18461538461538463,0.09375,12.345305882394314,0.09720713293223869,0.09720713293223869,2707.9306640625,-0.000670317152980715,0.02706371247768402,2266,0.9960282436010591,1.5625193693437014,0.06796116504854369,0.9910455907918958,0.0,1.2760518815330646
590,329,1976,0.8864961866307761,2229,3487,140.43602019548416,1.0,5.290233518928289,52.77885514497757,87.65716505050659,0.0801550533170953,0.8246696116402745,1.3913835722302634,66.0,64.0,63.0,0.0,1.0,1.0,140.43602019548416,1.1057954346101115,1.1057954346101115,1553.8548583984375,0.009488535113632679,0.04851530119776726,0,0.0,,0.0,,0.0,
176,83,1974,1.0,1974,10199,1.1207855822285637,0.0,0.9976541107753292,0.955746142892167,0.16503943933639675,0.014890359862318346,0.014933533482690109,0.002619673640260266,67.0,64.0,63.0,0.0,0.0,0.0,1.1207855822285637,0.00882508332463436,0.00882508332463436,4440.1201171875,-0.024386662989854813,0.11242848634719849,1284,0.8785046728971962,1.2057082682611344,0.4929906542056075,1.2340224144064456,0.0,1.2158498705373728
348,185,1968,0.9879518072289156,1992,6692,277.2976357936859,0.9848484848484849,14.561345994472504,128.9855353832245,148.31210041046143,0.21733352230555975,1.9843928520496075,2.354160323975578,67.0,65.0,63.0,0.08823529411764706,0.9848484848484849,1.0,277.2976357936859,2.166387779638171,2.166387779638171,983.12060546875,0.014993962831795216,0.05118562653660774,1696,1.0,1.3460944606845255,0.0,1.123728470329648,0.0,1.3127093518909416
455,256,1942,0.9729458917835672,1996,2684,51.53935885429382,1.0,19.095113709568977,25.742256343364716,25.797102510929108,0.2850016971577459,0.4022227553650737,0.40947781763379537,67.0,64.0,63.0,0.9705882352941176,1.0,1.0,51.53935885429382,0.4058217232621561,0.4058217232621561,2803.379638671875,-0.011641102842986584,0.03765297308564186,2732,0.945095168374817,1.6305338355738175,0.25585651537335286,1.1428863647645144,0.0,1.129790714641023
649,370,1927,0.7598580441640379,2536,2029,78.14869567751884,1.0,2.4487480334937572,35.74428132176399,42.40441435575485,0.037102242931723595,0.5585043956525624,0.673085942154839,66.0,64.0,63.0,0.0,1.0,0.9375,78.14869567751884,0.6153440604529042,0.6153440604529042,1048.2183837890625,-0.009252074174582958,0.050805408507585526,3449,0.10495795882864599,1.1036952624124323,0.9855030443606843,2.5806954363654198,0.0,1.1346839616186806
164,74,1903,0.9942528735632183,1914,4731,171.06034767627716,1.0,4.739159222692251,83.30920374393463,87.75114393234253,0.07073371974167539,1.3017063084989786,1.3928753005133734,67.0,64.0,63.0,0.0,1.0,1.0,171.06034767627716,1.3469318714667493,1.3469318714667493,1705.430419921875,-0.012056207284331322,0.04102035239338875,2090,1.0,1.3159398020092656,0.0,0.910179605099374,0.0,1.1701950866627293
401,217,1901,0.9819214876033058,1936,4427,89.66735005378723,1.0,6.249743230640888,35.15244859457016,54.51490145921707,0.09327974971105803,0.5408069014549255,0.8653158961780487,67.0,65.0,63.0,0.10294117647058823,1.0,1.0,89.66735005378723,0.7005261722952127,0.7005261722952127,3050.73828125,0.005428437143564224,0.023899884894490242,207,0.9468599033816425,1.33586511144257,0.47342995169082125,1.264744944503085,0.0,1.2899673676730634
830,497,1891,0.9017644253695756,2097,3227,1.719665466735023,0.0,4.109287780709565,1.0347963260574033,0.6848691406776197,0.06133265344342634,0.016168692594646927,0.010870938740914599,67.0,64.0,63.0,0.029411764705882353,0.0,0.0,1.719665466735023,0.013540672966417505,0.013540672966417505,5796.48486328125,-0.004154752008616924,0.028724195435643196,3052,0.935124508519004,1.320819688632467,0.5999344692005243,2.063580861392592,0.0,1.2873100241102358
166,70,1890,1.0,1890,5717,212.29871225357056,1.0,9.919164970517159,97.78921353816986,114.5094987154007,0.14804723836592773,1.527956461533904,1.817611090720646,67.0,64.0,63.0,0.1323529411764706,1.0,1.0,212.29871225357056,1.6716434035714216,1.6716434035714216,1091.00244140625,0.0012226080289110541,0.035317376255989075,3248,0.9547413793103449,1.5115705616681823,0.250307881773399,1.1698705588435263,0.2955665024630542,1.6100100563455977
328,177,1889,0.9828303850156087,1922,4386,0.925651624929742,0.07692307692307693,0.09084407344926149,0.78068814073049,0.14496348419925198,0.0013558816932725596,0.012198252198913906,0.0023010076857024123,67.0,64.0,63.0,0.0,0.07692307692307693,0.0,0.925651624929742,0.007288595471887732,0.007288595471887732,3334.186767578125,0.006212172098457813,0.01888764649629593,0,0.0,,0.0,,0.0,
182,86,1881,1.0,1881,12446,0.9712494979648909,0.0,0.9259770684002433,0.8804042068113631,0.0908452911535278,0.013820553259705123,0.013756315731427549,0.0014419887484686952,67.0,64.0,63.0,0.0,0.0,0.0,0.9712494979648909,0.007647633842243235,0.007647633842243235,3400.257080078125,-0.03917231410741806,0.18780434131622314,1650,0.0496969696969697,1.0468382542042223,0.96,1.9274335424209412,0.0,1.1865586337826242
363,197,1875,0.7256191950464397,2584,1922,7.0147295175120234,0.0,2.502975767476528,3.661768786609173,3.3529607309028506,0.037357847275769074,0.05633490440937189,0.05322159890321985,67.0,65.0,63.0,0.0,0.0,0.0,7.0147295175120234,0.05480257435556268,0.05480257435556268,1606.2393798828125,-0.00024769650190137327,0.040161680430173874,0,0.0,,0.0,,0.0,
747,432,1872,0.8555758683729433,2188,7649,17.92565333051607,0.4,5.993881285190582,4.6369434664957225,13.288709864020348,0.08946091470433705,0.07245224166399566,0.2109319026034976,67.0,64.0,63.0,0.5147058823529411,0.4,1.0,17.92565333051607,0.14114687661823677,0.14114687661823677,5054.59375,0.0008366096299141645,0.01725461147725582,2741,0.7665085735133164,1.234548158469806,0.3345494345129515,1.3647685482607936,0.4086099963516965,1.7019310283545355
44,10,1868,0.7433346597692002,2513,2290,156.20328569412231,1.0,8.198534213006496,70.60382318496704,85.59946250915527,0.12236618228367906,1.10318473726511,1.3806364920831495,67.0,64.0,62.0,0.17647058823529413,1.0,1.0,156.20328569412231,1.2397086166200184,1.2397086166200184,2205.343017578125,-0.0016617797082290053,0.031927578151226044,2104,1.0,1.400857204902982,0.0,1.0803378756290538,0.0,1.223733256269952
191,99,1854,1.0,1854,5744,95.03165817260742,1.0,8.811019230633974,47.43778729438782,47.593870878219604,0.13150774971095483,0.7412154264748096,0.7554582679082477,67.0,64.0,63.0,0.7941176470588235,1.0,1.0,95.03165817260742,0.7482807730126568,0.7482807730126568,2595.720458984375,9.83072750386782e-05,0.015590143389999866,755,0.0,1.3271151752248875,1.0,1.6722152578105123,0.0,1.3728948876790619
709,411,1853,0.7064430041936713,2623,4732,18.143281278200448,0.23076923076923078,10.966610498726368,8.877385669387877,9.26589560881257,0.16368075371233384,0.13870915108418558,0.14707770807639,67.0,64.0,63.0,0.39705882352941174,0.23076923076923078,0.3125,18.143281278200448,0.14286048250551533,0.14286048250551533,1874.3017578125,0.008133438415825367,0.033223867416381836,4020,0.9741293532338309,1.5020965559842827,0.4437810945273632,1.5487567680216632,0.03507462686567164,1.3249206789212065
262,135,1846,1.0,1846,4496,114.82711666822433,1.0,13.304334379732609,56.32897174358368,58.498144924640656,0.19857215492138222,0.880140183493495,0.928541982930804,67.0,64.0,63.0,0.9264705882352942,1.0,1.0,114.82711666822433,0.9041505249466483,0.9041505249466483,2711.369384765625,-0.0017851600423455238,0.02391260676085949,1906,0.9763903462749213,1.3189855668088306,0.3614900314795383,1.197273374170727,0.0,1.1859670125640522
372,198,1838,0.9582898852971846,1918,2905,242.87556862831116,1.0,0.09490554570220411,109.43084061145782,133.44472801685333,0.0014165006821224495,1.683551394022428,2.118170285981799,67.0,65.0,63.0,0.0,1.0,1.0,242.87556862831116,1.897465379908681,1.897465379908681,2028.4193115234375,-0.005888105370104313,0.021422583609819412,2054,0.9751703992210321,1.4749443512822265,0.560856864654333,1.4202387633207434,0.0,1.3301381888486672
111,37,1837,1.0,1837,5103,143.9421278834343,1.0,1.5206487794639543,60.2674326300621,83.67469525337219,0.02269625043976051,0.9416786348447204,1.3281697659265428,67.0,64.0,63.0,0.0,1.0,1.0,143.9421278834343,1.1334025817593252,1.1334025817593252,1254.8525390625,-0.003362367395311594,0.032742150127887726,2601,0.5028835063437139,1.2350073746733623,0.8569780853517878,2.4329805427186315,0.0,1.216585728309584
586,326,1825,0.9515119916579771,1918,4352,153.9355353116989,1.0,5.140754982829094,56.98080801963806,96.95472729206085,0.07789022701256203,0.8903251253068447,1.5389639252708072,66.0,64.0,63.0,0.11940298507462686,1.0,1.0,153.9355353116989,1.2120908292259758,1.2120908292259758,938.3995971679688,0.0017961309058591723,0.025787558406591415,1846,0.5823401950162513,1.1357346154619636,0.7697724810400867,2.0161219033049065,0.0,1.1073636477364992
673,385,1820,0.9983543609434997,1823,7672,97.21947690844536,1.0,9.506715759634972,35.55211338400841,61.66736352443695,0.14404114787325714,0.5555017716251314,0.9788470400704278,66.0,64.0,63.0,0.43283582089552236,1.0,1.0,97.21947690844536,0.7655076921924832,0.7655076921924832,975.1798706054688,-0.0019273669458925724,0.030042069032788277,325,0.0,1.052523209069792,1.0,1.4093750332011876,0.0,1.3138779121954303
171,81,1812,1.0,1812,13522,1.2138722076779231,0.0,0.6838352956110612,0.9144681313773617,0.29940407630056143,0.010206496949418824,0.014288564552771277,0.004752445655564467,67.0,64.0,63.0,0.0,0.0,0.0,1.2138722076779231,0.009558048879353725,0.009558048879353725,5659.70263671875,-0.0176770631223917,0.0745391771197319,1475,1.0,1.3960124441549293,0.0,0.8920336379781774,0.0,1.223157886552127
592,327,1808,1.0,1808,7342,2.3325874321890296,0.03076923076923077,3.908314574509859,1.7424754830863094,0.5901119491027202,0.059216887492573624,0.027226179423223584,0.009366856334963813,66.0,64.0,63.0,0.07462686567164178,0.03076923076923077,0.0,2.3325874321890296,0.01836683017471677,0.01836683017471677,3154.37451171875,0.004572015721350908,0.018825571984052658,1652,0.36743341404358354,1.3156280122345319,0.6325665859564165,1.3438755109245495,0.0,1.0887610519235194
493,279,1805,0.87409200968523,2065,3368,53.72281673550606,1.0,15.779833920300007,24.941342651844025,28.781474083662033,0.23551990925820906,0.3897084789350629,0.4568487949787624,67.0,64.0,63.0,0.4852941176470588,1.0,1.0,53.72281673550606,0.4230143050039847,0.4230143050039847,3060.970703125,-0.0026909078005701303,0.045073915272951126,2601,0.36255286428296807,1.2112106999778245,0.6412918108419838,2.084569721722392,0.0,1.2649920904983263
523,296,1804,0.884313725490196,2040,4741,147.36251437664032,1.0,5.023928262293339,68.41684484481812,78.9456695318222,0.07498400391482596,1.069013200700283,1.2531058655844793,67.0,64.0,63.0,0.04411764705882353,1.0,1.0,147.36251437664032,1.1603347588711836,1.1603347588711836,1814.8553466796875,-0.0006694942712783813,0.02601257525384426,2677,0.7011580127007845,1.2019126367296098,0.5513634665670527,1.4506383599756636,0.0,1.1930337912696733
327,171,1797,1.0,1797,4234,3.5374166013207287,0.2153846153846154,3.9153557643294334,2.512306628166698,1.0251099731540307,0.0584381457362602,0.039254791065104655,0.016271586875460806,67.0,64.0,63.0,0.36764705882352944,0.2153846153846154,0.046875,3.5374166013207287,0.02785367402614747,0.02785367402614747,7008.27001953125,0.002194141037762165,0.013023560866713524,2109,0.06685633001422475,0.9545315686290196,0.9701280227596017,2.3666365330920756,0.0,1.1043600139269927
565,320,1796,0.932987012987013,1925,4545,41.16515779495239,1.0,8.519786730408669,12.549884587526321,28.61527320742607,0.12716099597624878,0.19609194668009877,0.45421068583215984,67.0,64.0,63.0,0.5294117647058824,1.0,1.0,41.16515779495239,0.3241351007476566,0.3241351007476566,3771.738525390625,0.001938042463734746,0.02450607530772686,3382,1.0,1.4784440481392054,0.0,1.033557509997134,0.0,1.318144046516882
142,71,1790,0.9160696008188332,1954,2212,156.00430649518967,1.0,4.604773878119886,84.971116065979,71.03319042921066,0.06872796833014755,1.327673688530922,1.12751095919382,67.0,64.0,63.0,0.1323529411764706,1.0,1.0,156.00430649518967,1.2283803661038557,1.2283803661038557,2586.32861328125,-0.0014598816633224487,0.026894455775618553,3226,0.1162430254184749,0.9949136941496362,0.9969001859888407,2.0866195434120467,0.0,1.173811937988451
734,436,1787,0.9775711159737418,1828,8356,55.82999512553215,1.0,17.182546019554138,25.03152969479561,30.79846543073654,0.256455910739614,0.3911176514811814,0.4888645306466118,67.0,64.0,63.0,0.9411764705882353,1.0,1.0,55.82999512553215,0.4396062608309618,0.4396062608309618,3450.799560546875,-0.0003914582193829119,0.03155543655157089,1724,1.0,1.4742968763279447,0.0,1.3115483191675614,0.0,1.2991824071866669
117,48,1786,0.9933259176863182,1798,4910,203.98019516468048,1.0,15.696151196956635,102.0319664478302,101.94822871685028,0.23427091338741246,1.5942494757473469,1.6182258526484172,67.0,64.0,63.0,0.8088235294117647,1.0,1.0,203.98019516468048,1.6061432690132322,1.6061432690132322,1543.64794921875,0.004521341063082218,0.034512925893068314,0,0.0,,0.0,,0.0,
818,492,1782,0.9478723404255319,1880,4731,33.370954799465835,0.0,7.90694235265255,5.870611357502639,27.500343441963196,0.11801406496496343,0.09172830246097874,0.43651338796766975,67.0,64.0,63.0,0.029411764705882353,0.0,1.0,33.370954799465835,0.2627634236178412,0.2627634236178412,3804.53125,-0.0002726426173467189,0.0398680716753006,3556,0.9915635545556806,1.4672514153522558,0.33098987626546683,1.3133261520116457,0.4296962879640045,1.7380141696521036
439,248,1779,0.9877845641310383,1801,4334,60.73321196436882,1.0,12.83366196602583,29.76484504342079,30.96836692094803,0.19154719352277358,0.46507570380344987,0.49156137969758773,67.0,64.0,63.0,0.6617647058823529,1.0,1.0,60.73321196436882,0.47821426743597495,0.47821426743597495,3598.4638671875,-0.006859984714537859,0.030459778383374214,559,1.0,1.3621826383871685,0.0,1.0301502634134587,0.0,1.292051970183619
147,69,1776,0.8633932912007778,2057,2335,8.677454823511653,0.015384615384615385,0.11482343846000731,1.05802945967298,7.619425363838673,0.0017137826635821986,0.016531710307390313,0.12094325974347099,67.0,64.0,63.0,0.0,0.015384615384615385,0.96875,8.677454823511653,0.06832641593316262,0.06832641593316262,12587.18359375,0.0021767436992377043,0.012430685572326183,3875,0.9984516129032258,1.6774399073411732,0.14967741935483872,0.9895232970523549,0.0,1.545004970594405
172,84,1768,0.9624387588459444,1837,3122,231.09313201904297,1.0,6.009555667405948,105.75596451759338,125.33716750144958,0.08969486070755146,1.6524369455873966,1.9894788492293585,67.0,64.0,63.0,0.0,1.0,1.0,231.09313201904297,1.819630960779866,1.819630960779866,1940.427734375,-0.021897131577134132,0.10336356610059738,2481,0.9939540507859734,1.4231512522391208,0.06328093510681176,0.9988542184235897,0.094316807738815,1.3654992484822135
677,389,1764,0.753202391118702,2342,3624,137.87148708105087,1.0,19.833203360438347,55.99767738580704,81.87380969524384,0.30050308121876285,0.874963709153235,1.2995842808768863,66.0,64.0,63.0,0.6417910447761194,1.0,1.0,137.87148708105087,1.0856022604807156,1.0856022604807156,1047.1072998046875,-0.02076410874724388,0.060631874948740005,3478,0.8128234617596319,1.2461765031603529,0.7771707878090857,2.606724493580958,0.0,1.3184296934182493
402,212,1762,1.0,1762,6653,0.6720724144543055,0.045454545454545456,0.6541008928616066,0.5315748558205087,0.14049755863379687,0.009762699893456813,0.008178074704930902,0.002230119978314236,67.0,65.0,63.0,0.0,0.045454545454545456,0.0,0.6720724144543055,0.005250565737924262,0.005250565737924262,7977.927734375,0.002177925780415535,0.009560147300362587,0,0.0,,0.0,,0.0,
444,247,1762,1.0,1762,4579,96.97051149606705,1.0,6.865273425355554,48.07796627283096,48.892545223236084,0.1024667675426202,0.7512182230129838,0.7760721464005728,67.0,64.0,63.0,0.35294117647058826,1.0,1.0,96.97051149606705,0.7635473346147011,0.7635473346147011,1480.9886474609375,0.0014931746991351247,0.023476319387555122,929,0.9407965554359526,1.4810755370072182,0.12486544671689989,1.068070443836683,0.0,1.283453938066663
641,364,1753,1.0,1753,4267,195.06044751405716,1.0,6.771650108508766,75.58069556951523,119.47975194454193,0.10260075921982978,1.1809483682736754,1.8965039991197132,66.0,64.0,63.0,0.0,1.0,1.0,195.06044751405716,1.5359090355437572,1.5359090355437572,1098.6414794921875,-0.000932518218178302,0.04811630770564079,1393,0.0,1.0163375220904098,1.0,1.9114212540285553,0.0,1.1306420739114125
775,460,1748,0.8152985074626866,2144,3001,110.35695394873619,1.0,16.891569510102272,31.780881017446518,78.57607293128967,0.25211297776272046,0.49657626589760184,1.247239252877614,67.0,64.0,63.0,0.6911764705882353,1.0,1.0,110.35695394873619,0.8689523932971354,0.8689523932971354,3107.677001953125,0.007955754175782204,0.03996510058641434,3077,0.9701007474813129,1.3834305654053753,0.7052323691907703,2.4842350592764157,0.005199870003249919,1.370852770594976
666,377,1747,0.9228737453777074,1893,5355,58.87334689497948,1.0,16.43063624203205,28.969356685876846,29.90399020910263,0.2489490339701826,0.4526461982168257,0.47466651125559733,66.0,64.0,63.0,0.9552238805970149,1.0,1.0,58.87334689497948,0.46356966059038957,0.46356966059038957,3819.882080078125,0.0033732440788298845,0.030413299798965454,1739,0.11213341000575043,1.0166370095907842,0.8878665899942496,2.211925317355354,0.0,1.175546634654748
144,66,1740,1.0,1740,5303,0.49316459463443607,0.015384615384615385,0.023484621895477176,0.4437052145367488,0.049459380097687244,0.0003505167447086146,0.0069328939771367,0.000785069525360115,67.0,64.0,63.0,0.0,0.015384615384615385,0.0,0.49316459463443607,0.0038831857845231187,0.0038831857845231187,5704.34375,-0.0004120953381061554,0.012878495268523693,2109,0.8212422949265055,1.3905715077343217,0.2019914651493599,1.542747250173585,0.0,1.3779190531277685
223,118,1731,0.9908414424728106,1747,3765,111.47078847885132,1.0,4.011247734539211,43.591295659542084,67.87949281930923,0.05986936917222703,0.6811139946803451,1.0774522669731625,67.0,64.0,63.0,0.04411764705882353,1.0,1.0,111.47078847885132,0.8777227439279631,0.8777227439279631,1665.311767578125,-0.008455661125481129,0.033416908234357834,2277,0.5963987703118138,1.2453081445485403,0.873078612209047,3.183269611460889,0.0,1.2787569023478045
668,384,1728,0.8683417085427135,1990,9343,1.1821821664925665,0.0,1.1514904545620084,0.0009082129690796137,1.1812739535234869,0.01744682506912134,1.4190827641868964e-05,0.01875038021465852,66.0,64.0,63.0,0.029850746268656716,0.0,0.109375,1.1821821664925665,0.00930852099600446,0.00930852099600446,5396.7158203125,-0.0004960353253409266,0.01758880913257599,2093,0.6020066889632107,1.2515278861068646,0.3425704730052556,1.1733836583838146,0.5011944577161969,1.8547745722083233
344,187,1724,0.8272552783109405,2084,2484,68.44140073657036,0.9848484848484849,15.223832800984383,35.47053524851799,32.97086548805237,0.22722138508931913,0.5457005422848922,0.5233470712389264,67.0,65.0,63.0,0.7352941176470589,0.9848484848484849,1.0,68.44140073657036,0.5346984432544559,0.5346984432544559,5609.95849609375,0.00786309503018856,0.030032940208911896,1652,0.0,1.6009512448261474,1.0,1.7798343462397779,0.0,1.425411354369439
813,479,1721,0.9105820105820106,1890,4546,11.228866286110133,0.03076923076923077,5.81331917271018,4.9440458486787975,6.2848204374313354,0.08676595780164448,0.07725071638560621,0.09975905456240215,67.0,64.0,63.0,0.0,0.03076923076923077,0.15625,11.228866286110133,0.08841626996937113,0.08841626996937113,4067.934326171875,-0.0007355578127317131,0.028255082666873932,2880,0.9836805555555556,1.275039149381593,0.21388888888888888,1.7247034888196628,0.0,1.2825445364498358
305,156,1712,1.0,1712,3743,122.31724059581757,1.0,15.904303826391697,61.9993537068367,60.317886888980865,0.23737766905062235,0.9687399016693234,0.9574267760155692,67.0,64.0,63.0,0.8382352941176471,1.0,1.0,122.31724059581757,0.9631278787072249,0.9631278787072249,1750.177978515625,0.003617138834670186,0.026053452864289284,0,0.0,,0.0,,0.0,
757,447,1699,1.0,1699,6037,15.7396310120821,0.09230769230769231,8.722440756857395,6.89601694047451,8.84361407160759,0.13018568293817007,0.10775026469491422,0.14037482653345382,67.0,64.0,63.0,0.11764705882352941,0.09230769230769231,0.125,15.7396310120821,0.12393410245733937,0.12393410245733937,3432.591552734375,0.00044088417780585587,0.03510868176817894,1935,0.6062015503875969,1.2763080650177674,0.6299741602067184,1.55829097053274,0.0,1.2205045367150449
714,415,1686,1.0,1686,4771,117.66589057445526,1.0,9.323994673788548,52.67697012424469,64.98892045021057,0.1391640996087843,0.8230776581913233,1.0315701658763583,67.0,64.0,63.0,0.17647058823529413,1.0,1.0,117.66589057445526,0.9265030753894115,0.9265030753894115,1425.8048095703125,0.0037987742107361555,0.03434937074780464,2573,0.9766809172172561,1.3560471805865504,0.36999611348620287,1.2768721759016353,0.0,1.1866894933447925
250,128,1677,0.9084507042253521,1846,4721,169.34846472740173,1.0,4.794826594181359,74.874764919281,94.47369980812073,0.0715645760325576,1.1699182018637657,1.499582536636837,67.0,64.0,63.0,0.029411764705882353,1.0,1.0,169.34846472740173,1.3334524781685175,1.3334524781685175,1468.379150390625,0.0013352724490687251,0.02834605984389782,481,0.0,1.1712955692296618,0.6611226611226612,1.566914543266388,0.3388773388773389,1.6045431395664935
816,490,1673,0.7236159169550173,2312,2310,7.834710983239347,0.0,3.4984633908607066,0.46167709343717434,7.373033889802173,0.05221587150538368,0.007213704584955849,0.11703228396511385,67.0,64.0,63.0,0.0,0.0,0.1875,7.834710983239347,0.06169063766330195,0.06169063766330195,2292.72509765625,-0.009410008788108826,0.04638013616204262,3747,0.862823592207099,1.7049973490659898,0.0,0.8929383429322176,0.5689885241526554,1.9210024942896267
294,155,1663,0.7642463235294118,2176,1745,96.63921010494232,1.0,18.50319592654705,49.08419692516327,47.55501317977905,0.27616710338129924,0.7669405769556761,0.7548414790441119,67.0,64.0,63.0,0.9852941176470589,1.0,1.0,96.63921010494232,0.7609386622436404,0.7609386622436404,3919.57421875,0.0020138374529778957,0.03201620280742645,770,0.0,1.528078226693856,1.0,1.483314331647823,0.0,1.3469139935135575
752,443,1656,0.7811320754716982,2120,4001,189.17001181840897,1.0,12.461419880390167,75.07381027936935,114.09620153903961,0.18599134149836072,1.1730282856151462,1.8110508180799938,67.0,64.0,63.0,0.39705882352941174,1.0,1.0,189.17001181840897,1.4895276521134564,1.4895276521134564,1194.1866455078125,0.0036059406120330095,0.03847818076610565,2419,0.7788342290202563,1.2432130745028556,0.39644481190574615,1.2747146653157875,0.0,1.1268984225301537
257,137,1655,1.0,1655,5309,76.68162351846695,1.0,6.883545760065317,36.88151669502258,39.80010682344437,0.10273948895619876,0.5762736983597279,0.6317477273562598,67.0,64.0,63.0,0.27941176470588236,1.0,1.0,76.68162351846695,0.6037923111690311,0.6037923111690311,2399.148681640625,-0.002111237496137619,0.02389630302786827,1854,0.8942826321467098,1.4570899927000804,0.5765911542610572,1.5211269199558177,0.0,1.1845453680010727
778,456,1652,0.9969824984912492,1657,11074,14.340453983284533,0.0,5.345467008650303,3.2039908478036523,11.13646313548088,0.0797830896813478,0.05006235699693207,0.17676925611874414,67.0,64.0,63.0,0.029411764705882353,0.0,0.65625,14.340453983284533,0.11291696049830341,0.11291696049830341,4637.3388671875,-9.32122566155158e-05,0.02919335477054119,3175,0.9467716535433071,2.840627025326376,0.9971653543307086,5.728873753228267,0.0,1.4660877918818698
308,160,1648,1.0,1648,5571,211.5438176393509,1.0,4.1964869145303965,96.48860335350037,115.05521428585052,0.06263413305269248,1.5076344273984432,1.826273242632548,67.0,64.0,63.0,0.0,1.0,1.0,211.5438176393509,1.665699351490952,1.665699351490952,1405.0859375,0.006066836882382631,0.024914752691984177,35,0.0,1.3816594348476887,1.0,1.8881602713284966,0.0,1.1834489893812121
392,200,1643,0.8711558854718982,1886,6835,1.5166972029255703,0.030303030303030304,2.240189999844006,1.19385576993227,0.32284143299330026,0.033435671639462775,0.018367011845111848,0.0051244671903698455,67.0,65.0,63.0,0.0,0.030303030303030304,0.0,1.5166972029255703,0.011849196897856018,0.011849196897856018,4120.978515625,-0.006803211290389299,0.02074681967496872,0,0.0,,0.0,,0.0,
582,324,1642,1.0,1642,5738,183.42550265789032,1.0,7.361041955649853,75.59069061279297,107.83481204509735,0.11153093872196747,1.1811045408248901,1.7116636832555134,66.0,64.0,63.0,0.1791044776119403,1.0,1.0,183.42550265789032,1.4442952965188214,1.4442952965188214,1105.791015625,0.001131713856011629,0.02693803235888481,1552,0.15914948453608246,0.8778138066678244,0.8408505154639175,1.783403769897928,0.0,0.8922533238086146
518,295,1638,0.8517940717628705,1923,2314,132.9669435620308,1.0,0.01799420965835452,58.71250993013382,74.25443363189697,0.00026857029340827645,0.9173829676583409,1.1786418036809043,67.0,64.0,63.0,0.0,1.0,1.0,132.9669435620308,1.0469838075750455,1.0469838075750455,4255.994140625,-0.002037407597526908,0.01965014636516571,2379,0.5296343001261034,1.1374449190438918,0.9167717528373266,2.2049224471491686,0.0,1.3187934915927664
656,372,1637,0.769628584861307,2127,1979,121.70712000131607,1.0,9.54254062846303,44.25531858205795,77.45180141925812,0.14458394891610651,0.6914893528446555,1.2293936733215574,66.0,64.0,63.0,0.04477611940298507,1.0,1.0,121.70712000131607,0.9583237795379218,0.9583237795379218,1964.4310302734375,-0.007194883655756712,0.0471612922847271,0,0.0,,0.0,,0.0,
215,102,1624,0.8684491978609625,1870,6282,0.5494793537945952,0.06153846153846154,0.4772952344501391,0.5308290979301091,0.0186502558644861,0.007123809469405061,0.008294204655157955,0.0002960358073727952,67.0,64.0,63.0,0.0,0.06153846153846154,0.0,0.5494793537945952,0.004326609084996813,0.004326609084996813,5529.57177734375,-0.004305866081267595,0.010773791931569576,1817,0.8503026967528894,1.2938799992796497,0.6989543203082004,1.6242903755656495,0.0,1.232776958070672
268,143,1619,0.8247580234335201,1963,3185,127.0176591873169,1.0,8.082200594246387,60.981757044792175,66.03590214252472,0.12062985961561773,0.9528399538248777,1.0481889228972177,67.0,64.0,63.0,0.7058823529411765,1.0,1.0,127.0176591873169,1.0001390487190307,1.0001390487190307,3472.4951171875,0.00011884444393217564,0.020754829049110413,2443,0.0,1.505404770835227,0.5538272615636513,2.044651001824869,0.7621776504297995,2.040709132577706
353,189,1619,0.829405737704918,1952,1825,153.81168657541275,1.0,1.7214068837929517,75.10327762365341,78.70840895175934,0.02569264005661122,1.1554350403638987,1.2493398246311007,67.0,65.0,63.0,0.0,1.0,1.0,153.81168657541275,1.2016538013704121,1.2016538013704121,2539.920654296875,0.0007527262787334621,0.031073633581399918,2968,0.3547843665768194,1.098417042448305,0.9727088948787062,3.0758080371341436,0.0,1.1921266455078563
194,95,1616,0.9871716554673182,1637,8031,181.81947231292725,0.8923076923076924,8.385009158402681,84.04695892333984,97.7725133895874,0.12514939042392062,1.313233733177185,1.5519446569775779,67.0,64.0,63.0,0.0,0.8923076923076924,1.0,181.81947231292725,1.4316493882907657,1.4316493882907657,1254.0517578125,-0.053495921194553375,0.2215181440114975,0,0.0,,0.0,,0.0,
601,332,1609,0.7735576923076923,2080,3676,225.75292587280273,1.0,12.17159116268158,89.8661584854126,135.88676738739014,0.18441804791941788,1.4041587263345718,2.1569328156728593,66.0,64.0,63.0,0.43283582089552236,1.0,1.0,225.75292587280273,1.7775820934866358,1.7775820934866358,782.1860961914062,-0.0032364188227802515,0.04019145295023918,1681,0.6222486615110053,1.301301082509394,0.6133254015466983,1.531459847419508,0.0,1.138867209322553
430,239,1607,0.9981366459627329,1610,4533,164.98556113243103,1.0,15.768821142613888,78.68683099746704,86.29873013496399,0.23535553944199833,1.2294817343354225,1.3698211132533966,67.0,64.0,63.0,0.7941176470588235,1.0,1.0,164.98556113243103,1.299098906554575,1.299098906554575,2621.5244140625,0.0018145398935303092,0.024929504841566086,2009,0.6565455450472872,1.1650212044426491,0.7098058735689398,1.8747942504616115,0.0,1.1613681608954045
180,93,1593,1.0,1593,4086,55.50351428985596,0.0,6.960685534402728,22.477278530597687,33.02623575925827,0.10389082887168251,0.35120747704058886,0.524225964432671,67.0,64.0,63.0,0.0,0.0,0.0,55.50351428985596,0.437035545589417,0.437035545589417,3518.046630859375,-0.04779525101184845,0.21234950423240662,1452,0.6887052341597796,1.1678209373473813,0.9022038567493113,2.229460100641984,0.0,1.3317737656538968
124,50,1588,0.9851116625310173,1612,3485,157.52618443965912,1.0,23.509488746523857,73.58328437805176,83.94290006160736,0.35088789173916207,1.1497388184070587,1.3324269851048787,67.0,64.0,63.0,0.9558823529411765,1.0,1.0,157.52618443965912,1.24036365700519,1.24036365700519,2550.167236328125,0.00652345921844244,0.0342165008187294,0,0.0,,0.0,,0.0,
464,254,1585,0.8713578889499725,1819,7801,17.19336709752679,0.6,6.370516009628773,9.096110079437494,8.097257018089294,0.09508232850192198,0.14212671999121085,0.12852788917602054,67.0,64.0,63.0,0.22058823529411764,0.6,0.609375,17.19336709752679,0.13538084328761252,0.13538084328761252,4263.4423828125,0.005282403901219368,0.020982874557375908,2373,0.8820058997050148,1.2580101459935962,0.5002107037505268,1.33238810855855,0.08048883270122208,1.4438206104275422
116,47,1580,1.0,1580,4256,79.56349283456802,1.0,4.39352317340672,40.31431668996811,39.249176144599915,0.06557497273741374,0.6299111982807517,0.6230027959460304,67.0,64.0,63.0,0.14705882352941177,1.0,1.0,79.56349283456802,0.6264841955477797,0.6264841955477797,2107.209228515625,-0.00026131002232432365,0.020878659561276436,2535,0.5211045364891519,1.3069316980216157,0.9159763313609467,3.2308290558419004,0.0,1.1673526337497788
309,164,1577,0.9211448598130841,1712,2164,145.95450565218925,1.0,4.857176653575152,81.08418270945549,64.87032294273376,0.07249517393395749,1.266940354835242,1.0296876657576788,67.0,64.0,63.0,0.014705882352941176,1.0,1.0,145.95450565218925,1.1492480760014903,1.1492480760014903,1595.831298828125,-0.002059138147160411,0.02783230133354664,2210,0.20904977375565612,1.3099286908894565,0.7990950226244344,2.3504049178782886,0.0,1.2336982420656835
608,343,1569,0.9032815198618307,1737,2480,78.36198544502258,1.0,10.063664972782135,17.17245662212372,61.189528822898865,0.15247977231488083,0.2683196347206831,0.9712623622682359,66.0,64.0,63.0,0.4925373134328358,1.0,1.0,78.36198544502258,0.6170235074411227,0.6170235074411227,4733.248046875,0.0035014685709029436,0.028904903680086136,1714,1.0,1.3854545989242064,0.0,0.8342732191488911,0.0,1.255274665457081
388,210,1567,0.7658846529814272,2046,2734,36.795832097530365,0.9545454545454546,18.541956186294556,20.21275606751442,16.583076030015945,0.27674561472081427,0.31096547796176033,0.26322342904787216,67.0,65.0,63.0,0.7058823529411765,0.9545454545454546,0.875,36.795832097530365,0.287467438261956,0.287467438261956,4609.87451171875,0.01663525216281414,0.040400341153144836,0,0.0,,0.0,,0.0,
563,310,1564,1.0,1564,5131,91.75489231944084,1.0,9.452090680599213,33.49071624875069,58.264176070690155,0.14107598030745094,0.5232924413867295,0.9248281915982565,67.0,64.0,63.0,0.5147058823529411,1.0,1.0,91.75489231944084,0.7224794670822113,0.7224794670822113,1410.30712890625,0.0010346517665311694,0.027552995830774307,1729,0.5858877964141121,1.138435272534099,0.7408906882591093,1.8286637660026916,0.0,1.1597481689995683
689,403,1564,0.8310308182784272,1882,2466,30.497047670185566,0.5692307692307692,12.102899700403214,14.455095283687115,16.04195238649845,0.18064029403586887,0.22586086380761117,0.2546341648650548,67.0,64.0,63.0,0.25,0.5692307692307692,0.84375,30.497047670185566,0.2401342336235084,0.2401342336235084,2877.95947265625,0.0017983707366511226,0.041660014539957047,383,1.0,1.3545556354826032,0.0,0.8341125297626125,0.0,1.0816062013305356
616,346,1560,0.9552969993876301,1633,3555,208.9916109442711,1.0,9.873190466314554,79.95144432783127,129.04016661643982,0.14959379494415992,1.2492413176223636,2.0482566129593622,66.0,64.0,63.0,0.1791044776119403,1.0,1.0,208.9916109442711,1.6456032357816621,1.6456032357816621,1277.56005859375,0.009900407865643501,0.038765255361795425,1446,0.7136929460580913,1.1352901842266072,0.7717842323651453,1.718654785916534,0.0,1.1565115480258348
721,427,1560,0.8302288451303885,1879,3220,41.66389614343643,1.0,11.099059872329235,18.48275887966156,23.181137263774872,0.1656576100347647,0.2887931074947119,0.3679545597424583,67.0,64.0,63.0,0.7647058823529411,1.0,1.0,41.66389614343643,0.3280621743577672,0.3280621743577672,5205.7392578125,-0.00016710671479813755,0.02701052464544773,2658,0.9134687735139202,1.297161258718643,0.0,0.947480804314041,0.6079759217456734,2.3805124329679637
183,94,1556,0.9593094944512947,1622,3839,142.21574968099594,0.26153846153846155,11.786040326580405,66.96059089899063,75.25515878200531,0.17591104965045382,1.0462592327967286,1.1945263298731001,67.0,64.0,63.0,0.0,0.26153846153846155,0.578125,142.21574968099594,1.1198090526062672,1.1198090526062672,1746.203857421875,-0.04482743889093399,0.22251638770103455,1560,1.0,1.3719814965978425,0.0,1.0400252063150497,0.0,1.2456390821617205
419,228,1556,0.9718925671455341,1601,6087,2.5119870134512894,0.07575757575757576,2.382812777068466,1.46689902653452,1.0450879869167693,0.03556436980699203,0.022567677331300308,0.016588698205028084,67.0,65.0,63.0,0.07352941176470588,0.07575757575757576,0.0,2.5119870134512894,0.0196248985425882,0.0196248985425882,3971.8212890625,0.002976548159494996,0.01497782114893198,397,0.17632241813602015,0.9635496288859607,0.9949622166246851,1.4579157865409604,0.0,1.1742404608286592
362,196,1533,0.8516666666666667,1800,2013,221.09014403820038,1.0,2.6012647515162826,101.91367387771606,119.17647016048431,0.038824847037556454,1.5679026750417857,1.89169000254737,67.0,65.0,63.0,0.0,1.0,1.0,221.09014403820038,1.7272667502984405,1.7272667502984405,1865.7764892578125,0.01067344844341278,0.028892656788229942,2015,0.0,1.1727477411120328,1.0,2.5321597694828935,0.0,1.2614027413301838
156,76,1528,1.0,1528,3764,142.50137120485306,1.0,24.374296486377716,68.99669367074966,73.5046775341034,0.36379546994593603,1.0780733386054635,1.1667409132397364,67.0,64.0,63.0,0.9411764705882353,1.0,1.0,142.50137120485306,1.122058040983095,1.122058040983095,3511.446044921875,-0.0013728262856602669,0.02184130623936653,2370,0.9666666666666667,1.390662967857921,0.5177215189873418,1.6852901431907459,0.0,1.4125624129738334
420,230,1527,1.0,1527,5038,78.33492210507393,0.9848484848484849,13.140474379062653,39.533210664987564,38.801711440086365,0.19612648326959184,0.6082032409998087,0.6159001815886724,67.0,65.0,63.0,1.0,0.9848484848484849,1.0,78.33492210507393,0.6119915789458901,0.6119915789458901,3467.60888671875,0.0016094859456643462,0.015918252989649773,1287,0.0,1.433924835182921,0.85003885003885,1.7162966379302453,0.37684537684537683,1.7321682499832105
487,278,1527,1.0,1527,2954,0.22592848661588505,0.0,0.3625816463609226,0.07523420645156875,0.1506942801643163,0.00541166636359586,0.0011755344758057618,0.0023919727010208937,67.0,64.0,63.0,0.0,0.0,0.0,0.22592848661588505,0.001778964461542402,0.001778964461542402,6282.16943359375,0.002203604206442833,0.009122483432292938,0,0.0,,0.0,,0.0,
522,297,1520,0.8821822402785838,1723,2208,41.181544817984104,0.7846153846153846,5.126032944768667,13.770241178572178,27.411303639411926,0.07650795439953234,0.21516001841519028,0.4351000577684433,67.0,64.0,63.0,0.014705882352941176,0.7846153846153846,1.0,41.181544817984104,0.3242641324250717,0.3242641324250717,3406.677001953125,0.0008539527771063149,0.026472650468349457,1729,0.8739155581260845,1.2351384508831496,0.7848467322151532,1.9129938103057595,0.0,1.288347945825823
727,431,1518,0.7578632051922117,2003,2579,42.61816084384918,0.8,8.168240122497082,16.300808012485504,26.317352831363678,0.12191403167906092,0.254700125195086,0.4177357592279949,67.0,64.0,63.0,0.10294117647058823,0.8,1.0,42.61816084384918,0.33557606963660774,0.33557606963660774,1621.3458251953125,-0.01174961868673563,0.03935495764017105,3690,1.0,1.6486133830472272,0.1897018970189702,1.0774623087290376,0.0,1.394259311383489
244,126,1515,0.9643539147040102,1571,4022,155.72476702928543,1.0,7.267862115055323,74.79009729623795,80.93466973304749,0.10847555395604959,1.168595270253718,1.28467729734996,67.0,64.0,63.0,0.23529411764705882,1.0,1.0,155.72476702928543,1.2261792679471293,1.2261792679471293,1575.4237060546875,0.0014485367573797703,0.030677728354930878,1477,0.0,1.8469788182541853,0.0,1.128283306082932,1.0,2.1511708316554223
412,208,1513,0.795478443743428,1902,14224,11.520826267078519,0.8939393939393939,1.3225067083258182,5.846018573269248,5.674807693809271,0.0197389060944152,0.08993874728106535,0.09007631260014716,67.0,65.0,63.0,0.08823529411764706,0.8939393939393939,0.84375,11.520826267078519,0.09000645521155093,0.09000645521155093,4821.14794921875,0.0013725655153393745,0.007470838725566864,2483,0.8582360048328634,1.5690851546985911,0.44422070076520337,1.3030185047972618,0.11397503020539669,1.455058021592221
255,136,1507,1.0,1507,3834,248.06776809692383,1.0,9.64497821778059,115.48349976539612,132.5842683315277,0.14395489877284462,1.8044296838343143,2.104512195738535,67.0,64.0,63.0,0.10294117647058823,1.0,1.0,248.06776809692383,1.9532895125742034,1.9532895125742034,1424.511962890625,0.00017828111595008522,0.03554011881351471,1157,0.0,1.2130477591453421,1.0,1.8661986407152102,0.0,1.3189265882835814
732,426,1505,1.0,1505,3999,27.16891347244382,0.6,5.809769865125418,10.24370727315545,16.92520619928837,0.08671298306157339,0.16005792614305392,0.26865406665537095,67.0,64.0,63.0,0.08823529411764706,0.6,1.0,27.16891347244382,0.2139284525389277,0.2139284525389277,3522.712158203125,-0.0019552360754460096,0.026324106380343437,1703,1.0,1.2875993292561438,0.0,1.0583782163813373,0.0,1.385440370928608
101,32,1497,0.8462408140192199,1769,3468,45.95388650894165,1.0,8.707045245915651,21.427066266536713,24.526820242404938,0.12995589919277092,0.33479791041463614,0.3893146070223006,67.0,64.0,63.0,0.5441176470588235,1.0,1.0,45.95388650894165,0.36184162605465864,0.36184162605465864,2285.798828125,-0.004600859247148037,0.02246127650141716,1966,0.9969481180061037,1.3165072419790431,0.36012207527975587,1.1913034549504986,0.0,1.312172249422757
624,356,1496,0.8602645198389879,1739,2172,85.24659828748554,0.0,8.524315893650055,4.766965790651739,80.4796324968338,0.12915630141894022,0.07448384047893342,1.277454484076727,66.0,64.0,63.0,0.029850746268656716,0.0,1.0,85.24659828748554,0.6712330573817759,0.6712330573817759,2447.680419921875,0.014487069100141525,0.04259796440601349,2233,0.999552171965965,1.3118396462085584,0.04209583519928348,1.024100475238866,0.0,1.1832133913978498
708,410,1486,0.816932380428807,1819,5631,54.868848860263824,1.0,6.406786996871233,20.14960840344429,34.719240456819534,0.09562368652046617,0.31483763130381703,0.5510990548701513,67.0,64.0,63.0,0.04411764705882353,1.0,1.0,54.868848860263824,0.43203818000207733,0.43203818000207733,2613.82373046875,0.00611138017848134,0.033004987984895706,2713,0.8639882049391817,1.2667169250260102,0.47991153704386286,1.5765772199617996,0.0,1.207214515935758
457,253,1481,0.9775577557755776,1515,7692,0.7376904765260406,0.015384615384615385,1.200260228710249,0.49717394047183916,0.24051653605420142,0.017914331771794762,0.007768342819872487,0.003817722794511134,67.0,64.0,63.0,0.04411764705882353,0.015384615384615385,0.0,0.7376904765260406,0.005808586429338902,0.005808586429338902,8408.0615234375,9.096668509300798e-05,0.009720425121486187,1646,0.7679222357229648,1.2669825568016306,0.6901579586877278,1.8712599789084965,0.0,1.1992167360692894
635,359,1476,0.717549829849295,2057,1720,41.417665847577155,0.015384615384615385,5.154073651880026,5.569129922427237,35.84853592514992,0.07809202502848524,0.08701765503792558,0.5690243797642844,66.0,64.0,63.0,0.014925373134328358,0.015384615384615385,1.0,41.417665847577155,0.32612335313052876,0.32612335313052876,5565.474609375,0.0014100605621933937,0.03152446448802948,3165,0.9086887835703001,1.5193577915055405,0.0,0.9567316852920439,0.11090047393364928,1.4101135066186066
469,262,1473,0.9993215739484396,1474,3693,145.17781239748,1.0,6.553149584680796,60.852201998233795,84.32561039924622,0.09780820275642979,0.950815656222403,1.3385017523689875,67.0,64.0,63.0,0.0,1.0,1.0,145.17781239748,1.1431323810825198,1.1431323810825198,1944.58837890625,0.010063977912068367,0.030565528199076653,45,1.0,1.53462760804825,0.0,0.7345376874273353,0.0,0.935426883532589
499,283,1472,1.0,1472,3687,233.63867890834808,1.0,15.316863030195236,100.05992233753204,133.57875657081604,0.22860989597306322,1.5634362865239382,2.1202977233462863,67.0,64.0,63.0,0.8970588235294118,1.0,1.0,233.63867890834808,1.839674637073607,1.839674637073607,1511.809326171875,-0.008270052261650562,0.034108757972717285,1104,1.0,1.2870462812646457,0.0,0.9575828569863853,0.0,1.1865216183937155
329,173,1467,0.9766977363515313,1502,3336,4.964800164976623,0.24615384615384617,2.5026172967627645,2.773854132334236,2.190946032642387,0.037352496966608424,0.04334147081772244,0.03477692115305376,67.0,64.0,63.0,0.22058823529411764,0.24615384615384617,0.21875,4.964800164976623,0.0390929146848553,0.0390929146848553,7414.37939453125,0.003315110458061099,0.009610380977392197,2491,0.9971898835808912,1.615962426272785,0.6057808109193095,1.8507036018706926,0.0,1.326068598877527
733,428,1467,1.0,1467,3721,71.38449077960104,0.0,5.124272372573614,5.659960023127496,65.72453075647354,0.07648167720259126,0.08843687536136713,1.0432465199440244,67.0,64.0,63.0,0.0,0.0,1.0,71.38449077960104,0.5620826045637877,0.5620826045637877,1631.3453369140625,0.011157410219311714,0.037599656730890274,1958,0.7267620020429009,1.2996071863907843,0.8421859039836568,2.745063745761963,0.0,1.2474304605405588
432,233,1446,1.0,1446,5812,2.1717393425351474,0.045454545454545456,2.732947270385921,1.4426527704054024,0.729086572129745,0.040790257766954045,0.02219465800623696,0.011572802732218175,67.0,65.0,63.0,0.058823529411764705,0.045454545454545456,0.0,2.1717393425351474,0.01696671361355584,0.01696671361355584,5263.58837890625,-0.0008024148992262781,0.017511917278170586,85,1.0,1.2610721447871314,0.0,0.8424347404604167,0.0,1.0146564680096277
190,91,1422,1.0,1422,6474,131.43331837654114,0.07692307692307693,10.744955882430077,62.55521935224533,68.8780990242958,0.16037247585716533,0.9774253023788333,1.0933031591158064,67.0,64.0,63.0,0.0,0.07692307692307693,0.703125,131.43331837654114,1.0349080187129223,1.0349080187129223,1565.359619140625,-0.05168191343545914,0.2222520112991333,1544,0.8471502590673575,1.2197043453183736,0.6994818652849741,1.3982898665193304,0.0,1.1812452819840584
575,321,1419,0.9943938332165382,1427,4762,88.51368832588196,1.0,1.9564462623093277,28.374683022499084,60.13900530338287,0.029643125186504967,0.4433544222265482,0.9545873857679821,66.0,64.0,63.0,0.07462686567164178,1.0,1.0,88.51368832588196,0.6969581757943462,0.6969581757943462,2121.9609375,-0.004689908120781183,0.02206834778189659,1880,0.11170212765957446,1.0605206199295243,0.9739361702127659,3.0769378889000856,0.0,1.152501384980964
504,291,1407,0.8445378151260504,1666,2556,21.75151063501835,0.47692307692307695,1.9830208190251142,7.6163744777441025,14.135136157274246,0.029597325657091257,0.1190058512147516,0.2243672405916547,67.0,64.0,63.0,0.0,0.47692307692307695,0.984375,21.75151063501835,0.17127173728360903,0.17127173728360903,5198.2490234375,0.00954435858875513,0.023394959047436714,2292,0.8616928446771379,1.2574868583544452,0.5938045375218151,1.620907259211109,0.0,1.1620558490066017
710,408,1407,0.9519621109607578,1478,4816,137.74574768543243,1.0,8.965276092290878,55.64147591590881,82.10427176952362,0.1338100909297146,0.8693980611860752,1.3032424090400574,67.0,64.0,63.0,0.16176470588235295,1.0,1.0,137.74574768543243,1.084612186499468,1.084612186499468,1336.6343994140625,0.008686454966664314,0.0332857109606266,2012,0.7937375745526839,1.3501199597441194,0.5069582504970179,1.6683900515422736,0.0,1.1551234339093253
252,132,1404,1.0,1404,3534,168.6704796552658,1.0,1.662528978078626,75.90577816963196,92.76470148563385,0.024813865344457106,1.1860277839004993,1.4724555791370453,67.0,64.0,63.0,0.0,1.0,1.0,168.6704796552658,1.3281140130335891,1.3281140130335891,1890.0594482421875,-0.0015723899705335498,0.028256990015506744,1631,0.9871244635193133,1.338985548915958,0.39852851011649293,1.3117964890432263,0.0,1.2488379567109178
213,116,1394,0.9775596072931276,1426,2300,161.12092506885529,1.0,0.33208512276178226,79.92571890354156,81.19520616531372,0.004956494369578839,1.248839357867837,1.288812796274821,67.0,64.0,63.0,0.0,1.0,1.0,161.12092506885529,1.2686687013295692,1.2686687013295692,2438.087890625,-0.003029090818017721,0.02535944990813732,1525,1.0,1.3864320725304407,0.0,1.1078626310473303,0.0,1.2945989002076814
546,312,1384,0.7468969239071775,1853,1641,240.11807870864868,1.0,6.267351157963276,98.28588390350342,141.83219480514526,0.0935425545964668,1.535716935992241,2.25130467944675,67.0,64.0,63.0,0.014705882352941176,1.0,1.0,240.11807870864868,1.890693533138966,1.890693533138966,1726.31689453125,-0.0027984713669866323,0.03775186464190483,3054,0.9842829076620825,1.4457070516467019,0.6077275703994761,2.085458787623518,0.0,1.2748969830289756
679,395,1384,0.8559059987631417,1617,4104,2.2839589971117675,0.0,3.4894653209485114,1.1347738397307694,1.1491851573809981,0.05287068668103805,0.017730841245793272,0.018241034244142827,66.0,64.0,63.0,0.14925373134328357,0.0,0.0,2.2839589971117675,0.01798392911111628,0.01798392911111628,5673.6611328125,0.002151304157450795,0.017138440161943436,1612,1.0,1.4965431327984364,0.0,0.8771266204367729,0.0,1.263735465555493
423,231,1382,0.8719242902208202,1585,2734,29.519201673567295,0.5757575757575758,11.636724881827831,14.83287863433361,14.686323039233685,0.17368246092280346,0.2281981328359017,0.233116238717995,67.0,65.0,63.0,0.39705882352941174,0.5757575757575758,0.71875,29.519201673567295,0.2306187630747445,0.2306187630747445,3365.668701171875,0.0018071330850943923,0.03569459915161133,2370,0.9459915611814346,1.3231471317928403,0.5932489451476793,1.5421156723847251,0.0,1.3987703837692542
265,127,1381,1.0,1381,5635,114.00288873910904,1.0,10.804221197962761,52.26353293657303,61.73935580253601,0.16125703280541434,0.8166177021339536,0.9799897746434287,67.0,64.0,63.0,0.19117647058823528,1.0,1.0,114.00288873910904,0.8976605412528271,0.8976605412528271,1613.859130859375,0.00201122323051095,0.036547619849443436,2208,0.6141304347826086,1.1698609828301372,0.8659420289855072,2.177250695422415,0.0,1.1990281364733435
310,158,1378,0.9906542056074766,1391,8554,1.357933055704052,0.13846153846153847,0.7248732552106958,1.0372925239207689,0.3206405317832832,0.010819003809114863,0.016207695686262014,0.0050895322505283055,67.0,64.0,63.0,0.0,0.13846153846153847,0.015625,1.357933055704052,0.010692386265386237,0.010692386265386237,4276.46044921875,-0.0016741984291002154,0.009096335619688034,1612,1.0,1.3337877706959762,0.0,0.9633180653807675,0.0,1.2518424263386763
746,438,1374,1.0,1374,8029,23.98510127980262,0.0,4.468499602749944,2.7935985596850514,21.19150272011757,0.06669402392164095,0.04364997749507893,0.3363730590494852,67.0,64.0,63.0,0.058823529411764705,0.0,1.0,23.98510127980262,0.18885906519529622,0.18885906519529622,5542.623046875,-0.0026103637646883726,0.022588320076465607,2121,1.0,1.4100696322931294,0.047619047619047616,0.9929655298007563,0.0,1.3403485483632949
233,117,1363,1.0,1363,5275,30.297231808304787,1.0,6.6727537252008915,15.694399535655975,14.602832272648811,0.09959333918210286,0.24522499274462461,0.23179098845474302,67.0,64.0,63.0,0.6323529411764706,1.0,1.0,30.297231808304787,0.23856088038035264,0.23856088038035264,5704.6083984375,0.0003619416675064713,0.017058787867426872,1065,0.0,1.2560604785310951,1.0,1.8662262218428434,0.0,1.3588570506080935
313,169,1362,1.0,1362,4465,51.57056501507759,1.0,12.388949759304523,23.980216562747955,27.590348452329636,0.1849096979000675,0.3746908837929368,0.43794203892586725,67.0,64.0,63.0,0.75,1.0,1.0,51.57056501507759,0.4060674410636031,0.4060674410636031,2591.8349609375,-0.0026355464942753315,0.029607590287923813,2303,0.5627442466348241,1.1253968336391047,0.9743812418584455,2.378128867360054,0.0,1.2056025011111369
248,125,1358,1.0,1358,6395,111.35111647844315,1.0,14.911570705473423,56.180353224277496,55.17076325416565,0.2225607567981108,0.8778180191293359,0.8757264008597722,67.0,64.0,63.0,0.8823529411764706,1.0,1.0,111.35111647844315,0.8767804447121508,0.8767804447121508,2644.677978515625,0.001099682878702879,0.020663665607571602,1961,1.0,1.4039819671699916,0.4191738908720041,1.2845775916501776,0.0,1.3477502927633067
730,429,1356,0.7691435053885423,1763,2961,154.413230240345,1.0,16.807026103138924,73.5111694931984,80.9020607471466,0.25085113586774516,1.148612023331225,1.2841596943991525,67.0,64.0,63.0,0.7205882352941176,1.0,1.0,154.413230240345,1.2158522066168898,1.2158522066168898,1796.4849853515625,0.0020009775180369616,0.0452103354036808,3215,0.9928460342146189,1.445377258070638,0.3972006220839813,1.362189531431286,0.0,1.2735399057243917
82,15,1349,1.0,1349,7114,0.891840447060531,0.015384615384615385,0.8717667141463608,0.7422089694300666,0.14963147763046436,0.013011443494721803,0.011597015147344791,0.0023751028195311804,67.0,64.0,63.0,0.0,0.015384615384615385,0.0,0.891840447060531,0.007022365724886071,0.007022365724886071,3968.33349609375,-0.002106846310198307,0.016070380806922913,1326,1.0,1.3636887957857462,0.0,0.8520224293777319,0.0,1.180928273335992
133,61,1348,1.0,1348,4305,112.67934542894363,1.0,8.256141275167465,56.065482795238495,56.61386263370514,0.12322598918160396,0.8760231686756015,0.8986327402175419,67.0,64.0,63.0,0.7205882352941176,1.0,1.0,112.67934542894363,0.887238940385383,0.887238940385383,3388.2509765625,-0.005539725534617901,0.018974147737026215,1776,0.9915540540540541,1.5155463477264757,0.3063063063063063,1.13965165801974,0.0,1.2538745466027337
507,294,1344,0.7084870848708487,1897,3929,124.11669570207596,1.0,18.195796191692352,52.693059742450714,71.42363595962524,0.2715790476371993,0.8233290584757924,1.1337085072956388,67.0,64.0,63.0,0.8382352941176471,1.0,1.0,124.11669570207596,0.9772968165517792,0.9772968165517792,4291.607421875,0.0058792526833713055,0.027098098769783974,3079,1.0,1.3585959805412278,0.0,1.8027501582047674,0.0,1.3232697444756572
286,154,1339,0.7956030897207368,1683,1774,126.3585689663887,1.0,17.259848460555077,69.0145965218544,57.3439724445343,0.2576096785157474,1.078353070653975,0.9102217848338778,67.0,64.0,63.0,0.7205882352941176,1.0,1.0,126.3585689663887,0.9949493619400686,0.9949493619400686,2511.04443359375,0.0079802256077528,0.04413647577166557,2933,0.32015001704739177,1.1219556762184926,0.99727241732015,3.3976392579213672,0.0,1.166548999690984
43,7,1334,0.7792056074766355,1712,1496,4.9909378797747195,0.15384615384615385,7.54518424347043,4.875802982598543,0.11513489717617631,0.11261469020105119,0.07618442160310224,0.0018570144705834888,67.0,64.0,62.0,0.39705882352941174,0.15384615384615385,0.0,4.9909378797747195,0.03961061809345016,0.03961061809345016,3521.191162109375,0.004933102056384087,0.023411810398101807,1219,0.43232157506152585,1.185177418791626,0.7981952420016407,1.9857633566230668,0.0,1.1549575178623368
100,30,1334,0.7842445620223398,1701,3251,66.04876349493861,1.0,2.814741153662908,39.52915269136429,26.519610803574324,0.042011061994968776,0.617643010802567,0.42094620323133847,67.0,64.0,63.0,0.0,1.0,0.578125,66.04876349493861,0.5200690038971544,0.5200690038971544,1298.15478515625,0.008077025413513184,0.03948125243186951,2702,0.728719467061436,1.2533632263771974,0.8830495928941525,2.501976035349078,0.0,1.1657343643308895
617,348,1326,1.0,1326,3656,71.82773685455322,1.0,14.513594090938568,32.47558531165123,39.35215154290199,0.21990294077179648,0.5074310204945505,0.6246373260778094,66.0,64.0,63.0,0.029850746268656716,1.0,1.0,71.82773685455322,0.5655727311382144,0.5655727311382144,2075.845947265625,0.0064132497645914555,0.06068776920437813,1568,0.0,0.8570731681935425,1.0,2.2341501554295213,0.0,0.9726804949025945
576,313,1325,0.8396704689480355,1578,6267,18.053931556642056,0.36923076923076925,3.5162609443068504,4.628276936709881,13.425654619932175,0.05248150663144553,0.07231682713609189,0.2131056288878123,67.0,64.0,63.0,0.058823529411764705,0.36923076923076925,1.0,18.053931556642056,0.14215694139088234,0.14215694139088234,4812.50439453125,-0.0013227673480287194,0.018104763701558113,2440,0.075,0.9856242482454179,0.9926229508196721,2.5086247351542466,0.0,1.1353891929511313
630,347,1319,0.7884040645546921,1673,3987,325.1507902145386,1.0,10.209645938128233,139.07248973846436,186.07830047607422,0.15469160512315505,2.1730076521635056,2.953623817080543,66.0,64.0,63.0,0.14925373134328357,1.0,1.0,325.1507902145386,2.560242442634162,2.560242442634162,543.6278076171875,0.009219442494213581,0.0425686277449131,2272,0.1817781690140845,0.9780962026163391,0.9920774647887324,2.584049662342686,0.0,1.1417998235371263
323,178,1314,0.7697715289982425,1707,2114,43.906617261469364,1.0,7.358570106327534,29.054242104291916,14.852375157177448,0.10982940457205274,0.4539725328795612,0.23575198662186425,67.0,64.0,63.0,0.4117647058823529,1.0,1.0,43.906617261469364,0.3457213957596013,0.3457213957596013,2934.933349609375,0.00801490806043148,0.022320890799164772,3114,0.34714193962748874,1.065805625925609,1.0,2.3666554931585977,0.0,1.1496230393358986
753,445,1298,0.7909811090798293,1641,3663,20.27744711190462,0.9846153846153847,13.410642392933369,11.762533977627754,8.514913134276867,0.20015884168557266,0.18378959340043366,0.13515735133772805,67.0,64.0,63.0,0.9852941176470589,0.9846153846153847,0.46875,20.27744711190462,0.15966493788901276,0.15966493788901276,3470.420166015625,0.006339471787214279,0.026264948770403862,1717,1.0,1.4987451120382127,0.0,1.2093861522147848,0.0,1.3174913259598964
302,159,1297,0.9976923076923077,1300,5042,8.556306015292648,0.2923076923076923,3.600447863340378,4.807173863169737,3.749132152122911,0.053738027811050415,0.07511209161202714,0.05951003416068113,67.0,64.0,63.0,0.17647058823529413,0.2923076923076923,0.25,8.556306015292648,0.06737248830939094,0.06737248830939094,5665.63720703125,-0.002241732319816947,0.015751462429761887,499,0.9939879759519038,1.2130074489058984,0.006012024048096192,0.9669656617786471,0.0,1.2106856075769032
558,311,1293,0.9369565217391305,1380,2121,118.57693660259247,1.0,16.15325427055359,36.75347638130188,81.82346022129059,0.24109334732169535,0.5742730684578419,1.2987850828776284,67.0,64.0,63.0,0.8676470588235294,1.0,1.0,118.57693660259247,0.9336766661621454,0.9336766661621454,2465.97509765625,-0.007492764852941036,0.030755477026104927,215,0.0,1.057049490578858,1.0,1.5571858856782466,0.0,1.171782524948646
442,250,1289,0.8810663021189337,1463,1584,3.9979592440649867,0.0,2.3836773212533444,1.8596275388263166,2.13833170523867,0.035577273451542456,0.029056680294161197,0.03394177309902651,67.0,64.0,63.0,0.0,0.0,0.0,3.9979592440649867,0.031479994047755804,0.031479994047755804,6349.43994140625,0.00023622163280379027,0.02997264266014099,1931,0.7260486794407043,1.1957963078223501,0.7472812014500259,1.9473910095726839,0.0,1.0259335784562313
559,315,1280,0.9020436927413672,1419,3372,3.1778036188334227,0.0,3.3680887017399073,1.8666478865779936,1.311155732255429,0.05026998062298369,0.02916637322778115,0.020811995750086174,67.0,64.0,63.0,0.0,0.0,0.015625,3.1778036188334227,0.025022075738845847,0.025022075738845847,10396.6650390625,0.003977140411734581,0.020863395184278488,1511,0.22369291859695567,1.2313468707632274,0.814030443414957,1.9476771213416388,0.0,1.2942646025125069
389,203,1279,1.0,1279,4917,2.659912586095743,0.06060606060606061,2.1368736173026264,1.592593485955149,1.067319100140594,0.031893636079143674,0.02450143824546383,0.016941573018104665,67.0,65.0,63.0,0.04411764705882353,0.06060606060606061,0.0,2.659912586095743,0.02078056707887299,0.02078056707887299,4962.41650390625,-0.0035127063747495413,0.016429996117949486,725,0.016551724137931035,1.2974198523486018,0.983448275862069,1.518508675741616,0.0,1.022345207328267
481,273,1278,1.0,1278,2856,72.73419636487961,1.0,16.997610554099083,34.97407102584839,37.76012533903122,0.2536956799119266,0.5464698597788811,0.5993670688735114,67.0,64.0,63.0,0.5588235294117647,1.0,1.0,72.73419636487961,0.5727102075974773,0.5727102075974773,2694.791259765625,0.002556162653490901,0.047385770827531815,1437,0.0,0.9798395924365283,1.0,2.780702474325541,0.0,1.186273418069012
643,367,1278,0.8325732899022801,1535,2164,119.19725584983826,1.0,7.859810221940279,47.89650022983551,71.30075562000275,0.1190880336657618,0.7483828160911798,1.1317580257143294,66.0,64.0,63.0,0.014925373134328358,1.0,1.0,119.19725584983826,0.9385610696837658,0.9385610696837658,1525.763916015625,0.018475256860256195,0.0518125481903553,2846,0.16479269149683767,1.3186952344794358,0.9880534082923401,2.7892005308471397,0.0,1.1945976156181524
496,282,1269,0.9202320522117476,1379,2665,82.95975172519684,1.0,14.288969375193119,31.91426557302475,51.04548615217209,0.21326819962974805,0.4986603995785117,0.8102458119392395,67.0,64.0,63.0,0.39705882352941174,1.0,1.0,82.95975172519684,0.653226391536983,0.653226391536983,3480.2509765625,-0.020957179367542267,0.050999127328395844,1612,0.8058312655086849,1.2050794630326198,0.890818858560794,2.283503279019609,0.0,1.3799521152839678
798,476,1266,0.7429577464788732,1704,1838,46.78396410122514,0.0,8.665976487100124,6.815668348222971,39.96829575300217,0.12934293264328545,0.10649481794098392,0.6344173929047963,67.0,64.0,63.0,0.0,0.0,1.0,46.78396410122514,0.3683776700883869,0.3683776700883869,3419.0009765625,0.004151119384914637,0.05075950548052788,2928,0.9357923497267759,1.6383732427292832,0.3118169398907104,1.4850672726867042,0.4648224043715847,1.7087761775955455
699,412,1264,0.9002849002849003,1404,2535,4.13874649565696,0.0,2.050733983705868,0.24146489363192813,3.897281602025032,0.03060796990605773,0.003772888962998877,0.06186161273055606,67.0,64.0,63.0,0.04411764705882353,0.0,0.203125,4.13874649565696,0.03258855508391307,0.03258855508391307,9142.5830078125,-0.005342569202184677,0.021594319492578506,1042,1.0,1.3488697901556335,0.0,0.9846254674536443,0.0,1.1457382915823977
482,274,1263,0.985179407176287,1282,3502,22.808224119246006,0.7692307692307693,9.79769103974104,11.565346509218216,11.24287761002779,0.14623419462300058,0.18070853920653462,0.17845837476234588,67.0,64.0,63.0,0.5,0.7692307692307693,0.828125,22.808224119246006,0.17959231589957486,0.17959231589957486,3108.74560546875,0.0011747207026928663,0.02970109134912491,247,1.0,1.3288186683763636,0.0,1.0100259365118502,0.0,1.1482990554472037
832,487,1263,0.9984189723320158,1265,5012,60.40788796544075,1.0,16.47961038351059,27.382230639457703,33.02565732598305,0.2459643340822476,0.4278473537415266,0.5242167829521118,67.0,64.0,63.0,0.6911764705882353,1.0,1.0,60.40788796544075,0.47565266114520277,0.47565266114520277,1568.777099609375,0.004056868609040976,0.04365944862365723,1331,0.4470323065364388,1.069305903654643,0.9090909090909091,1.878410901005033,0.0,1.2709386603567512
577,323,1262,0.9890282131661442,1276,2473,119.6536796092987,1.0,9.351385667920113,16.510606050491333,103.14307355880737,0.14168766163515323,0.2579782195389271,1.6371916437905931,66.0,64.0,63.0,0.7014925373134329,1.0,1.0,119.6536796092987,0.9421549575535331,0.9421549575535331,3300.8310546875,0.004490195773541927,0.022479459643363953,20,1.0,1.1138933447570984,0.0,0.8047071953090789,0.0,1.1354451132498589
463,265,1260,0.925789860396767,1361,2038,36.72409789264202,1.0,9.455273229628801,23.237317353487015,13.486780539155006,0.14112348103923583,0.3630830836482346,0.214075881573889,67.0,64.0,63.0,0.5441176470588235,1.0,0.828125,36.72409789264202,0.28916612513891354,0.28916612513891354,3099.743896484375,-0.002453944645822048,0.027930669486522675,1130,0.4575221238938053,1.0879494620892014,0.8902654867256637,1.8792429510415685,0.0,1.326070674254531
281,148,1255,0.8029430582213691,1563,1891,113.80383706092834,1.0,6.86135084554553,46.281363904476166,67.52247315645218,0.10240822157530642,0.7231463110074401,1.0717852881976537,67.0,64.0,63.0,0.07352941176470588,1.0,1.0,113.80383706092834,0.8960932052041602,0.8960932052041602,3216.940185546875,0.00834065955132246,0.026821855455636978,1400,0.0,1.41457754458837,0.04285714285714286,1.2910069684228005,0.9964285714285714,2.3312736885143734
621,344,1251,1.0,1251,5228,212.70176136493683,1.0,23.25248122215271,100.86214637756348,111.83961498737335,0.3523103215477683,1.5759710371494293,1.7752319839265611,66.0,64.0,63.0,0.9850746268656716,1.0,1.0,212.70176136493683,1.6748170186215499,1.6748170186215499,926.942626953125,0.004691388923674822,0.042874064296483994,1291,0.18280402788536018,1.0491990181536777,0.9279628195197521,1.7305113253649362,0.0,1.1056309513749314
277,147,1250,1.0,1250,3719,115.09323644638062,1.0,15.418313644826412,57.50774449110031,57.585491955280304,0.23012408425114048,0.8985585076734424,0.9140554278615921,67.0,64.0,63.0,0.8088235294117647,1.0,1.0,115.09323644638062,0.9062459562707135,0.9062459562707135,2633.953369140625,-0.0005828385474160314,0.031719107180833817,975,0.0,1.4118922684588648,1.0,1.7815606766695329,0.0,1.3029819740176707
479,269,1248,0.8895224518888097,1403,2368,145.0021630525589,1.0,18.94990549981594,70.94893825054169,74.05322480201721,0.28283441044501406,1.1085771601647139,1.1754480127304319,67.0,64.0,63.0,0.7352941176470589,1.0,1.0,145.0021630525589,1.1417493153744795,1.1417493153744795,2939.46533203125,0.009265129454433918,0.03859275206923485,909,0.0,0.9224927583426786,1.0,1.926637322843456,0.0,1.0782637191394036
104,41,1244,0.9888712241653418,1258,3660,19.40067656338215,1.0,0.029617706197313964,10.60721655935049,8.793460004031658,0.0004420553163778204,0.16573775873985142,0.13957873022272474,67.0,64.0,63.0,0.0,1.0,1.0,19.40067656338215,0.15276123278253662,0.15276123278253662,8520.42578125,0.0018726829439401627,0.011753248050808907,38,0.0,1.4655362785284003,1.0,1.473378711780975,0.0,1.4903298800238105
217,111,1237,1.0,1237,3967,131.97251039743423,1.0,8.359455689787865,65.10902935266495,66.86348104476929,0.12476799536996813,1.0173285836353898,1.0613250959487188,67.0,64.0,63.0,0.17647058823529413,1.0,1.0,131.97251039743423,1.0391536251766476,1.0391536251766476,2206.6689453125,0.008572862483561039,0.03156944364309311,676,0.0,1.2905256684478301,1.0,1.7306838128234956,0.0,1.3569897000911455
676,391,1234,1.0,1234,3174,144.83144757151604,1.0,16.024310395121574,35.615986078977585,109.21546149253845,0.24279258174426627,0.5564997824840248,1.7335787538498166,66.0,64.0,63.0,0.34328358208955223,1.0,1.0,144.83144757151604,1.1404050989883152,1.1404050989883152,1564.2056884765625,0.012379607185721397,0.05251064524054527,1588,0.7600755667506297,1.3321260472533294,0.8217884130982368,2.183288491426022,0.0,1.2730450331834458
815,485,1222,0.8415977961432507,1452,2123,74.7876304090023,1.0,14.559828475117683,27.30597099661827,47.48165941238403,0.2173108727629505,0.4266557968221605,0.7536771335299053,67.0,64.0,63.0,0.5588235294117647,1.0,1.0,74.7876304090023,0.5888789795984434,0.5888789795984434,3633.69091796875,0.00881087128072977,0.03762037679553032,2093,0.6153846153846154,1.1353124410992714,0.8528428093645485,2.803011391839557,0.0,1.2995165525964074
788,466,1215,0.955940204563336,1271,3648,7.321331720799208,0.0,5.605069879442453,3.2415832865517586,4.079748434247449,0.08365775939466348,0.05064973885237123,0.06475791165472142,67.0,64.0,63.0,0.014705882352941176,0.0,0.0,7.321331720799208,0.05764828126613549,0.05764828126613549,1146.3818359375,-0.0005252588889561594,0.040920112282037735,2004,1.0,1.5378522824377727,0.0,1.0145531692943797,0.0,1.1527307191630751
768,452,1211,0.9680255795363709,1251,4559,192.471382021904,1.0,17.577050805091858,77.49953055381775,114.97185146808624,0.26234404186704263,1.2109301649034023,1.8249500233029563,67.0,64.0,63.0,0.7941176470588235,1.0,1.0,192.471382021904,1.5155226930858583,1.5155226930858583,985.7418212890625,-0.007744320202618837,0.044505827128887177,1824,0.8212719298245614,1.327213514345417,0.631578947368421,1.7828039400454188,0.0,1.2830761832873772
209,112,1206,0.8181818181818182,1474,1686,38.668441593647,1.0,8.980676271021366,19.393719851970673,19.27472174167633,0.13403994434360247,0.30302687268704176,0.30594796415359254,67.0,64.0,63.0,0.8823529411764706,1.0,1.0,38.668441593647,0.3044759180602126,0.3044759180602126,5892.89208984375,0.0042690495029091835,0.01725548505783081,2473,0.9983825313384553,1.4047463397093398,0.4140719773554387,1.6278889449845821,0.0,1.354554938201818
503,284,1204,0.8309178743961353,1449,1803,113.45752334594727,0.9846153846153847,3.6653843061067164,54.10193854570389,59.35558480024338,0.054707228449353974,0.8453427897766232,0.9421521396864028,67.0,64.0,63.0,0.0,0.9846153846153847,1.0,113.45752334594727,0.8933663255586399,0.8933663255586399,1236.2113037109375,-0.002867179922759533,0.04192645102739334,1720,0.6686046511627907,1.2282152842586338,0.6988372093023256,1.5005156667496056,0.0,1.1893403356068117
242,129,1196,0.862914862914863,1386,1418,71.3002302646637,1.0,8.31206525862217,43.58601486682892,27.714215397834778,0.12406067550182343,0.6810314822942019,0.43990818091801237,67.0,64.0,63.0,0.4264705882352941,1.0,1.0,71.3002302646637,0.5614191359422338,0.5614191359422338,4204.1708984375,-0.0025691096670925617,0.029151303693652153,2363,0.5526872619551417,1.1276630092895303,0.9830723656369023,2.877330106405604,0.0,1.2380342277064649
103,45,1195,0.7062647754137116,1692,1850,94.0899783372879,1.0,4.988046001177281,43.77155518531799,50.31842315196991,0.07444844777876539,0.6839305497705936,0.7987051293963477,67.0,64.0,63.0,0.38235294117647056,1.0,1.0,94.0899783372879,0.7408659711597473,0.7408659711597473,3762.423828125,0.0019115612376481295,0.018267499282956123,152,0.0,1.3615415544360745,1.0,1.580112531908863,0.0,1.4419304965217843
605,333,1194,0.8308977035490606,1437,2659,101.43655106425285,1.0,10.326860517263412,38.09436669945717,63.342184364795685,0.15646758359490018,0.5952244796790183,1.0054314978538998,66.0,64.0,63.0,0.373134328358209,1.0,1.0,101.43655106425285,0.798713000505928,0.798713000505928,2628.411376953125,-0.0026048978324979544,0.03488461673259735,1768,0.02092760180995475,0.9084241070170501,0.998868778280543,2.071850071480364,0.0,0.951634340331129
157,73,1190,0.8333333333333334,1428,3659,109.10572177171707,1.0,5.017905065789819,53.391917169094086,55.713804602622986,0.07489410545954954,0.8342487057670951,0.8843461048035395,67.0,64.0,63.0,0.0,1.0,1.0,109.10572177171707,0.859100171430843,0.859100171430843,3426.767333984375,-0.0026900973170995712,0.03528856486082077,1897,0.7121771217712177,1.2269341017518633,0.7406431207169215,2.541975971964743,0.0,1.2137778800087426
216,108,1184,1.0,1184,8737,1.0129368852358311,0.03076923076923077,1.3869328189466614,0.8720274607185274,0.1409094245173037,0.0207004898350248,0.013625429073726991,0.0022366575320206935,67.0,64.0,63.0,0.0,0.03076923076923077,0.0,1.0129368852358311,0.007975880986108906,0.007975880986108906,4630.94091796875,0.0024698395282030106,0.015129851177334785,2,1.0,1.3545647970975998,0.0,0.7936452857974592,0.0,1.0365493939070043
178,87,1175,0.8854559155990958,1327,1963,247.25024962425232,1.0,6.130073873326182,112.30982291698456,134.94042670726776,0.09149363990039078,1.7548409830778837,2.1419115350359963,67.0,64.0,63.0,0.0,1.0,1.0,247.25024962425232,1.9468523592460814,1.9468523592460814,1513.6318359375,-0.04277339577674866,0.20954850316047668,1588,0.7821158690176322,1.2500695758642062,0.5913098236775819,1.5289302458249618,0.0,1.2974057498329232
175,88,1174,0.9444891391794047,1243,1971,222.11005330085754,1.0,3.7332749236375093,103.55486834049225,118.5551849603653,0.05572052124832103,1.6180448178201914,1.8818283327042111,67.0,64.0,63.0,0.0,1.0,1.0,222.11005330085754,1.7488980574870672,1.7488980574870672,2601.0087890625,-0.006311091594398022,0.07838879525661469,1962,0.954638124362895,1.4879396376829703,0.6982670744138634,2.691858681539209,0.0,1.3386302812465891
437,244,1166,0.9872988992379339,1181,4892,11.057749351486564,0.46153846153846156,5.222666744142771,5.943318007513881,5.114431343972683,0.07795024991257866,0.09286434386740439,0.0811814499043283,67.0,64.0,63.0,0.38235294117647056,0.46153846153846156,0.328125,11.057749351486564,0.08706889253139026,0.08706889253139026,6610.61328125,-0.0015066734049469233,0.01745028793811798,0,0.0,,0.0,,0.0,
737,433,1165,0.7550226830848995,1543,1827,234.7273736000061,1.0,15.618377581238747,95.46233630180359,139.26503729820251,0.23311011315281713,1.491599004715681,2.210556147590516,67.0,64.0,63.0,0.22058823529411764,1.0,1.0,234.7273736000061,1.8482470362205206,1.8482470362205206,1379.301025390625,0.002110683126375079,0.05333414301276207,2311,0.9749026395499784,1.3774540941049729,0.44180008654262226,1.3183990017500873,0.0,1.242786828543824
108,38,1159,0.9747687132043734,1189,3112,223.08220493793488,1.0,2.4935191066469997,100.17079734802246,122.91140758991241,0.03721670308428358,1.565168708562851,1.9509747236494035,67.0,64.0,63.0,0.04411764705882353,1.0,1.0,223.08220493793488,1.7565527947868889,1.7565527947868889,1563.1796875,-0.0010450024856254458,0.01577596552670002,1589,0.44052863436123346,1.0918840377009984,0.9911894273127754,3.1251425716212795,0.0,1.2096106171605774
631,353,1151,0.8463235294117647,1360,2514,245.7239851951599,1.0,5.616709529655054,105.2835043668747,140.44048082828522,0.0851016595402281,1.645054755732417,2.2292139814013527,66.0,64.0,63.0,0.04477611940298507,1.0,1.0,245.7239851951599,1.9348345290957474,1.9348345290957474,860.2939453125,0.0034279623068869114,0.04180269315838814,1912,0.0,0.989408249541029,1.0,2.7362043348307856,0.0,1.131101578216652
704,406,1151,0.9041633935585232,1273,3905,221.72167491912842,1.0,10.105907618999481,89.93078374862671,131.7908911705017,0.15083444207461913,1.4051684960722923,2.091918907468281,67.0,64.0,63.0,0.3235294117647059,1.0,1.0,221.72167491912842,1.7458399599931371,1.7458399599931371,954.7208862304688,-0.0023574866354465485,0.0350353941321373,1371,0.7709700948212983,1.1841096019365258,0.6404084609773888,1.4226155968093204,0.0,1.2519544276767403
61,17,1150,1.0,1150,3738,5.80506989476271,0.16923076923076924,1.184192650951445,2.883100236998871,2.9219696577638388,0.017674517178379777,0.04504844120310736,0.04638047075815617,67.0,64.0,63.0,0.0,0.16923076923076924,0.09375,5.80506989476271,0.04570921176978512,0.04570921176978512,4978.7109375,0.0003424396854825318,0.01835111528635025,1839,0.9396411092985318,1.4499694821666016,0.3094072865687874,1.216303329361653,0.0,1.2724629565717587
564,314,1147,0.8566094100074683,1339,2354,220.59743344783783,1.0,1.991740750381723,86.56050443649292,134.0369290113449,0.029727473886294375,1.3525078818202019,2.1275703017673795,67.0,64.0,63.0,0.0,1.0,1.0,220.59743344783783,1.736987664943605,1.736987664943605,1677.9056396484375,-0.0009442951995879412,0.04172279313206673,1633,0.0,0.9267620926856749,1.0,2.4577381865816728,0.0,1.0044366838384948
774,453,1139,0.9320785597381342,1222,2757,182.68258666992188,1.0,14.052290990948677,69.10211420059204,113.58047246932983,0.2097356864320698,1.0797205343842506,1.8028646423703147,67.0,64.0,63.0,0.2647058823529412,1.0,1.0,182.68258666992188,1.4384455643300935,1.4384455643300935,1427.99169921875,0.005933910608291626,0.047186121344566345,1217,0.3722267871815941,1.0517266380810404,0.9219391947411668,2.1747715957230023,0.0,1.3110949294126837
628,357,1136,0.7343244990303813,1547,1664,39.382117595523596,0.5692307692307692,5.526088890619576,9.65841018781066,29.723707407712936,0.08372861955484207,0.15091265918454155,0.47180487948750693,66.0,64.0,63.0,0.1044776119402985,0.5692307692307692,1.0,39.382117595523596,0.3100954141379811,0.3100954141379811,2867.446533203125,0.005238859914243221,0.026815026998519897,1930,0.0,1.2915968013264556,1.0,2.5374393357687657,0.0,1.145348711501726
195,101,1131,0.9708154506437768,1165,1774,7.1968360183236655,0.09230769230769231,7.448352072387934,4.501913629937917,2.6949223883857485,0.11116943391623782,0.07034240046777995,0.042776545847392836,67.0,64.0,63.0,0.014705882352941176,0.09230769230769231,0.046875,7.1968360183236655,0.05666800014428083,0.05666800014428083,5436.8056640625,0.009779898449778557,0.03292473033070564,1406,0.9800853485064012,1.4551935223128998,0.612375533428165,1.5282737363294707,0.0,1.2878686270774962
596,336,1122,0.8545316070068545,1313,2070,63.58575776964426,0.15384615384615385,3.1498687407001853,3.870620585978031,59.71513718366623,0.047725283950002806,0.06047844665590674,0.9478593203756545,66.0,64.0,63.0,0.07462686567164178,0.15384615384615385,1.0,63.58575776964426,0.500675258028695,0.500675258028695,2285.05419921875,-0.0021078200079500675,0.025432659313082695,1533,0.7860404435746902,1.1888630802337825,0.83235485975212,2.2064048734760635,0.0,1.1275693313529345
240,122,1120,1.0,1120,7181,0.9195552510209382,0.03076923076923077,1.465706038288772,0.66866416708217,0.25089108393876813,0.021876209526698092,0.010447877610658907,0.003982398157758225,67.0,64.0,63.0,0.0,0.03076923076923077,0.0,0.9195552510209382,0.007240592527723922,0.007240592527723922,4950.44775390625,0.0009356241207569838,0.012970659881830215,77,1.0,1.284425645205761,0.0,0.8156324938037545,0.0,1.1643361249784125
600,328,1119,0.8694638694638694,1287,4136,123.8706123828888,1.0,11.069858528673649,50.5902259349823,73.2803864479065,0.16772512922232802,0.7904722802340984,1.1631807372683571,66.0,64.0,63.0,0.05970149253731343,1.0,1.0,123.8706123828888,0.9753591526211716,0.9753591526211716,2056.98974609375,-0.01835791766643524,0.04984598979353905,1321,0.9992429977289932,1.3673481197173307,0.000757002271006813,0.8959095555454772,0.0,1.1036819988614035
202,103,1116,1.0,1116,3356,295.0226788520813,1.0,3.298840100876987,140.4051389694214,154.6175398826599,0.049236419416074435,2.193830296397209,2.4542466648041255,67.0,64.0,63.0,0.0,1.0,1.0,295.0226788520813,2.3230132193077266,2.3230132193077266,2057.2705078125,0.005217628087848425,0.02754381112754345,1171,0.7190435525192144,1.139403959425585,0.8659265584970111,1.9078198252876808,0.0,1.3377471078721384
612,342,1115,1.0,1115,6577,0.37760655919555575,0.0,1.0575141550216358,0.022712254314683378,0.35489430488087237,0.016022941742752057,0.0003548789736669278,0.005633242934617022,66.0,64.0,63.0,0.04477611940298507,0.0,0.0,0.37760655919555575,0.0029732799936657934,0.0029732799936657934,4069.20849609375,-0.0014075220096856356,0.0109806377440691,1662,0.5583634175691937,1.1377124587034801,0.681107099879663,1.5925585453239608,0.0,1.1291097059775423
619,352,1110,0.9351305812973884,1187,1829,63.133147017331794,0.06153846153846154,4.574532854836434,5.036988274427131,58.09615874290466,0.06931110386115809,0.07870294178792392,0.9221612498873756,66.0,64.0,63.0,0.0,0.06153846153846154,1.0,63.133147017331794,0.4971113938372582,0.4971113938372582,2130.213134765625,-0.0015832154313102365,0.040979932993650436,1440,0.0,0.9476069315664337,1.0,3.162036500746004,0.0,1.0890883512324685
670,387,1107,0.7981254506128335,1387,1529,81.52930855751038,1.0,14.214809536933899,23.78867334127426,57.740635216236115,0.21537590207475604,0.37169802095741034,0.9165180193053352,66.0,64.0,63.0,0.3880597014925373,1.0,1.0,81.52930855751038,0.6419630595079557,0.6419630595079557,2926.24658203125,0.007250252645462751,0.043830934911966324,1714,0.7082847141190198,1.1387997610799379,0.838389731621937,2.486659575379646,0.0,1.3228204562884749
514,292,1106,0.9609035621198957,1151,5256,28.72862946987152,0.9692307692307692,5.957623727619648,13.130074366927147,15.598555102944374,0.08891975712865147,0.20515741198323667,0.24759611274514878,67.0,64.0,63.0,0.22058823529411764,0.9692307692307692,1.0,28.72862946987152,0.22620968086513008,0.22620968086513008,4246.87548828125,0.00026815306046046317,0.021093640476465225,1162,0.0,1.1498920222638003,1.0,2.1303311443606767,0.0,1.1715903558150733
607,341,1089,0.8454968944099379,1288,3013,263.51296377182007,1.0,8.153630308806896,113.65794086456299,149.85502290725708,0.12353985316374085,1.7759053260087967,2.378651157258049,66.0,64.0,63.0,0.16417910447761194,1.0,1.0,263.51296377182007,2.0749052265497645,2.0749052265497645,1188.2996826171875,-0.003867184976115823,0.03397742658853531,1748,0.10469107551487414,1.0786984291846082,0.9914187643020596,2.149619290110746,0.0,1.2272309277241407
66,24,1083,1.0,1083,3423,217.45089948177338,1.0,11.512390710413456,108.01919841766357,109.4317010641098,0.17182672702109636,1.6877999752759933,1.7370111280017428,67.0,64.0,63.0,0.5588235294117647,1.0,0.984375,217.45089948177338,1.7122118069430974,1.7122118069430974,1798.30419921875,-0.0017390272114425898,0.03386088088154793,1336,0.8869760479041916,1.3201224948912618,0.6758982035928144,1.6410930891214215,0.0,1.3114830494342817
535,302,1079,0.767425320056899,1406,2500,161.47539472579956,1.0,6.567618403583765,69.96947360038757,91.50592112541199,0.09802415527736963,1.0932730250060558,1.4524749384986029,67.0,64.0,63.0,0.014705882352941176,1.0,1.0,161.47539472579956,1.2714598009905478,1.2714598009905478,2074.597900390625,0.0029192985966801643,0.03763815015554428,2252,0.9982238010657194,1.475137970046815,0.6771758436944938,1.4413955354995387,0.0,1.3608134778035157
34,5,1077,0.9150382327952421,1177,1812,182.4245082139969,1.0,0.17791787785245106,86.36825227737427,96.05625593662262,0.0026554907142156874,1.349503941833973,1.5492944505906874,67.0,64.0,62.0,0.0,1.0,1.0,182.4245082139969,1.4478135572539435,1.4478135572539435,3053.78662109375,5.2381004934431985e-05,0.029782818630337715,1435,1.0,1.7015119518196185,0.0,1.1260228273481285,0.0,1.1652707556735429
169,85,1076,0.8170083523158694,1317,2591,177.21982097625732,1.0,8.385815560817719,82.66886281967163,94.5509581565857,0.12516142628086147,1.2917009815573692,1.5008088596283444,67.0,64.0,63.0,0.0,1.0,1.0,177.21982097625732,1.3954316612303725,1.3954316612303725,1996.6165771484375,-0.009608598425984383,0.048358917236328125,1883,1.0,1.3341094390342485,0.002124269782262347,0.9458732795382313,0.0,1.1655139687904732
501,289,1076,0.8163884673748103,1318,3654,12.608742449432611,0.6153846153846154,6.9262798354029655,6.801704455167055,5.807037994265556,0.10337731097616366,0.10627663211198524,0.09217520625818343,67.0,64.0,63.0,0.6176470588235294,0.6153846153846154,0.4375,12.608742449432611,0.0992814366097056,0.0992814366097056,10005.125,0.006389077752828598,0.018124548718333244,2232,0.5340501792114696,1.0868303184358317,1.0,3.4602997713238426,0.30824372759856633,1.5426668431411992
134,49,1074,1.0,1074,9599,1.3929095205967315,0.13846153846153847,0.49358234924147837,1.1797823467641138,0.2131271738326177,0.007366900734947438,0.018434099168189277,0.003382971013216154,67.0,64.0,63.0,0.0,0.13846153846153847,0.0,1.3929095205967315,0.010967791500761666,0.010967791500761666,4963.5009765625,-0.002943203551694751,0.014046319760382175,893,0.7066069428891377,1.1334221093424708,0.7760358342665173,1.5192131273651612,0.0,1.1915292678455596
604,338,1068,0.7494736842105263,1425,1858,209.64409852027893,1.0,6.585183700546622,83.85738492012024,125.78671360015869,0.09977551061434276,1.3102716393768787,1.9966145015898205,66.0,64.0,63.0,0.029850746268656716,1.0,1.0,209.64409852027893,1.6507409332305427,1.6507409332305427,1421.8929443359375,-0.011728580109775066,0.040312912315130234,2161,0.014807959278111986,1.0276759001711517,1.0,3.0605916147012313,0.0,1.183709527369607
517,290,1064,0.971689497716895,1095,5653,52.898621037602425,1.0,14.921072825789452,23.781695440411568,29.116925597190857,0.2227025794893948,0.37158899125643075,0.46217342217763263,67.0,64.0,63.0,0.6911764705882353,1.0,1.0,52.898621037602425,0.4165245750992317,0.4165245750992317,1616.95751953125,-0.004490965977311134,0.0382266640663147,0,0.0,,0.0,,0.0,
761,442,1064,0.8532477947072975,1247,5865,28.192977413535118,0.4461538461538462,7.070988200604916,10.94958883523941,17.243388578295708,0.10553713732246142,0.1710873255506158,0.2737045806078684,67.0,64.0,63.0,0.058823529411764705,0.4461538461538462,1.0,28.192977413535118,0.2219919481380718,0.2219919481380718,2492.02734375,0.0007123048999346793,0.03575576841831207,2046,0.9701857282502444,1.3730689299308023,0.5513196480938416,1.5889470886056842,0.0,1.4660389451953952
593,318,1058,0.880932556203164,1201,5564,96.80414950847626,1.0,6.815596804022789,39.40966796875,57.39448153972626,0.10172532543317596,0.6157760620117188,0.9110235165035914,67.0,64.0,63.0,0.14705882352941177,1.0,1.0,96.80414950847626,0.7622373977045375,0.7622373977045375,1320.677001953125,0.0007112494786269963,0.028532451018691063,0,0.0,,0.0,,0.0,
148,68,1046,1.0,1046,3472,131.33062833547592,1.0,5.181020997464657,59.689615190029144,71.64101314544678,0.0773286716039501,0.9326502373442054,1.1371589388166154,67.0,64.0,63.0,0.014705882352941176,1.0,1.0,131.33062833547592,1.034099435712409,1.034099435712409,2851.28125,0.004839792847633362,0.02751864120364189,681,0.0,1.3563802184195561,1.0,2.164864525540725,0.0,1.3022197783504972
145,57,1038,0.9393665158371041,1105,5842,26.387499518692493,0.8769230769230769,7.643720969557762,14.316800564527512,12.070698954164982,0.11408538760533973,0.22370000882074237,0.19159839609785687,67.0,64.0,63.0,0.04411764705882353,0.8769230769230769,0.5,26.387499518692493,0.2077755867613582,0.2077755867613582,3541.74609375,3.964342249673791e-05,0.033990442752838135,1294,0.9258114374034003,1.2993463962003273,0.5293663060278208,1.5956924240546064,0.0,1.365241991266588
181,98,1022,1.0,1022,1850,87.15892577171326,0.0,14.386668533086777,44.93934142589569,42.219584345817566,0.21472639601622054,0.7021772097796202,0.6701521324732947,67.0,64.0,63.0,0.0,0.0,0.0,87.15892577171326,0.6862907541079784,0.6862907541079784,3297.0771484375,-0.036807429045438766,0.22773869335651398,1283,0.9321901792673422,1.3412395722966275,0.7607170693686672,1.5640116941928832,0.0,1.3364096602415103
58,16,1014,0.78,1300,1670,26.61783091723919,0.9538461538461539,9.932702984660864,12.520198911428452,14.097632005810738,0.14824929827852035,0.19562810799106956,0.22738116138404416,67.0,64.0,62.0,0.5441176470588235,0.9538461538461539,1.0,26.61783091723919,0.21125262632729516,0.21125262632729516,5194.94384765625,0.0037369292695075274,0.02863864041864872,1802,0.7486126526082131,1.2840882517994647,0.9506104328523862,3.143983233169076,0.0,1.3885154968467102
274,141,1013,0.7029840388619014,1441,2286,192.3412573337555,1.0,6.339796971529722,75.33538579940796,117.00587153434753,0.094623835395966,1.1771154031157494,1.8572360561007546,67.0,64.0,63.0,0.0,1.0,1.0,192.3412573337555,1.5144980892421693,1.5144980892421693,1797.355224609375,0.008341174572706223,0.04124981537461281,0,0.0,,0.0,,0.0,
37,6,1004,0.9304911955514366,1079,1255,324.217281460762,1.0,0.3550886103475932,160.53127205371857,163.68600940704346,0.005299830005187958,2.5083011258393526,2.640096925920056,67.0,64.0,62.0,0.0,1.0,1.0,324.217281460762,2.573153027466365,2.573153027466365,2455.59033203125,0.011238517239689827,0.03997623920440674,1030,0.9864077669902913,1.659767808276962,0.013592233009708738,0.8851649632412413,0.0,1.190931124730453
792,465,1002,0.9373246024321796,1069,1945,107.1615840792656,0.4307692307692308,4.698360455222428,15.00740534067154,92.15417873859406,0.07012478291376759,0.2344907084479928,1.4627647418824454,67.0,64.0,63.0,0.014705882352941176,0.4307692307692308,1.0,107.1615840792656,0.8437920006241385,0.8437920006241385,1623.430908203125,-0.005352144129574299,0.04094558209180832,1679,0.6771888028588445,1.2570372636442846,0.9261465157832043,2.233842567664327,0.0,1.2896146806766897
196,90,993,0.9118457300275482,1089,3951,168.31608736515045,1.0,11.481862723827362,78.16253864765167,90.15354871749878,0.17137108543025914,1.2212896663695574,1.431008709801568,67.0,64.0,63.0,0.0,1.0,1.0,168.31608736515045,1.3253235225602398,1.3253235225602398,2154.818115234375,-0.041498586535453796,0.21166105568408966,1527,0.839554682383759,1.299077152661031,0.8028814669286182,2.024257855237662,0.0,1.2375413246527904
159,79,988,0.9733990147783251,1015,2641,282.4343708753586,1.0,5.356062887236476,128.51673686504364,153.91763401031494,0.07994123712293248,2.008074013516307,2.443137047782777,67.0,64.0,63.0,0.0,1.0,1.0,282.4343708753586,2.2238926840579416,2.2238926840579416,1654.423095703125,0.001153486897237599,0.04432474821805954,1429,0.8698390482855144,1.2359878900661414,0.780965710286914,2.18801769798313,0.0,1.2086346095288283
597,339,980,1.0,980,2842,42.708070531487465,0.3384615384615385,1.5730912143626483,6.899554267525673,35.80851626396179,0.023834715369131034,0.10780553543008864,0.5683891470470126,66.0,64.0,63.0,0.0,0.3384615384615385,1.0,42.708070531487465,0.3362840199329722,0.3362840199329722,6143.09765625,-0.003727096365764737,0.020922867581248283,1541,0.7293964957819598,1.2358985491432117,0.954574951330305,1.7197400203979096,0.0,1.2427897239123449
567,316,978,1.0,978,2480,18.49498948920518,0.26153846153846155,3.8509054463356733,4.195249100215733,14.299740388989449,0.05747620069157722,0.06555076719087083,0.2269800061744357,67.0,64.0,63.0,0.014705882352941176,0.26153846153846155,1.0,18.49498948920518,0.1456298384976786,0.1456298384976786,5541.8125,-0.004689384251832962,0.01956089958548546,1342,0.9634873323397913,1.2442129689865316,0.5067064083457526,1.2946792164410985,0.0,1.2614653090121932
146,62,976,0.7093023255813954,1376,3653,139.04900538921356,1.0,0.0,60.90125262737274,78.14775276184082,0.0,0.9515820723026991,1.2404405200292195,67.0,64.0,63.0,0.0,1.0,1.0,139.04900538921356,1.094874058182784,1.094874058182784,1378.61669921875,0.004512712825089693,0.030702415853738785,1651,0.9757722592368262,1.4549908320487184,0.20169594185342216,1.18038933153328,0.0,1.2642742874321777
809,470,970,0.759592795614722,1277,3880,48.43359756655991,0.06153846153846154,5.724200157448649,6.926917674019933,41.50667989253998,0.08543582324550222,0.10823308865656145,0.6588361887704759,67.0,64.0,63.0,0.0,0.06153846153846154,1.0,48.43359756655991,0.38136690997291267,0.38136690997291267,973.1507568359375,0.013398136012256145,0.05257061496376991,2283,0.8948751642575559,1.3360756950694777,0.8699080157687253,2.7692004149651748,0.0,1.4533044098441559
719,424,966,0.9817073170731707,984,1887,209.42841774225235,1.0,8.942310824990273,76.42864030599594,132.9997774362564,0.13346732574612347,1.1941975047811866,2.1111075783532764,67.0,64.0,63.0,0.029411764705882353,1.0,1.0,209.42841774225235,1.6490426593878138,1.6490426593878138,1684.4769287109375,0.0028878531884402037,0.040455128997564316,1150,0.8078260869565217,1.3296404296444286,0.6373913043478261,1.588605510672336,0.0,1.1626246829311613
448,249,953,1.0,953,3782,6.312879602075554,0.15384615384615385,5.008293258026242,3.7637922775465995,2.549087324528955,0.07475064564218271,0.05880925433666562,0.040461703563951665,67.0,64.0,63.0,0.10294117647058823,0.15384615384615385,0.03125,6.312879602075554,0.04970771340216972,0.04970771340216972,4323.2744140625,0.0038460888899862766,0.022517802193760872,69,1.0,1.470915955197933,0.0,0.8617138128982369,0.0,1.0993823622158552
519,299,952,1.0,952,2149,30.136263996362686,1.0,12.400741748511791,15.14494913816452,14.991314858198166,0.18508569773898195,0.23663983028382063,0.2379573787015582,67.0,64.0,63.0,0.9558823529411765,1.0,1.0,30.136263996362686,0.23729341729419437,0.23729341729419437,4826.515625,-0.006697971373796463,0.02212398126721382,1280,0.7421875,1.1620499313513621,0.75546875,1.874566353692668,0.0,1.2447676587970216
782,455,939,1.0,939,7436,26.539891242980957,0.8615384615384616,13.344292610883713,13.157484278082848,13.38240696489811,0.19916854643110019,0.2055856918450445,0.21241915817298587,67.0,64.0,63.0,0.9558823529411765,0.8615384615384616,0.9375,26.539891242980957,0.20897552159827526,0.20897552159827526,4331.28466796875,0.010016378946602345,0.030787814408540726,0,0.0,,0.0,,0.0,
50,11,931,0.8166666666666667,1140,2990,13.001756716519594,0.9076923076923077,4.0670519806444645,7.871278494596481,5.130478221923113,0.06070226836782783,0.12298872647807002,0.08274964874069538,67.0,64.0,62.0,0.04411764705882353,0.9076923076923077,0.30158730158730157,13.001756716519594,0.10318854536920313,0.10318854536920313,7769.56787109375,-0.0025520683266222477,0.018232448026537895,1779,0.8555368184373243,1.3540719164015207,0.7335581787521079,1.672597904392187,0.0,1.3066853411225645
438,234,920,1.0,920,14102,1.2720259616617113,0.09090909090909091,1.2912861262157094,0.8878187305526808,0.38420723110903054,0.019272927256950886,0.013658749700810473,0.00609852747792112,67.0,65.0,63.0,0.058823529411764705,0.09090909090909091,0.0,1.2720259616617113,0.00993770282548212,0.00993770282548212,4884.31298828125,0.001894160290248692,0.011352197267115116,1146,1.0,1.749441419780722,0.0,0.9297821036550266,0.0,1.2988726621397544
467,255,904,0.875968992248062,1032,2666,114.54443073272705,1.0,12.678277477622032,56.974622666835785,57.569808065891266,0.18922802205406017,0.8902284791693091,0.9138064772363693,67.0,64.0,63.0,0.5,1.0,1.0,114.54443073272705,0.9019246514387956,0.9019246514387956,2581.71875,-0.008791517466306686,0.039652448147535324,61,0.0,0.944108886628435,1.0,1.5248549676938232,0.0,1.0931246311730212
573,322,901,0.9890230515916575,911,2582,173.42826849222183,1.0,13.987691096961498,69.39179855585098,104.03646993637085,0.21193471359032573,1.0842468524351716,1.651372538672553,66.0,64.0,63.0,0.2537313432835821,1.0,1.0,173.42826849222183,1.3655769172615893,1.3655769172615893,1727.66650390625,0.016614994034171104,0.046802010387182236,898,0.821826280623608,1.2215045162143883,0.7316258351893096,1.5153854939242584,0.0,1.0510749777037571
132,55,898,0.9666307857911733,929,3605,201.9850730895996,1.0,6.490035517286742,99.84630572795868,102.13876736164093,0.09686620175054839,1.5600985269993544,1.621250275581602,67.0,64.0,63.0,0.5147058823529411,1.0,1.0,201.9850730895996,1.5904336463748001,1.5904336463748001,2167.91162109375,-0.00530631048604846,0.02255188301205635,814,0.9889434889434889,1.2353171679446076,0.09828009828009827,1.1127487110431091,0.0,1.228018610572794
599,335,896,0.9431578947368421,950,1900,142.85674303770065,1.0,20.7298596650362,57.84439307451248,85.01234996318817,0.3140887828035788,0.9038186417892575,1.3494023803680661,66.0,64.0,63.0,0.6417910447761194,1.0,1.0,142.85674303770065,1.1248562443913437,1.1248562443913437,1745.98046875,0.01334216445684433,0.05541608855128288,1451,0.0,0.7846114608325804,1.0,2.967022091223092,0.0,0.9735632038612306
170,89,890,0.9877913429522752,901,1251,84.36986204981804,1.0,0.6882132317405194,51.367650866508484,33.002211183309555,0.010271839279709245,0.8026195447891951,0.5238446219572945,67.0,64.0,63.0,0.0,1.0,1.0,84.36986204981804,0.6643296224395121,0.6643296224395121,2243.1904296875,0.002139951568096876,0.0366261750459671,1086,0.7532228360957642,1.1802227281380915,0.9788213627992634,1.8852599636684895,0.0,1.2259538802376275
158,77,884,0.9757174392935982,906,1362,83.66608890891075,1.0,2.450199028942734,53.7703914642334,29.895697444677353,0.036570134760339316,0.8401623666286469,0.4745348800742437,67.0,64.0,63.0,0.0,1.0,0.953125,83.66608890891075,0.6587881016449666,0.6587881016449666,2858.48974609375,0.00666456762701273,0.038176462054252625,1697,0.48025928108426635,1.0522022613780395,0.9970536240424278,2.6847314079138735,0.0,1.281766307408995
293,151,883,0.793351302785265,1113,3475,192.4082680940628,1.0,12.941256359219551,90.47472751140594,101.93354058265686,0.19315307998835152,1.4136676173657179,1.61799270766122,67.0,64.0,63.0,0.5441176470588235,1.0,1.0,192.4082680940628,1.5150257330241166,1.5150257330241166,1263.680908203125,-0.0016766235930845141,0.03451666980981827,0,0.0,,0.0,,0.0,
63,23,874,0.7140522875816994,1224,1334,24.322881624102592,1.0,7.34486872702837,13.552809536457062,10.77007208764553,0.10962490637355776,0.2117626490071416,0.173710840123315,67.0,64.0,62.0,0.5147058823529411,1.0,0.9841269841269841,24.322881624102592,0.19303874304843327,0.19303874304843327,6992.76171875,0.0018593970453366637,0.022419966757297516,2067,0.6618287373004355,1.1719805386449405,0.9467827769714562,2.404738620878808,0.0,1.1787034815950743
490,277,864,0.7278854254422915,1187,2573,61.82278370857239,1.0,9.614056892693043,27.154320389032364,34.668463319540024,0.1434933864581051,0.4242862560786307,0.5502930685641274,67.0,64.0,63.0,0.7205882352941176,1.0,1.0,61.82278370857239,0.486793572508444,0.486793572508444,3144.664306640625,0.0051590329967439175,0.022948557510972023,1607,0.5805849408836341,1.1956635069188368,0.5606720597386434,1.839918984133345,0.0,1.0875382814385601
637,358,862,0.7065573770491803,1220,1162,71.04644826054573,0.38461538461538464,5.389111407101154,11.843127757310867,59.20332050323486,0.08165320313789627,0.1850488712079823,0.9397352460830931,66.0,64.0,63.0,0.014925373134328358,0.38461538461538464,1.0,71.04644826054573,0.559420852445242,0.559420852445242,3399.447509765625,0.006458557676523924,0.039422787725925446,1620,0.6919753086419753,1.2216511858386898,0.7283950617283951,2.5495934186373312,0.0,1.336041198204561
399,206,844,0.9055793991416309,932,4302,5.17977403086843,0.21212121212121213,3.7489039469510317,3.232378364307806,1.9473956665606238,0.05595379025300047,0.04972889791242778,0.03091104232635911,67.0,65.0,63.0,0.058823529411764705,0.21212121212121213,0.125,5.17977403086843,0.04046698461615961,0.04046698461615961,7684.23974609375,0.0033790909219533205,0.019053904339671135,0,0.0,,0.0,,0.0,
179,96,831,0.8293413173652695,1002,1786,239.7535104751587,1.0,0.21743033442180604,122.07028293609619,117.6832275390625,0.0032452288719672542,1.907348170876503,1.8679877387152777,67.0,64.0,63.0,0.0,1.0,1.0,239.7535104751587,1.8878229171272338,1.8878229171272338,2948.509765625,-0.04047850891947746,0.2174730896949768,1649,0.8186779866585809,1.2519819042509128,0.5912674348089751,1.6550525637415743,0.0,1.3116121945281032
789,463,830,0.8324974924774323,997,4694,47.50994013249874,0.676923076923077,18.392106756567955,21.655675306916237,25.854264825582504,0.27450905606817844,0.3383699266705662,0.41038515596162706,67.0,64.0,63.0,0.25,0.676923076923077,0.984375,47.50994013249874,0.37409401679132864,0.37409401679132864,2244.431640625,-0.016596771776676178,0.06398884952068329,1271,0.3941778127458694,1.1284497880242037,0.8182533438237608,2.2830959269634983,0.0,1.2759793274251658
49,14,819,0.8443298969072165,970,1067,80.4100868999958,1.0,15.001548685133457,33.11595317721367,47.294133722782135,0.2239037117184098,0.5174367683939636,0.76280860843197,67.0,64.0,62.0,0.5294117647058824,1.0,1.0,80.4100868999958,0.6381752928571095,0.6381752928571095,5842.5732421875,0.003990367986261845,0.042621348053216934,968,0.6921487603305785,1.1282781640198445,0.9132231404958677,2.147156367085201,0.0,1.2863353747637745
98,36,813,0.9344827586206896,870,1512,145.79097747802734,1.0,21.358329251408577,73.2138649225235,72.57711255550385,0.3187810336031131,1.1439666394144297,1.1520176596111722,67.0,64.0,63.0,0.8970588235294118,1.0,1.0,145.79097747802734,1.1479604525828924,1.1479604525828924,2834.39697265625,0.00478845601901412,0.05093766748905182,2557,0.885803676183027,1.2793493187386835,0.603832616347282,1.8246051132004963,0.0,1.1452319663005692
436,238,813,0.9621301775147929,845,3418,1.132389313163003,0.07692307692307693,2.7074753111228347,1.1184432221052703,0.013946091057732701,0.04041007927049007,0.017475675345394848,0.0002213665247259159,67.0,64.0,63.0,0.1323529411764706,0.07692307692307693,0.0,1.132389313163003,0.008916451284748056,0.008916451284748056,6463.9599609375,-0.0007526111439801753,0.015612260438501835,33,0.0,0.841505545265032,1.0,1.4807031580701482,0.0,1.0854911647076222
400,220,810,0.9574468085106383,846,2034,0.0,0.0,0.0,0.0,0.0,0.0,0.0,0.0,67.0,65.0,63.0,0.0,0.0,0.0,0.0,0.0,0.0,9250.400390625,6.926491187186912e-05,0.009683351032435894,152,1.0,1.331466258340708,0.0,0.9246029406701154,0.0,1.191129251726135
75,28,777,0.7521781219748306,1033,2480,5.251025570323691,0.0,4.081307597458363,2.7888860278762877,2.462139542447403,0.060915038768035265,0.043576344185566995,0.039081580038847666,67.0,64.0,63.0,0.0,0.0,0.0,5.251025570323691,0.04134665803404481,0.04134665803404481,6234.904296875,0.00027487875195220113,0.02628699317574501,737,0.0,1.7701106786384497,1.0,1.520416861949609,0.0,1.2635091469150554
823,489,758,1.0,758,4276,0.005921945907175541,0.0,0.6768462683539838,0.005921945907175541,0.0,0.010102183109760951,9.253040479961783e-05,0.0,67.0,64.0,63.0,0.0,0.0,0.0,0.005921945907175541,4.662949533209087e-05,4.662949533209087e-05,7716.3486328125,0.0025377862621098757,0.024165550246834755,1280,0.0,1.0152029334174235,1.0,3.9923072737857077,0.0,1.1383659003527602
598,334,739,1.0,739,4981,16.0015041641891,0.24615384615384617,7.41409395635128,7.831571292132139,8.169932872056961,0.11233475691441333,0.12236830143956468,0.1296814741596343,66.0,64.0,63.0,0.04477611940298507,0.24615384615384617,0.21875,16.0015041641891,0.12599609578101653,0.12599609578101653,3672.503662109375,-0.0019516360480338335,0.030145417898893356,792,0.8522727272727273,1.2553524301257193,0.2967171717171717,1.3998189507135046,0.0,1.143481617077988
398,202,719,1.0,719,10845,5.522616004222073,0.3181818181818182,3.647561300545931,2.963650687946938,2.5589653162751347,0.05444121344098404,0.04559462596841443,0.040618497083732295,67.0,65.0,63.0,0.2647058823529412,0.3181818181818182,0.15625,5.522616004222073,0.04314543753298494,0.04314543753298494,5397.1923828125,0.0012392845237627625,0.012345998547971249,0,0.0,,0.0,,0.0,
651,368,708,0.7436974789915967,952,2736,113.95781852304935,0.7692307692307693,10.693170920014381,12.972546949982643,100.98527157306671,0.1620177412123391,0.2026960460934788,1.6029408186201066,66.0,64.0,63.0,0.6567164179104478,0.7692307692307693,1.0,113.95781852304935,0.8973056576618059,0.8973056576618059,3376.854248046875,0.005616241600364447,0.02917345054447651,1349,0.7220163083765753,1.195977476687623,0.9710896960711638,2.778680564125788,0.0,1.2313351065044575
614,337,702,1.0,702,7355,14.73731280490756,0.0,8.932508178055286,7.160195466130972,7.577117338776588,0.13534103300083766,0.11187805415829644,0.12027170379010457,66.0,64.0,63.0,0.029850746268656716,0.0,0.0,14.73731280490756,0.11604183310950834,0.11604183310950834,4205.53857421875,0.0017828672425821424,0.03578101471066475,0,0.0,,0.0,,0.0,
562,307,665,1.0,665,4766,5.727016098186141,0.0,3.268435262143612,2.887207577790832,2.8398085203953087,0.04878261585288973,0.04511261840298175,0.04507632572056046,67.0,64.0,63.0,0.058823529411764705,0.0,0.0,5.727016098186141,0.04509461494634757,0.04509461494634757,3728.70947265625,0.006518977228552103,0.0245415810495615,1059,1.0,1.4710972161957276,0.06043437204910293,0.9321067850522715,0.0,1.0278727467067814
161,78,658,1.0,658,4216,165.09567445516586,1.0,0.17349360953085124,74.3876102566719,90.70806419849396,0.0025894568586694216,1.1623064102604985,1.4398105428332375,67.0,64.0,63.0,0.0,1.0,1.0,165.09567445516586,1.299965940591857,1.299965940591857,1420.026611328125,-0.0025004346389323473,0.028242330998182297,698,1.0,1.2629901043371157,0.0,1.0545723447188327,0.0,1.2165370759365044
690,402,653,1.0,653,3939,4.55300667823758,0.0,5.306254576891661,2.981148125603795,1.5718585526337847,0.07919782950584568,0.0465804394625593,0.02495013575609182,67.0,64.0,63.0,0.0,0.0,0.0,4.55300667823758,0.03585044628533527,0.03585044628533527,4587.16064453125,0.0016710887430235744,0.03087228536605835,749,1.0,1.4678196465153115,0.1375166889185581,1.0406640663155562,0.0,1.205622928987042
228,124,646,0.7887667887667887,819,688,0.01122315600514412,0.0,2.1598553633666597,0.01122315600514412,0.0,0.03223664721442776,0.00017536181258037686,0.0,67.0,64.0,63.0,0.0,0.0,0.0,0.01122315600514412,8.837130712711905e-05,8.837130712711905e-05,4452.2470703125,-0.0033254034351557493,0.04878153279423714,735,1.0,1.47183344181838,0.0,0.8760756755616745,0.0,1.2740503056886736
744,444,593,0.7127403846153846,832,1248,49.64270547032356,1.0,19.513267040252686,21.932122081518173,27.71058338880539,0.2912427916455625,0.34268940752372146,0.4398505299810379,67.0,64.0,63.0,1.0,1.0,1.0,49.64270547032356,0.390887444648217,0.390887444648217,6530.89111328125,0.0038891825824975967,0.03781946375966072,1349,1.0,1.353683791217175,0.0,0.8807467723881203,0.0,1.44330846487423
836,501,505,0.7152974504249292,706,2399,98.88705378770828,1.0,28.6792094707489,47.63365298509598,51.253400802612305,0.42804790254849107,0.7442758278921247,0.8135460444859096,67.0,64.0,63.0,0.9264705882352942,1.0,1.0,98.88705378770828,0.7786382188008526,0.7786382188008526,2663.417236328125,-0.0019256668165326118,0.056504398584365845,664,1.0,1.3889730624808279,0.0,0.9447835606984251,0.0,1.1333251113936833
715,420,488,0.8987108655616943,543,5273,16.84493462741375,0.38461538461538464,9.995481684803963,9.033790498971939,7.811144128441811,0.1491862938030442,0.14115297654643655,0.12398641473717159,67.0,64.0,63.0,0.45588235294117646,0.38461538461538464,0.203125,16.84493462741375,0.13263728053081691,0.13263728053081691,3701.658203125,0.0013149429578334093,0.03014713153243065,657,1.0,1.386463748890979,0.0,0.9065130619267495,0.0,1.1517341757081734
394,207,129,0.9084507042253521,142,1458,33.07623811066151,0.9090909090909091,12.714798346161842,16.60549682378769,16.470741286873817,0.1897731096442066,0.25546918190442597,0.261440337886886,67.0,65.0,63.0,0.8088235294117647,0.9090909090909091,1.0,33.07623811066151,0.258408110239543,0.258408110239543,4380.0673828125,-0.0027711677830666304,0.0327821783721447,1629,1.0,1.2320949596786852,0.0,0.9253009150809823,0.0,1.061386132114919
